phi0, phi, rho, Z_fit_curve, F_id, F_fr, F_ex, F_total, mu_id, mu_fr, mu_ex, mu_kT, PV_id, PV_fr, PV_ex, PV_NkT, alpha
1.0000000000000005E-4, 0.024807830071259314, 2.387324146378431E-5, 1.132259727987366, -4.28441730648884E-4, 0.0, 4.2425158709148307E-4, -4.190143557431661E-6, -8.372907936286738, 0.0, -11.997484330081072, -20.370392266367745, 9.573617310350997, 0.0, -29.76849325381991, -20.194875943467558, 6.103000000000012
1.136272545090181E-4, 0.02781589849154677, 2.7126508837606623E-5, 1.1598159448268728, -4.5567329756635917E-4, 0.0, 3.8578836353128545E-4, -6.988493403510422E-5, -8.368148846562551, 0.0, -11.648419397165652, -20.01656824372814, 8.429932332783313, 0.0, -25.87024078379579, -17.440308451011287, 6.103000000000012
1.2725450901803612E-4, 0.030814493845738707, 3.0379776211428932E-5, 1.1896229140591712, -4.828893818925055E-4, 0.0, 3.484607415286872E-4, -1.3442864036384858E-4, -8.363389756838366, 0.0, -11.299354464250234, -19.662744221088538, 7.531703693877756, 0.0, -22.769509448393784, -15.237805754514968, 6.103000000000011
1.408817635270542E-4, 0.033803616133835146, 3.363304358525125E-5, 1.2216691391157797, -5.100899836273231E-4, 0.0, 3.122687210836879E-4, -1.9782126254366534E-4, -8.358630667114182, 0.0, -10.950289531334812, -19.30892019844893, 6.807703665203202, 0.0, -20.23487063955851, -13.427166974354344, 6.103000000000011
1.545090180360722E-4, 0.03678326535583606, 3.688631095907355E-5, 1.2559431234282166, -5.372751027708119E-4, 0.0, 2.7721230219628806E-4, -2.600628005745537E-4, -8.353871577389997, 0.0, -10.601224598419396, -18.955096175809327, 6.211832847943683, 0.0, -18.11654112068868, -11.904708272744122, 6.103000000000011
1.6813627254509027E-4, 0.039753441511741476, 4.013957833289587E-5, 1.292433370428, -5.644447393229719E-4, 0.0, 2.432914848664872E-4, -3.2115325445651436E-4, -8.34911248766581, 0.0, -10.252159665503974, -18.60127215316972, 5.7129370595858715, 0.0, -16.31329670209065, -10.600359642503973, 6.103000000000011
1.817635270541083E-4, 0.04271414460155138, 4.339284570671818E-5, 1.3311283835466476, -5.915988932838031E-4, 0.0, 2.1050626909428576E-4, -3.8109262418954676E-4, -8.344353397941626, 0.0, -9.903094732588556, -18.247448130530117, 5.2892049375102115, 0.0, -14.75426929064928, -9.46506435313833, 6.103000000000011
1.9539078156312635E-4, 0.04566537462526577, 4.664611308054049E-5, 1.372016666215678, -6.187375646533055E-4, 0.0, 1.788566548796834E-4, -4.3988090977365135E-4, -8.33959430821744, 0.0, -9.554029799673136, -17.893624107890517, 4.924909930002276, 0.0, -13.388361174097934, -8.463451244094971, 6.103000000000011
2.090180360721444E-4, 0.04860713158288467, 4.98993804543628E-5, 1.4150867218666092, -6.458607534314793E-4, 0.0, 1.4834264222268018E-4, -4.975181112088279E-4, -8.334835218493255, 0.0, -9.204964866757717, -17.53980008525091, 4.6084267529088425, 0.0, -12.177800218057358, -7.569373465147876, 6.103000000000011
2.2264529058116242E-4, 0.05153941547440804, 5.315264782818511E-5, 1.4603270539309592, -6.729684596183241E-4, 0.0, 1.1896423112327636E-4, -5.540042284950767E-4, -8.33007612876907, 0.0, -8.855899933842297, -17.185976062611303, 4.330976276252809, 0.0, -11.094061831398667, -6.763085555145253, 6.103000000000011
2.362725450901805E-4, 0.054462226299835916, 5.6405915202007426E-5, 1.5077261658402463, -7.000606832138402E-4, 0.0, 9.072142158147157E-5, -6.093392616323973E-4, -8.325317039044885, 0.0, -8.506835000926879, -16.8321520399717, 4.085804750340171, 0.0, -10.115202159877661, -6.029397409536919, 6.103000000000011
2.498997995991985E-4, 0.057375564059168264, 5.965918257582973E-5, 1.557272561025988, -7.271374242180276E-4, 0.0, 6.361421359726615E-5, -6.635232106207899E-4, -8.3205579493207, 0.0, -8.157770068011459, -16.478328017332096, 3.8676315769739382, 0.0, -9.224063819462199, -5.356432242487722, 6.103000000000011
2.6352705410821655E-4, 0.06027942875240511, 6.291244994965204E-5, 1.6089547429197033, -7.54198682630886E-4, 0.0, 3.7642607170659836E-5, -7.165560754602543E-4, -8.315798859596514, 0.0, -7.808705135096039, -16.124503994692493, 3.672268418572762, 0.0, -8.407038329889513, -4.734769911316245, 6.103000000000011
2.7715430861723463E-4, 0.06317382037954647, 6.616571732347436E-5, 1.6627612149529098, -7.812444584524157E-4, 0.0, 1.2806602301652697E-5, -7.684378561507912E-4, -8.311039769872329, 0.0, -7.459640202180619, -15.770679972052886, 3.4963506742307335, 0.0, -7.653193643746786, -4.1568429695155675, 6.103000000000011
2.907815631262527E-4, 0.0660587389405923, 6.941898469729668E-5, 1.7186804805571259, -8.082747516826169E-4, 0.0, -1.0893801009755262E-5, -8.191685526923998E-4, -8.306280680148143, 0.0, -7.1105752692651985, -15.416855949413282, 3.3371444607858556, 0.0, -6.953647001626915, -3.6165025408406017, 6.103000000000011
3.044088176352707E-4, 0.06893418443554261, 7.267225207111898E-5, 1.7767010431638692, -8.352895623214889E-4, 0.0, -3.3458602763563716E-5, -8.687481650850802E-4, -8.301521590423958, 0.0, -6.761510336349781, -15.063031926773677, 3.1924054383414715, 0.0, -6.301106236985691, -3.1087007986437794, 6.103000000000011
3.180360721442887E-4, 0.07180015686439742, 7.592551944494129E-5, 1.836811406204658, -8.622888903690322E-4, 0.0, -5.48878029597731E-5, -9.171766933288328E-4, -8.296762500699773, 0.0, -6.412445403434362, -14.709207904134074, 3.0602739301716158, 0.0, -5.689529006404297, -2.629255076232259, 6.103000000000011
3.316633266533068E-4, 0.07465665622715673, 7.91787868187636E-5, 1.899000073111011, -8.892727358252468E-4, 0.0, -7.518140159838341E-5, -9.644541374236575E-4, -8.292003410975587, 0.0, -6.063380470518942, -14.35538388149447, 2.9391958982629953, 0.0, -5.1138660283430335, -2.1746701300796345, 6.103000000000011
3.452905811623248E-4, 0.07750368252382052, 8.243205419258591E-5, 1.9632555473144455, -9.162410986901326E-4, 0.0, -9.43393986793946E-5, -0.0010105804973695543, -8.287244321251402, 0.0, -5.714315537603523, -14.001559858854865, 2.827862631555081, 0.0, -4.569865122004397, -1.7420024904489286, 6.103000000000011
3.589178356713428E-4, 0.0803412357543888, 8.568532156640822E-5, 2.0295663322464796, -9.431939789636896E-4, 0.0, -1.1236179420280633E-4, -0.0010555557731665227, -8.282485231527218, 0.0, -5.365250604688104, -13.647735836215261, 2.725164173542601, 0.0, -4.053919887259178, -1.3287557137162045, 6.10300000000001
3.725450901803609E-4, 0.08316931591886158, 8.893858894023054E-5, 2.0979209313386327, -9.701313766459178E-4, 0.0, -1.2924858816861905E-4, -0.0010993799648145635, -8.277726141803031, 0.0, -5.016185671772685, -13.293911813575656, 2.6301529712541356, 0.0, -3.562951595218153, -0.9327986239636582, 6.10300000000001
3.861723446893789E-4, 0.08598792301723884, 9.219185631405283E-5, 2.168307848022421, -9.970532917368171E-4, 0.0, -1.4499978057683232E-4, -0.001142053072313676, -8.272967052078846, 0.0, -4.667120738857266, -12.940087790936053, 2.5420152207624906, 0.0, -3.094316085885657, -0.5523008651228197, 6.10300000000001
3.9979959919839695E-4, 0.0887970570495206, 9.544512368787515E-5, 2.2407155857293644, -0.0010239597242363877, 0.0, -1.5961537142744663E-4, -0.001183575095663861, -8.268207962354662, 0.0, -4.318055805941847, -12.586263768296448, 2.4600480728613756, 0.0, -2.6457297062929936, -0.1856816334312795, 6.10300000000001
4.1342685370741503E-4, 0.09159671801570686, 9.869839106169747E-5, 2.31513264789098, -0.0010508506741446298, 0.0, -1.730953607204616E-4, -0.0012239460348651176, -8.263448872630477, 0.0, -3.9689908730264256, -12.232439745656842, 2.3836413467808124, 0.0, -2.215209895864825, 0.16843145091631326, 6.10300000000001
4.270541082164331E-4, 0.0943869059157976, 1.0195165843551978E-4, 2.391547537938786, -0.001077726141461543, 0.0, -1.8543974845587738E-4, -0.0012631658899174463, -8.258689782906291, 0.0, -3.619925940111005, -11.878615723017237, 2.3122627449837787, 0.0, -1.80102714727616, 0.5112355977079311, 6.10300000000001
4.406813627254512E-4, 0.09716762074979284, 1.052049258093421E-4, 2.4699487593043017, -0.0011045861261871272, 0.0, -1.966485346336941E-4, -0.0013012346608208473, -8.253930693182106, 0.0, -3.270861007195586, -11.524791700377632, 2.2454458111929485, 0.0, -1.4016658804382052, 0.8437799307550488, 6.10300000000001
4.5430861723446916E-4, 0.09993886251769254, 1.084581931831644E-4, 2.550324815419042, -0.0011314306283213829, 0.0, -2.0672171925391152E-4, -0.0013381523475753199, -8.24917160345792, 0.0, -2.921796074280167, -11.170967677738028, 2.182780055653906, 0.0, -1.0157923581312223, 1.1669876975229752, 6.10300000000001
4.6793587174348724E-4, 0.10270063121949675, 1.1171146055698671E-4, 2.632664209714529, -0.0011582596478643098, 0.0, -2.1565930231652966E-4, -0.0013739189501808646, -8.244412513733735, 0.0, -2.572731141364748, -10.817143655098423, 2.1239028058341565, 0.0, -0.6422282078137486, 1.4816745980206922, 6.10300000000001
4.815631262525053E-4, 0.10545292685520546, 1.1496472793080903E-4, 2.716955445622278, -0.0011850731848159076, 0.0, -2.2346128382154872E-4, -0.0014085344686374812, -8.23965342400955, 0.0, -2.2236662084493273, -10.463319632458818, 2.06849244077376, 0.0, -0.2799284391046482, 1.7885640016693876, 6.10300000000001
4.951903807615233E-4, 0.10819574942481863, 1.1821799530463133E-4, 2.8031870265738084, -0.0012118712391761767, 0.0, -2.301276637689685E-4, -0.00144199890294517, -8.234894334285364, 0.0, -1.87460127553391, -10.109495609819215, 2.0162627425484367, 0.0, 0.07203690908393512, 2.088299651632641, 6.10300000000001
5.088176352705413E-4, 0.11092909892833631, 1.2147126267845364E-4, 2.8913474560006382, -0.001238653810945117, 0.0, -2.3565844215878888E-4, -0.0014743122531039306, -8.230135244561179, 0.0, -1.5255363426184911, -9.755671587179611, 1.9669581554140494, 0.0, 0.41449817223297536, 2.3814563276472875, 6.10300000000001
5.224448897795594E-4, 0.11365297536575851, 1.2472453005227596E-4, 2.9814252373342858, -0.0012654209001227287, 0.0, -2.400536189910103E-4, -0.0015054745191137634, -8.225376154836994, 0.0, -1.1764714097030684, -9.401847564540006, 1.9203497869031823, 0.0, 0.7481990531994277, 2.668548840102863, 6.10300000000001
5.360721442885774E-4, 0.11636737873708515, 1.2797779742609826E-4, 3.073408874006268, -0.0012921725067090112, 0.0, -2.4331319426563244E-4, -0.0015354857009746681, -8.220617065112808, 0.0, -0.8274064767876531, -9.048023541900402, 1.8762320188479145, 0.0, 1.0738076334656153, 2.950039652313779, 6.10300000000001
5.496993987975955E-4, 0.11907230904231633, 1.3123106479992057E-4, 3.1672868694481044, -0.0013189086307039658, 0.0, -2.454371679826553E-4, -0.001564345798686645, -8.215857975388623, 0.0, -0.47834154387223043, -8.694199519260797, 1.834419622486691, 0.0, 1.3919257465506374, 3.226345369037568, 6.10300000000001
5.633266533066135E-4, 0.12176776628145194, 1.344843321737429E-4, 3.263047727091312, -0.001345629272107591, 0.0, -2.4642554014207905E-4, -0.0015920548122496938, -8.211098885664438, 0.0, -0.12927661095681334, -8.340375496621194, 1.7947452922963565, 0.0, 1.7030969909265432, 3.4978422832231346, 6.10300000000001
5.769539078156316E-4, 0.12445375045449211, 1.377375995475652E-4, 3.36067995036741, -0.0013723344309198875, 0.0, -2.4627831074390343E-4, -0.0016186127416638147, -8.206339795940252, 0.0, 0.21978832195860934, -7.986551473981585, 1.7570575293193333, 0.0, 2.007813607377175, 3.764871136696739, 6.10300000000001
5.905811623246496E-4, 0.12713026156143672, 1.409908669213875E-4, 3.460172042707914, -0.0013990241071408548, 0.0, -2.4499547978812874E-4, -0.0016440195869290072, -8.201580706216067, 0.0, 0.5688532548740246, -7.632727451341985, 1.7212188175354293, 0.0, 2.3065224042149617, 4.027741221750617, 6.1030000000000095
6.042084168336676E-4, 0.12979729960228584, 1.4424413429520982E-4, 3.5615125075443457, -0.0014256983007704938, 0.0, -2.425770472747552E-4, -0.0016682753480452722, -8.196821616491881, 0.0, 0.9179181877894436, -7.278903428702381, 1.6871040470131715, 0.0, 2.5996298806774005, 4.286733927690791, 6.1030000000000095
6.178356713426857E-4, 0.13245486457703945, 1.4749740166903214E-4, 3.6646898483082215, -0.001452357011808804, 0.0, -2.390230132037817E-4, -0.001691380025012609, -8.192062526767698, 0.0, 1.2669831207048663, -6.925079406062773, 1.6545991457391338, 0.0, 2.8875066723001876, 4.542105818039538, 6.1030000000000095
6.314629258517037E-4, 0.13510295648569753, 1.5075066904285446E-4, 3.7696925684310596, -0.0014790002402557852, 0.0, -2.343333775752098E-4, -0.0017133336178310182, -8.18730343704351, 0.0, 1.6160480536202853, -6.5712553834231695, 1.6235998886017253, 0.0, 3.1704914206914787, 4.794091309293414, 6.1030000000000095
6.450901803607219E-4, 0.13774157532826015, 1.5400393641667678E-4, 3.876509171344378, -0.001505627986111438, 0.0, -2.2850814038903838E-4, -0.001734136126500499, -8.182544347319325, 0.0, 1.965112986535706, -6.217431360783563, 1.5940108573331988, 0.0, 3.4488941528221395, 5.042905010155541, 6.1030000000000095
6.587174348697398E-4, 0.1403707211047272, 1.5725720379049907E-4, 3.9851281604796935, -0.0015322402493757614, 0.0, -2.2154730164526746E-4, -0.0017537875510210514, -8.177785257595142, 0.0, 2.3141779194511214, -5.863607338143963, 1.5657445295492365, 0.0, 3.7229992408604526, 5.288743770409889, 6.1030000000000095
6.723446893787578E-4, 0.1429903938150988, 1.6051047116432136E-4, 4.095538039268526, -0.0015588370300487564, 0.0, -2.1345086134389748E-4, -0.0017722878913926765, -8.173026167870956, 0.0, 2.663242852366542, -5.5097833155043565, 1.5387204785700035, 0.0, 3.993068002062718, 5.531788480632919, 6.1030000000000095
6.859719438877759E-4, 0.14560059345937484, 1.637637385381437E-4, 4.207727311142395, -0.001585418328130423, 0.0, -2.0421881948492842E-4, -0.0017896371476153734, -8.168267078146771, 0.0, 3.012307785281963, -5.155959292864751, 1.5128646686174778, 0.0, 4.259340988773235, 5.772205657390904, 6.1030000000000095
6.99599198396794E-4, 0.1482013200375554, 1.67017005911966E-4, 4.321684479532815, -0.0016119841436207601, 0.0, -1.9385117606835985E-4, -0.001805835319689142, -8.163507988422584, 0.0, 3.361372718197384, -4.802135270225145, 1.488108832384455, 0.0, 4.522040010787564, 6.010148843172208, 6.1030000000000095
7.13226452905812E-4, 0.15079257354964046, 1.7027027328578832E-4, 4.437398047871307, -0.0016385344765197686, 0.0, -1.8234793109419222E-4, -0.0018208824076139827, -8.1587488986984, 0.0, 3.7104376511128008, -4.448311247585543, 1.4643899199583825, 0.0, 4.781369925874188, 6.245759845832754, 6.1030000000000095
7.268537074148301E-4, 0.15337435399563001, 1.7352354065961064E-4, 4.5548565195893875, -0.0016650693268274487, 0.0, -1.6970908456242573E-4, -0.0018347784113898955, -8.153989808974215, 0.0, 4.0595025840282215, -4.0944872249459365, 1.4416496097355616, 0.0, 5.037520228880989, 6.479169838616727, 6.1030000000000095
7.40480961923848E-4, 0.15594666137552401, 1.7677680803343293E-4, 4.674048398118575, -0.0016915886945437994, 0.0, -1.5593463647305952E-4, -0.001847523331016881, -8.14923071925003, 0.0, 4.408567516943639, -3.740663202306335, 1.4198338733399518, 0.0, 5.290666465373391, 6.7105003387135245, 6.1030000000000095
7.541082164328662E-4, 0.15850949568932252, 1.8003007540725525E-4, 4.7949621868903884, -0.001718092579668822, 0.0, -1.4102458682609424E-4, -0.0018591171664949374, -8.144471629525844, 0.0, 4.757632449859059, -3.3868391796667288, 1.3988925877152834, 0.0, 5.540971492000075, 6.939864079715534, 6.1030000000000095
7.677354709418842E-4, 0.16106285693702554, 1.8328334278107757E-4, 4.917586389336345, -0.0017445809822025152, 0.0, -1.249789356215301E-4, -0.0018695599178240666, -8.139712539801659, 0.0, 5.10669738277448, -3.033015157027123, 1.3787791885291933, 0.0, 5.7885866026301604, 7.167365791159525, 6.1030000000000095
7.813627254509023E-4, 0.16360674511863305, 1.865366101548999E-4, 5.041909508887963, -0.0017710539021448804, 0.0, -1.0779768285936625E-4, -0.0018788515850042672, -8.134953450077473, 0.0, 5.455762315689902, -2.679191134387517, 1.3594503598459406, 0.0, 6.033652536648945, 7.3931028964950505, 6.1030000000000095
7.949899799599202E-4, 0.16614116023414502, 1.8978987752872218E-4, 5.167920048976759, -0.0017975113394959159, 0.0, -8.948082853960353E-5, -0.0018869921680355409, -8.130194360353288, 0.0, 5.804827248605319, -2.325367111747915, 1.3408657557157908, 0.0, 6.2763003835519475, 7.617166139267907, 6.1030000000000095
8.086172344689382E-4, 0.1686661022835615, 1.9304314490254447E-4, 5.2956065130342544, -0.0018239532942556228, 0.0, -7.002837266224197E-5, -0.0018939816669178854, -8.125435270629103, 0.0, 6.153892181520732, -1.9715430891083163, 1.3229877499159868, 0.0, 6.516652396070672, 7.839640145986819, 6.1030000000000095
8.222444889779564E-4, 0.17118157126688247, 1.9629641227636682E-4, 5.424957404491967, -0.0018503797664240014, 0.0, -4.944031522728003E-5, -0.0018998200816513025, -8.120676180904917, 0.0, 6.502957114436157, -1.6177190664687067, 1.3057812105773134, 0.0, 6.754822722441628, 8.060603933019102, 6.103000000000009
8.358717434869743E-4, 0.1736875671841079, 1.995496796501891E-4, 5.55596122678141, -0.0018767907560010507, 0.0, -2.7716656234720322E-5, -0.0019045074122357912, -8.115917091180732, 0.0, 6.852022047351573, -1.2638950438291046, 1.2892132968563106, 0.0, 6.990918067046057, 8.280131363902521, 6.103000000000009
8.494989979959925E-4, 0.17618409003523788, 2.0280294702401143E-4, 5.688606483334108, -0.0019031862629867718, 0.0, -4.857395684560242E-6, -0.0019080436586713522, -8.111158001456547, 0.0, 7.201086980266995, -0.9100710211894986, 1.273253275177606, 0.0, 7.225038287463655, 8.498291562641414, 6.103000000000009
8.631262525050105E-4, 0.17867113982027233, 2.0605621439783375E-4, 5.822881677581574, -0.0019295662873811635, 0.0, 1.9137466423198475E-5, -0.0019104288209579844, -8.106398911732361, 0.0, 7.5501519131824155, -0.5562469985498927, 1.2578723528835174, 0.0, 7.457276934967735, 8.7151492878514, 6.103000000000009
8.767535070140286E-4, 0.18114871653921127, 2.0930948177165607E-4, 5.95877531295533, -0.0019559308291842267, 0.0, 4.42679300885567E-5, -0.00191166289909569, -8.101639822008178, 0.0, 7.899216846097836, -0.20242297591028674, 1.2430435273970275, 0.0, 7.687721744615285, 8.930765272012462, 6.103000000000009
8.903807615230465E-4, 0.18361682019205466, 2.1256274914547836E-4, 6.096275892886891, -0.001982279888395961, 0.0, 7.053399531151356E-5, -0.001911745893084467, -8.096880732283992, 0.0, 8.248281779013253, 0.15140104672931548, 1.2287414492360853, 0.0, 7.916455080332197, 9.145196529568429, 6.103000000000009
9.040080160320647E-4, 0.1860754507788026, 2.1581601651930068E-4, 6.235371920807777, -0.0020086134650163672, 0.0, 9.793566209207035E-5, -0.0019106778029243164, -8.092121642559805, 0.0, 8.597346711928674, 0.5052250693689214, 1.2149422974176716, 0.0, 8.14355433974247, 9.358496637160286, 6.103000000000009
9.176352705410827E-4, 0.188524608299455, 2.19069283893123E-4, 6.376051900149507, -0.002034931559045444, 0.0, 1.2647293043022622E-4, -0.0019084586286152363, -8.087362552835621, 0.0, 8.94641164484409, 0.8590490920085236, 1.2016236659636463, 0.0, 8.369092322926154, 9.570715988889937, 6.103000000000009
9.312625250501007E-4, 0.19096429275401192, 2.223225512669453E-4, 6.518304334343596, -0.0020612341704831917, 0.0, 1.5614580032598116E-4, -0.0019050883701572296, -8.082603463111436, 0.0, 9.295476577759512, 1.2128731146481295, 1.1887644603712497, 0.0, 8.593137568800879, 9.781902029172267, 6.103000000000009
9.448897795591187E-4, 0.1933945041424733, 2.255758186407676E-4, 6.662117726821563, -0.002087521299329611, 0.0, 1.8695427177933474E-4, -0.0019005670275502947, -8.07784437338725, 0.0, 9.644541510674928, 1.5666971372877316, 1.1763448030422294, 0.0, 8.815754662395497, 9.99209946543786, 6.103000000000009
9.585170340681369E-4, 0.19581524246483917, 2.2882908601458993E-4, 6.80748058101493, -0.0021137929455847014, 0.0, 2.188983447902887E-4, -0.0018948946007944318, -8.073085283663064, 0.0, 9.993606443590354, 1.9205211599273413, 1.1643459467790638, 0.0, 9.037004515912628, 10.201350462691828, 6.103000000000009
9.721442885771548E-4, 0.19822650772110953, 2.3208235338841222E-4, 6.954381400355209, -0.002140049109248463, 0.0, 2.5197801935884084E-4, -0.0018880710898896411, -8.06832619393888, 0.0, 10.342671376505766, 2.2743451825669396, 1.1527501955567236, 0.0, 9.256944626152062, 10.40969482170892, 6.103000000000009
9.85771543086173E-4, 0.2006282999112844, 2.3533562076223454E-4, 7.102808688273923, -0.0021662897903208965, 0.0, 2.8619329548499294E-4, -0.0018800964948359213, -8.063567104214695, 0.0, 10.691736309421191, 2.6281692052065493, 1.1415408318658913, 0.0, 9.475629310582535, 10.617170142448554, 6.103000000000009
9.99398797595191E-4, 0.20302061903536375, 2.3858888813605686E-4, 7.252750948202589, -0.0021925149888020004, 0.0, 3.2154417316874366E-4, -0.001870970815633275, -8.05880801449051, 0.0, 11.04080124233661, 2.981993227846152, 1.1307020500004419, 0.0, 9.693109924099772, 10.823811974100343, 6.1030000000000095
0.001013026052104209, 0.20540346509334756, 2.4184215550987918E-4, 7.404196683572723, -0.002218724704691776, 0.0, 3.5803065241009346E-4, -0.0018606940522817002, -8.054048924766324, 0.0, 11.38986617525203, 3.3358172504857575, 1.1202188947294445, 0.0, 9.909435058289594, 11.029653953019164, 6.1030000000000095
0.0010266533066132268, 0.2077768380852359, 2.4509542288370144E-4, 7.557134397815844, -0.0022449189379902218, 0.0, 3.9565273320904234E-4, -0.0018492662047811968, -8.049289835042138, 0.0, 11.738931108167439, 3.689641273125356, 1.1100772048533507, 0.0, 10.124650724821477, 11.234727929674953, 6.1030000000000095
0.0010402805611222448, 0.21014073801102867, 2.4834869025752373E-4, 7.711552594363468, -0.0022710976886973393, 0.0, 4.344104155655907E-4, -0.0018366872731317664, -8.044530745317953, 0.0, 12.08799604108286, 4.043465295764959, 1.1002635611965583, 0.0, 10.338800524427905, 11.439064085624587, 6.1030000000000095
0.001053907815631263, 0.21249516487072603, 2.516019576313461E-4, 7.867439776647122, -0.002297260956813129, 0.0, 4.74303699479739E-4, -0.0018229572573334068, -8.039771655593768, 0.0, 12.437060973998285, 4.397289318404568, 1.0907652386347604, 0.0, 10.551925802773974, 11.642691041408854, 6.103000000000009
0.001067535070140281, 0.21484011866432784, 2.5485522500516837E-4, 8.024784448098314, -0.002323408742337589, 0.0, 5.15332584951486E-4, -0.0018080761573861198, -8.035012565869582, 0.0, 12.786125906913702, 4.7511133410441735, 1.0815701617965672, 0.0, 10.764065794388895, 11.845635956185582, 6.103000000000009
0.001081162324649299, 0.21717559939183415, 2.581084923789907E-4, 8.183575112148569, -0.0023495410452707205, 0.0, 5.57497071980832E-4, -0.0017920439732899054, -8.030253476145397, 0.0, 13.135190839829123, 5.104937363683776, 1.0726668641152317, 0.0, 10.975257755712551, 12.0479246198279, 6.103000000000009
0.001094789579158317, 0.2195016070532449, 2.61361759752813E-4, 8.3438002722294, -0.002375657865612523, 0.0, 6.007971605677775E-4, -0.0017748607050447622, -8.025494386421212, 0.0, 13.48425577274454, 5.458761386323379, 1.0640444499385466, 0.0, 11.185537088205567, 12.249581538144229, 6.103000000000009
0.0011084168336673353, 0.22181814164856023, 2.6461502712663536E-4, 8.50544843177233, -0.0024017592033629973, 0.0, 6.452328507123226E-4, -0.0017565263526506912, -8.020735296697026, 0.0, 13.833320705659965, 5.812585408962988, 1.0556925594337605, 0.0, 11.394937452378066, 12.45063001181194, 6.103000000000009
0.0011220440881763534, 0.22412520317777998, 2.6786829450045765E-4, 8.66850809420887, -0.002427845058522142, 0.0, 6.908041424144667E-4, -0.0017370409161076923, -8.01597620697284, 0.0, 14.182385638575385, 6.1664094316025935, 1.047601336049869, 0.0, 11.603490873509092, 12.651092209559074, 6.103000000000009
0.0011356713426853712, 0.22642279164090423, 2.7112156187427994E-4, 8.832967762970542, -0.002453915431089958, 0.0, 7.375110356742085E-4, -0.0017164043954157656, -8.011217117248657, 0.0, 14.531450571490799, 6.5202334542421925, 1.0397613963224912, 0.0, 11.811227839754709, 12.85098923607731, 6.103000000000009
0.0011492985971943892, 0.22871090703793295, 2.7437482924810223E-4, 8.998815941488868, -0.0024799703210664453, 0.0, 7.853535304915512E-4, -0.0016946167905749106, -8.006458027524472, 0.0, 14.880515504406215, 6.874057476881794, 1.0321638018268744, 0.0, 12.0181773932765, 13.050341195103485, 6.103000000000009
0.0011629258517034074, 0.23098954936886626, 2.776280966219246E-4, 9.16604113319536, -0.002506009728451604, 0.0, 8.34331626866493E-4, -0.0016716781015851277, -8.001698937800285, 0.0, 15.22958043732164, 7.227881499521404, 1.0248000331028697, 0.0, 12.224367214962916, 13.249167248065895, 6.103000000000009
0.0011765531062124255, 0.23325871863370395, 2.8088136399574687E-4, 9.33463184152154, -0.0025320336532454342, 0.0, 8.844453247990338E-4, -0.001647588328446417, -7.9969398480761, 0.0, 15.57864537023706, 7.58170552216101, 1.017661965391931, 0.0, 12.42982370326301, 13.447485668655046, 6.103000000000009
0.0011901803607214435, 0.23551841483244618, 2.841346313695692E-4, 9.504576569898926, -0.0025580420954479355, 0.0, 9.356946242891737E-4, -0.0016223474711587783, -7.992180758351915, 0.0, 15.927710303152478, 7.9355295448006125, 1.0107418460409727, 0.0, 12.634572047604422, 13.6453138936455, 6.103000000000009
0.0012038076152304615, 0.2377686379650929, 2.873878987433915E-4, 9.675863821759034, -0.002584035055059108, 0.0, 9.880795253369126E-4, -0.0015959555297222119, -7.98742166862773, 0.0, 16.2767752360679, 8.289353567440218, 1.0040322734409688, 0.0, 12.838636296824781, 13.84266857026586, 6.103000000000009
0.0012174348697394795, 0.24000938803164407, 2.906411661172138E-4, 9.848482100533381, -0.0026100125320789517, 0.0, 0.0010416000279422507, -0.0015684125041367167, -7.982662578903544, 0.0, 16.625840168983316, 8.643177590079821, 0.9975261773800357, 0.0, 13.042039423007159, 14.039565600387299, 6.103000000000009
0.0012310621242484973, 0.24224066503209976, 2.938944334910361E-4, 10.02241990965349, -0.002635974526507466, 0.0, 0.0010962561321051878, -0.0015397183944022936, -7.977903489179359, 0.0, 16.974905101898727, 8.99700161271942, 0.9912168007014086, 0.0, 13.244803381075817, 14.236020181777333, 6.103000000000009
0.0012446893787575154, 0.24446246896645993, 2.971477008648584E-4, 10.197665752550874, -0.002661921038344652, 0.0, 0.001152047837825724, -0.0015098732005189436, -7.973144399455174, 0.0, 17.32397003481415, 9.350825635359024, 0.985097682166326, 0.0, 13.44694916447711, 14.432046846643535, 6.103000000000009
0.0012583166332665338, 0.24667479983472465, 3.004009682386808E-4, 10.37420813265706, -0.0026878520675905097, 0.0, 0.001208975145103861, -0.001478876922486664, -7.968385309730989, 0.0, 17.673034967729578, 9.704649657998639, 0.9791626404304158, 0.0, 13.64849685724226, 14.627659497672775, 6.103000000000009
0.0012719438877755518, 0.24887765763689385, 3.036542356125031E-4, 10.55203555340355, -0.0027137676142450383, 0.0, 0.0012670380539395961, -0.0014467295603054564, -7.9636262200068035, 0.0, 18.022099900644996, 10.058473680638244, 0.9734057590501589, 0.0, 13.849465682703512, 14.822871441753769, 6.103000000000009
0.0012855711422845697, 0.25107104237296746, 3.0690750298632537E-4, 10.731136518221877, -0.002739667678308237, 0.0, 0.0013262365643329295, -0.0014134311139753228, -7.958867130282619, 0.0, 18.37116483356041, 10.412297703277842, 0.9678213724429279, 0.0, 14.049874049111844, 15.017695421554867, 6.103000000000008
0.0012991983967935877, 0.2532549540429456, 3.1016077036014766E-4, 10.911499530543551, -0.002765552259780108, 0.0, 0.0013865706762838628, -0.0013789815834962605, -7.954108040558433, 0.0, 18.720229766475832, 10.766121725917449, 0.9624040527306277, 0.0, 14.249739592383776, 15.212143645114503, 6.103000000000008
0.0013128256513026057, 0.25542939264682823, 3.1341403773396995E-4, 11.093113093800094, -0.0027914213586606503, 0.0, 0.0014480403897923952, -0.0013433809688682694, -7.949348950834247, 0.0, 19.069294699391246, 11.119945748557047, 0.957148597402714, 0.0, 14.449079216185892, 15.4062278135887, 6.103000000000008
0.001326452905811624, 0.25759435818461535, 3.166673051077923E-4, 11.275965711423027, -0.0028172749749498637, 0.0, 0.0015106457048585284, -0.0013066292700913496, -7.944589861110062, 0.0, 19.41835963230667, 11.473769771196661, 0.952050017739679, 0.0, 14.647909129548552, 15.59995914728832, 6.103000000000008
0.001340080160320642, 0.259749850656307, 3.1992057248161464E-4, 11.460045886843861, -0.0028431131086477483, 0.0, 0.0015743866214822603, -0.0012687264871655028, -7.939830771385878, 0.0, 19.767424565222086, 11.827593793836266, 0.9471035279428647, 0.0, 14.84624488218455, 15.793348410127518, 6.103000000000008
0.00135370741482966, 0.2618958700619031, 3.2317383985543694E-4, 11.645342123494117, -0.0028689357597543037, 0.0, 0.00163926313966359, -0.0012296726200907281, -7.935071681661691, 0.0, 20.116489498137508, 12.181417816475864, 0.9423045349208278, 0.0, 15.044101397674707, 15.986405932595627, 6.103000000000008
0.001367334669338678, 0.26403241640140374, 3.2642710722925923E-4, 11.831842924805313, -0.0028947429282695307, 0.0, 0.0017052752594025186, -0.0011894676688670256, -7.930312591937506, 0.0, 20.46555443105293, 12.535241839115471, 0.9376486286864548, 0.0, 15.24149300466883, 16.179141633355375, 6.103000000000008
0.0013809619238476958, 0.26615948967480874, 3.296803746030815E-4, 12.019536794208967, -0.0029205346141934286, 0.0, 0.0017724229806990472, -0.001148111633494396, -7.925553502213321, 0.0, 20.81461936396834, 12.88906586175507, 0.9331315733226567, 0.0, 15.438433466239506, 16.371565039562253, 6.103000000000008
0.001394589178356714, 0.26827708988211835, 3.3293364197690387E-4, 12.2084122351366, -0.002946310817525998, 0.0, 0.0018407063035531758, -0.0011056045139728361, -7.920794412489136, 0.0, 21.163684296883762, 13.242889884394682, 0.9287492984777118, 0.0, 15.634936007514833, 16.563685305992642, 6.103000000000008
0.001408216432865732, 0.27038521702333246, 3.3618690935072616E-4, 12.398457751019727, -0.0029720715382672387, 0.0, 0.0019101252279649017, -0.00106194631030235, -7.916035322764951, 0.0, 21.512749229799184, 13.596713907034282, 0.9244978913544372, 0.0, 15.83101334170674, 16.755511233061267, 6.103000000000008
0.0014218436873747501, 0.272483871098451, 3.3944017672454845E-4, 12.589661845289864, -0.0029978167764171506, 0.0, 0.0019806797539342284, -0.0010171370224829352, -7.911276233040765, 0.0, 21.861814162714605, 13.950537929673887, 0.920373589159987, 0.0, 16.026677694642572, 16.947051283802644, 6.103000000000008
0.0014354709418837681, 0.27457305210747407, 3.426934440983708E-4, 12.782013021378537, -0.0030235465319757336, 0.0, 0.0020523698814611533, -9.711766505145925E-4, -7.90651714331658, 0.0, 22.210879095630027, 14.304361952313492, 0.9163727719857354, 0.0, 16.221940827899356, 17.138313599885176, 6.103000000000008
0.0014490981963927862, 0.2766527600504016, 3.459467114721931E-4, 12.975499782717254, -0.003049260804942988, 0.0, 0.002125195610545678, -9.24065194397322E-4, -7.901758053592395, 0.0, 22.559944028545438, 14.6581859749531, 0.9124919560888938, 0.0, 16.41681406063274, 17.329306016721723, 6.103000000000008
0.0014627254509018044, 0.2787229949272336, 3.4919997884601543E-4, 13.170110632737542, -0.0030749595953189135, 0.0, 0.0021991569411878038, -8.758026541311236E-4, -7.89699896386821, 0.0, 22.909008961460867, 15.012009997592704, 0.9087277875496621, 0.0, 16.611308290185764, 17.52003607773551, 6.103000000000008
0.0014763527054108224, 0.2807837567379702, 3.524532462198377E-4, 13.36583407487091, -0.00310064290310351, 0.0, 0.0022742538733875267, -8.263890297159964E-4, -7.892239874144024, 0.0, 23.258073894376288, 15.365834020232311, 0.905077036279685, 0.0, 16.80543401155622, 17.710511047835986, 6.103000000000008
0.0014899799599198402, 0.2828350454826112, 3.5570651359366E-4, 13.562658612548883, -0.0031263107282967777, 0.0, 0.002350486407144848, -7.758243211519423E-4, -7.8874807844198385, 0.0, 23.607138827291703, 15.71965804287191, 0.901536590359266, 0.0, 16.99920133579579, 17.90073792615513, 6.103000000000008
0.0015036072144288583, 0.2848768611611567, 3.589597809674823E-4, 13.760572749202982, -0.003151963070898717, 0.0, 0.00242785454245977, -7.241085284389595E-4, -7.882721694695653, 0.0, 23.956203760207114, 16.073482065511506, 0.8981034506825377, 0.0, 17.19262000740862, 18.09072345809124, 6.103000000000008
0.0015172344689378763, 0.2869092037736067, 3.622130483413046E-4, 13.959564988264717, -0.0031775999309093268, 0.0, 0.00250635827933229, -6.712416515770496E-4, -7.877962604971469, 0.0, 24.305268693122535, 16.427306088151113, 0.894774725891197, 0.0, 17.385699420812365, 18.280474146703646, 6.103000000000008
0.0015308617234468947, 0.2889320733199612, 3.65466315715127E-4, 14.159623833165615, -0.003203221308328609, 0.0, 0.0025859976177624137, -6.172236905662093E-4, -7.873203515247283, 0.0, 24.654333626037964, 16.781130110790727, 0.8915476275788305, 0.0, 17.57844863591991, 18.46999626349882, 6.103000000000007
0.0015444889779559125, 0.2909454698002202, 3.687195830889493E-4, 14.360737787337184, -0.0032288272031565615, 0.0, 0.002666772557750131, -5.620546454064429E-4, -7.868444425523098, 0.0, 25.00339855895338, 17.134954133430327, 0.8884194657491058, 0.0, 17.770876392896348, 18.659295858645535, 6.103000000000007
0.0015581162324649306, 0.2929493932143836, 3.719728504627716E-4, 14.562895354210944, -0.003254417615393185, 0.0, 0.0027486830992954495, -5.057345160977469E-4, -7.8636853357989125, 0.0, 25.352463491868797, 17.48877815606993, 0.8853876445123182, 0.0, 17.96299112614154, 18.84837877065393, 6.103000000000007
0.0015717434869739486, 0.2949438435624516, 3.752261178365939E-4, 14.76608503721842, -0.0032799925450384803, 0.0, 0.002831729242398367, -4.4826330264012646E-4, -7.858926246074727, 0.0, 25.701528424784218, 17.842602178709537, 0.8824496580057932, 0.0, 18.154800977545197, 19.03725063555107, 6.103000000000007
0.0015853707414829664, 0.296928820844424, 3.7847938521041617E-4, 14.970295339791123, -0.0033055519920924463, 0.0, 0.0029159109870588833, -3.896410050335756E-4, -7.854167156350542, 0.0, 26.050593357699633, 18.196426201349137, 0.8796030865246935, 0.0, 18.34631380905849, 19.22591689558326, 6.103000000000007
0.0015989979959919846, 0.29890432506030096, 3.817326525842385E-4, 15.175514765360576, -0.0033310959565550843, 0.0, 0.0030012283332769996, -3.2986762327809685E-4, -7.849408066626357, 0.0, 26.399658290615054, 18.55025022398874, 0.8768455928506705, 0.0, 18.53753721462272, 19.414382807473473, 6.103000000000007
0.0016126252505010027, 0.3008703562100824, 3.849859199580608E-4, 15.381731817358299, -0.003356624438426393, 0.0, 0.003087681281052714, -2.689431573736894E-4, -7.844648976902171, 0.0, 26.748723223530472, 18.904074246628348, 0.8741749187666712, 0.0, 18.728478531493227, 19.602653450259968, 6.103000000000007
0.001626252505010021, 0.30282691429376835, 3.8823918733188315E-4, 15.588934999215805, -0.0033821374377063732, 0.0, 0.0031752698303860296, -2.0686760732035493E-4, -7.839889887177986, 0.0, 27.097788156445894, 19.25789826926796, 0.8715888817469541, 0.0, 18.919144850993902, 19.790733732740936, 6.103000000000007
0.0016398797595190387, 0.30477399931135873, 3.9149245470570545E-4, 15.797112814364615, -0.003407634954395024, 0.0, 0.003263993981276943, -1.4364097311809175E-4, -7.835130797453801, 0.0, 27.44685308936131, 19.611722291907558, 0.8690853718121616, 0.0, 19.109543028735576, 19.978628400547816, 6.103000000000007
0.001653507014028057, 0.3067116112628537, 3.947457220795278E-4, 16.00625376623624, -0.0034331169884923474, 0.0, 0.0033538537337254566, -7.926325476690158E-5, -7.830371707729616, 0.0, 27.795918022276737, 19.965546314547165, 0.8666623485398817, 0.0, 19.299679694329082, 20.166342042869033, 6.103000000000007
0.001667134268537075, 0.30863975014825307, 3.979989894533501E-4, 16.216346358262207, -0.003458583539998341, 0.0, 0.0034448490877315692, -1.3734452266782674E-5, -7.82561261800543, 0.0, 28.144982955192155, 20.319370337186772, 0.864317838221834, 0.0, 19.489561260621887, 20.353879098843795, 6.103000000000007
0.001680761523046093, 0.31055841596755696, 4.012522568271724E-4, 16.42737909387403, -0.003484034608913006, 0.0, 0.00353698004329528, 5.294543438226322E-5, -7.820853528281245, 0.0, 28.49404788810757, 20.673194359826375, 0.8620499311593615, 0.0, 19.679193932485514, 20.54124386364495, 6.103000000000007
0.0016943887775551108, 0.3124676087207653, 4.0450552420099467E-4, 16.639340476503225, -0.003509470195236341, 0.0, 0.003630246600416588, 1.2077640518023611E-4, -7.81609443855706, 0.0, 28.843112821022984, 21.027018382465975, 0.8598567790894049, 0.0, 19.868583715178794, 20.728440494268277, 6.103000000000007
0.001708016032064129, 0.31436732840787823, 4.07758791574817E-4, 16.852219009581322, -0.003534890298968349, 0.0, 0.0037246487590954997, 1.8975846012713946E-4, -7.811335348832874, 0.0, 29.192177753938413, 21.380842405105582, 0.8577365927337236, 0.0, 20.057736422310892, 20.91547301504469, 6.103000000000007
0.0017216432865731473, 0.3162575750288956, 4.1101205894863936E-4, 17.06600319653983, -0.003560294920109028, 0.0, 0.003820186519332011, 2.5989159922297327E-4, -7.80657625910869, 0.0, 29.541242686853835, 21.734666427745196, 0.8556876394644835, 0.0, 20.246657683426022, 21.102345322890585, 6.103000000000008
0.0017352705410821653, 0.3181383485838174, 4.1426532632246165E-4, 17.280681540810264, -0.0035856840586583776, 0.0, 0.003916859881126118, 3.311758224677306E-4, -7.8018171693845035, 0.0, 29.890307619769253, 22.088490450384793, 0.8537082410798571, 0.0, 20.435352951230914, 21.289061192310836, 6.103000000000008
0.0017488977955911831, 0.32000964907264373, 4.1751859369628394E-4, 17.49624254582414, -0.003611057714616398, 0.0, 0.004014668844477824, 4.036111298614149E-4, -7.797058079660318, 0.0, 30.239372552684667, 22.442314473024393, 0.8517967716836055, 0.0, 20.623827508484265, 21.475624280167942, 6.103000000000008
0.0017625250501002011, 0.32187147649537456, 4.2077186107010624E-4, 17.712674715012984, -0.0036364158879830903, 0.0, 0.00411361340938713, 4.7719752140403145E-4, -7.792298989936133, 0.0, 30.58843748560009, 22.796138495663996, 0.8499516556630371, 0.0, 20.812086474566712, 21.66203813022981, 6.103000000000007
0.0017761523046092192, 0.3237238308520099, 4.2402512844392853E-4, 17.92996655180831, -0.0036617585787584537, 0.0, 0.004213693575854036, 5.519349970955732E-4, -7.787539900211948, 0.0, 30.93750241851551, 23.149962518303603, 0.8481713657600408, 0.0, 21.000134811748218, 21.848306177508324, 6.103000000000007
0.0017897795591182374, 0.32556671214254973, 4.272783958177509E-4, 18.148106559641644, -0.0036870857869424883, 0.0, 0.004314909343878542, 6.278235569360437E-4, -7.782780810487763, 0.0, 31.28656735143093, 23.50378654094321, 0.8464544212302437, 0.0, 21.18797733116929, 22.0344317523996, 6.103000000000007
0.0018034068136272554, 0.327400120366994, 4.305316631915732E-4, 18.3670832419445, -0.003712397512535194, 0.0, 0.0044172607134606474, 7.04863200925443E-4, -7.778021720763578, 0.0, 31.63563228434635, 23.857610563582817, 0.8447993860856348, 0.0, 21.37561869855091, 22.22041808463661, 6.103000000000007
0.0018170340681362735, 0.32922405552534284, 4.337849305653955E-4, 18.58688510214839, -0.003737693755536571, 0.0, 0.00452074768460035, 7.830539290637675E-4, -7.773262631039392, 0.0, 31.984697217261772, 24.21143458622242, 0.8432048674162569, 0.0, 21.563063439647586, 22.40626830706391, 6.103000000000007
0.0018306613226452915, 0.3310385176175961, 4.370381979392178E-4, 18.807500643684836, -0.0037629745159466193, 0.0, 0.004625370257297651, 8.623957413510241E-4, -7.768503541315207, 0.0, 32.333762150177186, 24.565258608862028, 0.8416695137868649, 0.0, 21.750315945456805, 22.591985459243734, 6.103000000000007
0.0018442885771543093, 0.3328435066437539, 4.402914653130401E-4, 19.02891836998535, -0.003788239793765338, 0.0, 0.004731128431552552, 9.428886377872044E-4, -7.7637444515910214, 0.0, 32.6828270830926, 24.919082631501627, 0.8401920137046667, 0.0, 21.937380477197575, 22.777572490902315, 6.103000000000007
0.0018579158316633275, 0.33463902260381617, 4.4354473268686244E-4, 19.251126784481468, -0.0038134895889927294, 0.0, 0.004838022207365054, 0.001024532618372315, -7.758985361866837, 0.0, 33.03189201600803, 25.27290665414123, 0.8387710941544985, 0.0, 22.124261171069904, 22.96303226522447, 6.103000000000007
0.0018715430861723456, 0.3364250654977829, 4.4679800006068473E-4, 19.47411439060469, -0.003838723901628791, 0.0, 0.0049460515847351534, 0.0011073276831063562, -7.754226272142651, 0.0, 33.38095694892345, 25.626730676780838, 0.837405519197977, 0.0, 22.3109620428062, 23.148367562004236, 6.103000000000007
0.0018851703406813636, 0.33820163532565417, 4.50051267434507E-4, 19.697869691786536, -0.0038639427316735243, 0.0, 0.005055216563662853, 0.0011912738319893208, -7.749467182418465, 0.0, 33.73002188183886, 25.980554699420438, 0.8360940886334322, 0.0, 22.49748699202544, 23.333581080658927, 6.103000000000007
0.0018987975951903816, 0.3399687320874299, 4.5330453480832937E-4, 19.92238119145854, -0.0038891460791269285, 0.0, 0.005165517144148152, 0.001276371065021216, -7.744708092694281, 0.0, 34.079086814754284, 26.33437872206004, 0.8348356367135333, 0.0, 22.683839806399764, 23.518675443113356, 6.103000000000007
0.0019124248496993996, 0.34172635578311017, 4.5655780218215166E-4, 20.147637393052204, -0.003914333943989004, 0.0, 0.00527695332619105, 0.001362619382202038, -7.7399490029700955, 0.0, 34.4281517476697, 26.688202744699648, 0.8336290309177414, 0.0, 22.870024165642924, 23.70365319656073, 6.103000000000007
0.0019260521042084179, 0.34347450641269484, 4.59811069555974E-4, 20.37362679999905, -0.003939506326259752, 0.0, 0.005389525109791548, 0.001450018783531789, -7.73518991324591, 0.0, 34.77721668058512, 27.042026767339255, 0.8324731707768741, 0.0, 23.056043645329463, 23.888516816106396, 6.103000000000007
0.0019396793587174359, 0.34521318397618406, 4.630643369297963E-4, 20.6003379157306, -0.0039646632259391695, 0.0, 0.005503232494949644, 0.0015385692690104667, -7.730430823521726, 0.0, 35.126281613500545, 27.39585078997886, 0.8313669867472151, 0.0, 23.241901720552814, 24.07326870730009, 6.103000000000007
0.0019533066132264537, 0.3469423884735778, 4.663176043036186E-4, 20.82775924367836, -0.003989804643027258, 0.0, 0.005618075481665337, 0.0016282708386380733, -7.725671733797539, 0.0, 35.475346546415956, 27.74967481261846, 0.8303094391317642, 0.0, 23.427601769430403, 24.25791120856222, 6.103000000000007
0.0019669338677354717, 0.34866211990487594, 4.695708716774409E-4, 21.055879287273868, -0.004014930577524018, 0.0, 0.005734054069938633, 0.001719123492414605, -7.720912644073354, 0.0, 35.82441147933138, 28.103498835258065, 0.8292995170463132, 0.0, 23.613147076462955, 24.442446593509327, 6.103000000000007
0.0019805611222444897, 0.3503723782700786, 4.728241390512632E-4, 21.284686549948624, -0.00404004102942945, 0.0, 0.005851168259769528, 0.0018111272303400709, -7.716153554349169, 0.0, 36.17347641224679, 28.45732285789767, 0.8283362374282156, 0.0, 23.798540835755105, 24.626877073183387, 6.103000000000007
0.001994188376753508, 0.35207316356918583, 4.760774064250856E-4, 21.51416953513416, -0.004065135998743553, 0.0, 0.005969418051158024, 0.0019042820524144636, -7.711394464624984, 0.0, 36.522541345162225, 28.811146880537283, 0.8274186440858002, 0.0, 23.983786154104124, 24.811204798189973, 6.103000000000006
0.0020078156312625262, 0.3537644758021975, 4.7933067379890787E-4, 21.74431674626199, -0.004090215485466327, 0.0, 0.006088803444104116, 0.00199858795863778, -7.706635374900798, 0.0, 36.87160627807764, 29.16497090317689, 0.8265458067864855, 0.0, 24.16888605396252, 24.995431860749072, 6.103000000000006
0.002021442885771544, 0.3554463149691136, 4.8258394117273016E-4, 21.97511668676362, -0.0041152794895977715, 0.0, 0.006209324438607802, 0.0020940449490100214, -7.7018762851766125, 0.0, 37.22067121099305, 29.51879492581648, 0.8257168203817812, 0.0, 24.353843476281277, 25.179560296663116, 6.103000000000006
0.002035070140280562, 0.3571186810699342, 4.8583720854655245E-4, 22.206557860070582, -0.004140328011137888, 0.0, 0.006330981034669094, 0.0021906530235311986, -7.697117195452428, 0.0, 37.569736143908464, 29.872618948456086, 0.8249308039674551, 0.0, 24.53866128323842, 25.363592087205934, 6.103000000000006
0.0020486973947895803, 0.3587815741046595, 4.890904759203748E-4, 22.438628769614393, -0.004165361050086676, 0.0, 0.006453773232287988, 0.0022884121822013027, -7.692358105728243, 0.0, 37.918801076823904, 30.2264429710957, 0.8241869000772012, 0.0, 24.723342260858992, 25.547529160936243, 6.103000000000006
0.0020623246492985983, 0.36043499407328905, 4.923437432941971E-4, 22.671317918826567, -0.004190378606444135, 0.0, 0.006577701031464476, 0.0023873224250203304, -7.687599016004057, 0.0, 38.267866009739315, 30.580266993735304, 0.8234842739082877, 0.0, 24.907889121530935, 25.73137339543929, 6.103000000000006
0.0020759519038076163, 0.36207894097582316, 4.955970106680195E-4, 22.904613811138624, -0.004215380680210265, 0.0, 0.006702764432198564, 0.002487383751988292, -7.682839926279872, 0.0, 38.61693094265474, 30.934091016374904, 0.8228221125777017, 0.0, 25.092304506422103, 25.915126618999857, 6.103000000000006
0.0020895791583166344, 0.3637134148122618, 4.988502780418417E-4, 23.138504949982075, -0.004240367271385066, 0.0, 0.006828963434490252, 0.0025885961631051807, -7.6780808365556865, 0.0, 38.96599587557016, 31.28791503901451, 0.8221996244073912, 0.0, 25.276590987802482, 26.098790612209925, 6.103000000000006
0.0021032064128256524, 0.3653384155826049, 5.021035454156641E-4, 23.372979838788453, -0.004265338379968539, 0.0, 0.006956298038339537, 0.002690959658370991, -7.673321746831501, 0.0, 39.315060808485576, 31.641739061654114, 0.8216160382373094, 0.0, 25.460751071276302, 26.282367109513658, 6.103000000000006
0.002116833667334671, 0.36695394328685255, 5.053568127894864E-4, 23.608026980989266, -0.004290294005960683, 0.0, 0.007084768243746427, 0.0027944742377857355, -7.668562657107317, 0.0, 39.66412574140101, 31.995563084293728, 0.8210706027649824, 0.0, 25.644787197927794, 26.46585780069283, 6.103000000000006
0.0021304609218436884, 0.3685599979250046, 5.086100801633087E-4, 23.843634880016022, -0.004315234149361497, 0.0, 0.007214374050710908, 0.0028991399013494033, -7.66380356738313, 0.0, 40.01319067431641, 32.34938710693332, 0.8205625859104226, 0.0, 25.828701746384713, 26.64926433229519, 6.103000000000006
0.0021440881763527065, 0.3701565794970611, 5.11863347537131E-4, 24.079792039300266, -0.0043401588101709835, 0.0, 0.007345115459232994, 0.0030049566490620034, -7.659044477658945, 0.0, 40.36225560723184, 32.70321112957293, 0.8200912742052651, 0.0, 26.01249703480314, 26.832588309008454, 6.103000000000006
0.0021577154308617245, 0.3717436880030222, 5.151166149109532E-4, 24.316486962273487, -0.004365067988389141, 0.0, 0.007476992469312675, 0.003111924480923527, -7.6542853879347605, 0.0, 40.711320540147256, 33.057035152212535, 0.8196559722050536, 0.0, 26.19617532277701, 27.015831294982117, 6.103000000000006
0.0021713426853707425, 0.3733213234428877, 5.183698822847756E-4, 24.55370815236722, -0.004389961684015969, 0.0, 0.007610005080949961, 0.0032200433969339845, -7.649526298210575, 0.0, 41.06038547306267, 33.410859174852135, 0.8192560019236493, 0.0, 26.379738813175763, 27.198994815099468, 6.103000000000006
0.0021849699398797605, 0.3748894858166578, 5.216231496585979E-4, 24.791444113013, -0.004414839897051469, 0.0, 0.0077441532941448414, 0.003329313397093364, -7.64476720848639, 0.0, 41.40945040597809, 33.764683197491735, 0.8188907022888113, 0.0, 26.563189653913334, 27.382080356202195, 6.103000000000006
0.0021985971943887786, 0.3764481751243323, 5.248764170324202E-4, 25.029683347642305, -0.004439702627495641, 0.0, 0.007879437108897321, 0.0034397344814016736, -7.640008118762205, 0.0, 41.75851533889351, 34.11850722013135, 0.8185594286180227, 0.0, 26.746529939651175, 27.565089368269255, 6.103000000000006
0.0022122244488977966, 0.37799739136591126, 5.281296844062425E-4, 25.268414359686677, -0.004464549875348483, 0.0, 0.008015856525207404, 0.003551306649858912, -7.635249029038019, 0.0, 42.10758027180893, 34.47233124277094, 0.8182615521136882, 0.0, 26.92976171343847, 27.748023265552206, 6.103000000000006
0.002225851703406815, 0.3795371345413948, 5.313829517800649E-4, 25.50762565257763, -0.004489381640609998, 0.0, 0.008153411543075084, 0.003664029902465081, -7.630489939313834, 0.0, 42.45664520472436, 34.826155265410556, 0.8179964593768712, 0.0, 27.11288696829205, 27.930883427668967, 6.103000000000006
0.0022394789579158326, 0.38106740465078287, 5.346362191538871E-4, 25.747305729746678, -0.004514197923280182, 0.0, 0.00829210216250036, 0.0037779042392201735, -7.625730849589648, 0.0, 42.805710137639764, 35.179979288050156, 0.8177635519387974, 0.0, 27.295907648718607, 28.113671200657446, 6.103000000000006
0.0022531062124248507, 0.38258820169407537, 5.378894865277094E-4, 25.98744309462536, -0.004538998723359037, 0.0, 0.00843192838348324, 0.0038929296601241947, -7.620971759865464, 0.0, 43.15477507055519, 35.533803310689756, 0.817562245809344, 0.0, 27.47882565218174, 28.296387897991128, 6.103000000000006
0.0022667334669338687, 0.38409952567127226, 5.411427539015317E-4, 26.228026250645158, -0.004563784040846564, 0.0, 0.008572890206023719, 0.004009106165177148, -7.616212670141278, 0.0, 43.5038400034706, 35.88762733332937, 0.8173919710418259, 0.0, 27.66164283051599, 28.47903480155787, 6.103000000000006
0.002280360721442887, 0.3856013765823738, 5.443960212753541E-4, 26.46904370123763, -0.0045885538757427635, 0.0, 0.008714987630121795, 0.004126433754379023, -7.611453580417092, 0.0, 43.85290493638603, 36.241451355968984, 0.8172521713133821, 0.0, 27.844360991290273, 28.661613162603707, 6.103000000000006
0.0022939879759519047, 0.3870937544273797, 5.476492886491764E-4, 26.710483949834256, -0.004613308228047632, 0.0, 0.008858220655777467, 0.004244912427729831, -7.606694490692908, 0.0, 44.20196986930144, 36.59527537860856, 0.8171423035203187, 0.0, 28.02698189912253, 28.844124202642885, 6.103000000000006
0.002307615230460923, 0.3885766592062903, 5.509025560229987E-4, 26.95233549986659, -0.0046380470977611735, 0.0, 0.009002589282990747, 0.004364542185229567, -7.601935400968722, 0.0, 44.55103480221687, 36.949099401248176, 0.817061837387795, 0.0, 28.209507276948113, 29.026569114335953, 6.103000000000006
0.002321242484969941, 0.39005009091910525, 5.541558233968211E-4, 27.194586854766122, -0.004662770484883385, 0.0, 0.009148093511761619, 0.004485323026878228, -7.597176311244537, 0.0, 44.90009973513229, 37.30292342388779, 0.8170102550932452, 0.0, 28.39193880724319, 29.208949062336483, 6.103000000000006
0.002334869739478959, 0.3915140495658246, 5.574090907706433E-4, 27.437226517964376, -0.0046874783894142675, 0.0, 0.009294733342090088, 0.004607254952675815, -7.5924172215203525, 0.0, 45.2491646680477, 37.656747446527376, 0.816987050903006, 0.0, 28.5742781332054, 29.39126518410845, 6.103000000000006
0.0023484969939879773, 0.3929685351464486, 5.606623581444657E-4, 27.68024299289288, -0.0047121708113538234, 0.0, 0.009442508773976163, 0.004730337962622337, -7.587658131796166, 0.0, 45.59822960096312, 38.010571469167004, 0.8169917308215757, 0.0, 28.756526859893576, 29.573518590715206, 6.103000000000006
0.002362124248496995, 0.3944135476609769, 5.639156255182879E-4, 27.92362478298314, -0.004736847750702048, 0.0, 0.009591419807419833, 0.004854572056717778, -7.582899042071981, 0.0, 45.94729453387854, 38.36439549180659, 0.8170238122530246, 0.0, 28.938686555327713, 29.75571036758078, 6.103000000000006
0.0023757515030060133, 0.39584908710940997, 5.671688928921102E-4, 28.16736039166669, -0.0047615092074589456, 0.0, 0.009741466442421107, 0.0049799572349621575, -7.578139952347796, 0.0, 46.296359466793966, 38.718219514446204, 0.8170828236740596, 0.0, 29.120758751551325, 29.937841575225427, 6.103000000000006
0.002389378757515031, 0.3972751534917473, 5.704221602659325E-4, 28.411438322375034, -0.004786155181624513, 0.0, 0.009892648678979973, 0.005106493497355456, -7.573380862623611, 0.0, 46.64542439970937, 39.0720435370858, 0.8171683043182774, 0.0, 29.302744945657324, 30.11991324997565, 6.103000000000006
0.002403006012024049, 0.39869174680798913, 5.736754276397548E-4, 28.6558470785397, -0.004810785673198752, 0.0, 0.010044966517096441, 0.005234180843897686, -7.568621772899425, 0.0, 46.994489332624795, 39.4258675597254, 0.8172798038711455, 0.0, 29.484646600779083, 30.301926404650267, 6.103000000000006
0.002416633266533068, 0.40009886705813563, 5.769286950135773E-4, 28.9005751635922, -0.004835400682181664, 0.0, 0.01019841995677052, 0.005363019274588852, -7.563862683175239, 0.0, 47.343554265540234, 39.779691582365025, 0.8174168821753242, 0.0, 29.66646514704785, 30.483882029223214, 6.103000000000006
0.0024302605210420854, 0.40149651424218646, 5.801819623873995E-4, 29.14561108096405, -0.004860000208573244, 0.0, 0.010353008998002181, 0.0054930087894289326, -7.559103593451055, 0.0, 47.692619198455645, 40.133515605004625, 0.8175791089458887, 0.0, 29.84820198251803, 30.665781091463963, 6.103000000000006
0.0024438877755511034, 0.4028846883601419, 5.834352297612219E-4, 29.390943334086778, -0.004884584252373498, 0.0, 0.01050873364079145, 0.0056241493884179455, -7.5543445037268695, 0.0, 48.04168413137106, 40.487339627644225, 0.8177660634950906, 0.0, 30.02985847406154, 30.847624537556673, 6.103000000000006
0.0024575150300601215, 0.40426338941200174, 5.866884971350441E-4, 29.63656042639188, -0.004909152813582422, 0.0, 0.010665593885138314, 0.005756441071555891, -7.549585414002684, 0.0, 48.390749064286474, 40.84116365028384, 0.8179773344662542, 0.0, 30.211435958232336, 31.029413292698635, 6.103000000000005
0.0024711422845691395, 0.40563261739776607, 5.899417645088664E-4, 29.882450861310904, -0.004933705892200017, 0.0, 0.010823589731042776, 0.005889883838842758, -7.544826324278499, 0.0, 48.7398139972019, 41.19498767292343, 0.8182125195765148, 0.0, 30.392935742102352, 31.21114826167891, 6.103000000000005
0.002484769539078157, 0.4069923723174348, 5.931950318826887E-4, 30.128603142275345, -0.0049582434882262825, 0.0, 0.01098272117850484, 0.006024477690278553, -7.540067234554313, 0.0, 49.0888789301173, 41.54881169556303, 0.8184712253679767, 0.0, 30.57435910406994, 31.392830329437963, 6.103000000000005
0.0024983967935871755, 0.4083426541710082, 5.96448299256511E-4, 30.37500577271673, -0.004982765601661221, 0.0, 0.011142988227524506, 0.006160222625863285, -7.535308144830128, 0.0, 49.437943863032736, 41.902635718202646, 0.8187530669670601, 0.0, 30.755707294641912, 31.574460361609006, 6.103000000000005
0.0025120240480961935, 0.4096834629584861, 5.997015666303334E-4, 30.621647256066588, -0.00500727223250483, 0.0, 0.011304390878101771, 0.006297118645596938, -7.5305490551059435, 0.0, 49.787008795948154, 42.256459740842246, 0.8190576678516445, 0.0, 30.936981537189965, 31.756039205041656, 6.103000000000005
0.0025256513026052116, 0.4110147986798684, 6.029548340041556E-4, 30.868516095756412, -0.00503176338075711, 0.0, 0.011466929130236631, 0.00643516574947952, -7.525789965381758, 0.0, 50.13607372886357, 42.610283763481846, 0.8193846596257757, 0.0, 31.118183028682868, 31.93756768830868, 6.103000000000005
0.0025392785571142296, 0.4123366613351552, 6.06208101377978E-4, 31.115600795217745, -0.005056239046418062, 0.0, 0.011630602983929093, 0.00657436393751103, -7.521030875657572, 0.0, 50.485138661779, 42.96410778612146, 0.8197336818016101, 0.0, 31.29931294039479, 32.11904662219644, 6.103000000000005
0.0025529058116232476, 0.41364905092434645, 6.094613687518003E-4, 31.362889857882088, -0.005080699229487684, 0.0, 0.011795412439179153, 0.006714713209691466, -7.516271785933387, 0.0, 50.83420359469441, 43.31793180876105, 0.8201043815883478, 0.0, 31.480372418591152, 32.30047680017954, 6.103000000000005
0.002566533066132266, 0.4149519674474422, 6.127146361256227E-4, 31.610371787180974, -0.005105143929965979, 0.0, 0.011961357495986816, 0.006856213566020838, -7.511512696209202, 0.0, 51.18326852760984, 43.67175583140067, 0.8204964136879037, 0.0, 31.661362585192602, 32.481858998880526, 6.103000000000005
0.002580160320641284, 0.4162454109044426, 6.15967903499445E-4, 31.8580350865459, -0.0051295731478529435, 0.0, 0.012128438154352076, 0.006998865006499131, -7.506753606485017, 0.0, 51.53233346052526, 44.02557985404028, 0.8209094400970277, 0.0, 31.84228453841774, 32.66319397851481, 6.103000000000005
0.0025937875751503017, 0.41752938129534733, 6.192211708732672E-4, 32.105868259408396, -0.00515398688314858, 0.0, 0.01229665441427493, 0.007142667531126346, -7.501994516760832, 0.0, 51.88139839344067, 44.379403876679866, 0.8213431299156875, 0.0, 32.023139353405966, 32.84448248332169, 6.103000000000005
0.00260741482965932, 0.4188038786201566, 6.224744382470896E-4, 32.353859809199996, -0.005178385135852888, 0.0, 0.01246600627575539, 0.0072876211399025, -7.497235427036646, 0.0, 52.230463326356094, 44.73322789931948, 0.8217971591614416, 0.0, 32.20392808282046, 33.02572524198193, 6.103000000000005
0.0026210420841683377, 0.4200689028788703, 6.257277056209118E-4, 32.601998239352184, -0.005202767905965865, 0.0, 0.012636493738793443, 0.007433725832827576, -7.4924763373124605, 0.0, 52.57952825927151, 45.08705192195908, 0.8222712105896093, 0.0, 32.38465175743242, 33.206922968022056, 6.103000000000005
0.0026346693386773558, 0.4213244540714885, 6.289809729947342E-4, 32.850272053296514, -0.005227135193487515, 0.0, 0.0128081168033891, 0.007580981609901581, -7.487717247588276, 0.0, 52.928593192186916, 45.44087594459867, 0.8227649735190331, 0.0, 32.56531138668733, 33.3880763602064, 6.103000000000006
0.002648296593186374, 0.42257053219801133, 6.322342403685564E-4, 33.09866975446447, -0.005251486998417836, 0.0, 0.012980875469542354, 0.007729388471124515, -7.482958157864091, 0.0, 53.27765812510234, 45.79469996723827, 0.8232781436632022, 0.0, 32.74590795925361, 33.569186102916845, 6.103000000000006
0.002661923847695392, 0.4238071372584385, 6.354875077423787E-4, 33.3471798462876, -0.005275823320756829, 0.0, 0.013154769737253207, 0.00787894641649638, -7.478199068139904, 0.0, 53.62672305801776, 46.14852398987789, 0.8238104229665716, 0.0, 32.92644244355439, 33.75025286652099, 6.103000000000006
0.0026755511022044107, 0.4250342692527703, 6.387407751162012E-4, 33.595790832197416, -0.005300144160504494, 0.0, 0.013329799606521671, 0.008029655446017175, -7.473439978415719, 0.0, 53.975787990933206, 46.502348012517515, 0.8243615194458789, 0.0, 33.10691578828312, 33.93127730772902, 6.103000000000006
0.0026891783567134283, 0.42625192818100643, 6.419940424900234E-4, 33.84449121562542, -0.0053244495176608285, 0.0, 0.013505965077347718, 0.008181515559686891, -7.468680888691535, 0.0, 54.32485292384862, 46.8561720351571, 0.8249311470363047, 0.0, 33.287328922903384, 34.11226006993971, 6.103000000000005
0.0027028056112224463, 0.4274601140431471, 6.452473098638458E-4, 34.09326950000314, -0.005348739392225834, 0.0, 0.01368326614973137, 0.008334526757505536, -7.463921798967349, 0.0, 54.673917856764035, 47.209996057796715, 0.8255190254422499, 0.0, 33.46768275813389, 34.293201783576166, 6.103000000000005
0.0027164328657314643, 0.4286588268391924, 6.48500577237668E-4, 34.34211418876208, -0.005373013784199511, 0.0, 0.013861702823672621, 0.008488689039473106, -7.459162709243164, 0.0, 55.02298278967944, 47.56382008043631, 0.8261248799926462, 0.0, 33.64797818641837, 34.474103066411054, 6.103000000000005
0.0027300601202404824, 0.429848066569142, 6.517538446114904E-4, 34.591013785333786, -0.00539727269358186, 0.0, 0.014041275099171472, 0.008644002405589612, -7.4544036195189785, 0.0, 55.372047722594864, 47.91764410307591, 0.8267484415005723, 0.0, 33.82821608238189, 34.65496452388249, 6.103000000000005
0.0027436873747495, 0.4310278332329961, 6.550071119853126E-4, 34.83995679314976, -0.005421516120372879, 0.0, 0.014221982976227916, 0.008800466855855036, -7.449644529794793, 0.0, 55.72111265551027, 48.27146812571551, 0.8273894461270543, 0.0, 34.00839730327327, 34.83578674940036, 6.103000000000005
0.0027573146292585184, 0.43219812683075476, 6.58260379359135E-4, 35.08893171564152, -0.00544574406457257, 0.0, 0.014403826454841968, 0.0089580823902694, -7.444885440070608, 0.0, 56.07017758842571, 48.62529214835512, 0.8280476352489228, 0.0, 34.18852268939449, 35.01657032464343, 6.103000000000005
0.0027709418837675364, 0.43335894736241787, 6.615136467329573E-4, 35.33792705624059, -0.005469956526180932, 0.0, 0.014586805535013616, 0.009116849008832684, -7.440126350346423, 0.0, 56.419242521341125, 48.979116170994736, 0.8287227553305563, 0.0, 34.36859306451733, 35.197315819847915, 6.103000000000005
0.002784569138276554, 0.4345102948279856, 6.647669141067795E-4, 35.586931318378475, -0.005494153505197965, 0.0, 0.014770920216742858, 0.009276766711544895, -7.435367260622238, 0.0, 56.76830745425653, 49.33294019363432, 0.8294145577993924, 0.0, 34.54860923628798, 35.3780237940874, 6.103000000000005
0.0027981963927855725, 0.43565216922745775, 6.680201814806019E-4, 35.83593300548671, -0.00551833500162367, 0.0, 0.014956170500029712, 0.00943783549840604, -7.430608170898052, 0.0, 57.11737238717197, 49.68676421627393, 0.830122798925069, 0.0, 34.728571996619685, 35.55869479554476, 6.103000000000005
0.0028118236472945905, 0.4367845705608343, 6.712734488544242E-4, 36.08492062099681, -0.0055425010154580455, 0.0, 0.015142556384874155, 0.009600055369416109, -7.425849081173867, 0.0, 57.46643732008739, 50.04058823891354, 0.8308472397020986, 0.0, 34.90848212207381, 35.739329361775944, 6.103000000000005
0.002825450901803609, 0.4379074988281155, 6.745267162282466E-4, 36.33388266834028, -0.005566651546701093, 0.0, 0.015330077871276205, 0.009763426324575112, -7.421089991449682, 0.0, 57.81550225300281, 50.39441226155316, 0.8315876457359243, 0.0, 35.088340374230306, 35.91992801996626, 6.103000000000005
0.0028390781563126266, 0.43902095402930097, 6.777799836020688E-4, 36.58280765094864, -0.005590786595352811, 0.0, 0.015518734959235843, 0.00992794836388303, -7.416330901725496, 0.0, 58.164567185918216, 50.74823628419274, 0.8323437871322604, 0.0, 35.26814750004706, 36.10049128717934, 6.103000000000005
0.0028527054108216446, 0.4401249361643912, 6.810332509758912E-4, 36.83168407225343, -0.0056149061614132, 0.0, 0.015708527648753086, 0.010093621487339884, -7.411571812001312, 0.0, 58.513632118833634, 51.10206030683236, 0.8331154383895943, 0.0, 35.44790423220924, 36.281019670598866, 6.103000000000005
0.002866332665330663, 0.4412194452333858, 6.842865183497135E-4, 37.08050043568615, -0.005639010244882261, 0.0, 0.01589945593982793, 0.01026044569494567, -7.406812722277126, 0.0, 58.86269705174907, 51.45588432947197, 0.8339023782947829, 0.0, 35.62761128946856, 36.46151366776337, 6.103000000000005
0.0028799599198396806, 0.4423044812362848, 6.875397857235357E-4, 37.329245244678305, -0.0056630988457599925, 0.0, 0.01609151983246037, 0.010428420986700375, -7.40205363255294, 0.0, 59.21176198466448, 51.80970835211157, 0.8347043898215801, 0.0, 35.80726937697286, 36.64197376679448, 6.103000000000005
0.0028935871743486987, 0.4433800441730883, 6.907930530973581E-4, 37.57790700266146, -0.005687171964046395, 0.0, 0.01628471932665041, 0.010597547362604015, -7.397294542828755, 0.0, 59.560826917579895, 52.16353237475116, 0.8355212600320524, 0.0, 35.98687918658658, 36.82240044661865, 6.103000000000005
0.0029072144288577167, 0.4444461340437964, 6.940463204711803E-4, 37.82647421306707, -0.005711229599741469, 0.0, 0.016479054422398047, 0.010767824822656577, -7.39253545310457, 0.0, 59.90989185049532, 52.51735639739076, 0.8363527799807627, 0.0, 36.16644139720194, 37.00279417718273, 6.103000000000005
0.0029208416833667347, 0.44550275084840896, 6.972995878450027E-4, 38.0749353793267, -0.005735271752845214, 0.0, 0.01667452511970329, 0.010939253366858075, -7.387776363380385, 0.0, 60.258956783410724, 52.87118042003038, 0.8371987446216336, 0.0, 36.345956675041606, 37.18315541966328, 6.103000000000004
0.0029344689378757527, 0.44654989458692607, 7.005528552188249E-4, 38.32327900487185, -0.0057592984233576314, 0.0, 0.016871131418566124, 0.011111832995208494, -7.383017273656199, 0.0, 60.60802171632614, 53.22500444266998, 0.8380589527174047, 0.0, 36.52542567395294, 37.36348462667038, 6.103000000000004
0.002948096192384771, 0.44758756525934756, 7.038061225926474E-4, 38.57149359313405, -0.00578330961127872, 0.0, 0.01706887331898657, 0.011285563707707846, -7.378258183932014, 0.0, 60.95708664924158, 53.57882846530959, 0.8389332067516015, 0.0, 36.704849035693876, 37.54378224244551, 6.103000000000004
0.002961723446893789, 0.44861576286567356, 7.070593899664697E-4, 38.81956764754481, -0.005807305316608479, 0.0, 0.017267750820964607, 0.01146044550435613, -7.373499094207829, 0.0, 61.306151582157, 53.932652487949206, 0.8398213128429467, 0.0, 36.88422739021115, 37.72404870305412, 6.103000000000004
0.0029753507014028072, 0.44963448740590406, 7.10312657340292E-4, 39.06748967153564, -0.0058312855393469094, 0.0, 0.017467763924500244, 0.011636478385153335, -7.3687400044836435, 0.0, 61.655216515072425, 54.2864765105888, 0.8407230806621049, 0.0, 37.063561355910736, 37.90428443657286, 6.103000000000005
0.0029889779559118253, 0.45064373888003917, 7.135659247141143E-4, 39.31524816853807, -0.005855250279494011, 0.0, 0.017668912629593476, 0.011813662350099466, -7.363980914759458, 0.0, 62.00428144798784, 54.6403005332284, 0.8416383233507125, 0.0, 37.242851539920956, 38.084489863271685, 6.103000000000005
0.003002605210420843, 0.4516435172880785, 7.168191920879365E-4, 39.56283164198361, -0.005879199537049782, 0.0, 0.017871196936244307, 0.011991997399194522, -7.359221825035274, 0.0, 62.35334638090325, 54.994124555868, 0.8425668574426158, 0.0, 37.42209853834836, 38.264665395791006, 6.103000000000005
0.0030162324649298613, 0.45263382263002255, 7.200724594617589E-4, 39.81022859530377, -0.0059031333120142275, 0.0, 0.018074616844452742, 0.012171483532438517, -7.354462735311087, 0.0, 62.70241131381867, 55.34794857850761, 0.8435085027872451, 0.0, 37.601302936526764, 38.44481143931404, 6.103000000000005
0.003029859719438879, 0.45361465490587094, 7.233257268355811E-4, 40.05742753193009, -0.005927051604387341, 0.0, 0.01827917235421877, 0.012352120749831427, -7.349703645586903, 0.0, 63.051476246734076, 55.70177260114721, 0.8444630824750414, 0.0, 37.780465309259434, 38.62492839173451, 6.103000000000005
0.003043486973947897, 0.45458601411562394, 7.265789942094035E-4, 40.30441695529409, -0.005950954414169127, 0.0, 0.0184848634655424, 0.012533909051373273, -7.3449445558627176, 0.0, 63.4005411796495, 56.05559662378681, 0.8454304227649121, 0.0, 37.9595862210549, 38.80501664381984, 6.103000000000005
0.0030571142284569154, 0.4555479002592815, 7.298322615832258E-4, 40.55118536882727, -0.005974841741359586, 0.0, 0.01869169017842364, 0.012716848437064054, -7.340185466138531, 0.0, 63.74960611256493, 56.40942064642642, 0.8464103530136063, 0.0, 38.138666226356364, 38.98507657937, 6.103000000000005
0.003070741482965933, 0.4565003133368434, 7.33085528957048E-4, 40.79772127596114, -0.005998713585958714, 0.0, 0.018899652492862462, 0.012900938906903747, -7.335426376414347, 0.0, 64.09867104548034, 56.76324466906602, 0.8474027056069715, 0.0, 38.31770586976508, 39.165108575372074, 6.103000000000005
0.003084368737474952, 0.4574432533483098, 7.363387963308705E-4, 41.04401318012725, -0.006022569947966515, 0.0, 0.01910875040885891, 0.013086180460892393, -7.330667286690161, 0.0, 64.44773597839577, 57.11706869170565, 0.8484073158930493, 0.0, 38.496705686257705, 39.34511300215079, 6.103000000000005
0.0030979959919839694, 0.4583767202936807, 7.395920637046927E-4, 41.2900495847571, -0.006046410827382986, 0.0, 0.019318983926412927, 0.01327257309902994, -7.325908196965976, 0.0, 64.7968009113112, 57.47089271434523, 0.8494240221169214, 0.0, 38.675666201398066, 39.52509022351501, 6.103000000000005
0.0031116232464929875, 0.45930071417295615, 7.428453310785151E-4, 41.535818993282206, -0.006070236224208128, 0.0, 0.019530353045524557, 0.013460116821316426, -7.321149107241792, 0.0, 65.1458658442266, 57.82471673698485, 0.8504526653572667, 0.0, 38.8545879315432, 39.7050405969005, 6.103000000000005
0.0031252505010020055, 0.4602152349861361, 7.460985984523373E-4, 41.78130990913408, -0.006094046138441942, 0.0, 0.019742857766193788, 0.013648811627751844, -7.316390017517606, 0.0, 65.49493077714202, 58.17854075962445, 0.8514930894645922, 0.0, 39.03347138404412, 39.884964473508745, 6.103000000000005
0.0031388777555110235, 0.4611202827332205, 7.493518658261597E-4, 42.02651083574426, -0.006117840570084427, 0.0, 0.019956498088420607, 0.013838657518336184, -7.31163092779342, 0.0, 65.84399571005744, 58.53236478226404, 0.8525451410010618, 0.0, 39.212317057441304, 40.064862198442384, 6.103000000000005
0.0031525050100200415, 0.46201585741420936, 7.52605133199982E-4, 42.27141027654426, -0.0061416195191355836, 0.0, 0.020171274012205035, 0.014029654493069452, -7.306871838069235, 0.0, 66.19306064297287, 58.886188804903654, 0.8536086691818813, 0.0, 39.391125441655106, 40.24473411083701, 6.103000000000004
0.0031661322645290596, 0.4629019590291027, 7.558584005738043E-4, 42.51599673496556, -0.006165382985595411, 0.0, 0.020387185537547058, 0.014221802551951646, -7.30211274834505, 0.0, 66.54212557588829, 59.240012827543254, 0.854683525818214, 0.0, 39.56989701817129, 40.42458054398953, 6.103000000000004
0.0031797595190380776, 0.4637785875779005, 7.591116679476266E-4, 42.76025871443974, -0.0061891309694639095, 0.0, 0.020604232664446682, 0.01441510169498278, -7.297353658620864, 0.0, 66.8911905088037, 59.59383685018285, 0.8557695652615488, 0.0, 39.748632260221726, 40.60440182548328, 6.103000000000004
0.003193386773547095, 0.4646457430606029, 7.623649353214488E-4, 43.004184718398264, -0.006212863470741078, 0.0, 0.0208224153929039, 0.014609551922162827, -7.2925945688966785, 0.0, 67.24025544171911, 59.94766087282245, 0.8568666443494983, 0.0, 39.92733163296054, 40.78419827731003, 6.103000000000004
0.003207014028056114, 0.46550342547720985, 7.656182026952713E-4, 43.2477632502727, -0.006236580489426921, 0.0, 0.02104173372291874, 0.014805153233491818, -7.287835479172494, 0.0, 67.58932037463455, 60.30148489546208, 0.8579746223529823, 0.0, 40.105995593635726, 40.96397021598873, 6.103000000000004
0.0032206412825651317, 0.46635163482772113, 7.688714700690935E-4, 43.49098281349453, -0.006260282025521432, 0.0, 0.021262187654491158, 0.015001905628969723, -7.283076389448309, 0.0, 67.93838530754996, 60.65530891810168, 0.8590933609247416, 0.0, 40.28462459175638, 41.14371795268115, 6.103000000000004
0.00323426853707415, 0.46719037111213696, 7.721247374429159E-4, 43.73383191149527, -0.006283968079024616, 0.0, 0.021483777187621178, 0.015199809108596567, -7.278317299724123, 0.0, 68.2874502404654, 61.00913294074129, 0.8602227240491676, 0.0, 40.46321906925584, 41.32344179330502, 6.103000000000004
0.003247895791583168, 0.4680196343304573, 7.753780048167382E-4, 43.976299047706476, -0.006307638649936471, 0.0, 0.0217065023223088, 0.01539886367237233, -7.273558209999939, 0.0, 68.63651517338081, 61.36295696338089, 0.8613625779933838, 0.0, 40.641779460650405, 41.503142038643794, 6.103000000000004
0.0032615230460921857, 0.4688394244826821, 7.786312721905605E-4, 44.21837272555961, -0.0063312937382569955, 0.0, 0.02193036305855401, 0.015599069320297022, -7.268799120275753, 0.0, 68.98558010629623, 61.71678098602049, 0.8625127912595549, 0.0, 40.82030619319449, 41.68281898445406, 6.103000000000004
0.003275150300601204, 0.46964974156881145, 7.818845395643828E-4, 44.46004144848623, -0.006354933343986194, 0.0, 0.02215535939635684, 0.015800426052370645, -7.264040030551567, 0.0, 69.33464503921167, 62.0706050086601, 0.8636732345383966, 0.0, 40.99879968703162, 41.862472921570046, 6.103000000000004
0.003288777555110222, 0.47045058558884517, 7.85137806938205E-4, 44.70129371991786, -0.006378557467124061, 0.0, 0.022381491335717242, 0.016002933868593187, -7.259280940827383, 0.0, 69.68370997212706, 62.42442903129969, 0.8648437806638224, 0.0, 41.177260355341765, 42.042104136005584, 6.103000000000005
0.00330240480961924, 0.47124195654278345, 7.883910743120274E-4, 44.942118043286, -0.006402166107670601, 0.0, 0.022608758876635264, 0.016206592768964665, -7.254521851103197, 0.0, 70.03277490504249, 62.7782530539393, 0.8660243045687376, 0.0, 41.355688604484975, 42.221712909053714, 6.103000000000005
0.0033160320641282583, 0.4720238544306263, 7.916443416858497E-4, 45.18250292202215, -0.006425759265625812, 0.0, 0.022837162019110888, 0.01641140275348507, -7.249762761379011, 0.0, 70.38183983795791, 63.13207707657891, 0.8672146832418991, 0.0, 41.53408483414154, 42.401299517383464, 6.103000000000005
0.003329659318637276, 0.4727962792523736, 7.94897609059672E-4, 45.42243685955784, -0.006449336940989693, 0.0, 0.02306670076314409, 0.016617363822154403, -7.245003671654826, 0.0, 70.73090477087331, 63.48590109921851, 0.8684147956858508, 0.0, 41.712449437448726, 42.5808642331346, 6.103000000000005
0.0033432865731462947, 0.4735592310080254, 7.981508764334944E-4, 45.66190835932464, -0.006472899133762248, 0.0, 0.023297375108734926, 0.016824475974972674, -7.240244581930641, 0.0, 71.07996970378876, 63.83972512185812, 0.8696245228758841, 0.0, 41.890782801134065, 42.760407324009954, 6.103000000000005
0.0033569138276553123, 0.4743127096975816, 8.014041438073167E-4, 45.900905924753985, -0.006496445843943471, 0.0, 0.023529185055883327, 0.01703273921193986, -7.235485492206456, 0.0, 71.42903463670417, 64.19354914449772, 0.8708437477199901, 0.0, 42.06908530564544, 42.939929053365425, 6.103000000000005
0.0033705410821643304, 0.4750567153210423, 8.04657411181139E-4, 46.139418059277475, -0.006519977071533367, 0.0, 0.02376213060458934, 0.01724215353305598, -7.23072640248227, 0.0, 71.77809956961958, 64.54737316713732, 0.8720723550197997, 0.0, 42.24735732527808, 43.11942968029787, 6.103000000000005
0.0033841683366733484, 0.4757912478784075, 8.079106785549613E-4, 46.377433266326534, -0.006543492816531933, 0.0, 0.023996211754852954, 0.01745271893832102, -7.225967312758086, 0.0, 72.12716450253501, 64.90119718977694, 0.8733102314324449, 0.0, 42.425599228298424, 43.29890945973089, 6.103000000000005
0.0033977955911823664, 0.4765163073696773, 8.111639459287836E-4, 46.61494004933277, -0.006566993078939171, 0.0, 0.02423142850667416, 0.017664435427734992, -7.2212082230339, 0.0, 72.47622943545042, 65.25502121241654, 0.8745572654333625, 0.0, 42.60381137706501, 43.47836864249838, 6.103000000000004
0.0034114228456913844, 0.4772318937948515, 8.144172133026059E-4, 46.85192691172765, -0.00659047785875508, 0.0, 0.024467780860052975, 0.017877303001297896, -7.216449133309714, 0.0, 72.82529436836583, 65.60884523505615, 0.8758133472799645, 0.0, 42.781994128146465, 43.65780747542645, 6.103000000000004
0.0034250501002004025, 0.4779380071539302, 8.176704806764282E-4, 47.088382356942695, -0.00661394715597966, 0.0, 0.02470526881498938, 0.018091321659009726, -7.21169004358553, 0.0, 73.17435930128126, 65.96266925769575, 0.8770783689762012, 0.0, 42.9601478324367, 43.8372262014129, 6.103000000000004
0.0034386773547094205, 0.47863464744691336, 8.209237480502505E-4, 47.32429488840944, -0.006637400970612912, 0.0, 0.024943892371483388, 0.01830649140087048, -7.206930953861344, 0.0, 73.52342423419668, 66.31649328033534, 0.8783522242379472, 0.0, 43.138272835267344, 44.0166250595053, 6.103000000000004
0.003452304609218438, 0.47932181467380097, 8.241770154240728E-4, 47.55965300955942, -0.006660839302654834, 0.0, 0.025183651529534994, 0.018522812226880164, -7.202171864137158, 0.0, 73.87248916711208, 66.67031730297494, 0.879634808459213, 0.0, 43.31636947651749, 44.19600428497672, 6.103000000000004
0.0034659318637274565, 0.4799995088345933, 8.274302827978951E-4, 47.79444522382411, -0.006684262152105429, 0.0, 0.025424546289144208, 0.01874028413703878, -7.197412774412974, 0.0, 74.22155410002752, 67.02414132561455, 0.8809260186791567, 0.0, 43.494438090721026, 44.37536410940019, 6.103000000000004
0.0034795591182364746, 0.48066772992928997, 8.306835501717175E-4, 48.02866003463505, -0.006707669518964694, 0.0, 0.025666576650311013, 0.018958907131346323, -7.192653684688788, 0.0, 74.57061903294294, 67.37796534825415, 0.8822257535498712, 0.0, 43.67247900717109, 44.55470476072095, 6.103000000000004
0.003493186372745493, 0.4813264779578911, 8.339368175455398E-4, 48.26228594542376, -0.006731061403232631, 0.0, 0.025909742613035427, 0.0191786812098028, -7.187894594964603, 0.0, 74.91968396585837, 67.73178937089376, 0.8835339133049205, 0.0, 43.85049255002243, 44.73402646332735, 6.103000000000004
0.003506813627254511, 0.4819757529203967, 8.371900849193621E-4, 48.495311459621746, -0.0067544378049092385, 0.0, 0.02615404417731744, 0.019399606372408198, -7.183135505240418, 0.0, 75.26874889877378, 68.08561339353338, 0.8848503997286106, 0.0, 44.028479038391254, 44.913329438119874, 6.103000000000004
0.0035204408817635286, 0.4826155548168068, 8.404433522931844E-4, 48.727725080660534, -0.006777798723994517, 0.0, 0.026399481343157033, 0.019621682619162518, -7.178376415516233, 0.0, 75.61781383168919, 68.43943741617296, 0.88617511612598, 0.0, 44.20643878645271, 45.092613902578684, 6.103000000000004
0.003534068136272547, 0.48324588364712145, 8.436966196670067E-4, 48.959515311971664, -0.006801144160488467, 0.0, 0.026646054110554235, 0.01984490995006577, -7.173617325792047, 0.0, 75.96687876460463, 68.79326143881259, 0.8875079672934778, 0.0, 44.3843721035361, 45.271880070829596, 6.103000000000004
0.0035476953907815647, 0.4838667394113406, 8.46949887040829E-4, 49.190670656986605, -0.006824474114391088, 0.0, 0.026893762479509038, 0.020069288365117954, -7.168858236067862, 0.0, 76.31594369752003, 69.14708546145218, 0.8888488594903193, 0.0, 44.56227929421801, 45.45112815370833, 6.103000000000004
0.0035613226452905827, 0.4844781221094642, 8.502031544146513E-4, 49.42117961913692, -0.00684778858570238, 0.0, 0.027142606450021436, 0.02029481786431906, -7.164099146343677, 0.0, 76.66500863043545, 69.50090948409179, 0.8901977004104996, 0.0, 44.74016065841329, 45.630358358823784, 6.103000000000004
0.0035749498997996007, 0.4850800317414923, 8.534564217884736E-4, 49.65103070185409, -0.0068710875744223444, 0.0, 0.027392586022091443, 0.0205214984476691, -7.159340056619491, 0.0, 77.01407356335088, 69.85473350673139, 0.8915543991554524, 0.0, 44.91801649146373, 45.80957089061918, 6.103000000000005
0.0035885771543086187, 0.48567246830742483, 8.567096891622959E-4, 49.88021240856967, -0.006894371080550979, 0.0, 0.027643701195719034, 0.020749330115168062, -7.154580966895305, 0.0, 77.36313849626629, 70.20855752937099, 0.8929188662073195, 0.0, 45.095847084225106, 45.98876595043241, 6.103000000000005
0.0036022044088176376, 0.486255431807262, 8.599629565361184E-4, 50.10871324271516, -0.006917639104088287, 0.0, 0.027895951970904255, 0.020978312866815965, -7.149821877171121, 0.0, 77.71220342918173, 70.56238155201062, 0.894291013402842, 0.0, 45.27365272315184, 46.16794373655469, 6.103000000000005
0.0036158316633266552, 0.4868289222410036, 8.632162239099406E-4, 50.33652170772207, -0.006940891645034264, 0.0, 0.028149338347647046, 0.02120844670261278, -7.1450627874469355, 0.0, 78.06126836209714, 70.9162055746502, 0.8956707539078285, 0.0, 45.4514336903801, 46.347104444287936, 6.103000000000005
0.0036294589178356733, 0.4873929396086496, 8.664694912837629E-4, 50.563626307021934, -0.006964128703388913, 0.0, 0.028403860325947442, 0.021439731622558536, -7.14030369772275, 0.0, 78.41033329501256, 71.2700295972898, 0.8970580021922058, 0.0, 45.629190263808745, 46.52624826600094, 6.103000000000004
0.0036430861723446913, 0.4879474839102002, 8.697227586575852E-4, 50.790015544046256, -0.006987350279152232, 0.0, 0.028659517905805433, 0.02167216762665321, -7.135544607998566, 0.0, 78.75939822792797, 71.62385361992942, 0.8984526740056312, 0.0, 45.806922717178644, 46.70537539118428, 6.103000000000004
0.0036567134268537093, 0.4884925551456552, 8.729760260314075E-4, 51.01567792222657, -0.007010556372324224, 0.0, 0.02891631108722103, 0.02190575471489681, -7.130785518274379, 0.0, 79.1084631608434, 71.97767764256902, 0.8998546863536464, 0.0, 45.984631320150115, 46.88448600650377, 6.103000000000004
0.003670340681362727, 0.4890281533150148, 8.762292934052298E-4, 51.24060194499438, -0.0070337469829048855, 0.0, 0.02917423987019422, 0.02214049288728934, -7.126026428550194, 0.0, 79.45752809375881, 72.33150166520862, 0.901263957474355, 0.0, 46.162316338378695, 47.063580295853065, 6.103000000000004
0.0036839679358717453, 0.48955427841827887, 8.794825607790521E-4, 51.46477611578122, -0.007056922110894219, 0.0, 0.029433304254725023, 0.0223763821438308, -7.1212673388260095, 0.0, 79.80659302667422, 72.68532568784823, 0.902680406815638, 0.0, 46.339978033589205, 47.24265844040488, 6.103000000000004
0.0036975951903807634, 0.4900709304554473, 8.827358281528745E-4, 51.68818893801859, -0.0070800817562922235, 0.0, 0.02969350424081342, 0.0226134224845212, -7.116508249101824, 0.0, 80.15565795958965, 73.03914971048783, 0.9041039550128549, 0.0, 46.51761666364825, 47.42172061866112, 6.103000000000004
0.003711222444889781, 0.4905781094265203, 8.859890955266967E-4, 51.910828915138, -0.007103225919098899, 0.0, 0.029954839828459395, 0.022851613909360503, -7.111749159377638, 0.0, 80.50472289250506, 73.39297373312743, 0.9055345238670428, 0.0, 46.69523248263489, 47.60076700650195, 6.103000000000004
0.0037248496993987994, 0.4910758153314978, 8.89242362900519E-4, 52.132684550571014, -0.007126354599314247, 0.0, 0.030217311017663, 0.02309095641834876, -7.106990069653453, 0.0, 80.85378782542048, 73.74679775576705, 0.9069720363235907, 0.0, 46.87282574091005, 47.77979777723365, 6.103000000000004
0.0037384769539078174, 0.49156404817037985, 8.924956302743414E-4, 52.353744347749114, -0.007149467796938265, 0.0, 0.030480917808424195, 0.023331450011485937, -7.102230979929268, 0.0, 81.20285275833591, 74.10062177840665, 0.9084164164513872, 0.0, 47.0503966851843, 47.95881310163569, 6.103000000000004
0.003752104208416836, 0.49204280794316635, 8.957488976481637E-4, 52.57399681010381, -0.007172565511970956, 0.0, 0.030745660200742993, 0.023573094688772042, -7.097471890205083, 0.0, 81.55191769125133, 74.45444580104626, 0.9098675894224181, 0.0, 47.22794555858407, 48.137813148006494, 6.103000000000004
0.0037657314629258535, 0.4925120946498573, 8.99002165021986E-4, 52.79343044106663, -0.007195647744412315, 0.0, 0.031011538194619374, 0.023815890450207065, -7.092712800480898, 0.0, 81.90098262416674, 74.80826982368586, 0.9113254814918021, 0.0, 47.40547260071652, 48.31679808220832, 6.103000000000004
0.0037793587174348715, 0.49297190829045273, 9.022554323958083E-4, 53.012033744069115, -0.007218714494262348, 0.0, 0.031278551790053365, 0.024059837295791017, -7.087953710756713, 0.0, 82.25004755708215, 75.16209384632545, 0.9127900199782741, 0.0, 47.58297804773301, 48.49576806771129, 6.103000000000004
0.00379298597194389, 0.4934222488649527, 9.055086997696307E-4, 53.22979522254276, -0.007241765761521051, 0.0, 0.03154670098704496, 0.024304935225523912, -7.0831946210325265, 0.0, 82.5991124899976, 75.51591786896506, 0.9142611332450612, 0.0, 47.76046213239119, 48.67472326563624, 6.103000000000004
0.0038066132264529076, 0.49386311637335717, 9.087619671434529E-4, 53.44670337991907, -0.007264801546188426, 0.0, 0.031815985785594136, 0.024551184239405718, -7.078435531308341, 0.0, 82.94817742291299, 75.86974189160466, 0.9157387506812099, 0.0, 47.93792508411567, 48.85366383479687, 6.103000000000004
0.0038202404809619256, 0.4942945108156661, 9.120152345172752E-4, 53.66274671962961, -0.007287821848264472, 0.0, 0.032086406185700925, 0.02479858433743646, -7.073676441584157, 0.0, 83.29724235582842, 76.22356591424426, 0.9172228026832658, 0.0, 48.115367129057574, 49.03258993174085, 6.103000000000004
0.0038338677354709436, 0.4947164321918795, 9.152685018910975E-4, 53.87791374510584, -0.007310826667749188, 0.0, 0.03235796218736531, 0.025047135519616126, -7.068917351859971, 0.0, 83.64630728874384, 76.57738993688388, 0.9187132206373873, 0.0, 48.29278849015267, 49.21150171079005, 6.103000000000004
0.0038474949899799616, 0.4951288805019974, 9.185217692649198E-4, 54.09219295977933, -0.007333816004642576, 0.0, 0.0326306537905873, 0.025296837785944725, -7.064158262135785, 0.0, 83.99537222165927, 76.93121395952348, 0.9202099369018124, 0.0, 48.47018938717821, 49.39039932408002, 6.103000000000005
0.0038611222444889792, 0.4955318557460198, 9.217750366387421E-4, 54.30557286708155, -0.007356789858944634, 0.0, 0.03290448099536687, 0.025547691136422246, -7.0593991724116005, 0.0, 84.34443715457466, 77.28503798216308, 0.9217128847896988, 0.0, 48.647570036808865, 49.56928292159858, 6.103000000000004
0.003874749498997998, 0.49592535792394665, 9.250283040125645E-4, 54.518041970444074, -0.007379748230655366, 0.0, 0.033179443801704074, 0.02579969557104871, -7.054640082687415, 0.0, 84.6935020874901, 77.6388620048027, 0.9232219985523463, 0.0, 48.82493065267117, 49.74815265122355, 6.103000000000004
0.003888376753507016, 0.49630938703577815, 9.282815713863869E-4, 54.72958877329838, -0.007402691119774768, 0.0, 0.03345554220959886, 0.026052851089824088, -7.04988099296323, 0.0, 85.04256702040553, 77.9926860274423, 0.9247372133627456, 0.0, 49.00227144539689, 49.927008658759654, 6.103000000000004
0.003902004008016034, 0.49668394308151403, 9.315348387602091E-4, 54.94020177907598, -0.00742561852630284, 0.0, 0.033732776219051235, 0.026307157692748398, -7.045121903239045, 0.0, 85.39163195332094, 78.3465100500819, 0.9262584652994882, 0.0, 49.17959262267542, 50.1058510879749, 6.103000000000004
0.003915631262525052, 0.49704902606115436, 9.347881061340314E-4, 55.14986949120841, -0.007448530450239584, 0.0, 0.034011145830061214, 0.026562615379821634, -7.040362813514859, 0.0, 85.74069688623636, 78.70033407272152, 0.9277856913310097, 0.0, 49.3568943893049, 50.28468008063591, 6.103000000000004
0.00392925851703407, 0.4974046359746992, 9.380413735078537E-4, 55.3585804131272, -0.007471426891585, 0.0, 0.03429065104262879, 0.02681922415104379, -7.035603723790674, 0.0, 86.08976181915178, 79.0541580953611, 0.9293188293001526, 0.0, 49.53417694724241, 50.46349577654255, 6.103000000000004
0.003942885771543088, 0.49775077282214863, 9.41294640881676E-4, 55.56632304826383, -0.007494307850339086, 0.0, 0.03457129185675398, 0.027076984006414895, -7.030844634066489, 0.0, 86.4388267520672, 79.40798211800072, 0.9308578179090615, 0.0, 49.711440495653044, 50.64229831356209, 6.103000000000004
0.003956513026052107, 0.4980874366035025, 9.445479082554984E-4, 55.77308590004988, -0.007517173326501845, 0.0, 0.03485306827243676, 0.02733589494593492, -7.026085544342303, 0.0, 86.78789168498263, 79.76180614064035, 0.9324025967043896, 0.0, 49.88868523095799, 50.821087827662396, 6.103000000000004
0.003970140280561124, 0.49841462731876074, 9.478011756293206E-4, 55.97885747191681, -0.0075400233200732724, 0.0, 0.03513598028967714, 0.02759595696960387, -7.0213264546181176, 0.0, 87.13695661789804, 80.11563016327992, 0.933953106062792, 0.0, 50.065911346881606, 50.99986445294441, 6.103000000000004
0.003983767535070142, 0.49873234496792357, 9.51054443003143E-4, 56.18362626729614, -0.007562857831053373, 0.0, 0.0354200279084751, 0.02785717007742173, -7.016567364893933, 0.0, 87.48602155081345, 80.46945418591952, 0.9355092871767413, 0.0, 50.243119034497624, 51.17862832167436, 6.103000000000004
0.00399739478957916, 0.49904058955099084, 9.543077103769652E-4, 56.387380789619414, -0.007585676859442145, 0.0, 0.03570521112883068, 0.028119534269388548, -7.011808275169748, 0.0, 87.83508648372887, 80.82327820855913, 0.9370710820406144, 0.0, 50.42030848227418, 51.35737956431479, 6.103000000000004
0.004011022044088179, 0.4993393610679627, 9.575609777507877E-4, 56.59010954231817, -0.007608480405239588, 0.0, 0.035991529950743874, 0.028383049545504288, -7.007049185445562, 0.0, 88.18415141664431, 81.17710223119875, 0.9386384334370759, 0.0, 50.597479876118214, 51.53611830955529, 6.103000000000004
0.004024649298597196, 0.49962865951883906, 9.608142451246099E-4, 56.791801028823876, -0.007631268468445701, 0.0, 0.03627898437421464, 0.02864771590576894, -7.002290095721378, 0.0, 88.53321634955972, 81.53092625383835, 0.9402112849237287, 0.0, 50.77463339941878, 51.71484468434252, 6.103000000000004
0.004038276553106215, 0.4999084849036198, 9.640675124984322E-4, 56.99244375256808, -0.007654041049060487, 0.0, 0.03656757439924302, 0.028913533350182544, -6.997531005997192, 0.0, 88.88228128247515, 81.88475027647796, 0.9417895808200438, 0.0, 50.951769233089514, 51.89355881390956, 6.103000000000004
0.004051903807615232, 0.500178837222305, 9.673207798722546E-4, 57.19202621698229, -0.007676798147083942, 0.0, 0.03685730002582899, 0.029180501878745047, -6.992771916273006, 0.0, 89.23134621539056, 82.23857429911754, 0.943373266194538, 0.0, 51.12888755561029, 52.072260821804825, 6.103000000000004
0.00406553106212425, 0.5004397164748948, 9.705740472460768E-4, 57.39053692549803, -0.007699539762516069, 0.0, 0.03714816125397255, 0.029448621491456488, -6.988012826548821, 0.0, 89.58041114830597, 82.59239832175714, 0.9449622868522363, 0.0, 51.305988543068, 52.25095082992022, 6.103000000000004
0.0040791583166332685, 0.500691122661389, 9.738273146198992E-4, 57.587964381546804, -0.0077222658953568675, 0.0, 0.03744015808367373, 0.02971789218831687, -6.983253736824636, 0.0, 89.92947608122138, 82.94622234439676, 0.9465565893223504, 0.0, 51.483072369196485, 52.42962895851884, 6.103000000000004
0.004092785571142286, 0.5009330557817878, 9.770805819937214E-4, 57.78429708856016, -0.007744976545606338, 0.0, 0.037733290514932495, 0.02998831396932616, -6.978494647100451, 0.0, 90.27854101413679, 83.30004636703636, 0.9481561208462455, 0.0, 51.6601392054158, 52.60829532626204, 6.103000000000004
0.004106412825651305, 0.5011655158360911, 9.803338493675439E-4, 57.97952354996958, -0.007767671713264481, 0.0, 0.038027558547748884, 0.03025988683448441, -6.973735557376265, 0.0, 90.62760594705226, 83.65387038967599, 0.9497608293656012, 0.0, 51.83718922087054, 52.78695005023613, 6.103000000000004
0.004120040080160323, 0.5013885028242988, 9.83587116741366E-4, 58.1736322692066, -0.0077903513983312925, 0.0, 0.038322962182122854, 0.03053261078379156, -6.96897646765208, 0.0, 90.97667087996766, 84.00769441231559, 0.9513706635108445, 0.0, 52.01422258246739, 52.965593245978226, 6.103000000000004
0.0041336673346693414, 0.501602016746411, 9.868403841151886E-4, 58.36661174970275, -0.007813015600806775, 0.0, 0.038619501418054425, 0.030806485817247646, -6.964217377927895, 0.0, 91.32573581288308, 84.36151843495519, 0.9529855725897879, 0.0, 52.191239454912214, 53.14422502750201, 6.103000000000004
0.004147294589178359, 0.5018060576024277, 9.900936514890108E-4, 58.55845049488952, -0.007835664320690931, 0.0, 0.038917176255543584, 0.031081511934852656, -6.9594582882037095, 0.0, 91.67480074579849, 84.71534245759479, 0.9546055065765152, 0.0, 52.36824000074605, 53.322845507322576, 6.103000000000004
0.004160921843687377, 0.502000625392349, 9.93346918862833E-4, 58.74913700819843, -0.007858297557983755, 0.0, 0.03921598669459034, 0.03135768913660658, -6.954699198479525, 0.0, 92.0238656787139, 85.06916648023437, 0.9562304161004477, 0.0, 52.54522438038065, 53.50145479648109, 6.103000000000004
0.004174549098196395, 0.5021857201161748, 9.966001862366555E-4, 58.93865979306105, -0.007880915312685255, 0.0, 0.03951593273519471, 0.03163501742250946, -6.949940108755339, 0.0, 92.37293061162933, 85.422990502874, 0.957860252435674, 0.0, 52.72219275213315, 53.68005300456882, 6.103000000000004
0.0041881763527054135, 0.5023613417739048, 9.998534536104777E-4, 59.12700735290883, -0.007903517584795423, 0.0, 0.039817014377356685, 0.03191349679256127, -6.945181019031153, 0.0, 92.72199554454477, 85.77681452551361, 0.9594949674904361, 0.0, 52.8991452722602, 53.858640239750635, 6.103000000000004
0.004201803607214431, 0.5025274903655395, 0.0010031067209843, 59.31416819117334, -0.007926104374314262, 0.0, 0.04011923162107625, 0.032193127246761995, -6.940421929306969, 0.0, 93.07106047746016, 86.1306385481532, 0.9611345137968709, 0.0, 53.07608209499136, 54.03721660878822, 6.103000000000004
0.004215430861723449, 0.5026841658910788, 0.0010063599883581222, 59.50013081128604, -0.007948675681241772, 0.0, 0.04042258446635339, 0.032473908785111624, -6.9356628395827835, 0.0, 93.42012541037558, 86.4844625707928, 0.9627788445009082, 0.0, 53.25300337256196, 54.21578221706287, 6.103000000000004
0.004229058116232467, 0.5028313683505224, 0.0010096132557319447, 59.684883716678534, -0.007971231505577955, 0.0, 0.04072707291318817, 0.03275584140761022, -6.930903749858597, 0.0, 93.76919034329102, 86.83828659343241, 0.9644279133523903, 0.0, 53.42990925524503, 54.39433716859742, 6.103000000000004
0.004242685370741485, 0.5029690977438706, 0.0010128665231057669, 59.868415410782255, -0.007993771847322806, 0.0, 0.04103269696158052, 0.03303892511425772, -6.926144660134412, 0.0, 94.11825527620643, 87.19211061607201, 0.9660816746953643, 0.0, 53.60679989138298, 54.57288156607834, 6.103000000000004
0.004256312625250503, 0.5030973540711231, 0.0010161197904795891, 60.05071439702875, -0.008016296706476333, 0.0, 0.04133945661153049, 0.03332315990505417, -6.921385570410227, 0.0, 94.46732020912184, 87.54593463871163, 0.9677400834585873, 0.0, 53.78367542741845, 54.75141551087704, 6.103000000000004
0.004269939879759522, 0.5032161373322802, 0.0010193730578534116, 60.23176917884958, -0.008038806083038528, 0.0, 0.04164735186303807, 0.03360854577999955, -6.916626480686042, 0.0, 94.81638514203728, 87.89975866135124, 0.9694030951461728, 0.0, 53.96053600792464, 54.92993910307081, 6.103000000000004
0.004283567134268539, 0.503325447527342, 0.0010226263252272338, 60.411568259676194, -0.008061299977009394, 0.0, 0.04195638271610321, 0.03389508273909382, -6.911867390961857, 0.0, 95.16545007495269, 88.25358268399083, 0.9710706658284604, 0.0, 54.137381775635, 55.10845244146346, 6.103000000000004
0.004297194388777557, 0.5034252846563081, 0.001025879592601056, 60.59010014294017, -0.008083778388388932, 0.0, 0.04226654917072596, 0.03418277078233704, -6.907108301237672, 0.0, 95.51451500786808, 88.60740670663041, 0.9727427521330233, 0.0, 54.31421287147246, 55.28695562360549, 6.103000000000004
0.0043108216432865745, 0.5035156487191785, 0.0010291328599748783, 60.76735333207295, -0.00810624131717714, 0.0, 0.04257785122690631, 0.03447160990972917, -6.902349211513487, 0.0, 95.8635799407835, 88.96123072927001, 0.9744193112358674, 0.0, 54.491029434578046, 55.46544874581394, 6.103000000000004
0.004324448897795593, 0.5035965397159536, 0.0010323861273487007, 60.94331633050616, -0.008128688763374024, 0.0, 0.04289028888464428, 0.03476160012127026, -6.8975901217893005, 0.0, 96.21264487369893, 89.31505475190963, 0.9761003008527903, 0.0, 54.6678316023389, 55.6439319031917, 6.103000000000004
0.004338076152304612, 0.5036679576466333, 0.0010356393947225232, 61.11797764167125, -0.008151120726979577, 0.0, 0.043203862143939856, 0.03505274141696029, -6.892831032065115, 0.0, 96.56170980661437, 89.66887877454926, 0.9777856792308943, 0.0, 54.844619510415896, 55.822405189646766, 6.103000000000004
0.00435170340681363, 0.5037299025112174, 0.0010388926620963454, 61.29132576899973, -0.008173537207993799, 0.0, 0.043518571004793005, 0.03534503379679922, -6.88807194234093, 0.0, 96.91077473952978, 90.02270279718886, 0.9794754051402821, 0.0, 55.02139329277052, 56.00086869791079, 6.103000000000004
0.004365330661322647, 0.503782374309706, 0.0010421459294701677, 61.46334921592313, -0.008195938206416693, 0.0, 0.043834415467203756, 0.03563847726078707, -6.883312852616744, 0.0, 97.2598396724452, 90.37652681982846, 0.981169437865883, 0.0, 55.19815308169163, 56.179322519557516, 6.103000000000004
0.004378957915831665, 0.503825373042099, 0.00104539919684399, 61.63403648587297, -0.008218323722248257, 0.0, 0.044151395531172095, 0.03593307180892384, -6.87855376289256, 0.0, 97.60890460536059, 90.73035084246804, 0.9828677371994462, 0.0, 55.37489900782136, 56.35776674502082, 6.103000000000004
0.0043925851703406835, 0.5038588987083965, 0.0010486524642178124, 61.80337608228079, -0.008240693755488495, 0.0, 0.04446951119669806, 0.036228817441209565, -6.873794673168375, 0.0, 97.95796953827603, 91.08417486510766, 0.9845702634316751, 0.0, 55.551631200180616, 56.53620146361228, 6.103000000000004
0.004406212424849702, 0.5038829513085985, 0.0010519057315916346, 61.97135650857808, -0.008263048306137404, 0.0, 0.04478876246378162, 0.03652571415764423, -6.869035583444189, 0.0, 98.30703447119147, 91.43799888774728, 0.986276977344518, 0.0, 55.72834978619417, 56.714626763538675, 6.103000000000004
0.00441983967935872, 0.503897530842705, 0.001055158998965457, 62.13796626819638, -0.008285387374194982, 0.0, 0.04510914933242279, 0.03682376195822781, -6.864276493720004, 0.0, 98.6560994041069, 91.7918229103869, 0.9879878402035909, 0.0, 55.90505489171532, 56.89304273191891, 6.103000000000004
0.004433466933867737, 0.5039026373107163, 0.001058412266339279, 62.30319386456718, -0.008307710959661232, 0.0, 0.0454306718026215, 0.03712296084296028, -6.859517403995819, 0.0, 99.00516433702228, 92.14564693302647, 0.9897028137507449, 0.0, 56.08174664105004, 57.071449454800785, 6.103000000000004
0.0044470941883767556, 0.5038982707126318, 0.0010616655337131015, 62.46702780112203, -0.008330019062536153, 0.0, 0.045753329874377864, 0.03742331081184172, -6.854758314271633, 0.0, 99.35422926993772, 92.49947095566608, 0.9914218601967687, 0.0, 56.25842515698063, 57.24984701717739, 6.103000000000004
0.004460721442885774, 0.5038844310484517, 0.001064918801086924, 62.629456581292416, -0.008352311682819746, 0.0, 0.04607712354769183, 0.03772481186487209, -6.849999224547449, 0.0, 99.70329420285314, 92.85329497830568, 0.9931449422142282, 0.0, 56.43509056078899, 57.42823550300321, 6.103000000000004
0.004474348697394792, 0.5038611183181761, 0.0010681720684607462, 62.790468708509835, -0.00837458882051201, 0.0, 0.046402052822563364, 0.038027464002051356, -6.845240134823263, 0.0, 100.05235913576854, 93.20711900094528, 0.9948720229304325, 0.0, 56.61174297227956, 57.60661499520999, 6.103000000000004
0.00448797595190381, 0.5038283325218051, 0.0010714253358345685, 62.950052686205936, -0.008396850475612946, 0.0, 0.04672811769899252, 0.03833126722337958, -6.840481045099077, 0.0, 100.40142406868398, 93.5609430235849, 0.9966030659205316, 0.0, 56.788382509801636, 57.78498557572216, 6.103000000000004
0.004501603206412828, 0.5037860736593387, 0.0010746786032083907, 63.10819701781209, -0.008419096648122551, 0.0, 0.047055318176979256, 0.038636221528856714, -6.835721955374892, 0.0, 100.75048900159939, 93.91476704622448, 0.9983380352007317, 0.0, 56.96500929027143, 57.96334732547215, 6.103000000000004
0.004515230460921846, 0.5037343417307765, 0.0010779318705822132, 63.26489020675986, -0.00844132733804083, 0.0, 0.04738365425652362, 0.0389423269184828, -6.830962865650707, 0.0, 101.09955393451482, 94.26859106886411, 1.000076895221652, 0.0, 57.14162342919381, 58.141700324415446, 6.103000000000004
0.004528857715430864, 0.5036731367361191, 0.0010811851379560354, 63.420120756480756, -0.008463542545367776, 0.0, 0.04771312593762555, 0.039249583392257786, -6.826203775926522, 0.0, 101.44861886743023, 94.6224150915037, 1.0018196108617747, 0.0, 57.3182250406833, 58.320044651545054, 6.103000000000004
0.004542484969939882, 0.5036024586753661, 0.0010844384053298579, 63.57387717040636, -0.008485742270103399, 0.0, 0.0480437332202851, 0.03955799095018171, -6.821444686202336, 0.0, 101.79768380034565, 94.97623911414331, 1.0035661474210422, 0.0, 57.49481423748518, 58.49838038490623, 6.103000000000004
0.0045561122244489, 0.5035223075485175, 0.0010876916727036799, 63.7261479519681, -0.008507926512247688, 0.0, 0.04837547610450225, 0.03986754959225457, -6.816685596478152, 0.0, 102.14674873326106, 95.33006313678291, 1.0053164706145352, 0.0, 57.671391130995794, 58.67670760161031, 6.103000000000004
0.004569739478957918, 0.5034326833555735, 0.0010909449400775023, 63.87692160459757, -0.008530095271800653, 0.0, 0.04870835459027698, 0.04017825931847634, -6.811926506753966, 0.0, 102.49581366617649, 95.68388715942253, 1.0070705465663061, 0.0, 57.84795583128275, 58.855026377849065, 6.103000000000004
0.004583366733466936, 0.5033335860965339, 0.0010941982074513246, 64.02618663172623, -0.008552248548762284, 0.0, 0.04904236867760932, 0.040490120128847035, -6.80716741702978, 0.0, 102.8448785990919, 96.03771118206213, 1.0088283418032733, 0.0, 58.02450844710463, 59.03333678890792, 6.103000000000004
0.004596993987975954, 0.5032250157713987, 0.001097451474825147, 64.17393153678564, -0.00857438634313259, 0.0, 0.04937751836649928, 0.0408031320233667, -6.802408327305596, 0.0, 103.19394353200732, 96.39153520470174, 1.0105898232492752, 0.0, 58.20104908593042, 59.21163890917969, 6.103000000000004
0.004610621242484973, 0.5031069723801681, 0.0011007047421989695, 64.32014482320731, -0.008596508654911567, 0.0, 0.049713803656946824, 0.04111729500203526, -6.7976492375814095, 0.0, 103.54300846492276, 96.74535922734135, 1.0123549582191882, 0.0, 58.37757785395854, 59.38993281217772, 6.103000000000004
0.0046242484969939894, 0.502979455922842, 0.0011039580095727915, 64.46481499442274, -0.008618615484099212, 0.0, 0.05005122454895194, 0.04143260906485273, -6.792890147857225, 0.0, 103.89207339783815, 97.09918324998091, 1.014123714413165, 0.0, 58.554094856135535, 59.568218570548694, 6.103000000000004
0.004637875751503009, 0.5028424663994204, 0.001107211276946614, 64.60793055386345, -0.008640706830695533, 0.0, 0.0503897810425147, 0.04174907421181918, -6.78813105813304, 0.0, 104.2411383307536, 97.45300727262055, 1.0158960599109885, 0.0, 58.73060019617467, 59.74649625608567, 6.103000000000004
0.004651503006012026, 0.5026960038099032, 0.0011104645443204362, 64.74948000496099, -0.008662782694700522, 0.0, 0.05072947313763504, 0.04206669044293451, -6.783371968408854, 0.0, 104.590203263669, 97.80683129526014, 1.017671963166492, 0.0, 58.90709397657364, 59.92476593974013, 6.103000000000004
0.004665130260521045, 0.5025400681542908, 0.0011137178116942586, 64.88945185114682, -0.008684843076114182, 0.0, 0.05107030083431298, 0.04238545775819881, -6.778612878684669, 0.0, 104.93926819658444, 98.16065531789975, 1.019451393002109, 0.0, 59.08357629863268, 60.10302769163477, 6.103000000000004
0.0046787575150300615, 0.5023746594325825, 0.0011169710790680807, 65.02783459585251, -0.008706887974936513, 0.0, 0.051412264132548485, 0.04270537615761198, -6.773853788960484, 0.0, 105.28833312949983, 98.51447934053932, 1.0212343186035058, 0.0, 59.2600472624717, 60.28128158107519, 6.103000000000004
0.00469238476953908, 0.5021997776447789, 0.0011202243464419031, 65.16461674250954, -0.008728917391167518, 0.0, 0.05175536303234163, 0.043026445641174124, -6.769094699236299, 0.0, 105.63739806241524, 98.86830336317895, 1.0230207095142958, 0.0, 59.43650696704772, 60.459527676562004, 6.103000000000004
0.0047060120240480985, 0.5020154227908796, 0.0011234776138157254, 65.29978679454946, -0.008750931324807193, 0.0, 0.052099597533692386, 0.043348666208885195, -6.764335609512113, 0.0, 105.98646299533068, 99.22212738581857, 1.0248105356308679, 0.0, 59.612955510171446, 60.637766045802316, 6.103000000000004
0.004719639278557117, 0.501821594870885, 0.0011267308811895478, 65.43333325540382, -0.008772929775855538, 0.0, 0.052444967636600726, 0.043672037860745194, -6.759576519787927, 0.0, 106.33552792824611, 99.57595140845818, 1.0266037671972865, 0.0, 59.789392988523964, 60.81599675572125, 6.103000000000004
0.004733266533066135, 0.5016182938847948, 0.0011299841485633703, 65.56524462850406, -0.008794912744312558, 0.0, 0.052791473341066666, 0.04399656059675412, -6.754817430063742, 0.0, 106.68459286116153, 99.9297754310978, 1.0284003748002994, 0.0, 59.965819497673, 60.99421987247328, 6.103000000000004
0.004746893787575152, 0.5014055198326092, 0.0011332374159371923, 65.6955094172817, -0.008816880230178242, 0.0, 0.05313911464709016, 0.044322234416911924, -6.7500583403395575, 0.0, 107.03365779407693, 100.28359945373737, 1.0302003293643922, 0.0, 60.142235132088786, 61.172435461453155, 6.103000000000004
0.0047605210420841705, 0.5011832727143278, 0.0011364906833110147, 65.82411612516835, -0.008838832233452604, 0.0, 0.053487891554671305, 0.04464905932121871, -6.745299250615371, 0.0, 107.38272272699236, 100.63742347637698, 1.0320036021469925, 0.0, 60.31863998515989, 61.350643587306884, 6.103000000000005
0.004774148296593189, 0.5009515525299512, 0.001139743950684837, 65.95105325559541, -0.008860768754135636, 0.0, 0.053837804063810044, 0.044977035309674424, -6.740540160891187, 0.0, 107.73178765990778, 100.9912474990166, 1.0338101647336795, 0.0, 60.495034149208685, 61.52884431394235, 6.103000000000005
0.0047877755511022075, 0.5007103592794789, 0.0011429972180586594, 66.07630931199449, -0.008882689792227337, 0.0, 0.0541888521745064, 0.04530616238227905, -6.735781071167001, 0.0, 108.08085259282322, 101.34507152165621, 1.0356199890335396, 0.0, 60.67141771550633, 61.70703770453986, 6.103000000000004
0.004801402805611225, 0.5004596929629114, 0.0011462504854324817, 66.19987279779706, -0.00890459534772771, 0.0, 0.05454103588676032, 0.04563644053903261, -6.731021981442816, 0.0, 108.42991752573863, 101.6988955442958, 1.0374330472745716, 0.0, 60.84779077428786, 61.88522382156242, 6.103000000000004
0.004815030060120243, 0.500199553580248, 0.001149503752806304, 66.32173221643468, -0.008926485420636752, 0.0, 0.054894355200571836, 0.04596786977993508, -6.726262891718632, 0.0, 108.77898245865404, 102.0527195669354, 1.0392493119991595, 0.0, 61.02415341476681, 62.06340272676597, 6.103000000000004
0.00482865731462926, 0.49992994113148936, 0.0011527570201801261, 66.44187607133883, -0.008948360010954469, 0.0, 0.05524881011594095, 0.046300450104986485, -6.721503801994446, 0.0, 109.12804739156944, 102.40654358957498, 1.041068756059658, 0.0, 61.20050572514961, 62.24157448120927, 6.103000000000004
0.004842284569138279, 0.499650855616635, 0.0011560102875539486, 66.56029286594101, -0.008970219118680855, 0.0, 0.05560440063286769, 0.04663418151418684, -6.71674471227026, 0.0, 109.47711232448488, 102.7603676122146, 1.0428913526140093, 0.0, 61.37684779264978, 62.419739145263755, 6.103000000000004
0.004855911823647298, 0.49936229703568524, 0.001159263554927771, 66.67697110367283, -0.008992062743815917, 0.0, 0.055961126751352036, 0.04696906400753613, -6.711985622546075, 0.0, 109.82617725740033, 103.11419163485424, 1.044717075121476, 0.0, 61.553179703501776, 62.59789677862323, 6.103000000000004
0.004869539078156315, 0.49906426538864, 0.001162516822301593, 66.79189928796566, -0.009013890886359642, 0.0, 0.05631898847139394, 0.047305097585034296, -6.70722653282189, 0.0, 110.1752421903157, 103.46801565749381, 1.0465458973383996, 0.0, 61.729501542974745, 62.77604744031314, 6.103000000000004
0.004883166332665333, 0.4987567606754991, 0.0011657700896754155, 66.90506592225115, -0.009035703546312045, 0.0, 0.05667798579299348, 0.04764228224668143, -6.702467443097704, 0.0, 110.52430712323114, 103.82183968013342, 1.048377793314089, 0.0, 61.905813395386176, 62.95419118870024, 6.103000000000004
0.004896793587174351, 0.4984397828962628, 0.0011690233570492378, 67.01645950996077, -0.009057500723673114, 0.0, 0.057038118716150596, 0.04798061799247748, -6.697708353373519, 0.0, 110.87337205614655, 104.17566370277302, 1.050212737386709, 0.0, 62.08211534411472, 63.132328081501434, 6.103000000000004
0.004910420841683369, 0.4981133320509311, 0.0011722766244230602, 67.12606855452606, -0.00907928241844286, 0.0, 0.05739938724086531, 0.04832010482242245, -6.692949263649334, 0.0, 111.22243698906198, 104.52948772541264, 1.052050704179298, 0.0, 62.25840747161373, 63.31045817579302, 6.103000000000004
0.004924048096192388, 0.4977774081395038, 0.0011755298917968825, 67.23388155937849, -0.009101048630621273, 0.0, 0.057761791367137647, 0.048660742736516376, -6.688190173925149, 0.0, 111.5715019219774, 104.88331174805225, 1.0538916685958102, 0.0, 62.434689859423585, 63.488581528019395, 6.103000000000004
0.004937675350701405, 0.4974320111619811, 0.0011787831591707047, 67.3398870279496, -0.009122799360208357, 0.0, 0.058125331094967564, 0.04900253173475921, -6.683431084200964, 0.0, 111.92056685489281, 105.23713577069185, 1.0557356058172496, 0.0, 62.610962588184606, 63.666698194001846, 6.103000000000004
0.004951302605210423, 0.49707714111836265, 0.001182036426544527, 67.44407346367095, -0.009144534607204113, 0.0, 0.058490006424355076, 0.04934547181715096, -6.678671994476779, 0.0, 112.26963178780822, 105.59095979333144, 1.0575824912978515, 0.0, 62.78722573764935, 63.8448082289472, 6.103000000000004
0.004964929859719441, 0.49671279800864887, 0.0011852896939183494, 67.546429369974, -0.009166254371608541, 0.0, 0.058855817355300204, 0.04968956298369166, -6.6739129047525925, 0.0, 112.61869672072365, 105.94478381597106, 1.0594323007613375, 0.0, 62.96347938669477, 64.02291168745612, 6.103000000000005
0.004978557114228459, 0.4963389818328394, 0.0011885429612921716, 67.64694325029029, -0.00918795865342164, 0.0, 0.05922276388780291, 0.05003480523438127, -6.669153815028407, 0.0, 112.96776165363906, 106.29860783861064, 1.061285010197216, 0.0, 63.13972361333421, 64.20100862353141, 6.103000000000005
0.004992184368737477, 0.49595569259093464, 0.001191796228665994, 67.74560360805133, -0.00920964745264341, 0.0, 0.059590846021863236, 0.050381198569219826, -6.664394725304223, 0.0, 113.31682658655448, 106.65243186125025, 1.0631405958571702, 0.0, 63.315958494729195, 64.37909909058634, 6.103000000000005
0.005005811623246496, 0.4955629302829342, 0.0011950494960398163, 67.84239894668869, -0.009231320769273852, 0.0, 0.059960063757481176, 0.05072874298820732, -6.659635635580036, 0.0, 113.66589151946991, 107.00625588388986, 1.0649990342514841, 0.0, 63.492184107200984, 64.55718314145247, 6.103000000000005
0.0050194388777555134, 0.4951606949088383, 0.0011983027634136386, 67.93731776963376, -0.009252978603312964, 0.0, 0.06033041709465667, 0.051077438491343705, -6.654876545855851, 0.0, 114.01495645238533, 107.36007990652946, 1.0668603021455205, 0.0, 63.66840052624217, 64.73526082838767, 6.103000000000005
0.005033066132264532, 0.49474898646864685, 0.001201556030787461, 68.0303485803182, -0.009274620954760749, 0.0, 0.060701906033389805, 0.051427285078629065, -6.6501174561316665, 0.0, 114.36402138530076, 107.71390392916908, 1.068724376556286, 0.0, 63.84460782652752, 64.91333220308381, 6.103000000000004
0.0050466933867735495, 0.49432780496235995, 0.0012048092981612833, 68.12147988217349, -0.009296247823617203, 0.0, 0.06107453057368051, 0.051778282750063305, -6.645358366407481, 0.0, 114.71308631821616, 108.06772795180868, 1.0705912347490243, 0.0, 64.02080608192544, 65.09139731667449, 6.103000000000004
0.005060320641282568, 0.4938971503899775, 0.0012080625655351057, 68.21070017863109, -0.00931785920988233, 0.0, 0.06144829071552883, 0.0521304315056465, -6.640599276683296, 0.0, 115.0621512511316, 108.42155197444829, 1.0724608542338694, 0.0, 64.19699536550857, 65.26945621974244, 6.103000000000004
0.0050739478957915855, 0.49345702275149983, 0.0012113158329089277, 68.29799797312255, -0.009339455113556126, 0.0, 0.06182318645893473, 0.052483731345378606, -6.635840186959111, 0.0, 115.411216184047, 108.77537599708788, 1.0743332127625675, 0.0, 64.3731757495645, 65.44750896232703, 6.103000000000004
0.005087575150300604, 0.4930074220469264, 0.0012145691002827502, 68.38336176907944, -0.009361035534638596, 0.0, 0.06219921780389827, 0.05283818226925967, -6.631081097234925, 0.0, 115.76028111696243, 109.1292000197275, 1.0762082883252346, 0.0, 64.54934730560633, 65.62555559393157, 6.103000000000004
0.005101202404809622, 0.4925483482762574, 0.0012178223676565724, 68.46678006993322, -0.009382600473129735, 0.0, 0.06257638475041936, 0.05319378427728963, -6.62632200751074, 0.0, 116.10934604987784, 109.48302404236709, 1.0780860591471721, 0.0, 64.72551010438306, 65.8035961635302, 6.103000000000004
0.00511482965931864, 0.49207980143949304, 0.0012210756350303949, 68.54824137911538, -0.009404149929029547, 0.0, 0.06295468729849807, 0.05355053736946854, -6.621562917786555, 0.0, 116.45841098279327, 109.8368480650067, 1.0799665036857347, 0.0, 64.90166421588968, 65.98163071957536, 6.103000000000004
0.005128456913827658, 0.49160178153663303, 0.0012243289024042171, 68.62773420005753, -0.009425683902338028, 0.0, 0.06333412544813438, 0.05390844154579634, -6.61680382806237, 0.0, 116.80747591570868, 110.1906720876463, 1.0818496006272516, 0.0, 65.07780970937719, 66.15965931000443, 6.103000000000004
0.005142084168336675, 0.49111428856767747, 0.0012275821697780393, 68.7052470361911, -0.00944720239305518, 0.0, 0.06371469919932829, 0.0542674968062731, -6.612044738338184, 0.0, 117.15654084862409, 110.54449611028589, 1.0837353288839884, 0.0, 65.2539466533625, 66.3376819822465, 6.103000000000004
0.0051557114228456945, 0.49061732253262647, 0.0012308354371518618, 68.7807683909477, -0.009468705401181008, 0.0, 0.06409640855207982, 0.05462770315089882, -6.607285648613999, 0.0, 117.50560578153954, 110.89832013292552, 1.0856236675911597, 0.0, 65.43007511563826, 66.51569878322938, 6.103000000000005
0.005169338677354712, 0.49011088343148, 0.001234088704525684, 68.85428676775877, -0.009490192926715503, 0.0, 0.06447925350638892, 0.05498906057967343, -6.602526558889814, 0.0, 117.85467071445494, 111.2521441555651, 1.0875145961039923, 0.0, 65.606195163282, 66.69370975938595, 6.103000000000005
0.005182965931863731, 0.489594971264238, 0.0012373419718995065, 68.92579067005583, -0.00951166496965867, 0.0, 0.06486323406225564, 0.05535156909259697, -6.597767469165628, 0.0, 118.20373564737038, 111.60596817820473, 1.0894080939948376, 0.0, 65.78230686266603, 66.87171495666084, 6.103000000000005
0.005196593186372747, 0.48906958603090067, 0.0012405952392733285, 68.9952686012704, -0.009533121530010506, 0.0, 0.06524835021967991, 0.05571522868966941, -6.593008379441443, 0.0, 118.55280058028576, 111.9597922008443, 1.0913041410503141, 0.0, 65.95841027946634, 67.04971442051664, 6.103000000000005
0.005210220440881766, 0.48853472773146767, 0.001243848506647151, 69.06270906483405, -0.009554562607771017, 0.0, 0.06563460197866182, 0.056080039370890816, -6.588249289717258, 0.0, 118.9018655132012, 112.31361622348393, 1.093202717268516, 0.0, 66.1345054786719, 67.2277081959404, 6.103000000000005
0.005223847695390784, 0.4879903963659391, 0.0012471017740209732, 69.12810056417827, -0.009575988202940198, 0.0, 0.06602198933920134, 0.056446001136261144, -6.583490199993072, 0.0, 119.25093044611661, 112.66744024612353, 1.0951038028562503, 0.0, 66.31059252459346, 67.4056963274497, 6.103000000000005
0.005237474949899803, 0.4874365919343151, 0.0012503550413947957, 69.19143160273458, -0.009597398315518051, 0.0, 0.06641051230129846, 0.0568131139857804, -6.578731110268887, 0.0, 119.59999537903205, 113.02126426876316, 1.0970073782263194, 0.0, 66.48667148087253, 67.58367885909885, 6.103000000000005
0.005251102204408821, 0.48687331443659554, 0.0012536083087686181, 69.25269068393445, -0.009618792945504577, 0.0, 0.06680017086495317, 0.0571813779194486, -6.573972020544701, 0.0, 119.94906031194748, 113.37508829140276, 1.0989134239948521, 0.0, 66.6627424104899, 67.76165583448474, 6.103000000000005
0.005264729458917838, 0.48630056387278053, 0.0012568615761424401, 69.31186631120951, -0.009640172092899767, 0.0, 0.06719096503016544, 0.05755079293726567, -6.569212930820517, 0.0, 120.29812524486286, 113.72891231404233, 1.100821920978664, 0.0, 66.83880537577437, 67.939627296753, 6.103000000000004
0.005278356713426856, 0.48571834024287, 0.0012601148435162626, 69.36894698799118, -0.009661535757703635, 0.0, 0.06758289479693536, 0.05792135903923172, -6.564453841096331, 0.0, 120.64719017777828, 114.08273633668196, 1.1027328501926887, 0.0, 67.01486043841103, 68.11759328860374, 6.103000000000004
0.005291983967935874, 0.48512664354686386, 0.0012633681108900848, 69.42392121771097, -0.009682883939916169, 0.0, 0.06797596016526283, 0.05829307622534667, -6.559694751372146, 0.0, 120.99625511069371, 114.43656035932156, 1.1046461928473932, 0.0, 67.19090765944966, 68.29555385229705, 6.103000000000004
0.005305611222444893, 0.4845254737847622, 0.0012666213782639073, 69.47677750380048, -0.009704216639537381, 0.0, 0.06837016113514799, 0.058665944495610606, -6.554935661647961, 0.0, 121.34532004360915, 114.79038438196119, 1.106561930346302, 0.0, 67.3669470993127, 68.473509029659, 6.103000000000004
0.00531923847695391, 0.4839148309565652, 0.0012698746456377293, 69.52750434969116, -0.009725533856567256, 0.0, 0.06876549770659064, 0.059039963850023386, -6.5501765719237754, 0.0, 121.69438497652455, 115.14420840460075, 1.108480044283492, 0.0, 67.54297881780352, 68.65145886208697, 6.103000000000004
0.005332865731462928, 0.4832947150622725, 0.0012731279130115518, 69.57609025881456, -0.009746835591005809, 0.0, 0.06916196987959095, 0.05941513428858515, -6.545417482199591, 0.0, 122.04344990943997, 115.49803242724037, 1.1104005164411865, 0.0, 67.71900287411414, 68.82940339055533, 6.103000000000004
0.005346492985971946, 0.4826651261018846, 0.001276381180385374, 69.62252373460217, -0.00976812184285303, 0.0, 0.06955957765414883, 0.05979145581129581, -6.540658392475406, 0.0, 122.39251484235538, 115.85185644987995, 1.1123233287873353, 0.0, 67.89501932683321, 69.00734265562052, 6.103000000000005
0.0053601202404809645, 0.48202606407540094, 0.0012796344477591965, 69.66679328048559, -0.009789392612108924, 0.0, 0.06995832103026434, 0.060168928418155423, -6.535899302751219, 0.0, 122.74157977527081, 116.20568047251957, 1.114248463473268, 0.0, 68.07102823395343, 69.1852766974267, 6.103000000000005
0.005373747494989983, 0.4813775289828218, 0.0012828877151330187, 69.7088873998962, -0.009810647898773488, 0.0, 0.07035820000793747, 0.06054755210916398, -6.531140213027035, 0.0, 123.09064470818623, 116.5595044951592, 1.11617590283136, 0.0, 68.24702965287936, 69.36320555571073, 6.103000000000005
0.0053873747494990005, 0.48071952082414726, 0.001286140982506841, 69.74879459626561, -0.009831887702846723, 0.0, 0.07075921458716813, 0.06092732688432141, -6.5263811233028495, 0.0, 123.43970964110164, 116.91332851779877, 1.118105629372747, 0.0, 68.42302364043472, 69.54112926980744, 6.103000000000005
0.005401002004008019, 0.48005203959937703, 0.0012893942498806634, 69.78650337302534, -0.00985311202432863, 0.0, 0.07116136476795644, 0.06130825274362782, -6.521622033578663, 0.0, 123.78877457401707, 117.2671525404384, 1.1200376257850717, 0.0, 68.59901025286969, 69.71904787865476, 6.103000000000005
0.005414629258517037, 0.47937508530851136, 0.0012926475172544856, 69.82200223360691, -0.009874320863219207, 0.0, 0.07156465055030233, 0.06169032968708312, -6.516862943854478, 0.0, 124.1378395069325, 117.620976563078, 1.1219718749302563, 0.0, 68.77498954586822, 69.89696142079846, 6.103000000000005
0.005428256513026055, 0.47868865795155024, 0.001295900784628308, 69.8552796814418, -0.009895514219518457, 0.0, 0.07196907193420583, 0.06207355771468738, -6.512103854130293, 0.0, 124.48690443984792, 117.9748005857176, 1.1239083598423227, 0.0, 68.95096157455511, 70.0748699343974, 6.103000000000005
0.0054418837675350735, 0.47799275752849346, 0.0012991540520021303, 69.88632421996152, -0.009916692093226378, 0.0, 0.07237462891966694, 0.06245793682644057, -6.507344764406108, 0.0, 124.83596937276333, 118.32862460835723, 1.1258470637252294, 0.0, 69.12692639350297, 70.25277345722819, 6.103000000000005
0.005455511022044091, 0.47728738403934134, 0.0013024073193759526, 69.91512435259764, -0.009937854484342968, 0.0, 0.07278132150668562, 0.06284346702234264, -6.502585674681923, 0.0, 125.18503430567876, 118.68244863099683, 1.1277879699507574, 0.0, 69.30288405673919, 70.43067202668993, 6.103000000000005
0.005469138276553109, 0.4765725374840937, 0.0013056605867497748, 69.94166858278163, -0.00995900139286823, 0.0, 0.07318914969526188, 0.06323014830239367, -6.497826584957738, 0.0, 125.53409923859418, 119.03627265363639, 1.1297310620564132, 0.0, 69.47883461775264, 70.60856567980898, 6.103000000000005
0.005482765531062127, 0.47584821786275056, 0.0013089138541235972, 69.96594541394508, -0.009980132818802164, 0.0, 0.0735981134853958, 0.06361798066659363, -6.493067495233552, 0.0, 125.88316417150959, 119.39009667627602, 1.1316763237433733, 0.0, 69.65477812950036, 70.78645445324372, 6.103000000000005
0.005496392785571145, 0.4751144251753119, 0.0013121671214974195, 69.98794334951943, -0.010001248762144768, 0.0, 0.07400821287708728, 0.06400696411494251, -6.4883084055093665, 0.0, 126.23222910442499, 119.74392069891562, 1.1336237388744501, 0.0, 69.83071464441433, 70.96433838328878, 6.103000000000004
0.005510020040080162, 0.47437115942177766, 0.0013154203888712417, 70.0076508929362, -0.010022349222896043, 0.0, 0.07441944787033634, 0.06439709864744031, -6.483549315785182, 0.0, 126.58129403734041, 120.09774472155522, 1.1355732914720997, 0.0, 70.00664421440779, 71.14221750587988, 6.103000000000004
0.005523647294589182, 0.47361842060214787, 0.0013186736562450642, 70.02505654762696, -0.010043434201055995, 0.0, 0.07483181846514306, 0.06478838426408708, -6.478790226060996, 0.0, 126.93035897025585, 120.45156874419484, 1.137524965716452, 0.0, 70.18256689088167, 71.3200918565981, 6.103000000000005
0.005537274549098199, 0.47285620871642264, 0.0013219269236188864, 70.04014881702318, -0.010064503696624611, 0.0, 0.07524532466150735, 0.06518082096488273, -6.47403113633681, 0.0, 127.27942390317128, 120.80539276683444, 1.1394787459433555, 0.0, 70.35848272473085, 71.4979614706742, 6.103000000000005
0.005550901803607218, 0.47208452376460186, 0.0013251801909927089, 70.05291620455645, -0.010085557709601903, 0.0, 0.07565996645942924, 0.06557440874982734, -6.469272046612626, 0.0, 127.6284888360867, 121.15921678947404, 1.1414346166424947, 0.0, 70.53439176635054, 71.675826382993, 6.103000000000005
0.005564529058116235, 0.4713033657466855, 0.001328433458366531, 70.0633472136582, -0.010106596239987862, 0.0, 0.07607574385890872, 0.06596914761892086, -6.4645129568884405, 0.0, 127.97755376900209, 121.51304081211364, 1.1433925624554773, 0.0, 70.71029406564217, 71.85368662809762, 6.103000000000005
0.005578156312625253, 0.47051273466267385, 0.0013316867257403533, 70.07143034775999, -0.010127619287782495, 0.0, 0.07649265685994577, 0.06636503757216329, -6.459753867164255, 0.0, 128.3266187019175, 121.86686483475324, 1.1453525681740018, 0.0, 70.8861896720197, 72.03154224019367, 6.103000000000005
0.0055917835671342704, 0.4697126305125666, 0.0013349399931141756, 70.07715411029338, -0.010148626852985797, 0.0, 0.07691070546254045, 0.06676207860955466, -6.454994777440071, 0.0, 128.67568363483292, 122.22068885739284, 1.1473146187380083, 0.0, 71.06207863441523, 72.20939325315321, 6.103000000000005
0.00560541082164329, 0.4689030532963637, 0.001338193260487998, 70.08050700468979, -0.010169618935597775, 0.0, 0.07732988966669278, 0.06716027073109501, -6.450235687715885, 0.0, 129.0247485677484, 122.57451288003247, 1.149278699233893, 0.0, 71.23796100128513, 72.38723970051899, 6.103000000000005
0.005619038076152307, 0.4680840030140656, 0.0013414465278618203, 70.08147753438078, -0.010190595535618418, 0.0, 0.07775020947240265, 0.06755961393678424, -6.445476597991699, 0.0, 129.37381350066377, 122.92833690267207, 1.1512447948927214, 0.0, 71.41383682061564, 72.56508161550835, 6.103000000000005
0.005632665330661326, 0.46725547966567194, 0.0013446997952356427, 70.08005420279795, -0.010211556653047738, 0.0, 0.07817166487967013, 0.06796010822662239, -6.440717508267514, 0.0, 129.72287843357918, 123.28216092531167, 1.1532128910884865, 0.0, 71.58970613992872, 72.74291903101721, 6.103000000000005
0.0056462925851703425, 0.4664174832511826, 0.0013479530626094647, 70.07622551337272, -0.010232502287885723, 0.0, 0.07859425588849518, 0.06836175360060945, -6.435958418543329, 0.0, 130.0719433664946, 123.63598494795126, 1.1551829733363754, 0.0, 71.76556900628745, 72.92075197962383, 6.103000000000005
0.005659919839679361, 0.4655700137705977, 0.0013512063299832872, 70.0699799695366, -0.010253432440132383, 0.0, 0.07901798249887787, 0.0687645500587455, -6.431199328819144, 0.0, 130.42100829941003, 123.98980897059086, 1.1571550272910776, 0.0, 71.94142546630177, 73.0985804935928, 6.103000000000005
0.00567354709418838, 0.46471307122391736, 0.0013544595973571097, 70.06130607472116, -0.010274347109787717, 0.0, 0.0794428447108182, 0.06916849760103048, -6.4264402390949575, 0.0, 130.7700732323255, 124.34363299323049, 1.1591290387451065, 0.0, 72.11727556613369, 73.27640460487875, 6.103000000000005
0.005687174348697398, 0.4638466556111416, 0.001357712864730932, 70.05019233235791, -0.010295246296851718, 0.0, 0.07986884252431604, 0.06957359622746434, -6.421681149370773, 0.0, 131.11913816524088, 124.69745701587009, 1.1611049936271443, 0.0, 72.2931193515028, 73.45422434512992, 6.103000000000005
0.005700801603206416, 0.46297076693227013, 0.0013609661321047543, 70.03662724587838, -0.010316130001324393, 0.0, 0.08029597593937153, 0.06997984593804715, -6.416922059646588, 0.0, 131.46820309815632, 125.05128103850971, 1.1630828780004236, 0.0, 72.46895686769165, 73.63203974569204, 6.103000000000006
0.005714428857715433, 0.46208540518730323, 0.0013642193994785764, 70.02059931871403, -0.010336998223205735, 0.0, 0.0807242449559846, 0.07038724673277885, -6.412162969922402, 0.0, 131.81726803107168, 125.40510506114929, 1.1650626780611093, 0.0, 72.64478815955064, 73.80985083761176, 6.103000000000006
0.0057280561122244516, 0.4611905703762409, 0.0013674726668523988, 70.00209705429646, -0.010357850962495752, 0.0, 0.08115364957415527, 0.07079579861165954, -6.407403880198218, 0.0, 132.16633296398714, 125.75892908378889, 1.1670443801367358, 0.0, 72.82061327150369, 73.98765765164039, 6.103000000000005
0.00574168336673347, 0.460286262499083, 0.001370725934226221, 69.98110895605711, -0.01037868821919444, 0.0, 0.08158418979388356, 0.07120550157468912, -6.4026447904740325, 0.0, 132.51539789690256, 126.11275310642851, 1.1690279706846294, 0.0, 72.99643224755263, 74.16546021823724, 6.103000000000005
0.0057553106212424885, 0.45937248155582966, 0.0013739792016000435, 69.9576235274275, -0.010399509993301798, 0.0, 0.08201586561516944, 0.07161635562186765, -6.397885700749846, 0.0, 132.864462829818, 126.46657712906814, 1.1710134362903857, 0.0, 73.17224513128275, 74.34325856757313, 6.103000000000005
0.005768937875751505, 0.4584492275464809, 0.0013772324689738655, 69.93162927183928, -0.010420316284817824, 0.0, 0.08244867703801288, 0.07202836075319506, -6.393126611025662, 0.0, 133.21352776273338, 126.82040115170771, 1.173000763666345, 0.0, 73.34805196586743, 74.52105272953376, 6.103000000000005
0.005782565130260524, 0.4575165004710364, 0.001380485736347688, 69.90311469272379, -0.010441107093742527, 0.0, 0.08288262406241398, 0.07244151696867145, -6.388367521301476, 0.0, 133.5625926956488, 127.17422517434731, 1.1749899396501071, 0.0, 73.52385279407315, 74.69884273372324, 6.103000000000005
0.005796192384769542, 0.45657430032949664, 0.0013837390037215104, 69.87206829351263, -0.010461882420075898, 0.0, 0.08331770668837264, 0.07285582426829675, -6.38360843157729, 0.0, 133.91165762856426, 127.52804919698694, 1.17698095120305, 0.0, 73.6996476582642, 74.87662860946723, 6.103000000000005
0.00580981963927856, 0.4556226271218611, 0.0013869922710953327, 69.83847857763735, -0.010482642263817942, 0.0, 0.08375392491588891, 0.07327128265207099, -6.378849341853106, 0.0, 134.2607225614796, 127.8818732196265, 1.178973785408888, 0.0, 73.87543660040723, 75.05441038581608, 6.103000000000005
0.005823446893787579, 0.4546614808481301, 0.0013902455384691551, 69.80233404852942, -0.010503386624968657, 0.0, 0.08419127874496282, 0.07368789211999417, -6.37409025212892, 0.0, 134.60978749439508, 128.23569724226616, 1.1809684294722285, 0.0, 74.05121966207633, 75.23218809154858, 6.103000000000005
0.005837074148296596, 0.45369086150830373, 0.0013934988058429772, 69.76362320962036, -0.010524115503528041, 0.0, 0.08462976817559426, 0.07410565267206623, -6.369331162404735, 0.0, 134.95885242731046, 128.58952126490573, 1.182964870717178, 0.0, 74.22699688445717, 75.40996175517435, 6.103000000000005
0.005850701402805614, 0.4527107691023817, 0.0013967520732167996, 69.72233456434174, -0.010544828899496098, 0.0, 0.08506939320778333, 0.07452456430828724, -6.36457207268055, 0.0, 135.30791736022587, 128.94334528754533, 1.1849630965859288, 0.0, 74.4027683083518, 75.58773140493773, 6.103000000000005
0.005864328657314632, 0.4517212036303643, 0.0014000053405906219, 69.67845661612503, -0.010565526812872825, 0.0, 0.08551015384152999, 0.07494462702865717, -6.359812982956365, 0.0, 135.6569822931413, 129.29716931018493, 1.1869630946374055, 0.0, 74.57853397418295, 75.76549706882035, 6.103000000000005
0.00587795591182365, 0.45072216509225127, 0.0014032586079644443, 69.63197786840169, -0.010586209243658225, 0.0, 0.08595205007683426, 0.07536584083317605, -6.35505389323218, 0.0, 136.00604722605672, 129.65099333282456, 1.1889648525459027, 0.0, 74.75429392199852, 75.94325877454445, 6.103000000000006
0.005891583166332669, 0.4497136534880428, 0.0014065118753382665, 69.58288682460332, -0.010606876191852296, 0.0, 0.08639508191369613, 0.07578820572184386, -6.350294803507993, 0.0, 136.3551121589722, 130.00481735546416, 1.1909683580997514, 0.0, 74.93004819147595, 76.12101654957564, 6.103000000000006
0.005905210420841686, 0.44869566881773904, 0.0014097651427120888, 69.53117198816145, -0.010627527657455036, 0.0, 0.0868392493521156, 0.07621172169466056, -6.345535713783809, 0.0, 136.70417709188757, 130.35864137810375, 1.1929735992000043, 0.0, 75.10579682192623, 76.29877042112622, 6.103000000000006
0.005918837675350705, 0.4476682110813395, 0.0014130184100859112, 69.47682186250759, -0.01064816364046645, 0.0, 0.08728455239209268, 0.07663638875162623, -6.340776624059623, 0.0, 137.05324202480298, 130.71246540074338, 1.19498056385914, 0.0, 75.28153985229854, 76.4765204161577, 6.103000000000006
0.005932464929859722, 0.44663128027884447, 0.0014162716774597335, 69.41982495107325, -0.010668784140886532, 0.0, 0.08773099103362733, 0.07706220689274079, -6.336017534335437, 0.0, 137.40230695771842, 131.06628942338298, 1.1969892401997813, 0.0, 75.45727732118412, 76.65426656138392, 6.103000000000006
0.005946092184368741, 0.4455848764102539, 0.001419524944833556, 69.36016975728992, -0.01068938915871529, 0.0, 0.0881785652767196, 0.07748917611800432, -6.331258444611253, 0.0, 137.75137189063383, 131.42011344602258, 1.1989996164534344, 0.0, 75.63300926682038, 76.83200888327382, 6.103000000000006
0.0059597194388777575, 0.444528999475568, 0.001422778212207378, 69.2978447845891, -0.010709978693952713, 0.0, 0.08862727512136942, 0.0779172964274167, -6.326499354887067, 0.0, 138.10043682354922, 131.77393746866215, 1.2010116809592366, 0.0, 75.80873572709507, 77.0097474080543, 6.103000000000005
0.005973346693386777, 0.44346364947478634, 0.0014260314795812004, 69.23283853640234, -0.010730552746598813, 0.0, 0.08907712056757694, 0.07834656782097812, -6.321740265162882, 0.0, 138.44950175646468, 132.12776149130178, 1.2030254221627443, 0.0, 75.98445673955014, 77.18748216171286, 6.103000000000005
0.0059869739478957944, 0.44238882640790944, 0.0014292847469550226, 69.16513951616119, -0.01075111131665358, 0.0, 0.08952810161534196, 0.07877699029868838, -6.3169811754386975, 0.0, 138.7985666893801, 132.48158551394138, 1.2050408286147054, 0.0, 76.1601723413858, 77.36521317000049, 6.103000000000005
0.006000601202404813, 0.44130453027493677, 0.001432538014328845, 69.09473622729712, -0.010771654404117023, 0.0, 0.08998021826466462, 0.07920856386054761, -6.312222085714512, 0.0, 139.1476316222955, 132.835409536581, 1.2070578889698762, 0.0, 76.33588256946425, 77.54294045843413, 6.103000000000005
0.0060142284569138305, 0.44021076107586876, 0.0014357912817026673, 69.02161717324168, -0.010792182008989131, 0.0, 0.09043347051554489, 0.07964128850655577, -6.307462995990327, 0.0, 139.49669655521095, 133.1892335592206, 1.209076591985834, 0.0, 76.51158746031368, 77.72066405229948, 6.103000000000005
0.006027855711422848, 0.4391075188107053, 0.0014390445490764896, 68.94577085742637, -0.010812694131269915, 0.0, 0.09088785836798273, 0.08007516423671282, -6.302703906266142, 0.0, 139.84576148812633, 133.54305758186018, 1.2110969265218268, 0.0, 76.68728705013186, 77.89838397665368, 6.103000000000005
0.0060414829659318665, 0.4379948034794463, 0.0014422978164503118, 68.86718578328274, -0.010833190770959369, 0.0, 0.09134338182197818, 0.08051019105101884, -6.297944816541956, 0.0, 140.19482642104177, 133.8968816044998, 1.2131188815376137, 0.0, 76.86298137479018, 78.07610025632776, 6.103000000000006
0.006055110220440885, 0.43687261508209163, 0.0014455510838241343, 68.78585045424225, -0.010853671928057494, 0.0, 0.09180004087753128, 0.08094636894947378, -6.29318572681777, 0.0, 140.5438913539572, 134.25070562713944, 1.2151424460923415, 0.0, 77.0386704698368, 78.25381291592915, 6.103000000000006
0.0060687374749499035, 0.4357409536186415, 0.0014488043511979567, 68.70175337373647, -0.01087413760256429, 0.0, 0.09225783553464194, 0.08138369793207764, -6.288426637093585, 0.0, 140.89295628687262, 134.60452964977904, 1.2171676093434258, 0.0, 77.21435437050087, 78.43152197984429, 6.103000000000006
0.006082364729458921, 0.43459981908909584, 0.001452057618571779, 68.61488304519685, -0.010894587794479757, 0.0, 0.0927167657933102, 0.08182217799883043, -6.2836675473694, 0.0, 141.24202121978803, 134.9583536724186, 1.219194360545454, 0.0, 77.39003311169563, 78.60922747224109, 6.103000000000006
0.006095991983967939, 0.4334492114934547, 0.0014553108859456012, 68.52522797205503, -0.010915022503803894, 0.0, 0.09317683165353603, 0.08226180914973213, -6.2789084576452145, 0.0, 141.59108615270344, 135.3121776950582, 1.2212226890490956, 0.0, 77.56570672802225, 78.78692941707136, 6.103000000000006
0.006109619238476956, 0.43228913083171816, 0.0014585641533194234, 68.43277665774235, -0.010935441730536705, 0.0, 0.09363803311531946, 0.08270259138478275, -6.274149367921029, 0.0, 141.94015108561885, 135.6660017176978, 1.223252584300031, 0.0, 77.74137525377317, 78.9646278380732, 6.103000000000006
0.0061232464929859756, 0.43111957710388593, 0.0014618174206932459, 68.33751760569052, -0.010955845474678186, 0.0, 0.09410037017866058, 0.08314452470398238, -6.269390278196845, 0.0, 142.2892160185343, 136.01982574033744, 1.2252840358378951, 0.0, 77.9170387229355, 79.14232275877339, 6.103000000000006
0.006136873747494993, 0.42994055030995837, 0.0014650706880670681, 68.23943931933098, -0.010976233736228339, 0.0, 0.09456384284355919, 0.08358760910733086, -6.264631188472659, 0.0, 142.6382809514497, 136.37364976297704, 1.227317033295236, 0.0, 78.09269716919452, 79.32001420248976, 6.103000000000006
0.006150501002004011, 0.42875205044993514, 0.0014683239554408904, 68.13853030209518, -0.010996606515187163, 0.0, 0.09502845111001543, 0.08403184459482826, -6.259872098748474, 0.0, 142.9873458843651, 136.7274737856166, 1.2293515663964807, 0.0, 78.26835062593699, 79.49770219233345, 6.103000000000006
0.006164128256513028, 0.4275540775238167, 0.0014715772228147126, 68.03477905741471, -0.011016963811554654, 0.0, 0.09549419497802927, 0.08447723116647463, -6.2551130090242895, 0.0, 143.33641081728052, 137.0812978082562, 1.2313876249569198, 0.0, 78.44399912625437, 79.67538675121125, 6.103000000000006
0.006177755511022047, 0.42634663153160257, 0.001474830490188535, 67.92817408872114, -0.011037305625330823, 0.0, 0.09596107444760073, 0.08492376882226992, -6.250353919300103, 0.0, 143.68547575019596, 137.43512183089584, 1.2334251988817204, 0.0, 78.61964270294621, 79.85306790182791, 6.103000000000006
0.006191382765531066, 0.4251297124732928, 0.0014780837575623575, 67.81870389944581, -0.01105763195651566, 0.0, 0.09642908951872982, 0.08537145756221416, -6.245594829575917, 0.0, 144.0345406831114, 137.78894585353547, 1.23546427816491, 0.0, 78.79528138852326, 80.03074566668815, 6.103000000000005
0.006205010020040084, 0.42390332034888756, 0.0014813370249361797, 67.70635699302036, -0.011077942805109169, 0.0, 0.09689824019141646, 0.0858202973863073, -6.2408357398517325, 0.0, 144.38360561602678, 138.14276987617507, 1.2375048528884218, 0.0, 78.97091521521062, 80.20842006809904, 6.103000000000006
0.006218637274549101, 0.4226674551583869, 0.001484590292310002, 67.59112187287641, -0.011098238171111347, 0.0, 0.09736852646566069, 0.08627028829454933, -6.236076650127547, 0.0, 144.73267054894222, 138.49659389881467, 1.239546913221126, 0.0, 79.14654421495104, 80.38609112817217, 6.103000000000006
0.006232264529058119, 0.42142211690179077, 0.0014878435596838242, 67.47298704244528, -0.011118518054522198, 0.0, 0.09783994834146252, 0.08672143028694032, -6.231317560403362, 0.0, 145.08173548185763, 138.85041792145427, 1.2415904494178789, 0.0, 79.32216841940782, 80.56375886882569, 6.103000000000006
0.006245891783567137, 0.420167305579099, 0.0014910968270576467, 67.35194100515858, -0.011138782455341719, 0.0, 0.09831250581882198, 0.08717372336348027, -6.226558470679177, 0.0, 145.43080041477305, 139.20424194409387, 1.243635451818578, 0.0, 79.49778785996789, 80.74142331178643, 6.103000000000006
0.006259519038076155, 0.41890302119031186, 0.001494350094431469, 67.22797226444789, -0.011159031373569913, 0.0, 0.09878619889773899, 0.08762716752416909, -6.221799380954992, 0.0, 145.77986534768846, 139.55806596673347, 1.2456819108472532, 0.0, 79.67340256774493, 80.91908447859217, 6.103000000000006
0.006273146292585174, 0.41762926373542886, 0.0014976033618052914, 67.10106932374458, -0.011179264809206777, 0.0, 0.0992610275782137, 0.08808176276900692, -6.217040291230806, 0.0, 146.12893028060392, 139.9118899893731, 1.2477298170111326, 0.0, 79.84901257358227, 81.09674239059338, 6.103000000000006
0.006286773547094191, 0.4163460332144511, 0.0015008566291791134, 66.97122068648028, -0.011199482762252314, 0.0, 0.09973699186024589, 0.08853750909799359, -6.212281201506622, 0.0, 146.47799521351928, 140.26571401201267, 1.249779160899758, 0.0, 80.0246179080557, 81.27439706895544, 6.103000000000006
0.006300400801603209, 0.4150533296273773, 0.0015041098965529358, 66.8384148560865, -0.011219685232706519, 0.0, 0.10021409174383575, 0.08899440651112922, -6.207522111782436, 0.0, 146.82706014643475, 140.6195380346523, 1.2518299331840814, 0.0, 80.20021860147668, 81.45204853466073, 6.103000000000006
0.006314028056112228, 0.4137511529742077, 0.0015073631639267583, 66.70264033599469, -0.011239872220569398, 0.0, 0.10069232722898322, 0.08945245500841383, -6.2027630220582495, 0.0, 147.17612507935016, 140.9733620572919, 1.2538821246155978, 0.0, 80.37581468389475, 81.6296968085103, 6.103000000000006
0.0063276553106212455, 0.41243950325494305, 0.0015106164313005805, 66.56388562963647, -0.011260043725840945, 0.0, 0.10117169831568824, 0.0899116545898473, -6.198003932334064, 0.0, 147.5251900122656, 141.3271860799315, 1.255935726025467, 0.0, 80.55140618510079, 81.80734191112622, 6.103000000000006
0.006341282565130264, 0.4111183804695828, 0.0015138696986744028, 66.42213924044324, -0.011280199748521168, 0.0, 0.10165220500395089, 0.09037200525542974, -6.19324484260988, 0.0, 147.874254945181, 141.68101010257112, 1.257990728323672, 0.0, 80.72699313462948, 81.98498386295313, 6.103000000000006
0.0063549098196392815, 0.40978778461812704, 0.001517122966048225, 66.27738967184663, -0.011300340288610058, 0.0, 0.1021338472937711, 0.09083350700516106, -6.188485752885694, 0.0, 148.2233198780964, 142.03483412521072, 1.260047122498153, 0.0, 80.90257556176222, 82.16262268426038, 6.103000000000007
0.0063685370741483, 0.4084477157005757, 0.0015203762334220475, 66.12962542727803, -0.011320465346107622, 0.0, 0.10261662518514897, 0.09129615983904135, -6.183726663161509, 0.0, 148.57238481101186, 142.38865814785032, 1.2621048996139959, 0.0, 81.07815349552983, 82.34025839514378, 6.103000000000007
0.006382164328657318, 0.4070981737169288, 0.0015236295007958697, 65.97883501016915, -0.011340574921013855, 0.0, 0.10310053867808439, 0.09175996375707055, -6.178967573437324, 0.0, 148.92144974392724, 142.74248217048992, 1.2641640508125938, 0.0, 81.25372696471504, 82.51789101552762, 6.103000000000007
0.006395791583166336, 0.4057391586671866, 0.0015268827681696922, 65.82500692395132, -0.011360669013328762, 0.0, 0.10358558777257744, 0.0922249187592487, -6.174208483713139, 0.0, 149.27051467684268, 143.09630619312955, 1.2662245673108397, 0.0, 81.42929599785548, 82.69552056516628, 6.103000000000007
0.006409418837675353, 0.4043706705513488, 0.0015301360355435142, 65.66812967205618, -0.011380747623052336, 0.0, 0.10407177246862805, 0.0926910248455757, -6.169449393988954, 0.0, 149.61957960975806, 143.4501302157691, 1.2682864404003202, 0.0, 81.60486062324578, 82.87314706364613, 6.103000000000007
0.006423046092184372, 0.40299270936941545, 0.0015333893029173366, 65.50819175791517, -0.011400810750184585, 0.0, 0.10455909276623632, 0.09315828201605172, -6.164690304264768, 0.0, 149.9686445426735, 143.80395423840872, 1.2703496614465288, 0.0, 81.78042086894088, 83.05077053038741, 6.103000000000006
0.00643667334669339, 0.4016052751213868, 0.0015366425702911589, 65.34518168495984, -0.011420858394725503, 0.0, 0.10504754866540213, 0.09362669027067662, -6.159931214540583, 0.0, 150.3177094755889, 144.15777826104832, 1.2724142218880778, 0.0, 81.95597676275771, 83.22839098464581, 6.103000000000006
0.006450300601202408, 0.4002083678072623, 0.0015398958376649813, 65.17908795662169, -0.011440890556675095, 0.0, 0.10553714016612556, 0.09409624960945048, -6.155172124816397, 0.0, 150.66677440850435, 144.51160228368792, 1.2744801132359327, 0.0, 82.1315283322784, 83.40600844551432, 6.103000000000006
0.006463927855711427, 0.3988019874270423, 0.0015431491050388038, 65.00989907633223, -0.011460907236033355, 0.0, 0.10602786726840663, 0.09456696003237328, -6.150413035092212, 0.0, 151.0158393414198, 144.86542630632755, 1.2765473270726364, 0.0, 82.30707560485237, 83.58362293192499, 6.103000000000006
0.006477555110220443, 0.3973861339807272, 0.0015464023724126258, 64.83760354752306, -0.011480908432800287, 0.0, 0.10651972997224521, 0.09503882153944491, -6.145653945368027, 0.0, 151.36490427433515, 145.21925032896712, 1.2786158550515763, 0.0, 82.48261860759887, 83.76123446265045, 6.103000000000006
0.006491182364729463, 0.3959608074683161, 0.0015496556397864483, 64.66218987362564, -0.011500894146975893, 0.0, 0.10701272827764147, 0.0955118341306656, -6.140894855643841, 0.0, 151.7139692072506, 145.57307435160675, 1.2806856888962226, 0.0, 82.65815736740957, 83.93884305630576, 6.103000000000006
0.00650480961923848, 0.39452600788980985, 0.0015529089071602705, 64.48364655807148, -0.011520864378560168, 0.0, 0.10750686218459529, 0.09598599780603514, -6.136135765919657, 0.0, 152.06303414016602, 145.92689837424635, 1.2827568203994049, 0.0, 82.83369191095059, 84.11644873134998, 6.103000000000007
0.006518436873747499, 0.39308173524520784, 0.001556162174534093, 64.30196210429204, -0.011540819127553113, 0.0, 0.10800213169310675, 0.09646131256555363, -6.1313766761954716, 0.0, 152.41209907308144, 146.28072239688598, 1.2848292414225777, 0.0, 83.00922226466524, 84.29405150608783, 6.103000000000007
0.006532064128256516, 0.3916279895345105, 0.0015594154419079152, 64.11712501571901, -0.01156075839395473, 0.0, 0.10849853680317577, 0.09693777840922103, -6.126617586471286, 0.0, 152.76116400599687, 146.63454641952555, 1.2869029438951192, 0.0, 83.18474845477606, 84.47165139867114, 6.103000000000007
0.006545691382765534, 0.3901647707577174, 0.0015626687092817374, 63.92912379578374, -0.011580682177765018, 0.0, 0.10899607751480236, 0.09741539533703736, -6.121858496747102, 0.0, 153.11022893891226, 146.98837044216515, 1.2889779198136069, 0.0, 83.3602705072872, 84.64924842710079, 6.103000000000007
0.006559318637274552, 0.38869207891482893, 0.0015659219766555597, 63.737946947917834, -0.011600590478983978, 0.0, 0.10949475382798662, 0.09789416334900264, -6.117099407022915, 0.0, 153.4592938718277, 147.34219446480478, 1.291054161241133, 0.0, 83.53578844798687, 84.826842609228, 6.103000000000007
0.006572945891783571, 0.3872099140058449, 0.0015691752440293821, 63.543582975552766, -0.01162048329761161, 0.0, 0.10999456574272846, 0.09837408244511685, -6.112340317298729, 0.0, 153.80835880474314, 147.69601848744438, 1.2931316603066092, 0.0, 83.71130230244921, 85.0044339627558, 6.103000000000007
0.006586573146292589, 0.3857182760307658, 0.0015724285114032046, 63.346020382120116, -0.011640360633647914, 0.0, 0.1104955132590279, 0.09885515262538, -6.107581227574544, 0.0, 154.15742373765855, 148.049842510084, 1.2952104092040853, 0.0, 83.88681209603686, 85.18202250524094, 6.103000000000007
0.006600200400801606, 0.3842171649895909, 0.0015756817787770266, 63.14524767105135, -0.011660222487092885, 0.0, 0.11099759637688489, 0.09933737388979197, -6.102822137850359, 0.0, 154.50648867057393, 148.40366653272358, 1.297290400192078, 0.0, 84.06231785390294, 85.35960825409502, 6.103000000000007
0.006613827655310624, 0.38270658088232024, 0.001578935046150849, 62.941253345777966, -0.01168006885794653, 0.0, 0.11150081509629951, 0.099820746238353, -6.098063048126174, 0.0, 154.8555536034894, 148.7574905553632, 1.299371625592908, 0.0, 84.23781960099333, 85.53719122658622, 6.103000000000007
0.006627454909819642, 0.38118652370895423, 0.0015821883135246713, 62.73402590973157, -0.011699899746208846, 0.0, 0.11200516941727173, 0.1003052696710629, -6.093303958401989, 0.0, 155.20461853640478, 149.11131457800278, 1.3014540777920427, 0.0, 84.41331736204859, 85.71477143984059, 6.103000000000007
0.006641082164328661, 0.3796569934694929, 0.0015854415808984937, 62.52355386634355, -0.011719715151879834, 0.0, 0.11251065933980159, 0.10079094418792175, -6.088544868677804, 0.0, 155.55368346932022, 149.46513860064243, 1.3035377492374478, 0.0, 84.5888111616064, 85.89234891084384, 6.103000000000007
0.006654709418837679, 0.37811799016393577, 0.001588694848272316, 62.309825719045506, -0.011739515074959492, 0.0, 0.113017284863889, 0.1012777697889295, -6.083785778953619, 0.0, 155.90274840223566, 149.818962623282, 1.3056226324389488, 0.0, 84.76430102400332, 86.06992365644221, 6.103000000000007
0.0066683366733466965, 0.3765695137922833, 0.0015919481156461382, 62.092829971269026, -0.01175929951544782, 0.0, 0.113525045989534, 0.10176574647408618, -6.079026689229433, 0.0, 156.25181333515104, 150.1727866459216, 1.3077087199675974, 0.0, 84.93978697337695, 86.24749569334453, 6.103000000000007
0.006681963927855714, 0.37501156435453553, 0.0015952013830199605, 61.87255512644549, -0.011779068473344822, 0.0, 0.11403394271673659, 0.10225487424339177, -6.074267599505249, 0.0, 156.60087826806645, 150.5266106685612, 1.3097960044550498, 0.0, 85.11526903366818, 86.42506503812321, 6.103000000000007
0.0066955911823647326, 0.37344414185069175, 0.001598454650393783, 61.64898968800654, -0.011798821948650494, 0.0, 0.11454397504549683, 0.10274515309684636, -6.069508509781063, 0.0, 156.9499432009819, 150.88043469120083, 1.3118844785929438, 0.0, 85.2907472286228, 86.60263170721575, 6.103000000000007
0.006709218436873752, 0.37186724628075263, 0.0016017079177676054, 61.422122159383576, -0.01181855994136484, 0.0, 0.1150551429758147, 0.10323658303444987, -6.064749420056876, 0.0, 157.29900813389733, 151.23425871384046, 1.3139741351323002, 0.0, 85.46622158179375, 86.78019571692603, 6.103000000000007
0.0067228456913827695, 0.3702808776447184, 0.0016049611851414276, 61.19194104400813, -0.011838282451487853, 0.0, 0.1155674465076901, 0.10372916405620228, -6.059990330332692, 0.0, 157.64807306681277, 151.58808273648006, 1.3160649668829063, 0.0, 85.641692116543, 86.95775708342586, 6.103000000000007
0.006736472945891787, 0.36868503594258817, 0.0016082144525152498, 60.958434845311814, -0.011857989479019539, 0.0, 0.11608088564112311, 0.10422289616210359, -6.0552312406085065, 0.0, 157.99713799972815, 151.94190675911966, 1.31815696671274, 0.0, 85.81715885604342, 87.13531582275616, 6.103000000000007
0.006750100200400805, 0.3670797211743628, 0.001611467719889072, 60.72159206672609, -0.011877681023959894, 0.0, 0.11659546037611372, 0.10471777935215382, -6.050472150884321, 0.0, 158.34620293264356, 152.2957307817592, 1.3202501275473628, 0.0, 85.99262182328088, 87.31287195082824, 6.103000000000007
0.006763727454909823, 0.3654649333400417, 0.0016147209872628945, 60.48140121168248, -0.011897357086308923, 0.0, 0.11711117071266194, 0.10521381362635301, -6.045713061160137, 0.0, 158.695267865559, 152.64955480439883, 1.3223444423693569, 0.0, 86.16808104105597, 87.4904254834253, 6.103000000000007
0.006777354709418841, 0.36384067243962503, 0.0016179742546367168, 60.23785078361249, -0.01191701766606662, 0.0, 0.11762801665076775, 0.10571099898470113, -6.040953971435951, 0.0, 159.04433279847441, 153.00337882703843, 1.3244399042177404, 0.0, 86.34353653198579, 87.6679764362035, 6.103000000000007
0.006790981963927859, 0.362206938473113, 0.001621227522010539, 59.990929285947686, -0.011936662763232993, 0.0, 0.11814599819043116, 0.10620933542719817, -6.036194881711766, 0.0, 159.39339773138983, 153.35720284967803, 1.326536506187406, 0.0, 86.51898831850602, 87.84552482469338, 6.103000000000007
0.006804609218436877, 0.36056373144050524, 0.0016244807893843612, 59.74062522211952, -0.011956292377808033, 0.0, 0.11866511533165217, 0.10670882295384415, -6.0314357919875805, 0.0, 159.74246266430526, 153.71102687231763, 1.3286342414285586, 0.0, 86.69443642287254, 88.02307066430104, 6.103000000000008
0.006818236472945895, 0.35891105134180235, 0.0016277340567581837, 59.48692709555951, -0.011975906509791748, 0.0, 0.11918536807443078, 0.10720946156463904, -6.026676702263395, 0.0, 160.09152759722068, 154.06485089495726, 1.3307331031461678, 0.0, 86.86988086716337, 88.20061397030955, 6.103000000000008
0.006831863727454913, 0.35724889817700367, 0.001630987324132006, 59.229823409699236, -0.01199550515918413, 0.0, 0.119706756418767, 0.10771125125958285, -6.02191761253921, 0.0, 160.44059253013606, 154.41867491759686, 1.3328330845994136, 0.0, 87.0453216732803, 88.37815475787973, 6.103000000000008
0.006845490981963931, 0.35557727194610966, 0.0016342405915058284, 58.969302667970226, -0.012015088325985187, 0.0, 0.12022928036466082, 0.10821419203867563, -6.0171585228150235, 0.0, 160.78965746305153, 154.77249894023646, 1.3349341791011589, 0.0, 87.22075886295086, 88.55569304205197, 6.103000000000008
0.00685911823647295, 0.3538961726491201, 0.0016374938588796506, 58.70535337380386, -0.012034656010194914, 0.0, 0.12075293991211225, 0.10871828390191732, -6.012399433090839, 0.0, 161.13872239596694, 155.1263229628761, 1.3370363800173999, 0.0, 87.39619245772973, 88.73322883774712, 6.103000000000008
0.006872745490981967, 0.35220560028603476, 0.0016407471262534729, 58.437964030631804, -0.01205420821181331, 0.0, 0.12127773506112123, 0.10922352684930793, -6.007640343366654, 0.0, 161.48778732888235, 155.48014698551566, 1.3391396807667535, 0.0, 87.57162247900075, 88.91076215976746, 6.103000000000008
0.006886372745490986, 0.3505055548568543, 0.0016440003936272953, 58.167123141885554, -0.01207374493084038, 0.0, 0.12180366581168786, 0.10972992088084749, -6.002881253642468, 0.0, 161.8368522617978, 155.8339710081553, 1.341244074819933, 0.0, 87.74704894797846, 89.08829302279838, 6.103000000000008
0.006900000000000003, 0.3487960363615781, 0.0016472536610011176, 57.89281921099658, -0.01209326616727612, 0.0, 0.12233073216381204, 0.11023746599653594, -5.998122163918284, 0.0, 162.1859171947132, 156.1877950307949, 1.34334955569923, 0.0, 87.92247188570985, 89.26582144140906, 6.103000000000007
