phi0, phi, rho, Z_fit_curve, F_id, F_fr, F_ex, F_total, mu_id, mu_fr, mu_ex, mu_kT, PV_id, PV_fr, PV_ex, PV_NkT, alpha
1.0000000000000005E-4, 0.21848405110901575, 2.387324146378431E-5, 1.0935515898804824, -7.490629731810276E-4, 0.0, -0.019718778250160805, -0.020467841223341828, -7.185515050102509, 0.0, 56.72619060994967, 49.54067555984716, 24.191161398186065, 0.0, 882.7044424562342, 906.8956038544202, 6.1030000000000095
1.136272545090181E-4, 0.2191333260715214, 2.7126508837606623E-5, 1.109972494334241, -7.724393748576353E-4, 0.0, -0.01953423278500823, -0.02030667215986586, -7.185515050102509, 0.0, 56.72619060994967, 49.54067555984716, 21.28992863790978, 0.0, 776.8421812798251, 798.1321099177347, 6.1030000000000095
1.2725450901803612E-4, 0.21978260103402705, 3.0379776211428932E-5, 1.1272742545264085, -7.95815776534243E-4, 0.0, -0.019349687319855653, -0.020145503096389895, -7.185515050102509, 0.0, 56.72619060994967, 49.54067555984716, 19.01006226408638, 0.0, 693.6527823396236, 712.6628446037098, 6.1030000000000095
1.408817635270542E-4, 0.2204318759965327, 3.363304358525125E-5, 1.1454568704569847, -8.191921782108506E-4, 0.0, -0.01916514185470308, -0.019984334032913924, -7.185515050102509, 0.0, 56.72619060994967, 49.54067555984716, 17.171251120476306, 0.0, 626.5569228814521, 643.7281740019283, 6.1030000000000095
1.545090180360722E-4, 0.22108115095903835, 3.688631095907355E-5, 1.1645203421259693, -8.425685798874583E-4, 0.0, -0.018980596389550505, -0.019823164969437958, -7.185515050102509, 0.0, 56.72619060994967, 49.54067555984716, 15.656795768735213, 0.0, 571.2963901240739, 586.9531858928088, 6.1030000000000095
1.6813627254509027E-4, 0.221730425921544, 4.013957833289587E-5, 1.184464669533363, -8.65944981564066E-4, 0.0, -0.01879605092439793, -0.01966199590596199, -7.185515050102509, 0.0, 56.72619060994967, 49.54067555984716, 14.387830199874667, 0.0, 524.9934645836244, 539.3812947834989, 6.1030000000000095
1.817635270541083E-4, 0.22237970088404965, 4.339284570671818E-5, 1.2052898526791653, -8.893213832406738E-4, 0.0, -0.018611505459245357, -0.019500826842486024, -7.185515050102509, 0.0, 56.72619060994967, 49.54067555984716, 13.309139512342725, 0.0, 485.63342534251484, 498.94256485485744, 6.1030000000000095
1.9539078156312635E-4, 0.2230289758465553, 4.664611308054049E-5, 1.226995891563376, -9.126977849172814E-4, 0.0, -0.01842695999409278, -0.019339657779010058, -7.185515050102509, 0.0, 56.72619060994967, 49.54067555984716, 12.38091234635369, 0.0, 451.7636069596522, 464.1445193060058, 6.1030000000000095
2.090180360721444E-4, 0.22367825080906095, 4.98993804543628E-5, 1.2495827861859956, -9.360741865938891E-4, 0.0, -0.018242414528940206, -0.01917848871553409, -7.185515050102509, 0.0, 56.72619060994967, 49.54067555984716, 11.573719595105315, 0.0, 422.3101790850056, 433.8838986801108, 6.1030000000000095
2.2264529058116242E-4, 0.2243275257715666, 5.315264782818511E-5, 1.2730505365470237, -9.594505882704967E-4, 0.0, -0.018057869063787632, -0.019017319652058124, -7.185515050102509, 0.0, 56.72619060994967, 49.54067555984716, 10.865337117637123, 0.0, 396.4622113282276, 407.3275484458647, 6.1030000000000095
2.362725450901805E-4, 0.22497680073407222, 5.6405915202007426E-5, 1.2973991426464606, -9.828269899471046E-4, 0.0, -0.017873323598635055, -0.018856150588582157, -7.185515050102509, 0.0, 56.72619060994967, 49.54067555984716, 10.238667970903178, 0.0, 373.5958581727403, 383.8345261436434, 6.1030000000000095
2.498997995991985E-4, 0.2256260756965779, 5.965918257582973E-5, 1.3226286044843063, -0.0010062033916237122, 0.0, -0.01768877813348248, -0.01869498152510619, -7.185515050102509, 0.0, 56.72619060994967, 49.54067555984716, 9.680344456852325, 0.0, 353.2233494672501, 362.90369392410236, 6.1030000000000095
2.6352705410821655E-4, 0.22627535065908352, 6.291244994965204E-5, 1.3487389220605603, -0.0010295797933003198, 0.0, -0.017504232668329907, -0.018533812461630224, -7.185515050102509, 0.0, 56.72619060994967, 49.54067555984716, 9.17976390699228, 0.0, 334.95780744156724, 344.1375713485595, 6.1030000000000095
2.7715430861723463E-4, 0.2269246256215892, 6.616571732347436E-5, 1.3757300953752234, -0.0010529561949769277, 0.0, -0.01731968720317733, -0.018372643398154254, -7.185515050102509, 0.0, 56.72619060994967, 49.54067555984716, 8.728408920965183, 0.0, 318.48844308435343, 327.2168520053186, 6.1030000000000095
2.907815631262527E-4, 0.22757390058409482, 6.941898469729668E-5, 1.403602124428295, -0.0010763325966535353, 0.0, -0.017135141738024755, -0.018211474334678287, -7.185515050102509, 0.0, 56.72619060994967, 49.54067555984716, 8.319358744103958, 0.0, 303.56272693705085, 311.88208568115476, 6.1030000000000095
3.044088176352707E-4, 0.2282231755466005, 7.267225207111898E-5, 1.4323550092197752, -0.001099708998330143, 0.0, -0.01695059627287218, -0.01805030527120232, -7.185515050102509, 0.0, 56.72619060994967, 49.54067555984716, 7.946931887883378, 0.0, 289.9733487726537, 297.920280660537, 6.1030000000000095
3.180360721442887E-4, 0.22887245050910612, 7.592551944494129E-5, 1.4619887497496642, -0.0011230854000067506, 0.0, -0.016766050807719608, -0.017889136207726353, -7.185515050102509, 0.0, 56.72619060994967, 49.54067555984716, 7.606420628667203, 0.0, 277.5485297956276, 285.1549504242947, 6.1030000000000095
3.316633266533068E-4, 0.22952172547161176, 7.91787868187636E-5, 1.492503346017962, -0.0011464618016833582, 0.0, -0.016581505342567034, -0.017727967144250387, -7.185515050102509, 0.0, 56.72619060994967, 49.54067555984716, 7.293890959332233, 0.0, 266.1447231333298, 273.438614092662, 6.1030000000000095
3.452905811623248E-4, 0.23017100043411742, 8.243205419258591E-5, 1.5238987980246683, -0.0011698382033599659, 0.0, -0.016396959877414456, -0.01756679808077442, -7.185515050102509, 0.0, 56.72619060994967, 49.54067555984716, 7.006029911604671, 0.0, 255.64104282394715, 262.6470727355518, 6.1030000000000095
3.589178356713428E-4, 0.23082027539662306, 8.568532156640822E-5, 1.5561751057697832, -0.0011932146050365735, 0.0, -0.016212414412261882, -0.017405629017298453, -7.185515050102509, 0.0, 56.72619060994967, 49.54067555984716, 6.7400276592377715, 0.0, 245.93496191270853, 252.67498957194624, 6.1030000000000095
3.725450901803609E-4, 0.23146955035912872, 8.893858894023054E-5, 1.589332269253307, -0.0012165910067131812, 0.0, -0.01602786894710931, -0.017244459953822483, -7.185515050102509, 0.0, 56.72619060994967, 49.54067555984716, 6.493485496339346, 0.0, 236.93895469911828, 243.43244019545756, 6.1030000000000095
3.861723446893789E-4, 0.23211882532163436, 9.219185631405283E-5, 1.6233702884752392, -0.0012399674083897888, 0.0, -0.015843323481956734, -0.01708329089034652, -7.185515050102509, 0.0, 56.72619060994967, 49.54067555984716, 6.264343299270808, 0.0, 228.5778499147177, 234.84219321398845, 6.1030000000000095
3.9979959919839695E-4, 0.23276810028414002, 9.544512368787515E-5, 1.6582891634355805, -0.0012633438100663967, 0.0, -0.01565877801680416, -0.01692212182687055, -7.185515050102509, 0.0, 56.72619060994967, 49.54067555984716, 6.050821823405939, 0.0, 220.7867252058451, 226.83754702925094, 6.1030000000000095
4.1342685370741503E-4, 0.23341737524664566, 9.869839106169747E-5, 1.6940888941343302, -0.0012867202117430045, 0.0, -0.015474232551651583, -0.016760952763394583, -7.185515050102509, 0.0, 56.72619060994967, 49.54067555984716, 5.851376411873412, 0.0, 213.50921802504163, 219.360594436915, 6.1030000000000095
4.270541082164331E-4, 0.23406665020915132, 1.0195165843551978E-4, 1.7307694805714886, -0.0013100966134196122, 0.0, -0.015289687086499009, -0.016599783699918616, -7.185515050102509, 0.0, 56.72619060994967, 49.54067555984716, 5.66465956719608, 0.0, 206.69615991818904, 212.36081948538506, 6.1030000000000095
4.406813627254512E-4, 0.23471592517165696, 1.052049258093421E-4, 1.768330922747056, -0.0013334730150962198, 0.0, -0.015105141621346432, -0.01643861463644265, -7.185515050102509, 0.0, 56.72619060994967, 49.54067555984716, 5.4894904673464495, 0.0, 200.30446420448425, 205.79395467183065, 6.1030000000000095
4.5430861723446916E-4, 0.23536520013416262, 1.084581931831644E-4, 1.8067732206610314, -0.0013568494167728274, 0.0, -0.014920596156193858, -0.016277445572966683, -7.185515050102509, 0.0, 56.72619060994967, 49.54067555984716, 5.324829968105359, 0.0, 194.29621384457914, 199.62104381268446, 6.1030000000000095
4.6793587174348724E-4, 0.23601447509666826, 1.1171146055698671E-4, 1.846096374313416, -0.001380225818449435, 0.0, -0.014736050691041284, -0.016116276509490716, -7.185515050102509, 0.0, 56.72619060994967, 49.54067555984716, 5.169759973316849, 0.0, 188.6379086876492, 193.80766866096602, 6.1030000000000095
4.815631262525053E-4, 0.2366637500591739, 1.1496472793080903E-4, 1.8863003837042092, -0.001403602220126043, 0.0, -0.014551505225888708, -0.01595510744601475, -7.185515050102509, 0.0, 56.72619060994967, 49.54067555984716, 5.023466307821409, 0.0, 183.2998405267003, 188.3233068345217, 6.1030000000000095
4.951903807615233E-4, 0.23731302502167956, 1.1821799530463133E-4, 1.927385248833411, -0.0014269786218026504, 0.0, -0.014366959760736134, -0.015793938382538782, -7.185515050102509, 0.0, 56.72619060994967, 49.54067555984716, 4.885224418330573, 0.0, 178.25557134182958, 183.14079576016013, 6.1030000000000095
5.088176352705413E-4, 0.2379622999841852, 1.2147126267845364E-4, 1.9693509697010216, -0.001450355023479258, 0.0, -0.01418241429558356, -0.015632769319062816, -7.185515050102509, 0.0, 56.72619060994967, 49.54067555984716, 4.75438737207359, 0.0, 173.48149538623903, 178.2358827583126, 6.1030000000000095
5.224448897795594E-4, 0.23861157494669086, 1.2472453005227596E-4, 2.012197546307041, -0.001473731425155866, 0.0, -0.013997868830430985, -0.015471600255586845, -7.185515050102509, 0.0, 56.72619060994967, 49.54067555984716, 4.630375733676582, 0.0, 168.95646980654425, 173.5868455402208, 6.1030000000000095
5.360721442885774E-4, 0.2392608499091965, 1.2797779742609826E-4, 2.0559249786514684, -0.0014971078268324735, 0.0, -0.01381332336527841, -0.01531043119211088, -7.185515050102509, 0.0, 56.72619060994967, 49.54067555984716, 4.512668986054149, 0.0, 164.66150160211623, 169.17417058817034, 6.1030000000000095
5.496993987975955E-4, 0.23991012487170216, 1.3123106479992057E-4, 2.1005332667343053, -0.0015204842285090813, 0.0, -0.013628777900125835, -0.015149262128634912, -7.185515050102509, 0.0, 56.72619060994967, 49.54067555984716, 4.400798227376904, 0.0, 160.57948114679579, 164.98027937417265, 6.1030000000000095
5.633266533066135E-4, 0.2405593998342078, 1.344843321737429E-4, 2.1460224105555503, -0.001543860630185689, 0.0, -0.01344423243497326, -0.014988093065158945, -7.185515050102509, 0.0, 56.72619060994967, 49.54067555984716, 4.294339928030896, 0.0, 156.6949543883532, 160.98929431638408, 6.1030000000000095
5.769539078156316E-4, 0.24120867479671346, 1.377375995475652E-4, 2.1923924101152044, -0.0015672370318622966, 0.0, -0.013259686969820684, -0.014826924001682977, -7.185515050102509, 0.0, 56.72619060994967, 49.54067555984716, 4.192910572314985, 0.0, 152.9939273308999, 157.18683790321487, 6.1030000000000095
5.905811623246496E-4, 0.2418579497592191, 1.409908669213875E-4, 2.2396432654132665, -0.0015906134335389043, 0.0, -0.013075141504668111, -0.014665754938207012, -7.185515050102509, 0.0, 56.72619060994967, 49.54067555984716, 4.096162041973142, 0.0, 149.4636975859046, 153.55985962787773, 6.1030000000000095
6.042084168336676E-4, 0.24250722472172473, 1.4424413429520982E-4, 2.287774976449738, -0.001613989835215512, 0.0, -0.012890596039515536, -0.014504585874731045, -7.185515050102509, 0.0, 56.72619060994967, 49.54067555984716, 4.003777624442734, 0.0, 146.09270871829548, 150.0964863427382, 6.1030000000000095
6.178356713426857E-4, 0.2431564996842304, 1.4749740166903214E-4, 2.3367875432246183, -0.0016373662368921195, 0.0, -0.01270605057436296, -0.014343416811255076, -7.185515050102509, 0.0, 56.72619060994967, 49.54067555984716, 3.915468549365827, 0.0, 142.87042386820008, 146.7858924175659, 6.1030000000000095
6.314629258517037E-4, 0.24380577464673603, 1.5075066904285446E-4, 2.386680965737907, -0.0016607426385687276, 0.0, -0.012521505109210386, -0.01418224774777911, -7.185515050102509, 0.0, 56.72619060994967, 49.54067555984716, 3.8309709735623136, 0.0, 139.78721573648394, 143.61818671004622, 6.1030000000000095
6.450901803607219E-4, 0.2444550496092417, 1.5400393641667678E-4, 2.4374552439896044, -0.0016841190402453353, 0.0, -0.01233695964405781, -0.014021078684303141, -7.185515050102509, 0.0, 56.72619060994967, 49.54067555984716, 3.750043348149999, 0.0, 136.83427051434012, 140.58431386249006, 6.1030000000000095
6.587174348697398E-4, 0.24510432457174733, 1.5725720379049907E-4, 2.48911037797971, -0.001707495441921943, 0.0, -0.012152414178905236, -0.013859909620827175, -7.185515050102509, 0.0, 56.72619060994967, 49.54067555984716, 3.6724641124718134, 0.0, 134.00350373765164, 137.6759678501234, 6.1030000000000095
6.723446893787578E-4, 0.24575359953425296, 1.6051047116432136E-4, 2.5416463677082244, -0.0017308718435985505, 0.0, -0.011967868713752662, -0.01369874055735121, -7.185515050102509, 0.0, 56.72619060994967, 49.54067555984716, 3.5980296684634427, 0.0, 131.28748637426554, 134.88551604272897, 6.1030000000000095
6.859719438877759E-4, 0.24640287449675863, 1.637637385381437E-4, 2.5950632131751483, -0.0017542482452751582, 0.0, -0.011783323248600087, -0.013537571493875241, -7.185515050102509, 0.0, 56.72619060994967, 49.54067555984716, 3.526552596463583, 0.0, 128.67937972119805, 132.2059323176616, 6.1030000000000095
6.99599198396794E-4, 0.2470521494592643, 1.67017005911966E-4, 2.64936091438048, -0.0017776246469517658, 0.0, -0.011598777783447511, -0.013376402430399274, -7.185515050102509, 0.0, 56.72619060994967, 49.54067555984716, 3.457860079545931, 0.0, 126.17287791053019, 129.63073799007608, 6.103000000000009
7.13226452905812E-4, 0.24770142442176993, 1.7027027328578832E-4, 2.704539471324221, -0.0018010010486283735, 0.0, -0.011414232318294937, -0.013215233366923308, -7.185515050102509, 0.0, 56.72619060994967, 49.54067555984716, 3.391792508484081, 0.0, 123.76215700636722, 127.15394951485126, 6.103000000000009
7.268537074148301E-4, 0.24835069938427556, 1.7352354065961064E-4, 2.76059888400637, -0.0018243774503049815, 0.0, -0.011229686853142361, -0.013054064303447339, -7.185515050102509, 0.0, 56.72619060994967, 49.54067555984716, 3.328202243643465, 0.0, 121.44182982786347, 124.77003207150692, 6.103000000000009
7.40480961923848E-4, 0.24899997434678123, 1.7677680803343293E-4, 2.817539152426928, -0.0018477538519815887, 0.0, -0.011045141387989788, -0.012892895239971372, -7.185515050102509, 0.0, 56.72619060994967, 49.54067555984716, 3.2669525135845316, 0.0, 119.206905760666, 122.4738582742505, 6.103000000000009
7.541082164328662E-4, 0.2496492493092869, 1.8003007540725525E-4, 2.875360276585895, -0.0018711302536581968, 0.0, -0.010860595922837212, -0.012731726176495406, -7.185515050102509, 0.0, 56.72619060994967, 49.54067555984716, 3.2079164330839354, 0.0, 117.0527549257669, 120.26067135885081, 6.103000000000009
7.677354709418842E-4, 0.2502985242717925, 1.8328334278107757E-4, 2.9340622564832706, -0.0018945066553348044, 0.0, -0.010676050457684638, -0.012570557113019437, -7.185515050102509, 0.0, 56.72619060994967, 49.54067555984716, 3.1509761257360607, 0.0, 114.9750761643594, 118.12605229009543, 6.103000000000009
7.813627254509023E-4, 0.25094779923429816, 1.865366101548999E-4, 2.993645092119055, -0.001917883057011412, 0.0, -0.01049150499253206, -0.01240938804954347, -7.185515050102509, 0.0, 56.72619060994967, 49.54067555984716, 3.0960219383674894, 0.0, 112.96986837282913, 116.0658903111966, 6.103000000000009
7.949899799599202E-4, 0.2515970741968038, 1.8978987752872218E-4, 3.0541087834932474, -0.0019412594586880197, 0.0, -0.010306959527379488, -0.012248218986067504, -7.185515050102509, 0.0, 56.72619060994967, 49.54067555984716, 3.042951736247756, 0.0, 111.03340478589888, 114.07635652214661, 6.103000000000009
8.086172344689382E-4, 0.25224634915930944, 1.9304314490254447E-4, 3.1154533306058485, -0.001964635860364627, 0.0, -0.010122414062226914, -0.012087049922591539, -7.185515050102509, 0.0, 56.72619060994967, 49.54067555984716, 2.991670269565018, 0.0, 109.16220986013903, 112.15388012970402, 6.103000000000009
8.222444889779564E-4, 0.2528956241218151, 1.9629641227636682E-4, 3.17767873345686, -0.001988012262041235, 0.0, -0.009937868597074337, -0.011925880859115568, -7.185515050102509, 0.0, 56.72619060994967, 49.54067555984716, 2.94208860289906, 0.0, 107.35303845616886, 110.2951270590679, 6.103000000000009
8.358717434869743E-4, 0.25354489908432076, 1.995496796501891E-4, 3.2407849920462777, -0.0020113886637178426, 0.0, -0.009753323131921765, -0.011764711795639603, -7.185515050102509, 0.0, 56.72619060994967, 49.54067555984716, 2.8941236005022417, 0.0, 105.60285705721913, 108.49698065772134, 6.103000000000009
8.494989979959925E-4, 0.2541941740468264, 2.0280294702401143E-4, 3.304772106374106, -0.0020347650653944503, 0.0, -0.009568777666769189, -0.011603542732163635, -7.185515050102509, 0.0, 56.72619060994967, 49.54067555984716, 2.84769746112169, 0.0, 103.90882679539062, 106.7565242565123, 6.103000000000009
8.631262525050105E-4, 0.25484344900933203, 2.0605621439783375E-4, 3.369640076440342, -0.002058141467071058, 0.0, -0.009384232201616613, -0.011442373668687668, -7.185515050102509, 0.0, 56.72619060994967, 49.54067555984716, 2.8027372968875888, 0.0, 102.26828808582793, 105.0710253827155, 6.103000000000009
8.767535070140286E-4, 0.2554927239718377, 2.0930948177165607E-4, 3.435388902244987, -0.002081517868747666, 0.0, -0.009199686736464038, -0.0112812046052117, -7.185515050102509, 0.0, 56.72619060994967, 49.54067555984716, 2.759174751473108, 0.0, 100.67874669386534, 103.43792144533842, 6.103000000000009
8.903807615230465E-4, 0.25614199893434336, 2.1256274914547836E-4, 3.5020185837880407, -0.002104894270424273, 0.0, -0.009015141271311464, -0.011120035541735735, -7.185515050102509, 0.0, 56.72619060994967, 49.54067555984716, 2.716945653318669, 0.0, 99.13786108162523, 101.85480673494388, 6.103000000000009
9.040080160320647E-4, 0.256791273896849, 2.1581601651930068E-4, 3.5695291210695026, -0.0021282706721008813, 0.0, -0.008830595806158888, -0.010958866478259766, -7.185515050102509, 0.0, 56.72619060994967, 49.54067555984716, 2.6759897002205384, 0.0, 97.64343089906026, 100.31942059928079, 6.103000000000009
9.176352705410827E-4, 0.25744054885935463, 2.19069283893123E-4, 3.637920514089374, -0.002151647073777489, 0.0, -0.008646050341006314, -0.0107976974147838, -7.185515050102509, 0.0, 56.72619060994967, 49.54067555984716, 2.6362501720233342, 0.0, 96.1933865004719, 98.82963667249523, 6.103000000000009
9.312625250501007E-4, 0.2580898238218603, 2.223225512669453E-4, 3.707192762847653, -0.0021750234754540966, 0.0, -0.00846150487585374, -0.010636528351307833, -7.185515050102509, 0.0, 56.72619060994967, 49.54067555984716, 2.5976736685377335, 0.0, 94.78577938146348, 97.38345305000121, 6.103000000000009
9.448897795591187E-4, 0.25873909878436596, 2.255758186407676E-4, 3.777345867344341, -0.002198399877130704, 0.0, -0.008276959410701164, -0.010475359287831866, -7.185515050102509, 0.0, 56.72619060994967, 49.54067555984716, 2.5602098701367653, 0.0, 93.41877344340634, 95.97898331354308, 6.103000000000009
9.585170340681369E-4, 0.2593883737468716, 2.2882908601458993E-4, 3.8483798275794388, -0.002221776278807312, 0.0, -0.008092413945548589, -0.010314190224355898, -7.185515050102509, 0.0, 56.72619060994967, 49.54067555984716, 2.5238113187737494, 0.0, 92.0906370030652, 94.61444832183892, 6.103000000000009
9.721442885771548E-4, 0.26003764870937723, 2.3208235338841222E-4, 3.920294643552944, -0.0022451526804839195, 0.0, -0.007907868480396015, -0.010153021160879933, -7.185515050102509, 0.0, 56.72619060994967, 49.54067555984716, 2.488433217418026, 0.0, 90.79973547426528, 93.28816869168328, 6.103000000000009
9.85771543086173E-4, 0.2606869236718829, 2.3533562076223454E-4, 3.9930903152648582, -0.0022685290821605275, 0.0, -0.007723323015243439, -0.009991852097403964, -7.185515050102509, 0.0, 56.72619060994967, 49.54067555984716, 2.454033246126214, 0.0, 89.54452465656857, 91.99855790269477, 6.103000000000009
9.99398797595191E-4, 0.26133619863438856, 2.3858888813605686E-4, 4.0667668427151815, -0.002291905483837135, 0.0, -0.007538777550090865, -0.009830683033927997, -7.185515050102509, 0.0, 56.72619060994967, 49.54067555984716, 2.4205713931611887, 0.0, 88.32354457302203, 90.7441159661832, 6.103000000000009
0.001013026052104209, 0.26198547359689417, 2.4184215550987918E-4, 4.141324225903913, -0.002315281885513743, 0.0, -0.007354232084938291, -0.00966951397045203, -7.185515050102509, 0.0, 56.72619060994967, 49.54067555984716, 2.38800979974181, 0.0, 87.13541380527415, 89.52342360501595, 6.103000000000009
0.0010266533066132268, 0.26263474855939983, 2.4509542288370144E-4, 4.216762464831053, -0.00233865828719035, 0.0, -0.007169686619785719, -0.009508344906976066, -7.185515050102509, 0.0, 56.72619060994967, 49.54067555984716, 2.3563126171569104, 0.0, 85.97882427984793, 88.33513689700483, 6.103000000000009
0.0010402805611222448, 0.2632840235219055, 2.4834869025752373E-4, 4.293081559496601, -0.0023620346888669577, 0.0, -0.006985141154633143, -0.009347175843500099, -7.185515050102509, 0.0, 56.72619060994967, 49.54067555984716, 2.325445875109777, 0.0, 84.85253646419977, 87.17798233930952, 6.103000000000009
0.001053907815631263, 0.26393329848441116, 2.516019576313461E-4, 4.370281509900559, -0.0023854110905435657, 0.0, -0.006800595689480566, -0.009186006780024129, -7.185515050102509, 0.0, 56.72619060994967, 49.54067555984716, 2.29537736027664, 0.0, 83.75537493547459, 86.05075229575121, 6.103000000000009
0.001067535070140281, 0.26458257344691677, 2.5485522500516837E-4, 4.448362316042926, -0.0024087874922201734, 0.0, -0.006616050224327992, -0.009024837716548162, -7.185515050102509, 0.0, 56.72619060994967, 49.54067555984716, 2.266076504166482, 0.0, 82.68622428865419, 84.95230079282065, 6.103000000000009
0.001081162324649299, 0.26523184840942243, 2.581084923789907E-4, 4.527323977923702, -0.002432163893896781, 0.0, -0.006431504759175418, -0.008863668653072195, -7.185515050102509, 0.0, 56.72619060994967, 49.54067555984716, 2.237514279461511, 0.0, 81.64402535415401, 83.8815396336155, 6.103000000000009
0.001094789579158317, 0.2658811233719281, 2.61361759752813E-4, 4.607166495542885, -0.0024555402955733887, 0.0, -0.006246959294022842, -0.008702499589596228, -7.185515050102509, 0.0, 56.72619060994967, 49.54067555984716, 2.2096631040993686, 0.0, 80.62777169790608, 82.83743480200543, 6.103000000000009
0.0011084168336673353, 0.2665303983344337, 2.6461502712663536E-4, 4.687889868900479, -0.0024789166972499967, 0.0, -0.006062413828870265, -0.008541330526120258, -7.185515050102509, 0.0, 56.72619060994967, 49.54067555984716, 2.1824967524308168, 0.0, 79.63650637961686, 81.81900313204765, 6.103000000000009
0.0011220440881763534, 0.26717967329693937, 2.6786829450045765E-4, 4.769494097996479, -0.0025022930989266044, 0.0, -0.005877868363717691, -0.008380161462644291, -7.185515050102509, 0.0, 56.72619060994967, 49.54067555984716, 2.155990272851375, 0.0, 78.66931894725145, 80.82530922010281, 6.103000000000009
0.0011356713426853712, 0.26782894825944503, 2.7112156187427994E-4, 4.851979182830888, -0.0025256695006032116, 0.0, -0.005693322898565119, -0.008218992399168328, -7.185515050102509, 0.0, 56.72619060994967, 49.54067555984716, 2.1301199113631286, 0.0, 77.72534264790205, 79.85546255926516, 6.103000000000009
0.0011492985971943892, 0.2684782232219507, 2.7437482924810223E-4, 4.935345123403707, -0.0025490459022798192, 0.0, -0.005508777433412545, -0.008057823335692361, -7.185515050102509, 0.0, 56.72619060994967, 49.54067555984716, 2.1048630405745152, 0.0, 76.80375183708124, 78.90861487765574, 6.103000000000009
0.0011629258517034074, 0.2691274981844563, 2.776280966219246E-4, 5.019591919714935, -0.0025724223039564273, 0.0, -0.0053242319682599674, -0.007896654272216391, -7.185515050102509, 0.0, 56.72619060994967, 49.54067555984716, 2.080198093692029, 0.0, 75.90375957016386, 77.98395766385588, 6.103000000000009
0.0011765531062124255, 0.26977677314696197, 2.8088136399574687E-4, 5.10471957176457, -0.002595798705633035, 0.0, -0.0051396865031073935, -0.0077354852087404245, -7.185515050102509, 0.0, 56.72619060994967, 49.54067555984716, 2.056104503099105, 0.0, 75.02461536120948, 77.08071986430858, 6.103000000000009
0.0011901803607214435, 0.27042604810946763, 2.841346313695692E-4, 5.190728079552615, -0.0026191751073096426, 0.0, -0.0049551410379548196, -0.007574316145264458, -7.185515050102509, 0.0, 56.72619060994967, 49.54067555984716, 2.032562643154545, 0.0, 74.16560309575027, 76.1981657389048, 6.103000000000009
0.0012038076152304615, 0.27107532307197324, 2.873878987433915E-4, 5.277617443079069, -0.00264255150898625, 0.0, -0.004770595572802242, -0.007413147081788491, -7.185515050102509, 0.0, 56.72619060994967, 49.54067555984716, 2.009553776876119, 0.0, 73.32603908534392, 75.33559286222003, 6.103000000000009
0.0012174348697394795, 0.2717245980344789, 2.906411661172138E-4, 5.365387662343929, -0.002665927910662858, 0.0, -0.004586050107649668, -0.007251978018312524, -7.185515050102509, 0.0, 56.72619060994967, 49.54067555984716, 1.9870600062049126, 0.0, 72.50527025278369, 74.49233025898859, 6.103000000000009
0.0012310621242484973, 0.27237387299698457, 2.938944334910361E-4, 5.4540387373472, -0.002689304312339465, 0.0, -0.004401504642497098, -0.007090808954836559, -7.185515050102509, 0.0, 56.72619060994967, 49.54067555984716, 1.965064225572985, 0.0, 71.70267243784161, 73.66773666341457, 6.103000000000009
0.0012446893787575154, 0.2730231479594902, 2.971477008648584E-4, 5.543570668088878, -0.0027126807140160727, 0.0, -0.004216959177344524, -0.0069296398913605926, -7.185515050102509, 0.0, 56.72619060994967, 49.54067555984716, 1.9435500785211477, 0.0, 70.91764881430704, 72.86119889282817, 6.103000000000009
0.0012583166332665338, 0.2736724229219959, 3.004009682386808E-4, 5.633983454568969, -0.002736057115692681, 0.0, -0.004032413712191943, -0.006768470827884621, -7.185515050102509, 0.0, 56.72619060994967, 49.54067555984716, 1.9225019171356654, 0.0, 70.14962840988387, 72.07213032701952, 6.103000000000009
0.0012719438877755518, 0.2743216978845015, 3.036542356125031E-4, 5.725277096787465, -0.002759433517369289, 0.0, -0.003847868247039369, -0.006607301764408654, -7.185515050102509, 0.0, 56.72619060994967, 49.54067555984716, 1.90190476409246, 0.0, 69.39806472123222, 71.29996948532465, 6.103000000000009
0.0012855711422845697, 0.27497097284700717, 3.0690750298632537E-4, 5.8174515947443695, -0.002782809919045896, 0.0, -0.003663322781886795, -0.006446132700932689, -7.185515050102509, 0.0, 56.72619060994967, 49.54067555984716, 1.8817442771153305, 0.0, 68.66243441709446, 70.54417869420978, 6.103000000000009
0.0012991983967935877, 0.2756202478095128, 3.1016077036014766E-4, 5.910506948439683, -0.0028061863207225037, 0.0, -0.003478777316734221, -0.006284963637456722, -7.185515050102509, 0.0, 56.72619060994967, 49.54067555984716, 1.8620067156709619, 0.0, 67.94223612303887, 69.80424283870981, 6.103000000000009
0.0013128256513026057, 0.27626952277201844, 3.1341403773396995E-4, 6.004443157873405, -0.0028295627223991113, 0.0, -0.003294231851581647, -0.006123794573980755, -7.185515050102509, 0.0, 56.72619060994967, 49.54067555984716, 1.8426789097381844, 0.0, 67.23698928188993, 69.0796681916281, 6.103000000000009
0.001326452905811624, 0.2769187977345241, 3.166673051077923E-4, 6.099260223045538, -0.0028529391240757194, 0.0, -0.0031096863864290697, -0.005962625510504787, -7.185515050102509, 0.0, 56.72619060994967, 49.54067555984716, 1.8237482305023183, 0.0, 66.54623308440262, 68.36998131490492, 6.103000000000009
0.001340080160320642, 0.27756807269702977, 3.1992057248161464E-4, 6.194958143956079, -0.002876315525752327, 0.0, -0.0029251409212764957, -0.00580145644702882, -7.185515050102509, 0.0, 56.72619060994967, 49.54067555984716, 1.805202562837572, 0.0, 65.86952546518033, 67.6747280280179, 6.103000000000009
0.00135370741482966, 0.27821734765953543, 3.2317383985543694E-4, 6.291536920605027, -0.0028996919274289347, 0.0, -0.002740595456123922, -0.0056402873835528534, -7.185515050102509, 0.0, 56.72619060994967, 49.54067555984716, 1.7870302794514945, 0.0, 65.20644215923922, 66.9934724386907, 6.103000000000009
0.001367334669338678, 0.27886662262204104, 3.2642710722925923E-4, 6.388996552992383, -0.0029230683291055423, 0.0, -0.0025560499909713444, -0.005479118320076887, -7.185515050102509, 0.0, 56.72619060994967, 49.54067555984716, 1.7692202165755304, 0.0, 64.55657581498767, 66.32579603156319, 6.103000000000009
0.0013809619238476958, 0.2795158975845467, 3.296803746030815E-4, 6.48733704111815, -0.0029464447307821495, 0.0, -0.002371504525818774, -0.00531794925660092, -7.185515050102509, 0.0, 56.72619060994967, 49.54067555984716, 1.7517616510948844, 0.0, 63.919535159724425, 65.6712968108193, 6.103000000000009
0.001394589178356714, 0.2801651725470523, 3.3293364197690387E-4, 6.586558384982325, -0.0029698211324587576, 0.0, -0.0021869590606661965, -0.00515678019312495, -7.185515050102509, 0.0, 56.72619060994967, 49.54067555984716, 1.7346442790192333, 0.0, 63.2949442140625, 65.02958849308172, 6.103000000000009
0.001408216432865732, 0.280814447509558, 3.3618690935072616E-4, 6.686660584584908, -0.0029931975341353652, 0.0, -0.0020024135955136226, -0.004995611129648983, -7.185515050102509, 0.0, 56.72619060994967, 49.54067555984716, 1.7178581952034786, 0.0, 62.682441551965404, 64.40029974716887, 6.103000000000009
0.0014218436873747501, 0.28146372247206364, 3.3944017672454845E-4, 6.7876436399259, -0.003016573935811973, 0.0, -0.0018178681303610486, -0.004834442066173016, -7.185515050102509, 0.0, 56.72619060994967, 49.54067555984716, 1.7013938742346504, 0.0, 62.08167960333487, 63.78307347756951, 6.103000000000009
0.0014354709418837681, 0.2821129974345693, 3.426934440983708E-4, 6.889507551005302, -0.0030399503374885805, 0.0, -0.0016333226652084712, -0.0046732730026970495, -7.185515050102509, 0.0, 56.72619060994967, 49.54067555984716, 1.6852421524074892, 0.0, 61.4923239963229, 63.17756614873038, 6.103000000000009
0.0014490981963927862, 0.2827622723970749, 3.459467114721931E-4, 6.992252317823111, -0.003063326739165188, 0.0, -0.0014487772000558972, -0.004512103939221083, -7.185515050102509, 0.0, 56.72619060994967, 49.54067555984716, 1.6693942107170303, 0.0, 60.914052936753, 62.58344714747002, 6.103000000000009
0.0014627254509018044, 0.2834115473595806, 3.4919997884601543E-4, 7.095877940379329, -0.0030867031408417962, 0.0, -0.0012642317349033198, -0.004350934875745113, -7.185515050102509, 0.0, 56.72619060994967, 49.54067555984716, 1.6538415588018693, 0.0, 60.346556622230565, 62.00039818103242, 6.103000000000009
0.0014763527054108224, 0.28406082232208624, 3.524532462198377E-4, 7.2003844186739565, -0.003110079542518404, 0.0, -0.0010796862697507459, -0.004189765812269146, -7.185515050102509, 0.0, 56.72619060994967, 49.54067555984716, 1.6385760197766859, 0.0, 59.789536688701084, 61.428112708477755, 6.103000000000009
0.0014899799599198402, 0.28471009728459185, 3.5570651359366E-4, 7.30577175270699, -0.003133455944195011, 0.0, -8.951408045981754E-4, -0.004028596748793183, -7.185515050102509, 0.0, 56.72619060994967, 49.54067555984716, 1.6235897158970876, 0.0, 59.242705687378745, 60.86629540327582, 6.103000000000009
0.0015036072144288583, 0.2853593722470975, 3.589597809674823E-4, 7.412039942478435, -0.0031568323458716187, 0.0, -7.105953394456015E-4, -0.003867427685317216, -7.185515050102509, 0.0, 56.72619060994967, 49.54067555984716, 1.608875055003978, 0.0, 58.70578659011875, 60.31466164512271, 6.103000000000009
0.0015172344689378763, 0.2860086472096032, 3.622130483413046E-4, 7.5191889879882865, -0.0031802087475482264, 0.0, -5.26049874293024E-4, -0.003706258621841249, -7.185515050102509, 0.0, 56.72619060994967, 49.54067555984716, 1.5944247176984343, 0.0, 58.17851232144511, 59.772937039143535, 6.103000000000009
0.0015308617234468947, 0.28665792217210884, 3.65466315715127E-4, 7.627218889236551, -0.003203585149224835, 0.0, -3.4150440914044664E-4, -0.0035450895583652754, -7.185515050102509, 0.0, 56.72619060994967, 49.54067555984716, 1.5802316452015766, 0.0, 57.66062531557282, 59.24085696077439, 6.103000000000009
0.0015444889779559125, 0.2873071971346145, 3.687195830889493E-4, 7.736129646223221, -0.003226961550901442, 0.0, -1.569589439878727E-4, -0.003383920494889312, -7.185515050102509, 0.0, 56.72619060994967, 49.54067555984716, 1.5662890278571227, 0.0, 57.151877096880874, 58.718166124737984, 6.103000000000009
0.0015581162324649306, 0.2879564720971201, 3.719728504627716E-4, 7.845921258948299, -0.0032503379525780497, 0.0, 2.7586521164701255E-5, -0.0032227514314133454, -7.185515050102509, 0.0, 56.72619060994967, 49.54067555984716, 1.5525902942372791, 0.0, 56.65202788240011, 58.20461817663738, 6.103000000000009
0.0015717434869739486, 0.2886057470596258, 3.752261178365939E-4, 7.956593727411787, -0.0032737143542546573, 0.0, 2.121319863172752E-4, -0.0030615823679373787, -7.185515050102509, 0.0, 56.72619060994967, 49.54067555984716, 1.5391291008153571, 0.0, 56.16084620498036, 57.699975305795704, 6.103000000000009
0.0015853707414829664, 0.2892550220221314, 3.7847938521041617E-4, 8.068147051613682, -0.0032970907559312645, 0.0, 3.9667745146984915E-4, -0.0029004133044614154, -7.185515050102509, 0.0, 56.72619060994967, 49.54067555984716, 1.5258993221710084, 0.0, 55.67810855589192, 57.20400787806292, 6.103000000000009
0.0015989979959919846, 0.28990429698463704, 3.817326525842385E-4, 8.180581231553987, -0.0033204671576078726, 0.0, 5.812229166224266E-4, -0.002739244240985445, -7.185515050102509, 0.0, 56.72619060994967, 49.54067555984716, 1.5128950416963085, 0.0, 55.20359904570258, 56.716494087398885, 6.103000000000009
0.0016126252505010027, 0.2905535719471427, 3.849859199580608E-4, 8.2938962672327, -0.0033438435592844803, 0.0, 7.657683817750005E-4, -0.0025780751775094785, -7.185515050102509, 0.0, 56.72619060994967, 49.54067555984716, 1.5001105427730639, 0.0, 54.737109082348816, 56.23721962512187, 6.103000000000009
0.001626252505010021, 0.29120284690964837, 3.8823918733188315E-4, 8.408092158649826, -0.0033672199609610883, 0.0, 9.503138469275779E-4, -0.0024169061140335082, -7.185515050102509, 0.0, 56.72619060994967, 49.54067555984716, 1.4875403003936962, 0.0, 54.27843706539259, 55.76597736578628, 6.103000000000009
0.0016398797595190387, 0.29185212187215404, 3.9149245470570545E-4, 8.523168905805356, -0.0033905963626376955, 0.0, 0.0011348593120801484, -0.002255737050557545, -7.185515050102509, 0.0, 56.72619060994967, 49.54067555984716, 1.4751789731999079, 0.0, 53.827388095522544, 55.30256706872244, 6.103000000000009
0.001653507014028057, 0.29250139683465964, 3.947457220795278E-4, 8.639126508699295, -0.0034139727643143036, 0.0, 0.0013194047772327258, -0.0020945679870815748, -7.185515050102509, 0.0, 56.72619060994967, 49.54067555984716, 1.4630213959150216, 0.0, 53.38377369841969, 54.8467950943347, 6.103000000000009
0.001667134268537075, 0.2931506717971653, 3.979989894533501E-4, 8.755964967331643, -0.0034373491659909113, 0.0, 0.0015039502423852998, -0.001933398923605608, -7.185515050102509, 0.0, 56.72619060994967, 49.54067555984716, 1.451062572147475, 0.0, 52.94741156216623, 54.398474134313695, 6.103000000000009
0.001680761523046093, 0.29379994675967097, 4.012522568271724E-4, 8.873684281702399, -0.003460725567667519, 0.0, 0.0016884957075378737, -0.0017722298601296413, -7.185515050102509, 0.0, 56.72619060994967, 49.54067555984716, 1.4392976675443956, 0.0, 52.51812528742827, 53.95742295497266, 6.103000000000009
0.0016943887775551108, 0.2944492217221766, 4.0450552420099467E-4, 8.992284451811564, -0.0034841019693441265, 0.0, 0.0018730411726904476, -0.001611060796653678, -7.185515050102509, 0.0, 56.72619060994967, 49.54067555984716, 1.4277220032755584, 0.0, 52.095744149693786, 53.523466152969334, 6.103000000000009
0.001708016032064129, 0.29509849668468224, 4.07758791574817E-4, 9.11176547765914, -0.003507478371020734, 0.0, 0.002057586637843025, -0.0014498917331777078, -7.185515050102509, 0.0, 56.72619060994967, 49.54067555984716, 1.4163310498292674, 0.0, 51.680102872892284, 53.09643392272154, 6.103000000000009
0.0017216432865731473, 0.2957477716471879, 4.1101205894863936E-4, 9.232127359245125, -0.0035308547726973422, 0.0, 0.0022421321029956025, -0.0012887226697017376, -7.185515050102509, 0.0, 56.72619060994967, 49.54067555984716, 1.4051204211028803, 0.0, 51.27104141376567, 52.67616183486854, 6.103000000000009
0.0017352705410821653, 0.29639704660969357, 4.1426532632246165E-4, 9.353370096569517, -0.00355423117437395, 0.0, 0.0024266775681481764, -0.0011275536062257709, -7.185515050102509, 0.0, 56.72619060994967, 49.54067555984716, 1.39408586877178, 0.0, 50.86840475639922, 52.26249062517099, 6.103000000000009
0.0017488977955911831, 0.2970463215721992, 4.1751859369628394E-4, 9.475493689632316, -0.0035776075760505575, 0.0, 0.002611223033300747, -9.663845427498076E-4, -7.185515050102509, 0.0, 56.72619060994967, 49.54067555984716, 1.3832232769216048, 0.0, 50.47204271635854, 51.85526599328013, 6.103000000000009
0.0017625250501002011, 0.29769559653470484, 4.2077186107010624E-4, 9.598498138433525, -0.003600983977727165, 0.0, 0.0027957684984533243, -8.052154792738409E-4, -7.185515050102509, 0.0, 56.72619060994967, 49.54067555984716, 1.372528656929488, 0.0, 50.08180975391256, 51.454338410842034, 6.103000000000009
0.0017761523046092192, 0.2983448714972105, 4.2402512844392853E-4, 9.722383442973141, -0.003624360379403773, 0.0, 0.0029803139636058983, -6.440464157978741E-4, -7.185515050102509, 0.0, 56.72619060994967, 49.54067555984716, 1.361998142580937, 0.0, 49.69756479585478, 51.05956293843571, 6.103000000000009
0.0017897795591182374, 0.2989941464597161, 4.272783958177509E-4, 9.84714960325117, -0.003647736781080381, 0.0, 0.0031648594287584757, -4.828773523219039E-4, -7.185515050102509, 0.0, 56.72619060994967, 49.54067555984716, 1.351627985409791, 0.0, 49.31917106546421, 50.67079905087399, 6.103000000000009
0.0018034068136272554, 0.2996434214222218, 4.305316631915732E-4, 9.972796619267605, -0.0036711131827569885, 0.0, 0.0033494048939110496, -3.2170828884593716E-4, -7.185515050102509, 0.0, 56.72619060994967, 49.54067555984716, 1.3414145502494548, 0.0, 48.94649592017567, 50.28791047042512, 6.103000000000009
0.0018170340681362735, 0.30029269638472744, 4.337849305653955E-4, 10.09932449102245, -0.003694489584433596, 0.0, 0.0035339503590636236, -1.6053922536997042E-4, -7.185515050102509, 0.0, 56.72619060994967, 49.54067555984716, 1.3313543109843216, 0.0, 48.57941069655463, 49.91076500753895, 6.103000000000009
0.0018306613226452915, 0.3009419713472331, 4.370381979392178E-4, 10.226733218515701, -0.003717865986110204, 0.0, 0.0037184958242161975, 6.298381059963165E-7, -7.185515050102509, 0.0, 56.72619060994967, 49.54067555984716, 1.3214438464909517, 0.0, 48.21779056219604, 49.53923440868699, 6.103000000000009
0.0018442885771543093, 0.3015912463097387, 4.402914653130401E-4, 10.355022801747362, -0.003741242387786811, 0.0, 0.0039030412893687715, 1.6179890158196306E-4, -7.185515050102509, 0.0, 56.72619060994967, 49.54067555984716, 1.3116798367591922, 0.0, 47.86151437418896, 49.17319421094814, 6.103000000000009
0.0018579158316633275, 0.3022405212722444, 4.4354473268686244E-4, 10.484193240717431, -0.003764618789463419, 0.0, 0.004087586754521349, 3.229679650579298E-4, -7.185515050102509, 0.0, 56.72619060994967, 49.54067555984716, 1.302059059183998, 0.0, 47.510464543809825, 48.812523602993814, 6.103000000000009
0.0018715430861723456, 0.30288979623475004, 4.4679800006068473E-4, 10.614244535425911, -0.0037879951911400267, 0.0, 0.004272132219673923, 4.8413702853389654E-4, -7.185515050102509, 0.0, 56.72619060994967, 49.54067555984716, 1.2925783850192574, 0.0, 47.1645269071272, 48.457105292146444, 6.103000000000009
0.0018851703406813636, 0.30353907119725565, 4.50051267434507E-4, 10.745176685872796, -0.0038113715928166344, 0.0, 0.004456677684826497, 6.453060920098633E-4, -7.185515050102509, 0.0, 56.72619060994967, 49.54067555984716, 1.28323477598542, 0.0, 46.82359060121834, 48.106825377203755, 6.103000000000009
0.0018987975951903816, 0.3041883461597613, 4.5330453480832937E-4, 10.876989692058093, -0.003834747994493242, 0.0, 0.004641223149979071, 8.064751554858335E-4, -7.185515050102509, 0.0, 56.72619060994967, 49.54067555984716, 1.2740252810232027, 0.0, 46.48754794571619, 47.76157322673938, 6.103000000000009
0.0019124248496993996, 0.304837621122267, 4.5655780218215166E-4, 11.009683553981798, -0.0038581243961698496, 0.0, 0.004825768615131645, 9.676442189618002E-4, -7.185515050102509, 0.0, 56.72619060994967, 49.54067555984716, 1.2649470331860888, 0.0, 46.15629432942061, 47.42124136260669, 6.103000000000009
0.0019260521042084179, 0.30548689608477264, 4.59811069555974E-4, 11.143258271643914, -0.0038815007978464577, 0.0, 0.005010314080284222, 0.001128813282437767, -7.185515050102509, 0.0, 56.72619060994967, 49.54067555984716, 1.255997246664743, 0.0, 45.82972810172312, 47.085725348387854, 6.103000000000009
0.0019396793587174359, 0.3061361710472783, 4.630643369297963E-4, 11.277713845044435, -0.0039048771995230653, 0.0, 0.0051948595454367995, 0.0012899823459137337, -7.185515050102509, 0.0, 56.72619060994967, 49.54067555984716, 1.2471732139368576, 0.0, 45.50775046860842, 46.75492368254527, 6.103000000000009
0.0019533066132264537, 0.3067854460097839, 4.663176043036186E-4, 11.413050274183366, -0.003928253601199673, 0.0, 0.00537940501058937, 0.0014511514093897004, -7.185515050102509, 0.0, 56.72619060994967, 49.54067555984716, 1.2384723030363038, 0.0, 45.19026539300922, 46.428737696045516, 6.103000000000009
0.0019669338677354717, 0.3074347209722896, 4.695708716774409E-4, 11.549267559060702, -0.00395163000287628, 0.0, 0.005563950475741944, 0.0016123204728656672, -7.185515050102509, 0.0, 56.72619060994967, 49.54067555984716, 1.229891954935797, 0.0, 44.87717949930321, 46.107071454239, 6.103000000000009
0.0019805611222444897, 0.3080839959347952, 4.728241390512632E-4, 11.68636569967645, -0.003975006404552888, 0.0, 0.005748495940894518, 0.001773489536341634, -7.185515050102509, 0.0, 56.72619060994967, 49.54067555984716, 1.2214296810376257, 0.0, 44.5684019817526, 45.78983166279021, 6.103000000000009
0.001994188376753508, 0.30873327089730085, 4.760774064250856E-4, 11.824344696030611, -0.003998382806229496, 0.0, 0.005933041406047099, 0.0019346585998176041, -7.185515050102509, 0.0, 56.72619060994967, 49.54067555984716, 1.2130830607672438, 0.0, 44.2638445166979, 45.47692757746514, 6.103000000000009
0.0020078156312625262, 0.3093825458598065, 4.7933067379890787E-4, 11.963204548123176, -0.004021759207906104, 0.0, 0.006117586871199673, 0.002095827663293571, -7.185515050102509, 0.0, 56.72619060994967, 49.54067555984716, 1.204849739264882, 0.0, 43.963421178327266, 45.16827091759214, 6.103000000000009
0.002021442885771544, 0.3100318208223122, 4.8258394117273016E-4, 12.102945255954149, -0.004045135609582711, 0.0, 0.006302132336352243, 0.002256996726769534, -7.185515050102509, 0.0, 56.72619060994967, 49.54067555984716, 1.1967274251705013, 0.0, 43.66704835785278, 44.86377578302327, 6.103000000000009
0.002035070140280562, 0.3106810957848178, 4.8583720854655245E-4, 12.24356681952353, -0.004068512011259319, 0.0, 0.006486677801504817, 0.002418165790245501, -7.185515050102509, 0.0, 56.72619060994967, 49.54067555984716, 1.1887138884977702, 0.0, 43.37464468593412, 44.56335857443188, 6.103000000000009
0.0020486973947895803, 0.31133037074732345, 4.890904759203748E-4, 12.385069238831324, -0.004091888412935927, 0.0, 0.006671223266657398, 0.0025793348537214746, -7.185515050102509, 0.0, 56.72619060994967, 49.54067555984716, 1.1808069585928636, 0.0, 43.08613095819826, 44.26693791679112, 6.103000000000009
0.0020623246492985983, 0.3119796457098291, 4.923437432941971E-4, 12.527452513877527, -0.004115264814612535, 0.0, 0.006855768731809972, 0.0027405039171974413, -7.185515050102509, 0.0, 56.72619060994967, 49.54067555984716, 1.1730045221742156, 0.0, 42.80143006371207, 43.97443458588627, 6.103000000000009
0.0020759519038076163, 0.3126289206723348, 4.955970106680195E-4, 12.670716644662136, -0.004138641216289142, 0.0, 0.007040314196962546, 0.002901672980673408, -7.185515050102509, 0.0, 56.72619060994967, 49.54067555984716, 1.1653045214494493, 0.0, 42.52046691627193, 43.685771437721364, 6.103000000000009
0.0020895791583166344, 0.3132781956348404, 4.988502780418417E-4, 12.814861631185149, -0.00416201761796575, 0.0, 0.00722485966211512, 0.0030628420441493748, -7.185515050102509, 0.0, 56.72619060994967, 49.54067555984716, 1.1577049523060183, 0.0, 42.243168388382166, 43.40087334068818, 6.103000000000008
0.0021032064128256524, 0.31392747059734605, 5.021035454156641E-4, 12.959887473446578, -0.0041853940196423575, 0.0, 0.007409405127267697, 0.0032240111076253415, -7.185515050102509, 0.0, 56.72619060994967, 49.54067555984716, 1.1502038625721624, 0.0, 41.969463247799986, 43.11966711037214, 6.103000000000008
0.002116833667334671, 0.3145767455598517, 5.053568127894864E-4, 13.105794171446416, -0.004208770421318966, 0.0, 0.007593950592420278, 0.0033851801711013117, -7.185515050102509, 0.0, 56.72619060994967, 49.54067555984716, 1.1427993503450584, 0.0, 41.69928209653136, 42.84208144687641, 6.103000000000008
0.0021304609218436884, 0.3152260205223574, 5.086100801633087E-4, 13.252581725184655, -0.004232146822995573, 0.0, 0.007778496057572845, 0.003546349234577275, -7.185515050102509, 0.0, 56.72619060994967, 49.54067555984716, 1.1354895623831103, 0.0, 41.43255731216827, 42.56804687455137, 6.103000000000008
0.0021440881763527065, 0.315875295484863, 5.11863347537131E-4, 13.400250134661308, -0.004255523224672181, 0.0, 0.007963041522725419, 0.0037075182980532417, -7.185515050102509, 0.0, 56.72619060994967, 49.54067555984716, 1.1282726925595714, 0.0, 41.16922299146284, 42.2974956840224, 6.103000000000008
0.0021577154308617245, 0.31652457044736865, 5.151166149109532E-4, 13.548799399876366, -0.004278899626348788, 0.0, 0.008147586987877993, 0.0038686873615292085, -7.185515050102509, 0.0, 56.72619060994967, 49.54067555984716, 1.1211469803747418, 0.0, 40.909214896039835, 42.03036187641457, 6.103000000000008
0.0021713426853707425, 0.3171738454098743, 5.183698822847756E-4, 13.698229520829837, -0.004302276028025396, 0.0, 0.00833213245303057, 0.004029856425005175, -7.185515050102509, 0.0, 56.72619060994967, 49.54067555984716, 1.1141107095242135, 0.0, 40.65247040015329, 41.766581109677496, 6.103000000000008
0.0021849699398797605, 0.3178231203723799, 5.216231496585979E-4, 13.848540497521716, -0.004325652429702003, 0.0, 0.008516677918183144, 0.004191025488481142, -7.185515050102509, 0.0, 56.72619060994967, 49.54067555984716, 1.107162206520668, 0.0, 40.39892844039814, 41.5060906469188, 6.103000000000008
0.0021985971943887786, 0.3184723953348856, 5.248764170324202E-4, 13.999732329952002, -0.004349028831378611, 0.0, 0.008701223383335718, 0.004352194551957109, -7.185515050102509, 0.0, 56.72619060994967, 49.54067555984716, 1.100299839366954, 0.0, 40.148529467292036, 41.248829306658976, 6.103000000000008
0.0022122244488977966, 0.31912167029739125, 5.281296844062425E-4, 14.151805018120697, -0.004372405233055219, 0.0, 0.008885768848488292, 0.004513363615433075, -7.185515050102509, 0.0, 56.72619060994967, 49.54067555984716, 1.0935220162781814, 0.0, 39.9012153986467, 40.99473741492487, 6.103000000000008
0.002225851703406815, 0.3197709452598969, 5.313829517800649E-4, 14.304758562027803, -0.0043957816347318275, 0.0, 0.009070314313640873, 0.004674532678909049, -7.185515050102509, 0.0, 56.72619060994967, 49.54067555984716, 1.0868271844507835, 0.0, 39.6569295746521, 40.74375675910287, 6.103000000000008
0.0022394789579158326, 0.3204202202224025, 5.346362191538871E-4, 14.458592961673311, -0.004419158036408434, 0.0, 0.00925485977879344, 0.004835701742385009, -7.185515050102509, 0.0, 56.72619060994967, 49.54067555984716, 1.0802138288764962, 0.0, 39.41561671460053, 40.49583054347702, 6.103000000000008
0.0022531062124248507, 0.3210694951849082, 5.378894865277094E-4, 14.613308217057238, -0.004442534438085042, 0.0, 0.009439405243946018, 0.004996870805860976, -7.185515050102509, 0.0, 56.72619060994967, 49.54067555984716, 1.0736804711994001, 0.0, 39.17722287518109, 40.250903346380476, 6.103000000000008
0.0022667334669338687, 0.32171877014741385, 5.411427539015317E-4, 14.768904328179563, -0.004465910839761649, 0.0, 0.009623950709098592, 0.005158039869336942, -7.185515050102509, 0.0, 56.72619060994967, 49.54067555984716, 1.0672256686141672, 0.0, 38.94169541027857, 40.008921078892726, 6.103000000000008
0.002280360721442887, 0.3223680451099195, 5.443960212753541E-4, 14.92538129504031, -0.004489287241438258, 0.0, 0.009808496174251172, 0.005319208932812916, -7.185515050102509, 0.0, 56.72619060994967, 49.54067555984716, 1.0608480128038353, 0.0, 38.7089829322138, 39.769830945017624, 6.103000000000008
0.0022939879759519047, 0.3230173200724251, 5.476492886491764E-4, 15.082739117639452, -0.004512663643114864, 0.0, 0.00999304163940374, 0.005480377996288876, -7.185515050102509, 0.0, 56.72619060994967, 49.54067555984716, 1.054546128915423, 0.0, 38.479035274365415, 39.533581403280834, 6.103000000000008
0.002307615230460923, 0.3236665950349308, 5.509025560229987E-4, 15.24097779597701, -0.004536040044791473, 0.0, 0.010177587104556324, 0.0056415470597648495, -7.185515050102509, 0.0, 56.72619060994967, 49.54067555984716, 1.0483186745718494, 0.0, 38.25180345511601, 39.30012212968785, 6.103000000000008
0.002321242484969941, 0.32431586999743645, 5.541558233968211E-4, 15.400097330052978, -0.0045594164464680806, 0.0, 0.010362132569708894, 0.005802716123240816, -7.185515050102509, 0.0, 56.72619060994967, 49.54067555984716, 1.0421643389186606, 0.0, 38.02723964306836, 39.069403981987016, 6.103000000000008
0.002334869739478959, 0.32496514495994205, 5.574090907706433E-4, 15.560097719867347, -0.004582792848144688, 0.0, 0.010546678034861465, 0.0059638851867167796, -7.185515050102509, 0.0, 56.72619060994967, 49.54067555984716, 1.0360818417041324, 0.0, 37.80529712347961, 38.841378965183736, 6.103000000000008
0.0023484969939879773, 0.3256144199224477, 5.606623581444657E-4, 15.720978965420132, -0.004606169249821296, 0.0, 0.010731223500014042, 0.00612505425019275, -7.185515050102509, 0.0, 56.72619060994967, 49.54067555984716, 1.0300699323914022, 0.0, 37.58593026586405, 38.61600019825545, 6.103000000000008
0.002362124248496995, 0.3262636948849533, 5.639156255182879E-4, 15.88274106671132, -0.004629545651497903, 0.0, 0.010915768965166613, 0.006286223313668713, -7.185515050102509, 0.0, 56.72619060994967, 49.54067555984716, 1.0241273893013358, 0.0, 37.36909449271748, 38.39322188201881, 6.103000000000008
0.0023757515030060133, 0.32691296984745905, 5.671688928921102E-4, 16.045384023740922, -0.004652922053174511, 0.0, 0.01110031443031919, 0.006447392377144683, -7.185515050102509, 0.0, 56.72619060994967, 49.54067555984716, 1.0182530187848877, 0.0, 37.15474624931766, 38.172999268102544, 6.103000000000008
0.002389378757515031, 0.32756224480996465, 5.704221602659325E-4, 16.208907836508924, -0.004676298454851118, 0.0, 0.01128485989547176, 0.0066085614406206465, -7.185515050102509, 0.0, 56.72619060994967, 49.54067555984716, 1.0124456544237899, 0.0, 36.9428429745585, 37.95528862898228, 6.103000000000008
0.002403006012024049, 0.3282115197724703, 5.736754276397548E-4, 16.373312505015345, -0.0046996748565277255, 0.0, 0.011469405360624338, 0.006769730504096613, -7.185515050102509, 0.0, 56.72619060994967, 49.54067555984716, 1.006704156258431, 0.0, 36.73334307277633, 37.74004722903475, 6.103000000000008
0.002416633266533068, 0.328860794734976, 5.769286950135773E-4, 16.53859802926018, -0.004723051258204335, 0.0, 0.011653950825776922, 0.00693089956757259, -7.185515050102509, 0.0, 56.72619060994967, 49.54067555984716, 1.0010274100418644, 0.0, 36.52620588652963, 37.52723329657149, 6.103000000000008
0.0024302605210420854, 0.32951006969748164, 5.801819623873995E-4, 16.70476440924341, -0.004746427659880942, 0.0, 0.011838496290929493, 0.00709206863104855, -7.185515050102509, 0.0, 56.72619060994967, 49.54067555984716, 0.9954143265189119, 0.0, 36.32139167029446, 37.316805996813365, 6.103000000000008
0.0024438877755511034, 0.33015934465998725, 5.834352297612219E-4, 16.871811644965053, -0.00476980406155755, 0.0, 0.012023041756082063, 0.007253237694524517, -7.185515050102509, 0.0, 56.72619060994967, 49.54067555984716, 0.9898638407293845, 0.0, 36.11886156503984, 37.10872540576922, 6.103000000000008
0.0024575150300601215, 0.3308086196224929, 5.866884971350441E-4, 17.0397397364251, -0.004793180463234157, 0.0, 0.01220758722123464, 0.007414406758000484, -7.185515050102509, 0.0, 56.72619060994967, 49.54067555984716, 0.9843749113344894, 0.0, 35.91857757364926, 36.90295248498374, 6.103000000000008
0.0024711422845691395, 0.3314578945849985, 5.899417645088664E-4, 17.20854868362356, -0.004816556864910765, 0.0, 0.012392132686387218, 0.00757557582147645, -7.185515050102509, 0.0, 56.72619060994967, 49.54067555984716, 0.9789465199655214, 0.0, 35.72050253715521, 36.699449057120724, 6.103000000000008
0.002484769539078157, 0.3321071695475042, 5.931950318826887E-4, 17.37823848656043, -0.004839933266587371, 0.0, 0.012576678151539782, 0.007736744884952414, -7.185515050102509, 0.0, 56.72619060994967, 49.54067555984716, 0.9735776705939873, 0.0, 35.524600111755866, 36.49817778234985, 6.103000000000008
0.0024983967935871755, 0.33275644451000985, 5.96448299256511E-4, 17.54880914523571, -0.00486330966826398, 0.0, 0.012761223616692366, 0.007897913948428387, -7.185515050102509, 0.0, 56.72619060994967, 49.54067555984716, 0.9682673889223425, 0.0, 35.330834746583854, 36.29910213550619, 6.103000000000008
0.0025120240480961935, 0.3334057194725155, 5.997015666303334E-4, 17.720260659649398, -0.0048866860699405875, 0.0, 0.012945769081844936, 0.008059083011904354, -7.185515050102509, 0.0, 56.72619060994967, 49.54067555984716, 0.9630147217945628, 0.0, 35.13917166219871, 36.10218638399327, 6.103000000000008
0.0025256513026052116, 0.3340549944350212, 6.029548340041556E-4, 17.89259302980149, -0.004910062471617196, 0.0, 0.013130314546997514, 0.00822025207538032, -7.185515050102509, 0.0, 56.72619060994967, 49.54067555984716, 0.9578187366257911, 0.0, 34.94957682977552, 35.907395566401306, 6.103000000000008
0.0025392785571142296, 0.3347042693975268, 6.06208101377978E-4, 18.065806255691996, -0.004933438873293803, 0.0, 0.013314860012150091, 0.008381421138856288, -7.185515050102509, 0.0, 56.72619060994967, 49.54067555984716, 0.9526785208503548, 0.0, 34.76201695096369, 35.71469547181404, 6.103000000000008
0.0025529058116232476, 0.33535354436003245, 6.094613687518003E-4, 18.239900337320908, -0.004956815274970411, 0.0, 0.013499405477302662, 0.008542590202332254, -7.185515050102509, 0.0, 56.72619060994967, 49.54067555984716, 0.9475931813874594, 0.0, 34.57645943839084, 35.52405261977829, 6.103000000000008
0.002566533066132266, 0.3360028193225381, 6.127146361256227E-4, 18.41487527468823, -0.004980191676647019, 0.0, 0.013683950942455246, 0.008703759265808225, -7.185515050102509, 0.0, 56.72619060994967, 49.54067555984716, 0.9425618441239044, 0.0, 34.39287239678776, 35.33543424091166, 6.103000000000008
0.002580160320641284, 0.3366520942850438, 6.15967903499445E-4, 18.590731067793964, -0.005003568078323627, 0.0, 0.013868496407607817, 0.008864928329284191, -7.185515050102509, 0.0, 56.72619060994967, 49.54067555984716, 0.9375836534131918, 0.0, 34.211224604711525, 35.14880825812471, 6.103000000000008
0.0025937875751503017, 0.3373013692475494, 6.192211708732672E-4, 18.7674677166381, -0.005026944480000233, 0.0, 0.014053041872760387, 0.009026097392760155, -7.185515050102509, 0.0, 56.72619060994967, 49.54067555984716, 0.9326577715904231, 0.0, 34.031485496844695, 34.96414326843511, 6.103000000000008
0.00260741482965932, 0.33795064421005505, 6.224744382470896E-4, 18.94508522122065, -0.005050320881676842, 0.0, 0.014237587337912964, 0.009187266456236125, -7.185515050102509, 0.0, 56.72619060994967, 49.54067555984716, 0.927783378502409, 0.0, 33.85362514684965, 34.781408525352056, 6.103000000000008
0.0026210420841683377, 0.3385999191725607, 6.257277056209118E-4, 19.1235835815416, -0.0050736972833534495, 0.0, 0.014422132803065535, 0.009348435519712088, -7.185515050102509, 0.0, 56.72619060994967, 49.54067555984716, 0.9229596710524387, 0.0, 33.67761425075777, 34.6005739218102, 6.103000000000008
0.0026346693386773558, 0.3392491941350663, 6.289809729947342E-4, 19.30296279760097, -0.005097073685030057, 0.0, 0.014606678268218112, 0.009509604583188055, -7.185515050102509, 0.0, 56.72619060994967, 49.54067555984716, 0.9181858627591729, 0.0, 33.503424110874036, 34.4216099736332, 6.103000000000008
0.002648296593186374, 0.339898469097572, 6.322342403685564E-4, 19.483222869398737, -0.005120450086706665, 0.0, 0.014791223733370683, 0.009670773646664025, -7.185515050102509, 0.0, 56.72619060994967, 49.54067555984716, 0.9134611833291597, 0.0, 33.331026620178655, 34.24448780350781, 6.103000000000008
0.002661923847695392, 0.3405477440600776, 6.354875077423787E-4, 19.66436379693492, -0.005143826488383272, 0.0, 0.01497576919852326, 0.009831942710139988, -7.185515050102509, 0.0, 56.72619060994967, 49.54067555984716, 0.9087848782424788, 0.0, 33.160394247207776, 34.069179125450255, 6.103000000000008
0.0026755511022044107, 0.3411970190225833, 6.387407751162012E-4, 19.84638558020952, -0.005167202890059881, 0.0, 0.015160314663675845, 0.009993111773615965, -7.185515050102509, 0.0, 56.72619060994967, 49.54067555984716, 0.9041562083510479, 0.0, 32.991500021396206, 33.89565622974725, 6.103000000000008
0.0026891783567134283, 0.3418462939850889, 6.419940424900234E-4, 20.029288219222515, -0.005190579291736488, 0.0, 0.015344860128828415, 0.010154280837091929, -7.185515050102509, 0.0, 56.72619060994967, 49.54067555984716, 0.8995744494891456, 0.0, 32.824317518865854, 33.72389196835499, 6.103000000000008
0.0027028056112224463, 0.3424955689475946, 6.452473098638458E-4, 20.213071713973925, -0.005213955693413095, 0.0, 0.015529405593980986, 0.010315449900567892, -7.185515050102509, 0.0, 56.72619060994967, 49.54067555984716, 0.8950388920957103, 0.0, 32.65882084864395, 33.55385974073965, 6.103000000000008
0.0027164328657314643, 0.34314484391010025, 6.48500577237668E-4, 20.39773606446374, -0.005237332095089703, 0.0, 0.015713951059133563, 0.010476618964043862, -7.185515050102509, 0.0, 56.72619060994967, 49.54067555984716, 0.8905488408480151, 0.0, 32.49498463929627, 33.385533480144275, 6.103000000000008
0.0027300601202404824, 0.3437941188726059, 6.517538446114904E-4, 20.583281270691966, -0.0052607084967663115, 0.0, 0.01589849652428614, 0.010637788027519825, -7.185515050102509, 0.0, 56.72619060994967, 49.54067555984716, 0.8861036143063088, 0.0, 32.33278402596057, 33.21888764026688, 6.103000000000008
0.0027436873747495, 0.34444339383511147, 6.550071119853126E-4, 20.769707332658598, -0.005284084898442918, 0.0, 0.016083041989438704, 0.010798957090995789, -7.185515050102509, 0.0, 56.72619060994967, 49.54067555984716, 0.8817025445690488, 0.0, 32.17219463776649, 33.05389718233553, 6.103000000000008
0.0027573146292585184, 0.3450926687976172, 6.58260379359135E-4, 20.95701425036364, -0.005307461300119527, 0.0, 0.016267587454591288, 0.010960126154471759, -7.185515050102509, 0.0, 56.72619060994967, 49.54067555984716, 0.8773449769383563, 0.0, 32.01319258562838, 32.890537562566735, 6.103000000000008
0.0027709418837675364, 0.3457419437601228, 6.615136467329573E-4, 21.14520202380709, -0.005330837701796134, 0.0, 0.01645213291974386, 0.011121295217947729, -7.185515050102509, 0.0, 56.72619060994967, 49.54067555984716, 0.8730302695953457, 0.0, 31.85575445039856, 32.7287847199939, 6.103000000000008
0.002784569138276554, 0.34639121872262846, 6.647669141067795E-4, 21.334270652988952, -0.005354214103472741, 0.0, 0.01663667838489643, 0.011282464281423692, -7.185515050102509, 0.0, 56.72619060994967, 49.54067555984716, 0.8687577932849836, 0.0, 31.699857271368188, 32.568615064653166, 6.103000000000008
0.0027981963927855725, 0.3470404936851341, 6.680201814806019E-4, 21.52422013790922, -0.005377590505149349, 0.0, 0.016821223850049014, 0.011443633344899663, -7.185515050102509, 0.0, 56.72619060994967, 49.54067555984716, 0.8645269310101587, 0.0, 31.54547853510427, 32.41000546611442, 6.103000000000008
0.0028118236472945905, 0.3476897686476398, 6.712734488544242E-4, 21.715050478567903, -0.005400966906825957, 0.0, 0.017005769315201584, 0.011604802408375633, -7.185515050102509, 0.0, 56.72619060994967, 49.54067555984716, 0.8603370777346478, 0.0, 31.39259616461128, 32.252933242345925, 6.103000000000008
0.002825450901803609, 0.34833904361014545, 6.745267162282466E-4, 21.906761674964986, -0.005424343308502565, 0.0, 0.01719031478035417, 0.011765971471851603, -7.185515050102509, 0.0, 56.72619060994967, 49.54067555984716, 0.8561876400946764, 0.0, 31.241188508806356, 32.09737614890103, 6.103000000000008
0.0028390781563126266, 0.34898831857265106, 6.777799836020688E-4, 22.09935372710048, -0.005447719710179173, 0.0, 0.017374860245506732, 0.011927140535327566, -7.185515050102509, 0.0, 56.72619060994967, 49.54067555984716, 0.8520780361187863, 0.0, 31.09123433229766, 31.94331236841644, 6.103000000000008
0.0028527054108216446, 0.3496375935351567, 6.810332509758912E-4, 22.292826634974386, -0.00547109611185578, 0.0, 0.01755940571065931, 0.01208830959880353, -7.185515050102509, 0.0, 56.72619060994967, 49.54067555984716, 0.848007694955732, 0.0, 30.94271280545563, 31.790720500411357, 6.103000000000008
0.002866332665330663, 0.3502868684976624, 6.842865183497135E-4, 22.4871803985867, -0.005494472513532389, 0.0, 0.017743951175811887, 0.0122494786622795, -7.185515050102509, 0.0, 56.72619060994967, 49.54067555984716, 0.8439760566101409, 0.0, 30.795603494767594, 31.63957955137773, 6.103000000000008
0.0028799599198396806, 0.350936143460168, 6.875397857235357E-4, 22.682415017937416, -0.005517848915208995, 0.0, 0.017928496640964457, 0.012410647725755463, -7.185515050102509, 0.0, 56.72619060994967, 49.54067555984716, 0.8399825716856757, 0.0, 30.64988635346607, 31.48986892515174, 6.103000000000008
0.0028935871743486987, 0.35158541842267366, 6.907930530973581E-4, 22.87853049302655, -0.005541225316885603, 0.0, 0.018113042106117035, 0.012571816789231433, -7.185515050102509, 0.0, 56.72619060994967, 49.54067555984716, 0.8360267011354556, 0.0, 30.505541712421973, 31.341568413557425, 6.103000000000008
0.0029072144288577167, 0.3522346933851793, 6.940463204711803E-4, 23.07552682385408, -0.00556460171856221, 0.0, 0.018297587571269605, 0.012732985852707396, -7.185515050102509, 0.0, 56.72619060994967, 49.54067555984716, 0.8321079160194972, 0.0, 30.36255027129392, 31.19465818731341, 6.103000000000008
0.0029208416833667347, 0.352883968347685, 6.972995878450027E-4, 23.27340401042003, -0.005587978120238818, 0.0, 0.018482133036422183, 0.012894154916183367, -7.185515050102509, 0.0, 56.72619060994967, 49.54067555984716, 0.8282256972689431, 0.0, 30.220893089925276, 31.049118787194214, 6.103000000000008
0.0029344689378757527, 0.3535332433101906, 7.005528552188249E-4, 23.472162052724382, -0.005611354521915426, 0.0, 0.01866667850157476, 0.01305532397965933, -7.185515050102509, 0.0, 56.72619060994967, 49.54067555984716, 0.824379535456863, 0.0, 30.08055157998094, 30.9049311154378, 6.103000000000008
0.002948096192384771, 0.35418251827269626, 7.038061225926474E-4, 23.671800950767153, -0.005634730923592035, 0.0, 0.018851223966727337, 0.013216493043135307, -7.185515050102509, 0.0, 56.72619060994967, 49.54067555984716, 0.8205689305754091, 0.0, 29.941507496816048, 30.762076427391452, 6.103000000000008
0.002961723446893789, 0.3548317932352019, 7.070593899664697E-4, 23.872320704548333, -0.005658107325268642, 0.0, 0.019035769431879915, 0.01337766210661127, -7.185515050102509, 0.0, 56.72619060994967, 49.54067555984716, 0.8167933918191247, 0.0, 29.80374293156918, 30.620536323388297, 6.103000000000008
0.0029753507014028072, 0.35548106819770753, 7.10312657340292E-4, 24.07372131406791, -0.00568148372694525, 0.0, 0.019220314897032485, 0.01353883117008724, -7.185515050102509, 0.0, 56.72619060994967, 49.54067555984716, 0.8130524373742065, 0.0, 29.667240303472816, 30.480292740847016, 6.103000000000008
0.0029889779559118253, 0.3561303431602132, 7.135659247141143E-4, 24.2760027793259, -0.005704860128621857, 0.0, 0.019404860362185063, 0.013700000233563204, -7.185515050102509, 0.0, 56.72619060994967, 49.54067555984716, 0.8093455942135329, 0.0, 29.53198235237418, 30.341327946587704, 6.103000000000008
0.003002605210420843, 0.35677961812271886, 7.168191920879365E-4, 24.479165100322298, -0.005728236530298464, 0.0, 0.019589405827337626, 0.013861169297039167, -7.185515050102509, 0.0, 56.72619060994967, 49.54067555984716, 0.8056723978972733, 0.0, 29.397952131459718, 30.203624529356983, 6.103000000000008
0.0030162324649298613, 0.3574288930852245, 7.200724594617589E-4, 24.683208277057105, -0.005751612931975072, 0.0, 0.01977395129249021, 0.014022338360515137, -7.185515050102509, 0.0, 56.72619060994967, 49.54067555984716, 0.8020323923789013, 0.0, 29.26513300017679, 30.067165392555683, 6.103000000000008
0.003029859719438879, 0.3580781680477301, 7.233257268355811E-4, 24.88813230953032, -0.0057749893336516795, 0.0, 0.01995849675764278, 0.0141835074239911, -7.185515050102509, 0.0, 56.72619060994967, 49.54067555984716, 0.798425129816446, 0.0, 29.13350861734645, 29.93193374716289, 6.103000000000008
0.003043486973947897, 0.35872744301023574, 7.265789942094035E-4, 25.093937197741944, -0.005798365735328287, 0.0, 0.02014304222279535, 0.014344676487467064, -7.185515050102509, 0.0, 56.72619060994967, 49.54067555984716, 0.7948501703888093, 0.0, 29.003062934461116, 29.79791310484992, 6.103000000000008
0.0030571142284569154, 0.3593767179727414, 7.298322615832258E-4, 25.30062294169198, -0.005821742137004896, 0.0, 0.020327587687947936, 0.014505845550943041, -7.185515050102509, 0.0, 56.72619060994967, 49.54067555984716, 0.7913070821170006, 0.0, 28.873780189161643, 29.665087271278637, 6.103000000000008
0.003070741482965933, 0.36002599293524706, 7.33085528957048E-4, 25.50818954138042, -0.005845118538681502, 0.0, 0.0205121331531005, 0.014667014614419004, -7.185515050102509, 0.0, 56.72619060994967, 49.54067555984716, 0.787795440690129, 0.0, 28.74564489888801, 29.53344033957813, 6.103000000000008
0.003084368737474952, 0.3606752678977527, 7.363387963308705E-4, 25.716636996807278, -0.005868494940358112, 0.0, 0.02069667861825309, 0.014828183677894981, -7.185515050102509, 0.0, 56.72619060994967, 49.54067555984716, 0.7843148292960069, 0.0, 28.618641854698254, 29.402956683994255, 6.103000000000008
0.0030979959919839694, 0.3613245428602584, 7.395920637046927E-4, 25.925965307972536, -0.005891871342034718, 0.0, 0.020881224083405654, 0.014989352741370938, -7.185515050102509, 0.0, 56.72619060994967, 49.54067555984716, 0.780864838456229, 0.0, 28.492756115250717, 29.273620953706942, 6.103000000000008
0.0031116232464929875, 0.36197381782276405, 7.428453310785151E-4, 26.136174474876206, -0.005915247743711326, 0.0, 0.02106576954855823, 0.015150521804846908, -7.185515050102509, 0.0, 56.72619060994967, 49.54067555984716, 0.777445065865579, 0.0, 28.36797300094422, 29.145418066809793, 6.103000000000008
0.0031252505010020055, 0.36262309278526966, 7.460985984523373E-4, 26.347264497518278, -0.0059386241453879334, 0.0, 0.02125031501371081, 0.015311690868322871, -7.185515050102509, 0.0, 56.72619060994967, 49.54067555984716, 0.7740551162356425, 0.0, 28.244278088211665, 29.018333204447302, 6.103000000000008
0.0031388777555110235, 0.3632723677477753, 7.493518658261597E-4, 26.559235375898766, -0.0059620005470645415, 0.0, 0.02143486047886338, 0.015472859931798841, -7.185515050102509, 0.0, 56.72619060994967, 49.54067555984716, 0.7706946011424916, 0.0, 28.12165720396226, 28.892351805104745, 6.103000000000008
0.0031525050100200415, 0.36392164271028093, 7.52605133199982E-4, 26.772087110017665, -0.005985376948741149, 0.0, 0.021619405944015957, 0.015634028995274805, -7.185515050102509, 0.0, 56.72619060994967, 49.54067555984716, 0.7673631388783195, 0.0, 28.00009642016788, 28.76745955904619, 6.103000000000008
0.0031661322645290596, 0.3645709176727866, 7.558584005738043E-4, 26.98581969987496, -0.006008753350417757, 0.0, 0.021803951409168527, 0.015795198058750775, -7.185515050102509, 0.0, 56.72619060994967, 49.54067555984716, 0.7640603543069084, 0.0, 27.87958204858921, 28.643642402896113, 6.103000000000008
0.0031797595190380776, 0.36522019263529226, 7.591116679476266E-4, 27.200433145470676, -0.006032129752094364, 0.0, 0.021988496874321105, 0.015956367122226738, -7.185515050102509, 0.0, 56.72619060994967, 49.54067555984716, 0.7607858787228112, 0.0, 27.760100635637546, 28.52088651436035, 6.103000000000008
0.003193386773547095, 0.3658694675977979, 7.623649353214488E-4, 27.41592744680479, -0.006055506153770971, 0.0, 0.022173042339473675, 0.0161175361857027, -7.185515050102509, 0.0, 56.72619060994967, 49.54067555984716, 0.7575393497141416, 0.0, 27.64163895736812, 28.399178307082252, 6.103000000000008
0.003207014028056114, 0.3665187425603036, 7.656182026952713E-4, 27.632302603877328, -0.00607888255544758, 0.0, 0.02235758780462626, 0.01627870524917868, -7.185515050102509, 0.0, 56.72619060994967, 49.54067555984716, 0.7543204110288598, 0.0, 27.52418401460107, 28.278504425629922, 6.103000000000008
0.0032206412825651317, 0.3671680175228092, 7.688714700690935E-4, 27.849558616688267, -0.006102258957124187, 0.0, 0.02254213326977883, 0.016439874312654642, -7.185515050102509, 0.0, 56.72619060994967, 49.54067555984716, 0.7511287124444556, 0.0, 27.407723028166316, 28.158851740610768, 6.103000000000008
0.00323426853707415, 0.3678172924853149, 7.721247374429159E-4, 28.06769548523761, -0.006125635358800795, 0.0, 0.022726678734931408, 0.016601043376130612, -7.185515050102509, 0.0, 56.72619060994967, 49.54067555984716, 0.7479639096409222, 0.0, 27.292243434268595, 28.04020734390951, 6.103000000000008
0.003247895791583168, 0.3684665674478205, 7.753780048167382E-4, 28.286713209525374, -0.0061490117604774035, 0.0, 0.022911224200083985, 0.016762212439606582, -7.185515050102509, 0.0, 56.72619060994967, 49.54067555984716, 0.7448256640769324, 0.0, 27.1777328799692, 27.922558544046126, 6.103000000000008
0.0032615230460921857, 0.36911584241032613, 7.786312721905605E-4, 28.506611789551528, -0.006172388162154011, 0.0, 0.023095769665236555, 0.016923381503082546, -7.185515050102509, 0.0, 56.72619060994967, 49.54067555984716, 0.7417136428691149, 0.0, 27.06417921878101, 27.80589286165012, 6.103000000000008
0.003275150300601204, 0.3697651173728318, 7.818845395643828E-4, 28.7273912253161, -0.006195764563830619, 0.0, 0.023280315130389133, 0.017084550566558516, -7.185515050102509, 0.0, 56.72619060994967, 49.54067555984716, 0.7386275186743464, 0.0, 26.95157050637342, 27.690198025047764, 6.103000000000008
0.003288777555110222, 0.37041439233533746, 7.85137806938205E-4, 28.949051516819083, -0.006219140965507226, 0.0, 0.023464860595541703, 0.01724571963003448, -7.185515050102509, 0.0, 56.72619060994967, 49.54067555984716, 0.7355669695749707, 0.0, 26.83989499638419, 27.575461965959153, 6.103000000000008
0.00330240480961924, 0.3710636672978431, 7.883910743120274E-4, 29.171592664060473, -0.006242517367183833, 0.0, 0.023649406060694274, 0.017406888693510442, -7.185515050102509, 0.0, 56.72619060994967, 49.54067555984716, 0.7325316789668577, 0.0, 26.72914113633479, 27.46167281530164, 6.103000000000008
0.0033160320641282583, 0.3717129422603488, 7.916443416858497E-4, 29.39501466704028, -0.006265893768860441, 0.0, 0.023833951525846858, 0.017568057756986413, -7.185515050102509, 0.0, 56.72619060994967, 49.54067555984716, 0.7295213354502234, 0.0, 26.619297563646636, 27.348818899096855, 6.103000000000008
0.003329659318637276, 0.3723622172228544, 7.94897609059672E-4, 29.619317525758476, -0.0062892701705370485, 0.0, 0.02401849699099942, 0.017729226820462376, -7.185515050102509, 0.0, 56.72619060994967, 49.54067555984716, 0.7265356327231325, 0.0, 26.510353101755097, 27.236888734478224, 6.103000000000008
0.0033432865731462947, 0.3730114921853601, 7.981508764334944E-4, 29.844501240215102, -0.006312646572213657, 0.0, 0.024203042456152013, 0.017890395883938353, -7.185515050102509, 0.0, 56.72619060994967, 49.54067555984716, 0.7235742694776025, 0.0, 26.402296756318457, 27.12587102579605, 6.103000000000008
0.0033569138276553123, 0.37366076714786567, 8.014041438073167E-4, 30.070565810410123, -0.006336022973890265, 0.0, 0.024387587921304583, 0.018051564947414316, -7.185515050102509, 0.0, 56.72619060994967, 49.54067555984716, 0.7206369492982415, 0.0, 26.295117711519364, 27.0157546608176, 6.103000000000008
0.0033705410821643304, 0.37431004211037133, 8.04657411181139E-4, 30.29751123634356, -0.006359399375566873, 0.0, 0.024572133386457154, 0.018212734010890286, -7.185515050102509, 0.0, 56.72619060994967, 49.54067555984716, 0.7177233805633417, 0.0, 26.188805326455846, 26.90652870701918, 6.103000000000008
0.0033841683366733484, 0.374959317072877, 8.079106785549613E-4, 30.525337518015395, -0.00638277577724348, 0.0, 0.02475667885160973, 0.01837390307436625, -7.185515050102509, 0.0, 56.72619060994967, 49.54067555984716, 0.7148332763483652, 0.0, 26.08334913161964, 26.798182407968, 6.103000000000008
0.0033977955911823664, 0.37560859203538266, 8.111639459287836E-4, 30.75404465542565, -0.006406152178920088, 0.0, 0.024941224316762302, 0.01853507213784222, -7.185515050102509, 0.0, 56.72619060994967, 49.54067555984716, 0.7119663543317514, 0.0, 25.97873882545921, 26.690705179790953, 6.103000000000008
0.0034114228456913844, 0.3762578669978883, 8.144172133026059E-4, 30.98363264857431, -0.006429528580596695, 0.0, 0.02512576978191488, 0.018696241201318183, -7.185515050102509, 0.0, 56.72619060994967, 49.54067555984716, 0.709122336702981, 0.0, 25.87496427102514, 26.584086607728114, 6.103000000000008
0.0034250501002004025, 0.37690714196039393, 8.176704806764282E-4, 31.21410149746137, -0.006452904982273303, 0.0, 0.02531031524706745, 0.018857410264794153, -7.185515050102509, 0.0, 56.72619060994967, 49.54067555984716, 0.7063009500728362, 0.0, 25.772015492695623, 26.478316442768453, 6.103000000000008
0.0034386773547094205, 0.3775564169228996, 8.209237480502505E-4, 31.445451202086854, -0.0064762813839499105, 0.0, 0.025494860712220027, 0.019018579328270117, -7.185515050102509, 0.0, 56.72619060994967, 49.54067555984716, 0.7035019253857944, 0.0, 25.66988267297983, 26.37338459836562, 6.103000000000008
0.003452304609218438, 0.3782056918854052, 8.241770154240728E-4, 31.67768176245073, -0.006499657785626518, 0.0, 0.025679406177372598, 0.01917974839174608, -7.185515050102509, 0.0, 56.72619060994967, 49.54067555984716, 0.700724997834495, 0.0, 25.56855614939693, 26.26928114723142, 6.103000000000008
0.0034659318637274565, 0.37885496684791087, 8.274302827978951E-4, 31.91079317855303, -0.006523034187303126, 0.0, 0.025863951642525175, 0.01934091745522205, -7.185515050102509, 0.0, 56.72619060994967, 49.54067555984716, 0.697969906776227, 0.0, 25.468026411428788, 26.16599631820501, 6.103000000000007
0.0034795591182364746, 0.37950424181041653, 8.306835501717175E-4, 32.144785450393734, -0.006546410588979734, 0.0, 0.026048497107677752, 0.01950208651869802, -7.185515050102509, 0.0, 56.72619060994967, 49.54067555984716, 0.6952363956513763, 0.0, 25.368284097544258, 26.06352049319563, 6.103000000000007
0.003493186372745493, 0.3801535167729222, 8.339368175455398E-4, 32.379658577972855, -0.006569786990656342, 0.0, 0.02623304257283033, 0.01966325558217399, -7.185515050102509, 0.0, 56.72619060994967, 49.54067555984716, 0.6925242119037831, 0.0, 25.269319992293088, 25.96184420419687, 6.103000000000007
0.003506813627254511, 0.38080279173542786, 8.371900849193621E-4, 32.61541256129037, -0.00659316339233295, 0.0, 0.026417588037982907, 0.019824424645649954, -7.185515050102509, 0.0, 56.72619060994967, 49.54067555984716, 0.6898331069029568, 0.0, 25.171125023467674, 25.860958130370626, 6.103000000000007
0.0035204408817635286, 0.38145206669793347, 8.404433522931844E-4, 32.852047400346294, -0.006616539794009556, 0.0, 0.026602133503135478, 0.019985593709125917, -7.185515050102509, 0.0, 56.72619060994967, 49.54067555984716, 0.6871628358680962, 0.0, 25.07369025933062, 25.76085309519871, 6.103000000000007
0.003534068136272547, 0.38210134166043913, 8.436966196670067E-4, 33.08956309514064, -0.006639916195686165, 0.0, 0.026786678968288055, 0.020146762772601894, -7.185515050102509, 0.0, 56.72619060994967, 49.54067555984716, 0.6845131577938669, 0.0, 24.97700690590648, 25.661520063700344, 6.103000000000007
0.0035476953907815647, 0.38275061662294474, 8.46949887040829E-4, 33.32795964567338, -0.006663292597362772, 0.0, 0.026971224433440626, 0.02030793183607785, -7.185515050102509, 0.0, 56.72619060994967, 49.54067555984716, 0.6818838353778933, 0.0, 24.881066304336038, 25.562950139713926, 6.103000000000007
0.0035613226452905827, 0.3833998915854504, 8.502031544146513E-4, 33.56723705194454, -0.00668666899903938, 0.0, 0.027155769898593196, 0.02046910089955382, -7.185515050102509, 0.0, 56.72619060994967, 49.54067555984716, 0.6792746349499097, 0.0, 24.78585992829109, 25.46513456324099, 6.103000000000007
0.0035749498997996007, 0.38404916654795607, 8.534564217884736E-4, 33.807395313954096, -0.006710045400715987, 0.0, 0.027340315363745774, 0.020630269963029784, -7.185515050102509, 0.0, 56.72619060994967, 49.54067555984716, 0.6766853264025363, 0.0, 24.691379381448563, 25.368064707851094, 6.103000000000007
0.0035885771543086187, 0.38469844151046173, 8.567096891622959E-4, 34.04843443170207, -0.006733421802392595, 0.0, 0.02752486082889835, 0.020791439026505754, -7.185515050102509, 0.0, 56.72619060994967, 49.54067555984716, 0.6741156831236302, 0.0, 24.59761639502211, 25.271732078145735, 6.103000000000007
0.0036022044088176376, 0.3853477164729674, 8.599629565361184E-4, 34.29035440518846, -0.006756798204069204, 0.0, 0.027709406294050935, 0.02095260808998173, -7.185515050102509, 0.0, 56.72619060994967, 49.54067555984716, 0.6715654819301721, 0.0, 24.504562825349698, 25.176128307279864, 6.103000000000007
0.0036158316633266552, 0.38599699143547306, 8.632162239099406E-4, 34.53315523441324, -0.006780174605745811, 0.0, 0.027893951759203506, 0.021113777153457695, -7.185515050102509, 0.0, 56.72619060994967, 49.54067555984716, 0.6690345030036493, 0.0, 24.412210651535823, 25.081245154539467, 6.103000000000007
0.0036294589178356733, 0.38664626639797867, 8.664694912837629E-4, 34.77683691937644, -0.006803551007422418, 0.0, 0.028078497224356076, 0.021274946216933658, -7.185515050102509, 0.0, 56.72619060994967, 49.54067555984716, 0.6665225298268922, 0.0, 24.320551973146756, 24.987074502973645, 6.103000000000007
0.0036430861723446913, 0.38729554136048433, 8.697227586575852E-4, 35.02139946007805, -0.006826927409099026, 0.0, 0.028263042689508654, 0.021436115280409628, -7.185515050102509, 0.0, 56.72619060994967, 49.54067555984716, 0.6640293491223304, 0.0, 24.229579007957582, 24.89360835707991, 6.103000000000007
0.0036567134268537093, 0.38794481632298994, 8.729760260314075E-4, 35.26684285651806, -0.0068503038107756336, 0.0, 0.028447588154661224, 0.02159728434388559, -7.185515050102509, 0.0, 56.72619060994967, 49.54067555984716, 0.6615547507916285, 0.0, 24.139284089749598, 24.80083884054122, 6.103000000000007
0.003670340681362727, 0.3885940912854956, 8.762292934052298E-4, 35.51316710869648, -0.006873680212452241, 0.0, 0.028632133619813795, 0.021758453407361555, -7.185515050102509, 0.0, 56.72619060994967, 49.54067555984716, 0.6590985278566664, 0.0, 24.049659666156757, 24.708758194013416, 6.103000000000007
0.0036839679358717453, 0.38924336624800127, 8.794825607790521E-4, 35.76037221661333, -0.006897056614128849, 0.0, 0.02881667908496638, 0.021919622470837525, -7.185515050102509, 0.0, 56.72619060994967, 49.54067555984716, 0.6566604764018301, 0.0, 23.96069829655991, 24.617358772961737, 6.103000000000007
0.0036975951903807634, 0.38989264121050693, 8.827358281528745E-4, 36.00845818026856, -0.006920433015805457, 0.0, 0.02900122455011895, 0.022080791534313495, -7.185515050102509, 0.0, 56.72619060994967, 49.54067555984716, 0.6542403955175786, 0.0, 23.872392650027688, 24.52663304554526, 6.103000000000007
0.003711222444889781, 0.39054191617301254, 8.859890955266967E-4, 36.257424999662206, -0.006943809417482063, 0.0, 0.02918577001527152, 0.02224196059778946, -7.185515050102509, 0.0, 56.72619060994967, 49.54067555984716, 0.6518380872452534, 0.0, 23.784735503302606, 24.436573590547855, 6.103000000000007
0.0037248496993987994, 0.3911911911355182, 8.89242362900519E-4, 36.50727267479427, -0.006967185819158672, 0.0, 0.029370315480424097, 0.02240312966126543, -7.185515050102509, 0.0, 56.72619060994967, 49.54067555984716, 0.6494533565230992, 0.0, 23.697719738831488, 24.347173095354584, 6.103000000000007
0.0037384769539078174, 0.39184046609802387, 8.924956302743414E-4, 36.75800120566474, -0.006990562220835279, 0.0, 0.029554860945576675, 0.022564298724741392, -7.185515050102509, 0.0, 56.72619060994967, 49.54067555984716, 0.6470860111334679, 0.0, 23.611338342838962, 24.258424353972426, 6.103000000000007
0.003752104208416836, 0.39248974106052953, 8.957488976481637E-4, 37.009610592273624, -0.007013938622511888, 0.0, 0.029739406410729252, 0.02272546778821737, -7.185515050102509, 0.0, 56.72619060994967, 49.54067555984716, 0.6447358616511694, 0.0, 23.52558440344287, 24.170320265094034, 6.103000000000007
0.0037657314629258535, 0.39313901602303514, 8.99002165021986E-4, 37.2621008346209, -0.007037315024188495, 0.0, 0.029923951875881823, 0.022886636851693325, -7.185515050102509, 0.0, 56.72619060994967, 49.54067555984716, 0.6424027213929459, 0.0, 23.44045110881065, 24.08285383020359, 6.103000000000007
0.0037793587174348715, 0.3937882909855408, 9.022554323958083E-4, 37.515471932706596, -0.007060691425865103, 0.0, 0.0301084973410344, 0.023047805915169296, -7.185515050102509, 0.0, 56.72619060994967, 49.54067555984716, 0.6400864063680389, 0.0, 23.355931745355583, 23.996018151723618, 6.103000000000007
0.00379298597194389, 0.39443756594804646, 9.055086997696307E-4, 37.7697238865307, -0.007084067827541711, 0.0, 0.030293042806186977, 0.023208974978645266, -7.185515050102509, 0.0, 56.72619060994967, 49.54067555984716, 0.6377867352298221, 0.0, 23.272019695971935, 23.90980643120175, 6.103000000000007
0.0038066132264529076, 0.39508684091055213, 9.087619671434529E-4, 38.02485669609321, -0.007107444229218318, 0.0, 0.030477588271339548, 0.02337014404212123, -7.185515050102509, 0.0, 56.72619060994967, 49.54067555984716, 0.635503529228473, 0.0, 23.188708438308023, 23.82421196753649, 6.103000000000007
0.0038202404809619256, 0.39573611587305774, 9.120152345172752E-4, 38.280870361394136, -0.007130820630894925, 0.0, 0.03066213373649212, 0.0235313131055972, -7.185515050102509, 0.0, 56.72619060994967, 49.54067555984716, 0.6332366121646564, 0.0, 23.105991543076165, 23.739228155240816, 6.103000000000007
0.0038338677354709436, 0.39638539083556334, 9.152685018910975E-4, 38.53776488243346, -0.007154197032571533, 0.0, 0.030846679201644696, 0.023692482169073163, -7.185515050102509, 0.0, 56.72619060994967, 49.54067555984716, 0.6309858103441977, 0.0, 23.023862672398774, 23.654848482742967, 6.103000000000007
0.0038474949899799616, 0.397034665798069, 9.185217692649198E-4, 38.795540259211194, -0.0071775734342481405, 0.0, 0.031031224666797273, 0.023853651232549133, -7.185515050102509, 0.0, 56.72619060994967, 49.54067555984716, 0.6287509525337177, 0.0, 22.94231557818954, 23.57106653072325, 6.103000000000007
0.0038611222444889792, 0.3976839407605747, 9.217750366387421E-4, 39.05419649172733, -0.007200949835924748, 0.0, 0.031215770131949837, 0.02401482029602509, -7.185515050102509, 0.0, 56.72619060994967, 49.54067555984716, 0.626531869917208, 0.0, 22.861344100568896, 23.4878759704861, 6.103000000000007
0.003874749498997998, 0.39833321572308034, 9.250283040125645E-4, 39.3137335799819, -0.007224326237601357, 0.0, 0.03140031559710243, 0.024175989359501066, -7.185515050102509, 0.0, 56.72619060994967, 49.54067555984716, 0.6243283960535219, 0.0, 22.78094216631295, 23.405270562366468, 6.103000000000007
0.003888376753507016, 0.398982490685586, 9.282815713863869E-4, 39.57415152397487, -0.007247702639277965, 0.0, 0.031584861062255, 0.024337158422977036, -7.185515050102509, 0.0, 56.72619060994967, 49.54067555984716, 0.6221403668347598, 0.0, 22.701103787334993, 23.323244154169746, 6.103000000000007
0.003902004008016034, 0.39963176564809166, 9.315348387602091E-4, 39.83545032370623, -0.007271079040954572, 0.0, 0.031769406527407576, 0.024498327486453, -7.185515050102509, 0.0, 56.72619060994967, 49.54067555984716, 0.6199676204455263, 0.0, 22.621823059198853, 23.241790679644375, 6.103000000000007
0.003915631262525052, 0.4002810406105973, 9.347881061340314E-4, 40.09762997917602, -0.00729445544263118, 0.0, 0.031953951992560146, 0.02465949654992897, -7.185515050102509, 0.0, 56.72619060994967, 49.54067555984716, 0.6178099973230382, 0.0, 22.54309415966328, 23.160904156986316, 6.103000000000007
0.00392925851703407, 0.4009303155731029, 9.380413735078537E-4, 40.3606904903842, -0.007317831844307787, 0.0, 0.03213849745771272, 0.024820665613404933, -7.185515050102509, 0.0, 56.72619060994967, 49.54067555984716, 0.6156673401180622, 0.0, 22.464911347256642, 23.0805786873747, 6.103000000000007
0.003942885771543088, 0.40157959053560854, 9.41294640881676E-4, 40.6246318573308, -0.007341208245984395, 0.0, 0.0323230429228653, 0.024981834676880903, -7.185515050102509, 0.0, 56.72619060994967, 49.54067555984716, 0.6135394936566629, 0.0, 22.38726895988111, 23.00080845353777, 6.103000000000007
0.003956513026052107, 0.40222886549811426, 9.445479082554984E-4, 40.88945408001581, -0.007364584647661003, 0.0, 0.03250758838801788, 0.025143003740356874, -7.185515050102509, 0.0, 56.72619060994967, 49.54067555984716, 0.6114263049027424, 0.0, 22.31016141344582, 22.921587718348558, 6.103000000000007
0.003970140280561124, 0.40287814046061987, 9.478011756293206E-4, 41.15515715843922, -0.007387961049337611, 0.0, 0.03269213385317045, 0.025304172803832837, -7.185515050102509, 0.0, 56.72619060994967, 49.54067555984716, 0.609327622921349, 0.0, 22.233583200528034, 22.84291082344938, 6.103000000000007
0.003983767535070142, 0.40352741542312554, 9.51054443003143E-4, 41.42174109260105, -0.007411337451014218, 0.0, 0.03287667931832302, 0.0254653418673088, -7.185515050102509, 0.0, 56.72619060994967, 49.54067555984716, 0.6072432988427409, 0.0, 22.15752888906187, 22.764772187904605, 6.103000000000007
0.00399739478957916, 0.4041766903856312, 9.543077103769652E-4, 41.68920588250127, -0.007434713852690826, 0.0, 0.0330612247834756, 0.02562651093078477, -7.185515050102509, 0.0, 56.72619060994967, 49.54067555984716, 0.6051731858271843, 0.0, 22.081993121053838, 22.687166306881018, 6.103000000000007
0.004011022044088179, 0.40482596534813686, 9.575609777507877E-4, 41.95755152813993, -0.007458090254367434, 0.0, 0.033245770248628174, 0.02578767999426074, -7.185515050102509, 0.0, 56.72619060994967, 49.54067555984716, 0.6031171390304694, 0.0, 22.00697061132455, 22.610087750355014, 6.103000000000007
0.004024649298597196, 0.40547524031064247, 9.608142451246099E-4, 42.226778029516964, -0.007481466656044041, 0.0, 0.033430315713780745, 0.025948849057736704, -7.185515050102509, 0.0, 56.72619060994967, 49.54067555984716, 0.6010750155701263, 0.0, 21.932456146276003, 22.533531161846124, 6.103000000000007
0.004038276553106215, 0.40612451527314813, 9.640675124984322E-4, 42.496885386632435, -0.007504843057720649, 0.0, 0.03361486117893333, 0.026110018121212674, -7.185515050102509, 0.0, 56.72619060994967, 49.54067555984716, 0.5990466744923251, 0.0, 21.858444582683777, 22.4574912571761, 6.103000000000007
0.004051903807615232, 0.40677379023565374, 9.673207798722546E-4, 42.76787359948631, -0.007528219459397256, 0.0, 0.03379940664408589, 0.026271187184688637, -7.185515050102509, 0.0, 56.72619060994967, 49.54067555984716, 0.5970319767394453, 0.0, 21.78493084651372, 22.38196282325316, 6.103000000000007
0.00406553106212425, 0.4074230651981594, 9.705740472460768E-4, 43.039742668078574, -0.007551595861073864, 0.0, 0.03398395210923846, 0.0264323562481646, -7.185515050102509, 0.0, 56.72619060994967, 49.54067555984716, 0.5950307851182948, 0.0, 21.711909931762257, 22.306940716880547, 6.103000000000007
0.0040791583166332685, 0.40807234016066507, 9.738273146198992E-4, 43.312492592409264, -0.007574972262750472, 0.0, 0.03416849757439105, 0.02659352531164057, -7.185515050102509, 0.0, 56.72619060994967, 49.54067555984716, 0.5930429642689681, 0.0, 21.639376899320112, 22.232419863589076, 6.103000000000007
0.004092785571142286, 0.4087216151231707, 9.770805819937214E-4, 43.58612337247835, -0.007598348664427079, 0.0, 0.03435304303954361, 0.026754694375116534, -7.185515050102509, 0.0, 56.72619060994967, 49.54067555984716, 0.5910683806343263, 0.0, 21.567326875858637, 22.15839525649296, 6.103000000000007
0.004106412825651305, 0.4093708900856764, 9.803338493675439E-4, 43.86063500828587, -0.007621725066103689, 0.0, 0.0345375885046962, 0.026915863438592518, -7.185515050102509, 0.0, 56.72619060994967, 49.54067555984716, 0.5891069024300836, 0.0, 21.495755052738314, 22.084861955168392, 6.103000000000007
0.004120040080160323, 0.41002016504818206, 9.83587116741366E-4, 44.13602749983177, -0.007645101467780296, 0.0, 0.03472213396984877, 0.02707703250206848, -7.185515050102509, 0.0, 56.72619060994967, 49.54067555984716, 0.5871583996154893, 0.0, 21.424656684939, 22.011815084554485, 6.103000000000007
0.0041336673346693414, 0.4106694400106877, 9.868403841151886E-4, 44.4123008471161, -0.007668477869456904, 0.0, 0.03490667943500136, 0.02723820156554445, -7.185515050102509, 0.0, 56.72619060994967, 49.54067555984716, 0.5852227438645873, 0.0, 21.35402709001119, 21.93924983387577, 6.103000000000007
0.004147294589178359, 0.4113187149731933, 9.900936514890108E-4, 44.689455050138825, -0.007691854271133511, 0.0, 0.03509122490015392, 0.027399370629020415, -7.185515050102509, 0.0, 56.72619060994967, 49.54067555984716, 0.5832998085380452, 0.0, 21.283861647048123, 21.867161455586164, 6.103000000000007
0.004160921843687377, 0.41196798993569894, 9.93346918862833E-4, 44.967490108899945, -0.0077152306728101175, 0.0, 0.03527577036530649, 0.02756053969249637, -7.185515050102509, 0.0, 56.72619060994967, 49.54067555984716, 0.5813894686555336, 0.0, 21.214155795677932, 21.795545264333462, 6.103000000000007
0.004174549098196395, 0.4126172648982046, 9.966001862366555E-4, 45.246406023399516, -0.0077386070744867265, 0.0, 0.03546031583045907, 0.02772170875597235, -7.185515050102509, 0.0, 56.72619060994967, 49.54067555984716, 0.5794916008686498, 0.0, 21.144905035075652, 21.724396635944295, 6.103000000000007
0.0041881763527054135, 0.41326653986071027, 9.998534536104777E-4, 45.52620279363746, -0.0077619834761633345, 0.0, 0.03564486129561165, 0.02788287781944832, -7.185515050102509, 0.0, 56.72619060994967, 49.54067555984716, 0.5776060834343673, 0.0, 21.07610492299444, 21.653711006428804, 6.103000000000007
0.004201803607214431, 0.41391581482321593, 0.0010031067209843, 45.80688041961382, -0.007785359877839942, 0.0, 0.035829406760764224, 0.028044046882924282, -7.185515050102509, 0.0, 56.72619060994967, 49.54067555984716, 0.5757327961890039, 0.0, 21.007751074815705, 21.583483871004702, 6.103000000000007
0.004215430861723449, 0.41456508978572154, 0.0010063599883581222, 46.08843890132858, -0.007808736279516548, 0.0, 0.03601395222591679, 0.028205215946400238, -7.185515050102509, 0.0, 56.72619060994967, 49.54067555984716, 0.5738716205226929, 0.0, 20.939839162617588, 21.513710783140276, 6.103000000000007
0.004229058116232467, 0.4152143647482272, 0.0010096132557319447, 46.37087823878178, -0.007832112681193158, 0.0, 0.03619849769106937, 0.028366385009876215, -7.185515050102509, 0.0, 56.72619060994967, 49.54067555984716, 0.5720224393543507, 0.0, 20.87236491426152, 21.444387353615866, 6.103000000000007
0.004242685370741485, 0.4158636397107328, 0.0010128665231057669, 46.654198431973356, -0.007855489082869763, 0.0, 0.03638304315622194, 0.02852755407335218, -7.185515050102509, 0.0, 56.72619060994967, 49.54067555984716, 0.5701851371071204, 0.0, 20.805324112496383, 21.3755092496035, 6.103000000000007
0.004256312625250503, 0.4165129146732385, 0.0010161197904795891, 46.93839948090335, -0.007878865484546372, 0.0, 0.03656758862137452, 0.02868872313682815, -7.185515050102509, 0.0, 56.72619060994967, 49.54067555984716, 0.5683595996842998, 0.0, 20.7387125940798, 21.307072193764096, 6.103000000000007
0.004269939879759522, 0.41716218963574414, 0.0010193730578534116, 47.22348138557177, -0.007902241886222981, 0.0, 0.0367521340865271, 0.02884989220030412, -7.185515050102509, 0.0, 56.72619060994967, 49.54067555984716, 0.5665457144457156, 0.0, 20.67252624891636, 21.23907196336207, 6.103000000000007
0.004283567134268539, 0.4178114645982498, 0.0010226263252272338, 47.50944414597858, -0.007925618287899588, 0.0, 0.03693667955167967, 0.029011061263780082, -7.185515050102509, 0.0, 56.72619060994967, 49.54067555984716, 0.564743370184555, 0.0, 20.606761019212207, 21.171504389396755, 6.103000000000007
0.004297194388777557, 0.4184607395607554, 0.001025879592601056, 47.7962877621238, -0.007948994689576194, 0.0, 0.03712122501683224, 0.029172230327256046, -7.185515050102509, 0.0, 56.72619060994967, 49.54067555984716, 0.5629524571046424, 0.0, 20.541412898645753, 21.104365355750392, 6.103000000000007
0.0043108216432865745, 0.419110014523261, 0.0010291328599748783, 48.08401223400741, -0.007972371091252801, 0.0, 0.03730577048198481, 0.029333399390732002, -7.185515050102509, 0.0, 56.72619060994967, 49.54067555984716, 0.5611728667981427, 0.0, 20.476477931554136, 21.037650798352274, 6.103000000000007
0.004324448897795593, 0.4197592894857667, 0.0010323861273487007, 48.37261756162947, -0.00799574749292941, 0.0, 0.037490315947137386, 0.02949456845420798, -7.185515050102509, 0.0, 56.72619060994967, 49.54067555984716, 0.5594044922236834, 0.0, 20.411952212134988, 20.971356704358666, 6.103000000000007
0.004338076152304612, 0.42040856444827246, 0.0010356393947225232, 48.66210374498994, -0.008019123894606019, 0.0, 0.03767486141228998, 0.029655737517683956, -7.185515050102509, 0.0, 56.72619060994967, 49.54067555984716, 0.5576472276848914, 0.0, 20.347831883663364, 20.90547911134825, 6.103000000000007
0.00435170340681363, 0.421057839410778, 0.0010388926620963454, 48.95247078408879, -0.008042500296282626, 0.0, 0.03785940687744255, 0.02981690658115992, -7.185515050102509, 0.0, 56.72619060994967, 49.54067555984716, 0.5559009688093411, 0.0, 20.28411313772327, 20.840014106532607, 6.103000000000007
0.004365330661322647, 0.4217071143732837, 0.0010421459294701677, 49.243718678926044, -0.008065876697959233, 0.0, 0.03804395234259512, 0.029978075644635883, -7.185515050102509, 0.0, 56.72619060994967, 49.54067555984716, 0.5541656125278815, 0.0, 20.22079221345365, 20.774957825981527, 6.103000000000007
0.004378957915831665, 0.42235638933578934, 0.00104539919684399, 49.535847429501715, -0.00808925309963584, 0.0, 0.03822849780774769, 0.030139244708111846, -7.185515050102509, 0.0, 56.72619060994967, 49.54067555984716, 0.5524410570543621, 0.0, 20.15786539680843, 20.710306453862785, 6.103000000000007
0.0043925851703406835, 0.423005664298295, 0.0010486524642178124, 49.828857035815815, -0.00811262950131245, 0.0, 0.038413043272900266, 0.030300413771587816, -7.185515050102509, 0.0, 56.72619060994967, 49.54067555984716, 0.5507272018657267, 0.0, 20.095329019830327, 20.646056221696046, 6.103000000000007
0.004406212424849702, 0.42365493926080067, 0.0010519057315916346, 50.1227474978683, -0.008136005902989057, 0.0, 0.03859758873805284, 0.030461582835063786, -7.185515050102509, 0.0, 56.72619060994967, 49.54067555984716, 0.5490239476824871, 0.0, 20.033179459938182, 20.582203407620668, 6.103000000000007
0.00441983967935872, 0.42430421422330633, 0.001055158998965457, 50.41751881565922, -0.008159382304665666, 0.0, 0.03878213420320543, 0.030622751898539764, -7.185515050102509, 0.0, 56.72619060994967, 49.54067555984716, 0.5473311964495509, 0.0, 19.971413139227423, 20.51874433567697, 6.103000000000007
0.004433466933867737, 0.4249534891858119, 0.001058412266339279, 50.713170989188505, -0.008182758706342271, 0.0, 0.038966679668357984, 0.030783920962015713, -7.185515050102509, 0.0, 56.72619060994967, 49.54067555984716, 0.5456488513174003, 0.0, 19.910026523783436, 20.45567537510083, 6.103000000000007
0.0044470941883767556, 0.42560276414831755, 0.0010616655337131015, 51.00970401845623, -0.00820613510801888, 0.0, 0.03915122513351056, 0.030945090025491683, -7.185515050102509, 0.0, 56.72619060994967, 49.54067555984716, 0.5439768166236251, 0.0, 19.849016123007566, 20.39299293963119, 6.103000000000007
0.004460721442885774, 0.4262520391108232, 0.001064918801086924, 51.30711790346237, -0.008229511509695487, 0.0, 0.039335770598663146, 0.031106259088967653, -7.185515050102509, 0.0, 56.72619060994967, 49.54067555984716, 0.5423149978747852, 0.0, 19.788378488955516, 20.3306934868303, 6.103000000000007
0.004474348697394792, 0.4269013140733289, 0.0010681720684607462, 51.6054126442069, -0.008252887911372095, 0.0, 0.03952031606381571, 0.03126742815244361, -7.185515050102509, 0.0, 56.72619060994967, 49.54067555984716, 0.5406633017286175, 0.0, 19.72811021568777, 20.26877351741639, 6.103000000000007
0.00448797595190381, 0.42755058903583454, 0.0010714253358345685, 51.90458824068985, -0.008276264313048703, 0.0, 0.039704861528968294, 0.03142859721591959, -7.185515050102509, 0.0, 56.72619060994967, 49.54067555984716, 0.5390216359765512, 0.0, 19.668207938631877, 20.20722957460842, 6.103000000000007
0.004501603206412828, 0.42819986399834015, 0.0010746786032083907, 52.204644692911195, -0.00829964071472531, 0.0, 0.039889406994120864, 0.031589766279395554, -7.185515050102509, 0.0, 56.72619060994967, 49.54067555984716, 0.5373899095265486, 0.0, 19.608668333956324, 20.146058243482866, 6.103000000000007
0.004515230460921846, 0.4288491389608458, 0.0010779318705822132, 52.505582000870966, -0.008323017116401918, 0.0, 0.04007395245927344, 0.03175093534287152, -7.185515050102509, 0.0, 56.72619060994967, 49.54067555984716, 0.5357680323862609, 0.0, 19.549488117955743, 20.085256150342005, 6.103000000000007
0.004528857715430864, 0.4294984139233514, 0.0010811851379560354, 52.80740016456913, -0.008346393518078525, 0.0, 0.04025849792442601, 0.03191210440634748, -7.185515050102509, 0.0, 56.72619060994967, 49.54067555984716, 0.5341559156464819, 0.0, 19.49066404644723, 20.02481996209371, 6.103000000000007
0.004542484969939882, 0.4301476888858571, 0.0010844384053298579, 53.110099184005726, -0.008369769919755134, 0.0, 0.04044304338957859, 0.03207327346982346, -7.185515050102509, 0.0, 56.72619060994967, 49.54067555984716, 0.5325534714648988, 0.0, 19.432192914177477, 19.964746385642375, 6.103000000000007
0.0045561122244489, 0.43079696384836275, 0.0010876916727036799, 53.41367905918069, -0.008393146321431741, 0.0, 0.04062758885473116, 0.03223444253329942, -7.185515050102509, 0.0, 56.72619060994967, 49.54067555984716, 0.530960613050137, 0.0, 19.37407155424064, 19.905032167290766, 6.103000000000007
0.004569739478957918, 0.4314462388108684, 0.0010909449400775023, 53.7181397900941, -0.00841652272310835, 0.0, 0.04081213431988374, 0.0323956115967754, -7.185515050102509, 0.0, 56.72619060994967, 49.54067555984716, 0.5293772546460932, 0.0, 19.316296837506506, 19.845674092152592, 6.103000000000007
0.004583366733466936, 0.4320955137733741, 0.0010941982074513246, 54.02348137674589, -0.008439899124784957, 0.0, 0.04099667978503631, 0.03255678066025135, -7.185515050102509, 0.0, 56.72619060994967, 49.54067555984716, 0.5278033115165434, 0.0, 19.258865672058977, 19.78666898357552, 6.103000000000007
0.004596993987975954, 0.43274478873587974, 0.001097451474825147, 54.32970381913612, -0.008463275526461565, 0.0, 0.04118122525018889, 0.032717949723727324, -7.185515050102509, 0.0, 56.72619060994967, 49.54067555984716, 0.5262386999300259, 0.0, 19.201775002644446, 19.72801370257447, 6.103000000000007
0.004610621242484973, 0.4333940636983854, 0.0011007047421989695, 54.636807117264766, -0.008486651928138174, 0.0, 0.04136577071534147, 0.0328791187872033, -7.185515050102509, 0.0, 56.72619060994967, 49.54067555984716, 0.5246833371449934, 0.0, 19.145021810129997, 19.669705147274982, 6.103000000000007
0.0046242484969939894, 0.43404333866089095, 0.0011039580095727915, 54.94479127113177, -0.008510028329814779, 0.0, 0.04155031618049403, 0.03304028785067925, -7.185515050102509, 0.0, 56.72619060994967, 49.54067555984716, 0.523137141395227, 0.0, 19.088603110971224, 19.61174025236644, 6.103000000000007
0.004637875751503009, 0.4346926136233967, 0.001107211276946614, 55.25365628073722, -0.008533404731491388, 0.0, 0.041734861645646625, 0.03320145691415523, -7.185515050102509, 0.0, 56.72619060994967, 49.54067555984716, 0.5216000318755072, 0.0, 19.032515956689316, 19.55411598856482, 6.103000000000007
0.004651503006012026, 0.4353418885859023, 0.0011104645443204362, 55.56340214608107, -0.008556781133167995, 0.0, 0.04191940711079919, 0.03336262597763119, -7.185515050102509, 0.0, 56.72619060994967, 49.54067555984716, 0.520071928727537, 0.0, 18.9767574333575, 19.496829362085034, 6.103000000000007
0.004665130260521045, 0.43599116354840795, 0.0011137178116942586, 55.87402886716334, -0.008580157534844604, 0.0, 0.042103952575951765, 0.03352379504110717, -7.185515050102509, 0.0, 56.72619060994967, 49.54067555984716, 0.518552753026112, 0.0, 18.921324661096303, 19.439877414122407, 6.103000000000007
0.0046787575150300615, 0.43664043851091355, 0.0011169710790680807, 56.18553644398398, -0.00860353393652121, 0.0, 0.04228849804110433, 0.03368496410458312, -7.185515050102509, 0.0, 56.72619060994967, 49.54067555984716, 0.5170424267655316, 0.0, 18.866214793577804, 19.383257220343328, 6.103000000000007
0.00469238476953908, 0.4372897134734192, 0.0011202243464419031, 56.49792487654307, -0.008626910338197818, 0.0, 0.042473043506256906, 0.033846133168059095, -7.185515050102509, 0.0, 56.72619060994967, 49.54067555984716, 0.5155408728462466, 0.0, 18.81142501753837, 19.32696589038461, 6.103000000000007
0.0047060120240480985, 0.4379389884359249, 0.0011234776138157254, 56.81119416484054, -0.008650286739874426, 0.0, 0.042657588971409484, 0.03400730223153506, -7.185515050102509, 0.0, 56.72619060994967, 49.54067555984716, 0.5140480150617409, 0.0, 18.7569525523, 19.27100056736174, 6.103000000000007
0.004719639278557117, 0.43858826339843054, 0.0011267308811895478, 57.12534430887645, -0.008673663141551035, 0.0, 0.04284213443656206, 0.034168471295011035, -7.185515050102509, 0.0, 56.72619060994967, 49.54067555984716, 0.512563778085638, 0.0, 18.702794649299854, 19.215358427385485, 6.103000000000007
0.004733266533066135, 0.4392375383609362, 0.0011299841485633703, 57.440375308650765, -0.008697039543227644, 0.0, 0.04302667990171465, 0.034329640358487, -7.185515050102509, 0.0, 56.72619060994967, 49.54067555984716, 0.5110880874590313, 0.0, 18.648948591627963, 19.160036679086993, 6.103000000000007
0.004746893787575152, 0.4398868133234418, 0.0011332374159371923, 57.756287164163446, -0.008720415944904249, 0.0, 0.0432112253668672, 0.03449080942196296, -7.185515050102509, 0.0, 56.72619060994967, 49.54067555984716, 0.5096208695780329, 0.0, 18.595411693572885, 19.10503256315091, 6.103000000000007
0.0047605210420841705, 0.4405360882859475, 0.0011364906833110147, 58.07307987541458, -0.008743792346580856, 0.0, 0.04339577083201978, 0.034651978485438925, -7.185515050102509, 0.0, 56.72619060994967, 49.54067555984716, 0.5081620516815349, 0.0, 18.54218130017516, 19.050343351856693, 6.103000000000007
0.004774148296593189, 0.44118536324845314, 0.001139743950684837, 58.3907534424041, -0.008767168748257465, 0.0, 0.04358031629717237, 0.0348131475489149, -7.185515050102509, 0.0, 56.72619060994967, 49.54067555984716, 0.5067115618391832, 0.0, 18.489254786788432, 18.995966348627608, 6.103000000000007
0.0047877755511022075, 0.4418346382109588, 0.0011429972180586594, 58.709307865132054, -0.008790545149934074, 0.0, 0.04376486176232495, 0.034974316612390866, -7.185515050102509, 0.0, 56.72619060994967, 49.54067555984716, 0.505269328939553, 0.0, 18.43662955864806, 18.941898887587612, 6.103000000000007
0.004801402805611225, 0.44248391317346447, 0.0011462504854324817, 59.02874314359838, -0.008813921551610681, 0.0, 0.04394940722747751, 0.03513548567586683, -7.185515050102509, 0.0, 56.72619060994967, 49.54067555984716, 0.5038352826785284, 0.0, 18.38430305044705, 18.888138333125575, 6.103000000000007
0.004815030060120243, 0.44313318813597, 0.001149503752806304, 59.349059277803136, -0.008837297953287287, 0.0, 0.04413395269263009, 0.03529665473934279, -7.185515050102509, 0.0, 56.72619060994967, 49.54067555984716, 0.502409353547878, 0.0, 18.33227272591921, 18.83468207946709, 6.103000000000007
0.00482865731462926, 0.4437824630984757, 0.0011527570201801261, 59.670256267746296, -0.008860674354963894, 0.0, 0.04431849815778265, 0.035457823802818755, -7.185515050102509, 0.0, 56.72619060994967, 49.54067555984716, 0.5009914728240242, 0.0, 18.28053607742938, 18.781527550253404, 6.103000000000007
0.004842284569138279, 0.44443173806098135, 0.0011560102875539486, 59.99233411342787, -0.008884050756640503, 0.0, 0.04450304362293523, 0.03561899286629473, -7.185515050102509, 0.0, 56.72619060994967, 49.54067555984716, 0.499581572557003, 0.0, 18.22909062557054, 18.728672198127533, 6.103000000000007
0.004855911823647298, 0.44508101302348707, 0.001159263554927771, 60.31529281484787, -0.008907427158317112, 0.0, 0.04468758908808782, 0.03578016192977071, -7.185515050102509, 0.0, 56.72619060994967, 49.54067555984716, 0.49817958555960795, 0.0, 18.177933918767728, 18.676113504327333, 6.103000000000006
0.004869539078156315, 0.4457302879859927, 0.001162516822301593, 60.63913237200622, -0.008930803559993717, 0.0, 0.044872134553240385, 0.03594133099324666, -7.185515050102509, 0.0, 56.72619060994967, 49.54067555984716, 0.49678544539671854, 0.0, 18.127063532888634, 18.623848978285352, 6.103000000000006
0.004883166332665333, 0.44637956294849834, 0.0011657700896754155, 60.96385278490303, -0.008954179961670326, 0.0, 0.04505668001839296, 0.036102500056722636, -7.185515050102509, 0.0, 56.72619060994967, 49.54067555984716, 0.49539908637480456, 0.0, 18.076477070860626, 18.571876157235426, 6.103000000000006
0.004896793587174351, 0.44702883791100395, 0.0011690233570492378, 61.289454053538236, -0.008977556363346934, 0.0, 0.045241225483545526, 0.0362636691201986, -7.185515050102509, 0.0, 56.72619060994967, 49.54067555984716, 0.4940204435316089, 0.0, 18.026172162294287, 18.52019260582589, 6.103000000000006
0.004910420841683369, 0.4476781128735096, 0.0011722766244230602, 61.61593617791186, -0.009000932765023542, 0.0, 0.04542577094869812, 0.03642483818367456, -7.185515050102509, 0.0, 56.72619060994967, 49.54067555984716, 0.49264945262599935, 0.0, 17.976146463113125, 18.468795915739122, 6.103000000000006
0.004924048096192388, 0.4483273878360153, 0.0011755298917968825, 61.943299158023876, -0.00902430916670015, 0.0, 0.045610316413850695, 0.03658600724715054, -7.185515050102509, 0.0, 56.72619060994967, 49.54067555984716, 0.4912860501279908, 0.0, 17.926397655189486, 18.417683705317476, 6.103000000000006
0.004937675350701405, 0.4489766627985209, 0.0011787831591707047, 62.271542993874306, -0.009047685568376757, 0.0, 0.04579486187900326, 0.0367471763106265, -7.185515050102509, 0.0, 56.72619060994967, 49.54067555984716, 0.48993017320893145, 0.0, 17.87692344598648, 18.366853619195403, 6.103000000000006
0.004951302605210423, 0.44962593776102655, 0.001182036426544527, 62.60066768546314, -0.009071061970053364, 0.0, 0.04597940734415582, 0.036908345374102466, -7.185515050102509, 0.0, 56.72619060994967, 49.54067555984716, 0.48858175973185186, 0.0, 17.82772156820581, 18.316303327937653, 6.103000000000006
0.004964929859719441, 0.4502752127235322, 0.0011852896939183494, 62.9306732327904, -0.009094438371729973, 0.0, 0.04616395280930841, 0.03706951443757843, -7.185515050102509, 0.0, 56.72619060994967, 49.54067555984716, 0.4872407482419723, 0.0, 17.77878977944141, 18.26603052768338, 6.103000000000006
0.004978557114228459, 0.4509244876860378, 0.0011885429612921716, 63.26155963585606, -0.009117814773406578, 0.0, 0.04634849827446098, 0.03723068350105439, -7.185515050102509, 0.0, 56.72619060994967, 49.54067555984716, 0.4859070779573669, 0.0, 17.730125861838786, 18.21603293979615, 6.103000000000006
0.004992184368737477, 0.4515737626485435, 0.001191796228665994, 63.59332689466013, -0.009141191175083187, 0.0, 0.046533043739613554, 0.03739185256453037, -7.185515050102509, 0.0, 56.72619060994967, 49.54067555984716, 0.48458068875977933, 0.0, 17.6817276217599, 18.16630831051968, 6.103000000000006
0.005005811623246496, 0.4522230376110492, 0.0011950494960398163, 63.9259750092026, -0.009164567576759796, 0.0, 0.046717589204766145, 0.03755302162800635, -7.185515050102509, 0.0, 56.72619060994967, 49.54067555984716, 0.48326152118559035, 0.0, 17.633592889453574, 18.116854410639156, 6.103000000000006
0.0050194388777555134, 0.45287231257355476, 0.0011983027634136386, 64.25950397948348, -0.009187943978436404, 0.0, 0.04690213466991871, 0.03771419069148231, -7.185515050102509, 0.0, 56.72619060994967, 49.54067555984716, 0.4819495164169307, 0.0, 17.58571951873122, 18.067669035148143, 6.103000000000006
0.005033066132264532, 0.4535215875360604, 0.001201556030787461, 64.5939138055028, -0.00921132038011301, 0.0, 0.047086680135071286, 0.037875359754958274, -7.185515050102509, 0.0, 56.72619060994967, 49.54067555984716, 0.4806446162729389, 0.0, 17.538105386647853, 18.01875000292079, 6.103000000000006
0.0050466933867735495, 0.4541708624985661, 0.0012048092981612833, 64.92920448726048, -0.009234696781789618, 0.0, 0.04727122560022385, 0.03803652881843424, -7.185515050102509, 0.0, 56.72619060994967, 49.54067555984716, 0.47934676320116204, 0.0, 17.490748393188298, 17.97009515638946, 6.103000000000006
0.005060320641282568, 0.45482013746107175, 0.0012080625655351057, 65.2653760247566, -0.009258073183466227, 0.0, 0.04745577106537644, 0.038197697881910214, -7.185515050102509, 0.0, 56.72619060994967, 49.54067555984716, 0.4780559002690928, 0.0, 17.443646460958412, 17.921702361227496, 6.103000000000006
0.0050739478957915855, 0.4554694124235774, 0.0012113158329089277, 65.60242841799109, -0.009281449585142834, 0.0, 0.047640316530529005, 0.03835886694538618, -7.185515050102509, 0.0, 56.72619060994967, 49.54067555984716, 0.47677197115584596, 0.0, 17.39679753488135, 17.87356950603719, 6.103000000000006
0.005087575150300604, 0.4561186873860831, 0.0012145691002827502, 65.94036166696404, -0.009304825986819441, 0.0, 0.04782486199568158, 0.03852003600886214, -7.185515050102509, 0.0, 56.72619060994967, 49.54067555984716, 0.47549492014396594, 0.0, 17.350199581898647, 17.82569450204261, 6.103000000000006
0.005101202404809622, 0.4567679623485887, 0.0012178223676565724, 66.27917577167537, -0.009328202388496049, 0.0, 0.04800940746083416, 0.038681205072338104, -7.185515050102509, 0.0, 56.72619060994967, 49.54067555984716, 0.47422469211136764, 0.0, 17.30385059067613, 17.778075282787498, 6.103000000000006
0.00511482965931864, 0.45741723731109435, 0.0012210756350303949, 66.61887073212512, -0.009351578790172657, 0.0, 0.04819395292598674, 0.03884237413581408, -7.185515050102509, 0.0, 56.72619060994967, 49.54067555984716, 0.4729612325234049, 0.0, 17.257748571314536, 17.730709803837932, 6.103000000000006
0.005128456913827658, 0.45806651227359996, 0.0012243289024042171, 66.95944654831327, -0.009374955191849265, 0.0, 0.0483784983911393, 0.039003543199290044, -7.185515050102509, 0.0, 56.72619060994967, 49.54067555984716, 0.471704487425066, 0.0, 17.211891555064707, 17.683596042489768, 6.103000000000006
0.005142084168336675, 0.4587157872361056, 0.0012275821697780393, 67.30090322023982, -0.009398331593525872, 0.0, 0.04856304385629188, 0.03916471226276601, -7.185515050102509, 0.0, 56.72619060994967, 49.54067555984716, 0.470454403433293, 0.0, 17.16627759404735, 17.636731997480634, 6.103000000000006
0.0051557114228456945, 0.4593650621986113, 0.0012308354371518618, 67.64324074790481, -0.00942170799520248, 0.0, 0.04874758932144447, 0.039325881326241985, -7.185515050102509, 0.0, 56.72619060994967, 49.54067555984716, 0.46921092772942286, 0.0, 17.12090476097722, 17.590115688706632, 6.103000000000006
0.005169338677354712, 0.46001433716111695, 0.001234088704525684, 67.98645913130818, -0.009445084396879088, 0.0, 0.04893213478659703, 0.03948705038971795, -7.185515050102509, 0.0, 56.72619060994967, 49.54067555984716, 0.4679740080517489, 0.0, 17.07577114889168, 17.54374515694342, 6.103000000000006
0.005182965931863731, 0.4606636121236226, 0.0012373419718995065, 68.33055837044999, -0.009468460798555697, 0.0, 0.04911668025174961, 0.03964821945319391, -7.185515050102509, 0.0, 56.72619060994967, 49.54067555984716, 0.4667435926881979, 0.0, 17.030874870883533, 17.497618463571733, 6.103000000000006
0.005196593186372747, 0.46131288708612816, 0.0012405952392733285, 68.67553846533015, -0.009491837200232302, 0.0, 0.049301225716902174, 0.039809388516669875, -7.185515050102509, 0.0, 56.72619060994967, 49.54067555984716, 0.46551963046912437, 0.0, 16.98621405983807, 17.451733690307186, 6.103000000000006
0.005210220440881766, 0.46196216204863383, 0.001243848506647151, 69.02139941594876, -0.00951521360190891, 0.0, 0.04948577118205475, 0.03997055758014584, -7.185515050102509, 0.0, 56.72619060994967, 49.54067555984716, 0.4643020707602163, 0.0, 16.941786868174194, 17.40608893893441, 6.103000000000006
0.005223847695390784, 0.4626114370111395, 0.0012471017740209732, 69.36814122230578, -0.009538590003585519, 0.0, 0.04967031664720733, 0.040131726643621815, -7.185515050102509, 0.0, 56.72619060994967, 49.54067555984716, 0.4630908634555132, 0.0, 16.897591467589706, 17.36068233104521, 6.103000000000006
0.005237474949899803, 0.46326071197364516, 0.0012503550413947957, 69.71576388440121, -0.009561966405262128, 0.0, 0.049854862112359906, 0.04029289570709778, -7.185515050102509, 0.0, 56.72619060994967, 49.54067555984716, 0.4618859589705323, 0.0, 16.85362604881044, 17.31551200778097, 6.103000000000006
0.005251102204408821, 0.4639099869361508, 0.0012536083087686181, 70.06426740223506, -0.009585342806938735, 0.0, 0.0500394075775125, 0.040454064770573755, -7.185515050102509, 0.0, 56.72619060994967, 49.54067555984716, 0.460687308235502, 0.0, 16.80988882134339, 17.270576129578888, 6.103000000000006
0.005264729458917838, 0.4645592618986565, 0.0012568615761424401, 70.41365177580727, -0.00960871920861534, 0.0, 0.05022395304266505, 0.040615233834049705, -7.185515050102509, 0.0, 56.72619060994967, 49.54067555984716, 0.459494862688701, 0.0, 16.766378013233638, 17.225872875922338, 6.103000000000006
0.005278356713426856, 0.46520853686116215, 0.0012601148435162626, 70.76391700511793, -0.00963209561029195, 0.0, 0.050408498507817624, 0.04077640289752568, -7.185515050102509, 0.0, 56.72619060994967, 49.54067555984716, 0.45830857426989874, 0.0, 16.723091870825048, 17.181400445094937, 6.103000000000006
0.005291983967935874, 0.4658578118236677, 0.0012633681108900848, 71.11506309016698, -0.009655472011968556, 0.0, 0.0505930439729702, 0.040937571961001645, -7.185515050102509, 0.0, 56.72619060994967, 49.54067555984716, 0.4571283954139002, 0.0, 16.68002865852467, 17.137157053938566, 6.103000000000006
0.005305611222444893, 0.4665070867861735, 0.0012666213782639073, 71.46709003095447, -0.009678848413645165, 0.0, 0.05077758943812279, 0.04109874102447762, -7.185515050102509, 0.0, 56.72619060994967, 49.54067555984716, 0.4559542790441874, 0.0, 16.63718665857076, 17.093140937614944, 6.103000000000006
0.00531923847695391, 0.467156361748679, 0.0012698746456377293, 71.81999782748032, -0.00970222481532177, 0.0, 0.05096213490327534, 0.04125991008795357, -7.185515050102509, 0.0, 56.72619060994967, 49.54067555984716, 0.4547861785666603, 0.0, 16.59456417080439, 17.04935034937105, 6.103000000000006
0.005332865731462928, 0.4678056367111847, 0.0012731279130115518, 72.1737864797446, -0.00972560121699838, 0.0, 0.051146680368427934, 0.04142107915142955, -7.185515050102509, 0.0, 56.72619060994967, 49.54067555984716, 0.4536240478634724, 0.0, 16.55215951244451, 17.005783560307982, 6.103000000000006
0.005346492985971946, 0.46845491167369036, 0.001276381180385374, 72.5284559877473, -0.009748977618674987, 0.0, 0.0513312258335805, 0.04158224821490551, -7.185515050102509, 0.0, 56.72619060994967, 49.54067555984716, 0.4524678412869622, 0.0, 16.509971017866523, 16.962438859153483, 6.103000000000006
0.0053601202404809645, 0.469104186636196, 0.0012796344477591965, 72.88400635148841, -0.009772354020351596, 0.0, 0.051515771298733075, 0.041743417278381476, -7.185515050102509, 0.0, 56.72619060994967, 49.54067555984716, 0.4513175136536757, 0.0, 16.46799703838415, 16.919314552037825, 6.103000000000006
0.005373747494989983, 0.4697534615987017, 0.0012828877151330187, 73.24043757096791, -0.009795730422028203, 0.0, 0.05170031676388565, 0.04190458634185745, -7.185515050102509, 0.0, 56.72619060994967, 49.54067555984716, 0.45017302023848077, 0.0, 16.426235942034715, 16.876408962273192, 6.103000000000006
0.0053873747494990005, 0.47040273656120735, 0.001286140982506841, 73.59774964618583, -0.00981910682370481, 0.0, 0.05188486222903823, 0.042065755405333416, -7.185515050102509, 0.0, 56.72619060994967, 49.54067555984716, 0.4490343167687707, 0.0, 16.38468611336759, 16.833720430136356, 6.103000000000006
0.005401002004008019, 0.471052011523713, 0.0012893942498806634, 73.95594257714215, -0.00984248322538142, 0.0, 0.05206940769419081, 0.04222692446880938, -7.185515050102509, 0.0, 56.72619060994967, 49.54067555984716, 0.44790135941875486, 0.0, 16.343345953235907, 16.791247312654658, 6.103000000000006
0.005414629258517037, 0.47170128648621856, 0.0012926475172544856, 74.31501636383689, -0.009865859627058026, 0.0, 0.05225395315934337, 0.04238809353228534, -7.185515050102509, 0.0, 56.72619060994967, 49.54067555984716, 0.44677410480383667, 0.0, 16.302213878591395, 16.74898798339523, 6.103000000000006
0.005428256513026055, 0.4723505614487242, 0.001295900784628308, 74.67497100627006, -0.009889236028734634, 0.0, 0.05243849862449596, 0.04254926259576132, -7.185515050102509, 0.0, 56.72619060994967, 49.54067555984716, 0.4456525099750752, 0.0, 16.261288322282308, 16.70694083225738, 6.103000000000006
0.0054418837675350735, 0.4729998364112299, 0.0012991540520021303, 75.0358065044416, -0.009912612430411243, 0.0, 0.05262304408964854, 0.0427104316592373, -7.185515050102509, 0.0, 56.72619060994967, 49.54067555984716, 0.44453653241373087, 0.0, 16.220567732854384, 16.665104265268116, 6.103000000000006
0.005455511022044091, 0.47364911137373555, 0.0013024073193759526, 75.39752285835155, -0.00993598883208785, 0.0, 0.0528075895548011, 0.042871600722713246, -7.185515050102509, 0.0, 56.72619060994967, 49.54067555984716, 0.44342613002589215, 0.0, 16.180050574354805, 16.623476704380696, 6.103000000000006
0.005469138276553109, 0.4742983863362412, 0.0013056605867497748, 75.76012006799992, -0.009959365233764457, 0.0, 0.05299213501995368, 0.04303276978618921, -7.185515050102509, 0.0, 56.72619060994967, 49.54067555984716, 0.4423212611371831, 0.0, 16.139735326139053, 16.582056587276238, 6.103000000000006
0.005482765531062127, 0.4749476612987469, 0.0013089138541235972, 76.12359813338671, -0.009982741635441064, 0.0, 0.05317668048510626, 0.04319393884966519, -7.185515050102509, 0.0, 56.72619060994967, 49.54067555984716, 0.44122188448754934, 0.0, 16.099620482680685, 16.540842367168235, 6.103000000000006
0.005496392785571145, 0.47559693626125243, 0.0013121671214974195, 76.48795705451188, -0.010006118037117671, 0.0, 0.05336122595025882, 0.04335510791314115, -7.185515050102509, 0.0, 56.72619060994967, 49.54067555984716, 0.4401279592261225, 0.0, 16.059704553383924, 16.499832512610045, 6.103000000000006
0.005510020040080162, 0.4762462112237581, 0.0013154203888712417, 76.85319683137548, -0.010029494438794279, 0.0, 0.0535457714154114, 0.04351627697661711, -7.185515050102509, 0.0, 56.72619060994967, 49.54067555984716, 0.4390394449061598, 0.0, 16.019986062399017, 16.459025507305174, 6.103000000000006
0.005523647294589182, 0.47689548618626376, 0.0013186736562450642, 77.2193174639775, -0.01005287084047089, 0.0, 0.05373031688056399, 0.04367744604009309, -7.185515050102509, 0.0, 56.72619060994967, 49.54067555984716, 0.4379563014800588, 0.0, 15.98046354844033, 16.418419849920387, 6.103000000000006
0.005537274549098199, 0.4775447611487694, 0.0013219269236188864, 77.5863189523179, -0.010076247242147495, 0.0, 0.053914862345716554, 0.043838615103569054, -7.185515050102509, 0.0, 56.72619060994967, 49.54067555984716, 0.43687848929444695, 0.0, 15.941135564607176, 16.378014053901623, 6.103000000000006
0.005550901803607218, 0.4781940361112751, 0.0013251801909927089, 77.95420129639675, -0.010099623643824104, 0.0, 0.05409940781086913, 0.04399978416704503, -7.185515050102509, 0.0, 56.72619060994967, 49.54067555984716, 0.435805969085341, 0.0, 15.902000678207186, 16.337806647292524, 6.103000000000006
0.005564529058116235, 0.47884331107378075, 0.001328433458366531, 78.32296449621396, -0.010123000045500711, 0.0, 0.05428395327602171, 0.04416095323052098, -7.185515050102509, 0.0, 56.72619060994967, 49.54067555984716, 0.4347387019733807, 0.0, 15.863057470582376, 16.297796172555756, 6.103000000000006
0.005578156312625253, 0.4794925860362863, 0.0013316867257403533, 78.6926085517696, -0.010146376447177318, 0.0, 0.05446849874117427, 0.04432212229399694, -7.185515050102509, 0.0, 56.72619060994967, 49.54067555984716, 0.43367664945912926, 0.0, 15.824304536937701, 16.25798118639683, 6.103000000000006
0.0055917835671342704, 0.48014186099879197, 0.0013349399931141756, 79.06313346306365, -0.010169752848853925, 0.0, 0.054653044206326835, 0.04448329135747291, -7.185515050102509, 0.0, 56.72619060994967, 49.54067555984716, 0.43261977341844476, 0.0, 15.78574048617213, 16.218360259590572, 6.103000000000006
0.00560541082164329, 0.48079113596129774, 0.001338193260487998, 79.4345392300961, -0.010193129250530534, 0.0, 0.05483758967147943, 0.0446444604209489, -7.185515050102509, 0.0, 56.72619060994967, 49.54067555984716, 0.4315680360979179, 0.0, 15.747363940712196, 16.178931976810112, 6.103000000000006
0.005619038076152307, 0.4814404109238033, 0.0013414465278618203, 79.80682585286696, -0.010216505652207141, 0.0, 0.055022135136632004, 0.04480562948442486, -7.185515050102509, 0.0, 56.72619060994967, 49.54067555984716, 0.43052140011037704, 0.0, 15.709173536347976, 16.13969493645835, 6.103000000000006
0.005632665330661326, 0.48208968588630896, 0.0013446997952356427, 80.17999333137625, -0.01023988205388375, 0.0, 0.05520668060178458, 0.044966798547900824, -7.185515050102509, 0.0, 56.72619060994967, 49.54067555984716, 0.42947982843045723, 0.0, 15.671167922071401, 16.100647750501857, 6.103000000000006
0.0056462925851703425, 0.4827389608488146, 0.0013479530626094647, 80.55404166562391, -0.010263258455560356, 0.0, 0.05539122606693713, 0.045127967611376774, -7.185515050102509, 0.0, 56.72619060994967, 49.54067555984716, 0.42844328439023477, 0.0, 15.633345759916981, 16.061789044307215, 6.103000000000006
0.005659919839679361, 0.4833882358113203, 0.0013512063299832872, 80.92897085561003, -0.010286634857236963, 0.0, 0.05557577153208972, 0.04528913667485275, -7.185515050102509, 0.0, 56.72619060994967, 49.54067555984716, 0.42741173167492347, 0.0, 15.595705724804763, 16.023117456479685, 6.103000000000006
0.00567354709418838, 0.48403751077382595, 0.0013544595973571097, 81.30478090133454, -0.010310011258913574, 0.0, 0.055760316997242314, 0.04545030573832873, -7.185515050102509, 0.0, 56.72619060994967, 49.54067555984716, 0.4263851343186345, 0.0, 15.558246504385604, 15.984631638704238, 6.103000000000006
0.005687174348697398, 0.4846867857363316, 0.001357712864730932, 81.68147180279743, -0.010333387660590181, 0.0, 0.05594486246239488, 0.04561147480180469, -7.185515050102509, 0.0, 56.72619060994967, 49.54067555984716, 0.425363456700196, 0.0, 15.520966798888645, 15.94633025558884, 6.103000000000006
0.005700801603206416, 0.4853360606988373, 0.0013609661321047543, 82.05904355999877, -0.010356764062266788, 0.0, 0.056129407927547455, 0.04577264386528067, -7.185515050102509, 0.0, 56.72619060994967, 49.54067555984716, 0.4243466635390326, 0.0, 15.483865320970956, 15.908211984509988, 6.103000000000006
0.005714428857715433, 0.48598533566134283, 0.0013642193994785764, 82.43749617293847, -0.010380140463943394, 0.0, 0.05631395339270002, 0.04593381292875662, -7.185515050102509, 0.0, 56.72619060994967, 49.54067555984716, 0.42333471989110516, 0.0, 15.446940795569382, 15.870275515460486, 6.103000000000006
0.0057280561122244516, 0.4866346106238485, 0.0013674726668523988, 82.81682964161661, -0.010403516865620003, 0.0, 0.056498498857852596, 0.046094981992232595, -7.185515050102509, 0.0, 56.72619060994967, 49.54067555984716, 0.42232759114490653, 0.0, 15.410191959754432, 15.832519550899336, 6.103000000000006
0.00574168336673347, 0.48728388558635416, 0.001370725934226221, 83.19704396603315, -0.010426893267296612, 0.0, 0.05668304432300517, 0.04625615105570856, -7.185515050102509, 0.0, 56.72619060994967, 49.54067555984716, 0.42132524301751645, 0.0, 15.373617562586329, 15.794942805603844, 6.103000000000006
0.0057553106212424885, 0.4879331605488598, 0.0013739792016000435, 83.57813914618812, -0.010450269668973219, 0.0, 0.056867589788157764, 0.046417320119184535, -7.185515050102509, 0.0, 56.72619060994967, 49.54067555984716, 0.42032764155071073, 0.0, 15.337216364973044, 15.757544006523752, 6.103000000000006
0.005768937875751505, 0.4885824355113654, 0.0013772324689738655, 83.96011518208145, -0.010473646070649824, 0.0, 0.057052135253310314, 0.046578489182660485, -7.185515050102509, 0.0, 56.72619060994967, 49.54067555984716, 0.419334753107127, 0.0, 15.300987139530376, 15.720321892637502, 6.103000000000006
0.005782565130260524, 0.48923171047387104, 0.001380485736347688, 84.34297207371324, -0.010497022472326433, 0.0, 0.05723668071846289, 0.04673965824613646, -7.185515050102509, 0.0, 56.72619060994967, 49.54067555984716, 0.4183465443664829, 0.0, 15.264928670443975, 15.683275214810457, 6.103000000000006
0.005796192384769542, 0.4898809854363767, 0.0013837390037215104, 84.72670982108342, -0.010520398874003042, 0.0, 0.05742122618361547, 0.046900827309612425, -7.185515050102509, 0.0, 56.72619060994967, 49.54067555984716, 0.4173629823218498, 0.0, 15.229039753333364, 15.646402735655212, 6.103000000000006
0.00580981963927856, 0.49053026039888237, 0.0013869922710953327, 85.11132842419201, -0.01054377527567965, 0.0, 0.057605771648768046, 0.04706199637308839, -7.185515050102509, 0.0, 56.72619060994967, 49.54067555984716, 0.4163840342759775, 0.0, 15.193319195117827, 15.609703229393803, 6.103000000000006
0.005823446893787579, 0.49117953536138814, 0.0013902455384691551, 85.49682788303902, -0.010567151677356258, 0.0, 0.05779031711392064, 0.04722316543656438, -7.185515050102509, 0.0, 56.72619060994967, 49.54067555984716, 0.41540966783767025, 0.0, 15.157765813884193, 15.573175481721863, 6.103000000000006
0.005837074148296596, 0.4918288103238937, 0.0013934988058429772, 85.88320819762438, -0.010590528079032864, 0.0, 0.05797486257907319, 0.04738433450004033, -7.185515050102509, 0.0, 56.72619060994967, 49.54067555984716, 0.4144398509182155, 0.0, 15.122378438756511, 15.536818289674725, 6.103000000000006
0.005850701402805614, 0.49247808528639936, 0.0013967520732167996, 86.27046936794822, -0.010613904480709473, 0.0, 0.05815940804422578, 0.04754550356351629, -7.185515050102509, 0.0, 56.72619060994967, 49.54067555984716, 0.4134745517278597, 0.0, 15.087155909767457, 15.500630461495316, 6.103000000000006
0.005864328657314632, 0.493127360248905, 0.0014000053405906219, 86.65861139401044, -0.01063728088238608, 0.0, 0.05834395350937834, 0.047706672626992255, -7.185515050102509, 0.0, 56.72619060994967, 49.54067555984716, 0.4125137387723359, 0.0, 15.05209707773164, 15.464610816503974, 6.103000000000006
0.00587795591182365, 0.4937766352114107, 0.0014032586079644443, 87.04763427581108, -0.010660657284062687, 0.0, 0.05852849897453092, 0.04786784169046823, -7.185515050102509, 0.0, 56.72619060994967, 49.54067555984716, 0.4115573808494379, 0.0, 15.017200804120584, 15.428758184970022, 6.103000000000006
0.005891583166332669, 0.49442591017391635, 0.0014065118753382665, 87.43753801335012, -0.010684033685739296, 0.0, 0.0587130444396835, 0.04802901075394421, -7.185515050102509, 0.0, 56.72619060994967, 49.54067555984716, 0.41060544704564317, 0.0, 14.982465960939518, 15.39307140798516, 6.103000000000006
0.005905210420841686, 0.4950751851364219, 0.0014097651427120888, 87.82832260662754, -0.010707410087415903, 0.0, 0.058897589904836074, 0.04819017981742016, -7.185515050102509, 0.0, 56.72619060994967, 49.54067555984716, 0.4096579067327812, 0.0, 14.947891430605793, 15.357549337338574, 6.103000000000006
0.005918837675350705, 0.49572446009892757, 0.0014130184100859112, 88.21998805564343, -0.01073078648909251, 0.0, 0.05908213536998865, 0.048351348880896136, -7.185515050102509, 0.0, 56.72619060994967, 49.54067555984716, 0.408714729564749, 0.0, 14.913476105829046, 15.322190835393794, 6.103000000000006
0.005932464929859722, 0.49637373506143323, 0.0014162716774597335, 88.61253436039769, -0.010754162890769118, 0.0, 0.059266680835141215, 0.0485125179443721, -7.185515050102509, 0.0, 56.72619060994967, 49.54067555984716, 0.4077758854742716, 0.0, 14.879218889492988, 15.286994774967258, 6.103000000000006
0.005946092184368741, 0.4970230100239389, 0.001419524944833556, 89.00596152089038, -0.010777539292445727, 0.0, 0.05945122630029381, 0.04867368700784808, -7.185515050102509, 0.0, 56.72619060994967, 49.54067555984716, 0.4068413446697065, 0.0, 14.845118694538803, 15.251960039208509, 6.103000000000006
0.0059597194388777575, 0.49767228498644445, 0.001422778212207378, 89.40026953712143, -0.010800915694122332, 0.0, 0.059635771765446356, 0.048834856071324026, -7.185515050102509, 0.0, 56.72619060994967, 49.54067555984716, 0.40591107763189294, 0.0, 14.811174443850195, 15.217085521482087, 6.103000000000006
0.005973346693386777, 0.4983215599489502, 0.0014260314795812004, 89.79545840909094, -0.010824292095798941, 0.0, 0.05982031723059895, 0.0489960251348, -7.185515050102509, 0.0, 56.72619060994967, 49.54067555984716, 0.4049850551110431, 0.0, 14.777385070139928, 15.182370125250971, 6.103000000000006
0.0059869739478957944, 0.4989708349114558, 0.0014292847469550226, 90.19152813679884, -0.010847668497475548, 0.0, 0.060004862695751525, 0.049157194198275966, -7.185515050102509, 0.0, 56.72619060994967, 49.54067555984716, 0.40406324812367744, 0.0, 14.743749515838022, 15.1478127639617, 6.103000000000006
0.006000601202404813, 0.49962010987396144, 0.001432538014328845, 90.58847872024515, -0.010871044899152157, 0.0, 0.0601894081609041, 0.049318363261751944, -7.185515050102509, 0.0, 56.72619060994967, 49.54067555984716, 0.4031456279495997, 0.0, 14.710266732981362, 15.11341236093096, 6.103000000000006
0.0060142284569138305, 0.5002693848364671, 0.0014357912817026673, 90.98631015942986, -0.010894421300828764, 0.0, 0.060373953626056666, 0.04947953232522791, -7.185515050102509, 0.0, 56.72619060994967, 49.54067555984716, 0.4022321661289149, 0.0, 14.676935683104892, 15.079167849233807, 6.103000000000006
0.006027855711422848, 0.5009186597989728, 0.0014390445490764896, 91.38502245435299, -0.010917797702505372, 0.0, 0.06055849909120924, 0.049640701388703856, -7.185515050102509, 0.0, 56.72619060994967, 49.54067555984716, 0.40132283445908656, 0.0, 14.643755337134245, 15.04507817159333, 6.103000000000006
0.0060414829659318665, 0.5015679347614784, 0.0014422978164503118, 91.7846156050145, -0.010941174104181979, 0.0, 0.06074304455636182, 0.04980187045217983, -7.185515050102509, 0.0, 56.72619060994967, 49.54067555984716, 0.4004176049920345, 0.0, 14.610724675279826, 15.011142280271859, 6.103000000000006
0.006055110220440885, 0.5022172097239841, 0.0014455510838241343, 92.18508961141447, -0.010964550505858588, 0.0, 0.0609275900215144, 0.04996303951565581, -7.185515050102509, 0.0, 56.72619060994967, 49.54067555984716, 0.3995164500312713, 0.0, 14.577842686932346, 14.977359136963617, 6.103000000000006
0.0060687374749499035, 0.5028664846864898, 0.0014488043511979567, 92.58644447355283, -0.010987926907535197, 0.0, 0.061112135486666976, 0.050124208579131774, -7.185515050102509, 0.0, 56.72619060994967, 49.54067555984716, 0.39861934212907774, 0.0, 14.545108370559747, 14.943727712688823, 6.103000000000006
0.006082364729458921, 0.5035157596489954, 0.001452057618571779, 92.9886801914296, -0.011011303309211804, 0.0, 0.06129668095181955, 0.05028537764260774, -7.185515050102509, 0.0, 56.72619060994967, 49.54067555984716, 0.3977262540837159, 0.0, 14.51252073360551, 14.910246987689225, 6.103000000000006
0.006095991983967939, 0.504165034611501, 0.0014553108859456012, 93.39179676504475, -0.01103467971088841, 0.0, 0.061481226416972116, 0.0504465467060837, -7.185515050102509, 0.0, 56.72619060994967, 49.54067555984716, 0.3968371589366798, 0.0, 14.48007879238834, 14.876915951325019, 6.103000000000006
0.006109619238476956, 0.5048143095740066, 0.0014585641533194234, 93.79579419439831, -0.011058056112565016, 0.0, 0.06166577188212468, 0.050607715769559664, -7.185515050102509, 0.0, 56.72619060994967, 49.54067555984716, 0.39595202996998274, 0.0, 14.44778157200318, 14.843733601973161, 6.103000000000006
0.0061232464929859756, 0.5054635845365123, 0.0014618174206932459, 94.20067247949032, -0.011081432514241627, 0.0, 0.06185031734727727, 0.05076888483303564, -7.185515050102509, 0.0, 56.72619060994967, 49.54067555984716, 0.39507084070348103, 0.0, 14.41562810622356, 14.81069894692704, 6.103000000000006
0.006136873747494993, 0.506112859499018, 0.0014650706880670681, 94.6064316203207, -0.011104808915918234, 0.0, 0.06203486281242985, 0.050930053896511604, -7.185515050102509, 0.0, 56.72619060994967, 49.54067555984716, 0.3941935648922334, 0.0, 14.383617437405247, 14.77781100229748, 6.103000000000006
0.006150501002004011, 0.5067621344615236, 0.0014683239554408904, 95.0130716168895, -0.01112818531759484, 0.0, 0.06221940827758241, 0.05109122295998757, -7.185515050102509, 0.0, 56.72619060994967, 49.54067555984716, 0.3933201765238951, 0.0, 14.351748616391156, 14.745068792915049, 6.103000000000006
0.006164128256513028, 0.5074114094240292, 0.0014715772228147126, 95.4205924691967, -0.011151561719271447, 0.0, 0.06240395374273499, 0.05125239202346353, -7.185515050102509, 0.0, 56.72619060994967, 49.54067555984716, 0.39245064981614697, 0.0, 14.320020702417533, 14.71247135223368, 6.103000000000006
0.006177755511022047, 0.5080606843865348, 0.001474830490188535, 95.82899417724235, -0.011174938120948056, 0.0, 0.06258849920788756, 0.05141356108693951, -7.185515050102509, 0.0, 56.72619060994967, 49.54067555984716, 0.3915849592141585, 0.0, 14.288432763021412, 14.680017722235565, 6.103000000000006
0.006191382765531066, 0.5087099593490406, 0.0014780837575623575, 96.2382767410264, -0.011198314522624665, 0.0, 0.06277304467304015, 0.051574730150415485, -7.185515050102509, 0.0, 56.72619060994967, 49.54067555984716, 0.3907230793880842, 0.0, 14.256983873949215, 14.647706953337293, 6.103000000000006
0.006205010020040084, 0.5093592343115462, 0.0014813370249361797, 96.64844016054882, -0.011221690924301272, 0.0, 0.06295759013819271, 0.05173589921389145, -7.185515050102509, 0.0, 56.72619060994967, 49.54067555984716, 0.3898649852305934, 0.0, 14.225673119066661, 14.615538104297247, 6.103000000000006
0.006218637274549101, 0.5100085092740518, 0.001484590292310002, 97.05948443580967, -0.01124506732597788, 0.0, 0.0631421356033453, 0.05189706827736741, -7.185515050102509, 0.0, 56.72619060994967, 49.54067555984716, 0.38901065185443146, 0.0, 14.194499590269753, 14.583510242124188, 6.103000000000006
0.006232264529058119, 0.5106577842365575, 0.0014878435596838242, 97.4714095668089, -0.011268443727654487, 0.0, 0.06332668106849787, 0.052058237340843375, -7.185515050102509, 0.0, 56.72619060994967, 49.54067555984716, 0.3881600545900146, 0.0, 14.163462387397049, 14.551622441987066, 6.103000000000005
0.006245891783567137, 0.5113070591990632, 0.0014910968270576467, 97.88421555354658, -0.011291820129331095, 0.0, 0.06351122653365043, 0.05221940640431934, -7.185515050102509, 0.0, 56.72619060994967, 49.54067555984716, 0.3873131689830546, 0.0, 14.132560618142941, 14.51987378712599, 6.103000000000005
0.006259519038076155, 0.5119563341615687, 0.001494350094431469, 98.29790239602266, -0.011315196531007701, 0.0, 0.06369577199880302, 0.0523805754677953, -7.185515050102509, 0.0, 56.72619060994967, 49.54067555984716, 0.3864699707922159, 0.0, 14.101793397972171, 14.488263368764391, 6.103000000000005
0.006273146292585174, 0.5126056091240745, 0.0014976033618052914, 98.71247009423715, -0.011338572932684312, 0.0, 0.06388031746395562, 0.05254174453127129, -7.185515050102509, 0.0, 56.72619060994967, 49.54067555984716, 0.3856304359868019, 0.0, 14.071159850035482, 14.456790286022287, 6.103000000000005
0.006286773547094191, 0.51325488408658, 0.0015008566291791134, 99.12791864819, -0.011361949334360917, 0.0, 0.06406486292910815, 0.05270291359474724, -7.185515050102509, 0.0, 56.72619060994967, 49.54067555984716, 0.384794540744473, 0.0, 14.04065910508626, 14.425453645830727, 6.103000000000005
0.006300400801603209, 0.5139041590490857, 0.0015041098965529358, 99.54424805788133, -0.011385325736037526, 0.0, 0.06424940839426074, 0.052864082658223205, -7.185515050102509, 0.0, 56.72619060994967, 49.54067555984716, 0.3839622614489921, 0.0, 14.010290301398287, 14.394252562847283, 6.103000000000005
0.006314028056112228, 0.5145534340115914, 0.0015073631639267583, 99.96145832331105, -0.011408702137714133, 0.0, 0.06443395385941333, 0.05302525172169918, -7.185515050102509, 0.0, 56.72619060994967, 49.54067555984716, 0.38313357468800147, 0.0, 13.980052584684696, 14.3631861593727, 6.103000000000005
0.0063276553106212455, 0.515202708974097, 0.0015106164313005805, 100.37954944447918, -0.01143207853939074, 0.0, 0.0646184993245659, 0.053186420785175145, -7.185515050102509, 0.0, 56.72619060994967, 49.54067555984716, 0.382308457250827, 0.0, 13.94994510801776, 14.332253565268589, 6.103000000000005
0.006341282565130264, 0.5158519839366027, 0.0015138696986744028, 100.79852142138569, -0.01145545494106735, 0.0, 0.06480304478971846, 0.05334758984865112, -7.185515050102509, 0.0, 56.72619060994967, 49.54067555984716, 0.3814868861263111, 0.0, 13.919967031749866, 14.301453917876172, 6.103000000000005
0.0063549098196392815, 0.5165012588991084, 0.001517122966048225, 101.2183742540306, -0.011478831342743957, 0.0, 0.06498759025487105, 0.05350875891212707, -7.185515050102509, 0.0, 56.72619060994967, 49.54067555984716, 0.38066883850067373, 0.0, 13.890117523435427, 14.270786361936104, 6.103000000000005
0.0063685370741483, 0.517150533861614, 0.0015203762334220475, 101.63910794241397, -0.011502207744420564, 0.0, 0.06517213572002362, 0.05366992797560305, -7.185515050102509, 0.0, 56.72619060994967, 49.54067555984716, 0.3798542917554002, 0.0, 13.860395757753894, 14.240250049509289, 6.103000000000005
0.006382164328657318, 0.5177998088241196, 0.0015236295007958697, 102.06072248653571, -0.011525584146097171, 0.0, 0.06535668118517618, 0.05383109703907901, -7.185515050102509, 0.0, 56.72619060994967, 49.54067555984716, 0.37904322346515723, 0.0, 13.830800916433606, 14.209844139898758, 6.103000000000005
0.006395791583166336, 0.5184490837866252, 0.0015268827681696922, 102.48321788639589, -0.01154896054777378, 0.0, 0.06554122665032877, 0.05399226610255499, -7.185515050102509, 0.0, 56.72619060994967, 49.54067555984716, 0.3782356113957344, 0.0, 13.801332188176744, 14.179567799572482, 6.103000000000005
0.006409418837675353, 0.5190983587491309, 0.0015301360355435142, 102.90659414199443, -0.011572336949450385, 0.0, 0.06572577211548133, 0.05415343516603094, -7.185515050102509, 0.0, 56.72619060994967, 49.54067555984716, 0.37743143350201247, 0.0, 13.771988768585212, 14.149420202087228, 6.103000000000005
0.006423046092184372, 0.5197476337116366, 0.0015333893029173366, 103.33085125333143, -0.011595713351126994, 0.0, 0.06591031758063393, 0.054314604229506916, -7.185515050102509, 0.0, 56.72619060994967, 49.54067555984716, 0.37663066792595745, 0.0, 13.742769860087384, 14.119400528013346, 6.103000000000005
0.00643667334669339, 0.5203969086741422, 0.0015366425702911589, 103.7559892204068, -0.011619089752803602, 0.0, 0.06609486304578649, 0.05447577329298288, -7.185515050102509, 0.0, 56.72619060994967, 49.54067555984716, 0.3758332929946407, 0.0, 13.713674671865897, 14.089507964860541, 6.103000000000005
0.006450300601202408, 0.5210461836366479, 0.0015398958376649813, 104.1820080432206, -0.01164246615448021, 0.0, 0.06627940851093908, 0.054636942356458856, -7.185515050102509, 0.0, 56.72619060994967, 49.54067555984716, 0.3750392872182826, 0.0, 13.684702419786273, 14.059741707004559, 6.103000000000005
0.006463927855711427, 0.5216954585991536, 0.0015431491050388038, 104.60890772177284, -0.01166584255615682, 0.0, 0.06646395397609164, 0.05479811141993482, -7.185515050102509, 0.0, 56.72619060994967, 49.54067555984716, 0.3742486292883231, 0.0, 13.65585232632649, 14.03010095561481, 6.103000000000005
0.006477555110220443, 0.5223447335616591, 0.0015464023724126258, 105.0366882560634, -0.011689218957833425, 0.0, 0.06664849944124421, 0.05495928048341077, -7.185515050102509, 0.0, 56.72619060994967, 49.54067555984716, 0.37346129807551476, 0.0, 13.627123620507403, 14.000584918582922, 6.103000000000005
0.006491182364729463, 0.5229940085241649, 0.0015496556397864483, 105.46534964609245, -0.011712595359510034, 0.0, 0.0668330449063968, 0.05512044954688676, -7.185515050102509, 0.0, 56.72619060994967, 49.54067555984716, 0.37267727262804057, 0.0, 13.59851553782411, 13.971192810452154, 6.103000000000005
0.00650480961923848, 0.5236432834866704, 0.0015529089071602705, 105.89489189185986, -0.011735971761186641, 0.0, 0.06701759037154936, 0.05528161861036272, -7.185515050102509, 0.0, 56.72619060994967, 49.54067555984716, 0.37189653216965596, 0.0, 13.570027320178102, 13.941923852347752, 6.103000000000005
0.006518436873747499, 0.5242925584491761, 0.001556162174534093, 106.32531499336572, -0.01175934816286325, 0.0, 0.06720213583670195, 0.05544278767383869, -7.185515050102509, 0.0, 56.72619060994967, 49.54067555984716, 0.3711190560978529, 0.0, 13.541658215810271, 13.912777271908128, 6.103000000000005
0.006532064128256516, 0.5249418334116818, 0.0015594154419079152, 106.75661895060996, -0.011782724564539855, 0.0, 0.06738668130185452, 0.05560395673731465, -7.185515050102509, 0.0, 56.72619060994967, 49.54067555984716, 0.37034482398204827, 0.0, 13.513407479234875, 13.883752303216927, 6.103000000000005
0.006545691382765534, 0.5255911083741874, 0.0015626687092817374, 107.1888037635926, -0.011806100966216463, 0.0, 0.06757122676700708, 0.05576512580079061, -7.185515050102509, 0.0, 56.72619060994967, 49.54067555984716, 0.3695738155617936, 0.0, 13.485274371174144, 13.854848186735932, 6.103000000000005
0.006559318637274552, 0.5262403833366931, 0.0015659219766555597, 107.62186943231367, -0.011829477367893072, 0.0, 0.06775577223215967, 0.05592629486426659, -7.185515050102509, 0.0, 56.72619060994967, 49.54067555984716, 0.3688060107450082, 0.0, 13.457258158493806, 13.826064169238817, 6.103000000000005
0.006572945891783571, 0.5268896582991988, 0.0015691752440293821, 108.05581595677315, -0.01185285376956968, 0.0, 0.06794031769731224, 0.056087463927742554, -7.185515050102509, 0.0, 56.72619060994967, 49.54067555984716, 0.3680413896062338, 0.0, 13.429358114139486, 13.797399503745714, 6.103000000000005
0.006586573146292589, 0.5275389332617044, 0.0015724285114032046, 108.49064333697106, -0.011876230171246288, 0.0, 0.06812486316246483, 0.05624863299121853, -7.185515050102509, 0.0, 56.72619060994967, 49.54067555984716, 0.36727993238491075, 0.0, 13.40157351707368, 13.768853449458595, 6.103000000000005
0.006600200400801606, 0.52818820822421, 0.0015756817787770266, 108.92635157290731, -0.011899606572922893, 0.0, 0.06830940862761739, 0.05640980205469448, -7.185515050102509, 0.0, 56.72619060994967, 49.54067555984716, 0.36652161948367584, 0.0, 13.373903652213777, 13.740425271697456, 6.103000000000005
0.006613827655310624, 0.5288374831867156, 0.001578935046150849, 109.36294066458204, -0.011922982974599502, 0.0, 0.06849395409276995, 0.05657097111817046, -7.185515050102509, 0.0, 56.72619060994967, 49.54067555984716, 0.3657664314666807, 0.0, 13.346347810370604, 13.71211424183728, 6.103000000000005
0.006627454909819642, 0.5294867581492213, 0.0015821883135246713, 109.80041061199513, -0.01194635937627611, 0.0, 0.06867849955792252, 0.05673214018164642, -7.185515050102509, 0.0, 56.72619060994967, 49.54067555984716, 0.36501434905793184, 0.0, 13.318905288187871, 13.683919637245797, 6.103000000000005
0.006641082164328661, 0.530136033111727, 0.0015854415808984937, 110.23876141514667, -0.011969735777952718, 0.0, 0.06886304502307511, 0.0568933092451224, -7.185515050102509, 0.0, 56.72619060994967, 49.54067555984716, 0.36426535313965, 0.0, 13.29157538808235, 13.655840741221995, 6.103000000000005
0.006654709418837679, 0.5307853080742326, 0.001588694848272316, 110.67799307403658, -0.011993112179629326, 0.0, 0.0690475904882277, 0.05705447830859836, -7.185515050102509, 0.0, 56.72619060994967, 49.54067555984716, 0.3635194247506508, 0.0, 13.26435741818474, 13.627876842935395, 6.103000000000005
0.0066683366733466965, 0.5314345830367382, 0.0015919481156461382, 111.1181055886649, -0.012016488581305933, 0.0, 0.06923213595338026, 0.057215647372074324, -7.185515050102509, 0.0, 56.72619060994967, 49.54067555984716, 0.36277654508474416, 0.0, 13.237250692281314, 13.600027237366062, 6.103000000000005
0.006681963927855714, 0.5320838579992438, 0.0015952013830199605, 111.55909895903164, -0.01203986498298254, 0.0, 0.06941668141853283, 0.05737681643555029, -7.185515050102509, 0.0, 56.72619060994967, 49.54067555984716, 0.36203669548915407, 0.0, 13.210254529756202, 13.572291225245351, 6.103000000000005
0.0066955911823647326, 0.5327331329617495, 0.001598454650393783, 112.00097318513681, -0.012063241384659149, 0.0, 0.06960122688368542, 0.05753798549902625, -7.185515050102509, 0.0, 56.72619060994967, 49.54067555984716, 0.36129985746295723, 0.0, 13.183368255534427, 13.544668112997389, 6.103000000000005
0.006709218436873752, 0.5333824079242553, 0.0016017079177676054, 112.4437282669804, -0.012086617786335758, 0.0, 0.06978577234883801, 0.05769915456250224, -7.185515050102509, 0.0, 56.72619060994967, 49.54067555984716, 0.3605660126555411, 0.0, 13.156591200025709, 13.517157212681253, 6.103000000000005
0.0067228456913827695, 0.5340316828867608, 0.0016049611851414276, 112.88736420456235, -0.012109994188012365, 0.0, 0.06997031781399057, 0.057860323625978205, -7.185515050102509, 0.0, 56.72619060994967, 49.54067555984716, 0.3598351428650807, 0.0, 13.129922699068791, 13.489757841933875, 6.103000000000005
0.006736472945891787, 0.5346809578492665, 0.0016082144525152498, 113.3318809978827, -0.012133370589688972, 0.0, 0.07015486327914314, 0.058021492689454154, -7.185515050102509, 0.0, 56.72619060994967, 49.54067555984716, 0.359107230037033, 0.0, 13.103362093876575, 13.462469323913602, 6.103000000000005
0.006750100200400805, 0.5353302328117722, 0.001611467719889072, 113.7772786469415, -0.01215674699136558, 0.0, 0.0703394087442957, 0.05818266175293012, -7.185515050102509, 0.0, 56.72619060994967, 49.54067555984716, 0.3583822562626507, 0.0, 13.076908730981831, 13.435290987244477, 6.103000000000005
0.006763727454909823, 0.5359795077742778, 0.0016147209872628945, 114.2235571517387, -0.012180123393042187, 0.0, 0.07052395420944829, 0.058343830816406095, -7.185515050102509, 0.0, 56.72619060994967, 49.54067555984716, 0.3576602037775136, 0.0, 13.05056196218366, 13.408222165961178, 6.103000000000005
0.006777354709418841, 0.5366287827367834, 0.0016179742546367168, 114.6707165122743, -0.012203499794718794, 0.0, 0.07070849967460086, 0.05850499987988206, -7.185515050102509, 0.0, 56.72619060994967, 49.54067555984716, 0.3569410549600776, 0.0, 13.024321144494547, 13.38126219945462, 6.103000000000005
0.006790981963927859, 0.537278057699289, 0.001621227522010539, 115.1187567285483, -0.012226876196395403, 0.0, 0.07089304513975345, 0.058666168943358035, -7.185515050102509, 0.0, 56.72619060994967, 49.54067555984716, 0.35622479233024057, 0.0, 12.99818564008796, 13.354410432418206, 6.103000000000005
0.006804609218436877, 0.5379273326617947, 0.0016244807893843612, 115.56767780056072, -0.01225025259807201, 0.0, 0.07107759060490601, 0.058827338006833985, -7.185515050102509, 0.0, 56.72619060994967, 49.54067555984716, 0.35551139854792707, 0.0, 12.97215481624682, 13.32766621479475, 6.103000000000005
0.006818236472945895, 0.5385766076243004, 0.0016277340567581837, 116.01747972831157, -0.012273628999748617, 0.0, 0.07126213607005857, 0.05898850707030996, -7.185515050102509, 0.0, 56.72619060994967, 49.54067555984716, 0.35480085641168807, 0.0, 12.946228045312319, 13.301028901724, 6.103000000000005
0.006831863727454913, 0.539225882586806, 0.001630987324132006, 116.46816251180078, -0.012297005401425224, 0.0, 0.07144668153521117, 0.059149676133785925, -7.185515050102509, 0.0, 56.72619060994967, 49.54067555984716, 0.3540931488573191, 0.0, 12.920404704633505, 13.274497853490827, 6.103000000000005
0.006845490981963931, 0.5398751575493117, 0.0016342405915058284, 116.91972615102847, -0.012320381803101833, 0.0, 0.07163122700036373, 0.0593108451972619, -7.185515050102509, 0.0, 56.72619060994967, 49.54067555984716, 0.3533882589564935, 0.0, 12.894684176517492, 13.248072435473981, 6.103000000000005
0.00685911823647295, 0.5405244325118174, 0.0016374938588796506, 117.3721706459945, -0.012343758204778442, 0.0, 0.07181577246551632, 0.059472014260737865, -7.185515050102509, 0.0, 56.72619060994967, 49.54067555984716, 0.3526861699154136, 0.0, 12.869065848180112, 13.221752018095529, 6.103000000000005
0.006872745490981967, 0.5411737074743229, 0.0016407471262534729, 117.82549599669896, -0.012367134606455048, 0.0, 0.07200031793066888, 0.05963318332421383, -7.185515050102509, 0.0, 56.72619060994967, 49.54067555984716, 0.3519868650734761, 0.0, 12.843549111697362, 13.195535976770833, 6.103000000000005
0.006886372745490986, 0.5418229824368286, 0.0016440003936272953, 118.27970220314187, -0.012390511008131657, 0.0, 0.07218486339582147, 0.059794352387689806, -7.185515050102509, 0.0, 56.72619060994967, 49.54067555984716, 0.3512903279019545, 0.0, 12.818133363957184, 13.169423691859143, 6.103000000000005
0.006900000000000003, 0.5424722573993342, 0.0016472536610011176, 118.73478926532313, -0.012413887409808264, 0.0, 0.07236940886097404, 0.05995552145116577, -7.185515050102509, 0.0, 56.72619060994967, 49.54067555984716, 0.3505965420026971, 0.0, 12.792818006612086, 13.143414548614786, 6.103000000000005
