phi0, phi, rho, Z_fit_curve, F_id, F_fr, F_ex, F_total, mu_id, mu_fr, mu_ex, mu_kT, PV_id, PV_fr, PV_ex, PV_NkT, alpha
1.0000000000000005E-4, 0.021787605203729146, 2.387324146378431E-5, 1.4535604977520988, -2.8453331734703586E-4, 0.0, 2.396314190799752E-4, -4.49018982674974E-5, -10.05840138884771, 0.0, -10.802293646358057, -20.860695035203936, 1.8601023375386987, 0.0, -20.83995105637068, -18.979848718811855, 6.103000000000039
1.136272545090181E-4, 0.024949125830346103, 2.7126508837606623E-5, 1.5662282906649345, -3.1718524608961233E-4, 0.0, 2.061964825676077E-4, -1.1098876352243544E-4, -10.015032294947268, 0.0, -9.756791637745984, -19.771823932691458, 1.6777825817642167, 0.0, -17.35808245633259, -15.680299874550698, 6.103000000000037
1.2725450901803612E-4, 0.02809386409794311, 3.0379776211428932E-5, 1.6889675939234254, -3.4969724584015373E-4, 0.0, 1.7612018159444062E-4, -1.7357706424613815E-4, -9.972375904629864, 0.0, -8.73741780269117, -18.70979370731928, 1.538480640409361, 0.0, -14.534701507769414, -12.996220867344308, 6.103000000000035
1.408817635270542E-4, 0.03122210769335882, 3.363304358525125E-5, 1.8211530728111072, -3.820716175303282E-4, 0.0, 1.4931847600442572E-4, -2.3275314152632198E-4, -9.930421367303252, 0.0, -7.7435822914092185, -17.67400365871075, 1.4295858399503336, 0.0, -12.183218437508847, -10.753632597544321, 6.103000000000033
1.545090180360722E-4, 0.03433413640799885, 3.688631095907355E-5, 1.9621808391100253, -4.1431062699367127E-4, 0.0, 1.2570923076592983E-4, -2.886013962281554E-4, -9.889157956248987, 0.0, -6.7747037348207115, -16.663861691068018, 1.3429391611168857, 0.0, -10.182722251646856, -8.839783090517068, 6.103000000000031
1.6813627254509027E-4, 0.03743022227890414, 4.013957833289587E-5, 2.1114679898015405, -4.46416505367093E-4, 0.0, 1.0521218849944337E-4, -3.412043168680581E-4, -9.848575067707706, 0.0, -5.830209172234139, -15.678784239940201, 1.2730291919274308, 0.0, -8.45136746211129, -7.1783382701720395, 6.103000000000029
1.817635270541083E-4, 0.040510629728328355, 4.339284570671818E-5, 2.2684521520588765, -4.783914494894118E-4, 0.0, 8.77489422400974E-5, -3.9064250724971767E-4, -9.80866221996765, 0.0, -4.909533979311365, -14.7181961992774, 1.2159996038441518, 0.0, -6.931732358121812, -5.715732754266754, 6.103000000000027
1.9539078156312635E-4, 0.04357561570183191, 4.664611308054049E-5, 2.4325910344810153, -5.102376222969306E-4, 0.0, 7.324290843406731E-5, -4.369947138632614E-4, -9.769409052456442, 0.0, -4.012121796315451, -13.781530848770316, 1.169071961297908, 0.0, -5.582304253053144, -4.413232291745127, 6.103000000000026
2.090180360721444E-4, 0.04662542980489938, 4.98993804543628E-5, 2.6033619845177425, -5.419571532160629E-4, 0.0, 6.161930016794808E-5, -4.8033785304850765E-4, -9.73080532483614, 0.0, -3.1374244566410385, -12.868229781475632, 1.1301943164665895, 0.0, -4.372295503272651, -3.242101186796643, 6.103000000000025
2.2264529058116242E-4, 0.04966031443808762, 5.315264782818511E-5, 2.7802615520358276, -5.735521385530188E-4, 0.0, 5.280510063017766E-5, -5.207470379232288E-4, -9.692840916101533, 0.0, -2.2849019156270804, -11.9777428317271, 1.0978188532295232, 0.0, -3.278363253637354, -2.180544400399026, 6.103000000000024
2.362725450901805E-4, 0.05268050493071167, 5.6405915202007426E-5, 2.9628050589764974, -6.050246418805653E-4, 0.0, 4.672903680359388E-5, -5.582956050773544E-4, -9.655505823681704, 0.0, -1.4540221796520647, -11.109528003332292, 1.0707564790179445, 0.0, -2.2824643144218384, -1.2117078353956294, 6.103000000000023
2.498997995991985E-4, 0.055686229673075634, 5.965918257582973E-5, 3.1505261750545417, -6.363766944218668E-4, 0.0, 4.3321553388203135E-5, -5.93055141034042E-4, -9.618790162544853, 0.0, -0.6442612355117272, -10.263051398055135, 1.0480789923082319, 0.0, -1.3704118718054663, -0.32233287948944866, 6.103000000000021
2.6352705410821655E-4, 0.058677710247255585, 6.291244994965204E-5, 3.342976499449583, -6.676102954314198E-4, 0.0, 4.251478695324292E-5, -6.250955084785504E-4, -9.582684164306361, 0.0, 0.14489701992086568, -9.437787144384084, 1.0290516044595828, 0.0, -0.5308799842693528, 0.4981716201975784, 6.10300000000002
2.7715430861723463E-4, 0.06165516155644175, 6.616571732347436E-5, 3.5397251484402252, -6.987274125730919E-4, 0.0, 4.424254031762068E-5, -6.544848722558402E-4, -9.547178176340134, 0.0, 0.9139608497527196, -8.63321732658603, 1.0130853685575545, 0.0, 0.24529825366348715, 1.2583836222280045, 6.103000000000018
2.907815631262527E-4, 0.06461879195284688, 6.941898469729668E-5, 3.7403583489319554, -7.297299822952717E-4, 0.0, 4.844025715780584E-5, -6.812897251378305E-4, -9.512262660893207, 0.0, 1.6634307468458895, -7.848831914045956, 0.999702984776758, 0.0, 0.9656352177261412, 1.965338202509512, 6.1030000000000175
3.044088176352707E-4, 0.0675688033641883, 7.267225207111898E-5, 3.944479037829873, -7.606199102031487E-4, 0.0, 5.5044996842262615E-5, -7.055749133612463E-4, -9.477928194203573, 0.0, 2.3937995033100137, -7.084128690892235, 0.9885137905416637, 0.0, 1.6363577662850741, 2.624871556833018, 6.103000000000017
3.180360721442887E-4, 0.07050539141875055, 7.592551944494129E-5, 4.151706467207513, -7.913990714281246E-4, 0.0, 6.399540949149884E-5, -7.274036619369813E-4, -9.44416546562132, 0.0, 3.105552279712374, -6.338613185907649, 0.9791951806238663, 0.0, 2.262681398362577, 3.2418765789924215, 6.103000000000016
3.316633266533068E-4, 0.0734287455690355, 7.91787868187636E-5, 4.361675815223191, -8.220693109943716E-4, 0.0, 7.523171126281466E-5, -7.468375997319082E-4, -9.410965276732984, 0.0, 3.7991666740055416, -5.611798602726168, 0.9714786078398912, 0.0, 2.849016838608134, 3.820495446453736, 6.103000000000015
3.452905811623248E-4, 0.07633904921400775, 8.243205419258591E-5, 4.574037802735477, -8.526324441825477E-4, 0.0, 8.869565985883164E-5, -7.639367843240637E-4, -9.37831854048917, 0.0, 4.4751127901725205, -4.90320575031541, 0.9651388989013794, 0.0, 3.3991277170405074, 4.364266615947344, 6.103000000000015
3.589178356713428E-4, 0.07923647981994177, 8.568532156640822E-5, 4.788458315569619, -8.830902568906808E-4, 0.0, 1.0433053025888425E-4, -7.787597266321404E-4, -9.346216280335478, 0.0, 5.133853306589488, -4.212362973744768, 0.9599860043378001, 0.0, 3.91625234120097, 4.876238345544003, 6.103000000000014
3.725450901803609E-4, 0.08212120903987838, 8.893858894023054E-5, 5.004618032386858, -9.134445059922277E-4, 0.0, 1.220810906723535E-4, -7.91363415320214E-4, -9.31464962934658, 0.0, 5.7758435441060945, -3.5388060852392957, 0.9558585592428582, 0.0, 4.403198754852739, 5.359057314100607, 6.103000000000012
3.861723446893789E-4, 0.08499340283169725, 9.219185631405283E-5, 5.222212058108869, -9.43696919691322E-4, 0.0, 1.4189357871302556E-4, -8.018033409786323E-4, -9.283609829363698, 0.0, 6.401531533843207, -2.882078295519325, 0.9526188075411208, 0.0, 4.862419681819499, 5.815038489365427, 6.103000000000011
3.9979959919839695E-4, 0.08785322157481332, 9.544512368787515E-5, 5.440949562849578, -9.738491978752241E-4, 0.0, 1.637156777935521E-4, -8.10133520082004E-4, -9.253088230135214, 0.0, 7.011358084708402, -2.2417301454256693, 0.9501485644432901, 0.0, 5.296072154240802, 6.246220718688713, 6.103000000000011
4.1342685370741503E-4, 0.0907008201855032, 9.869839106169747E-5, 5.66055342630696, -0.001003903012463977, 0.0, 1.87496493739102E-4, -8.164065187252031E-4, -9.223076288460607, 0.0, 7.605756850628767, -1.6173194378307274, 0.9483459775459976, 0.0, 5.706065358982303, 6.654411336532738, 6.10300000000001
4.270541082164331E-4, 0.09353634823086963, 1.0195165843551978E-4, 5.880759887567492, -0.001033860007757285, 0.0, 2.131865316192755E-4, -8.206734761383341E-4, -9.193565567337634, 0.0, 8.185154397501453, -1.008411169835089, 0.9471229081829334, 0.0, 6.09409933384982, 7.041222242037029, 6.1030000000000095
4.406813627254512E-4, 0.0963599500414508, 1.052049258093421E-4, 6.101318200276152, -0.0010637218007786213, 0.0, 2.4073767279736929E-4, -8.229841279815735E-4, -9.164547735112764, 0.0, 8.749970269861668, -0.4145774652500278, 0.9464027987657895, 0.0, 6.461696494224521, 7.408099292994434, 6.103000000000009
4.5430861723446916E-4, 0.09917176482248141, 1.084581931831644E-4, 6.321990293125042, -0.0010934899816165795, 0.0, 2.701031521960691E-4, -8.233868294208284E-4, -9.136014564634875, 0.0, 9.300617057268244, 0.1646024926344068, 0.9461189240716118, 0.0, 6.810227495458761, 7.756346419534343, 6.103000000000009
4.6793587174348724E-4, 0.10197192676381311, 1.1171146055698671E-4, 6.5425504356139035, -0.0011231661137634749, 0.0, 3.0123753577865814E-4, -8.219285779851314E-4, -9.107957932412212, 0.0, 9.83750046040678, 0.7295425279955885, 0.9462129482067955, 0.0, 7.1409325856631725, 8.087145533873805, 6.103000000000009
4.815631262525053E-4, 0.10476056514850088, 1.1496472793080903E-4, 6.762784909035893, -0.0011527517344512078, 0.0, 3.340966982448074E-4, -8.186550362067115E-4, -9.080369817772581, 0.0, 10.3610193569103, 1.2806495391387105, 0.9466337266970386, 0.0, 7.454939342126272, 8.401573068827007, 6.103000000000008
4.951903807615233E-4, 0.10753780446006304, 1.1821799530463133E-4, 6.982491682642375, -0.001182248354984404, 0.0, 3.6863780094004844E-4, -8.136105540446632E-4, -9.053242302026849, 0.0, 10.871565866897448, 1.818323564871577, 0.9473363064829154, 0.0, 7.7532774879571695, 8.700613794443665, 6.103000000000008
5.088176352705413E-4, 0.11030376448842169, 1.2147126267845364E-4, 7.201480094940356, -0.0012116574610708346, 0.0, 4.0481926997799683E-4, -8.068381910931429E-4, -9.02656756763564, 0.0, 11.369525418228339, 2.342957850593644, 0.9482810867181946, 0.0, 8.03689133629249, 8.98517242301414, 6.103000000000006
5.224448897795594E-4, 0.1130585604345309, 1.2472453005227596E-4, 7.419570540076686, -0.0012409805131491343, 0.0, 4.426007745744063E-4, -7.98379738575029E-4, -9.000337897379369, 0.0, 11.855276811477784, 2.854938914099349, 0.9494331110100811, 0.0, 8.306650295195073, 9.256083406208504, 6.103000000000005
5.360721442885774E-4, 0.11580230301369926, 1.2797779742609826E-4, 7.636594159263128, -0.001270218946713819, 0.0, 4.8194320559214544E-4, -7.88275741121972E-4, -8.974545673531434, 0.0, 12.32919228462622, 3.3546466110956934, 0.9507614677116902, 0.0, 8.563357778289705, 9.514119246004633, 6.103000000000006
5.496993987975955E-4, 0.11853509855761508, 1.3123106479992057E-4, 7.852392537196605, -0.001299374172637628, 0.0, 5.228086542961708E-4, -7.765655183417526E-4, -8.949183377034753, 0.0, 12.791637577468117, 3.8424542004342506, 0.9522387795155925, 0.0, 8.807758797750353, 9.75999757726908, 6.103000000000004
5.633266533066135E-4, 0.12125704911507997, 1.344843321737429E-4, 8.066817403429274, -0.0013284475774911824, 0.0, 5.65160391317571E-4, -7.632871861739042E-4, -8.924243586681541, 0.0, 13.242971995737943, 4.318728409057274, 0.9538407672262096, 0.0, 9.040546462721728, 9.994387229950988, 6.103000000000004
5.769539078156316E-4, 0.12396825255145903, 1.377375995475652E-4, 8.279730338642974, -0.0013574405238599885, 0.0, 6.089628458257813E-4, -7.48477678034497E-4, -8.899718978296278, 0.0, 13.683548474953684, 4.783829496658258, 0.9555458754462939, 0.0, 9.26236756410525, 10.2179134395545, 6.103000000000004
5.905811623246496E-4, 0.12666880264685415, 1.409908669213875E-4, 8.491002485783063, -0.001386354350658782, 0.0, 6.541815849080289E-4, -7.321727657510403E-4, -8.875602323922049, 0.0, 14.113713643977933, 5.238111320056711, 0.9573349501765179, 0.0, 9.473827393240985, 10.431162343420365, 6.103000000000004
6.042084168336676E-4, 0.12935878919300775, 1.4424413429520982E-4, 8.700514266006692, -0.0014151903734432381, 0.0, 7.007832931551093E-4, -7.144070802884125E-4, -8.851886491010053, 0.0, 14.533807888296467, 5.681921397287229, 0.9591909601319928, 0.0, 9.675493915397663, 10.634684875532436, 6.103000000000005
6.178356713426857E-4, 0.13203829808894463, 1.4749740166903214E-4, 8.90815509940071, -0.001443949884719041, 0.0, 7.48735752452557E-4, -6.952141322667658E-4, -8.828564441612395, 0.0, 14.944165413014485, 6.115600971402878, 0.9610987550255007, 0.0, 9.86790139764805, 10.82900015267625, 6.103000000000004
6.314629258517037E-4, 0.1347074114353577, 1.5075066904285446E-4, 9.113823130424715, -0.0014726341542483407, 0.0, 7.980078219763022E-4, -6.746263322723185E-4, -8.805629231578152, 0.0, 15.345114305570231, 6.539485073992847, 0.9630448552327616, 0.0, 10.05155357351504, 11.01459842875043, 6.103000000000004
6.450901803607219E-4, 0.1373662076277462, 1.5400393641667678E-4, 9.317424958034795, -0.0015012444293535942, 0.0, 8.485694183918988E-4, -6.526750109619721E-4, -8.783074009752703, 0.0, 15.736976598166368, 6.953902588414423, 0.9650172681987299, 0.0, 10.226926412851697, 11.191943681052981, 6.103000000000003
6.587174348697398E-4, 0.14001476144831276, 1.5725720379049907E-4, 9.51887537044388, -0.0015297819352188104, 0.0, 9.003914962563908E-4, -6.293904389626943E-4, -8.760892017180256, 0.0, 16.12006832991871, 7.3591763127392, 0.9670053277122167, 0.0, 10.394470554087027, 11.36147588180174, 6.103000000000003
6.723446893787578E-4, 0.14265314415662675, 1.6051047116432136E-4, 9.71809708447451, -0.0015582478751882064, 0.0, 9.534460286219097E-4, -6.048018465665682E-4, -8.739076586309722, 0.0, 16.494699608722662, 7.755623022413669, 0.9689995528037317, 0.0, 10.554613446706313, 11.523612999512466, 6.103000000000002
6.859719438877759E-4, 0.14528142357906063, 1.637637385381437E-4, 9.915020489460321, -0.001586643431062279, 0.0, 0.0010077059878400797, -5.789374432224691E-4, -8.71762114020379, 0.0, 16.86117467283708, 8.143553532634002, 0.970991523537515, 0.0, 10.707761244226534, 11.67875276776641, 6.103000000000002
6.99599198396794E-4, 0.1478996641970065, 1.67017005911966E-4, 10.109583395652585, -0.0016149697633913189, 0.0, 0.0010631453265663106, -5.518244368252763E-4, -8.69651919175127, 0.0, 17.219791952185762, 8.523272760435187, 0.9729737713938291, 0.0, 10.85430048165437, 11.8272742530505, 6.103000000000002
7.13226452905812E-4, 0.15050792723388134, 1.7027027328578832E-4, 10.301730787088252, -0.0016432280117663605, 0.0, 0.0011197389589630649, -5.234890528035616E-4, -8.675764342882704, 0.0, 17.570844129376493, 8.895079786494463, 0.9749396822896859, 0.0, 10.994599566218655, 11.969539248510578, 6.1030000000000015
7.268537074148301E-4, 0.15310627074092553, 1.7352354065961064E-4, 10.491414578876254, -0.001671419295107585, 0.0, 0.0011774627421011756, -4.939565530066725E-4, -8.655350283789227, 0.0, 17.914618200437552, 9.259267916648987, 0.9768834105790464, 0.0, 11.129010105850984, 12.10589351643221, 6.103000000000003
7.40480961923848E-4, 0.1556947496818039, 1.7677680803343293E-4, 10.678593378859036, -0.001699544711950192, 0.0, 0.0012362934575582947, -4.632512543921579E-4, -8.635270792144699, 0.0, 18.25139553527187, 9.61612474312781, 0.9787998026177396, 0.0, 11.257868096285188, 12.236667898905036, 6.103000000000003
7.541082164328662E-4, 0.15827341601601583, 1.8003007540725525E-4, 10.863232253606158, -0.0017276053407277421, 0.0, 0.0012962087932135574, -4.3139654751444395E-4, -8.615519732331073, 0.0, 18.581451937828703, 9.965932205498262, 0.9806843286828288, 0.0, 11.381494984628873, 12.362179313313776, 6.1030000000000015
7.677354709418842E-4, 0.16084231878112112, 1.8328334278107757E-4, 11.045302498697568, -0.0017556022400529866, 0.0, 0.0013571873252375363, -3.984149148157072E-4, -8.596091054667049, 0.0, 18.905057705992842, 10.308966651326408, 0.9825330222080769, 0.0, 11.500198624725288, 12.482731646935381, 6.103000000000002
7.813627254509023E-4, 0.16340150417378935, 1.865366101548999E-4, 11.224781413253655, -0.0017835364489961912, 0.0, 0.0014192085002765885, -3.643279487198576E-4, -8.576978794639958, 0.0, 19.22247769119136, 10.645498896552004, 0.9843424254419517, 0.0, 11.61427413748639, 12.598616562930307, 6.103000000000002
7.949899799599202E-4, 0.1659510156296792, 1.8978987752872218E-4, 11.401652078669851, -0.001811408987360968, 0.0, 0.0014822526178306307, -3.2915636953058977E-4, -8.558177072140937, 0.0, 19.533971357717935, 10.975794285577587, 0.986109540757241, 0.0, 11.72400468757078, 12.71011422832994, 6.103000000000002
8.086172344689382E-4, 0.168490893902156, 1.9304314490254447E-4, 11.57590314151365, -0.0018392208559576263, 0.0, 0.0015463008128234897, -2.929200431343878E-4, -8.539680090703326, 0.0, 19.839792841774766, 11.300112751072001, 0.9878317869452425, 0.0, 11.829662186246328, 12.817493973193436, 6.103000000000002
8.222444889779564E-4, 0.17102117713985307, 1.9629641227636682E-4, 11.74752860054189, -0.0018669730368740434, 0.0, 0.0016113350383648343, -2.5563799850945694E-4, -8.521482136744357, 0.0, 20.1401910102319, 11.61870887348811, 0.9895069599158579, 0.0, 11.931507928972998, 12.921014888890687, 6.103000000000002
8.358717434869743E-4, 0.1735419009630854, 1.995496796501891E-4, 11.916527597796485, -0.0018946664937440827, 0.0, 0.0016773380487028395, -2.173284450414918E-4, -8.503577578810068, 0.0, 20.435409519104258, 11.931831940294748, 0.9911331973006012, 0.0, 12.029793175128086, 13.020926372430491, 6.103000000000002
8.494989979959925E-4, 0.17605309853912215, 2.0280294702401143E-4, 12.082904213737082, -0.0019223021720135582, 0.0, 0.0017442933823666113, -1.7800878964719397E-4, -8.485960866823524, 0.0, 20.72568687174617, 12.239726004923202, 0.9927089465197785, 0.0, 12.124759676343574, 13.117468622865129, 6.103000000000002
8.631262525050105E-4, 0.17855480065632492, 2.0605621439783375E-4, 12.246667266369004, -0.001949880999203753, 0.0, 0.001812185345497485, -1.376956537065111E-4, -8.468626531336229, 0.0, 21.011256476763375, 12.542629945427686, 0.9942329359308345, 0.0, 12.216640159107993, 13.210873095040547, 6.103000000000002
8.767535070140286E-4, 0.18104703579715958, 2.0930948177165607E-4, 12.407830114325295, -0.0019774038851725134, 0.0, 0.0018809989953682688, -9.640488980448795E-5, -8.451569182782864, 0.0, 21.29234670564268, 12.84077752286033, 0.9957041487222078, 0.0, 12.305658766582544, 13.301362915306429, 6.1030000000000015
8.903807615230465E-4, 0.18352983021008806, 2.1256274914547836E-4, 12.566410463861693, -0.0020048717223729254, 0.0, 0.0019507201240894997, -5.415159828366802E-5, -8.434783510739235, 0.0, 21.56918095009911, 13.134397439360383, 0.9971217992583662, 0.0, 12.392031463975263, 13.389153263235274, 6.103000000000004
9.040080160320647E-4, 0.1860032079803479, 2.1581601651930068E-4, 12.722430179723709, -0.002032285386109578, 0.0, 0.002021335242501821, -1.0950143607995374E-5, -8.418264283183508, 0.0, 21.84197767914064, 13.423713395957613, 0.9984853116169701, 0.0, 12.47596641129273, 13.474451722911283, 6.103000000000003
9.176352705410827E-4, 0.18846719109962615, 2.19069283893123E-4, 12.87591509984495, -0.002059645734792423, 0.0, 0.002092831564253542, 3.318582946088414E-5, -8.402006345760686, 0.0, 22.110950495850414, 13.708944150090211, 0.9997943000900537, 0.0, 12.557664306835578, 13.557458606927188, 6.103000000000003
9.312625250501007E-4, 0.19092179953463514, 2.223225512669453E-4, 13.026894853836113, -0.0020869536101882644, 0.0, 0.0021651969900624585, 7.824337987395902E-5, -8.38600462105035, 0.0, 22.376308193886647, 13.990303572836764, 1.0010485514478107, 0.0, 12.637318704409793, 13.638367255859132, 6.103000000000003
9.448897795591187E-4, 0.19336705129459714, 2.255758186407676E-4, 13.175402685224512, -0.0021142098376698564, 0.0, 0.0022384200921610337, 1.2421025449094327E-4, -8.370254107837669, 0.0, 22.6382548136999, 14.268000705862681, 1.0022480087866419, 0.0, 12.715116306882614, 13.717364315670743, 6.103000000000003
9.585170340681369E-4, 0.1958029624976446, 2.2882908601458993E-4, 13.321475277403533, -0.0021414152264626353, 0.0, 0.0023124900989240004, 1.7107487246113218E-4, -8.354749880387649, 0.0, 22.89698969846801, 14.542239818080807, 1.0033927568035872, 0.0, 12.791237238413354, 13.794629995218408, 6.103000000000004
9.721442885771548E-4, 0.19822954743614427, 2.3208235338841222E-4, 13.46515258325238, -0.002168570569889105, 0.0, 0.0023873968796774858, 2.1882630978815003E-4, -8.339487087722647, 0.0, 23.15270754974861, 14.813220462026406, 1.0044830083569665, 0.0, 12.86585529742787, 13.870338305786275, 6.103000000000002
9.85771543086173E-4, 0.20064681864095096, 2.3533562076223454E-4, 13.606477658386085, -0.0021956766456108683, 0.0, 0.002463130929688724, 2.674542840776253E-4, -8.32446095290315, 0.0, 23.405598482849086, 15.081137529946368, 1.0055190921883452, 0.0, 12.939138192176445, 13.944657284366201, 6.103000000000005
9.99398797595191E-4, 0.20305478694459866, 2.3858888813605686E-4, 13.745496497996124, -0.0022227342158683294, 0.0, 0.002539683355335422, 3.169491394668633E-4, -8.309666772311818, 0.0, 23.655848081914193, 15.346181309602807, 1.0065014416948657, 0.0, 13.011247760514683, 14.017749202210945, 6.103000000000003
0.001013026052104209, 0.20545346154343705, 2.4184215550987918E-4, 13.882257877242271, -0.0022497440277180697, 0.0, 0.0026170458594539387, 3.67301831735642E-4, -8.295099914940765, 0.0, 23.903637454731076, 15.608537539790708, 1.0074305846526699, 0.0, 13.082340175369733, 14.089770760023738, 6.103000000000003
0.0010266533066132268, 0.2078428500587183, 2.4509542288370144E-4, 14.016813195156283, -0.0022767068132679086, 0.0, 0.002695210726865226, 4.1850391359709134E-4, -8.280755821682112, 0.0, 24.149143287251988, 15.86838746557027, 1.0083071338028344, 0.0, 13.152566137200058, 14.160873271004212, 6.103000000000003
0.0010402805611222448, 0.21022295859664425, 2.4834869025752373E-4, 14.149216322018384, -0.002303623289909668, 0.0, 0.002774170810077733, 4.705475201678425E-4, -8.266630004621792, 0.0, 24.39253789783459, 16.125907893213164, 1.0091317782204654, 0.0, 13.222071054618816, 14.231202832840545, 6.103000000000004
0.001053907815631263, 0.21259379180737817, 2.516019576313461E-4, 14.279523450167689, -0.0023304941605496376, 0.0, 0.002853919515166319, 5.234253546164572E-4, -8.252718046336632, 0.0, 24.633989291199537, 16.3812712448633, 1.0099052753957833, 0.0, 13.290995214229921, 14.300900489626994, 6.103000000000004
0.001067535070140281, 0.2149553529430302, 2.5485522500516837E-4, 14.407792948207577, -0.0023573201138367625, 0.0, 0.0029344507878261896, 5.77130673989204E-4, -8.239015599194664, 0.0, 24.873661212105926, 16.634645612911623, 1.0106284439633937, 0.0, 13.35947394062001, 14.370102384584635, 6.103000000000004
0.001081162324649299, 0.21730764391462318, 2.581084923789907E-4, 14.534085218567723, -0.0023841018243885583, 0.0, 0.0030157590996010616, 6.316572752122821E-4, -8.225518384658718, 0.0, 25.1117131987441, 16.886194814085762, 1.0113021570222156, 0.0, 13.427637747352499, 14.438939904375953, 6.103000000000005
0.001094789579158317, 0.21965066534804556, 2.61361759752813E-4, 14.65846255838433, -0.002410839953014768, 0.0, 0.0030978394342845235, 6.869994812695351E-4, -8.212222192593261, 0.0, 25.34830063584608, 17.136078443253176, 1.0119273359944605, 0.0, 13.495612479727322, 14.507539815722984, 6.103000000000004
0.0011084168336673353, 0.22198441663899882, 2.6461502712663536E-4, 14.780989023660222, -0.0024375351469387665, 0.0, 0.0031806872744937335, 7.431521275547478E-4, -8.199122880574496, 0.0, 25.583574807513536, 17.384451926939374, 1.0125049449769539, 0.0, 13.563519449993839, 14.576024394971954, 6.103000000000004
0.0011220440881763534, 0.22430889600694637, 2.6786829450045765E-4, 14.901730296666985, -0.0024641880400167264, 0.0, 0.003264298588414525, 8.001105483975831E-4, -8.186216373203738, 0.0, 25.817682949763224, 17.63146657655984, 1.0130359855427193, 0.0, 13.631475565637936, 14.644511551181818, 6.103000000000005
0.0011356713426853712, 0.22662410054807178, 2.7112156187427994E-4, 15.02075355655127, -0.002490799252954559, 0.0, 0.0033486698167169934, 8.578705637622184E-4, -8.173498661423999, 0.0, 26.050768302790175, 17.877269641366517, 1.0135214919548445, 0.0, 13.699593451304981, 14.713114943260964, 6.103000000000005
0.0011492985971943892, 0.228930026287252, 2.7437482924810223E-4, 15.138127353107308, -0.0025173693935226322, 0.0, 0.003433797859640648, 9.16428466117799E-4, -8.16096580183991, 0.0, 26.282970162948182, 18.12200436110858, 1.0139625267580172, 0.0, 13.767981564866353, 14.781944091625467, 6.103000000000005
0.0011629258517034074, 0.23122666822905474, 2.776280966219246E-4, 15.25392148367895, -0.0025438990567682824, 0.0, 0.0035196800642482134, 9.757810074797179E-4, -8.148613916040809, 0.0, 26.51442393444802, 18.36581001840753, 1.0143601767167323, 0.0, 13.836744308090417, 14.851104484808234, 6.103000000000007
0.0011765531062124255, 0.23351402040776462, 2.8088136399574687E-4, 15.368206873152687, -0.002570388825226133, 0.0, 0.0036063142118471525, 0.001035925386620805, -8.136439189927174, 0.0, 26.745261180773205, 18.60882199084633, 1.0147155490716504, 0.0, 13.905982132335666, 14.920697681408374, 6.103000000000006
0.0011901803607214435, 0.23579207593644796, 2.841346313695692E-4, 15.481055457006024, -0.0025968392691262244, 0.0, 0.0036936985055780187, 0.0010968592364515826, -8.12443787304025, 0.0, 26.975609675813104, 18.85117180277314, 1.0150297680885019, 0.0, 13.975791639645294, 14.990821407734826, 6.103000000000006
0.0012038076152304615, 0.23806082705506143, 2.873878987433915E-4, 15.59254006737298, -0.0026232509465999657, 0.0, 0.003781831558168674, 0.001158580611568497, -8.112606277894974, 0.0, 27.205593454713956, 19.092987176819264, 1.0153039718760657, 0.0, 14.046265679589132, 15.061569651466213, 6.103000000000005
0.0012174348697394795, 0.2403202651776119, 2.906411661172138E-4, 15.702734322090844, -0.002649624403883926, 0.0, 0.0038707123798534925, 0.0012210879759693575, -8.100940779316135, 0.0, 27.43533286444699, 19.33439208513112, 1.015539309451979, 0.0, 14.117493442166195, 15.133032751619158, 6.103000000000006
0.0012310621242484973, 0.2425703809383756, 2.938944334910361E-4, 15.811712516691186, -0.002675960175521471, 0.0, 0.003960340366456624, 0.0012843801909349414, -8.089437813777808, 0.0, 27.664944614094534, 19.575506800317005, 1.0157369380369068, 0.0, 14.189560547055315, 15.205297485093228, 6.103000000000006
0.0012446893787575154, 0.24481116423718297, 2.971477008648584E-4, 15.919549519298844, -0.002702258784562253, 0.0, 0.004050715287638358, 0.0013484565030758987, -8.078093878746033, 0.0, 27.894541824853434, 19.816447946107672, 1.0158980205593902, 0.0, 14.262549129474621, 15.27844715003498, 6.103000000000007
0.0012583166332665338, 0.24704260428377642, 3.004009682386808E-4, 16.02632066840278, -0.0027285207427595686, 0.0, 0.004141837275303771, 0.001413316532543995, -8.066905532024759, 0.0, 28.124234079755947, 20.05732854773142, 1.0160237233551623, 0.0, 14.33653792288833, 15.35256164624441, 6.103000000000006
0.0012719438877755518, 0.24926468964124765, 3.036542356125031E-4, 16.132101673462675, -0.0027547465507655948, 0.0, 0.004233706812172566, 0.001478960261406767, -8.055869391105066, 0.0, 28.354127473108438, 20.298258082003635, 1.0161152140461716, 0.0, 14.41160233878016, 15.427717552827264, 6.103000000000007
0.0012855711422845697, 0.25147740826856363, 3.0690750298632537E-4, 16.2369685183156, -0.002780936698324514, 0.0, 0.004326324720509412, 0.0015453880221846911, -8.0449821325176, 0.0, 28.584324659647365, 20.53934252713, 1.016173659585736, 0.0, 14.487814543691755, 15.503988203278402, 6.103000000000008
0.0012991983967935877, 0.2536807475621857, 3.1016077036014766E-4, 16.340997367346702, -0.0028070916644635374, 0.0, 0.0044196921510136315, 0.001612600486549889, -8.034240491188307, 0.0, 28.814924903413118, 20.780684412225007, 1.0162002244574608, 0.0, 14.565243533710424, 15.58144375816874, 6.103000000000007
0.0013128256513026057, 0.25587469439679034, 3.1341403773396995E-4, 16.44426447438914, -0.002833211917681835, 0.0, 0.00451381057186751, 0.001680598654185467, -8.023641259797405, 0.0, 29.04602412634095, 21.022382866543815, 1.0161960690165108, 0.0, 14.643955206572612, 15.660151275590056, 6.103000000000006
0.001326452905811624, 0.2580592351650992, 3.166673051077923E-4, 16.546846094317065, -0.0028592979161373875, 0.0, 0.004608681757942167, 0.0017493838418045748, -8.013181288141634, 0.0, 29.277714956570087, 21.26453366842869, 1.0161623479628048, 0.0, 14.724012431538686, 15.74017477950237, 6.103000000000007
0.001340080160320642, 0.26023435581682464, 3.1992057248161464E-4, 16.64881839729755, -0.002885350107831769, 0.0, 0.0047043077801601565, 0.0018189576723281913, -8.002857482499733, 0.0, 29.510086776469766, 21.50722929397023, 1.0161002089365874, 0.0, 14.805475117178906, 15.821575326116308, 6.103000000000008
0.00135370741482966, 0.26240004189673755, 3.2317383985543694E-4, 16.750257385665687, -0.0029113689307928717, 0.0, 0.004800690995013884, 0.0018893220642208076, -7.992666805001204, 0.0, 29.743225770383102, 21.750558965382105, 1.0160107912274796, 0.0, 14.888400277201658, 15.90441106842997, 6.103000000000006
0.001367334669338678, 0.26455627858186687, 3.2642710722925923E-4, 16.851238813388527, -0.0029373548132555793, 0.0, 0.004897834034238797, 0.0019604792209830125, -7.982606272998324, 0.0, 29.97721497208861, 21.99460869909049, 1.015895224588975, 0.0, 14.97284209444366, 15.98873731903347, 6.103000000000008
0.0013809619238476958, 0.26670305071783396, 3.296803746030815E-4, 16.951838108083365, -0.0029633081738404047, 0.0, 0.004995739794640613, 0.0020324316208000055, -7.9726729584414135, 0.0, 30.212134311979167, 22.239461353537962, 1.0157546281508356, 0.0, 15.058851983131927, 16.07460661128359, 6.103000000000008
0.001394589178356714, 0.26884034285433395, 3.3293364197690387E-4, 17.052130295555582, -0.0029892294217301026, 0.0, 0.005094411428075514, 0.002105182006345217, -7.962863987257363, 0.0, 30.4480606639585, 22.48519667670132, 1.0155901094225694, 0.0, 15.146478649519352, 16.16206875894269, 6.103000000000009
0.001408216432865732, 0.27096813927976604, 3.3618690935072616E-4, 17.152189926822597, -0.003015118956844257, 0.0, 0.005193852331582507, 0.0021787333747380535, -7.953176538731422, 0.0, 30.685067892055056, 22.731891353323835, 1.0154027633815617, 0.0, 15.23576815098741, 16.251170914369755, 6.103000000000009
0.0014218436873747501, 0.27308642405502404, 3.3944017672454845E-4, 17.25209100758884, -0.003040977170011875, 0.0, 0.0052940661376668805, 0.0022530889676548056, -7.943607844892254, 0.0, 30.92322689675391, 22.97961905186185, 1.0151936716400407, 0.0, 15.326763953703567, 16.34195762534439, 6.103000000000009
0.0014354709418837681, 0.27519518104645263, 3.426934440983708E-4, 17.35190693013911, -0.0030668044431419804, 0.0, 0.005395056704734032, 0.0023282522615918557, -7.9341551899002285, 0.0, 31.16260566104572, 23.228450471145692, 1.0149639016854524, 0.0, 15.419506988911884, 16.434470890598114, 6.103000000000008
0.0014490981963927862, 0.27729439395797556, 3.459467114721931E-4, 17.451710407615526, -0.003092601149392213, 0.0, 0.005496828107672592, 0.0024042269582801815, -7.924815909438979, 0.0, 31.403269296193457, 23.478453386754673, 1.0147145061891907, 0.0, 15.514035707931928, 16.52875021412188, 6.103000000000008
0.0014627254509018044, 0.27938404636240427, 3.4919997884601543E-4, 17.551573410645442, -0.003118367653335473, 0.0, 0.005599384628585971, 0.002481016975250303, -7.915587390110247, 0.0, 31.645280087216825, 23.729692697106707, 1.0144465223790775, 0.0, 15.610386135934265, 16.62483265831403, 6.103000000000007
0.0014763527054108224, 0.2814641217319342, 3.524532462198377E-4, 17.651567106287107, -0.0031441043111245814, 0.0, 0.005702730747671454, 0.00255862643654668, -7.906467068831945, 0.0, 31.888697538093698, 23.98223046926192, 1.01416097147128, 0.0, 15.708591924555225, 16.72275289602722, 6.103000000000009
0.0014899799599198402, 0.2835346034678346, 3.5570651359366E-4, 17.751761799258595, -0.003169811470655007, 0.0, 0.005806871134245871, 0.0026370596635906713, -7.897452432239489, 0.0, 32.13357841667996, 24.236125984440672, 1.0138588581577082, 0.0, 15.808684403411117, 16.822543261569578, 6.103000000000007
0.0015036072144288583, 0.2855954749293405, 3.589597809674823E-4, 17.85222687541904, -0.003195489471725631, 0.0, 0.005911810637916933, 0.002716321166191108, -7.888541016090414, 0.0, 32.37997679934604, 24.491435783255767, 1.013541170145112, 0.0, 15.910692630564816, 16.92423380071061, 6.103000000000009
0.0015172344689378763, 0.287646719461752, 3.622130483413046E-4, 17.953030747468393, -0.0032211386461975995, 0.0, 0.006017554279899359, 0.0027964156337015665, -7.8797304046722125, 0.0, 32.62794411533149, 24.74821371065945, 1.013208877742589, 0.0, 16.01464344199638, 17.027852319739676, 6.103000000000008
0.0015308617234468947, 0.28968832042375137, 3.65466315715127E-4, 18.05424080283236, -0.0032467593181512407, 0.0, 0.006124107244474794, 0.00287734792632336, -7.871018230213458, 0.0, 32.87752919081701, 25.006510960603695, 1.0128629334941643, 0.0, 16.120561500124545, 17.133424433619382, 6.103000000000008
0.0015444889779559125, 0.2917202612139405, 3.687195830889493E-4, 18.15592335370219, -0.003272351804041076, 0.0, 0.006231474870594662, 0.002959123066553397, -7.862402172298175, 0.0, 33.12877829271388, 25.266376120415813, 1.0125042718536097, 0.0, 16.228469341422322, 17.24097361327655, 6.103000000000009
0.0015581162324649306, 0.29374252529661027, 3.719728504627716E-4, 18.258143589195225, -0.0032979164128489344, 0.0, 0.0063396626436250676, 0.00304174623077594, -7.8538799572834606, 0.0, 33.38173517217135, 25.527855214888053, 1.012133808898654, 0.0, 16.338387423167912, 17.35052123206726, 6.103000000000009
0.0015717434869739486, 0.295755096226746, 3.752261178365939E-4, 18.360965529604947, -0.0033234534462351756, 0.0, 0.006448676187232677, 0.0031252227409973117, -7.845449357720385, 0.0, 33.63644110780101, 25.79099175008076, 1.0117524420820907, 0.0, 16.45033416936825, 17.462086611450978, 6.1030000000000095
0.0015853707414829664, 0.2977579576742772, 3.7847938521041617E-4, 18.46445198270901, -0.003348963198688026, 0.0, 0.006558521255410892, 0.003209558056722673, -7.837108191778138, 0.0, 33.89293494861904, 26.055826756841004, 1.011361050017329, 0.0, 16.564326015890323, 17.57568706590826, 6.103000000000007
0.0015989979959919846, 0.2997510934475797, 3.817326525842385E-4, 18.568664502103005, -0.0033744459576710703, 0.0, 0.006669203724645113, 0.0032947577669738557, -7.828854322671428, 0.0, 34.151253156706076, 26.322398834034786, 1.0109604922962736, 0.0, 16.680377454834087, 17.691337947130993, 6.103000000000009
0.0016126252505010027, 0.3017344875162343, 3.849859199580608E-4, 18.673663347528628, -0.0033999020037688505, 0.0, 0.00678072958621648, 0.0033808275824474395, -7.820685658091144, 0.0, 34.41142984958442, 26.590744191493414, 1.0105516093372986, 0.0, 16.798501078175974, 17.8090526875139, 6.103000000000008
0.001626252505010021, 0.3037081240330531, 3.8823918733188315E-4, 18.779507447165486, -0.003425331610830652, 0.0, 0.006893104938642902, 0.0034677733278120552, -7.812600149638294, 0.0, 34.67349684231301, 26.86089669267482, 1.0101352222615392, 0.0, 16.918707620712908, 17.928842842975058, 6.103000000000009
0.0016398797595190387, 0.30567198735537754, 3.9149245470570545E-4, 18.886254361854473, -0.003450735046112428, 0.0, 0.0070063359802566266, 0.003555600934144005, -7.8045957922611695, 0.0, 34.937483689299576, 27.132887897038522, 1.0097121327956, 0.0, 17.041006002332505, 18.05071813512871, 6.103000000000009
0.001653507014028057, 0.3076260620656567, 3.947457220795278E-4, 18.993960251222884, -0.00347611257041692, 0.0, 0.007120429001917391, 0.0036443164315002803, -7.796670623695791, 0.0, 35.2034177258309, 27.40674710213524, 1.0092831231990305, 0.0, 17.16540336963513, 18.174686492834766, 6.10300000000001
0.001667134268537075, 0.309570332991312, 3.979989894533501E-4, 19.10267984167981, -0.0035014644382319383, 0.0, 0.007235390379860171, 0.0037339259416280393, -7.788822723909614, 0.0, 35.4713241093201, 27.68250138541066, 1.0088489562149627, 0.0, 17.291905136930374, 18.300754093146, 6.1030000000000095
0.001680761523046093, 0.3115047852238972, 4.012522568271724E-4, 19.212466396251127, -0.003526790897866865, 0.0, 0.007351226568676703, 0.003824435670809647, -7.781050214548465, 0.0, 35.74122586027183, 27.96017564572346, 1.008410375042502, 0.0, 17.420515026630273, 18.428925401673347, 6.1030000000000095
0.0016943887775551108, 0.313429404137559, 4.0450552420099467E-4, 19.32337168622437, -0.003552092191587339, 0.0, 0.007467944094429798, 0.003915851902842272, -7.773351258386785, 0.0, 36.01314390296464, 28.23979264457798, 1.0079681033293746, 0.0, 17.551235109058897, 18.559203212388855, 6.103000000000009
0.001708016032064129, 0.31534417540680576, 4.07758791574817E-4, 19.435445964572992, -0.003577368555748179, 0.0, 0.007585549547899549, 0.004008180992151183, -7.765724058781077, 0.0, 36.287097105851494, 28.52137304707047, 1.0075228451836902, 0.0, 17.68406584169854, 18.691588686882742, 6.1030000000000095
0.0017216432865731473, 0.31724908502359306, 4.1101205894863936E-4, 19.548737941129453, -0.0036026202209245104, 0.0, 0.00770404957796052, 0.0041014293570358195, -7.758166859126652, 0.0, 36.56310232167707, 28.80493546255054, 1.007075285203469, 0.0, 17.81900610788879, 18.82608139309284, 6.103000000000008
0.0017352705410821653, 0.3191441193137305, 4.1426532632246165E-4, 19.663294759478614, -0.0036278474120411547, 0.0, 0.007823450885088956, 0.004195603473047613, -7.750677942317617, 0.0, 36.84117442731341, 29.090496484995906, 1.0066260885228966, 0.0, 17.956053254996842, 18.9626793435203, 6.1030000000000095
0.0017488977955911831, 0.3210292649526193, 4.1751859369628394E-4, 19.77916197553973, -0.003653050348500248, 0.0, 0.007943760214999186, 0.004290709866498758, -7.74325563021012, 0.0, 37.121326363312484, 29.378070733102433, 1.0061759008741948, 0.0, 18.095203132073287, 19.10137903294799, 6.103000000000009
0.0017625250501002011, 0.322904508980327, 4.2077186107010624E-4, 19.8963835378106, -0.003678229244307132, 0.0, 0.008064984352408239, 0.004386755108100917, -7.7358982830888605, 0.0, 37.40356917317639, 29.667670890087592, 1.005725348664142, 0.0, 18.23645012700875, 19.242175475673402, 6.10300000000001
0.0017761523046092192, 0.32476983881600546, 4.2402512844392853E-4, 20.015001769240687, -0.003703384308194502, 0.0, 0.008187130114927629, 0.004483745806732944, -7.7286042991368555, 0.0, 37.687912042345616, 29.959307743208875, 1.0052750390642606, 0.0, 18.379787203205886, 19.3850622422707, 6.103000000000009
0.0017897795591182374, 0.32662524227166084, 4.272783958177509E-4, 20.135057350707758, -0.003728515743744852, 0.0, 0.008310204347081726, 0.0045816886033366935, -7.721372113908464, 0.0, 37.974362336904356, 30.252990222995994, 1.0048255601138694, 0.0, 18.525205935778203, 19.53003149589259, 6.10300000000001
0.0018034068136272554, 0.3284707075652819, 4.305316631915732E-4, 20.25658930606741, -0.0037536237495111907, 0.0, 0.008434213914451422, 0.0046805901649400565, -7.714200199805663, 0.0, 38.2629256420033, 30.548725442197703, 1.0043774808350856, 0.0, 18.672696547288712, 19.677074028124263, 6.1030000000000095
0.0018170340681362735, 0.33030622333333376, 4.337849305653955E-4, 20.37963498874604, -0.003778708519136075, 0.0, 0.008559165697942416, 0.004780457178806152, -7.707087065557602, 0.0, 38.553605800000504, 30.84651873444299, 1.0039313513590573, 0.0, 18.82224794304039, 19.826179294399967, 6.103000000000009
0.0018306613226452915, 0.3321317786426236, 4.370381979392178E-4, 20.504230069850667, -0.0038037702414689487, 0.0, 0.008685066588177087, 0.004881296346707953, -7.700031255703387, 0.0, 38.846404948319254, 31.146373692615953, 1.0034877030627005, 0.0, 18.97384774592803, 19.977335448991237, 6.1030000000000095
0.0018442885771543093, 0.3339473630015478, 4.402914653130401E-4, 20.630408527764935, -0.003828809100681803, 0.0, 0.00881192348000909, 0.004983114379327105, -7.693031350078151, 0.0, 39.14132355702385, 31.4482922069458, 1.003047048715207, 0.0, 19.127482330862552, 20.130529379578274, 6.103000000000009
0.0018579158316633275, 0.3357529663707251, 4.4354473268686244E-4, 20.7582026392059, -0.003853825276383177, 0.0, 0.008939743267159754, 0.005085917990776396, -7.686085963302363, 0.0, 39.438360466112826, 31.75227450281059, 1.0026098826337309, 0.0, 19.2831368587769, 20.285746741411163, 6.1030000000000095
0.0018715430861723456, 0.337548579173023, 4.4679800006068473E-4, 20.887642971710086, -0.0038788189437304926, 0.0, 0.009068532836975278, 0.005189713893244603, -7.679193744274408, 0.0, 39.73751292252949, 32.058319178255175, 1.002176680847606, 0.0, 19.440795310222416, 20.44297199107053, 6.103000000000009
0.0018851703406813636, 0.3393341923029867, 4.50051267434507E-4, 21.018758377524648, -0.0039037902735407502, 0.0, 0.009198299065303941, 0.005294508791763016, -7.672353375666412, 0.0, 40.038776616890345, 32.366423241224, 1.0017479012705373, 0.0, 19.600440518564604, 20.602188419835596, 6.103000000000009
0.0018987975951903816, 0.3411097971356762, 4.5330453480832937E-4, 21.151575988873027, -0.00392873943239959, 0.0, 0.009329048811492343, 0.005400309379092575, -7.665563573423348, 0.0, 40.34214571993104, 32.67658214650782, 1.001323983880215, 0.0, 19.76205420278586, 20.763378186666593, 6.103000000000009
0.0019124248496993996, 0.3428753855349183, 4.5655780218215166E-4, 21.286121214569597, -0.003953666582768727, 0.0, 0.009460788913499645, 0.0055071223307307455, -7.6588230862653655, 0.0, 40.64761291866985, 32.98878983240459, 1.0009053509048804, 0.0, 19.925616999903138, 20.92652235080851, 6.1030000000000095
0.0019260521042084179, 0.3446309498609817, 4.59811069555974E-4, 21.42241773795414, -0.0039785718830917674, 0.0, 0.009593526183129196, 0.005614954300037237, -7.652130695193425, 0.0, 40.955169452288196, 33.30303875709482, 1.0004924070162646, 0.0, 20.091108497006324, 21.09160090402305, 6.103000000000009
0.0019396793587174359, 0.34637648297768114, 4.630643369297963E-4, 21.560487516122183, -0.00400345548789843, 0.0, 0.009727267401376178, 0.005723811913477567, -7.645485212998141, 0.0, 41.26480514772946, 33.619319934731394, 1.0000855395285881, 0.0, 20.25850726292626, 21.258592802455315, 6.1030000000000095
0.0019533066132264537, 0.34811197825892026, 4.663176043036186E-4, 21.700350780419836, -0.004028317547907175, 0.0, 0.009862019313890906, 0.005833701765983542, -7.638885483771924, 0.0, 41.576508455015016, 33.937622971243115, 0.9996851186030713, 0.0, 20.427790879536644, 21.427475998140142, 6.103000000000009
0.0019669338677354717, 0.3498374295946761, 4.695708716774409E-4, 21.842026038180634, -0.004053158210126247, 0.0, 0.00999778862655621, 0.005944630416429784, -7.6323303824243585, 0.0, 41.890266482277774, 34.257936099853445, 0.9992914974576099, 0.0, 20.59893597269727, 21.598227470155294, 6.103000000000009
0.0019805611222444897, 0.3515528313964363, 4.728241390512632E-4, 21.985530075674973, -0.004077977617953141, 0.0, 0.010134582001178706, 0.006056604383225389, -7.625818814200843, 0.0, 42.206065030513315, 34.58024621631256, 0.9989050125812099, 0.0, 20.771918242842812, 21.77082325542448, 6.103000000000009
0.001994188376753508, 0.3532581786020945, 4.760774064250856E-4, 22.13087796224759, -0.004102775911272524, 0.0, 0.010272406051292315, 0.006169630140019604, -7.619349714204497, 0.0, 42.523888628048766, 34.904538913844355, 0.9985259839528493, 0.0, 20.946712495224332, 21.94523847917766, 6.103000000000009
0.0020078156312625262, 0.35495346668031014, 4.7933067379890787E-4, 22.278083055615305, -0.004127553226552589, 0.0, 0.010411267338073673, 0.00628371411152091, -7.6129220469213115, 0.0, 42.843720564728834, 35.23079851780755, 0.9981547152643859, 0.0, 21.12329266980659, 22.121447385071374, 6.103000000000009
0.002021442885771544, 0.35663869163434264, 4.8258394117273016E-4, 22.427157008299886, -0.004152309696939881, 0.0, 0.010551172366368345, 0.006398862669428282, -7.606534805748578, 0.0, 43.16554292581932, 35.55900812007085, 0.9977914941472031, 0.0, 21.30163187082674, 22.299423364974423, 6.10300000000001
0.002035070140280562, 0.3583138500053634, 4.8583720854655245E-4, 22.57810977517172, -0.004177045452352593, 0.0, 0.010692127580826577, 0.006515082128473817, -7.600187012526565, 0.0, 43.48933662562932, 35.8891496131028, 0.9974365924023116, 0.0, 21.481702396020772, 22.479138988423472, 6.103000000000008
0.0020486973947895803, 0.3599789388752563, 4.890904759203748E-4, 22.73094962207384, -0.004201760619572333, 0.0, 0.010834139362148318, 0.006632378742575805, -7.59387771707343, 0.0, 43.81508144084944, 36.221203723776014, 0.9970902662335893, 0.0, 21.663475765518033, 22.660566031751987, 6.103000000000008
0.0020623246492985983, 0.36163395586891045, 4.923437432941971E-4, 22.885683135507264, -0.004226455322334404, 0.0, 0.01097721402343602, 0.006750758701101441, -7.587605996723445, 0.0, 44.14275604360823, 36.55515004688483, 0.9967527564838841, 0.0, 21.84692275041119, 22.84367550689548, 6.103000000000009
0.0020759519038076163, 0.36327889915601547, 4.955970106680195E-4, 23.042315233347104, -0.004251129681416558, 0.0, 0.011121357806654675, 0.0068702281252379345, -7.581370955868431, 0.0, 44.47233803424644, 36.890967078378054, 0.9964242888737096, 0.0, 22.032013401004402, 23.028437689878533, 6.103000000000008
0.0020895791583166344, 0.3649137674523651, 4.988502780418417E-4, 23.20084917656795, -0.004275783814726299, 0.0, 0.011266576879197784, 0.006990793064471303, -7.5751717255024635, 0.0, 44.80380397380872, 37.228632248306276, 0.9961050742423703, 0.0, 22.218717074743623, 23.21482214898638, 6.103000000000008
0.0021032064128256524, 0.36653856002067475, 5.021035454156641E-4, 23.361286581950193, -0.004300417837386674, 0.0, 0.011412877330558853, 0.007112459493171988, -7.569007462769853, 0.0, 45.13712941625227, 37.568121953482375, 0.9957953087911259, 0.0, 22.407002463831024, 23.402797772622492, 6.103000000000009
0.002116833667334671, 0.3681532766709231, 5.053568127894864E-4, 23.523627435746082, -0.004325031861820625, 0.0, 0.011560265169107025, 0.007235233307286218, -7.56287735051637, 0.0, 45.47228894037359, 37.90941158985721, 0.9954951743283241, 0.0, 22.596837622528955, 23.592332796857626, 6.1030000000000095
0.0021304609218436884, 0.3697579177602225, 5.086100801633087E-4, 23.687870108277714, -0.004349625997833879, 0.0, 0.011708746318966158, 0.0073591203211321055, -7.556780596843724, 0.0, 45.80925618145294, 38.25247558460926, 0.9952048385162386, 0.0, 22.78818999415555, 23.78339483267218, 6.103000000000009
0.0021440881763527065, 0.37135248419222616, 5.11863347537131E-4, 23.854011369446365, -0.004374200352696384, 0.0, 0.011858326616996456, 0.007484126264299885, -7.5507164346673115, 0.0, 46.148003862615994, 38.59728742794877, 0.9949244551193429, 0.0, 22.98102643777461, 23.975950892894403, 6.103000000000008
0.0021577154308617245, 0.37293697741608056, 5.151166149109532E-4, 24.022046405123643, -0.0043987550312223275, 0.0, 0.012009011809877543, 0.00761025677865504, -7.544684121277215, 0.0, 46.48850382591299, 38.943819704635835, 0.9946541642539688, 0.0, 23.175313254582843, 24.169967418837206, 6.103000000000008
0.0021713426853707425, 0.3745113994249267, 5.183698822847756E-4, 24.19196883440686, -0.004423290135848716, 0.0, 0.012160807551292332, 0.007737517415443436, -7.5386829379024745, 0.0, 46.8307270631155, 39.292044125213096, 0.9943940926390172, 0.0, 23.371016213997198, 24.36541030663663, 6.103000000000008
0.0021849699398797605, 0.37607575275396143, 5.216231496585979E-4, 24.363770727709365, -0.004447805766712559, 0.0, 0.0123137193992105, 0.007865913632497758, -7.532712189278591, 0.0, 47.17464374623119, 39.641931556952635, 0.9941443538476965, 0.0, 23.568100579445314, 24.562244933293403, 6.1030000000000095
0.0021985971943887786, 0.37763004047806337, 5.248764170324202E-4, 24.53744262566405, -0.004472302021726637, 0.0, 0.012467752813270828, 0.007995450791544005, -7.526771203218319, 0.0, 47.5202232577356, 39.99345205451734, 0.9939050485600012, 0.0, 23.766531133860415, 24.76043618242083, 6.103000000000008
0.0022122244488977966, 0.3791742662089911, 5.281296844062425E-4, 24.712973558818884, -0.004496778996653886, 0.0, 0.012622913152261559, 0.008126134155607506, -7.520859330185693, 0.0, 47.86743422052123, 40.346574890335546, 0.9936762648158539, 0.0, 23.96627220488287, 24.95994846969905, 6.103000000000008
0.002225851703406815, 0.380708434092162, 5.313829517800649E-4, 24.89035106809681, -0.004521236785180405, 0.0, 0.012779205671697401, 0.008257968886516817, -7.514975942873329, 0.0, 48.21624452756529, 40.701268584692016, 0.9934580782687482, 0.0, 24.167287689773072, 25.160745768042226, 6.103000000000008
0.0022394789579158326, 0.3822325488030159, 5.346362191538871E-4, 25.069561226001294, -0.004545675478987071, 0.0, 0.012936635521492957, 0.008390960042505715, -7.509120435782967, 0.0, 48.56662137131373, 41.057500935530804, 0.9932505524397092, 0.0, 24.369541080033773, 25.36279163247384, 6.103000000000007
0.0022531062124248507, 0.3837466155429752, 5.378894865277094E-4, 25.250588658540668, -0.004570095167819838, 0.0, 0.013095207743731001, 0.008525112575910989, -7.503292224809297, 0.0, 48.9185312727837, 41.41523904797441, 0.9930537389715154, 0.0, 24.572995485747274, 25.566049224719112, 6.103000000000008
0.0022667334669338687, 0.3852506400350037, 5.411427539015317E-4, 25.43341656785122, -0.004594495939558637, 0.0, 0.01325492727052524, 0.008660431330966434, -7.497490746827027, 0.0, 49.27194011038308, 41.77444936355607, 0.9928676778829669, 0.0, 24.777613659627068, 25.77048133751037, 6.103000000000007
0.002280360721442887, 0.3867446285187748, 5.443960212753541E-4, 25.618026755496974, -0.004618877880284981, 0.0, 0.013415798921976117, 0.008796921041690971, -7.491715459281183, 0.0, 49.626813148447944, 42.135097689166805, 0.9926923978232004, 0.0, 24.983358020787414, 25.976050418610964, 6.103000000000007
0.0022939879759519047, 0.38822858774545443, 5.476492886491764E-4, 25.804399646419437, -0.004643241074348207, 0.0, 0.013577827404219126, 0.008934586329870745, -7.485965839780754, 0.0, 49.983115065496825, 42.497149225716036, 0.9925279163257427, 0.0, 25.190190678230675, 26.182718594556697, 6.1030000000000095
0.002307615230460923, 0.3897025249721074, 5.509025560229987E-4, 25.99251431352074, -0.004667585604430436, 0.0, 0.013741017307564572, 0.009073431703133976, -7.480241385695473, 0.0, 50.340809982203716, 42.86056859650825, 0.9923742400624446, 0.0, 25.398073454056412, 26.39044769411915, 6.103000000000008
0.002321242484969941, 0.39116644795573186, 5.541558233968211E-4, 26.182348502855035, -0.004691911551610193, 0.0, 0.013905373104727923, 0.009213461553117563, -7.474541613755966, 0.0, 50.6998614890877, 43.22531987533184, 0.9922313650969493, 0.0, 25.606967906391315, 26.599199271488672, 6.103000000000008
0.002334869739478959, 0.39262036494693137, 5.574090907706433E-4, 26.37387865940572, -0.0047162189954247525, 0.0, 0.014070899149149689, 0.009354680153724771, -7.468866059657098, 0.0, 51.060232673920076, 43.59136661426304, 0.9920992771377616, 0.0, 25.816835352042833, 26.808934629180946, 6.103000000000008
0.0023484969939879773, 0.3940642846832309, 5.606623581444657E-4, 26.567079953429506, -0.0047405080139312035, 0.0, 0.014237599673404018, 0.009497091659472634, -7.463214277664591, 0.0, 51.42188614885001, 43.95867187118554, 0.9919779517907673, 0.0, 26.027636888878433, 27.01961484066964, 6.103000000000008
0.002362124248496995, 0.39549821638204324, 5.639156255182879E-4, 26.761926307343273, -0.004764778683766209, 0.0, 0.014405478787695151, 0.009640700103928772, -7.457585840224907, 0.0, 51.78478407724628, 44.32719823702145, 0.9918673548110696, 0.0, 26.239333417929554, 27.23120077274101, 6.103000000000009
0.0023757515030060133, 0.39692216973329414, 5.671688928921102E-4, 26.95839042313366, -0.004789031080204545, 0.0, 0.01457454047844074, 0.009785509398236008, -7.451980337578388, 0.0, 52.14888820025809, 44.69690786267971, 0.9917674423541374, 0.0, 26.451885665224523, 27.443653107579003, 6.103000000000007
0.002389378757515031, 0.3983361548917117, 5.704221602659325E-4, 27.156443810268755, -0.004813265277216343, 0.0, 0.014744788606940947, 0.009931523329724433, -7.446397377375661, 0.0, 52.51415986309209, 45.06776248571641, 0.9916781612261084, 0.0, 26.665254203348994, 27.65693236457538, 6.103000000000006
0.002403006012024049, 0.39974018246878984, 5.736754276397548E-4, 27.35605681408962, -0.004837481347523133, 0.0, 0.014916226908132848, 0.010078745560609545, -7.440836584297258, 0.0, 52.880560041008266, 45.43972345671103, 0.9915994491332638, 0.0, 26.879399472737177, 27.87099892187076, 6.103000000000008
0.002416633266533068, 0.4011342635244294, 5.769286950135773E-4, 27.557198644661362, -0.0048616793626526135, 0.0, 0.01508885898942871, 0.010227179626775919, -7.4352975996765736, 0.0, 53.24804936503216, 45.8127517653556, 0.9915312349304483, 0.0, 27.094281802693093, 28.08581303762386, 6.103000000000009
0.0024302605210420854, 0.40251840955826673, 5.801819623873995E-4, 27.759837406065227, -0.004885859392992222, 0.0, 0.015262688329637524, 0.010376828936645125, -7.429780081126007, 0.0, 53.61658814738493, 46.18680806625899, 0.9914734388685214, 0.0, 27.30986143214399, 28.30133487101288, 6.103000000000007
0.0024438877755511034, 0.4038926325006968, 5.834352297612219E-4, 27.963940126106994, -0.004910021507841503, 0.0, 0.015437718277968917, 0.010527696770127234, -7.424283702166398, 0.0, 53.98613640663237, 46.56185270446591, 0.9914259728406978, 0.0, 27.526098530128078, 28.517524502969014, 6.103000000000006
0.0024575150300601215, 0.4052569447035955, 5.866884971350441E-4, 28.169472786425704, -0.004934165775463251, 0.0, 0.015613952053118333, 0.010679786277654917, -7.4188081518597295, 0.0, 54.3566538925483, 46.93784574068854, 0.99138874062767, 0.0, 27.742953216013117, 28.734341956641035, 6.103000000000009
0.0024711422845691395, 0.4066113589307519, 5.899417645088664E-4, 28.376400352981612, -0.0049582922631334824, 0.0, 0.01579139274243253, 0.010833100479298873, -7.413353134445051, 0.0, 54.72810011069972, 47.314746976254746, 0.9913616381415603, 0.0, 27.960385579454332, 28.951747217596264, 6.103000000000007
0.002484769539078157, 0.4079558883480141, 5.931950318826887E-4, 28.58468680690056, -0.00498240103719022, 0.0, 0.0159700433011548, 0.010987642263964417, -7.4079183689777075, 0.0, 55.100434346745914, 47.69251597776815, 0.9913445536685301, 0.0, 28.178355700084115, 29.169700253752872, 6.103000000000007
0.0024983967935871755, 0.4092905465131591, 5.96448299256511E-4, 28.79429517566054, -0.005006492163081123, 0.0, 0.016149906551748746, 0.011143414388667448, -7.402503588971778, 0.0, 55.47361569045672, 48.07111210148497, 0.9913373681100845, 0.0, 28.396823666940108, 29.38816103505052, 6.103000000000008
0.0025120240480961935, 0.4106153473654893, 5.997015666303334E-4, 29.00518756459596, -0.005030565705409926, 0.0, 0.016330985183299535, 0.011300419477889435, -7.397108542045822, 0.0, 55.84760305944849, 48.450494517402696, 0.9913399552229115, 0.0, 28.615749597631126, 29.60708955285436, 6.103000000000007
0.0025256513026052116, 0.41193030521516955, 6.029548340041556E-4, 29.217325188702645, -0.005054621727981779, 0.0, 0.016513281750992252, 0.011458660023010298, -7.391732989571852, 0.0, 56.22235522263639, 48.830622233064766, 0.9913521818573248, 0.0, 28.835093657239533, 29.82644583909738, 6.103000000000007
0.0025392785571142296, 0.4132354347323044, 6.06208101377978E-4, 29.430668404724106, -0.005078660293847401, 0.0, 0.016696798675665706, 0.011618138381818141, -7.386376706327559, 0.0, 56.5978308234068, 49.21145411707916, 0.9913739081941609, 0.0, 29.054816076965707, 30.046189985160048, 6.103000000000006
0.0025529058116232476, 0.4145307509357681, 6.094613687518003E-4, 29.64517674350259, -0.005102681465346146, 0.0, 0.016881538243441553, 0.011778856778095238, -7.381039480151834, 0.0, 56.97398840250294, 49.59294892235118, 0.9914049879801302, 0.0, 29.274877172507217, 30.266282160487698, 6.103000000000007
0.002566533066132266, 0.4158162691817927, 6.127146361256227E-4, 29.860808942569697, -0.005126685304147934, 0.0, 0.017067502605427057, 0.011940817301278949, -7.375721111603506, 0.0, 57.3507864206336, 49.975065309030064, 0.9914452687615742, 0.0, 29.495237362184522, 30.486682630946362, 6.103000000000008
0.002580160320641284, 0.41709200515231915, 6.15967903499445E-4, 30.07752297896561, -0.0051506718712940784, 0.0, 0.017254693777491188, 0.012104021906196945, -7.370421413623358, 0.0, 57.72818328079386, 50.357761867170616, 0.991494592116572, 0.0, 29.715857184801543, 30.707351776918486, 6.103000000000006
0.0025937875751503017, 0.418357974843124, 6.192211708732672E-4, 30.295276102262726, -0.005174641227237029, 0.0, 0.01744311364011279, 0.012268472412875587, -7.365140211199417, 0.0, 58.10613735030781, 50.74099713910843, 0.9915527938853458, 0.0, 29.93669731725251, 30.928250111138176, 6.103000000000006
0.00260741482965932, 0.4196141945517231, 6.224744382470896E-4, 30.514024867779774, -0.005198593431879026, 0.0, 0.01763276393829993, 0.012434170506420733, -7.359877341035457, 0.0, 58.4846069825863, 51.12472964155086, 0.9916197043989728, 0.0, 30.157718591868722, 31.149338296267985, 6.103000000000007
0.0026210420841683377, 0.42086068086506195, 6.257277056209118E-4, 30.73372516996627, -0.005222528544609662, 0.0, 0.017823646281579814, 0.012601117736969966, -7.354632651222818, 0.0, 58.863550538602546, 51.50891788737961, 0.99169514870627, 0.0, 30.378882013507685, 31.370577162214126, 6.103000000000007
0.0026346693386773558, 0.4220974506470017, 6.289809729947342E-4, 30.95433227593703, -0.0052464466243424225, 0.0, 0.01801576214405774, 0.012769315519715111, -7.349406000915439, 0.0, 59.24292640808617, 51.893520407170726, 0.9917789467989412, 0.0, 30.600148776387336, 31.591927723186604, 6.103000000000006
0.002648296593186374, 0.423324521025603, 6.322342403685564E-4, 31.175800859145625, -0.005270347729550144, 0.0, 0.01820911286454484, 0.012938765134994493, -7.344197260008159, 0.0, 59.6226930304344, 52.27849577042633, 0.9918709138348638, 0.0, 30.821480280663092, 31.813351194498377, 6.103000000000006
0.002661923847695392, 0.42454190938022046, 6.354875077423787E-4, 31.398085033171938, -0.005294231918299427, 0.0, 0.01840369964675331, 0.013109467728453679, -7.339006308818296, 0.0, 60.00280891534046, 52.66380260652209, 0.9919708603594548, 0.0, 31.042838148749063, 32.03480900910877, 6.103000000000006
0.0026755511022044107, 0.4257496333284109, 6.387407751162012E-4, 31.621138385615822, -0.005318099248284043, 0.0, 0.018599523559558226, 0.013281424311274007, -7.333833037770463, 0.0, 60.38323266313982, 53.04939962536939, 0.9920785925251945, 0.0, 31.264184241384452, 32.25626283390994, 6.103000000000006
0.0026891783567134283, 0.4269477107126636, 6.419940424900234E-4, 31.84491401206464, -0.005341949776857301, 0.0, 0.01879658553732518, 0.013454635760467671, -7.328677347084653, 0.0, 60.763922984873346, 53.435245637788704, 0.9921939123091809, 0.0, 31.485480673444467, 32.477674585753974, 6.103000000000005
0.0027028056112224463, 0.4281361595869611, 6.452473098638458E-4, 32.069364550136285, -0.005365783561063415, 0.0, 0.018994886380302674, 0.013629102819239073, -7.323539146467579, 0.0, 61.14483872206972, 53.82129957560222, 0.9923166177287167, 0.0, 31.7066898294989, 32.69900644722798, 6.103000000000006
0.0027164328657314643, 0.4293149982031754, 6.48500577237668E-4, 32.294442213565176, -0.00538960065766787, 0.0, 0.019194426755078348, 0.013804826097410359, -7.31841835480727, 0.0, 61.52593886624375, 54.20752051143666, 0.9924465030549043, 0.0, 31.92777437911515, 32.920220882170426, 6.103000000000006
0.0027300601202404824, 0.43048424499730786, 6.517538446114904E-4, 32.520098826328066, -0.005413401123186792, 0.0, 0.019395207195098563, 0.013981806071911611, -7.31331489987094, 0.0, 61.907182578112064, 54.593867678241246, 0.9925833590242013, 0.0, 32.14869729190709, 33.141280650931655, 6.103000000000005
0.0027436873747495, 0.43164391857558077, 6.550071119853126E-4, 32.74628585677828, -0.005437185013915356, 0.0, 0.019597228101249208, 0.014160043087333655, -7.308228718006081, 0.0, 62.28852920652841, 54.98030048852218, 0.9927269730479646, 0.0, 32.369421852334305, 33.36214882538243, 6.103000000000006
0.0027573146292585184, 0.4327940377003857, 6.58260379359135E-4, 32.97295445178806, -0.0054609523859552095, 0.0, 0.019800489742498612, 0.014339537356543237, -7.30315975384487, 0.0, 62.66993830713375, 55.36677855328892, 0.9928771294198472, 0.0, 32.589911674244426, 33.582788803664556, 6.103000000000006
0.0027709418837675364, 0.43393462127609844, 6.615136467329573E-4, 33.2000554708693, -0.005484703295240958, 0.0, 0.020004992256600084, 0.014520288961358973, -7.298107960011764, 0.0, 63.05136966072645, 55.75326170071457, 0.9930336095211874, 0.0, 32.81013071516652, 33.80316432468782, 6.103000000000005
0.002784569138276554, 0.43506568833476306, 6.647669141067795E-4, 33.427539520268624, -0.005508437797565687, 0.0, 0.02021073565085406, 0.014702297853288237, -7.293073296834426, 0.0, 63.432783291347654, 56.13970999451325, 0.9931961920241651, 0.0, 33.030043290349845, 34.02323948237424, 6.103000000000006
0.0027981963927855725, 0.4361872580216596, 6.680201814806019E-4, 33.65535698700967, -0.005532155948605562, 0.0, 0.02041771980292814, 0.014885563854322378, -7.288055732057853, 0.0, 63.81413948408717, 56.52608375202925, 0.9933646530928979, 0.0, 33.24961408655466, 34.24297873964778, 6.103000000000006
0.0028118236472945905, 0.4372993495807546, 6.712734488544242E-4, 33.883458072876934, -0.0055558578039434925, 0.0, 0.02062594446173507, 0.015070086657791436, -7.283055240561791, 0.0, 64.19539880260324, 56.912343562041386, 0.993538766582328, 0.0, 33.46880817558722, 34.462346942169695, 6.103000000000005
0.002825450901803609, 0.438401982340047, 6.745267162282466E-4, 34.11179282832134, -0.005579543419091897, 0.0, 0.02083540924836739, 0.015255865829275348, -7.2780718040814, 0.0, 64.576522106363, 57.29845030228168, 0.993718304234914, 0.0, 33.68759102758703, 34.681309331822234, 6.103000000000005
0.0028390781563126266, 0.4394951756968141, 6.777799836020688E-4, 34.34031118627175, -0.0056032128495145436, 0.0, 0.021046113657087067, 0.015442900807572367, -7.273105410931197, 0.0, 64.957470567599, 57.68436515666803, 0.9939030358751106, 0.0, 33.905928524062574, 34.89983155993815, 6.103000000000006
0.0028527054108216446, 0.4405789491027656, 6.810332509758912E-4, 34.56896299583908, -0.005626866150647521, 0.0, 0.021258057056370468, 0.015631190905722785, -7.268156055732196, 0.0, 65.33820568798308, 58.07004963225094, 0.9940927296016557, 0.0, 34.12378697067583, 35.117879700277776, 6.103000000000005
0.002866332665330663, 0.441653322049113, 6.842865183497135E-4, 34.79769805589808, -0.00565050337791931, 0.0, 0.021471238690006608, 0.015820735312087143, -7.263223739142404, 0.0, 65.71868931501889, 58.455465575876595, 0.9942871519775431, 0.0, 34.3411331097782, 35.33542026175607, 6.103000000000006
0.0028799599198396806, 0.44271831405156004, 6.875397857235357E-4, 35.026466148531625, -0.005674124586769991, 0.0, 0.021685657678248687, 0.016011533091478503, -7.258308467590478, 0.0, 66.09888365815105, 58.84057519056055, 0.9944860682178001, 0.0, 34.55793413269532, 35.552420200913375, 6.103000000000004
0.0028935871743486987, 0.44377394463522385, 6.907930530973581E-4, 35.255217072325514, -0.005697729832669586, 0.0, 0.02190131301901741, 0.016203583186347636, -7.253410253012709, 0.0, 66.47875130459182, 59.22534105157923, 0.994689242374902, 0.0, 34.77415769176244, 35.76884693413772, 6.103000000000005
0.0029072144288577167, 0.44482023331949067, 6.940463204711803E-4, 35.48390067549367, -0.0057213191711355605, 0.0, 0.0221182035891553, 0.016396884418019553, -7.248529112593231, 0.0, 66.85825523486636, 59.60972612227309, 0.9948964375219536, 0.0, 34.98977191211134, 35.98466834963352, 6.103000000000006
0.0029208416833667347, 0.44585719960281844, 6.972995878450027E-4, 35.71246688882993, -0.005744892657749466, 0.0, 0.022336328145731, 0.01659143548798141, -7.243665068507501, 0.0, 67.2373588380737, 59.993693769566455, 0.9951074159335096, 0.0, 35.20474540320678, 36.19985281914072, 6.103000000000005
0.0029344689378757527, 0.446884862947485, 7.005528552188249E-4, 35.94086575845898, -0.005768450348172776, 0.0, 0.02255568532739318, 0.01678723497922025, -7.23881814766901, 0.0, 67.61602592686862, 60.37720777919974, 0.9953219392641031, 0.0, 35.4190472701366, 36.41436920940106, 6.103000000000006
0.002948096192384771, 0.44790324276429827, 7.038061225926474E-4, 36.16904747838572, -0.005791992298161889, 0.0, 0.022776273655772297, 0.016984281357610213, -7.233988381479333, 0.0, 67.99422075215507, 60.76023237067576, 0.9955397687243402, 0.0, 35.63264712464791, 36.62818689337255, 6.103000000000006
0.002961723446893789, 0.4489123583972704, 7.070593899664697E-4, 36.39696242282203, -0.005815518563582323, 0.0, 0.022998091536929832, 0.017182572973347333, -7.229175805581307, 0.0, 68.37190801750467, 61.14273221192342, 0.995760665254767, 0.0, 35.845515095941956, 36.84127576119704, 6.103000000000005
0.0029753507014028072, 0.44991222910826284, 7.10312657340292E-4, 36.624561178280686, -0.005839029200422124, 0.0, 0.023221137262854134, 0.01738210806243185, -7.224380459615597, 0.0, 68.7490528932871, 61.524672433671434, 0.9959843896972306, 0.0, 36.057621841215195, 37.053606230912585, 6.103000000000007
0.0029889779559118253, 0.4509028740616123, 7.135659247141143E-4, 36.85179457541685, -0.005862524264804479, 0.0, 0.023445409013001565, 0.01758288474819692, -7.219602386980438, 0.0, 69.12562103051997, 61.90601864353961, 0.9962107029639305, 0.0, 36.26893855595419, 37.26514925891843, 6.103000000000006
0.003002605210420843, 0.4518843123087404, 7.168191920879365E-4, 37.0786137206238, -0.005886003812999538, 0.0, 0.023670904855882267, 0.017784901042882603, -7.214841634594672, 0.0, 69.50157857443665, 62.28673693984201, 0.9964393662040153, 0.0, 36.479436983983234, 37.475876350187455, 6.103000000000005
0.0030162324649298613, 0.4528565627727609, 7.200724594617589E-4, 37.304970027335315, -0.0059094679014355216, 0.0, 0.023897622750689816, 0.01798815484925413, -7.21009825266402, 0.0, 69.87689217777107, 62.666793925107164, 0.9966701409678395, 0.0, 36.68908942726335, 37.68575956823154, 6.103000000000006
0.003029859719438879, 0.4538196442330829, 7.233257268355811E-4, 37.5308152470655, -0.005932916586708997, 0.0, 0.02412556054897337, 0.018192643962264228, -7.20537229445064, 0.0, 70.25152901376019, 63.04615671930988, 0.9969027893686931, 0.0, 36.89786875544431, 37.89477154481353, 6.103000000000004
0.003043486973947897, 0.4547735753100264, 7.265789942094035E-4, 37.75610150012832, -0.005956349925594483, 0.0, 0.024354715996351733, 0.018398366070757104, -7.20066381604593, 0.0, 70.62545678886379, 63.424792972818125, 0.9971370742421727, 0.0, 37.105748415168925, 38.10288548941158, 6.103000000000006
0.0030571142284569154, 0.45571837444944796, 7.298322615832258E-4, 37.98078130607026, -0.00597976797505327, 0.0, 0.024585086734268555, 0.01860531875921511, -7.195972876146562, 0.0, 70.99864375520265, 63.802670879056265, 0.9973727593030863, 0.0, 37.312702439130796, 38.31007519843429, 6.103000000000005
0.003070741482965933, 0.4566540599073925, 7.33085528957048E-4, 38.204807613762014, -0.006003170792241547, 0.0, 0.024816670301787164, 0.01881349950954545, -7.1912995358338465, 0.0, 71.37105872271297, 64.17975918687902, 0.9976096092998541, 0.0, 37.518705454884135, 38.51631506418412, 6.103000000000005
0.003084368737474952, 0.4575806497347735, 7.363387963308705E-4, 38.428133831167166, -0.0060265584345178, 0.0, 0.025049464137424753, 0.019022905702906823, -7.186643858356263, 0.0, 71.7426710710192, 64.55602721266314, 0.9978473901665055, 0.0, 37.72373269340737, 38.72158008357426, 6.103000000000005
0.0030979959919839694, 0.4584981617620854, 7.395920637046927E-4, 38.65071385476563, -0.006049930959449508, 0.0, 0.025283465581024792, 0.019233534621575135, -7.182005908915326, 0.0, 72.11345076102515, 64.93144485210966, 0.9980858691721513, 0.0, 37.92775999742054, 38.92584586659273, 6.103000000000006
0.0031116232464929875, 0.45940661358416607, 7.428453310785151E-4, 38.87250209861318, -0.006073288424819166, 0.0, 0.02551867187566633, 0.019445383450847, -7.17738575445467, 0.0, 72.4833683462201, 65.30598259176541, 0.9983248150679769, 0.0, 38.13076382945411, 39.129088644522284, 6.103000000000006
0.0031252505010020055, 0.46030602254500436, 7.460985984523373E-4, 39.093453523040296, -0.006096630888629603, 0.0, 0.025755080169609985, 0.0196584492809802, -7.172783463452408, 0.0, 72.85239498370565, 65.67961152025333, 0.998563998231733, 0.0, 38.332721279674054, 39.33128527790611, 6.103000000000005
0.0031388777555110235, 0.46119640572260945, 7.493518658261597E-4, 39.31352366297115, -0.006119958409108648, 0.0, 0.0259926875182789, 0.01987272910917011, -7.168199105716709, 0.0, 73.22050244493887, 66.05230333922235, 0.9988031908097695, 0.0, 38.53361007345997, 39.53241326427012, 6.103000000000005
0.0031525050100200415, 0.46207777991394006, 7.52605133199982E-4, 39.53266865584924, -0.006143271044713114, 0.0, 0.026231490886275428, 0.020088219841562165, -7.163632752184736, 0.0, 73.58766312618978, 66.42403037400528, 0.9990421668564089, 0.0, 38.73340857873215, 39.73245074558899, 6.103000000000005
0.0031661322645290596, 0.46295016161991054, 7.558584005738043E-4, 39.75084526916262, -0.006166568854132173, 0.0, 0.026471487149429214, 0.020304918295296827, -7.15908447472471, 0.0, 73.95385005872338, 66.79476558399872, 0.9992807024710019, 0.0, 38.93209581304247, 39.93137651551382, 6.103000000000004
0.0031797595190380776, 0.46381356703047527, 7.591116679476266E-4, 39.96801092756144, -0.006189851896290047, 0.0, 0.026712673096879833, 0.020522821200589625, -7.154554345941331, 0.0, 74.31903691869248, 67.16448257275127, 0.9995185759322699, 0.0, 39.129651450410066, 40.12917002634267, 6.103000000000006
0.003193386773547095, 0.46466801200979535, 7.623649353214488E-4, 40.184123739553314, -0.006213120230348098, 0.0, 0.02695504543319056, 0.020741925202842338, -7.150042438984397, 0.0, 74.68319803675124, 67.533155597767, 0.99975556783022, 0.0, 39.32605582791519, 40.325811395745745, 6.103000000000005
0.003207014028056114, 0.46551351208150377, 7.656182026952713E-4, 40.39914252376305, -0.006236373915706295, 0.0, 0.027198600780492833, 0.020962226864786347, -7.1455488273607335, 0.0, 75.04630840738707, 67.90075958002623, 0.9999914611954344, 0.0, 39.52128995204828, 40.52128141324386, 6.103000000000006
0.0032206412825651317, 0.4663500824140677, 7.688714700690935E-4, 40.61302683475165, -0.00625961301200408, 0.0, 0.02744333568066014, 0.021183722668655897, -7.141073584749347, 0.0, 75.40834369796613, 68.26727011321701, 1.0002260416258755, 0.0, 39.71533550481003, 40.71556154643633, 6.103000000000005
0.00323426853707415, 0.46717773780626, 7.721247374429159E-4, 40.82573698839059, -0.00628283757912062, 0.0, 0.027689246597512356, 0.02140640901839158, -7.136616784819846, 0.0, 75.76928025750273, 68.63266347268318, 1.0004590974110574, 0.0, 39.908174849570564, 40.90863394698212, 6.103000000000006
0.003247895791583168, 0.4679964926727454, 7.753780048167382E-4, 41.037234086762446, -0.006306047677174494, 0.0, 0.027936329919046474, 0.021630282241871752, -7.132178501054093, 0.0, 76.12909512513994, 68.99691662408598, 1.0006904196537334, 0.0, 40.0997910366789, 41.10048145633306, 6.103000000000006
0.0032615230460921857, 0.4688063610297868, 7.786312721905605E-4, 41.24748004260378, -0.006329243366522788, 0.0, 0.028184581959695393, 0.021855338593172475, -7.127758806571204, 0.0, 76.48776603834972, 69.36000723177888, 1.0009198023888826, 0.0, 40.290167808827846, 41.291087611217264, 6.103000000000005
0.003275150300601204, 0.46960735648108487, 7.818845395643828E-4, 41.45643760325707, -0.006352424707759652, 0.0, 0.028433998962612946, 0.022081574254853152, -7.123357773955665, 0.0, 76.84527144085516, 69.72191366689958, 1.0011470427002886, 0.0, 40.47928960617839, 41.48043664887896, 6.103000000000005
0.003288777555110222, 0.470399492203748, 7.85137806938205E-4, 41.66407037414214, -0.0063755917617142645, 0.0, 0.02868457710198348, 0.02230898534026912, -7.118975475088864, 0.0, 77.20159049026165, 70.08261501517295, 1.0013719408343384, 0.0, 40.66714157123115, 41.668513512065786, 6.103000000000006
0.00330240480961924, 0.4711827809344118, 7.883910743120274E-4, 41.870342841723826, -0.006398744589448289, 0.0, 0.028936312485357024, 0.02253756789590857, -7.114611980983733, 0.0, 77.55670306541478, 70.44209108443087, 1.0015943003113927, 0.0, 40.853709553460476, 41.85530385377191, 6.103000000000004
0.0033160320641282583, 0.47195723495550185, 7.916443416858497E-4, 42.07522039597345, -0.006421883252252782, 0.0, 0.029189201156006973, 0.02276731790375408, -7.110267361622797, 0.0, 77.91058977346592, 70.80032241184338, 1.0018139280344136, 0.0, 41.038980113695, 42.040794041729804, 6.103000000000004
0.003329659318637276, 0.47272286608166386, 7.94897609059672E-4, 42.2786693523212, -0.006445007811644577, 0.0, 0.02944323909531011, 0.02299823128366538, -7.105941685799307, 0.0, 78.26323195666879, 71.15729027086921, 1.0020306343951526, 0.0, 41.222940528266925, 42.22497116266199, 6.103000000000007
0.0033432865731462947, 0.47347968564634735, 7.981508764334944E-4, 42.48065697307549, -0.00646811832936217, 0.0, 0.02969842222514957, 0.02323030389578727, -7.101635020961813, 0.0, 78.61461169887629, 71.51297667791461, 1.0022442333775414, 0.0, 41.40557879289768, 42.4078230262755, 6.103000000000006
0.0033569138276553123, 0.47422770448856943, 8.014041438073167E-4, 42.681151488316075, -0.006491214867361077, 0.0, 0.029954746410337105, 0.023463531542975882, -7.09734743306188, 0.0, 78.96471183177185, 71.86736439871017, 1.0024545426585922, 0.0, 41.58688362635745, 42.589338169016415, 6.103000000000006
0.0033705410821643304, 0.47496693293985615, 8.04657411181139E-4, 42.880122116249574, -0.006514297487808749, 0.0, 0.030212207461055927, 0.02369790997324704, -7.093078986405072, 0.0, 79.31351594080613, 72.2204369544013, 1.002661383706668, 0.0, 41.76684447386707, 42.76950585757414, 6.103000000000005
0.0033841683366733484, 0.4756973808113648, 8.079106785549613E-4, 43.07753908300879, -0.0065373662530789625, 0.0, 0.030470801135322065, 0.023933434882242973, -7.088829743505246, 0.0, 79.66100837085807, 72.57217862735308, 1.0028645818770765, 0.0, 41.94545151026241, 42.94831609213991, 6.103000000000006
0.0033977955911823664, 0.4764190573812084, 8.111639459287836E-4, 43.27337364190498, -0.006560421225745757, 0.0, 0.03073052314146392, 0.024170101915718056, -7.084599764942059, 0.0, 80.00717423160987, 72.92257446666814, 1.003063966505061, 0.0, 42.12269564291048, 43.12575960941599, 6.103000000000006
0.0034114228456913844, 0.4771319713819711, 8.144172133026059E-4, 43.467598092114216, -0.0065834624685769194, 0.0, 0.03099136914061884, 0.024407906672041794, -7.080389109221746, 0.0, 80.35199940264124, 73.27161029341973, 1.0032593709961672, 0.0, 42.29856851438269, 43.30182788537925, 6.103000000000006
0.0034250501002004025, 0.4778361309884386, 8.176704806764282E-4, 43.66018579679722, -0.006606490044527012, 0.0, 0.03125333474924533, 0.024646844704718125, -7.076197832641179, 0.0, 80.69547053824144, 73.61927270560045, 1.0034506329139292, 0.0, 42.473062504884744, 43.47651313779912, 6.103000000000005
0.0034386773547094205, 0.4785315438055385, 8.209237480502505E-4, 43.851111200625965, -0.006629504016729978, 0.0, 0.03151641554165137, 0.02488691152492116, -7.072025989155147, 0.0, 81.03757507193741, 73.96554908278254, 1.0036375940649729, 0.0, 42.64617073443958, 43.649808328505124, 6.103000000000005
0.003452304609218438, 0.47921821685650695, 8.241770154240728E-4, 44.040349846756726, -0.006652504448491303, 0.0, 0.03178060705253578, 0.02512810260404437, -7.067873630246894, 0.0, 81.37830122074062, 74.31042759049365, 1.0038201005814482, 0.0, 42.817887064828554, 43.82170716541003, 6.103000000000007
0.0034659318637274565, 0.47989615657127893, 8.274302827978951E-4, 44.227878393180006, -0.006675491403279766, 0.0, 0.03204590477954439, 0.025370413376264517, -7.063740804801964, 0.0, 81.71763798911188, 74.65389718430998, 1.0039980030007651, 0.0, 42.98820610128745, 43.99220410428841, 6.103000000000005
0.0034795591182364746, 0.48056536877511813, 8.306835501717175E-4, 44.41367462849364, -0.006698464944718794, 0.0, 0.03231230418583744, 0.025613839241118548, -7.059627558985276, 0.0, 82.05557517264127, 74.99594761365586, 1.0041711563427203, 0.0, 43.15712319395709, 44.16129435029979, 6.103000000000005
0.003493186372745493, 0.48122585867748974, 8.339368175455398E-4, 44.5977174870673, -0.00672142513657741, 0.0, 0.03257980070266887, 0.025858375566091316, -7.055533936121427, 0.0, 82.3921033614491, 75.33656942532745, 1.004339420183966, 0.0, 43.324634439093074, 44.328973859276985, 6.103000000000005
0.003506813627254511, 0.48187763086118274, 8.371900849193621E-4, 44.779987063590085, -0.006744372042760812, 0.0, 0.032848389731976575, 0.026104017689215595, -7.051459976578292, 0.0, 82.72721394330092, 75.67575396672274, 1.0045026587298245, 0.0, 43.49073668002742, 44.49523933875755, 6.103000000000006
0.0035204408817635286, 0.4825206892716918, 8.404433522931844E-4, 44.96046462701436, -0.0067673057273005535, 0.0, 0.03311806664898157, 0.026350760921680944, -7.047405717653884, 0.0, 83.0608991064444, 76.01349338879064, 1.0046607408833628, 0.0, 43.65542750789161, 44.66008824877519, 6.103000000000006
0.003534068136272547, 0.4831550372068577, 8.436966196670067E-4, 45.13913263386702, -0.0067902262543443875, 0.0, 0.033388826804797586, 0.026598600550453006, -7.043371193466463, 0.0, 83.39315184215714, 76.34978064869117, 1.004813540311869, 0.0, 43.81870526208716, 44.82351880239974, 6.103000000000006
0.0035476953907815647, 0.48378067730678986, 8.46949887040829E-4, 45.31597474094238, -0.0068131336881457494, 0.0, 0.03366066552904548, 0.026847531840899577, -7.039356434847863, 0.0, 83.72396594702072, 76.68460951217325, 1.0049609355106834, 0.0, 43.98056903052428, 44.98552996603554, 6.103000000000006
0.0035613226452905827, 0.4843976115440565, 8.502031544146513E-4, 45.49097581734735, -0.006836028093052888, 0.0, 0.03393357813247805, 0.027097550039424947, -7.0353614692401685, 0.0, 84.05333602490322, 77.01797455566334, 1.0051028098642327, 0.0, 44.14101864960404, 45.14612145946882, 6.103000000000006
0.0035749498997996007, 0.48500584121417023, 8.534564217884736E-4, 45.66412195593159, -0.006858909533497689, 0.0, 0.03420755990960807, 0.027348650376110138, -7.031386320595551, 0.0, 84.38125748866766, 77.34987116807217, 1.0052390517045309, 0.0, 44.300054703967895, 45.305293755672764, 6.103000000000006
0.0035885771543086187, 0.4856053669263609, 8.567096891622959E-4, 45.835400484056095, -0.0068817780739841355, 0.0, 0.0344826061413433, 0.027600828067358977, -7.027431009279439, 0.0, 84.70772656159082, 77.68029555231135, 1.0053695543668584, 0.0, 44.45767852599439, 45.463048080361446, 6.103000000000007
0.0036022044088176376, 0.4861961885946494, 8.599629565361184E-4, 46.004799973714825, -0.00690463377907652, 0.0, 0.03475871209762478, 0.027854078318548137, -7.023495551976909, 0.0, 85.03274027850365, 78.00924472652696, 1.0054942162428624, 0.0, 44.61389219505727, 45.619386411300496, 6.103000000000006
0.0036158316633266552, 0.4867783054292336, 8.632162239099406E-4, 46.17231025101333, -0.006927476713387287, 0.0, 0.03503587304006822, 0.028108396326680846, -7.0195799616023296, 0.0, 85.35629648664957, 78.3367165250477, 1.0056129408309196, 0.0, 44.76869853654024, 45.774311477371725, 6.103000000000007
0.0036294589178356733, 0.48735171592818294, 8.664694912837629E-4, 46.3379224049814, -0.00695030694156466, 0.0, 0.03531408422460797, 0.028363777283043092, -7.015684247212288, 0.0, 85.67839384625988, 78.66270959904762, 1.0057256367838248, 0.0, 44.922101120607714, 45.92782675739181, 6.103000000000007
0.0036430861723446913, 0.4879164178694574, 8.697227586575852E-4, 46.50162879573149, -0.006973124528279931, 0.0, 0.0355933409041428, 0.02862021637586272, -7.011808413921779, 0.0, 85.99903183084118, 78.98722341691982, 1.0058322179537509, 0.0, 45.07410426072559, 46.079936478679926, 6.103000000000006
0.0036567134268537093, 0.4884724083032569, 8.729760260314075E-4, 46.66342306193842, -0.006995929538214512, 0.0, 0.03587363833118174, 0.028877708792967062, -7.007952462823599, 0.0, 86.31821072719167, 79.31025826436799, 1.0059326034345835, 0.0, 45.224713011950755, 46.230645615385455, 6.103000000000007
0.003670340681362727, 0.48901968354470315, 8.762292934052298E-4, 46.82330012766393, -0.007018722036046719, 0.0, 0.03615497176048899, 0.02913624972444217, -7.0041163909110695, 0.0, 86.6359316351229, 79.63181524421178, 1.0060267176014763, 0.0, 45.373933168965266, 46.3799598865668, 6.103000000000006
0.0036839679358717453, 0.4895582391668677, 8.794825607790521E-4, 46.98125620849902, -0.007041502086438327, 0.0, 0.03643733645172914, 0.029395834365290738, -7.000300191003982, 0.0, 86.95219646690823, 79.95189627590453, 1.006114490147754, 0.0, 45.521771263874435, 46.52788575402256, 6.103000000000006
0.0036975951903807634, 0.4900880699941478, 8.827358281528745E-4, 47.13728881703017, -0.007064269754020847, 0.0, 0.03672072767210793, 0.02965645791808701, -6.996503851677788, 0.0, 87.26700794644397, 80.27050409476664, 1.0061958561190925, 0.0, 45.668234563759256, 46.67443041987891, 6.103000000000006
0.003711222444889781, 0.4906091700960019, 8.859890955266967E-4, 47.2913967676233, -0.007087025103381646, 0.0, 0.037005140699011355, 0.0299181155956296, -6.992727357196084, 0.0, 87.58036960812966, 80.58764225093374, 1.006270755945027, 0.0, 45.81333106798511, 46.81960182393043, 6.103000000000006
0.0037248496993987994, 0.4911215327810498, 8.89242362900519E-4, 47.443580180528585, -0.007109768199049794, 0.0, 0.037290570822640715, 0.0301808026235908, -6.988970687446343, 0.0, 87.89228579546368, 80.90331510801752, 1.006339135467676, 0.0, 45.9570695052649, 46.96340864073289, 6.103000000000007
0.0037384769539078174, 0.4916251505915407, 8.924956302743414E-4, 47.59384048529455, -0.007132499105481712, 0.0, 0.037577013348641386, 0.030444514243159415, -6.985233817878846, 0.0, 88.20276165936241, 81.21752784148335, 1.00640094596787, 0.0, 46.09945933048635, 47.10586027645429, 6.103000000000007
0.003752104208416836, 0.49212001529820437, 8.957488976481637E-4, 47.74218042348312, -0.007155217887046677, 0.0, 0.03786446360072667, 0.030709245713679886, -6.981516719449011, 0.0, 88.51180315618731, 81.53028643673872, 1.006456144188422, 0.0, 46.24051072128527, 47.246966865474235, 6.103000000000008
0.0037657314629258535, 0.49260611789548703, 8.99002165021986E-4, 47.88860405071816, -0.007177924608012069, 0.0, 0.03815291692329514, 0.03097499231528299, -6.977819358562811, 0.0, 88.81941704550202, 81.84159768693931, 1.0065046923548249, 0.0, 46.38023457438744, 47.38673926674244, 6.103000000000007
0.0037793587174348715, 0.4930834485971797, 9.022554323958083E-4, 48.033116738007266, -0.007200619332528537, 0.0, 0.03844236868403872, 0.031241749351510105, -6.974141697025583, 0.0, 89.12561088753291, 82.15146919050768, 1.0065465581931603, 0.0, 46.518642501695, 47.52518905988861, 6.103000000000006
0.00379298597194389, 0.4935519968324459, 9.055086997696307E-4, 48.17572517237562, -0.007223302124614892, 0.0, 0.038732814276543695, 0.031509512151928695, -6.970483691994008, 0.0, 89.4303930403597, 82.45990934836566, 1.0065817149452767, 0.0, 46.65574682614038, 47.662328541085735, 6.103000000000006
0.0038066132264529076, 0.49401175124225793, 9.087619671434529E-4, 48.316437356824025, -0.007245973048142963, 0.0, 0.03902424912288085, 0.031778276074737766, -6.966845295931408, 0.0, 89.73377265681476, 82.7669273608837, 1.0066101413813056, 0.0, 46.79156057728937, 47.79817071867114, 6.103000000000007
0.0038202404809619256, 0.49446269967624934, 9.120152345172752E-4, 48.45526260954273, -0.007268632166822228, 0.0, 0.039316668676185856, 0.03204803650936346, -6.96322645656633, 0.0, 90.03575968110654, 83.07253322454034, 1.006631821809332, 0.0, 46.926097486706944, 47.93272930851659, 6.103000000000007
0.0038338677354709436, 0.4949048291899857, 9.152685018910975E-4, 48.5922115624584, -0.007291279544184364, 0.0, 0.03961006842322787, 0.0323187888790434, -6.959627116854201, 0.0, 90.33636484515429, 83.37673772830013, 1.0066467460825899, 0.0, 47.059371983074094, 48.06601872915683, 6.103000000000008
0.0038474949899799616, 0.49533812604266614, 9.185217692649198E-4, 48.7272961590499, -0.007313915243567651, 0.0, 0.039904443886966116, 0.03259052864339837, -6.956047214942538, 0.0, 90.63559966464666, 83.6795524497041, 1.0066549096035955, 0.0, 47.19139918706727, 48.19805409667093, 6.103000000000009
0.0038611222444889792, 0.49576257569525994, 9.217750366387421E-4, 48.86052965147459, -0.007336539328101284, 0.0, 0.04019979062909235, 0.03286325130099099, -6.952486684139141, 0.0, 90.93347643481218, 83.98098975067272, 1.0066563133258544, 0.0, 47.32219490599023, 48.328851219315844, 6.103000000000007
0.003874749498997998, 0.4961781628090871, 9.250283040125645E-4, 48.99192659697704, -0.007359151860689581, 0.0, 0.04049610425255995, 0.0331369523918703, -6.948945452883725, 0.0, 91.23000822591081, 84.28106277302716, 1.0066509637526477, 0.0, 47.45177562816546, 48.45842659191827, 6.103000000000008
0.003888376753507016, 0.49658487124484696, 9.282815713863869E-4, 49.121502853593256, -0.007381752903996095, 0.0, 0.04079338040409791, 0.03341162750010168, -6.945423444722707, 0.0, 91.52520887844328, 84.57978543372059, 1.0066388729331956, 0.0, 47.58015851708248, 48.586797390015846, 6.103000000000007
0.003902004008016034, 0.4969826840621072, 9.315348387602091E-4, 49.24927557513735, -0.007404342520427669, 0.0, 0.041091614776707794, 0.03368727225628003, -6.941920578287319, 0.0, 91.81909299807316, 84.87717241978608, 1.0066200584560105, 0.0, 47.707361405299764, 48.71398146375612, 6.103000000000007
0.003915631262525052, 0.4973715835192571, 9.347881061340314E-4, 49.375263205481275, -0.007426920772118418, 0.0, 0.04139080311214463, 0.033963882340026105, -6.938436767274927, 0.0, 92.1116759502765, 85.17323918300146, 1.0065945434396022, 0.0, 47.833402788112465, 48.83999733155207, 6.103000000000007
0.00392925851703407, 0.49775155107392594, 9.380413735078537E-4, 49.49948547213768, -0.007449487720913631, 0.0, 0.041690941203380204, 0.03424145348246653, -6.934971920433694, 0.0, 92.40297385469403, 85.46800193426091, 1.0065623565203075, 0.0, 47.95830181696206, 48.96486417348298, 6.103000000000007
0.003942885771543088, 0.4981225673838909, 9.41294640881676E-4, 49.62196337910143, -0.007472043428353677, 0.0, 0.041992024897046315, 0.03451998146869256, -6.93152594155032, 0.0, 92.69300357921814, 85.76147763766762, 1.0065235318376164, 0.0, 48.08207829262146, 49.088601824458955, 6.103000000000007
0.003956513026052107, 0.49848461230846075, 9.445479082554984E-4, 49.74271919899613, -0.007494587955657821, 0.0, 0.04229405009585922, 0.034799462140201284, -6.928098729441283, 0.0, 92.9817827337804, 86.05368400433947, 1.0064781090164945, 0.0, 48.204752658119325, 49.21123076713629, 6.103000000000006
0.003970140280561124, 0.49883766491036113, 9.478011756293206E-4, 49.861776464517334, -0.007517121363708068, 0.0, 0.04259701276102342, 0.03507989139731519, -6.924690177947162, 0.0, 93.26932966387271, 86.34463948592632, 1.0064261331471476, 0.0, 48.32634599143755, 49.332772124585645, 6.103000000000008
0.003983767535070142, 0.49918170345811014, 9.51054443003143E-4, 49.97915995914798, -0.007539643713032953, 0.0, 0.04290090891461348, 0.03536126520158042, -6.9213001759302415, 0.0, 93.55566344377357, 86.63436326784411, 1.0063676547620097, 0.0, 48.44687999795384, 49.45324765271673, 6.103000000000008
0.00399739478957916, 0.49951670542891363, 9.543077103769652E-4, 50.09489570716133, -0.007562155063791369, 0.0, 0.043205734641933224, 0.03564357957814187, -6.917928607275452, 0.0, 93.84080386949807, 86.92287526222344, 1.0063027298099498, 0.0, 48.56637700264783, 49.57267973245858, 6.103000000000009
0.004011022044088179, 0.4998426475120601, 9.575609777507877E-4, 50.20901096293673, -0.00758465547575634, 0.0, 0.04351148609385355, 0.03592683061809701, -6.914575350894552, 0.0, 94.12477145146286, 87.210196100568, 1.0062314196276918, 0.0, 48.68485994205952, 49.6910913616871, 6.103000000000008
0.004024649298597196, 0.5001595056128519, 9.608142451246099E-4, 50.321534199524024, -0.007607145008298895, 0.0, 0.043818159489121364, 0.03621101448082229, -6.911240280733469, 0.0, 94.40758740687025, 87.49634712613702, 1.0061537909086602, 0.0, 48.8023523560114, 49.80850614692048, 6.103000000000008
0.004038276553106215, 0.5004672548570543, 9.640675124984322E-4, 50.43249509654811, -0.007629623720371908, 0.0, 0.04412575111664907, 0.036496127396277084, -6.90792326578296, 0.0, 94.68927365181192, 87.78135038602976, 1.0060699156689608, 0.0, 48.91887837908373, 49.92494829475358, 6.103000000000007
0.004051903807615232, 0.500765869595885, 9.673207798722546E-4, 50.54192452735924, -0.007652091670494003, 0.0, 0.04443425733777335, 0.036782165667279286, -6.904624170092622, 0.0, 94.96985279308296, 88.0652286229904, 1.00597987121056, 0.0, 49.03446273184456, 50.04044260305524, 6.103000000000009
0.00406553106212425, 0.5010553234115468, 9.705740472460768E-4, 50.649854545510095, -0.007674548916733499, 0.0, 0.04474367458848889, 0.03706912567175515, -6.901342852788031, 0.0, 95.2493481197221, 88.34800526693415, 1.005883740081821, 0.0, 49.149130711843384, 50.15501445192553, 6.103000000000007
0.0040791583166332685, 0.5013355891233081, 9.738273146198992E-4, 50.75631837050548, -0.007696995516692448, 0.0, 0.04505399938165344, 0.03735700386496085, -6.898079168091145, 0.0, 95.52778359426443, 88.62970442617295, 1.005781610035326, 0.0, 49.26290818435795, 50.26868979439308, 6.103000000000009
0.004092785571142286, 0.5016066387941434, 9.770805819937214E-4, 50.861350372861125, -0.007719431527490684, 0.0, 0.045365228309165326, 0.03764579678167444, -6.894832965344092, 0.0, 95.80518384370875, 88.91035087836524, 1.005673573982761, 0.0, 49.37582157289368, 50.38149514687722, 6.103000000000007
0.004106412825651305, 0.5018684437379328, 9.803338493675439E-4, 50.96498605844772, -0.007741857005750019, 0.0, 0.04567735804410892, 0.03793550103835881, -6.891604089036082, 0.0, 96.08157415021508, 89.18997006117895, 1.005559729947244, 0.0, 49.48789784945553, 50.493457579402815, 6.103000000000008
0.004120040080160323, 0.5021209745272449, 9.83587116741366E-4, 51.06726205216194, -0.00776427200757849, 0.0, 0.04599038534287083, 0.03822611333529224, -6.888392378833626, 0.0, 96.35698044150358, 89.46858806267021, 1.0054401810128255, 0.0, 49.59916452455925, 50.60460470557245, 6.103000000000009
0.0041336673346693414, 0.5023642010016787, 9.868403841151886E-4, 51.16821608086252, -0.0077866765885547294, 0.0, 0.046304307047225074, 0.038517630458670064, -6.885197669614002, 0.0, 96.63142928098019, 89.74623161136613, 1.0053150352712414, 0.0, 49.70964963700869, 50.71496467228016, 6.103000000000009
0.004147294589178359, 0.5025980922768147, 9.900936514890108E-4, 51.26788695562885, -0.007809070803712438, 0.0, 0.04661912008638198, 0.03881004928266951, -6.882019791502031, 0.0, 96.9049478575822, 90.02292806607987, 1.0051844057658796, 0.0, 49.81938174343627, 50.824566149201885, 6.103000000000009
0.004160921843687377, 0.5028226167537369, 9.93346918862833E-4, 51.36631455333736, -0.00783145470752499, 0.0, 0.04693482147901024, 0.03910336677148513, -6.878858569910079, 0.0, 97.17756397532955, 90.29870540541991, 1.0050484104330102, 0.0, 49.928389907582456, 50.93343831801602, 6.103000000000008
0.004174549098196395, 0.5030377421291694, 9.966001862366555E-4, 51.46353979752985, -0.00785382835389017, 0.0, 0.04725140833521756, 0.0393975799813272, -6.875713825581255, 0.0, 97.44930604261066, 90.57359221702946, 1.0049071720403309, 0.0, 50.036703689356536, 51.041610861397096, 6.103000000000008
0.0041881763527054135, 0.5032434354062199, 9.998534536104777E-4, 51.55960463860691, -0.00787619179611507, 0.0, 0.04756887785849955, 0.039692686062384394, -6.872585374635923, 0.0, 97.72020306117057, 90.84761768653476, 1.0047608181227123, 0.0, 50.1443531336357, 51.1491139517586, 6.103000000000008
0.004201803607214431, 0.5034396629057218, 0.0010031067209843, 51.6545520333205, -0.007898545086901106, 0.0, 0.04788722734765291, 0.039988682260751564, -6.869473028621571, 0.0, 97.99028461482278, 91.12081158620143, 1.004609480915047, 0.0, 50.25136875882743, 51.255978239742916, 6.103000000000009
0.004215430861723449, 0.5036263902782219, 0.0010063599883581222, 51.748425923603634, -0.00792088827832925, 0.0, 0.04820645419864873, 0.04028556592031952, -6.866376594565722, 0.0, 98.25958085788373, 91.39320426331781, 1.0044532972826108, 0.0, 50.3577815451968, 51.36223484247918, 6.103000000000007
0.004229058116232467, 0.5038035825165723, 0.0010096132557319447, 51.841271214717096, -0.0079432214218454, 0.0, 0.048526555906471265, 0.04058333448462596, -6.863295875032309, 0.0, 98.52812250331081, 91.66482662827839, 1.0042924086484155, 0.0, 50.46362292293365, 51.46791533158187, 6.103000000000008
0.004242685370741485, 0.5039712039691808, 0.0010128665231057669, 51.93313375271521, -0.007965544568245973, 0.0, 0.04884753006691357, 0.0408819854986675, -6.860230668181136, 0.0, 98.79594081057782, 91.93571014239697, 1.0041269609180188, 0.0, 50.56892476000119, 51.573051720919594, 6.103000000000009
0.004256312625250503, 0.5041292183538847, 0.0010161197904795891, 52.024060301246664, -0.007987857767663649, 0.0, 0.04916937437833633, 0.041181516610672625, -6.8571807678307595, 0.0, 99.06306757324614, 92.20588680541611, 1.003957104401343, 0.0, 50.673719349717, 51.67767645411913, 6.103000000000009
0.004269939879759522, 0.5042775887724842, 0.0010193730578534116, 52.1140985177027, -0.008010161069553386, 0.0, 0.04949208664338525, 0.041481925573831645, -6.8541459635245126, 0.0, 99.32953510627317, 92.47538914274833, 1.003782993731944, 0.0, 50.778039398111794, 51.78182239184363, 6.103000000000009
0.004283567134268539, 0.504416277725933, 0.0010226263252272338, 52.203296928661246, -0.0080324545226786, 0.0, 0.049815664770665694, 0.04178321024798708, -6.851126040599855, 0.0, 99.5953762330212, 92.74425019242142, 1.0036047877833656, 0.0, 50.881918011029555, 51.885522798813014, 6.103000000000009
0.004297194388777557, 0.5045452471301931, 0.001025879592601056, 52.29170490473513, -0.008054738175097624, 0.0, 0.0501401067763749, 0.042085368601277234, -6.848120780260913, 0.0, 99.86062427200152, 93.01250349174039, 1.0034226495828549, 0.0, 50.98538868100231, 51.988811330585, 6.1030000000000095
0.0043108216432865745, 0.5046644583327564, 0.0010291328599748783, 52.37937263470616, -0.008077012074150347, 0.0, 0.050465410785892, 0.04238839871174137, -6.845129959654348, 0.0, 100.12531302331473, 93.28018306366073, 1.0032367462222005, 0.0, 51.08848527385983, 52.091722020082656, 6.103000000000008
0.004324448897795593, 0.5047738721298481, 0.0010323861273487007, 52.466351099051735, -0.008099276266445188, 0.0, 0.05079157503532044, 0.04269229876887511, -6.8421533519484505, 0.0, 100.3894767548327, 93.54732340288469, 1.003047248765899, 0.0, 51.19124201512374, 52.19428926389022, 6.103000000000008
0.004338076152304612, 0.5048734487843186, 0.0010356393947225232, 52.552692042813476, -0.008121530797846239, 0.0, 0.0511185978729888, 0.04299706707514254, -6.839190726415425, 0.0, 100.6531501880792, 93.81395946166344, 1.002854332156553, 0.0, 51.29369347613661, 52.29654780829288, 6.103000000000008
0.00435170340681363, 0.5049631480442223, 0.0010388926620963454, 52.63844794784643, -0.008143775713460755, 0.0, 0.05144647776090225, 0.04330270204744141, -6.836241848517178, 0.0, 100.91636848383143, 94.08012663531424, 1.0026581751173242, 0.0, 51.395874559954656, 52.39853273507205, 6.103000000000008
0.004365330661322647, 0.5050429291620981, 0.0010421459294701677, 52.72367200436372, -0.008166011057626914, 0.0, 0.05177521327614838, 0.043609202218521353, -6.833306479993999, 0.0, 101.17916722745187, 94.34586074745856, 1.00245896005196, 0.0, 51.497820487009136, 52.500279447061885, 6.103000000000009
0.004378957915831665, 0.5051127509149655, 0.00104539919684399, 52.80841808198443, -0.008188236873901831, 0.0, 0.0521048031122531, 0.04391656623835116, -6.830384378956767, 0.0, 101.4415824139202, 94.61119803496406, 1.0022568729417662, 0.0, 51.59956678050954, 52.60182365345204, 6.103000000000008
0.0043925851703406835, 0.5051725716250124, 0.0010486524642178124, 52.89274070001625, -0.00821045320504991, 0.0, 0.05243524608049033, 0.04422479287544023, -6.827475299982416, 0.0, 101.7036504325942, 94.87617513261198, 1.0020521032398422, 0.0, 51.701149251612705, 52.70320135485291, 6.103000000000009
0.004406212424849702, 0.5052223491810389, 0.0010519057315916346, 52.97669499722474, -0.008232660093031523, 0.0, 0.0527665411111376, 0.04453388101810604, -6.824578994212444, 0.0, 101.9654080516825, 95.14082905746989, 1.0018448437627656, 0.0, 51.80260398434774, 52.804448828110374, 6.103000000000008
0.00441983967935872, 0.5052620410605916, 0.001055158998965457, 53.060336700943026, -0.008254857578991985, 0.0, 0.05309868725468539, 0.0448438296756935, -6.821695209454875, 0.0, 102.22689240244047, 95.40519719298632, 1.001635290579296, 0.0, 51.903967320299664, 52.9056026108796, 6.103000000000009
0.004433466933867737, 0.5052916043528672, 0.001058412266339279, 53.14372209559849, -0.008277045703250874, 0.0, 0.05343168368298987, 0.04515463797973879, -6.818823690289499, 0.0, 102.48814096307902, 95.66931727279078, 1.0014236428962886, 0.0, 52.005275843050185, 53.006699485947934, 6.103000000000008
0.0044470941883767556, 0.5053109957823262, 0.0010616655337131015, 53.22690799062718, -0.00829922450529174, 0.0, 0.05376552969037654, 0.0454663051850846, -6.815964178176168, 0.0, 102.74919154238914, 95.93322736421415, 1.001210102942083, 0.0, 52.106566362370984, 53.10777646531442, 6.103000000000008
0.004460721442885774, 0.5053201717330937, 0.001064918801086924, 53.30995168780714, -0.008321394023752074, 0.0, 0.05410022469468778, 0.04577883067093576, -6.813116411566611, 0.0, 103.0100822630924, 96.19696585152654, 1.0009948758467857, 0.0, 52.207875898184916, 53.20887077403239, 6.103000000000007
0.004474348697394792, 0.5053190882740801, 0.0010681720684607462, 53.392910948002395, -0.008343554296413763, 0.0, 0.054435768238278004, 0.04609221394186412, -6.810280126019202, 0.0, 103.2708515448994, 96.46057141888092, 1.0007781695201712, 0.0, 52.30924166427328, 53.31001983379427, 6.103000000000007
0.00448797595190381, 0.5053077011848948, 0.0010714253358345685, 53.47584395732929, -0.008365705360193851, 0.0, 0.05477215998894952, 0.0464064546287558, -6.807455054317312, 0.0, 103.53153808729311, 96.72408303297664, 1.000560194526442, 0.0, 52.41070105175142, 53.41126124627857, 6.103000000000008
0.004501603206412828, 0.5052859659825096, 0.0010746786032083907, 53.55880929276066, -0.008387847251135694, 0.0, 0.05510939974083767, 0.046721552489701834, -6.804640926590723, 0.0, 103.79218085202321, 96.98753992543328, 1.0003411639564053, 0.0, 52.5122916122898, 53.51263277624715, 6.103000000000009
0.004515230460921846, 0.5052538379487186, 0.0010779318705822132, 53.64186588715904, -0.008409980004400543, 0.0, 0.05544748741523156, 0.047037507410831, -6.801837470440335, 0.0, 104.05281904532471, 97.25098157488428, 1.000121293296876, 0.0, 52.614051041106386, 53.61417233440318, 6.103000000000009
0.004528857715430864, 0.5052112721583726, 0.0010811851379560354, 53.725072993755134, -0.008432103654259527, 0.0, 0.05578642306134321, 0.04735431940708375, -6.799044411066072, 0.0, 104.31349209985125, 97.51444768878532, 0.9999008002973517, 0.0, 52.716017159706745, 53.715917960004205, 6.103000000000009
0.004542484969939882, 0.5051582235084038, 0.0010844384053298579, 53.80849015007561, -0.008454218234086036, 0.0, 0.056126206857012265, 0.04767198862292625, -6.796261471398268, 0.0, 104.57423965632199, 97.77797818492358, 0.999679904833685, 0.0, 52.818227898383434, 53.817907803216954, 6.103000000000008
0.0045561122244489, 0.5050946467476659, 0.0010876916727036799, 53.89217714132894, -0.008476323776348584, 0.0, 0.056466839109353684, 0.04799051533300505, -6.793488372232001, 0.0, 104.83510154489244, 98.04161317265998, 0.9994588287693152, 0.0, 52.92072127847575, 53.920180107244654, 6.103000000000009
0.004569739478957918, 0.5050204965075613, 0.0010909449400775023, 53.97619396329537, -0.008498420312604074, 0.0, 0.056808320255343436, 0.048309899942739154, -6.790724832364913, 0.0, 105.09611776624003, 98.30539293387534, 0.9992377958134929, 0.0, 53.023535394385696, 54.02277319019961, 6.103000000000009
0.004583366733466936, 0.5049357273334976, 0.0010941982074513246, 54.06060078461405, -0.008520507873491491, 0.0, 0.057150650862341223, 0.048630142988849503, -6.787970568738267, 0.0, 105.35732847236645, 98.569357903628, 0.9990170313767016, 0.0, 53.12670839535122, 54.12572542672797, 6.103000000000009
0.004596993987975954, 0.5048402937171542, 0.001097451474825147, 54.14545790864463, -0.008542586488726163, 0.0, 0.057493831628551983, 0.04895124513982568, -6.785225296581075, 0.0, 105.6187739471187, 98.83354865053722, 0.9987967624236039, 0.0, 53.23027846697707, 54.229075229400394, 6.103000000000008
0.004610621242484973, 0.5047341501295887, 0.0011007047421989695, 54.230825734745395, -0.008564656187094385, 0.0, 0.057837863383423074, 0.04927320719632852, -6.782488729557816, 0.0, 105.88049458642539, 99.09800585686816, 0.9985772173227792, 0.0, 53.334283812521065, 54.33286102984457, 6.103000000000008
0.0046242484969939894, 0.504617251055167, 0.0011039580095727915, 54.316764719116236, -0.008586716996448583, 0.0, 0.05818274708797447, 0.049596030091526036, -6.779760579919004, 0.0, 106.14253087825719, 99.36277029833845, 0.998358625694135, 0.0, 53.438762633946915, 54.437121259641174, 6.103000000000009
0.004637875751503009, 0.5044895510263485, 0.001107211276946614, 54.40333533510989, -0.008608768943702978, 0.0, 0.05852848383506805, 0.04991971489136496, -6.777040558655368, 0.0, 106.40492338229642, 99.62788282364188, 0.9981412182531988, 0.0, 53.543753112721845, 54.541894330975985, 6.1030000000000095
0.004651503006012026, 0.5043510046593073, 0.0011104645443204362, 54.49059803306989, -0.008630812054829701, 0.0, 0.05887507484960443, 0.050244262794774786, -6.774328375655131, 0.0, 106.6677127093299, 99.89338433367536, 0.9979252266527596, 0.0, 53.649293390382795, 54.64721861703608, 6.103000000000009
0.004665130260521045, 0.5042015666904198, 0.0011137178116942586, 54.57861319971198, -0.008652846354855524, 0.0, 0.05922252148865827, 0.05056967513380274, -6.771623739864565, 0.0, 106.93093950035257, 100.1593157604891, 0.9977108833217708, 0.0, 53.75542154884815, 54.75313243217101, 6.103000000000009
0.0046787575150300615, 0.5040411920136139, 0.0011169710790680807, 54.66744111704372, -0.008674871867859018, 0.0, 0.05957082524153984, 0.05089595337368098, -6.768926359451752, 0.0, 107.19464440540189, 100.4257180459499, 0.9974984213014774, 0.0, 53.862175590505274, 54.85967401180637, 6.1030000000000095
0.00469238476953908, 0.5038698357185956, 0.0011202243464419031, 54.7571419207992, -0.00869688861696832, 0.0, 0.05991998772979071, 0.05122309911282247, -6.7662359419737745, 0.0, 107.45886806209347, 100.6926321201196, 0.9972880740786264, 0.0, 53.969593418036034, 54.96688149211449, 6.1030000000000095
0.0047060120240480985, 0.5036874531299331, 0.0011234776138157254, 54.84777555846563, -0.008718896624359396, 0.0, 0.060270010707107996, 0.05155111408274837, -6.763552194546899, 0.0, 107.72365107388933, 100.96009887934335, 0.9970800754161424, 0.0, 54.0777128140162, 55.074792889433475, 6.103000000000007
0.004719639278557117, 0.5034939998470561, 0.0011267308811895478, 54.939401746893964, -0.008740895911254905, 0.0, 0.06062089605919656, 0.051880000147941974, -6.76087482402029, 0.0, 107.98903398806696, 101.22815916404684, 0.9968746591807831, 0.0, 54.18657142025668, 55.18344607943734, 6.103000000000008
0.004733266533066135, 0.5032894317851255, 0.0011299841485633703, 55.032079929428505, -0.008762886497923617, 0.0, 0.0609726458035523, 0.05220975930562867, -6.758203537152795, 0.0, 108.25505727342829, 101.49685373627679, 0.9966720591681801, 0.0, 54.29620671692165, 55.292878776091136, 6.103000000000008
0.004746893787575152, 0.503073705216803, 0.0011332374159371923, 55.12586923267031, -0.00878486840368039, 0.0, 0.06132526208916725, 0.05254039368548709, -6.755538040793149, 0.0, 108.52176129770274, 101.7662232569101, 0.9964725089249485, 0.0, 54.40665600138583, 55.403128510311085, 6.103000000000007
0.0047605210420841705, 0.5028467768149499, 0.0011364906833110147, 55.220828422826, -0.008806841646886807, 0.0, 0.0616787471961666, 0.05287190554927984, -6.75287804206318, 0.0, 108.78918630467865, 102.03630826261623, 0.9962762415682901, 0.0, 54.517956366854825, 55.51423260842384, 6.103000000000008
0.004774148296593189, 0.5026086036962139, 0.001139743950684837, 55.31701586167094, -0.008828806244952305, 0.0, 0.062033103535364995, 0.05320429729041254, -6.75022324854454, 0.0, 109.05737239106455, 102.30714914252006, 0.9960834896025199, 0.0, 54.63014468076066, 55.62622817036336, 6.103000000000009
0.0047877755511022075, 0.5023591434655473, 0.0011429972180586594, 55.41448946212677, -0.008850762214336037, 0.0, 0.062388333647751426, 0.05353757143341542, -6.747573368468612, 0.0, 109.32635948304055, 102.57878611457252, 0.9958944847329408, 0.0, 54.743257562883805, 55.739152047617324, 6.103000000000009
0.004801402805611225, 0.5020983542616568, 0.0011462504854324817, 55.513306643478245, -0.008872709570549251, 0.0, 0.06274444020389704, 0.053871730633347714, -6.744928110909618, 0.0, 109.59618731254902, 102.85125920163958, 0.9957094576769422, 0.0, 54.857331363254936, 55.853040820932115, 6.103000000000008
0.004815030060120243, 0.5018261948033855, 0.001149503752806304, 55.61352428621149, -0.008894648328158391, 0.0, 0.06310142600328272, 0.05420677767512433, -6.742287185980942, 0.0, 109.86689539329504, 103.12460820731452, 0.9955286379724179, 0.0, 54.972402139808835, 55.967930777781696, 6.103000000000007
0.00482865731462926, 0.5015426244370355, 0.0011527570201801261, 55.71519868655582, -0.008916578500788766, 0.0, 0.06345929397354971, 0.05454271547276071, -6.739650305034931, 0.0, 110.13852299646976, 103.39887269143497, 0.9953522537831362, 0.0, 55.08850563580015, 56.083857889583626, 6.103000000000008
0.004842284569138279, 0.5012476031846418, 0.0011560102875539486, 55.81838551061696, -0.008938500101128944, 0.0, 0.0638180471696719, 0.05487954706854287, -6.737017180865768, 0.0, 110.41110912617869, 103.67409194531398, 0.9951805317015627, 0.0, 55.20567725696305, 56.20085778866574, 6.103000000000008
0.004855911823647298, 0.5009410917932078, 0.001159263554927771, 55.923139748258336, -0.008960413140935751, 0.0, 0.06417768877304472, 0.055217275632108986, -6.734387527915497, 0.0, 110.68469249460543, 103.95030496669132, 0.9950136965489744, 0.0, 55.32395204844921, 56.31896574499955, 6.103000000000007
0.004869539078156315, 0.5006230517848955, 0.001162516822301593, 56.02951566665138, -0.008982317631039977, 0.0, 0.06453822209049714, 0.05555590445945724, -6.731761062483789, 0.0, 110.95931149687323, 104.2275504343898, 0.9948519711723237, 0.0, 55.44336467149996, 56.43821664267258, 6.103000000000008
0.004883166332665333, 0.5002934455081915, 0.0011657700896754155, 56.1375667634843, -0.009004213581352774, 0.0, 0.06489965055321709, 0.05589543697186411, -6.729137502940223, 0.0, 111.23500418564258, 104.50586668270236, 0.9946955762390594, 0.0, 55.56394937989863, 56.55864495613788, 6.103000000000007
0.004896793587174351, 0.4999522361900539, 0.0011690233570492378, 56.24734571995532, -0.009026101000872724, 0.0, 0.06526197771559544, 0.05623587671472266, -6.726516569940587, 0.0, 111.5118082454107, 104.78529167547097, 0.9945447300284217, 0.0, 55.68573999616298, 56.6802847261923, 6.103000000000008
0.004910420841683369, 0.4995993879890428, 0.0011722766244230602, 56.35890435344527, -0.009047979897693672, 0.0, 0.0656252072539879, 0.056577227356294085, -6.723897986645905, 0.0, 111.78976096654627, 105.06586297989996, 0.9943996482204934, 0.0, 55.80876988751186, 56.803169535732074, 6.103000000000008
0.004924048096192388, 0.49923486604943834, 0.0011755298917968825, 56.47229356993739, -0.009069850279013166, 0.0, 0.065989342965388, 0.056919492686375195, -6.721281478944952, 0.0, 112.0688992190192, 105.34761774007535, 0.9942605436821728, 0.0, 55.9330719415703, 56.92733248525327, 6.103000000000009
0.004937675350701405, 0.4988586365563641, 0.0011787831591707047, 56.58756331621248, -0.009091712151141787, 0.0, 0.06635438876601854, 0.0572626766148768, -6.718666775679948, 0.0, 112.34925942587216, 105.63059265019274, 0.9941276262505738, 0.0, 56.0586785418527, 57.05280616810376, 6.103000000000008
0.004951302605210423, 0.4984706667919163, 0.001182036426544527, 56.70476253177617, -0.009113565519513025, 0.0, 0.06672034868983198, 0.05760678317031853, -6.716053608875659, 0.0, 112.63087753638388, 105.91482392750929, 0.9940011025133204, 0.0, 56.185621542981835, 57.1796226454966, 6.103000000000008
0.004964929859719441, 0.4980709251923052, 0.0011852896939183494, 56.82393910059727, -0.00913541038869412, 0.0, 0.06708722688692584, 0.05795181649823178, -6.713441713971477, 0.0, 112.91378899897425, 106.20034728500403, 0.9938811755865481, 0.0, 56.313932245687376, 57.30781342127513, 6.103000000000007
0.004978557114228459, 0.4976593814060235, 0.0011885429612921716, 56.94513980259421, -0.009157246762397467, 0.0, 0.0674550276218703, 0.05829778085947257, -6.710830830057059, 0.0, 113.19802873381678, 106.48719790375941, 0.9937680448896264, 0.0, 56.44364137155106, 57.437409416440595, 6.103000000000008
0.004992184368737477, 0.49723600635302345, 0.001191796228665994, 57.068410264997965, -0.009179074643492918, 0.0, 0.06782375527194223, 0.058644680628449186, -6.708220700110955, 0.0, 113.48363110515895, 106.77541040504956, 0.9936619059174893, 0.0, 56.574779037503916, 57.56844094342308, 6.103000000000007
0.005005811623246496, 0.49680077228496566, 0.0011950494960398163, 57.193794913446254, -0.009200894034020834, 0.0, 0.06819341432527248, 0.058992520291251876, -6.705611071242795, 0.0, 113.77062989338047, 107.06501882213902, 0.9935629500098603, 0.0, 56.707374730097726, 57.70093768010875, 6.103000000000007
0.0050194388777555134, 0.49635365284646316, 0.0011983027634136386, 57.321336923015, -0.009222704935205873, 0.0, 0.06856400937890225, 0.059341304443696535, -6.703001694938417, 0.0, 114.05905826674864, 107.35605657181104, 0.9934713641179553, 0.0, 56.84145727951396, 57.8349286436326, 6.103000000000008
0.005033066132264532, 0.4958946231374268, 0.001201556030787461, 57.451078168985305, -0.0092445073474717, 0.0, 0.06893554513674091, 0.05969103778926929, -6.700392327308472, 0.0, 114.34894875290836, 107.6485564255995, 0.9933873305682795, 0.0, 56.977054833352405, 57.97044216392024, 6.103000000000008
0.0050466933867735495, 0.49542365977641767, 0.0012048092981612833, 57.58305917754137, -0.009266301270456384, 0.0, 0.06930802640744063, 0.0600417251369843, -6.697782729340252, 0.0, 114.64033321007155, 107.94255048073266, 0.9933110268235883, 0.0, 57.11419483015126, 58.10750585697618, 6.103000000000008
0.005060320641282568, 0.494940740965097, 0.0012080625655351057, 57.71731907638741, -0.00928808670302872, 0.0, 0.06968145810216636, 0.06039337139913756, -6.69517266715262, 0.0, 114.9332427979523, 108.2380701308012, 0.993242625241283, 0.0, 57.25290397270173, 58.24614659794463, 6.103000000000008
0.0050739478957915855, 0.4944458465537416, 0.0012113158329089277, 57.85389554510789, -0.009309863643305301, 0.0, 0.07005584523227934, 0.06074598158897401, -6.692561912254478, 0.0, 115.2277079483823, 108.53514603612749, 0.9931822928287044, 0.0, 57.39320820107614, 58.38639049390452, 6.103000000000008
0.005087575150300604, 0.4939389581078206, 0.0012145691002827502, 57.99282476560643, -0.009331632088668511, 0.0, 0.07043119290691863, 0.061099560818250076, -6.689950241806245, 0.0, 115.5237583356734, 108.83380809386884, 0.9931301909959047, 0.0, 57.53513266544822, 58.52826285644582, 6.103000000000006
0.005101202404809622, 0.49342005897567365, 0.0012178223676565724, 58.134141372339855, -0.009353392035785321, 0.0, 0.0708075063304903, 0.061454114294704765, -6.687337438884676, 0.0, 115.82142284669021, 109.13408540780473, 0.9930864753055673, 0.0, 57.67870169865978, 58.67178817396471, 6.103000000000007
0.00511482965931864, 0.4928891343572859, 0.0012210756350303949, 58.27787840256906, -0.009375143480626994, 0.0, 0.07118479080005385, 0.061809647319426925, -6.684723292750971, 0.0, 116.12072955062915, 109.43600625787907, 0.993051295220091, 0.0, 57.82393878853854, 58.81699008375946, 6.103000000000007
0.005128456913827658, 0.4923461713741335, 0.0012243289024042171, 58.424067246515506, -0.009396886418489618, 0.0, 0.07156305170261504, 0.062166165284125635, -6.682107599122198, 0.0, 116.42170566852899, 109.73959806940827, 0.9930247938458456, 0.0, 57.97086654998287, 58.963891343830035, 6.103000000000006
0.005142084168336675, 0.491791159140184, 0.0012275821697780393, 58.572737597500236, -0.009418620844015563, 0.0, 0.07194229451231501, 0.06252367366829945, -6.679490160445706, 0.0, 116.72437754249553, 110.04488738205045, 0.9930071076748911, 0.0, 58.11950669680461, 59.11251380448013, 6.103000000000005
0.0051557114228456945, 0.4912240888339523, 0.0012308354371518618, 58.723917402053985, -0.009440346751215849, 0.0, 0.07232252478752144, 0.06288217803630561, -6.676870786177212, 0.0, 117.02877060463575, 110.35189981845907, 0.9929983663235428, 0.0, 58.269880013319295, 59.26287837964336, 6.103000000000007
0.005169338677354712, 0.490644953771727, 0.001234088704525684, 58.87763281007119, -0.009462064133493361, 0.0, 0.0727037481678171, 0.06324168403432365, -6.674249293061775, 0.0, 117.33490934571955, 110.66066005265884, 0.9929986922684672, 0.0, 58.42200632570494, 59.415005017974536, 6.103000000000006
0.005182965931863731, 0.49005374948190217, 0.0012373419718995065, 59.033908124920345, -0.00948377298366707, 0.0, 0.07308597037088435, 0.0636021973872174, -6.671625505418226, 0.0, 117.64281728355608, 110.97119177813832, 0.9930082005798387, 0.0, 58.575904473117454, 59.56891267369766, 6.103000000000007
0.005196593186372747, 0.4894504737804446, 0.0012405952392733285, 59.19276575363392, -0.009505473293997112, 0.0, 0.07346919718929104, 0.06396372389529362, -6.668999255426748, 0.0, 117.95251693108355, 111.28351767565678, 0.9930269986518085, 0.0, 58.731592278555304, 59.724619277207346, 6.103000000000006
0.005210220440881766, 0.4888351268475093, 0.001243848506647151, 59.35422615711241, -0.009527165056210846, 0.0, 0.07385343448716622, 0.06432626943095562, -6.666370383419867, 0.0, 118.26402976418343, 111.5976593807633, 0.9930551859300073, 0.0, 58.88908651949407, 59.882141705423614, 6.103000000000007
0.005223847695390784, 0.48820771130519414, 0.0012471017740209732, 59.51830780042383, -0.009548848261529831, 0.0, 0.07423868819677612, 0.06468983993524641, -6.663738738176568, 0.0, 118.57737618920025, 111.91363745102372, 0.9930928536364362, 0.0, 59.0484028982621, 60.04149575189847, 6.103000000000007
0.005237474949899803, 0.4875682322964683, 0.0012503550413947957, 59.685027103164884, -0.009570522900697827, 0.0, 0.07462496431498888, 0.06505444141429162, -6.661104177219686, 0.0, 118.89257551019882, 112.23147133297947, 0.9931400844915466, 0.0, 59.20955601219826, 60.20269609668969, 6.103000000000007
0.005251102204408821, 0.48691669756524925, 0.0012536083087686181, 59.85439838992443, -0.00959218896400969, 0.0, 0.07501226889963686, 0.06542007993562776, -6.658466567116583, 0.0, 119.20964589591951, 112.5511793288041, 0.9931969524334806, 0.0, 59.37255932354416, 60.36575627597834, 6.103000000000007
0.005264729458917838, 0.48625311753765565, 0.0012568615761424401, 60.026433840898335, -0.009613846441341323, 0.0, 0.07540060806576843, 0.06578676162442718, -6.655825783783076, 0.0, 119.52860434646067, 112.87277856267877, 0.993263522334582, 0.0, 59.53742512910565, 60.53068865144137, 6.103000000000006
0.005278356713426856, 0.48557750540444466, 0.0012601148435162626, 60.201143442537614, -0.009635495322180564, 0.0, 0.07578998798179143, 0.06615449265961018, -6.653181712790693, 0.0, 119.84946665967512, 113.19628494688558, 0.9933398497149803, 0.0, 59.704164529668645, 60.697504379385336, 6.103000000000007
0.005291983967935874, 0.4848898772046222, 0.0012633681108900848, 60.37853493851708, -0.009657135595659132, 0.0, 0.07618041486550503, 0.06652327926984608, -6.6505342496769755, 0.0, 120.17224739729416, 113.521713147619, 0.9934259804537016, 0.0, 59.872787399183714, 60.866213379639085, 6.103000000000007
0.005305611222444893, 0.48419025191024545, 0.0012666213782639073, 60.55861378071222, -0.009678767250585495, 0.0, 0.07657189498002687, 0.06689312772944134, -6.647883300259353, 0.0, 120.4969598507517, 113.84907655049159, 0.9935219504965446, 0.0, 60.04330235368654, 61.03682430418236, 6.103000000000006
0.00531923847695391, 0.4834786515124476, 0.0012698746456377293, 60.74138308041165, -0.009700390275478891, 0.0, 0.07696443462960229, 0.06726404435412375, -6.645228780951998, 0.0, 120.82361600672819, 114.17838722577542, 0.9936277855615951, 0.0, 60.21571671998336, 61.2093445055439, 6.103000000000007
0.005332865731462928, 0.4827551011086446, 0.0012731279130115518, 60.92684355983147, -0.009722004658604323, 0.0, 0.07735804015530107, 0.06763603549669683, -6.642570619086061, 0.0, 121.15222651244024, 114.50965589335559, 0.9937435008417369, 0.0, 60.39003650412239, 61.38378000496546, 6.103000000000006
0.005346492985971946, 0.48201962899095285, 0.001276381180385374, 61.1149935036824, -0.009743610388008557, 0.0, 0.0777527179306075, 0.06800910754259892, -6.6399087532331835, 0.0, 121.48280064061623, 114.84289188738398, 0.9938691007043811, 0.0, 60.56626635958598, 61.560135460291306, 6.103000000000006
0.0053601202404809645, 0.48127226673585133, 0.0012796344477591965, 61.30582871114257, -0.009765207451557225, 0.0, 0.07814847435688616, 0.06838326690532881, -6.637243133532206, 0.0, 121.81534625418799, 115.17810312065663, 0.9940045783884529, 0.0, 60.74440955524703, 61.73841413363643, 6.103000000000005
0.005373747494989983, 0.48051304929506866, 0.0012828877151330187, 61.499342447999425, -0.009786795836973075, 0.0, 0.07854531585874247, 0.06875852002176952, -6.634573722019219, 0.0, 122.14986977073472, 115.51529604871602, 0.9941499156986081, 0.0, 60.92446794310997, 61.91861785880901, 6.103000000000007
0.0053873747494990005, 0.4797420150876617, 0.001286140982506841, 61.695525399059534, -0.009808375531875082, 0.0, 0.07894324887926024, 0.0691348733473845, -6.631900492960682, 0.0, 122.48637612659849, 115.85447563363813, 0.9943050826966574, 0.0, 61.10644192576887, 62.10074700846638, 6.103000000000006
0.005401002004008019, 0.4789592060934016, 0.0012893942498806634, 61.89436562095261, -0.009829946523818876, 0.0, 0.07934227987512249, 0.06951233335130347, -6.6292234331902264, 0.0, 122.82486874075715, 116.195645307569, 0.9944700373899785, 0.0, 61.29033042366307, 62.28480046105523, 6.103000000000006
0.005414629258517037, 0.47816466794736234, 0.0012926475172544856, 62.095848495153405, -0.009851508800338159, 0.0, 0.07974241531161957, 0.06989090651128144, -6.626542542448007, 0.0, 123.16534947839368, 116.53880693594513, 0.9946447254177424, 0.0, 61.47613084206489, 62.47077556748208, 6.103000000000007
0.005428256513026055, 0.4773584500357888, 0.001295900784628308, 62.299956681401, -0.009873062348987254, 0.0, 0.0801436616575319, 0.07027059930854485, -6.623857833724169, 0.0, 123.50781861417973, 116.88396078045604, 0.9948290797335293, 0.0, 61.66383903782752, 62.65866811756136, 6.103000000000007
0.0054418837675350735, 0.4765406055932182, 0.0012991540520021303, 62.506670071444205, -0.009894607157384758, 0.0, 0.08054602537989569, 0.07065141822251092, -6.62116933360475, 0.0, 123.85227479529466, 117.23110546169137, 0.9950230202859568, 0.0, 61.85344928590572, 62.84847230619315, 6.103000000000006
0.005455511022044091, 0.4757111918008685, 0.0013024073193759526, 62.715965743201195, -0.009916143213258356, 0.0, 0.08094951293864833, 0.0710333697253896, -6.618477082621576, 0.0, 124.19871500415114, 117.58023792152733, 0.9952264536958239, 0.0, 62.044954245623444, 63.04018069931732, 6.103000000000006
0.005469138276553109, 0.47487026988631786, 0.0013056605867497748, 62.92781791525795, -0.009937670504490733, 0.0, 0.081354130781151, 0.07141646027666076, -6.6157811356047915, 0.0, 124.54713452082491, 117.93135338521859, 0.9954392729310224, 0.0, 62.238344926686516, 63.23378419961563, 6.103000000000005
0.005482765531062127, 0.47401790522445797, 0.0013089138541235972, 63.142197901884174, -0.009959189019166724, 0.0, 0.08175988533659212, 0.07180069631742553, -6.613081562039161, 0.0, 124.8975268852357, 118.2844453231958, 0.9956613569782605, 0.0, 62.43361065498413, 63.42927201196154, 6.103000000000005
0.005496392785571145, 0.4731541674397528, 0.0013121671214974195, 63.35907406835395, -0.009980698745621512, 0.0, 0.0821667830102577, 0.07218608426463657, -6.610378446423125, 0.0, 125.24988385901561, 118.63950541259369, 0.9958925705123804, 0.0, 62.63073903812529, 63.6266316086386, 6.103000000000006
0.005510020040080162, 0.47227913050977843, 0.0013154203888712417, 63.57841178685612, -0.010002199672490112, 0.0, 0.08257483017768891, 0.07257263050519852, -6.607671888631584, 0.0, 125.6041953871127, 118.99652349848144, 0.9961327635625099, 0.0, 62.829715930742005, 63.825848694305044, 6.103000000000006
0.005523647294589182, 0.471392872870084, 0.0013186736562450642, 63.800173392769466, -0.010023691788757958, 0.0, 0.0829840331787089, 0.07296034138995039, -6.604962004281747, 0.0, 125.96044955908607, 119.35548755480524, 0.9963817711755664, 0.0, 63.03052539952811, 64.026907170705, 6.103000000000006
0.005537274549098199, 0.4704954775203536, 0.0013219269236188864, 64.02431814153078, -0.010045175083812703, 0.0, 0.08339439831132028, 0.07334922322750731, -6.602248925102125, 0.0, 126.31863257016406, 119.7163836450629, 0.996639413077105, 0.0, 63.23314968808379, 64.22978910116208, 6.103000000000006
0.005550901803607218, 0.469587032131904, 0.0013251801909927089, 64.25080216600827, -0.010066649547497308, 0.0, 0.08380593182548218, 0.07373928227798482, -6.599532799304847, 0.0, 126.67872868197655, 120.07919588267032, 0.9969054933293451, 0.0, 63.43756918146959, 64.43447467479758, 6.103000000000006
0.005564529058116235, 0.4686676291565046, 0.001328433458366531, 64.47957843433505, -0.010088115170164171, 0.0, 0.08421863991675221, 0.07413052474658816, -6.59681379196153, 0.0, 127.04072018302199, 120.44390639106263, 0.9971797999860273, 0.0, 63.643762370540244, 64.64094217052835, 6.103000000000006
0.005578156312625253, 0.4677373659365176, 0.0013316867257403533, 64.71059670841987, -0.010109571942730702, 0.0, 0.08463252871980587, 0.07452295677707527, -6.5940920853818055, 0.0, 127.40458734886617, 120.81049526348465, 0.9974621047452076, 0.0, 63.85170581604601, 64.84916792079142, 6.103000000000005
0.0055917835671342704, 0.46679634481640564, 0.0013349399931141756, 64.94380350298752, -0.010131019856735927, 0.0, 0.08504760430181951, 0.07491658444508392, -6.591367879495832, 0.0, 127.77030840201958, 121.17894052252312, 0.9977521625984006, 0.0, 64.06137411245746, 65.059126275055, 6.103000000000006
0.00560541082164329, 0.4658446732555692, 0.001338193260487998, 65.17914204520093, -0.01015245890439851, 0.0, 0.08546387265572969, 0.07531141375133071, -6.588641392239234, 0.0, 128.1378594715805, 121.54921807934296, 0.9980497114778911, 0.0, 64.27273985159108, 65.270789563071, 6.103000000000006
0.005619038076152307, 0.4648824639425597, 0.0013414465278618203, 65.41655223498356, -0.010173889078675929, 0.0, 0.08588133969334916, 0.07570745061467365, -6.5859128599421926, 0.0, 128.50721455255933, 121.92130169261729, 0.9983544719002878, 0.0, 64.4857735859645, 65.48412805786461, 6.103000000000006
0.005632665330661326, 0.46390983491061233, 0.0013446997952356427, 65.65597060594791, -0.010195310373324962, 0.0, 0.08630001123836994, 0.07610470086504406, -6.583182537721088, 0.0, 128.87834546493747, 122.29516292721574, 0.9986661466080071, 0.0, 64.70044379191246, 65.69910993852052, 6.103000000000004
0.0056462925851703425, 0.4629269096546129, 0.0013479530626094647, 65.89733028699538, -0.0102167227829634, 0.0, 0.0867198930192069, 0.07650317023624403, -6.580450699873831, 0.0, 129.25122181242713, 122.67077111255598, 0.9989844202075242, 0.0, 64.91671683246271, 65.91570125267252, 6.103000000000005
0.005659919839679361, 0.4619338172494203, 0.0013512063299832872, 66.14056096459217, -0.010238126303133232, 0.0, 0.08714099066172926, 0.07690286435859606, -6.5777176402781015, 0.0, 129.62581094099338, 123.04809330071537, 0.9993089588053008, 0.0, 65.13455691999786, 66.13386587880323, 6.103000000000005
0.00567354709418838, 0.4609306924694989, 0.0013544595973571097, 66.38558884589156, -0.010259520930364797, 0.0, 0.08756330968184445, 0.0773037887514803, -6.5749836727931035, 0.0, 130.00207789701668, 123.4270942242232, 0.9996394096404322, 0.0, 65.35392607860703, 66.35356548824659, 6.103000000000006
0.005687174348697398, 0.4599176759100927, 0.001357712864730932, 66.6323366223969, -0.010280906662242621, 0.0, 0.08798685547794877, 0.07770594881570625, -6.572249131664628, 0.0, 130.37998538525568, 123.80773625359015, 0.9999754007147311, 0.0, 65.57478410627557, 66.57475950698931, 6.103000000000006
0.005700801603206416, 0.45889491410965677, 0.0013609661321047543, 66.88072343460226, -0.010302283497472345, 0.0, 0.08841163332323881, 0.0781093498257669, -6.569514371933144, 0.0, 130.7594937264657, 124.18997935453221, 1.0003165404200614, 0.0, 65.79708853677234, 66.79740507719173, 6.103000000000006
0.005714428857715433, 0.45786255967376155, 0.0013642193994785764, 67.13066483718194, -0.010323651435948933, 0.0, 0.08883764835789415, 0.0785139969219451, -6.566779769845298, 0.0, 131.14056081476616, 124.57378104491983, 1.000662417162726, 0.0, 66.02079460131901, 67.0214570184808, 6.103000000000006
0.0057280561122244516, 0.4568207714004311, 0.0013674726668523988, 67.38207276528738, -0.01034501047882657, 0.0, 0.0892649055810994, 0.07891989510227254, -6.564045723268442, 0.0, 131.52314207473032, 124.95909635146182, 1.0010125989855279, 0.0, 66.24585519003797, 67.24686778902364, 6.103000000000006
0.00574168336673347, 0.45576971440684, 0.001370725934226221, 67.63485550139194, -0.010366360628589467, 0.0, 0.0896934098429531, 0.07932704921436362, -6.5613126521089455, 0.0, 131.90719041815154, 125.3458777660431, 1.001366633186191, 0.0, 66.47222081309678, 67.47358744628349, 6.103000000000005
0.0057553106212424885, 0.45470956025747356, 0.0013739792016000435, 67.88891764318305, -0.010387701889124315, 0.0, 0.09012316583621649, 0.07973546394709219, -6.558580998733316, 0.0, 132.29265620058766, 125.73407520185259, 1.0017240459336612, 0.0, 66.69983956168578, 67.70156360761766, 6.103000000000005
0.005768937875751505, 0.45364048709374494, 0.0013772324689738655, 68.14416007229647, -0.010409034265794127, 0.0, 0.0905541780879236, 0.08014514382212962, -6.555851228392371, 0.0, 132.67948717756724, 126.12363594917423, 1.0020843418818202, 0.0, 66.92865706869478, 67.93074141057586, 6.103000000000006
0.005782565130260524, 0.4525626797650024, 0.001380485736347688, 68.40047992386735, -0.010430357765513204, 0.0, 0.0909864509508585, 0.08055609318534601, -6.553123829649541, 0.0, 133.06762846054914, 126.51450463089992, 1.0024470037793545, 0.0, 67.15861646917664, 68.16106347295579, 6.103000000000005
0.005796192384769542, 0.4514763299610163, 0.0013837390037215104, 68.6577705572281, -0.010451672396823854, 0.0, 0.09141998859487505, 0.08096831619805123, -6.550399314811386, 0.0, 133.45702247258131, 126.90662315776908, 1.0028114920781355, 0.0, 67.38965836055971, 68.39246985263698, 6.103000000000005
0.00580981963927856, 0.45038163634593875, 0.0013869922710953327, 68.91592152718385, -0.01047297816997423, 0.0, 0.09185479499808041, 0.08138181682810602, -6.547678220362189, 0.0, 133.84760890369014, 127.29993068332953, 1.0031772445377924, 0.0, 67.62172076262571, 68.62489800716521, 6.103000000000006
0.005823446893787579, 0.4492788046936891, 0.0013902455384691551, 69.17481855684764, -0.010494275096997739, 0.0, 0.09229087393787011, 0.08179659884087337, -6.544961107401289, 0.0, 134.23932466597822, 127.69436355857772, 1.0035436758281018, 0.0, 67.85473907723784, 68.858282753066, 6.103000000000006
0.005837074148296596, 0.448168048024824, 0.0013934988058429772, 69.43434351078031, -0.01051556319179386, 0.0, 0.09272822898182026, 0.08221266579002623, -6.542248562083997, 0.0, 134.6321038484344, 128.08985528635088, 1.0039101771282841, 0.0, 68.08864604781893, 69.0925562249478, 6.103000000000006
0.005850701402805614, 0.44704958674489825, 0.0013967520732167996, 69.69437436980752, -0.01053684247021029, 0.0, 0.09316686347842479, 0.08263002100821404, -6.539541196065569, 0.0, 135.0258776714833, 128.48633647541575, 1.0042761157235882, 0.0, 68.32337171861495, 69.3276478343369, 6.103000000000004
0.005864328657314632, 0.44592364878429835, 0.0014000053405906219, 69.95478520648703, -0.010558112950126736, 0.0, 0.09360678054769245, 0.08304866759756557, -6.536839646948511, 0.0, 135.42057444121707, 128.88373479426895, 1.004640834599203, 0.0, 68.55884339367519, 69.56348422827489, 6.103000000000005
0.00587795591182365, 0.44479046973957104, 0.0014032586079644443, 70.21544616176834, -0.010579374651540005, 0.0, 0.09404798307158901, 0.08346860842004811, -6.534144578733215, 0.0, 135.8161195033971, 129.2819749246646, 1.0050036520311494, 0.0, 68.79498559564628, 69.7999892476788, 6.103000000000006
0.005891583166332669, 0.443650293016256, 0.0014065118753382665, 70.47622342286468, -0.01060062759665062, 0.0, 0.0944904736843315, 0.08388984608768135, -6.531456682271575, 0.0, 136.2124351971103, 129.68097851483807, 1.0053638611747173, 0.0, 69.03172002426011, 70.03708388543383, 6.103000000000005
0.005905210420841686, 0.4425033699732053, 0.0014097651427120888, 70.73697920205996, -0.010621871809950934, 0.0, 0.09493425476253348, 0.08431238295258292, -6.528776675724256, 0.0, 136.60944080819468, 130.08066413246883, 1.00572072964974, 0.0, 69.26896551462904, 70.27468624427691, 6.103000000000005
0.005918837675350705, 0.4413499600684352, 0.0014130184100859112, 70.99757171690726, -0.010643107318314707, 0.0, 0.09537932841519203, 0.0847362210968775, -6.526105305021152, 0.0, 137.00705252235238, 130.48094721733173, 1.0060734991230973, 0.0, 69.50663799527415, 70.5127114943976, 6.103000000000005
0.005932464929859722, 0.44019033100650784, 0.0014162716774597335, 71.25785517135864, -0.010664334151088233, 0.0, 0.0958256964735269, 0.0851613623224392, -6.523443344324506, 0.0, 137.4051833779996, 130.88174003367317, 1.0064213848890982, 0.0, 69.7446504459264, 70.75107183081317, 6.103000000000007
0.005946092184368741, 0.4390247588874061, 0.001419524944833556, 71.51767973835649, -0.010685552340182862, 0.0, 0.09627336048066548, 0.08558780814048284, -6.520791596496337, 0.0, 137.80374321880677, 131.28295162231055, 1.006763575445907, 0.0, 69.98291285505866, 70.98967643050455, 6.103000000000007
0.0059597194388777575, 0.43785352835697733, 0.001422778212207378, 71.77689154350173, -0.010706761920169247, 0.0, 0.09672232168117123, 0.08601555976100261, -6.518150893568127, 0.0, 138.20263864599957, 131.6844877524297, 1.0070992320703414, 0.0, 70.22133217722059, 71.22843140928876, 6.103000000000007
0.005973346693386777, 0.4366769327588935, 0.0014260314795812004, 72.03533265000806, -0.010727962928372928, 0.0, 0.09717258101041892, 0.08644461808204518, -6.515522097214339, 0.0, 138.60177297033246, 132.08625087311634, 1.0074274883891532, 0.0, 70.45981229008386, 71.4672397784718, 6.103000000000005
0.0059869739478957944, 0.43549527428818546, 0.0014292847469550226, 72.29284104506132, -0.010749155404971563, 0.0, 0.09762413908380363, 0.0868749836788314, -6.512906099229092, 0.0, 139.00104616380457, 132.48814006457476, 1.0077474499477126, 0.0, 70.69825395127725, 71.70600140122473, 6.103000000000006
0.006000601202404813, 0.43430886414630177, 0.001432538014328845, 72.54925062728216, -0.01077033939309368, 0.0, 0.09807699618581367, 0.08730665679271932, -6.510303822006066, 0.0, 139.40035481109157, 132.89005098908515, 1.0080581937758772, 0.0, 70.9365547549629, 71.94461294873888, 6.103000000000005
0.0060142284569138305, 0.43311802269777644, 0.0014357912817026673, 72.80439119580569, -0.010791514938919087, 0.0, 0.0985311522589164, 0.0877396373199969, -6.5077162190214235, 0.0, 139.7995920606936, 133.2918758416741, 1.0083587679514114, 0.0, 71.17460908818882, 72.18296785614243, 6.103000000000005
0.006027855711422848, 0.4319230796284179, 0.0014390445490764896, 73.05808844049261, -0.010812682091780677, 0.0, 0.09898660689231276, 0.08817392480053243, -6.505144275320497, 0.0, 140.1986475757871, 133.69350330046652, 1.0086481911599487, 0.0, 71.41230808696609, 72.42095627812571, 6.103000000000006
0.0060414829659318665, 0.4307243741050977, 0.0014422978164503118, 73.31016393368009, -0.01083384090426797, 0.0, 0.09944335931050874, 0.08860951840624165, -6.502589008007322, 0.0, 140.59740748481408, 134.09481847680874, 1.0089254522526965, 0.0, 71.64953959213979, 72.65846504439385, 6.103000000000005
0.006055110220440885, 0.42952225493712337, 0.0014455510838241343, 73.56043512338238, -0.010854991432332265, 0.0, 0.099901408361739, 0.08904641692940762, -6.500051466737524, 0.0, 140.99575433178777, 134.49570286504834, 1.009189509801277, 0.0, 71.88618810500682, 72.89537761480557, 6.103000000000007
0.0060687374749499035, 0.42831708073922226, 0.0014488043511979567, 73.80871532778838, -0.010876133735393185, 0.0, 0.10036075250622545, 0.08948461877083225, -6.497532734214578, 0.0, 141.39356702628518, 134.89603429207204, 1.0094392916494774, 0.0, 72.12213474266368, 73.13157403431458, 6.103000000000006
0.006082364729458921, 0.4271092200961002, 0.001452057618571779, 74.05481373148632, -0.01089726787644726, 0.0, 0.10082138980426825, 0.08992412192782084, -6.495033926689103, 0.0, 141.79072079321944, 135.2956868665288, 1.0096736944627633, 0.0, 72.35725719317676, 73.36693088763809, 6.103000000000006
0.006095991983967939, 0.42589905172857545, 0.0014553108859456012, 74.29853538293082, -0.01091839392217761, 0.0, 0.10128331790418121, 0.09036492398200424, -6.492556194461729, 0.0, 142.18708712224182, 135.69453092778105, 1.0098915832742874, 0.0, 72.59142967041738, 73.60132125369219, 6.103000000000006
0.006109619238476956, 0.424686964661416, 0.0014585641533194234, 74.53968119369802, -0.010939511943065704, 0.0, 0.10174653403005429, 0.09080702208698843, -6.490100722389073, 0.0, 142.58253371695548, 136.09243299456307, 1.0100917910285845, 0.0, 72.82452286875392, 73.83461465977926, 6.103000000000006
0.0061232464929859756, 0.4234733583927106, 0.0014618174206932459, 74.77804793918403, -0.01096062201350459, 0.0, 0.10221103496935124, 0.0912504129558479, -6.48766873039273, 0.0, 142.97692444377088, 136.48925571337736, 1.0102731181225726, 0.0, 73.0564039174256, 74.06667703554652, 6.103000000000006
0.006136873747494993, 0.4222586430649047, 0.0014650706880670681, 75.01342826083055, -0.01098172421191373, 0.0, 0.10267681706035137, 0.09169509284843791, -6.485261473971931, 0.0, 143.37011928053028, 136.88485780656103, 1.010434331943344, 0.0, 73.28693633471804, 74.29737066666388, 6.103000000000007
0.006150501002004011, 0.42104323963746815, 0.0014683239554408904, 75.24561067030209, -0.011002818620855656, 0.0, 0.1031438761794028, 0.09214105755854773, -6.482880244719249, 0.0, 143.76197426481372, 137.27909402009462, 1.0105741664034402, 0.0, 73.51597998187496, 74.52655414827815, 6.103000000000007
0.006164128256513028, 0.41982758006122367, 0.0014715772228147126, 75.47437955484929, -0.011023905327154237, 0.0, 0.1036122077280297, 0.09258830240087623, -6.4805263708393985, 0.0, 144.15234144198735, 137.6718150711513, 1.0106913214734867, 0.0, 73.74339101677708, 74.7540823382534, 6.103000000000006
0.006177755511022047, 0.41861210745425836, 0.001474830490188535, 75.69951518473408, -0.01104498442201458, 0.0, 0.10408180661985444, 0.09303682219784082, -6.478201217671856, 0.0, 144.5410688129598, 138.06286759529144, 1.010784462711415, 0.0, 73.96902184737995, 74.97980631009422, 6.103000000000007
0.006191382765531066, 0.4173972762795817, 0.0014780837575623575, 75.92079372224907, -0.011066056001144704, 0.0, 0.10455266726735657, 0.09348661126621216, -6.4759061882160065, 0.0, 144.92800028164856, 138.4520940934312, 1.0108522207896797, 0.0, 74.19272108489733, 75.20357330568545, 6.103000000000009
0.006205010020040084, 0.4161835525243811, 0.0014813370249361797, 76.13798723244508, -0.01108712016487898, 0.0, 0.10502478356845424, 0.09393766340357668, -6.473642723660036, 0.0, 145.3129756021764, 138.8393328785157, 1.0108931910192334, 0.0, 74.41433349675884, 75.42522668777647, 6.103000000000008
0.006218637274549101, 0.4149714138809655, 0.001484590292310002, 76.35086369570672, -0.011108177018303151, 0.0, 0.1054981488929263, 0.09438997187462317, -6.471412303913089, 0.0, 145.69583032578097, 139.2244180218662, 1.010905932870596, 0.0, 74.63369995931289, 75.6446058921818, 6.103000000000009
0.006232264529058119, 0.4137613499293966, 0.0014878435596838242, 76.55918702212875, -0.011129226671381233, 0.0, 0.1059727560686422, 0.09484352939726126, -6.469216448140424, 0.0, 146.07639574744357, 139.6071792993012, 1.0108889694925023, 0.0, 74.85065741030144, 75.86154637979179, 6.103000000000007
0.006245891783567137, 0.4125538623218139, 0.0014910968270576467, 76.76271706758598, -0.011150269239084073, 0.0, 0.10644859736763401, 0.0952983281285501, -6.46705671530171, 0.0, 146.45449885222985, 139.98744213692663, 1.0108407872278133, 0.0, 75.06503880107606, 76.07587958830227, 6.103000000000008
0.006259519038076155, 0.4113494649683922, 0.001494350094431469, 76.96120965198679, -0.011171304841519705, 0.0, 0.10692566449198693, 0.0957543596504683, -6.464934704693258, 0.0, 146.82996226135694, 140.36502755666305, 1.0107598351259859, 0.0, 75.27667304858569, 76.28743288371031, 6.103000000000007
0.006273146292585174, 0.4101486842250823, 0.0014976033618052914, 77.1544165790383, -0.011192333604065395, 0.0, 0.10740394855955371, 0.09621161495549035, -6.462852056493078, 0.0, 147.20260417795092, 140.73975212145623, 1.010644524453132, 0.0, 75.48538498709438, 76.49602951154455, 6.103000000000008
0.006286773547094191, 0.4089520590829956, 0.0015008566291791134, 77.34208565828521, -0.01121335565750167, 0.0, 0.10788344008949424, 0.09667008443199254, -6.460810452308527, 0.0, 147.5722383325833, 141.1114278802768, 1.0104932282000927, 0.0, 75.69099531971767, 76.7014885479198, 6.103000000000008
0.006300400801603209, 0.4077601413595433, 0.0015041098965529358, 77.5239607288986, -0.011234371138147915, 0.0, 0.10836412898762948, 0.09712975784948141, -6.458811615728782, 0.0, 147.93867392845766, 141.4798623127269, 1.0103042805859999, 0.0, 75.89332056965429, 76.9036248502384, 6.103000000000007
0.006314028056112228, 0.40657349589123726, 0.0015073631639267583, 77.69978168554735, -0.011255380187999733, 0.0, 0.10884600453163507, 0.09759062434363552, -6.456857312879074, 0.0, 148.3017155863309, 141.84485827344946, 1.010075976560539, 0.0, 76.0921730311807, 77.10224900773875, 6.103000000000007
0.0063276553106212455, 0.40539270072829403, 0.0015106164313005805, 77.86928450615233, -0.011276382954868505, 0.0, 0.10932905535603132, 0.09805267240116267, -6.454949352978919, 0.0, 148.66116328920194, 142.20621393622181, 1.0098065713029245, 0.0, 76.28736072046954, 77.29716729177137, 6.103000000000009
0.006341282565130264, 0.40421834733092954, 0.0015138696986744028, 78.03220128208159, -0.01129737959252223, 0.0, 0.10981326943701397, 0.09851588984449211, -6.453089588903538, 0.0, 149.01681232664046, 142.56372273773746, 1.00949427971779, 0.0, 76.47868732607382, 77.48818160579191, 6.103000000000009
0.0063549098196392815, 0.40305104076736686, 0.001517122966048225, 78.18826024985901, -0.011318370260828619, 0.0, 0.11029863407709162, 0.09898026381626279, -6.4512799177484705, 0.0, 149.36845323889162, 142.91717332114249, 1.009137275928656, 0.0, 76.66595215923587, 77.67508943516403, 6.103000000000009
0.0063685370741483, 0.4018913999137004, 0.0015203762334220475, 78.33718582555412, -0.011339355125899907, 0.0, 0.11078513588953631, 0.09944578076363675, -6.449522281397267, 0.0, 149.71587176068232, 143.2663494792839, 1.0087336927686792, 0.0, 76.84895010394067, 77.85768379670796, 6.103000000000009
0.006382164328657318, 0.4007400576553586, 0.0015236295007958697, 78.47869864087988, -0.011360334360239307, 0.0, 0.11127276078267234, 0.09991242642243314, -6.4478186670928626, 0.0, 150.0588487647169, 143.61103009762184, 1.0082816212680692, 0.0, 77.02747156668494, 78.03575318795072, 6.103000000000009
0.006395791583166336, 0.3995976610904819, 0.0015268827681696922, 78.612515581759, -0.011381308142889717, 0.0, 0.11176149394395307, 0.10038018580106356, -6.446171108011745, 0.0, 150.3971602049392, 143.95098909693016, 1.00777911013941, 0.0, 77.20130242607122, 78.20908153621319, 6.103000000000007
0.006409418837675353, 0.3984648717349595, 0.0015301360355435142, 78.73834982904918, -0.011402276659583937, 0.0, 0.11225131982387548, 0.10084904316429188, -6.4445816838418235, 0.0, 150.73057705947238, 144.28599537563207, 1.0072241652595442, 0.0, 77.37022398210492, 78.37744814736575, 6.103000000000008
0.006423046092184372, 0.3973423657293216, 0.0015333893029173366, 78.8559109014077, -0.011423240102897076, 0.0, 0.11274222211969409, 0.10131898201679757, -6.443052521362876, 0.0, 151.05886527330992, 144.61581275194965, 1.006614749149502, 0.0, 77.53401290529266, 78.5406276544444, 6.1030000000000095
0.00643667334669339, 0.3962308340473477, 0.0015366425702911589, 78.9649047005114, -0.011444198672400504, 0.0, 0.11323418375895489, 0.10178998508655457, -6.441585795031498, 0.0, 151.3817857006733, 144.94019990564522, 1.0059487804502207, 0.0, 77.69244118544256, 78.69838996589607, 6.103000000000009
0.006450300601202408, 0.39513098270655167, 0.0015398958376649813, 79.06503355866516, -0.011465152574818139, 0.0, 0.11372718688283867, 0.10226203430802039, -6.440183727567543, 0.0, 151.69909404715293, 145.25891031958753, 1.0052241333974585, 0.0, 77.84527608029049, 78.85050021369018, 6.1030000000000095
0.006463927855711427, 0.39404353298034955, 0.0015431491050388038, 79.15599628868222, -0.011486102024184226, 0.0, 0.11422121282931708, 0.10273511080513331, -6.438848590545639, 0.0, 152.01054081151602, 145.571692220973, 1.0044386372918783, 0.0, 77.99228006383223, 78.99671870112641, 6.103000000000009
0.006477555110220443, 0.39296922161215697, 0.0015464023724126258, 79.23748823610549, -0.01150704724200337, 0.0, 0.11471624211612264, 0.10320919487411917, -6.4375827049885155, 0.0, 152.31587122725244, 145.8782885222615, 1.0035900759679726, 0.0, 78.13321077443146, 79.13680085039708, 6.103000000000008
0.006491182364729463, 0.39190880103121994, 0.0015496556397864483, 79.30920133393556, -0.011527988457412333, 0.0, 0.11521225442351524, 0.10368426596610392, -6.436388441964579, 0.0, 152.61482520382268, 146.17843676186044, 1.0026761872590826, 0.0, 78.26782096267904, 79.27049714993981, 6.103000000000009
0.00650480961923848, 0.3908630395702595, 0.0015529089071602705, 79.3708241596687, -0.011548925907343754, 0.0, 0.11570922857687527, 0.1041603026695308, -6.435268223188447, 0.0, 152.90713726766583, 146.4718690444795, 1.0016946624599559, 0.0, 78.39585843904018, 79.39755310150271, 6.103000000000008
0.006518436873747499, 0.3898327216850461, 0.001556162174534093, 79.4220419951198, -0.011569859836692032, 0.0, 0.11620714252908337, 0.10463728269239159, -6.434224521624057, 0.0, 153.19253650286385, 146.75831198123947, 1.0006431457872693, 0.0, 78.51706602121227, 79.51770916699908, 6.103000000000008
0.006532064128256516, 0.38881864817563994, 0.0015594154419079152, 79.46253688843899, -0.011590790498480908, 0.0, 0.11670597334273047, 0.10511518284425048, -6.43325986209225, 0.0, 153.47074649157705, 147.0374866294832, 0.9995192338360255, 0.0, 78.63118148127876, 79.6307007151126, 6.103000000000009
0.006545691382765534, 0.3878216364096527, 0.0015626687092817374, 79.4919877187258, -0.011611718154033251, 0.0, 0.11720569717211626, 0.10559397901808198, -6.432376821880765, 0.0, 153.74148525414847, 147.3091084322644, 0.9983204750341017, 0.0, 78.73793749258326, 79.7362579676147, 6.103000000000009
0.006559318637274552, 0.3868425205472015, 0.0015659219766555597, 79.51007026351544, -0.01163264307314271, 0.0, 0.11770628924505089, 0.10607364617190873, -6.431578031357532, 0.0, 154.00446518898022, 147.57288715762235, 0.9970443690939221, 0.0, 78.83706157641726, 79.83410594551047, 6.103000000000007
0.006572945891783571, 0.3858821517678699, 0.0015691752440293821, 79.51645726844072, -0.011653565534247417, 0.0, 0.1182077238444772, 0.10655415831022985, -6.4308661745877895, 0.0, 154.25939301208638, 147.8285268374973, 0.9956883664607864, 0.0, 78.92827604841358, 79.92396441487304, 6.103000000000008
0.006586573146292589, 0.38494139849936815, 0.0015724285114032046, 79.51081852007155, -0.01167448582460564, 0.0, 0.11870997428988117, 0.10703548846527577, -6.430243989953854, 0.0, 154.50596969637692, 148.07572570641958, 0.9942498677589878, 0.0, 79.01129796472108, 80.00554783247644, 6.1030000000000095
0.006600200400801606, 0.38402114664817866, 0.0015756817787770266, 79.4928209209229, -0.0116954042404735, 0.0, 0.11921301291850828, 0.10751760867803517, -6.429714270778537, 0.0, 154.7438904106306, 148.31417613985724, 0.9927262232347569, 0.0, 79.08583906790578, 80.07856529114545, 6.1030000000000095
0.006613827655310624, 0.383122299832074, 0.001578935046150849, 79.46212856751663, -0.01171632108728485, 0.0, 0.11971681106638399, 0.10800048997909872, -6.429279865951325, 0.0, 154.9728444582838, 148.54356459232798, 0.9911147321970079, 0.0, 79.15160573270646, 80.14272046489926, 6.1030000000000095
0.006627454909819642, 0.3822457796144896, 0.0015821883135246713, 79.4184028312502, -0.011737236679832959, 0.0, 0.12022133904912624, 0.10848410236929307, -6.428943680558486, 0.0, 155.1925152157859, 148.7635715352288, 0.9894126424544747, 0.0, 79.20829891140248, 80.1977115538585, 6.103000000000009
0.006641082164328661, 0.38139252574074156, 0.0015854415808984937, 79.3613024416718, -0.011758151342454334, 0.0, 0.12072656614257138, 0.10896841480011754, -6.4287086765160835, 0.0, 155.4025800708084, 148.9738713942935, 0.9876171497504445, 0.0, 79.25561407906633, 80.24323122881766, 6.103000000000009
0.006654709418837679, 0.3805634963762454, 0.001588694848272316, 79.29048357311694, -0.01177906540921473, 0.0, 0.12123246056318382, 0.10945339515396957, -6.428577873206038, 0.0, 155.60271036008396, 149.17413248687754, 0.9857253971950091, 0.0, 79.29324117849602, 80.27896657569036, 6.103000000000008
0.0066683366733466965, 0.37975966834655495, 0.0015919481156461382, 79.2055999338063, -0.01179997922409707, 0.0, 0.1217389894482741, 0.10993901022417751, -6.428554348115938, 0.0, 155.79257130701066, 149.36401695889657, 0.9837344746939096, 0.0, 79.3208645649459, 80.30459903964133, 6.103000000000009
0.006681963927855714, 0.37898203737937486, 0.0015952013830199605, 79.1063028580993, -0.011820893141191611, 0.0, 0.122246118836002, 0.11042522569481195, -6.428641237481649, 0.0, 155.97182195895695, 149.54318072147498, 0.9816414183751618, 0.0, 79.33816295060569, 80.31980436897955, 6.103000000000007
0.0066955911823647326, 0.3782316183484422, 0.001598454650393783, 78.99224140145088, -0.011841807524888037, 0.0, 0.12275381364518734, 0.11091200612030017, -6.428841736933554, 0.0, 156.14011512427138, 149.711273387334, 0.9794432100124102, 0.0, 79.34480934881718, 80.3242525588252, 6.103000000000008
0.006709218436873752, 0.377509445519399, 0.0016017079177676054, 78.86306243860417, -0.011862722750069747, 0.0, 0.12326203765490851, 0.11139931490483934, -6.4291591021456265, 0.0, 156.2970973090514, 149.8679382069021, 0.9771367764459712, 0.0, 79.34047101809442, 80.31760779453633, 6.1030000000000095
0.0067228456913827695, 0.37681657279748926, 0.0016049611851414276, 78.71841076468809, -0.011883639202310269, 0.0, 0.1237707534838961, 0.11188711428158649, -6.429596649488439, 0.0, 156.44240865355883, 150.01281200406962, 0.9747189890004084, 0.0, 79.3248094058303, 80.29952839482952, 6.103000000000008
0.006736472945891787, 0.37615407397732703, 0.0016082144525152498, 78.55792919926171, -0.011904557278071822, 0.0, 0.12427992256971843, 0.11237536529164682, -6.430157756684519, 0.0, 156.57568286844767, 150.14552511176709, 0.9721866629002422, 0.0, 79.29748009185629, 80.2696667547603, 6.103000000000009
0.006750100200400805, 0.3755230429945353, 0.001611467719889072, 78.38125869357464, -0.011925477384905942, 0.0, 0.12478950514776277, 0.11286402776285698, -6.4308458634677175, 0.0, 156.69654717062147, 150.26570130715464, 0.9695365566820646, 0.0, 79.2581327316696, 80.22766928835246, 6.103000000000007
0.006763727454909823, 0.3749245941793511, 0.0016147209872628945, 78.1880384411379, -0.011946399941656208, 0.0, 0.12529946023000504, 0.11335306028835013, -6.431664472245709, 0.0, 156.80462221883724, 150.37295774659302, 0.9667653716039645, 0.0, 79.20641099944908, 80.17317637105376, 6.103000000000007
0.006777354709418841, 0.3743598625122271, 0.0016179742546367168, 77.97790599081054, -0.011967325378663528, 0.0, 0.12580974558356295, 0.11384242020489843, -6.432617148765311, 0.0, 156.89952204907323, 150.46690490031193, 0.9638697510528494, 0.0, 79.14195253087902, 80.1058222819365, 6.103000000000008
0.006790981963927859, 0.37383000388135024, 0.001621227522010539, 77.75049736404617, -0.011988254137972883, 0.0, 0.12632031770904795, 0.11433206357107517, -6.433707522781384, 0.0, 156.9808540095444, 150.54714648676466, 0.9608462799481938, 0.0, 79.06438886565526, 80.02523514560502, 6.103000000000007
0.006804609218436877, 0.37333619534215146, 0.0016244807893843612, 77.5054471744661, -0.012009186673542893, 0.0, 0.12683113181870964, 0.11482194514516864, -6.4349392887292165, 0.0, 157.04821869547777, 150.61327940674622, 0.9576914841431929, 0.0, 78.9733453897888, 79.93103687392848, 6.103000000000007
0.006818236472945895, 0.3728796353788546, 0.0016277340567581837, 77.24238875129595, -0.012030123451457351, 0.0, 0.12734214181435166, 0.11531201836289418, -6.436316206399718, 0.0, 157.10120988358204, 150.6648936771868, 0.9544018298234106, 0.0, 78.86844127765393, 79.8228431074819, 6.103000000000006
0.006831863727454913, 0.3724615441679848, 0.001630987324132006, 76.96095426596003, -0.01205106495013887, 0.0, 0.12785330026504016, 0.11580223531490108, -6.437842101618039, 0.0, 157.13941446627246, 150.70157236465374, 0.9509737229024349, 0.0, 78.74928943382787, 79.70026315672978, 6.103000000000005
0.006845490981963931, 0.3720831638437758, 0.0016342405915058284, 76.66077486172799, -0.012072011660564722, 0.0, 0.12836455838460648, 0.11629254672404099, -6.439520866925755, 0.0, 157.16241238554716, 150.7228915186173, 0.9474035084144031, 0.0, 78.61549643461713, 79.56289994302792, 6.103000000000006
0.00685911823647295, 0.37174575876580285, 0.0016374938588796506, 76.34148078743237, -0.012092964086485261, 0.0, 0.1288758660089273, 0.11678290192244312, -6.441356462265564, 0.0, 157.1697765666577, 150.72842010439177, 0.9436874699047149, 0.0, 78.46666246942239, 79.41034993932608, 6.103000000000006
0.006872745490981967, 0.37145061578835303, 0.0016407471262534729, 76.00270153394376, -0.012113922744644005, 0.0, 0.12938717157298885, 0.11727324882834567, -6.4433529156704905, 0.0, 157.16107285144162, 150.71771993577156, 0.939821828816351, 0.0, 78.30238128180585, 79.24220311062214, 6.103000000000005
0.006886372745490986, 0.3711990445321316, 0.0016440003936272953, 75.64406597446941, -0.012134888165000648, 0.0, 0.12989842208772284, 0.11776353392272343, -6.445514323954455, 0.0, 157.13585993140515, 150.69034560745425, 0.9358027438756997, 0.0, 78.12224011035565, 79.05804285423415, 6.103000000000004
0.006900000000000003, 0.37099237765765913, 0.0016472536610011176, 75.26520250830072, -0.012155860890955543, 0.0, 0.13040956311665153, 0.11825370222569687, -6.447844853408114, 0.0, 157.09368928050637, 150.64584442709193, 0.9316263104731206, 0.0, 77.92581962927414, 78.85744593974043, 6.103000000000005
