phi0, phi, rho, Z_fit_curve, F_id, F_fr, F_ex, F_total, mu_id, mu_fr, mu_ex, mu_kT, PV_id, PV_fr, PV_ex, PV_NkT, alpha
1.0000000000000005E-4, 0.03437450707383053, 2.387324146378431E-5, 1.0620788284713805, -2.797158664675683E-4, 0.0, -6.6013583094393165E-6, -2.8631722477700453E-4, -10.310369041760069, 0.0, 0.8230799941979646, -9.487289047562088, 1.4063417740668083, 0.0, 1.099597044446611, 2.5059388185133042, 7.005
1.0581162324649302E-4, 0.036371403772426945, 2.5260664314385E-5, 1.0640255494741242, -2.9400194730259315E-4, 0.0, -5.480072650179406E-6, -2.994820199527694E-4, -10.28337552588205, 0.0, 0.7934257569709607, -9.48994976891108, 1.355350346230903, 0.0, 1.0103667123621738, 2.365717058592963, 7.005
1.1162324649298601E-4, 0.03836830047102335, 2.6648087164985692E-5, 1.0658419924260587, -3.082507863734935E-4, 0.0, -4.399315649647229E-6, -3.126501020231376E-4, -10.256683722820252, 0.0, 0.7646550502572803, -9.49202867256296, 1.3107801804996144, 0.0, 0.9297444100454648, 2.2405245905449744, 7.005
1.1743486973947899E-4, 0.04036519716961977, 2.8035510015586382E-5, 1.067535559845627, -3.2246280015844973E-4, 0.0, -3.3578698123345258E-6, -3.2582066997078105E-4, -10.23029057275846, 0.0, 0.7367558731629515, -9.493534699595495, 1.2716510712200535, 0.0, 0.8565278983719709, 2.128178969591924, 7.005
1.2324649298597198E-4, 0.04236209386821618, 2.9422932866187073E-5, 1.0691135101332472, -3.3663840090504115E-4, 0.0, -2.354534234539561E-6, -3.3899293513957746E-4, -10.204193036997996, 0.0, 0.7097163091062744, -9.494476727891714, 1.23716810929028, 0.0, 0.7897400866558401, 2.026908195946018, 7.005
1.2905811623246496E-4, 0.0443589905668126, 3.081035571678776E-5, 1.0705829585637177, -3.507779966594948E-4, 0.0, -1.3881244875080642E-6, -3.5216612114699977E-4, -10.178388097886128, 0.0, 0.6835245256481575, -9.494863572237959, 1.2066799579287868, 0.0, 0.7285783543110869, 1.935258312239784, 7.005
1.3486973947895794E-4, 0.04635588726540901, 3.2197778567388454E-5, 1.0719508782839398, -3.648819912958362E-4, 0.0, -4.574725008095069E-7, -3.653394637966425E-4, -10.15287275874446, 0.0, 0.6581687743224558, -9.494703984421996, 1.1796479160019422, 0.0, 0.6723769750482307, 1.8520248910500792, 7.005
1.4068136272545094E-4, 0.04835278396400543, 3.3585201417989144E-5, 1.073224101315871, -3.789507845449394E-4, 0.0, 4.385735540511581E-7, -3.7851221099088504E-4, -10.127644043797362, 0.0, 0.6336373904663084, -9.494006653331047, 1.155622649430298, 0.0, 0.6205788546965557, 1.7762015041267658, 7.005
1.4649298597194392E-4, 0.050349680662601835, 3.4972624268589835E-5, 1.0744093195646383, -3.9298477202347827E-4, 0.0, 1.3011493797863792E-6, -3.9168362264368865E-4, -10.102698998100378, 0.0, 0.6099187930504765, -9.492780205049895, 1.134226461234738, 0.0, 0.5727139962415911, 1.7069404574762428, 7.005
1.523046092184369E-4, 0.05234657736119825, 3.6360047119190525E-5, 1.0755130858317288, -4.0698434526277897E-4, 0.0, 2.1313746692435414E-6, -4.04852970593532E-4, -10.078034687468609, 0.0, 0.5870014845096795, -9.491033202958924, 1.1151396208225375, 0.0, 0.5283828952032146, 1.6435225160256646, 7.005
1.5811623246492988E-4, 0.054343474059794665, 3.7747469969791216E-5, 1.0765418148331791, -4.209498917375718E-4, 0.0, 2.930353221087047E-6, -4.180195385164816E-4, -10.053648198405158, 0.0, 0.564874050572935, -9.488774147832217, 1.0980897081208227, 0.0, 0.48724359683836244, 1.585333304959107, 7.005
1.639278557114229E-4, 0.05634037075839109, 3.913489282039191E-5, 1.0775017842226888, -4.348817948946458E-4, 0.0, 3.6991730552450495E-6, -4.3118262183939747E-4, -10.029536638029516, 0.0, 0.5435251600938952, -9.486011477935614, 1.0828432243740689, 0.0, 0.44900150642701886, 1.5318447308010106, 7.005
1.6973947895791589E-4, 0.0583372674569875, 4.0522315670992603E-5, 1.0783991356195781, -4.487804341814008E-4, 0.0, 4.438906528120743E-6, -4.443415276532768E-4, -10.005697134005972, 0.0, 0.5229435648811833, -9.482753569124787, 1.0691989263555197, 0.0, 0.41340129281161664, 1.4826002191670578, 7.005
1.7555110220440886E-4, 0.060334164155583916, 4.1909738521593294E-5, 1.0792398756415116, -4.626461850743041E-4, 0.0, 5.15061044756832E-6, -4.5749557462673246E-4, -9.98212683447204, 0.0, 0.5031180995287344, -9.479008734943303, 1.0569824846169662, 0.0, 0.38022040010943225, 1.4372028847263223, 7.005
1.8136272545090187E-4, 0.06233106085418033, 4.3297161372193984E-5, 1.0800298769419083, -4.764794191072446E-4, 0.0, 5.8353261876335096E-6, -4.706440929196079E-4, -9.958822907966837, 0.0, 0.4840376812461301, -9.474785226720705, 1.0460421687826498, 0.0, 0.34926380686966735, 1.3953059756522483, 7.005
1.8717434869739485E-4, 0.06432795755277673, 4.4684584222794675E-5, 1.0807748792519642, -4.902805038997894E-4, 0.0, 6.494079803058689E-6, -4.8378642409672746E-4, -9.935782543359522, 0.0, 0.4656913096889379, -9.470091233670587, 1.0362453366646014, 0.0, 0.3203597615496603, 1.3566050982141877, 7.005
1.9298597194388782E-4, 0.06632485425137316, 4.6072007073395365E-5, 1.0814804904272057, -5.040498031853396E-4, 0.0, 7.127882143552645E-6, -4.969219210417837E-4, -9.913002949777697, 0.0, 0.4480680667890471, -9.464934882988649, 1.0274755577542016, 0.0, 0.29335628850255924, 1.3208318462566913, 7.005
1.987975951903808E-4, 0.06832175094996956, 4.7459429923996056E-5, 1.0821521874984954, -5.177876768391888E-4, 0.0, 7.737728967824948E-6, -5.100499478713606E-4, -9.890481356535794, 0.0, 0.43115711658500905, -9.459324239950787, 1.019630241273119, 0.0, 0.2681183068012307, 1.2877485480742792, 7.005
2.046092184368738E-4, 0.07031797588569144, 4.8846852774596746E-5, 1.0827953177274157, -5.314944809064806E-4, 0.0, 8.324601057384865E-6, -5.231698798490926E-4, -9.86821501306352, 0.0, 0.41494770505237244, -9.453267308011148, 1.0126186684646603, 0.0, 0.24452524005143078, 1.2571439085160272, 7.005
2.1042084168336678E-4, 0.0723140255789243, 5.023427562519744E-5, 1.0834150996659502, -5.451705676300673E-4, 0.0, 8.889464330104969E-6, -5.362811032999591E-4, -9.84620118883424, 0.0, 0.3994291599340227, -9.446772028900218, 1.0063603509724675, 0.0, 0.2224690222696503, 1.2288293732420514, 7.005
2.1623246492985976E-4, 0.07431007527215716, 5.162169847579813E-5, 1.084016624220382, -5.588162854782688E-4, 0.0, 9.433269953549312E-6, -5.493830155247162E-4, -9.824437173293393, 0.0, 0.38459089057051765, -9.439846282722876, 1.0007836539573682, 0.0, 0.2018524253111476, 1.2026360792684516, 7.005
2.2204408817635274E-4, 0.07630612496539002, 5.300912132639882E-5, 1.0846048557193357, -5.724319791725336E-4, 0.0, 9.956954458066164E-6, -5.624750247144643E-4, -9.802920275786901, 0.0, 0.37042238773042735, -9.432497888056478, 0.9958246354489592, 0.0, 0.18258764893600127, 1.1784122843848985, 7.005
2.2785571142284574E-4, 0.07830217465862288, 5.439654417699951E-5, 1.0851846329858825, -5.860179897149994E-4, 0.0, 1.0461439849645469E-5, -5.755565498653505E-4, -9.781647825489587, 0.0, 0.3569132234406706, -9.424734602048922, 0.9914260633253076, 0.0, 0.16459512662177606, 1.1560211899470147, 7.005
2.3366733466933872E-4, 0.08029822435185575, 5.57839670276002E-5, 1.0857606704136291, -5.995746544159531E-4, 0.0, 1.0947633722540741E-5, -5.88627020693409E-4, -9.760617171333568, 0.0, 0.3440530508168523, -9.416564120516721, 0.9875365789958411, 0.0, 0.14780250956143764, 1.1353390885572108, 7.005
2.394789579158317E-4, 0.08229427404508861, 5.717138987820089E-5, 1.0863375590467172, -6.131023069211949E-4, 0.0, 1.1416429371655745E-5, -6.016858775495358E-4, -9.739825681936669, 0.0, 0.3318316038936017, -9.407994078043073, 0.9841099828663147, 0.0, 0.13214379857738423, 1.1162537814436346, 7.005
2.4529058116232465E-4, 0.08429032373832146, 5.855881272880157E-5, 1.0869197676636477, -6.266012772392996E-4, 0.0, 1.186870590469572E-5, -6.147325713346006E-4, -9.719270745530842, 0.0, 0.32023869745491024, -9.399032048075936, 0.9811046213883013, 0.0, 0.11755859941975635, 1.0986632208079978, 7.005
2.511022044088177E-4, 0.08628637343155433, 5.994623557940227E-5, 1.0875116438648575, -6.400718917687808E-4, 0.0, 1.2305328354083093E-5, -6.277665634146944E-4, -9.698949769890564, 0.0, 0.3092642268644687, -9.389685543026102, 0.9784828592353844, 0.0, 0.103991481459397, 1.0824743406947215, 7.005
2.5691382765531066E-4, 0.0882824231247872, 6.133365843000296E-5, 1.088117415163974, -6.535144733251541E-4, 0.0, 1.2727147788637971E-5, -6.407873255365129E-4, -9.678860182261257, 0.0, 0.2988981678960047, -9.379962014365258, 0.9762106231265785, 0.0, 0.09139142340329148, 1.0676020465298097, 7.005
2.6272545090180364E-4, 0.09027847281802007, 6.272108128060365E-5, 1.0887411900826536, -6.669293411679029E-4, 0.0, 1.3135001425023154E-5, -6.537943397428767E-4, -9.658999429287677, 0.0, 0.2891305765636213, -9.369868852724059, 0.9742570062028437, 0.0, 0.07971133255761718, 1.0539683387604102, 7.005
2.685370741482966E-4, 0.09227452251125293, 6.410850413120434E-5, 1.0893869592489505, -6.803168110273437E-4, 0.0, 1.3529712738953767E-5, -6.667870982883866E-4, -9.639364976942344, 0.0, 0.279951588952133, -9.359413387990216, 0.9725939237833471, 0.0, 0.06890762649648312, 1.0415015502797735, 7.005
2.743486973947896E-4, 0.09427057220448579, 6.549592698180503E-5, 1.0900585964991114, -6.936771951313907E-4, 0.0, 1.3912091576171503E-5, -6.79765103555216E-4, -9.61995431045394, 0.0, 0.27135142104740656, -9.34860288940654, 0.9711958128826804, 0.0, 0.058939867882637643, 1.030135680765263, 7.005
2.8016032064128257E-4, 0.09626662189771865, 6.688334983240572E-5, 1.0907598599827408, -7.070108022322249E-4, 0.0, 1.4282934263183492E-5, -6.927278679690384E-4, -9.600764934235725, 0.0, 0.2633203685666933, -9.337444565669038, 0.9700393691347141, 0.0, 0.04977044472207069, 1.0198098138567322, 7.005
2.859719438877756E-4, 0.0982626715909515, 6.827077268300641E-5, 1.0914943932712429, -7.203179376328601E-4, 0.0, 1.4643023717765674E-5, -7.05674913915091E-4, -9.581794371813935, 0.0, 0.2558488067889725, -9.325945565024972, 0.9691033158016258, 0.0, 0.04136428958926411, 1.0104676053908308, 7.005
2.917835671342686E-4, 0.10025872128418437, 6.96581955336071E-5, 1.0922657264694686, -7.335989032136107E-4, 0.0, 1.4993129559230957E-5, -7.186057736543764E-4, -9.563040165756199, 0.0, 0.24892719038528627, -9.314112975370927, 0.9683682003947783, 0.0, 0.033688632389660154, 1.0020568327843784, 7.005
2.9759519038076156E-4, 0.10225477097741723, 7.10456183842078E-5, 1.0930772773304926, -7.468539974584615E-4, 0.0, 1.5334008218461765E-5, -7.315199892399966E-4, -9.544499877599959, 0.0, 0.24254605324907616, -9.301953824350893, 0.9678162151328507, 0.0, 0.026712782074815453, 0.994528997207609, 7.005
3.0340681362725453E-4, 0.10425058818145462, 7.243304123480848E-5, 1.0939323523734343, -7.600835154813375E-4, 0.0, 1.566640304770747E-5, -7.44417112433627E-4, -9.526171087780845, 0.0, 0.2366960083265236, -9.289475079454332, 0.967431038041134, 0.0, 0.020407933428202095, 0.987838971469283, 7.005
3.092184368737475E-4, 0.10624624127547166, 7.382046408540918E-5, 1.0948341480042494, -7.732877490522726E-4, 0.0, 1.5991044430146133E-5, -7.572967046221232E-4, -9.508051395561125, 0.0, 0.2313677474468853, -9.27668364811425, 0.967197691976311, 0.0, 0.01474699562331598, 0.9819446875995718, 7.005
3.150300601202405E-4, 0.10824189436948871, 7.520788693600987E-5, 1.0957857516394178, -7.864669866234808E-4, 0.0, 1.630864988921105E-5, -7.701583367342667E-4, -9.490138418958082, 0.0, 0.22655204115283117, -9.26358637780526, 0.9671024192619969, 0.0, 0.009704439742527533, 0.9768068590044755, 7.005
3.2084168336673347E-4, 0.11023754746350577, 7.659530978661056E-5, 1.0967901428324403, -7.99621513355329E-4, 0.0, 1.6619924197681805E-5, -7.830015891576442E-4, -9.47242979467244, 0.0, 0.22223973853078402, -9.250190056141669, 0.9671325699556469, 0.0, 0.005256162852536783, 0.9723887328081323, 7.005
3.266533066132265E-4, 0.11223320055752281, 7.798273263721125E-5, 1.0978501944030739, -8.127516111422077E-4, 0.0, 1.692555948654005E-5, -7.958260516556646E-4, -9.454923178016772, 0.0, 0.21842176704125446, -9.23650141097553, 0.967276502049126, 0.0, 0.0013793665744666953, 0.9686558686235401, 7.005
3.324649298597195E-4, 0.11422885365153986, 7.937015548781194E-5, 1.098968673569224, -8.258575586383043E-4, 0.0, 1.7226235353589743E-5, -8.086313232847114E-4, -9.4376162428439, 0.0, 0.21508913234917934, -9.222527110494733, 0.9675234921427929, 0.0, -0.0019475516250003426, 0.965575940517741, 7.005
3.3827655310621245E-4, 0.11622450674555691, 8.075757833841263E-5, 1.100148243081417, -8.389396312832764E-4, 0.0, 1.7522618971842036E-5, -8.214170123114315E-4, -9.420506681475313, 0.0, 0.21223291815426207, -9.208273763321067, 0.9678636553334581, 0.0, -0.004745095951286415, 0.9631185593821192, 7.005
3.4408817635270543E-4, 0.11822015983957396, 8.214500118901332E-5, 1.101391462359775, -8.519981013278274E-4, 0.0, 1.7815365197664882E-5, -8.341827361301594E-4, -9.403592204629573, 0.0, 0.2098442860213057, -9.193747918608283, 0.9682878732269453, 0.0, -0.007032759931523841, 0.9612551132953686, 7.005
3.498997995991984E-4, 0.120215812933591, 8.353242403961401E-5, 1.1027007886334117, -8.650332378591786E-4, 0.0, 1.810511667869707E-5, -8.469281211804782E-4, -9.386870541350719, 0.0, 0.2079144752105537, -9.178956066140179, 0.9687877291305647, 0.0, -0.008829105343399615, 0.9599586237871133, 7.005
3.557114228456914E-4, 0.12221146602760805, 8.49198468902147E-5, 1.104078578082176, -8.780453068264472E-4, 0.0, 1.839250396152702E-5, -8.596528028649174E-4, -9.370339438936686, 0.0, 0.20643480250802715, -9.163904636428676, 0.9693554496044301, 0.0, -0.010151833420615633, 0.9592036161837654, 7.005
3.6152304609218436E-4, 0.1242071191216251, 8.630726974081539E-5, 1.105527086980663, -8.910345710659221E-4, 0.0, 1.8678145599136087E-5, -8.723564254667829E-4, -9.353996662867704, 0.0, 0.20539666205586168, -9.148600000811857, 0.9699838516560292, 0.0, -0.011017849204051838, 0.9589660024519281, 7.005
3.6733466933867734E-4, 0.12620277221564216, 8.769469259141608E-5, 1.107048472844413, -9.040012903262389E-4, 0.0, 1.8962648258106523E-5, -8.850386420681297E-4, -9.337839996734717, 0.0, 0.20479152518264684, -9.133048471552089, 0.9706662949530692, 0.0, -0.011443319797728436, 0.9592229751552902, 7.005
3.731462925851704E-4, 0.1281984253096592, 8.908211544201677E-5, 1.108644795578222, -9.169457212934605E-4, 0.0, 1.9246606825593994E-5, -8.976991144678636E-4, -9.321867242167782, 0.0, 0.20461094023376047, -9.11725630193404, 0.9713966385075363, 0.0, -0.011443727194086338, 0.9599529113134008, 7.005
3.7895791583166335E-4, 0.13019407840367625, 9.046953829261746E-5, 1.1103180186264863, -9.298681176160521E-4, 0.0, 1.9530604516064808E-5, -9.103375130999845E-4, -9.306076218764488, 0.0, 0.20484653240170816, -9.101229686362796, 0.9721692013509305, 0.0, -0.01103391625156577, 0.9611352850993188, 7.005
3.8476953907815633E-4, 0.1321897314976933, 9.185696114321815E-5, 1.1120700101255008, -9.427687299297628E-4, 0.0, 1.9815212977797632E-5, -9.229535169519623E-4, -9.290464764018346, 0.0, 0.20549000355646393, -9.084974760461902, 0.972978726778734, 0.0, -0.010228138337027157, 0.962750588441655, 7.005
3.905811623246493E-4, 0.13418538459171034, 9.324438399381884E-5, 1.1139025440576364, -9.556478058824034E-4, 0.0, 2.0100992399149837E-5, -9.355468134832508E-4, -9.275030733247231, 0.0, 0.20653313207580248, -9.068497601171446, 0.9738203497922899, 0.0, -0.009040091084557784, 0.9647802587076862, 7.005
3.963927855711423E-4, 0.1361810376857274, 9.463180684441953E-5, 1.1158173014073125, -9.685055901585277E-4, 0.0, 2.0388491614588565E-5, -9.481170985439361E-4, -9.259771999521755, 0.0, 0.20796777267563982, -9.051804226846128, 0.9746895674100693, 0.0, -0.007482954669220968, 0.9672066127408024, 7.005
4.0220440881763526E-4, 0.13817621133011104, 9.601922969502022E-5, 1.1178158713186945, -9.813423245040123E-4, 0.0, 2.067824821048619E-5, -9.606640762935233E-4, -9.244686453593696, 0.0, 0.20978585624037088, -9.034900597353344, 0.9755822115579352, 0.0, -0.005569424948253443, 0.970012786609634, 7.005
4.0801603206412824E-4, 0.14017060042054913, 9.740665254562091E-5, 1.1198997522550314, -9.941582477505397E-4, 0.0, 2.0970788630680542E-5, -9.731874591198564E-4, -9.229772003824415, 0.0, 0.21197938965320756, -9.017792614171224, 0.9764944242814112, 0.0, -0.0033117437820448323, 0.9731826804993216, 7.005
4.138276553106212E-4, 0.14216498951098722, 9.87940753962216E-5, 1.122070353159558, -0.0010069535958399792, 0.0, 2.126662828179986E-5, -9.856869675581765E-4, -9.21502657611324, 0.0, 0.2145404556265133, -9.000486120486745, 0.9774226350516059, 0.0, -7.217268121433771E-4, 0.9767009082394165, 7.005
4.1963927855711425E-4, 0.1441593786014253, 1.001814982468223E-4, 1.1243289946178863, -0.0010197286018486709, 0.0, 2.1566271638352037E-5, -9.98162330210316E-4, -9.200448113825894, 0.0, 0.21746121253214615, -8.982986901293765, 0.978363539961844, 0.0, 0.0021892110572021006, 0.980552751019001, 7.005
4.254509018036072E-4, 0.1461537676918634, 1.0156892109742299E-4, 1.1266769100218, -0.0010324834960116075, 0.0, 2.187021234757859E-5, -0.0010106132836640261, -9.186034577722896, 0.0, 0.2207338942317897, -8.965300683491124, 0.9793140826342299, 0.0, 0.005410032254353791, 0.9847241148885375, 7.005
4.312625250501002E-4, 0.14814815678230148, 1.0295634394802368E-4, 1.1291152467343866, -0.001045218505746521, 0.0, 2.2178933334073436E-5, -0.001023039572412445, -9.171783945887974, 0.0, 0.22435080990729833, -8.947433135980695, 0.9802714366748274, 0.0, 0.008930055016563156, 0.9892014916913464, 7.005
4.370741482965932E-4, 0.15014254587273956, 1.0434376679862437E-4, 1.1316450672564153, -0.0010579338556778665, 0.0, 2.2492906904165945E-5, -0.0010354409487736977, -9.157694213656477, 0.0, 0.22830434389102794, -8.929389869765467, 0.9812329895333348, 0.0, 0.01273893357211962, 0.9939719231054083, 7.005
4.4288577154308616E-4, 0.15213693496317765, 1.0573118964922506E-4, 1.134267350393891, -0.001070629767660707, 0.0, 2.281259485006896E-5, -0.0010478171728106353, -9.143763393543766, 0.0, 0.23258695549617728, -8.911176438047608, 0.9821963276382206, 0.0, 0.016826639871693434, 0.9990229675098695, 7.005
4.4869739478957914E-4, 0.15413132405361574, 1.0711861249982575E-4, 1.136982992426708, -0.0010833064608045014, 0.0, 2.3138448553791062E-5, -0.0010601680122507072, -9.129989515173655, 0.0, 0.23719117884712496, -8.892798336326551, 0.9831592226917044, 0.0, 0.021183446728407468, 1.0043426694200621, 7.005
4.545090180360721E-4, 0.15612571314405382, 1.0850603535042644E-4, 1.1397928082783155, -0.0010959641514967893, 0.0, 2.3470909090813767E-5, -0.0010724932424059728, -9.116370625206788, 0.0, 0.24210962270976844, -8.874261002497038, 0.9841196190207381, 0.0, 0.02579991224054777, 1.0099195312612412, 7.005
4.6032064128256515E-4, 0.1581201022344919, 1.0989345820102713E-4, 1.1426975326863291, -0.001108603053426782, 0.0, 2.3810407333532963E-5, -0.0010847926460932464, -9.10290478726906, 0.0, 0.24733497032185633, -8.855569816947222, 0.9850756218907307, 0.0, 0.03066686538355516, 1.0157424872742415, 7.005
4.661322645290581E-4, 0.16011449132493, 1.1128088105162782E-4, 1.1456978213739986, -0.0011212233776088465, 0.0, 2.415736405446545E-5, -0.0010970660135543784, -9.089590081880036, 0.0, 0.2528599792233365, -8.83673010265672, 0.9860254866978615, 0.0, 0.03577539266926486, 1.0218008793670807, 7.005
4.719438877755511E-4, 0.16210888041536808, 1.1266830390222851E-4, 1.1487942522224632, -0.0011338253324058977, 0.0, 2.4512190029219497E-5, -0.0011093131423766758, -9.07642460638135, 0.0, 0.2586774810866799, -8.81774712529469, 0.9869676089644186, 0.0, 0.04111682578036833, 1.028084434744745, 7.005
4.777555110220441E-4, 0.16410326950580617, 1.140557267528292E-4, 1.1519873264437128, -0.0011464091235526873, 0.0, 2.4875286139230594E-5, -0.0011215338374134544, -9.063406474865115, 0.0, 0.26478038154723044, -8.7986260933179, 0.9879005150686471, 0.0, 0.04668273009709361, 1.034583245165704, 7.005
4.8356713426853706E-4, 0.16609765859624423, 1.1544314960342989E-4, 1.1552774697541728, -0.0011589749541789944, 0.0, 2.5247043474261352E-5, -0.0011337279107047306, -9.050533818102318, 0.0, 0.2711616600335368, -8.779372158068805, 0.9888228536473954, 0.0, 0.05246489404101196, 1.041287747688364, 7.005
4.8937875751503E-4, 0.16809204768668232, 1.1683057245403058E-4, 1.1586650335488429, -0.0011715230248327143, 0.0, 2.562784343466619E-5, -0.0011458951813980455, -9.037804783471268, 0.0, 0.27781436959769007, -8.759990413873599, 0.9897333876155373, 0.0, 0.05845531916806049, 1.0481887067835536, 7.005
4.951903807615231E-4, 0.17008643677712043, 1.1821799530463127E-4, 1.1621502960759047, -0.001184053533502853, 0.0, 2.601805783342077E-5, -0.0011580354756694296, -9.025217534885963, 0.0, 0.2847316367456618, -8.740485898140323, 0.990630986751645, 0.0, 0.06464621094922651, 1.0552771977008275, 7.005
5.01002004008016E-4, 0.17208027428599673, 1.1960541815523196E-4, 1.1657334636117254, -0.001196566675642419, 0.0, 2.6418048997915646E-5, -0.0011701486266445008, -9.01277025272452, 0.0, 0.2919066612676443, -8.720863591456897, 0.9915146208038189, 0.0, 0.07102997018306048, 1.0625445909868363, 7.005
5.06813627254509E-4, 0.17407146420337663, 1.2099284100583265E-4, 1.169414671636169, -0.0012090626441912144, 0.0, 2.682816987151513E-5, -0.0011822344743196965, -9.00046113375758, 0.0, 0.2993327160683838, -8.70112841768922, 0.9923833530739111, 0.0, 0.07759918498928604, 1.0699825380631514, 7.005
5.12625250501002E-4, 0.17606265412075653, 1.2238026385643334E-4, 1.1731939860081575, -0.001221541629598531, 0.0, 2.7248764114880016E-5, -0.0011942928654836485, -8.98828839107673, 0.0, 0.3070031469975241, -8.681285244079229, 0.9932363344422884, 0.0, 0.08434662333741766, 1.077582957779665, 7.005
5.18436873747495E-4, 0.17805384403813643, 1.2376768670703403E-4, 1.1770714041413786, -0.0012340038198457434, 0.0, 2.7680166207055347E-5, -0.0012063236536386857, -8.976250254022876, 0.0, 0.31491137267993813, -8.661338881342958, 0.9940727977984652, 0.0, 0.09126522606837498, 1.085338023866802, 7.005
5.242484969939879E-4, 0.1800450339555163, 1.2515510955763472E-4, 1.1810468561800822, -0.0012464494004688041, 0.0, 2.812270154632323E-5, -0.0012183266989224785, -8.96434496811469, 0.0, 0.32305088434606666, -8.641294083768642, 0.9948920528461388, 0.0, 0.09834810037085429, 1.0932401532169553, 7.005
5.300601202404809E-4, 0.1820362238728962, 1.2654253240823541E-4, 1.1851202061748765, -0.0012588785545806398, 0.0, 2.857668655081911E-5, -0.0012303018680298184, -8.952570794976998, 0.0, 0.3314152456622582, -8.621155549314762, 0.9956934812539049, 0.0, 0.10558851367756363, 1.1012819949314283, 7.005
5.35871743486974E-4, 0.1840274137902761, 1.279299552588361E-4, 1.18929125325845, -0.0012712914628934472, 0.0, 2.904242875891366E-5, -0.0012422490341345313, -8.940926012269207, 0.0, 0.3399980925611097, -8.600927919708118, 0.9964765321254064, 0.0, 0.11297988794942869, 1.109456420074797, 7.005
5.416833667334669E-4, 0.186018603707656, 1.293173781094368E-4, 1.1935597328211407, -0.0012836883037408901, 0.0, 2.9520226929358827E-5, -0.0012541680768115293, -8.929408913613686, 0.0, 0.34879313307179594, -8.580615780541914, 0.9972407177649323, 0.0, 0.1205157943186325, 1.117756512083524, 7.005
5.474949899799599E-4, 0.1880097936250359, 1.3070480096003749E-4, 1.1979253176862705, -0.0012960692531001979, 0.0, 3.0010371141198516E-5, -0.0012660588819589972, -8.918017808524208, 0.0, 0.3577941471504145, -8.560223661373813, 0.9979856097164587, 0.0, 0.1281899480638479, 1.1261755577802692, 7.005
5.533066132264528E-4, 0.19000098354241576, 1.3209222381063818E-4, 1.202387619285176, -0.0013084344846141624, 0.0, 3.0513142893444338E-5, -0.0012779213417207157, -8.906751022334326, 0.0, 0.36699498651031653, -8.539756035824032, 0.9987108350561484, 0.0, 0.13599620389320582, 1.1347070389493155, 7.005
5.591182364729459E-4, 0.19199217345979566, 1.3347964666123887E-4, 1.2069461888318465, -0.0013207841696130387, 0.0, 3.102881520451497E-5, -0.0012897553544085217, -8.895606896125802, 0.0, 0.3763895744524536, -8.519217321673375, 0.9994160729197161, 0.0, 0.14392855151265116, 1.1433446244323253, 7.005
5.649298597194388E-4, 0.19398336337717556, 1.3486706951183956E-4, 1.2116005184970984, -0.0013331184771363438, 0.0, 3.155765271144112E-5, -0.0013015608244249005, -8.884583786657025, 0.0, 0.38597190569570455, -8.498611880961345, 1.0001010512478536, 0.0, 0.151981111459082, 1.152082162706895, 7.005
5.707414829659318E-4, 0.19597455329455543, 1.3625449236244025E-4, 1.2163500425822082, -0.0013454375739545578, 0.0, 3.209991176883452E-5, -0.0013133376621857213, -8.873680066291392, 0.0, 0.3957360462072249, -8.477944020084191, 1.000765543734156, 0.0, 0.16014813117945487, 1.1609136749135724, 7.005
5.765531062124249E-4, 0.19796574321193533, 1.3764191521304094E-4, 1.2211941386919165, -0.0013577416245907244, 0.0, 3.265584054762202E-5, -0.0013250857840431, -8.86289412292574, 0.0, 0.4056761330327746, -8.457217989892989, 1.0014093669612143, 0.0, 0.16842398133844813, 1.1698333482996233, 7.005
5.823647294589178E-4, 0.19995693312931523, 1.3902933806364163E-4, 1.2261321289067433, -0.001370030791341952, 0.0, 3.322567913354352E-5, -0.0013368051122084066, -8.852224359918743, 0.0, 0.4157863741270599, -8.436437985791706, 1.0020323777117757, 0.0, 0.17680315233876195, 1.178835530050504, 7.005
5.881763527054108E-4, 0.20194812304669513, 1.4041676091424232E-4, 1.2311632809545137, -0.0013823052343008189, 0.0, 3.38096596254154E-5, -0.0013484955746754018, -8.841669196019328, 0.0, 0.426061048184069, -8.415608147835284, 1.0026344704428487, 0.0, 0.18528025103931647, 1.1879147214821288, 7.005
5.939879759519037E-4, 0.20393931296407503, 1.41804183764843E-4, 1.2362868093810355, -0.0013945651113766724, 0.0, 3.440800623315748E-5, -0.0013601571051435131, -8.831227065295083, 0.0, 0.43649450446741384, -8.39473256082769, 1.0032155749115725, 0.0, 0.19384999765781913, 1.1970655725693575, 7.005
5.997995991983969E-4, 0.20593050288145495, 1.4319160661544373E-4, 1.2415018767198398, -0.0014068105783168372, 0.0, 3.502093537558642E-5, -0.0013717896429412488, -8.820896417060654, 0.0, 0.44708116264066505, -8.373815254420013, 1.0037756539426157, 0.0, 0.2025072228451653, 1.2062828767877445, 7.005
6.056112224448897E-4, 0.20792105758354465, 1.445790294660444E-4, 1.2468075946609078, -0.0014190417887277142, 0.0, 3.564865577797098E-5, -0.0013833931329497412, -8.810675715806177, 0.0, 0.4578155125976896, -8.352860203208513, 1.0043147013275076, 0.0, 0.21124686492016898, 1.2155615662476356, 7.005
6.114228456913828E-4, 0.2099115895993741, 1.459664523166451E-4, 1.252203025218311, -0.0014312588940957917, 0.0, 3.6291368569354793E-5, -0.0013949675255264349, -8.80056344112567, 0.0, 0.4686921142929869, -8.331871326832708, 1.0048327398472081, 0.0, 0.2200639672539131, 1.2248967071010803, 7.005
6.172344689378758E-4, 0.21190212161520341, 1.4735387516724577E-4, 1.257687181896681, -0.0014434620438085468, 0.0, 3.694926737964145E-5, -0.0014065127764289033, -8.79055808764544, 0.0, 0.47970559757202985, -8.310852490073437, 1.0053298194097746, 0.0, 0.22895367579390052, 1.234283495203634, 7.005
6.230460921843687E-4, 0.2138926536310328, 1.4874129801784646E-4, 1.2632590308564304, -0.0014556513851752538, 0.0, 3.7622538436445854E-5, -0.0014180288467388062, -8.780658164952508, 0.0, 0.49085066200159877, -8.289807502950932, 1.0058060152955361, 0.0, 0.23791123671883851, 1.243717252014339, 7.005
6.288577154308617E-4, 0.21588318564686218, 1.5012872086844715E-4, 1.2689174920776558, -0.0014678270634476917, 0.0, 3.8311360661709014E-5, -0.001429515702785981, -8.770862197522995, 0.0, 0.5021220767001224, -8.268740120822894, 1.00626142650295, 0.0, 0.24693199421563902, 1.2531934207185564, 7.005
6.346693386773547E-4, 0.21787371766269162, 1.5151614371904787E-4, 1.2746614405226284, -0.00147998922184075, 0.0, 3.901590576807781E-5, -0.0014409733160726705, -8.761168724650558, 0.0, 0.5135146801680177, -8.247654044482562, 1.0066961741885543, 0.0, 0.2560113883707826, 1.2627075625593047, 7.005
6.404809619238478E-4, 0.219864249678521, 1.5290356656964856E-4, 1.280489707296813, -0.0014921380015529395, 0.0, 3.973633835505005E-5, -0.0014524016631978877, -8.751576300374774, 0.0, 0.5250233801180156, -8.22655292025678, 1.0071104001951616, 0.0, 0.2651449531687667, 1.2722553533638947, 7.005
6.462925851703407E-4, 0.22185478169435038, 1.5429098942024925E-4, 1.2864010808083262, -0.0015042735417867999, 0.0, 4.047281600488276E-5, -0.0014638007257819152, -8.74208349340957, 0.0, 0.5366431533055164, -8.205440340104076, 1.007504265662626, 0.0, 0.27432831459095514, 1.2818325802535457, 7.005
6.521042084168337E-4, 0.22384531371017977, 1.5567841227084994E-4, 1.2923943079257496, -0.0015163959797692109, 0.0, 4.122548937826632E-5, -0.0014751704903909434, -8.732688887071612, 0.0, 0.5483690453589114, -8.184319841712725, 1.0078779497161283, 0.0, 0.2835571888084859, 1.2914351385245828, 7.005
6.579158316633268E-4, 0.22583584572600915, 1.5706583512145063E-4, 1.2984680951342398, -0.0015285054507716024, 0.0, 4.199450230976281E-5, -0.0014865109484618378, -8.723391079208731, 0.0, 0.5601961706099305, -8.163194908598827, 1.0082316482271272, 0.0, 0.2928273804634885, 1.3010590286905774, 7.005
6.637274549098196E-4, 0.2278263777418385, 1.584532579720513E-4, 1.3046211096898404, -0.0015406020881300632, 0.0, 4.277999190300854E-5, -0.0014978220962270532, -8.714188682128324, 0.0, 0.5721197119239727, -8.142068970204377, 1.0085655726425142, 0.0, 0.302134781033159, 1.310700353675639, 7.005
6.695390781563126E-4, 0.2298169097576679, 1.5984068082265199E-4, 1.3108519807719152, -0.001552686023265358, 0.0, 4.358208862568171E-5, -0.0015091039346396753, -8.70508032252576, 0.0, 0.5841349205304552, -8.12094540199533, 1.008879948877922, 0.0, 0.31147536727168673, 1.3203553161495758, 7.005
6.753507014028055E-4, 0.23180744177349727, 1.6122810367325268E-4, 1.3171593006336486, -0.0015647573857028349, 0.0, 4.440091640423466E-5, -0.001520356469298599, -8.696064641412798, 0.0, 0.5962371158531364, -8.099827525559686, 1.0091750162711743, 0.0, 0.3208451997252991, 1.330020215996441, 7.005
6.811623246492986E-4, 0.23379797378932665, 1.6261552652385337E-4, 1.3235416257505017, -0.001576816303092242, 0.0, 4.5236592718390264E-5, -0.0015315797103738502, -8.687140294045985, 0.0, 0.6084216853404647, -8.078718608705545, 1.0094510265924261, 0.0, 0.3302404213161177, 1.3396914479085091, 7.005
6.869739478957916E-4, 0.23578850580515606, 1.6400294937445408E-4, 1.3299974779665744, -0.001588862901227439, 0.0, 4.608922869540343E-5, -0.0015427736725320343, -8.678305949855078, 0.0, 0.6206840842959093, -8.057621865559193, 1.0097082431075273, 0.0, 0.3396572559906952, 1.3493654990981907, 7.005
6.927855711422846E-4, 0.23777903782098547, 1.6539037222505478E-4, 1.3365253456387785, -0.001600897304066013, 0.0, 4.6958929204087054E-5, -0.0015539383748619244, -8.669560292371438, 0.0, 0.6330198357083023, -8.036540456663163, 1.0099469396915832, 0.0, 0.3490920074294728, 1.3590389471210207, 7.005
6.985971943887776E-4, 0.23976956983681486, 1.6677779507565547E-4, 1.3431236847787522, -0.0016129196337487939, 0.0, 4.784579294860241E-5, -0.0015650738408001903, -8.66090201915646, 0.0, 0.6454245300821748, -8.015477489074309, 1.0101673999896834, 0.0, 0.35854105781359075, 1.3687084578032438, 7.005
7.044088176352706E-4, 0.24175929878659774, 1.6816521792625616E-4, 1.3497909201924319, -0.0016249300106192697, 0.0, 4.874991256201425E-5, -0.0015761800980572543, -8.652329841729951, 0.0, 0.6578938252680956, -7.9944360164618775, 1.0103699166221842, 0.0, 0.36800086664574794, 1.3783707832679042, 7.005
7.102204408817636E-4, 0.24374877221536587, 1.6955264077685685E-4, 1.356525446617209, -0.0016369285532429035, 0.0, 4.967137469961081E-5, -0.0015872571785432912, -8.643842485498569, 0.0, 0.6704234462930054, -7.973419039205587, 1.0105547904318963, 0.0, 0.3774679696220062, 1.3880227600538688, 7.005
7.160320641282564E-4, 0.24573824564413393, 1.709400636274575E-4, 1.3633256298565868, -0.001648915378426349, 0.0, 5.0610260131987624E-5, -0.0015983051182943604, -8.63543868968422, 0.0, 0.6830091851905584, -7.952429504493687, 1.0107223297708439, 0.0, 0.3869389775516614, 1.3976613073224733, 7.005
7.218436873747495E-4, 0.24772771907290203, 1.723274864780582E-4, 1.3701898079122703, -0.0016608906012365733, 0.0, 5.156664383789712E-5, -0.0016093239573986748, -8.62711720725246, 0.0, 0.6956469008314545, -7.93147030642103, 1.010872849824405, 0.0, 0.39641057532244817, 1.4072834251468218, 7.005
7.276553106212425E-4, 0.24971719250167018, 1.7371490932865892E-4, 1.3771162921135975, -0.0016728543350198685, 0.0, 5.254059509686189E-5, -0.0016203137399230056, -8.618876804840916, 0.0, 0.7083325187537891, -7.910544286087151, 1.0110066719706303, 0.0, 0.4058795209085782, 1.4168861928791785, 7.005
7.334669338677355E-4, 0.25170666593043833, 1.751023321792596E-4, 1.384103368244242, -0.001684806691420778, 0.0, 5.353217758155272E-5, -0.001631274513839224, -8.610716262687689, 0.0, 0.7210620309933741, -7.889654231694343, 1.0111241231729073, 0.0, 0.4153426444191873, 1.4264667675920604, 7.005
7.392785571142285E-4, 0.25369613935920643, 1.764897550298603E-4, 1.3911492976661124, -0.0016967477804009094, 0.0, 5.4541449449931115E-5, -0.001642206330950977, -8.602634374559765, 0.0, 0.7338314959140881, -7.868802878645701, 1.0112255354040545, 0.0, 0.42479684718502597, 1.4360223825890492, 7.005
7.450901803607215E-4, 0.2556856127879745, 1.77877177880461E-4, 1.3982523184403548, -0.0017086777102576617, 0.0, 5.556846343715745E-5, -0.0016531092468205029, -8.594629947681419, 0.0, 0.7466370380382115, -7.847992909643234, 1.0113112451001887, 0.0, 0.43423910088125267, 1.445550345981406, 7.005
7.509018036072145E-4, 0.2576750862167426, 1.7926460073106168E-4, 1.405410646445403, -0.0017205965876428428, 0.0, 5.661326694726271E-5, -0.0016639833206955792, -8.58670180266263, 0.0, 0.7594748478767548, -7.827226954785902, 1.0113815926426988, 0.0, 0.4436664466843984, 1.4550480393270646, 7.005
7.567134268537074E-4, 0.2596645596455108, 1.8065202358166237E-4, 1.4126224764919801, -0.0017325045175811918, 0.0, 5.767590214458401E-5, -0.0016748286154366074, -8.578848773427493, 0.0, 0.7723411817598131, -7.806507591667703, 1.0114369218668438, 0.0, 0.45307599446169217, 1.46451291632851, 7.005
7.625250501002004E-4, 0.2616540330742788, 1.8203944643226303E-4, 1.419885983434975, -0.001744401603488804, 0.0, 5.875640604496739E-5, -0.0016856451974438355, -8.571069707142609, 0.0, 0.7852323616668901, -7.785837345475745, 1.0114775795955793, 0.0, 0.4624649219909479, 1.4739425015864942, 7.005
7.683366733466933E-4, 0.26364350650304696, 1.8342686928286372E-4, 1.4271993232821327, -0.00175628794719145, 0.0, 5.9854810606732725E-5, -0.0016964331365847164, -8.563363464145525, 0.0, 0.7981447750572422, -7.765218689088305, 1.0115039151971785, 0.0, 0.47183047420947366, 1.4833343894066244, 7.005
7.741482965931863E-4, 0.26563297993181506, 1.8481429213346441E-4, 1.434560634299456, -0.0017681636489428037, 0.0, 6.0971142821404154E-5, -0.0017071925061213987, -8.555728917873108, 0.0, 0.8110748747002118, -7.744654043172923, 1.0115162801655622, 0.0, 0.48116996249042676, 1.4926862426559584, 7.005
7.799599198396794E-4, 0.2676224533605832, 1.8620171498406513E-4, 1.4419680381132565, -0.001780028807442565, 0.0, 6.210542480420546E-5, -0.0017179233826383584, -8.548164954789986, 0.0, 0.8240191785055697, -7.724145776284445, 1.0115150277219749, 0.0, 0.4904807639452078, 1.501995791667148, 7.005
7.857715430861724E-4, 0.2696119267893513, 1.8758913783466582E-4, 1.4494196408087725, -0.001791883519854485, 0.0, 6.325767388431888E-5, -0.0017286258459701651, -8.540670474316943, 0.0, 0.8369742693538491, -7.70369620496312, 1.0115005124370184, 0.0, 0.49976032075053567, 1.5112608331875228, 7.005
7.915831663326653E-4, 0.27160140021811946, 1.889765606852665E-4, 1.4569135340252826, -0.0018037278818242926, 0.0, 6.442790269491055E-5, -0.0017392999791293812, -8.533244388759316, 0.0, 0.8499367949266826, -7.683307593832656, 1.0114730898719875, 0.0, 0.5090061394989291, 1.5204792293708898, 7.005
7.973947895791583E-4, 0.27359087364688756, 1.903639835358672E-4, 1.464447796047618, -0.0018155619874975224, 0.0, 6.561611926291858E-5, -0.0017499458682346033, -8.52588562323542, 0.0, 0.8629034675371479, -7.6629821556983, 1.0114331162384536, 0.0, 0.5182157905714282, 1.5296489068098515, 7.005
8.032064128256514E-4, 0.2755788893348938, 1.917514063864679E-4, 1.472020492894014, -0.0018273859295372384, 0.0, 6.682232709860613E-5, -0.0017605636024386321, -8.518593115604961, 0.0, 0.875871063960097, -7.642722051644892, 1.0113809480752234, 0.0, 0.5273869075313915, 1.538767855606587, 7.005
8.090180360721442E-4, 0.27756572060853085, 1.9313882923706856E-4, 1.4796296794002175, -0.0018391997991416666, 0.0, 6.804652528488055E-5, -0.0017711532738567857, -8.511365816397428, 0.0, 0.8888364252624891, -7.622529391134965, 1.0113169419418482, 0.0, 0.5365171865383239, 1.5478341284801438, 7.005
8.148296593186372E-4, 0.27955255188216804, 1.9452625208766925E-4, 1.4872734002997718, -0.00185100368606172, 0.0, 6.928870856637512E-5, -0.0017817149774953446, -8.504202688740515, 0.0, 0.9017964566337452, -7.6024062321067944, 1.0112414541277068, 0.0, 0.5456043857807684, 1.5568458399084502, 7.005
8.206412825651302E-4, 0.28153938315580523, 1.9591367493826997E-4, 1.4949496913003921, -0.0018627976786184301, 0.0, 7.054886743829611E-5, -0.0017922488111801332, -8.497102708288521, 0.0, 0.9147481272160723, -7.582354581072472, 1.011154840376089, 0.0, 0.5546463249272571, 1.5658011653033188, 7.005
8.264529058116233E-4, 0.28352621442944237, 1.9730109778887066E-4, 1.502656580156375, -0.0018745818637202754, 0.0, 7.182698823503632E-5, -0.0018027548754852385, -8.490064863150769, 0.0, 0.9276884699348064, -7.562376393215988, 1.0110574556223424, 0.0, 0.563640884594468, 1.5746983402167816, 7.005
8.322645290581162E-4, 0.2855130457030795, 1.9868852063947135E-4, 1.510392087736933, -0.0018863563268804136, 0.0, 7.312305321854928E-5, -0.0018132332736618643, -8.483088153820006, 0.0, 0.9406145813287423, -7.542473572491288, 1.0109496537455656, 0.0, 0.5725860058317507, 1.583535659577292, 7.005
8.380761523046092E-4, 0.2874998769767167, 2.0007594349007204E-4, 1.5181542290904118, -0.0018981211522338124, 0.0, 7.443704066649153E-5, -0.0018236841115673208, -8.476171593100817, 0.0, 0.9535236213804889, -7.522647971720358, 1.010831787333066, 0.0, 0.5814796896212209, 1.5923114769542577, 7.005
8.438877755511023E-4, 0.28948670825035383, 2.0146336634067273E-4, 1.52594101450428, -0.0019098764225542813, 0.0, 7.576892496012882E-5, -0.0018341074975941523, -8.469314206038039, 0.0, 0.9664128133467812, -7.502901392691284, 1.0107042074570352, 0.0, 0.5903199963926345, 1.6010242038496414, 7.005
8.496993987975952E-4, 0.29147353952399097, 2.0285078919127342E-4, 1.5337504505608335, -0.0019216222192714049, 0.0, 7.71186766720054E-5, -0.0018445035425993994, -8.462515029845148, 0.0, 0.9792794435888436, -7.48323558625633, 1.0105672634628462, 0.0, 0.5991050455524222, 1.609672309015242, 7.005
8.555110220440882E-4, 0.29346037079762816, 2.042382120418741E-4, 1.541580541188526, -0.001933358622487375, 0.0, 7.84862626533791E-5, -0.0018548723598339957, -8.455773113832695, 0.0, 0.9921208614027079, -7.463652252430014, 1.010421302768378, 0.0, 0.6078330150261084, 1.6182543177944582, 7.005
8.61322645290581E-4, 0.29544720207126524, 2.0562563489247477E-4, 1.5494292887088605, -0.0019450857109937257, 0.0, 7.987164612142113E-5, -0.001865214064872305, -8.44908751933671, 0.0, 1.0049344788495695, -7.444153040487164, 1.0102666706739134, 0.0, 0.6165021408135682, 1.6267688114874597, 7.005
8.671342685370741E-4, 0.2974340333449024, 2.0701305774307546E-4, 1.5572946948787387, -0.00195680356228797, 0.0, 8.127478674618024E-5, -0.0018755287755417903, -8.442457319647083, 0.0, 1.017717770586107, -7.424739549061001, 1.0101037101820822, 0.0, 0.6251107165564496, 1.635214426738509, 7.005
8.729458917835671E-4, 0.2994208646185396, 2.0840048059367618E-4, 1.5651747619282217, -0.0019685122525901324, 0.0, 8.269564073731133E-5, -0.0018858166118528204, -8.435881599936017, 0.0, 1.030468273694827, -7.405413326241216, 1.0099327618273388, 0.0, 0.6336570931172486, 1.64358985494456, 7.005
8.787575150300601E-4, 0.30140769589217675, 2.0978790344427687E-4, 1.5730674935935998, -0.0019802118568591825, 0.0, 8.41341609305684E-5, -0.0018960776959286146, -8.4293594571864, 0.0, 1.043183587514402, -7.386175869672024, 1.0097541635146103, 0.0, 0.6421396781694773, 1.6518938416840638, 7.005
8.845691382765532E-4, 0.3033945271658139, 2.1117532629487756E-4, 1.5809708961457078, -0.001991902448809381, 0.0, 8.559029687406306E-5, -0.001906312151935318, -8.422890000120244, 0.0, 1.0558613734700166, -7.367028626650251, 1.0095682503666545, 0.0, 0.6505569357984116, 1.660125186165042, 7.005
8.903807615230461E-4, 0.3053813584394511, 2.1256274914547825E-4, 1.5888829794133903, -0.002003584100926506, 0.0, 8.706399491428658E-5, -0.0019165201060122195, -8.416472349127055, 0.0, 1.06849935490369, -7.347972994223391, 1.0093753545797224, 0.0, 0.6589073861119247, 1.6682827406916212, 7.005
8.961923847695391E-4, 0.3073681897130882, 2.1395017199607894E-4, 1.5968017578020723, -0.002015256884484001, 0.0, 8.855519828189764E-5, -0.0019267016862021035, -8.410105636192286, 0.0, 1.0810953169046182, -7.329010319287694, 1.0091758052871536, 0.0, 0.6671896048609721, 1.6763654101481005, 7.005
9.02004008016032E-4, 0.309353615392091, 2.1533759484667963E-4, 1.6047252513073051, -0.002026920869559005, 0.0, 9.006384717727336E-5, -0.001936857022381731, -8.403789004825716, 0.0, 1.0936471061395212, -7.310141898686225, 1.00896992843056, 0.0, 0.6754022230692946, 1.6843721514998236, 7.005
9.07815631262525E-4, 0.3113363704412885, 2.167250176972803E-4, 1.6126514865232668, -0.002038576125048299, 0.0, 9.158987885582609E-5, -0.0019469862461924724, -8.397521609989877, 0.0, 1.1061526306829697, -7.291368979306933, 1.0087580466382502, 0.0, 0.6835439266718893, 1.6923019733101134, 7.005
9.13627254509018E-4, 0.313319125490486, 2.1811244054788101E-4, 1.6205784976461002, -0.002050222718684141, 0.0, 9.313322771308463E-5, -0.001957089490971057, -8.391302618028442, 0.0, 1.1186098598477245, -7.272692758180742, 1.0085404791105619, 0.0, 0.6916134561618946, 1.7001539352724355, 7.005
9.19438877755511E-4, 0.31530188053968355, 2.194998633984817E-4, 1.6285043274720192, -0.0020618607170500122, 0.0, 9.469382536953862E-5, -0.0019671668916804736, -8.385131206594654, 0.0, 1.1310168240150829, -7.2541143825796, 1.0083175415118293, 0.0, 0.6996096062455176, 1.7079271477573181, 7.005
9.25250501002004E-4, 0.3172846355888811, 2.208872862490824E-4, 1.6364270283901077, -0.0020734901855962514, 0.0, 9.62716007552505E-5, -0.001977218584841001, -8.379006564579731, 0.0, 1.1433716144652006, -7.235634950114556, 1.008089545868613, 0.0, 0.7075312255046052, 1.7156207713731926, 7.005
9.31062124248497E-4, 0.3192673906380786, 2.2227470909968309E-4, 1.6443446633697492, -0.0020851111886556035, 0.0, 9.78664801942288E-5, -0.001987244708461375, -8.372927892041261, 0.0, 1.155672383207448, -7.217255508833838, 1.0078568004740598, 0.0, 0.7153772160665981, 1.7232340165406361, 7.005
9.3687374749499E-4, 0.3212501456872761, 2.2366213195028378E-4, 1.652255306942575, -0.0020967237894586603, 0.0, 9.947838748856834E-5, -0.0019972454019700926, -8.366894400131633, 0.0, 1.1679173428107315, -7.198977057320928, 1.0076196097979746, 0.0, 0.7231465332814694, 1.730766143079422, 7.005
9.426853707414829E-4, 0.3232329007364736, 2.2504955480088447E-4, 1.6601570461788695, -0.0021083280501492012, 0.0, 1.0110724400235377E-4, -0.0020072208061468477, -8.360905311026428, 0.0, 1.1801047662338373, -7.180800544792614, 1.0073782744024424, 0.0, 0.7308381854054072, 1.7382164598078278, 7.005
9.48496993987976E-4, 0.32521565578567113, 2.2643697765148516E-4, 1.6680479816583809, -0.0021199240317994424, 0.0, 1.0275296874532842E-4, -0.002017171063054114, -8.354959857852831, 0.0, 1.1922329866557777, -7.162726871197079, 1.0071330908627742, 0.0, 0.7384512332909271, 1.7455843241536744, 7.005
9.543086172344688E-4, 0.3271984108348686, 2.2782440050208582E-4, 1.6759262284354024, -0.002131511794425176, 0.0, 1.044154784563272E-4, -0.002027096315968849, -8.349057284618052, 0.0, 1.2043003973061126, -7.144756887311962, 1.0068843516934673, 0.0, 0.7459847900831225, 1.7528691417765685, 7.005
9.601202404809618E-4, 0.3291811658840661, 2.292118233526865E-4, 1.6837899169981083, -0.0021430913970008235, 0.0, 1.0609468768647575E-4, -0.002036996709314348, -8.34319684613772, 0.0, 1.2163054512952982, -7.126891394842449, 1.0066323452790966, 0.0, 0.7534380209218282, 1.7600703662008979, 7.005
9.659318637274549E-4, 0.33116392093326363, 2.3059924620328723E-4, 1.691637194221999, -0.0021546628974743716, 0.0, 1.0779050888215012E-4, -0.002046872388592222, -8.337377807964303, 0.0, 1.228246661445023, -7.109131146519306, 1.006377355809759, 0.0, 0.76081014264944, 1.767187498459177, 7.005
9.717434869739479E-4, 0.33314667598246117, 2.3198666905388792E-4, 1.6994662243174679, -0.0021662263527822286, 0.0, 1.095028524677068E-4, -0.002056723500314522, -8.33159944631551, 0.0, 1.2401226001185421, -7.0914768461969935, 1.0061196632210734, 0.0, 0.7681004235241167, 1.7742200867451654, 7.005
9.775551102204408E-4, 0.33512943103165865, 2.333740919044886E-4, 1.7072751897712963, -0.0021777818188639655, 0.0, 1.1123162692797278E-4, -0.0020665501919359935, -8.3258610480027, 0.0, 1.2519318990510162, -7.073929148951709, 1.0058595431383728, 0.0, 0.7753081829381936, 1.7811677260765435, 7.005
9.83366733466934E-4, 0.3371121860808562, 2.347615147550893E-4, 1.715062292282119, -0.0021893293506769673, 0.0, 1.1297673889050111E-4, -0.002076352611786467, -8.3201619103593, 0.0, 1.263673249179855, -7.0564886611794675, 1.0055972668250241, 0.0, 0.7824327911415687, 1.7880300579665727, 7.005
9.891783567134269E-4, 0.33909494113005373, 2.3614893760569E-4, 1.7228257536896727, -0.002200869002210983, 0.0, 1.1473809320759432E-4, -0.0020861309090033893, -8.314501341169198, 0.0, 1.275345400475047, -7.039155940694177, 1.0053331011346955, 0.0, 0.789473668969829, 1.794806770104502, 7.005
9.949899799599198E-4, 0.3410776961792512, 2.3753636045629068E-4, 1.7305638168978423, -0.00221240082650257, 0.0, 1.1651559303808615E-4, -0.0020958852334644847, -8.308878658595171, 0.0, 1.2869471617694987, -7.021931496825699, 1.0050673084673156, 0.0, 0.7964302875769843, 1.8014975960442774, 7.005
0.0010008016032064127, 0.34306023841381467, 2.3892378330689137E-4, 1.7382747467913622, -0.0022239248756494518, 0.0, 1.1830913992889584E-4, -0.0021056157357205564, -8.30329319110728, 0.0, 1.2984774005893724, -7.004815790517933, 1.004800146728738, 0.0, 0.8033021681725526, 1.8081023149012665, 7.005
0.0010066132264529059, 0.3450414505569152, 2.4031120615749206E-4, 1.745956831146112, -0.0022354412008247612, 0.0, 1.2011863389633967E-4, -0.0021153225669284224, -8.29774427741128, 0.0, 1.3099350429844308, -6.9878092344268765, 1.0045318692937828, 0.0, 0.8100888817628944, 1.8146207510566519, 7.005
0.0010124248496993988, 0.34702266270001575, 2.4169862900809275E-4, 1.7536083815329664, -0.002246949852291197, 0.0, 1.219439735072106E-4, -0.0021250058787839875, -8.292231266377037, 0.0, 1.3213190733583604, -6.9709121930187035, 1.0042627249726719, 0.0, 0.8167900488965477, 1.8210527738691977, 7.005
0.0010182364729458917, 0.34900387484311624, 2.4308605185869344E-4, 1.7612277342150398, -0.0022584508794150754, 0.0, 1.2378505595962404E-4, -0.0021346658234554514, -8.28675351696693, 0.0, 1.3326285342991249, -6.9541249826678335, 1.003992957980627, 0.0, 0.8234053394134693, 1.8273982973940688, 7.005
0.0010240480961923846, 0.3509850869862168, 2.444734747092941E-4, 1.7688132510383485, -0.0022699443306802803, 0.0, 1.256417771636238E-4, -0.0021443025535166573, -8.281310398164269, 0.0, 1.3438625264092978, -6.937447871754995, 1.0037228079105174, 0.0, 0.8299344721979943, 1.83365728010849, 7.005
0.0010298597194388778, 0.3529662991293173, 2.458608975598948E-4, 1.7763633203157119, -0.002281430253702121, 0.0, 1.275140318215576E-4, -0.0021539162218805643, -8.275901288901684, 0.0, 1.3550202081363905, -6.9208810807653185, 1.0034525097085056, 0.0, 0.8363772149353527, 1.8398297246438367, 7.005
0.0010356713426853707, 0.3549475112724178, 2.472483204104955E-4, 1.783876357703911, -0.0022929086952410836, 0.0, 1.2940171350821282E-4, -0.0021635069817328716, -8.270525577989561, 0.0, 1.3661007956031996, -6.9044247823863865, 1.0031822936524706, 0.0, 0.8427333838716544, 1.8459156775241028, 7.005
0.0010414829659318636, 0.3569287234155184, 2.486357432610962E-4, 1.7913508070739304, -0.0023043797012164855, 0.0, 1.3130471475072015E-4, -0.002173074986465766, -8.265182664044428, 0.0, 1.3771035624381431, -6.888079101606311, 1.0029123853331712, 0.0, 0.8490028435771585, 1.8519152289103058, 7.005
0.0010472945891783565, 0.3589099355586189, 2.5002316611169687E-4, 1.798785141374297, -0.002315843316720033, 0.0, 1.3322292710821925E-4, -0.0021826203896118147, -8.259871955417376, 0.0, 1.388027839605597, -6.871844115811806, 1.0026430056380302, 0.0, 0.8551855067127223, 1.8578285123507279, 7.005
0.0010531062124248495, 0.3608911477017194, 2.5141058896229753E-4, 1.8061778634873555, -0.002327299586029278, 0.0, 1.3515624125129207E-4, -0.0021921433447779875, -8.254592870122467, 0.0, 1.3988730152362323, -6.8557198548862575, 1.0023743707374182, 0.0, 0.8612813337992957, 1.8636557045366964, 7.005
0.0010589178356713426, 0.36287235984481997, 2.5279801181289825E-4, 1.8135275070784687, -0.0023387485526209736, 0.0, 1.3710454704115742E-4, -0.002201644005579817, -8.24934483576514, 0.0, 1.4096385344573596, -6.839706301307805, 1.0021066920733634, 0.0, 0.8672903329903653, 1.8693970250637062, 7.005
0.0010647294589178357, 0.3648535719879205, 2.5418543466349897E-4, 1.8208326374380341, -0.0023501902591843296, 0.0, 1.3906773360863168E-4, -0.0022111225255756987, -8.244127289470619, 0.0, 1.420323899223248, -6.823803390247395, 1.0018401763505707, 0.0, 0.873212559847193, 1.875052736197742, 7.005
0.0010705410821643284, 0.366834784131021, 2.5557285751409963E-4, 1.828091852316214, -0.002361624747634173, 0.0, 1.4104568943285465E-4, -0.00222057905820132, -8.238939677812331, 0.0, 1.4309286681454902, -6.8080110096668625, 1.0015750255296914, 0.0, 0.8790481171168141, 1.8806231426464883, 7.005
0.0010763527054108216, 0.3688159962741216, 2.5696028036470035E-4, 1.8353037827503664, -0.002373052059124011, 0.0, 1.4303830241978096E-4, -0.0022300137567042313, -8.233781456740294, 0.0, 1.4414524563233149, -6.7923290004170065, 1.0013114368227451, 0.0, 0.8847971545125893, 1.8861085913353135, 7.005
0.0010821643286573145, 0.3707972084172221, 2.58347703215301E-4, 1.8424670938850403, -0.0023844722340589826, 0.0, 1.4504545998043133E-4, -0.0022394267740785526, -8.228652091509561, 0.0, 1.4518949351739416, -6.77675715633565, 1.0010496026905917, 0.0, 0.8904598684973328, 1.8915094711879, 7.005
0.0010879759519038077, 0.3727784205603227, 2.5973512606590173E-4, 1.8495804857844769, -0.0023958853121087255, 0.0, 1.470670491089144E-4, -0.002248818262999812, -8.223551056608596, 0.0, 1.4622558322629056, -6.761295224345718, 1.0007897108424157, 0.0, 0.8960365020688078, 1.8968262129112, 7.005
0.0010937875751503004, 0.37475963270342316, 2.611225489165024E-4, 1.8566426942375316, -0.002407291332220133, 0.0, 1.4910295646021013E-4, -0.0022581883757599244, -8.21847783568769, 0.0, 1.4725349311343996, -6.745942904553312, 1.0005319442371328, 0.0, 0.9015273445475825, 1.902059288784698, 7.005
0.0010995991983967935, 0.3767408448465237, 2.625099717671031E-4, 1.8636524915549841, -0.0024186903326300197, 0.0, 1.5115306842771676E-4, -0.0022675372642023037, -8.21343192148738, 0.0, 1.482732071141627, -6.73069985034578, 1.000276481086612, 0.0, 0.9069327313671419, 1.9072092124537308, 7.005
0.0011054108216432864, 0.378719423367065, 2.638973946177038E-4, 1.8706086873590682, -0.0024300823508776772, 0.0, 1.5321727122056573E-4, -0.0022768650796571132, -8.208412815766861, 0.0, 1.4928471472771148, -6.7155656684897735, 1.0000234948607123, 0.0, 0.9122530438661105, 1.912276538726802, 7.005
0.0011112224448897796, 0.3806978068044538, 2.652848174683045E-4, 1.8775101293652412, -0.0024414674238173464, 0.0, 1.552954509406969E-4, -0.0022861719728766517, -8.20342002923238, 0.0, 1.5028801100030629, -6.7005399192293424, 0.9997731542940242, 0.0, 0.917488709082612, 1.917261863376619, 7.005
0.0011170340681362725, 0.3826761902418426, 2.6667224031890515E-4, 1.8843557041560342, -0.002452845587630572, 0.0, 1.5738749365970376E-4, -0.00229545809397087, -8.198453081465647, 0.0, 1.5128309650816825, -6.685622116383989, 0.9995256233942553, 0.0, 0.922640199550599, 1.9221658229448353, 7.005
0.0011228456913827654, 0.3846545736792314, 2.6805966316950587E-4, 1.8911443379469723, -0.002464216877838474, 0.0, 1.5949328549543673E-4, -0.0023047235923430386, -8.19351150085226, 0.0, 1.5226997734055414, -6.670811727446746, 0.9992810614522059, 0.0, 0.9277080330981528, 1.9269890945503363, 7.005
0.0011286573146292583, 0.3866329571166201, 2.6944708602010654E-4, 1.89787499734442, -0.0024755813293139074, 0.0, 1.616127126883786E-4, -0.0023139686166255306, -8.188594824510098, 0.0, 1.5324866508278767, -6.656108173682246, 0.9990396230532946, 0.0, 0.9326927726475842, 1.9317323957008603, 7.005
0.0011344689378757513, 0.38861134055400887, 2.708345088707072E-4, 1.9045466900953452, -0.002486938976293532, 0.0, 1.6374566167777653E-4, -0.0023231933146157574, -8.183702598217735, 0.0, 1.5421917679929658, -6.641510830224795, 0.9988014580905525, 0.0, 0.9375950260174204, 1.9363964841079537, 7.005
0.0011402805611222444, 0.3905897239913977, 2.722219317213079E-4, 1.9111584658288654, -0.0024982898523897776, 0.0, 1.6589201917754573E-4, -0.002332397833212233, -8.178834376342845, 0.0, 1.5518153501664258, -6.627019026176447, 0.9985667117790564, 0.0, 0.9424154457260274, 1.9409821575050608, 7.005
0.001146092184368737, 0.3925681074287864, 2.736093545719086E-4, 1.9177094167895168, -0.002509633990602706, 0.0, 1.6805167225193265E-4, -0.0023415823183507755, -8.173989721770623, 0.0, 1.5613576770655893, -6.61263204470506, 0.9983355246716991, 0.0, 0.9471547287969977, 1.9454902534686782, 7.005
0.0011519038076152302, 0.3945464908661752, 2.749967774225093E-4, 1.9241986785621774, -0.0025209714233317905, 0.0, 1.7022450839094608E-4, -0.0023507469149408465, -8.169168205832182, 0.0, 1.570819082689822, -6.598349123142383, 0.9981080326763532, 0.0, 0.9518136165660844, 1.9499216492424234, 7.005
0.0011577154308617232, 0.396524874303564, 2.7638420027310996E-4, 1.9306254307885684, -0.0025323021823875705, 0.0, 1.7241041558555063E-4, -0.0023598917668020214, -8.164369408232966, 0.0, 1.5801999551508632, -6.5841694530821275, 0.9978843670742599, 0.0, 0.9563928944897159, 1.954277261563956, 7.005
0.0011635270541082163, 0.3985032577409528, 2.777716231237107E-4, 1.936988897875242, -0.0025436262990032312, 0.0, 1.7460928240262821E-4, -0.002369017016600605, -8.15959291698116, 0.0, 1.5895007365031517, -6.57009218047803, 0.9976646545396737, 0.0, 0.9608933919549909, 1.9585580464946502, 7.005
0.0011693386773547094, 0.4004816411783416, 2.791590459743114E-4, 1.943288349692965, -0.0025549438038460675, 0.0, 1.7682099805969628E-4, -0.0023781228057863724, -8.154838328316096, 0.0, 1.598721922574199, -6.556116405741923, 0.9974490171607076, 0.0, 0.9653159820911973, 1.9627649992518812, 7.005
0.0011751503006012022, 0.4024600246157303, 2.8054646882491206E-4, 1.9495231022674582, -0.002566254727028854, 0.0, 1.7904545249940241E-4, -0.0023872092745294534, -8.150105246636667, 0.0, 1.607864062794877, -6.542241183841814, 0.9972375724613092, 0.0, 0.9696615815825971, 1.9668991540438896, 7.005
0.0011809619238476953, 0.40443840805311915, 2.819338916755128E-4, 1.9556925184613911, -0.002577559098121124, 0.0, 1.812825364637736E-4, -0.002396276561657352, -8.14539328442973, 0.0, 1.616927760029805, -6.5284655243999525, 0.9970304334243959, 0.0, 0.9739311504827067, 1.97096158390708, 7.005
0.0011867735470941882, 0.4064167914905079, 2.8332131452611344E-4, 1.9617960086475517, -0.002588856946160332, 0.0, 1.8353214156823468E-4, -0.0024053248045920986, -8.14070206219852, 0.0, 1.6259136704076407, -6.514788391790908, 0.9968277085159927, 0.0, 0.9781256920297602, 1.9749534005457288, 7.005
0.0011925851703406814, 0.4083951749278967, 2.8470873737671416E-4, 1.9678330313731087, -0.0026001482996629278, 0.0, 1.857941603753901E-4, -0.0024143541392875403, -8.136031208391056, 0.0, 1.6348225031514634, -6.501208705239622, 0.9966295017104552, 0.0, 0.9822462524635353, 1.9788757541739714, 7.005
0.001198396793587174, 0.41037355836528544, 2.860961602273148E-4, 1.973803094014921, -0.0026114331866353355, 0.0, 1.8806848646856875E-4, -0.0024233647001667686, -8.131380359328556, 0.0, 1.6436550204090759, -6.487725338919508, 0.9964359125167125, 0.0, 0.9862939208433186, 1.98272983336001, 7.005
0.0012042084168336672, 0.41234738990526504, 2.8748358307791554E-4, 1.979705753425757, -0.002622711634584822, 0.0, 1.903550145251415E-4, -0.002432356620059682, -8.12674915913383, 0.0, 1.6524120370833608, -6.474337122050496, 0.9962470360054193, 0.0, 0.9902698288670735, 1.9865168648724725, 7.005
0.0012100200400801601, 0.41431948738908864, 2.888710059285162E-4, 1.9855406165714125, -0.0026339836705302692, 0.0, 1.9265364038958778E-4, -0.002441330030140683, -8.122137259659715, 0.0, 1.6610944206626264, -6.461042838997115, 0.9960629628370804, 0.0, 0.9941751506917879, 1.9902381135288458, 7.005
0.0012158316633266533, 0.41629158487291235, 2.902584287791169E-4, 1.9913073411586062, -0.0026452493210128588, 0.0, 1.949642611463457E-4, -0.002450285059866514, -8.11754432041745, 0.0, 1.6697030910508963, -6.4478412293665786, 0.9958837792911053, 0.0, 0.9980111027548008, 1.993894882045884, 7.005
0.0012216432865731464, 0.41826368235673606, 2.9164585162971764E-4, 1.9970056362535773, -0.0026565086121066368, 0.0, 1.9728677519240993E-4, -0.0024592218369142286, -8.11297000850512, 0.0, 1.678239020398318, -6.434730988106827, 0.9957095672956691, 0.0, 1.0017789435963647, 1.9974885108920148, 7.005
0.001227454909819639, 0.4202357798405596, 2.9303327448031825E-4, 2.002635262891322, -0.002667761569428997, 0.0, 1.9962108230970403E-4, -0.0024681404871192956, -8.108413998536044, 0.0, 1.6867032329314495, -6.421710765604621, 0.9955404044584835, 0.0, 1.0054799736830813, 2.0010203781415465, 7.005
0.001233266533066132, 0.4222078773243833, 2.9442069733091896E-4, 2.0081960346754033, -0.002679008218151059, 0.0, 2.01967083737216E-4, -0.002477041134413845, -8.103875972567183, 0.0, 1.6950968047836033, -6.4087791677836075, 0.9953763640983458, 0.0, 1.0091155352323942, 2.0044918993307204, 7.005
0.001239078156312625, 0.4241799748082069, 2.9580812018151963E-4, 2.0136878183681883, -0.002690248583007939, 0.0, 2.0432468224289608E-4, -0.0024859239007650447, -8.099355620027566, 0.0, 1.7034208638252049, -6.395934756202385, 0.9952175152774936, 0.0, 1.0126870120380589, 2.0079045273155343, 7.005
0.001244889779559118, 0.4261520722920306, 2.9719554303212034E-4, 2.019110534471542, -0.0027014826883089344, 0.0, 2.06693782195318E-4, -0.002494788906113618, -8.09485263764668, 0.0, 1.711676589494121, -6.383176048152581, 0.9950639228347234, 0.0, 1.0161958292965196, 2.011259752131226, 7.005
0.001250701402805611, 0.42812416977585427, 2.98582965882721E-4, 2.024464157797805, -0.002712710557947601, 0.0, 2.090742896351131E-4, -0.0025036362683124903, -8.090366729382886, 0.0, 1.7198652126259903, -6.370501516756925, 0.9949156474192546, 0.0, 1.01964345343416, 2.014559100853395, 7.005
0.001256513026052104, 0.430096267259678, 2.999703887333217E-4, 2.0297487180310165, -0.0027239322154117337, 0.0, 2.1146611234615587E-4, -0.0025124661030655805, -8.085897606351839, 0.0, 1.7279880152845613, -6.357909591067308, 0.9947727455252957, 0.0, 1.0230313919354732, 2.017804137460747, 7.005
0.0012623246492985969, 0.4320683647435016, 3.013578115839224E-4, 2.0349643002783058, -0.0027351476837932467, 0.0, 2.1386915992652737E-4, -0.0025212785238667218, -8.081444986754871, 0.0, 1.7360463305920286, -6.345398656162876, 0.9946352695273193, 0.0, 1.0263611931720256, 2.02099646269932, 7.005
0.00126813627254509, 0.4340404622273253, 3.027452344345231E-4, 2.040111045611395, -0.002746356985797953, 0.0, 2.1628334385923146E-4, -0.0025300736419387234, -8.077008595807433, 0.0, 1.744041542559393, -6.3329670532480655, 0.9945032677159783, 0.0, 1.0296344462323042, 2.0241377139482624, 7.005
0.0012739478957915832, 0.436012559711149, 3.041326572851238E-4, 2.045189151598058, -0.0027575601437552478, 0.0, 2.1870857758268895E-4, -0.00253885156617256, -8.072588165667467, 0.0, 1.7519750859167693, -6.320613079750724, 0.9943767843347275, 0.0, 1.0328527807522503, 2.0272295650869565, 7.005
0.0012797595190380759, 0.4379846571949726, 3.055200801357245E-4, 2.0501988728235405, -0.002768757179627689, 0.0, 2.2114477656098058E-4, -0.0025476124030667114, -8.068183435363858, 0.0, 1.759848445943744, -6.308334989420141, 0.9942558596169955, 0.0, 1.036017866746661, 2.0302737263636397, 7.005
0.001285571142284569, 0.4399567546787963, 3.069075029863252E-4, 2.0551405214018392, -0.0027799481150204896, 0.0, 2.2359185835386835E-4, -0.002556356256666624, -8.063794150724801, 0.0, 1.7676631582997027, -6.296130992425127, 0.994140529824063, 0.0, 1.0391314144412582, 2.0332719442653016, 7.005
0.001291382765531062, 0.44192885216261996, 3.0829492583692587E-4, 2.0600144674767464, -0.002791132971190885, 0.0, 2.2604974268657343E-4, -0.0025650832285043132, -8.05942006430624, 0.0, 1.7754208088541616, -6.283999255452101, 0.9940308272834206, 0.0, 1.0421951741054938, 2.036226001388897, 7.005
0.001297194388777555, 0.4439009496464436, 3.096823486875266E-4, 2.064821139712572, -0.002802311769057433, 0.0, 2.2851835151932286E-4, -0.002573793417538112, -8.055060935320256, 0.0, 1.783123033517136, -6.271937901803147, 0.9939267804277943, 0.0, 1.0452109358860864, 2.03913771631386, 7.005
0.001303006012024048, 0.4458704965561048, 3.1106977153812725E-4, 2.0695610257744965, -0.002813484529209189, 0.0, 2.3099760911665597E-4, -0.0025824869200925344, -8.050716529563497, 0.0, 1.7907715180694332, -6.259945011494091, 0.9938284138346598, 0.0, 1.048180529641157, 2.042008943475793, 7.005
0.001308817635270541, 0.4478376629298811, 3.1245719438872797E-4, 2.0742346727984944, -0.0028246512719147967, 0.0, 2.334874421165045E-4, -0.002591163829798295, -8.046386619345565, 0.0, 1.7983679979930236, -6.248018621352567, 0.9937357482663274, 0.0, 1.0511058247750729, 2.0448415730413827, 7.005
0.001314629258517034, 0.4498048293036574, 3.138446172393287E-4, 2.078842687850653, -0.0028358120171314773, 0.0, 2.3598777959902423E-4, -0.0025998242375324557, -8.042070983417446, 0.0, 1.8059142583013739, -6.236156725116102, 0.9936488007105392, 0.0, 1.0539887300739235, 2.0476375307844403, 7.005
0.001320440881763527, 0.4517719956774336, 3.1523204008992935E-4, 2.083385738375935, -0.0028469667845139076, 0.0, 2.384985531552024E-4, -0.0026084682313587083, -8.0377694068999, 0.0, 1.8134121333697664, -6.224357273530157, 0.9935675844215558, 0.0, 1.0568311935415575, 2.0503987779631005, 7.005
0.00132625250501002, 0.4537391620512098, 3.1661946294053E-4, 2.087864552636205, -0.002858115593423018, 0.0, 2.4101969695522867E-4, -0.002617095896467792, -8.033481681211883, 0.0, 1.8208635067656591, -6.212618174446251, 0.9934921089617538, 0.0, 1.0596352022362598, 2.0531273111979953, 7.005
0.0013320641282565126, 0.455706328424986, 3.180068857911307E-4, 2.0922799201375284, -0.0028692584629346723, 0.0, 2.435511478166186E-4, -0.0026257073151180568, -8.029207603998954, 0.0, 1.828270311079012, -6.200937292919971, 0.9934223802436608, 0.0, 1.0624027821080049, 2.055825162351646, 7.005
0.0013378757515030057, 0.4576734947987623, 3.193943086417314E-4, 2.096632692046546, -0.0028803954118482656, 0.0, 2.4609284527212107E-4, -0.0026343025665761465, -8.024946979061674, 0.0, 1.8356345277526125, -6.189312451309089, 0.9933584005725041, 0.0, 1.0651359978362058, 2.0584943984086888, 7.005
0.0013436873747494987, 0.4596406611725385, 3.2078173149233206E-4, 2.100923781596003, -0.0028915264586952052, 0.0, 2.486447316373746E-4, -0.0026428817270578338, -8.020699616284034, 0.0, 1.8429581869124538, -6.177741429371603, 0.9933001686891432, 0.0, 1.0678369526681086, 2.0611371213572394, 7.005
0.0013494989979959918, 0.46160782754631474, 3.221691543429328E-4, 2.1051541644792198, -0.002902651621747312, 0.0, 2.5120675207833415E-4, -0.00265144486966898, -8.01646533156184, 0.0, 1.8502433671980183, -6.166221964363846, 0.9932476798135007, 0.0, 1.0705077882575922, 2.0637554680710752, 7.005
0.001355310621242485, 0.46357499392009105, 3.235565771935335E-4, 2.109324879233486, -0.0029137709190250978, 0.0, 2.5377885467846284E-4, -0.002659992064346638, -8.01224394673114, 0.0, 1.8574921955926564, -6.154751751138514, 0.9932009256883194, 0.0, 1.0731506845045773, 2.0663516101928767, 7.005
0.0013611222444889777, 0.46554216029386725, 3.2494400004413415E-4, 2.113437027612289, -0.0029248843683059716, 0.0, 2.5636099050568937E-4, -0.0026685233778002857, -8.008035289496638, 0.0, 1.8647068472539008, -6.143328442242764, 0.9931598946234297, 0.0, 1.0757678593948539, 2.0689277540182682, 7.005
0.0013669338677354708, 0.46750932666764355, 3.2633142289473487E-4, 2.1174917749463296, -0.0029359919871323236, 0.0, 2.589531136791237E-4, -0.0026770388734532026, -8.003839193360072, 0.0, 1.8718895453438353, -6.131949648016267, 0.9931245715403423, 0.0, 1.0783615688404677, 2.071486140380788, 7.005
0.0013727454909819637, 0.46947649304141975, 3.2771884574533554E-4, 2.1214903504931613, -0.0029470937928195184, 0.0, 2.6155518143554813E-4, -0.0026855386113839733, -7.999655497548664, 0.0, 1.8790425608593755, -6.120612936689314, 0.9930949380172293, 0.0, 1.080934106520445, 2.074029044537659, 7.005
0.0013785571142284569, 0.471443659415196, 3.2910626859593625E-4, 2.1254340477754994, -0.0029581898024637955, 0.0, 2.6416715419566117E-4, -0.002694022648268137, -7.995484046943496, 0.0, 1.8861682124626722, -6.109315834480848, 0.9930709723343185, 0.0, 1.083487803722129, 2.076558776056431, 7.005
0.0013843687374749498, 0.47341082578897226, 3.304936914465369E-4, 2.129324224907994, -0.002969280032950055, 0.0, 2.667889956300945E-4, -0.0027024910373199635, -7.991324692007935, 0.0, 1.893268866311413, -6.098055825696549, 0.9930526495195865, 0.0, 1.0860250291828237, 2.0790776787023932, 7.005
0.0013901803607214427, 0.4753779921627485, 3.3188111429713763E-4, 2.1331623049125046, -0.0029803645009595617, 0.0, 2.694206727251918E-4, -0.0027109438282343725, -7.987177288716038, 0.0, 1.9003469358891463, -6.086830352826914, 0.9930399413948658, 0.0, 1.0885481889318975, 2.0815881303267476, 7.005
0.0013959919839679356, 0.4773451585365247, 3.332685371477383E-4, 2.1369497760216736, -0.0029914432229775343, 0.0, 2.720621558485519E-4, -0.0027193810671289863, -7.983041698480964, 0.0, 1.9074048818356613, -6.075636816645327, 0.9930328166222246, 0.0, 1.0910597261333501, 2.084092542755563, 7.005
0.0014018036072144288, 0.4793120092295121, 3.34655959998339E-4, 2.1406881919708622, -0.003002516215300647, 0.0, 2.7471341881433374E-4, -0.002727802796486316, -7.978917788083377, 0.0, 1.9144452117772897, -6.0644725763061125, 0.9930312407507392, 0.0, 1.093562120928714, 2.086593361679436, 7.005
0.001407615230460922, 0.4812781584096354, 3.3604338284893973E-4, 2.144379172278256, -0.0030135834940444193, 0.0, 2.773744389483326E-4, -0.00273620905509609, -7.974805429599868, 0.0, 1.9214704801572626, -6.0533349494426325, 0.9930351762635233, 0.0, 1.0960578902803788, 2.089093066543884, 7.005
0.0014134268537074146, 0.48324430758975856, 3.374308056995404E-4, 2.1480244025131165, -0.0030246450751505267, 0.0, 2.800451971528192E-4, -0.0027445998779977105, -7.970704500331335, 0.0, 1.9284832880660265, -6.042221212265334, 0.993044582625161, 0.0, 1.0985495878152534, 2.0915941704403975, 7.005
0.0014192384769539078, 0.4852104567698818, 3.388182285501411E-4, 2.151625634552091, -0.003035700974393988, 0.0, 2.827256779711333E-4, -0.002752975296422858, -7.966614882731431, 0.0, 1.9354862830716215, -6.031128599659838, 0.9930594163293098, 0.0, 1.101039803668896, 2.094099219998188, 7.005
0.0014250501002004005, 0.4871766059500049, 3.402056514007417E-4, 2.1551846868234676, -0.0030467512073902676, 0.0, 2.854158696520567E-4, -0.0027613353377382143, -7.962536464334949, 0.0, 1.942482159049964, -6.020054305285008, 0.99307963094672, 0.0, 1.10353116432985, 2.096610795276557, 7.005
0.0014308617234468936, 0.4891427551301281, 3.4159307425134244E-4, 2.158703444539391, -0.0030577957896022793, 0.0, 2.8811576421394275E-4, -0.0027696800253883386, -7.958469137686232, 0.0, 1.949473656015259, -6.008995481670999, 0.993105177173467, 0.0, 1.106026332484488, 2.0991315096579353, 7.005
0.0014366733466933865, 0.4911089043102513, 3.429804971019431E-4, 2.162183859915858, -0.003068834736347281, 0.0, 2.9082535750861433E-4, -0.0027780093788386698, -7.954412800267577, 0.0, 1.9564635599502307, -5.99794924031738, 0.9931360028795007, 0.0, 1.1085280068619945, 2.101664009741469, 7.005
0.0014424849699398795, 0.4930750534903745, 3.443679199525438E-4, 2.1656279523804556, -0.0030798680628036836, 0.0, 2.9354464928501466E-4, -0.0027863234135186714, -7.950367354427675, 0.0, 1.9634547026365652, -5.986912651791138, 0.9931720531574153, 0.0, 1.1110389220799237, 2.1042109752373177, 7.005
0.0014482965931863724, 0.49504120267049767, 3.457553428031445E-4, 2.169037808767769, -0.0030908957840177454, 0.0, 2.9627364325264684E-4, -0.0027946221407651015, -7.946332707309977, 0.0, 1.970449961485188, -5.975882745824806, 0.9932132703715425, 0.0, 1.113561848489838, 2.1067751188613717, 7.005
0.0014541082164328655, 0.49700735185062095, 3.471427656537452E-4, 2.172415583502409, -0.003101917914910179, 0.0, 2.9901234714474874E-4, -0.0028029055677654333, -7.942308770781133, 0.0, 1.9774522593666526, -5.964856511414508, 0.993259594207242, 0.0, 1.116099592023453, 2.1093591862306758, 7.005
0.0014599198396793587, 0.49897350103074417, 3.485301885043459E-4, 2.175763498769469, -0.0031129344702826548, 0.0, 3.0176077278125553E-4, -0.002811173697501402, -7.938295461359392, 0.0, 1.9844645644413954, -5.95383089691803, 0.9933109617204794, 0.0, 1.11865499403888, 2.1119659557593335, 7.005
0.0014657314629258514, 0.5009396502108674, 3.499176113549466E-4, 2.1790838446725456, -0.0031239454648242025, 0.0, 3.0451893613151696E-4, -0.002819426528692689, -7.934292700142998, 0.0, 1.9914898899901328, -5.942802810152898, 0.9933673073876319, 0.0, 1.1212309311673327, 2.114598238554942, 7.005
0.0014715430861723445, 0.5029057993909906, 3.513050342055473E-4, 2.182378979378928, -0.00313495091311752, 0.0, 3.07286857376778E-4, -0.0028276640557407455, -7.930300412738634, 0.0, 1.9985312942442082, -5.931769118494451, 0.9934285631554924, 0.0, 1.1238303151600724, 2.1172588783155506, 7.005
0.0014773547094188374, 0.5048719485711137, 3.5269245705614796E-4, 2.185651329252257, -0.0031459508296451744, 0.0, 3.100645609724306E-4, -0.0028358862686727474, -7.9263185291897935, 0.0, 2.0055918802159187, -5.920726648973901, 0.9934946584915769, 0.0, 1.1264560927355844, 2.119950751227145, 7.005
0.0014831663326653306, 0.506838097751237, 3.540798799067487E-4, 2.188903388972227, -0.003156945228795711, 0.0, 3.128520757100211E-4, -0.002844093153085693, -7.9223469839052, 0.0, 2.0126747955288047, -5.909672188376428, 0.9935655204345876, 0.0, 1.1291112454270182, 2.12267676586158, 7.005
0.0014889779559118235, 0.5088042469313602, 3.5546730275734935E-4, 2.192137721641519, -0.0031679341248696574, 0.0, 3.156494347790317E-4, -0.0028522846900906297, -7.918385715587233, 0.0, 2.0197832322480496, -5.898602483339216, 0.993641073645098, 0.0, 1.1317987894299666, 2.1254398630750426, 7.005
0.0014947895791583164, 0.5107703961114833, 3.5685472560795006E-4, 2.195356958879677, -0.003178917532085434, 0.0, 3.18456675828419E-4, -0.0028604608562570184, -7.914434667160321, 0.0, 2.0269204267108107, -5.887514240449545, 0.9937212404564828, 0.0, 1.1345217754504549, 2.128243015906913, 7.005
0.0015006012024048096, 0.512734913407072, 3.582421484585508E-4, 2.1985638009040285, -0.003189895464585164, 0.0, 3.212738410279259E-4, -0.0028686216235572414, -7.910493785699343, 0.0, 2.0340896593564866, -5.876404126342888, 0.9938059409260414, 0.0, 1.1372832885530864, 2.131089229479104, 7.005
0.0015064128256513025, 0.51468528770336, 3.5962957130915144E-4, 2.2017610165974255, -0.0032008679364403723, 0.0, 3.2410097712914064E-4, -0.0028767669593112335, -7.906563022358063, 0.0, 2.041294254557174, -5.865268767800919, 0.9938950928862541, 0.0, 1.1400864480096675, 2.1339815408958973, 7.005
0.0015122244488977956, 0.516635661999648, 3.6101699415975216E-4, 2.2049514435628526, -0.0032118349616576045, 0.0, 3.269381355263465E-4, -0.0028848968261312616, -7.902642332297519, 0.0, 2.0485375804478987, -5.85410475184965, 0.9939886119963336, 0.0, 1.1429344071477674, 2.136923019144082, 7.005
0.001518036072144288, 0.518586036295936, 3.6240441701035277E-4, 2.2081379881647147, -0.003222796554183935, 0.0, 3.2978537231711066E-4, -0.002893011181866828, -7.898731674614437, 0.0, 2.055823048757018, -5.842908625857447, 0.9940864117939014, 0.0, 1.1458303531997514, 2.139916764993635, 7.005
0.0015238476953907812, 0.5205364105922241, 3.637918398609535E-4, 2.2113236255567665, -0.0032337527279123796, 0.0, 3.326427483626568E-4, -0.0029011099795497263, -7.894831012269633, 0.0, 2.0631541146365135, -5.831676897633152, 0.9941884037468629, 0.0, 1.1487775071518662, 2.1429659108987065, 7.005
0.0015296593186372742, 0.5224867848885121, 3.6517926271155415E-4, 2.2145113996967036, -0.0032447034966871964, 0.0, 3.3551032934798857E-4, -0.002909193167339213, -7.89094031201645, 0.0, 2.070534276492358, -5.820406035524119, 0.9942944973054186, 0.0, 1.151779123593658, 2.1460736208990623, 7.005
0.0015354709418837673, 0.5244371591848002, 3.6656668556215487E-4, 2.217704423347141, -0.0032556488743091154, 0.0, 3.383881858417852E-4, -0.002917260688467334, -7.887059544329121, 0.0, 2.0779670758148607, -5.809092468514291, 0.9944045999543576, 0.0, 1.154838490567557, 2.149243090521895, 7.005
0.0015412825651302605, 0.5263875334810884, 3.679541084127556E-4, 2.220905878063024, -0.0032665888745404327, 0.0, 3.412763933560629E-4, -0.0029253124811843743, -7.883188683331223, 0.0, 2.0854560970089704, -5.797732586322279, 0.9945186172653732, 0.0, 1.1579589294186219, 2.1524775466839823, 7.005
0.0015470941883767532, 0.5283379077773763, 3.6934153126335625E-4, 2.2241190141654705, -0.003277523511110038, 0.0, 3.4417503240559183E-4, -0.00293334847870445, -7.879327706724053, 0.0, 2.0930049672246414, -5.786322739499443, 0.9946364529496772, 0.0, 1.161143794644566, 2.1557802475942207, 7.005
0.0015529058116232463, 0.5302882820736644, 3.7072895411395697E-4, 2.2273471507017315, -0.0032884527977183257, 0.0, 3.4708418856709244E-4, -0.0029413686091512366, -7.875476595715059, 0.0, 2.1006173561871573, -5.774859239527933, 0.9947580089106711, 0.0, 1.164396473745902, 2.159154482656551, 7.005
0.0015587174348697392, 0.5322386563699524, 3.7211637696455763E-4, 2.230593675391483, -0.003299376748042, 0.0, 3.500039525381773E-4, -0.0029493727955038273, -7.871635334946238, 0.0, 2.108296976027483, -5.763338358918785, 0.9948831852968251, 0.0, 1.1677203870763508, 2.162603572373159, 7.005
0.0015645290581162324, 0.5341890306662405, 3.7350379981515835E-4, 2.233862044559085, -0.0033102953757388107, 0.0, 3.5293442019607927E-4, -0.0029573609555427352, -7.867803912422545, 0.0, 2.116047581112582, -5.751756331309994, 0.9950118805547369, 0.0, 1.1711189876933417, 2.166130868248057, 7.005
0.0015703406813627253, 0.5361394049625285, 3.74891222665759E-4, 2.2371557830519526, -0.0033212086944521425, 0.0, 3.5587569265612404E-4, -0.0029653330017960235, -7.863982319440303, 0.0, 2.1238729678757635, -5.740109351564569, 0.9951439914822264, 0.0, 1.1745957612087743, 2.1697397526909836, 7.005
0.0015761523046092182, 0.5380897792588166, 3.7627864551635973E-4, 2.2404784841448517, -0.003332116717815559, 0.0, 3.588278763299752E-4, -0.0029732888414855867, -7.860170550515625, 0.0, 2.131776974647042, -5.728393575868615, 0.9952794132817132, 0.0, 1.1781542256399524, 2.1734336389216407, 7.005
0.0015819639278557111, 0.5400401535551046, 3.776660683669604E-4, 2.2438338094300296, -0.003343019459457199, 0.0, 3.617910829836614E-4, -0.002981228376473541, -7.856368603312789, 0.0, 2.139763481483423, -5.716605121829398, 0.9954180396136368, 0.0, 1.1817979312605582, 2.177215970874172, 7.005
0.0015877755511022043, 0.5419905278513927, 3.790534912175611E-4, 2.2472254886932266, -0.0033539169330041047, 0.0, 3.6476542979532424E-4, -0.0029891515032087843, -7.8525764785727, 0.0, 2.1478364099993077, -5.704740068573418, 0.995559762650031, 0.0, 1.1855304604520343, 2.1810902231020486, 7.005
0.0015935871743486974, 0.5439409021476808, 3.8044091406816183E-4, 2.2506573197752875, -0.0033648091520864444, 0.0, 3.677510394127859E-4, -0.0029970581126736624, -7.848794180041238, 0.0, 2.155999723196774, -5.692794456844499, 0.9957044731282971, 0.0, 1.1893554275548557, 2.1850599006831275, 7.005
0.0015993987975951901, 0.5458912764439688, 3.818283369187625E-4, 2.254133168419473, -0.0033756961303416195, 0.0, 3.70748040010835E-4, -0.003004948090330789, -7.84502171439771, 0.0, 2.16425742529592, -5.680764289101825, 0.9958520604049975, 0.0, 1.1932764787201422, 2.1891285391251163, 7.005
0.0016052104208416833, 0.5478422169025208, 3.832157597693632E-4, 2.2576569681043326, -0.0033865778814182986, 0.0, 3.737565653483039E-4, -0.0030128213160699993, -7.841259091183252, 0.0, 2.1726135615652518, -5.668645529618031, 0.9960024125098529, 0.0, 1.1972972917614009, 2.193299704271235, 7.005
0.0016110220440881762, 0.5497932226874876, 3.846031826199639E-4, 2.261232719862071, -0.0033974544189803273, 0.0, 3.7677675482489876E-4, -0.0030206776641554336, -7.837506322729227, 0.0, 2.1810722181519653, -5.656434104577287, 0.9961554161998494, 0.0, 1.2014215760063403, 2.197576992206177, 7.005
0.001616833667334669, 0.5517442284724546, 3.8599060547056454E-4, 2.264864492082201, -0.003408325756710555, 0.0, 3.7980875353780223E-4, -0.0030285170031727573, -7.833763424085633, 0.0, 2.189637521912308, -5.644125902173359, 0.9963109570134485, 0.0, 1.2056530721488894, 2.2019640291623155, 7.005
0.001622645290581162, 0.5536952342574215, 3.873780283211652E-4, 2.268556420300679, -0.003419191908314558, 0.0, 3.8285271233803295E-4, -0.0030363391959765296, -7.830030412949531, 0.0, 2.1983136402419206, -5.631716772707649, 0.9964689193249188, 0.0, 1.2099955521013628, 2.206464471426254, 7.005
0.001628456913827655, 0.5556462400423885, 3.887654511717659E-4, 2.272312706974179, -0.00343005288752426, 0.0, 3.859087878865718E-4, -0.003044144099637691, -7.826307309593429, 0.0, 2.207104780906146, -5.619202528687315, 0.9966291863988045, 0.0, 1.2144528188467194, 2.211082005245497, 7.005
0.0016342685370741479, 0.5575972458273554, 3.901528740223666E-4, 2.276137621239575, -0.0034409087081014537, 0.0, 3.889771427102607E-4, -0.0030519315653911964, -7.822594136793709, 0.0, 2.216015191870418, -5.60657894492332, 0.9967916404444559, 0.0, 1.2190287062910203, 2.215820346735456, 7.005
0.001640080160320641, 0.5595482516123224, 3.915402968729673E-4, 2.2800354986584774, -0.0034517593838412344, 0.0, 3.920579452574514E-4, -0.003059701438583787, -7.818890919759034, 0.0, 2.2250491611305514, -5.593841758628513, 0.9969561626707342, 0.0, 1.2237270791159585, 2.2206832417866726, 7.005
0.0016458917835671342, 0.5614992573972893, 3.92927719723568E-4, 2.284010740946846, -0.003462604928575311, 0.0, 3.951513699534316E-4, -0.0030674535586218835, -7.815197686058742, 0.0, 2.2342110165430986, -5.5809866695156725, 0.9971226333407589, 0.0, 1.2285518326315437, 2.225674465972284, 7.005
0.001651703406813627, 0.5634502631822563, 3.943151425741687E-4, 2.2880678156894585, -0.0034734453561752437, 0.0, 3.982575972556092E-4, -0.0030751877589196386, -7.811514465551272, 0.0, 2.243505125655696, -5.568009339895612, 0.9972909318268055, 0.0, 1.2335068926289265, 2.230797824455706, 7.005
0.00165751503006012, 0.5654012689672233, 3.957025654247694E-4, 2.2922112560392436, -0.0034842806805555635, 0.0, 4.013768137084644E-4, -0.0030829038668471033, -7.80784129031258, 0.0, 2.252935895537379, -5.554905394775232, 0.9974609366652519, 0.0, 1.2385962152332999, 2.2360571518985326, 7.005
0.001663326653306613, 0.5673522747521902, 3.9708998827537006E-4, 2.296445660401527, -0.0034951109156768022, 0.0, 4.045092119982659E-4, -0.003090601703678542, -7.8041781945645115, 0.0, 2.262507772608954, -5.541670421955596, 0.9976325256117083, 0.0, 1.2438237867569841, 2.2414563123686704, 7.005
0.001669138276553106, 0.5693032805371572, 3.984774111259708E-4, 2.300775692102694, -0.003505936075548421, 0.0, 4.076549910075445E-4, -0.003098281084540881, -7.800525214603249, 0.0, 2.2722252424732736, -5.528299972130011, 0.9978055756961489, 0.0, 1.2491936235525403, 2.2469991992486653, 7.005
0.001674949899799599, 0.5712542863221242, 3.9986483397657144E-4, 2.3052060790437814, -0.0035167561742316306, 0.0, 4.108143558693453E-4, -0.0031059418183622908, -7.796882388727707, 0.0, 2.2820928297456646, -5.514789558982064, 0.9979799632781741, 0.0, 1.2547097718661226, 2.2526897351442887, 7.005
0.001680761523046092, 0.5732052921070911, 4.0125225682717216E-4, 2.309741613338394, -0.003527571225842135, 0.0, 4.139875180212322E-4, -0.0031135837078209057, -7.793249757167924, 0.0, 2.2921150978841918, -5.501134659283779, 0.9981555641024176, 0.0, 1.2603763076908066, 2.2585318717931835, 7.005
0.001686573146292585, 0.5751562978920581, 4.026396796777729E-4, 2.3143871509351817, -0.003538381244552744, 0.0, 4.1717469525906476E-4, -0.003121206549293684, -7.789627362013511, 0.0, 2.3022966490199916, -5.487330712993551, 0.9983322533539128, 0.0, 1.2661973366200714, 2.264529589973963, 7.005
0.001692384769539078, 0.577107303677025, 4.0402710252837354E-4, 2.319147611224702, -0.0035491862445959192, 0.0, 4.2037611179052993E-4, -0.003128810132805393, -7.786015247142019, 0.0, 2.3126421237876973, -5.473373123354347, 0.9985099057137125, 0.0, 1.2721769937015093, 2.270686899415206, 7.005
0.0016981963927855711, 0.579058309461992, 4.0541452537897426E-4, 2.3240279766305454, -0.0035599862402661926, 0.0, 4.23591998288452E-4, -0.003136394241977745, -7.7824134581473805, 0.0, 2.3231562011556974, -5.459257256991705, 0.9986883954144291, 0.0, 1.2783194432904341, 2.277007838704852, 7.005
0.001704008016032064, 0.5810047237511015, 4.068019482295749E-4, 2.329033292184681, -0.0035707812459225058, 0.0, 4.2682259194385996E-4, -0.003143958653978651, -7.778822042268289, 0.0, 2.3338435982564727, -5.444978444011846, 0.9988675962959974, 0.0, 1.2846288789036866, 2.283496475199668, 7.005
0.001709819639278557, 0.582949071867075, 4.0818937108017564E-4, 2.3341686650870943, -0.00358157127599044, 0.0, 4.300681365188119E-4, -0.0031515031394716343, -7.775241048316626, 0.0, 2.3447090702169553, -5.430531978099695, 0.9990473818614238, 0.0, 1.2911095230735807, 2.2901569049349964, 7.005
0.0017156312625250497, 0.5848934199830484, 4.0957679393077625E-4, 2.339439264249253, -0.0035923563449643515, 0.0, 4.3332888239899873E-4, -0.0031590274625653576, -7.77167052660588, 0.0, 2.355757409988897, -5.415913116617018, 0.9992276253326439, 0.0, 1.2977656272019142, 2.2969932525345347, 7.005
0.0017214428857715428, 0.5868377680990221, 4.1096421678137697E-4, 2.3448503198218016, -0.0036031364674093984, 0.0, 4.366050866461055E-4, -0.003166531380763296, -7.768110528879533, 0.0, 2.366993448179157, -5.40111708070041, 0.9994081997064638, 0.0, 1.304601471414015, 2.304009671120452, 7.005
0.001727254509018036, 0.5887821162149957, 4.123516396319777E-4, 2.35040712270608, -0.003613911657963481, 0.0, 4.398970130499325E-4, -0.0031740146449135524, -7.764561108239475, 0.0, 2.37842205288005, -5.386139055359462, 0.9995889778105849, 0.0, 1.3116213644129473, 2.3112103422235055, 7.005
0.0017330661322645287, 0.5907264643309692, 4.1373906248257835E-4, 2.356115024049402, -0.003624681931339077, 0.0, 4.43204932180294E-4, -0.0031814769991587873, -7.761022319074423, 0.0, 2.390048129499692, -5.3709741895747625, 0.9997698323596803, 0.0, 1.318829643333773, 2.318599475693433, 7.005
0.0017388777555110218, 0.5926708124469429, 4.1512648533317906E-4, 2.3619794347242227, -0.0036354473023249736, 0.0, 4.4652912143865897E-4, -0.003188918180886319, -7.757494216988325, 0.0, 2.401876620592362, -5.355617596395995, 0.9999506360115413, 0.0, 1.3262306735979752, 2.3261813096094945, 7.005
0.0017446893787575147, 0.5946151605629163, 4.1651390818377973E-4, 2.3680058247909623, -0.0036462077857879072, 0.0, 4.4986986510958687E-4, -0.0031963379206783253, -7.753976858728763, 0.0, 2.4139125056888027, -5.340064353039991, 1.0001312614233238, 0.0, 1.3338288487678207, 2.333960110191126, 7.005
0.0017505010020040079, 0.59655950867889, 4.1790133103438045E-4, 2.374199722944375, -0.0036569633966741007, 0.0, 4.532274544119006E-4, -0.0032037359422622045, -7.750470302115371, 0.0, 2.426160801126568, -5.324309500988836, 1.0003115813078345, 0.0, 1.3416285904009364, 2.341940171708749, 7.005
0.0017563126252505008, 0.5985038567948635, 4.192887538849811E-4, 2.3805667159434427, -0.003667714150010694, 0.0, 4.5660218754964423E-4, -0.003211111962461054, -7.7469746059682345, 0.0, 2.438626559880341, -5.308348046087927, 1.000491468489887, 0.0, 1.3496343479048707, 2.3501258163947343, 7.005
0.0017621242484969937, 0.6004482049108371, 4.206761767355818E-4, 2.3871124480248347, -0.0036784600609070925, 0.0, 4.599943697627886E-4, -0.0032184656911443095, -7.743489830036312, 0.0, 2.451314871392344, -5.292174958644003, 1.000670795962738, 0.0, 1.3578505983918785, 2.3585213943545957, 7.005
0.0017679358717434866, 0.6023925530268106, 4.220635995861825E-4, 2.3938426202996235, -0.0036892011445562017, 0.0, 4.634043133777133E-4, -0.003225796831178494, -7.740016034925835, 0.0, 2.4642308614025983, -5.27578517352326, 1.0008494369445762, 0.0, 1.3662818465335982, 2.3671312834781646, 7.005
0.0017737474949899798, 0.6043369011427843, 4.234510224367832E-4, 2.400762990133296, -0.0036999374162355655, 0.0, 4.6683233785744697E-4, -0.0032331050783781243, -7.736553282028716, 0.0, 2.4773796917793027, -5.259173590249445, 1.0010272649350755, 0.0, 1.3749326244159457, 2.3759598893510026, 7.005
0.001779559118236473, 0.6062812492587578, 4.248384452873839E-4, 2.4078793705090433, -0.003710668891308407, 0.0, 4.702787698516811E-4, -0.0032403901214567315, -7.733101633450965, 0.0, 2.490766560349129, -5.242335073101867, 1.001204153772006, 0.0, 1.3838074913939673, 2.385011645165954, 7.005
0.0017853707414829658, 0.6082255973747314, 4.262258681379846E-4, 2.4151976293741333, -0.003721395585224573, 0.0, 4.737439432465338E-4, -0.0032476516419780448, -7.729661151941084, 0.0, 2.50439670072762, -5.22526445121349, 1.0013799776879213, 0.0, 1.3929110339469124, 2.39429101163482, 7.005
0.0017911823647294588, 0.610169945490705, 4.276132909885853E-4, 2.422723688969402, -0.003732117513521372, 0.0, 4.7722819921409244E-4, -0.003254889314307286, -7.726231900818498, 0.0, 2.5182753821494805, -5.20795651866905, 1.0015546113668705, 0.0, 1.402247865533231, 2.403802476900083, 7.005
0.0017969939879759517, 0.6121142936066785, 4.2900071383918597E-4, 2.430463525141639, -0.003742834691824318, 0.0, 4.807318862617094E-4, -0.003262102805562613, -7.722813943901951, 0.0, 2.5324079092989646, -5.190406034603023, 1.001727930001192, 0.0, 1.4118226264457638, 2.4135505564469297, 7.005
0.0018028056112224448, 0.6140900301962992, 4.303881366897867E-4, 2.4384231666389287, -0.0037535471358477734, 0.0, 4.8425536028107397E-4, -0.003269291775566704, -7.7194073454379, 0.0, 2.5467996221401172, -5.172607723297815, 1.0018998093483826, 0.0, 1.421639983666826, 2.4235397930151863, 7.005
0.0018086172344689375, 0.6160993972933986, 4.317755595403873E-4, 2.446608694388825, -0.0037642548613954926, 0.0, 4.877989845970381E-4, -0.0032764558767984604, -7.7160121700289634, 0.0, 2.5614558957472227, -5.154556274281777, 1.0020701257879494, 0.0, 1.431704630723593, 2.43377475651152, 7.005
0.0018144288577154305, 0.6181087643904982, 4.33162982390988E-4, 2.455026240759236, -0.0037749578843610703, 0.0, 4.91363130016214E-4, -0.003283594754344862, -7.712628482562282, 0.0, 2.5763821401350704, -5.136246342427244, 1.0022387563784212, 0.0, 1.4420212875433494, 2.4442600439217514, 7.005
0.0018202404809619234, 0.6201181314875978, 4.345504052415887E-4, 2.4636819888020254, -0.0037856562207282765, 0.0, 4.949481748753276E-4, -0.0032907080458529545, -7.70925634813798, 0.0, 2.59158380008937, -5.117672548048654, 1.0024055789142738, 0.0, 1.4525947003089643, 2.4550002792232073, 7.005
0.0018260521042084165, 0.6221274985846973, 4.359378280921894E-4, 2.4725821714791314, -0.003796349886571316, 0.0, 4.985545050893554E-4, -0.0032977953814819667, -7.7058958319975215, 0.0, 2.60706635499694, -5.098829477000615, 1.0025704719830713, 0.0, 1.463429641314171, 2.466000113297222, 7.005
0.0018318637274549097, 0.6241368656817969, 4.373252509427901E-4, 2.4817330708712415, -0.003807038898054964, 0.0, 5.021825141994008E-4, -0.003304856383855568, -7.702546999452149, 0.0, 2.6228353186762, -5.079711680775973, 1.0027333150225157, 0.0, 1.4745309088192553, 2.477264223841758, 7.005
0.0018376753507014026, 0.6261462327788965, 4.387126737933908E-4, 2.4911410173689434, -0.003817723271434615, 0.0, 5.058326034203539E-4, -0.003311890668014267, -7.6992099158113065, 0.0, 2.638896239207482, -5.060313676603866, 1.0028939883775874, 0.0, 1.485903326906588, 2.4887973152841463, 7.005
0.0018434869739478955, 0.6281555998759961, 4.401000966439915E-4, 2.5008123888461284, -0.0038284030230562377, 0.0, 5.09505181688306E-4, -0.0033188978413679366, -7.695884646311007, 0.0, 2.6552546987632417, -5.040629947547797, 1.0030523733578003, 0.0, 1.4975517453361302, 2.5006041186939107, 7.005
0.0018492985971943884, 0.6301649669730957, 4.4148751949459216E-4, 2.5107536098157928, -0.0038390781693562167, 0.0, 5.132006657077367E-4, -0.0033258775036484837, -7.69257125604228, 0.0, 2.671916313438585, -5.020654942603721, 1.0032083522943989, 0.0, 1.5094810394013014, 2.512689391695683, 7.005
0.0018551102204408816, 0.6321743340701952, 4.428749423451929E-4, 2.520971150567874, -0.0038497487268610983, 0.0, 5.169194799984597E-4, -0.0033328292468626434, -7.689269809879543, 0.0, 2.6888867330814326, -5.000383076798132, 1.0033618085976728, 0.0, 1.5216961097845432, 2.5250579183822066, 7.005
0.0018609218436873745, 0.6341837011672947, 4.4426236519579354E-4, 2.531471526289482, -0.003860414712187255, 0.0, 5.206620569423294E-4, -0.003339752655244931, -7.685980372409068, 0.0, 2.70617164112301, -4.9798087312860995, 1.0035126268142793, 0.0, 1.5342018824132773, 2.537714509227528, 7.005
0.0018667334669338674, 0.6361930682643944, 4.4564978804639426E-4, 2.5422612961667603, -0.003871076142040418, 0.0, 5.244288368297231E-4, -0.0033466473052107012, -7.682703007857323, 0.0, 2.7237767544080285, -4.958926253449333, 1.003660692684638, 0.0, 1.5470033083155836, 2.550664001000198, 7.005
0.0018725450901803606, 0.638202435361494, 4.4703721089699497E-4, 2.553347062469152, -0.00388173303321514, 0.0, 5.282202679057775E-4, -0.003353512765309368, -7.679437780019431, 0.0, 2.741707823025171, -4.937729956994296, 1.0038058932003304, 0.0, 1.5601053634762534, 2.5639112566765596, 7.005
0.0018783567134268535, 0.6402118024585934, 4.4842463374759564E-4, 2.5647354696153206, -0.003892385402594145, 0.0, 5.320368064164077E-4, -0.003360348596177744, -7.676184752187545, 0.0, 2.759970630137333, -4.916214122050247, 1.0039481166616002, 0.0, 1.5735130486926112, 2.577461165354191, 7.005
0.0018841683366733466, 0.6422211695556931, 4.4981205659819635E-4, 2.5764332032208097, -0.0039030332671475803, 0.0, 5.358789166540576E-4, -0.0033671543504935272, -7.672943987079283, 0.0, 2.7785709918119808, -4.894372995267331, 1.004087252734821, 0.0, 1.587231389430575, 2.5913186421653776, 7.005
0.0018899799599198395, 0.6442305366527926, 4.51199479448797E-4, 2.5884469891276227, -0.003913676643932162, 0.0, 5.397470710032447E-4, -0.0033739295729289247, -7.669715546766129, 0.0, 2.797514756851554, -4.8722007899146185, 1.0042231925100393, 0.0, 1.6012654356807476, 2.6054886281907597, 7.005
0.0018957915831663325, 0.6462399037498923, 4.5258690229939773E-4, 2.600783592415362, -0.003924315550090249, 0.0, 5.43641749985863E-4, -0.0033806738001043936, -7.66649949260183, 0.0, 2.8168078066236553, -4.849691685978213, 1.0043558285585996, 0.0, 1.6156202618143485, 2.6199760903729286, 7.005
0.0019016032064128254, 0.6482319174163829, 4.539743251499984E-4, 2.6134498163939224, -0.003934950002848769, 0.0, 5.475634423062367E-4, -0.0033873865605425378, -7.6632958851508315, 0.0, 2.836456054891555, -4.826839830259297, 1.004485054990697, 0.0, 1.6303009664395476, 2.6347860214302354, 7.005
0.0019074148296593183, 0.6501783783275249, 4.5536174800059906E-4, 2.6264525015777282, -0.003945580019518104, 0.0, 5.515126448959663E-4, -0.0033940673746221442, -7.660104784116645, 0.0, 2.8564654476444655, -4.803639336472225, 1.004610767513117, 0.0, 1.6453126722575426, 2.649923439770629, 7.005
0.0019132264529058115, 0.652124839238667, 4.567491708511998E-4, 2.639798524641342, -0.00395620561749082, 0.0, 5.554898629585019E-4, -0.003400715754532326, -7.65692624827031, 0.0, 2.876841962927814, -4.78008428534254, 1.0047328634868422, 0.0, 1.6606605259187697, 2.665393389405585, 7.005
0.0019190380761523044, 0.6540713001498091, 4.5813659370180044E-4, 2.653494797356492, -0.003966826814240341, 0.0, 5.594956100135116E-4, -0.0034073312042268364, -7.653760335378751, 0.0, 2.8975916106736204, -4.756168724705153, 1.004851241984865, 0.0, 1.6763496978791899, 2.6812009398640475, 7.005
0.0019248496993987973, 0.6560177610609512, 4.5952401655240116E-4, 2.6675482655102423, -0.0039774436273195, 0.0, 5.635304079410048E-4, -0.0034139132193784986, -7.650607102133213, 0.0, 2.9187204325309217, -4.731886669602307, 1.0049658038499014, 0.0, 1.692385382256692, 2.697351186106586, 7.005
0.0019306613226452902, 0.6579642219720934, 4.609114394030018E-4, 2.6819659078044698, -0.003988056074358993, 0.0, 5.675947870252157E-4, -0.0034204612873337814, -7.647466604077688, 0.0, 2.940234501696009, -4.707232102381695, 1.0050764517521809, 0.0, 1.7087727966873505, 2.7138492484395234, 7.005
0.0019364729458917834, 0.6599106828832355, 4.6229886225360254E-4, 2.6967547347363254, -0.003998664173065747, 0.0, 5.716892859982607E-4, -0.003426974887067493, -7.644338895537276, 0.0, 2.9621399227427827, -4.6821989727945335, 1.005183090247336, 0.0, 1.7255171821818294, 2.730700272429139, 7.005
0.0019422845691382763, 0.6618571437943775, 4.636862851042032E-4, 2.7119217874598958, -0.004009267941221172, 0.0, 5.758144520835408E-4, -0.003433453489137637, -7.641224029546643, 0.0, 2.984442831453064, -4.656781198093608, 1.005285625834208, 0.0, 1.7426238029818228, 2.7479094288160146, 7.005
0.0019480961923847692, 0.6638036047055197, 4.650737079548039E-4, 2.7274741366286213, -0.004019867396679319, 0.0, 5.799708410389416E-4, -0.003439896555640384, -7.638122057778397, 0.0, 3.0071493946470276, -4.630972663131396, 1.005383967012776, 0.0, 1.760097946416582, 2.7654819134293467, 7.005
0.001953907815631262, 0.6657500656166618, 4.664611308054046E-4, 2.7434188812186573, -0.004030462557364952, 0.0, 5.84159017199765E-4, -0.003446303540165194, -7.6350330304715115, 0.0, 3.030265810013459, -4.604767220458081, 1.00547802434209, 0.0, 1.7779449227593807, 2.783422947101458, 7.005
0.0019597194388777553, 0.667696526527804, 4.678485536560053E-4, 2.759763147333132, -0.004041053441271497, 0.0, 5.883795535214437E-4, -0.00345267388775006, -7.6319569963597385, 0.0, 3.0537983059401133, -4.578158690419656, 1.0055677104981975, 0.0, 1.796170065084075, 2.801737775582257, 7.005
0.0019655310621242484, 0.6696429874389461, 4.69235976506606E-4, 2.7765140869869995, -0.00405164006645891, 0.0, 5.926330316220183E-4, -0.0034590070348368964, -7.628894002599998, 0.0, 3.077753141344065, -4.5511408612559645, 1.005652940332178, 0.0, 1.8147787291216992, 2.820431669453856, 7.005
0.001971342685370741, 0.6715894483500882, 4.706233993572067E-4, 2.7936788768724963, -0.004062222451051433, 0.0, 5.969200418243737E-4, -0.003465302409227067, -7.6258440947008, 0.0, 3.102136605502006, -4.523707489198841, 1.0057336309281288, 0.0, 1.8337762931170563, 2.839509924045154, 7.005
0.0019771543086172343, 0.6735359092612303, 4.720108222078074E-4, 2.811264717105299, -0.004072800613235273, 0.0, 6.012411831982362E-4, -0.0034715594300370437, -7.6228073164506815, 0.0, 3.126955017880646, -4.49585229857007, 1.0058097016612086, 0.0, 1.853168157685449, 2.8589778593466377, 7.005
0.0019829659318637274, 0.6754823701723723, 4.7339824505840806E-4, 2.829278829951111, -0.004083374571256149, 0.0, 6.055970636019688E-4, -0.0034777775076541874, -7.619783709846532, 0.0, 3.152214727966966, -4.467568981879599, 1.005881074255783, 0.0, 1.8729597456692397, 2.878840819925005, 7.005
0.00198877755511022, 0.6774288310835145, 4.747856679090088E-4, 2.847728458532517, -0.004093944343416764, 0.0, 6.099882997240646E-4, -0.0034839560436927056, -7.616773315022111, 0.0, 3.1779221150986747, -4.438851199923474, 1.0059476728434207, 0.0, 1.89315650199477, 2.8991041748381647, 7.005
0.0019945891783567133, 0.6793752919946566, 4.7617309075960945E-4, 2.866620865516376, -0.004104509948074169, 0.0, 6.144155171244778E-4, -0.0034900944309496982, -7.613776170176372, 0.0, 3.2040835882943934, -4.409692581882021, 1.0060094240211028, 0.0, 1.9137638935289067, 2.9197733175499825, 7.005
0.0020004008016032064, 0.6813202175208406, 4.7756051361021016E-4, 2.8859633317813653, -0.004115071403637032, 0.0, 6.188793502756617E-4, -0.003496192053361375, -7.610792311501934, 0.0, 3.230705586084181, -4.380086725417792, 1.0060662569093481, 0.0, 1.9347874089360648, 2.9408536658453825, 7.005
0.002006212424849699, 0.6832444153500901, 4.7894793646081077E-4, 2.90576315506563, -0.0041256287285628, 0.0, 6.233804426034234E-4, -0.0035022482859593815, -7.607821773113414, 0.0, 3.2577945763396667, -4.350027196773784, 1.006118103210435, 0.0, 1.956232558534772, 2.962350661745181, 7.005
0.0020120240480961922, 0.6851686131793396, 4.803353593114115E-4, 2.926027648594589, -0.004136181941354769, 0.0, 6.279194465274904E-4, -0.003508262494827285, -7.604864586975919, 0.0, 3.2853570561045475, -4.31950753087139, 1.0061648972665576, 0.0, 1.9781048741547336, 2.9842697714212854, 7.005
0.002017835671342685, 0.6870928110085892, 4.817227821620122E-4, 2.946764139688778, -0.0041467310605590516, 0.0, 6.324970235018739E-4, -0.003514234037057184, -7.60192078283339, 0.0, 3.313399551424822, -4.288521231408594, 1.006206576118111, 0.0, 2.0004099089935994, 3.006616485111698, 7.005
0.002023647294589178, 0.6890170088378387, 4.8311020501261287E-4, 2.9679799683516404, -0.004157276104761447, 0.0, 6.37113844054993E-4, -0.00352016226070646, -7.598990388137076, 0.0, 3.341928617179266, -4.257061770957841, 1.0062430795618924, 0.0, 2.02315323747401, 3.0293963170358844, 7.005
0.0020294589178356712, 0.6909412066670882, 4.844976278632136E-4, 2.9896824858369957, -0.004167817092584208, 0.0, 6.417705878295657E-4, -0.0035260465047546492, -7.596073427973871, 0.0, 3.370950836909569, -4.225122591064353, 1.0062743502094562, 0.0, 2.046340455100322, 3.0526148053097404, 7.005
0.002035270541082164, 0.6928654044963377, 4.8588505071381425E-4, 3.0118790531965534, -0.004178354042682712, 0.0, 6.464679436222478E-4, -0.0035318860990604718, -7.593169924994757, 0.0, 3.4004728226507748, -4.192697102344011, 1.0063003335453802, 0.0, 2.0699771783157184, 3.076277511861084, 7.005
0.002041082164328657, 0.6947896023255873, 4.8727247356441497E-4, 3.034577039806967, -0.004188886973742029, 0.0, 6.512066094230387E-4, -0.003537680364318995, -7.590279899343246, 0.0, 3.430501214761784, -4.159778684581503, 1.0063209779855626, 0.0, 2.0940690443593803, 3.100390022344913, 7.005
0.00204689378757515, 0.6967138001548369, 4.886598964150157E-4, 3.057783821876477, -0.004199415904473401, 0.0, 6.559872924545012E-4, -0.003543428612018905, -7.587403368583721, 0.0, 3.4610426817553046, -4.126360686828436, 1.0063362349356642, 0.0, 2.1186217111230525, 3.1249579460587076, 7.005
0.0020527054108216434, 0.6986379979840864, 4.900473192656164E-4, 3.081506780931237, -0.0042099408536106055, 0.0, 6.608107092106549E-4, -0.0035491301443999587, -7.584540347629901, 0.0, 3.4921039201286477, -4.0924364275012906, 1.006346058849397, 0.0, 2.1436408570086534, 3.149986915858031, 7.005
0.0020585170340681365, 0.700562195813336, 4.914347421162171E-4, 3.1057533022809345, -0.004220461839906229, 0.0, 6.656775854957089E-4, -0.0035547842544105266, -7.581690848673237, 0.0, 3.5236916541936707, -4.0579991944795895, 1.00635040728695, 0.0, 2.1691321807849184, 3.17548258807186, 7.005
0.002064328657314629, 0.7024863936425854, 4.928221649668177E-4, 3.1305307734640895, -0.00423097888212785, 0.0, 6.705886564625522E-4, -0.003560390225665304, -7.578854881111267, 0.0, 3.555812635907298, -4.023042245204001, 1.006349240973472, 0.0, 2.1951014014446524, 3.201450642418105, 7.005
0.002070140280561122, 0.7044105914718349, 4.942095878174184E-4, 3.1558465826722255, -0.004241491999054098, 0.0, 6.755446666509498E-4, -0.0035659473324031517, -7.576032451476136, 0.0, 3.5884736447019105, -3.9875588067742624, 1.0063425238573684, 0.0, 2.2215542580619974, 3.2278967819193363, 7.005
0.002075951903807615, 0.7063347893010845, 4.955970106680192E-4, 3.1817081171536366, -0.004252001209470641, 0.0, 6.80546370025587E-4, -0.003571454839445061, -7.5732235633628875, 0.0, 3.6216814873155685, -3.951542076047365, 1.0063302231689055, 0.0, 2.2484965096493936, 3.254826732818266, 7.005
0.002081763527054108, 0.7082589871303341, 4.969844335186199E-4, 3.2081227615962344, -0.004262506532166056, 0.0, 6.855945300138007E-4, -0.0035769120021522612, -7.570428217357958, 0.0, 3.655442997622393, -3.9149852197355903, 1.0063123094785995, 0.0, 2.2759339350148733, 3.2822462444934586, 7.005
0.002087575150300601, 0.7101831849595834, 4.983718563692205E-4, 3.2350978964893304, -0.004273007985927602, 0.0, 6.906899195431444E-4, -0.0035823180663844658, -7.567646410967535, 0.0, 3.6897650364628856, -3.8778813745046907, 1.0062887567557586, 0.0, 2.303872332619183, 3.3101610893749167, 7.005
0.002093386773547094, 0.712107382788833, 4.997592792198212E-4, 3.2626408964645535, -0.004283505589536904, 0.0, 6.958333210786522E-4, -0.00358767226845826, -7.564878138545997, 0.0, 3.7246544914743454, -3.8402236470716895, 1.0062595424269767, 0.0, 2.33231752043316, 3.3385770628601157, 7.005
0.002099198396793587, 0.7140315806180826, 5.011467020704219E-4, 3.2907591286156848, -0.004293999361765523, 0.0, 7.010255266599231E-4, -0.0035929738351056072, -7.5621233912243, 0.0, 3.7601182769210717, -3.802005114303272, 1.0062246474346928, 0.0, 2.3612753357947946, 3.367499983229459, 7.005
0.00210501002004008, 0.7159364637687898, 5.025341249210225E-4, 3.3194599507971816, -0.004304489321370434, 0.0, 7.062673379379283E-4, -0.0035982219834325094, -7.559382156838406, 0.0, 3.796163333524853, -3.7632188233135815, 1.0061840562957163, 0.0, 2.390751635266702, 3.3969356915623976, 7.005
0.002110821643286573, 0.7178382565709305, 5.039215477716233E-4, 3.348750709901651, -0.0043149754870894196, 0.0, 7.115595662116336E-4, -0.0036034159208777933, -7.556654419857669, 0.0, 3.8327966282951484, -3.7238577915625735, 1.0061377571598566, 0.0, 2.42075229449319, 3.4268900516530083, 7.005
0.002116633266533066, 0.7197400493730711, 5.05308970622224E-4, 3.378638740115999, -0.004325457877636324, 0.0, 7.169030324643022E-4, -0.003608554845172031, -7.55394016131327, 0.0, 3.8700251543595323, -3.683915006953765, 1.0060857418684412, 0.0, 2.4512832080577938, 3.4573689499262255, 7.005
0.002122444889779559, 0.7216418421752118, 5.066963934728247E-4, 3.4091313611559535, -0.00433593651169626, 0.0, 7.22298567399659E-4, -0.0036136379442966047, -7.551239358726597, 0.0, 3.907855930794016, -3.643383427932614, 1.0060280060130082, 0.0, 2.482350289340506, 3.488378295353488, 7.005
0.0021282565130260516, 0.7235436349773523, 5.080838163234253E-4, 3.440235876479374, -0.004346411407920668, 0.0, 7.277470114777562E-4, -0.0036186643964429177, -7.548551986037689, 0.0, 3.946296002453404, -3.6022559835843326, 1.005964548993849, 0.0, 2.513959470375196, 3.5199240193690073, 7.005
0.0021340681362725447, 0.725445427779493, 5.09471239174026E-4, 3.4719595714780684, -0.004356882584922311, 0.0, 7.332492149506248E-4, -0.0036236333699716924, -7.545878013533629, 0.0, 3.9853524398015177, -3.560525573732152, 1.0058953740786984, 0.0, 2.5461167017068687, 3.5520120757855387, 7.005
0.002139879759519038, 0.7273472205816336, 5.108586620246267E-4, 3.5043097116475295, -0.0043673500612701486, 0.0, 7.388060378976794E-4, -0.003628544023372479, -7.543217407776921, 0.0, 4.025032338741682, -3.5181850690352694, 1.0058204884614195, 0.0, 2.5788279522492323, 3.58464844071064, 7.005
0.002145691382765531, 0.7292490133837742, 5.122460848752275E-4, 3.53729354073546, -0.004377813855484126, 0.0, 7.444183502609033E-4, -0.0036333955052232293, -7.5405701315339595, 0.0, 4.065342820446984, -3.475227311086995, 1.0057399033206167, 0.0, 2.612099209142023, 3.617839112462633, 7.005
0.002151503006012024, 0.7311508061859149, 5.136335077258282E-4, 3.570918278868481, -0.004388273986029851, 0.0, 7.500870318798E-4, -0.0036381869541500613, -7.537936143703392, 0.0, 4.1062910311906355, -3.4316451125127987, 1.005653633878375, 0.0, 2.6459364776084575, 3.6515901114868092, 7.005
0.002157314629258517, 0.7330525989880553, 5.150209305764288E-4, 3.6051911206564125, -0.004398730471313192, 0.0, 7.558129725260801E-4, -0.00364291749878712, -7.535315399244541, 0.0, 4.147884142176207, -3.3874312570683496, 1.0055616994589684, 0.0, 2.6803457808126243, 3.6859074802715934, 7.005
0.00216312625250501, 0.734954391790196, 5.164083534270295E-4, 3.6401192332754597, -0.00440918332967474, 0.0, 7.615970719381464E-4, -0.0036475862577366016, -7.5327078491058215, 0.0, 4.190129349368198, -3.3425784997376566, 1.0054641235475492, 0.0, 2.7153331597171655, 3.7207972832646976, 7.005
0.0021689378757515027, 0.7368561845923365, 5.177957762776301E-4, 3.675709754528656, -0.004419632579384214, 0.0, 7.674402398553223E-4, -0.0036521923395288966, -7.5301134401531495, 0.0, 4.233033873322137, -3.2970795668310315, 1.0053609338489056, 0.0, 2.750904672940559, 3.756265606789456, 7.005
0.0021747494989979954, 0.7387579773944771, 5.191831991282308E-4, 3.7119697908847034, -0.00443007823863474, 0.0, 7.733433960518645E-4, -0.0036567348425828833, -7.527532115098326, 0.0, 4.276604959015033, -3.2509271560833213, 1.005252162346242, 0.0, 2.787066396614711, 3.79231855896094, 7.005
0.0021805611222444885, 0.7406597701966178, 5.205706219788315E-4, 3.7489064154942326, -0.004440520325537034, 0.0, 7.793074703707045E-4, -0.003661212855166336, -7.5249638124274885, 0.0, 4.320849875675759, -3.20411393675177, 1.0051378453598832, 0.0, 2.8238244242425927, 3.828962269602447, 7.005
0.0021863727454909817, 0.7425615629987584, 5.219580448294323E-4, 3.7865266661842334, -0.004450958858113498, 0.0, 7.853334027570137E-4, -0.003665625455356493, -7.522408466329465, 0.0, 4.365775916615195, -3.1566325497143044, 1.0050180236061432, 0.0, 2.861184866555514, 3.866202890161638, 7.005
0.0021921843687374744, 0.744463355800899, 5.233454676800329E-4, 3.824837543429801, -0.004461393854292202, 0.0, 7.914221432914601E-4, -0.003669971711000753, -7.519866006624267, 0.0, 4.411390399056836, -3.108475607567472, 1.004892742256013, 0.0, 2.8991538513710418, 3.904046593627034, 7.005
0.0021979959919839675, 0.7463651486030396, 5.247328905306336E-4, 3.8638460083037245, -0.004471825331900774, 0.0, 7.975746522232886E-4, -0.00367425067967749, -7.517336358691392, 0.0, 4.457700663966921, -3.0596356947244914, 1.0047620509940804, 0.0, 2.937737523450334, 3.942499574444403, 7.005
0.0022038076152304607, 0.7482339427051216, 5.261203133812343E-4, 3.9035589804033073, -0.004482253308660193, 0.0, 8.037919000031559E-4, -0.0036784614086570423, -7.514819443398309, 0.0, 4.504714075884858, -3.0101053675134906, 1.00462600407729, 0.0, 2.9769420443557943, 3.981568048433056, 7.005
0.002209619238476954, 0.7500853690703304, 5.27507736231835E-4, 3.943983335755078, -0.004492677802178467, 0.0, 8.100748673156863E-4, -0.003682602934862789, -7.512315177028851, 0.0, 4.552438022753492, -2.9598771542753894, 1.0044846603937696, 0.0, 3.0167735923086934, 4.021258252702447, 7.005
0.0022154308617234465, 0.7519367954355392, 5.288951590824356E-4, 3.9851259046961864, -0.004503098829944245, 0.0, 8.164245451118444E-4, -0.0036866742848324077, -7.509823471211607, 0.0, 4.600879915749598, -2.9089435554620335, 1.004338083521726, 0.0, 3.057238362046904, 4.061576445568621, 7.005
0.00222124248496994, 0.7537882218007482, 5.302825819330365E-4, 4.026993469733913, -0.004513516409320292, 0.0, 8.228419346410633E-4, -0.0036906744746792366, -7.507344232848341, 0.0, 4.650047189114041, -2.8572970437343526, 1.0041863417882841, 0.0, 3.098342564682362, 4.102528906470609, 7.005
0.0022270541082164324, 0.755639648165957, 5.316700047836371E-4, 4.069592763381596, -0.004523930557536879, 0.0, 8.293280474830915E-4, -0.0036946025100537986, -7.504877364042431, 0.0, 4.699947299982187, -2.80493006406028, 1.0040295083283195, 0.0, 3.140092427558857, 4.14412193588716, 7.005
0.0022328657314629255, 0.7574910745311659, 5.330574276342378E-4, 4.112930465972109, -0.004534341291685099, 0.0, 8.358839055796856E-4, -0.0036984573861054207, -7.502422762027208, 0.0, 4.750587728214254, -2.75183503381298, 1.003867661143442, 0.0, 3.1824941941096414, 4.186361855253073, 7.005
0.0022386773547094186, 0.7593425008963748, 5.344448504848385E-4, 4.157013203448528, -0.004544748628710027, 0.0, 8.425105412659809E-4, -0.0037022380874440573, -7.499980319094412, 0.0, 4.801975976225705, -2.6980043428687486, 1.003700883160816, 0.0, 3.2255541237152525, 4.229255006876047, 7.005
0.0022444889779559118, 0.7611939272615837, 5.358322733354392E-4, 4.20184754513113, -0.004555152585403844, 0.0, 8.492089973016882E-4, -0.003705943588102164, -7.497549922522629, 0.0, 4.854119568817375, -2.643430353705296, 1.003529262292072, 0.0, 3.269278491560966, 4.272807753853011, 7.005
0.0022503006012024045, 0.7630453536267925, 5.372196961860398E-4, 4.247440001461989, -0.004565553178398811, 0.0, 8.559803269020381E-4, -0.003709572851496785, -7.49513145450563, 0.0, 4.9070260530060565, -2.5881054014995963, 1.0033528914922776, 0.0, 3.3136735884947575, 4.317026479987033, 7.005
0.002256112224448897, 0.7648967799920012, 5.386071190366404E-4, 4.293797021726057, -0.004575950424160179, 0.0, 8.628255937684569E-4, -0.0037131248303917293, -7.492724792080847, 0.0, 4.960702997854768, -2.532021794226108, 1.0031718688188123, 0.0, 3.3587457208850213, 4.3619175897038165, 7.005
0.0022619238476953908, 0.7667482063572103, 5.399945418872413E-4, 4.340924991748903, -0.004586344338978981, 0.0, 8.697458721190902E-4, -0.0037165984668599003, -7.490329807057714, 0.0, 5.015157994302949, -2.475171812754796, 1.0029862974903876, 0.0, 3.404501210478075, 4.407487507968448, 7.005
0.0022677354709418835, 0.768599632722419, 5.413819647378419E-4, 4.388830231571202, -0.00459673493896472, 0.0, 8.767422467189706E-4, -0.0037199926922457556, -7.487946365946133, 0.0, 5.070398654996949, -2.41754771094924, 1.0027962859459305, 0.0, 3.450946394256193, 4.453742680202079, 7.005
0.0022735470941883766, 0.770451059087628, 5.427693875884426E-4, 4.437518993099971, -0.004607122240037981, 0.0, 8.83815812910077E-4, -0.00372330642712791, -7.485574329884882, 0.0, 5.126432614120287, -2.359141715764615, 1.002601947903562, 0.0, 3.49808762429519, 4.500689572198742, 7.005
0.002279358717434869, 0.7723024854528368, 5.441568104390432E-4, 4.486997457735864, -0.004617506257922915, 0.0, 8.909676766410558E-4, -0.003726538581281867, -7.48321355456997, 0.0, 5.183267527224146, -2.2999460273458476, 1.0024034024196211, 0.0, 3.545931267622443, 4.5483346700420535, 7.005
0.0022851703406813625, 0.7741539118180458, 5.45544233289644E-4, 4.537271733977477, -0.004627887008139655, 0.0, 8.981989544967655E-4, -0.0037296880536428958, -7.48086389018311, 0.0, 5.240911071057495, -2.2399528191256555, 1.0022007739475909, 0.0, 3.5944837060744463, 4.5966844800220095, 7.005
0.002290981963927855, 0.7760053381832546, 5.469316561402446E-4, 4.588347855001505, -0.0046382645059965975, 0.0, 9.055107737275779E-4, -0.0037327537322690285, -7.478525181320071, 0.0, 5.29937094339748, -2.1791542379226283, 1.0019941923971631, 0.0, 3.6437513361546574, 4.6457455285518, 7.005
0.0022967935871743483, 0.7778567645484634, 5.483190789908454E-4, 4.640231776219238, -0.004648638766582617, 0.0, 9.129042722784138E-4, -0.0037357344943042088, -7.476197266919142, 0.0, 5.358654862879872, -2.1175424040393076, 1.001783793193176, 0.0, 3.6937405688914704, 4.695524362084619, 7.005
0.0023026052104208414, 0.77966500952318, 5.497065018414461E-4, 4.692929372809633, -0.004659009804759156, 0.0, 9.203805988175972E-4, -0.0037386292059415696, -7.473879980189491, 0.0, 5.418770568829311, -2.055109411360236, 1.0015697173346845, 0.0, 3.7444578296959, 4.746027547030545, 7.005
0.0023084168336673346, 0.7814201081711367, 5.510939246920468E-4, 4.746446437227995, -0.004669377635152237, 0.0, 9.279409127653977E-4, -0.00374143672238685, -7.471573148539608, 0.0, 5.479725821089637, -1.9918473274500097, 1.0013521114539605, 0.0, 3.795909558219503, 4.797261669673444, 7.005
0.0023142284569138273, 0.7831752068190933, 5.524813475426474E-4, 4.800788676690971, -0.004679742272144355, 0.0, 9.355863843224133E-4, -0.003744155887821947, -7.469276593505704, 0.0, 5.541528399854317, -1.9277481936514425, 1.0011311278755397, 0.0, 3.848102208212267, 4.84923333608776, 7.005
0.0023200400801603204, 0.78493030546705, 5.538687703932481E-4, 4.8559617106373345, -0.00469010372986629, 0.0, 9.433181944976975E-4, -0.0037467855353685996, -7.466990130680128, 0.0, 5.6041861054967015, -1.8628040251834823, 1.0009069246752489, 0.0, 3.9010422473803845, 4.90194917205559, 7.005
0.0023258517034068136, 0.7866854041150066, 5.552561932438488E-4, 4.9119710681649345, -0.004700462022188802, 0.0, 9.51137535136597E-4, -0.003749324487052212, -7.464713569639744, 0.0, 5.667706758400349, -1.7970068112394513, 1.000679665739307, 0.0, 3.954736157244188, 4.955415822983453, 7.005
0.0023316633266533067, 0.7884405027629634, 5.566436160944495E-4, 4.968822185443074, -0.0047108171627142405, 0.0, 9.590456089484311E-4, -0.003751771553765819, -7.462446713874386, 0.0, 5.732098198789422, -1.7303485150850115, 1.0004495208233324, 0.0, 4.009190432996052, 5.009639953819354, 7.005
0.002337474949899799, 0.7901956014109199, 5.580310389450502E-4, 5.026520403100822, -0.004721169164768047, 0.0, 9.670436295338887E-4, -0.0037541255352341657, -7.460189360715222, 0.0, 5.7973682865589975, -1.6628210741562397, 1.0002166656114693, 0.0, 4.064411583358274, 5.064628248969741, 7.005
0.0023432865731462926, 0.7919507000588768, 5.59418461795651E-4, 5.085070963590905, -0.004731518041390165, 0.0, 9.751328214122083E-4, -0.0037563852199779665, -7.457941301263198, 0.0, 5.863524901105455, -1.5944164001577716, 0.9999812817754236, 0.0, 4.120406130441048, 5.120387412216461, 7.005
0.0023490981963927853, 0.7937057987068333, 5.608058846462516E-4, 5.144479008529295, -0.004741863805326343, 0.0, 9.83314420048106E-4, -0.003758549385278246, -7.455702320317445, 0.0, 5.930575941156693, -1.525126379160785, 0.9997435570335791, 0.0, 4.177180609600272, 5.176924166633835, 7.005
0.002354909819639278, 0.7954608973547899, 5.621933074968522E-4, 5.204749576009892, -0.004752206469019337, 0.0, 9.915896718784983E-4, -0.003760616797140852, -7.45347219630364, 0.0, 5.998529324602558, -1.4549428717011101, 0.9995036852101141, 0.0, 4.234741569295545, 5.2342452545056535, 7.005
0.002360721442885771, 0.7972159960027465, 5.635807303474529E-4, 5.265887597895208, -0.004762546044600031, 0.0, 9.999598343389403E-4, -0.0037625862102611003, -7.451250701202483, 0.0, 6.067392988325216, -1.3838577128773126, 0.999261866294058, 0.0, 4.293095570948196, 5.292357437242227, 7.005
0.0023665330661322643, 0.7989710946507033, 5.649681531980536E-4, 5.327897897081826, -0.0047728825438784275, 0.0, 0.0010084261758898925, -0.003764456367988546, -7.449037600478082, 0.0, 6.137174888029341, -1.3118627124487492, 0.9990183064984287, 0.0, 4.352249188799031, 5.3512674952974715, 7.005
0.0023723446893787574, 0.8007261932986599, 5.663555760486544E-4, 5.390785184741418, -0.004783215978334577, 0.0, 0.0010169899760426836, -0.0037662260022918994, -7.446832653006329, 0.0, 6.2078829980726695, -1.238949654933696, 0.9987732183193918, 0.0, 4.412209009766574, 5.41098222808594, 7.005
0.00237815631262525, 0.8024812919466165, 5.67742998899255E-4, 5.454554057536793, -0.004793546359109369, 0.0, 0.001025652525385317, -0.00376789383372406, -7.444635611003337, 0.0, 6.279525311296139, -1.1651102997072496, 0.9985268205953574, 0.0, 4.472981633304758, 5.471508453900077, 7.005
0.0023839679358717437, 0.8042363905945733, 5.691304217498558E-4, 5.519208994813258, -0.004803873696995256, 0.0, 0.0010344151256079458, -0.0037694585713873184, -7.442446219953861, 0.0, 6.352109838854283, -1.0903363810996132, 0.9982793385661053, 0.0, 4.534573671261064, 5.532853009827147, 7.005
0.002389779559118236, 0.80599148924253, 5.705178446004564E-4, 5.58475435576451, -0.004814198002426853, 0.0, 0.0010432790895281855, -0.003770918912898672, -7.4402642185397, 0.0, 6.425644610045691, -1.0146196084940469, 0.9980310039319482, 0.0, 4.596991747734588, 5.595022751666505, 7.005
0.002395591182364729, 0.8077465878904866, 5.719052674510571E-4, 5.651194376574235, -0.0048245192854714635, 0.0, 0.0010522457411162034, -0.00377227354435527, -7.438089338568069, 0.0, 6.5001376721431985, -0.9379516664249294, 0.9977820549129134, 0.0, 4.660242498933847, 5.658024553846719, 7.005
0.002401402805611222, 0.809463616337298, 5.732926903016577E-4, 5.718533167531703, -0.004834837555819477, 0.0, 0.0010613164155194685, -0.0037735211403000153, -7.435921304900067, 0.0, 6.5755970902242415, -0.8603242146758807, 0.9975327363078546, 0.0, 4.724332573034915, 5.721865309342726, 7.005
0.0024072144288577154, 0.8110609955805107, 5.746801131522586E-4, 5.7867747101227, -0.004845152822774697, 0.0, 0.001070492459087414, -0.003774660363687294, -7.4337598353790355, 0.0, 6.652030947001208, -0.7817288883778453, 0.997283299553663, 0.0, 4.789268630039333, 5.7865519295929975, 7.005
0.002413026052104208, 0.8126583748237232, 5.760675360028592E-4, 5.855922854095297, -0.004855465095244533, 0.0, 0.00107977522939571, -0.003775689865848833, -7.431604640759007, 0.0, 6.729447342651938, -0.70215729810711, 0.997034002784403, 0.0, 4.855057341632422, 5.8520913444168, 7.005
0.002418837675350701, 0.8142557540669356, 5.774549588534599E-4, 5.925981314499502, -0.0048657743817301456, 0.0, 0.0010891660952704546, -0.0037766082864597026, -7.429455424633069, 0.0, 6.807854394649699, -0.6216010299833875, 0.9967851108905467, 0.0, 4.921705391040829, 5.918490501931378, 7.005
0.002424649298597194, 0.8158531333101481, 5.788423817040605E-4, 5.996953668702169, -0.00487608069031643, 0.0, 0.0010986664368119756, -0.0037774142535044663, -7.427311883361841, 0.0, 6.887260237593965, -0.54005164576792, 0.9965368955780878, 0.0, 4.989219472891149, 5.98575636846921, 7.005
0.0024304609218436875, 0.8174505125533608, 5.802298045546613E-4, 6.0688433533762804, -0.00488638402866196, 0.0, 0.0011082776454185471, -0.003778106383243423, -7.425173706001799, 0.0, 6.9676730230403345, -0.4575006829615082, 0.9962896354278302, 0.0, 5.057606293067417, 6.053895928495222, 7.005
0.00243627254509018, 0.8190478917965732, 5.816172274052619E-4, 6.141653661464105, -0.0048966844039887766, 0.0, 0.0011180011238097348, -0.0037786832801790468, -7.423040574233753, 0.0, 7.049100919331191, -0.3739396549026168, 0.9960436159545152, 0.0, 5.12687256856962, 6.122916184524089, 7.005
0.002442084168336673, 0.8206452710397857, 5.830046502558626E-4, 6.215387739115499, -0.004906981823072128, 0.0, 0.001127838286049625, -0.0037791435370225107, -7.420912162291232, 0.0, 7.131552111425848, -0.2893600508654229, 0.9957991296660553, 0.0, 5.197025027371454, 6.192824157037484, 7.005
0.002447895791583166, 0.8222426502829983, 5.843920731064634E-4, 6.290048582599404, -0.004917276292230082, 0.0, 0.0011377905575697053, -0.0037794857346603837, -7.418788136888861, 0.0, 7.215034800730991, -0.20375333615792116, 0.9955564761227912, 0.0, 5.268070408278623, 6.263626884401376, 7.005
0.0024537074148296588, 0.8238400295262107, 5.85779495957064E-4, 6.365639035190583, -0.004927567817313032, 0.0, 0.001147859375191603, -0.0037797084421214372, -7.416668157150854, 0.0, 7.299557204930939, -0.11711095221994508, 0.995315961996616, 0.0, 5.340015460786761, 6.3353314227833595, 7.005
0.002459519038076152, 0.8254374087694233, 5.871669188076647E-4, 6.442161784029835, -0.004937856403693133, 0.0, 0.0011580461871495526, -0.0037798102165435893, -7.414551874539321, 0.0, 7.385127557818061, -0.029424316721284777, 0.995077901130315, 0.0, 5.4128669449396165, 6.407944846069922, 7.005
0.0024653306613226446, 0.8270347880126356, 5.885543416582653E-4, 6.51961935695801, -0.004948142056253612, 0.0, 0.0011683524531126064, -0.0037797896031410124, -7.412438932782744, 0.0, 7.471754109123073, 0.05931517634029728, 0.994842614596735, 0.0, 5.486631631187143, 6.481474245783858, 7.005
0.002471142284569138, 0.8286321672558483, 5.899417645088661E-4, 6.598014119324546, -0.004958424779377987, 0.0, 0.0011787796442066342, -0.0037796451351713644, -7.410328967804382, 0.0, 7.559445124345361, 0.14911615654095403, 0.9946104307580109, 0.0, 5.561316300243573, 6.5559267310015805, 7.005
0.002476953907815631, 0.8302295464990608, 5.913291873594667E-4, 6.677348270769421, -0.004968704576939199, 0.0, 0.0011893292430361089, -0.0037793753339031015, -7.408221607650632, 0.0, 7.648208884583258, 0.2399872769326116, 0.9943816853248946, 0.0, 5.636927742945443, 6.631309428270345, 7.005
0.002482765531062124, 0.8318269257422733, 5.927166102100674E-4, 6.757623841978955, -0.004978981452288618, 0.0, 0.0012000027437055862, -0.00377897870858304, -7.406116472419508, 0.0, 7.738053686364619, 0.3319372139450654, 0.9941567214158962, 0.0, 5.713472760110019, 6.707629481525881, 7.005
0.002488577154308617, 0.8334243049854859, 5.941040330606682E-4, 6.838842691415458, -0.0049892554082449775, 0.0, 0.0012108016518410487, -0.003778453756403938, -7.404013174188988, 0.0, 7.828987841476817, 0.4249746672878064, 0.9939358896166247, 0.0, 5.790958162392977, 6.7848940520095935, 7.005
0.0024943887775551103, 0.8350216842286984, 5.954914559112689E-4, 6.921006502020219, -0.0049995264470832, 0.0, 0.0012217274846109058, -0.003777798962472303, -7.401911316945446, 0.0, 7.921019676797336, 0.5191083598518621, 0.9937195480390439, 0.0, 5.869390770146913, 6.863110318185941, 7.005
0.0025002004008016026, 0.8366127496689341, 5.968788787618695E-4, 7.004116777890431, -0.005009794570523102, 0.0, 0.001232781770746851, -0.0037770127997762627, -7.399810496512097, 0.0, 8.014157534124108, 0.6143470376119803, 0.9935080623806665, 0.0, 5.948777413279388, 6.942285475660041, 7.005
0.0025060120240480957, 0.8380270286258206, 5.982663016124702E-4, 7.088174840928922, -0.005020059779718048, 0.0, 0.001243966050564419, -0.003776093729153639, -7.397710300477327, 0.0, 8.108409770005672, 0.7106994695282948, 0.9933018059839456, 0.0, 6.029124931110961, 7.022426737094872, 7.005
0.002511823647294589, 0.8394413075827071, 5.996537244630709E-4, 7.173181827468035, -0.005030322075243442, 0.0, 0.001255281875983361, -0.0037750401992600905, -7.395610308123192, 0.0, 8.203784755571654, 0.8081744474484017, 0.9931011598954296, 0.0, 6.110440172233431, 7.103541332128817, 7.005
0.002517635270541082, 0.8408555865395936, 6.010411473136716E-4, 7.25913868486613, -0.005040581457085185, 0.0, 0.0012667308105477368, -0.0037738506465374595, -7.393510090353752, 0.0, 8.300290876363047, 0.9067807860092485, 0.9929065129251637, 0.0, 6.192729994367967, 7.185636507293102, 7.005
0.0025234468937875747, 0.84226986549648, 6.024285701642723E-4, 7.346046168077812, -0.005050837924627979, 0.0, 0.0012783144294457784, -0.003772523495182207, -7.39140920962352, 0.0, 8.397936532162596, 1.006527322539055, 0.9927182617059009, 0.0, 6.276001264223357, 7.268719525929247, 7.005
0.0025292585170340683, 0.8436841444533665, 6.038159930148731E-4, 7.43390483619703, -0.005061091476643565, 0.0, 0.001290034319529577, -0.003771057157113994, -7.3893072198658585, 0.0, 8.496730136825079, 1.1074229169591845, 0.992536810752424, 0.0, 6.360260857354038, 7.352797668106436, 7.005
0.002535070140280561, 0.8450984234102529, 6.052034158654737E-4, 7.52271504897314, -0.005071342111278851, 0.0, 0.001301892079334456, -0.0037694500319444017, -7.387203666421388, 0.0, 8.59668011810765, 1.2094764516862344, 0.992362572520863, 0.0, 6.445515658018344, 7.43787823053919, 7.005
0.002540881763527054, 0.8465127023671394, 6.065908387160744E-4, 7.6124769633004234, -0.005081589826043929, 0.0, 0.001313889319098125, -0.0037677005069458114, -7.385098085966435, 0.0, 8.697794917500339, 1.3126968315338454, 0.9921959674679192, 0.0, 6.53177255903687, 7.523968526504745, 7.005
0.0025466933867735464, 0.8479269813240258, 6.07978261566675E-4, 7.703190529679816, -0.005091834617800022, 0.0, 0.001326027660779675, -0.0037658069570203614, -7.3829900064413305, 0.0, 8.800082990055925, 1.417092983614599, 0.9920374241103402, 0.0, 6.619038461650113, 7.61107588576048, 7.005
0.0025525050100200395, 0.8493412602809123, 6.093656844172757E-4, 7.794855488654228, -0.005102076482747308, 0.0, 0.0013383087380781952, -0.0037637677446691166, -7.380878946978975, 0.0, 8.903552804221059, 1.522673857242058, 0.9918873790840389, 0.0, 6.707320275377574, 7.699207654461592, 7.005
0.0025583166332665327, 0.8507555392377988, 6.107531072678765E-4, 7.887471367215937, -0.005112315416412635, 0.0, 0.001350734196451334, -0.003761581219961307, -7.378764417833122, 0.0, 9.008212841665767, 1.6294484238326081, 0.9917462772035421, 0.0, 6.796624917874979, 7.788371195078495, 7.005
0.0025641282565130254, 0.8521698181946852, 6.121405301184771E-4, 7.98103747518708, -0.005122551413637175, 0.0, 0.0013633056931334564, -0.003759245720503729, -7.376645920306837, 0.0, 9.114071597114311, 1.7374256768074312, 0.991614571521287, 0.0, 6.886959314793135, 7.878573886314395, 7.005
0.002569939879759519, 0.8535840971515717, 6.135279529690779E-4, 8.075552901572706, -0.005132784468563941, 0.0, 0.0013760248971536326, -0.0037567595714103163, -7.3745229466809015, 0.0, 9.221137578175393, 1.8466146314944256, 0.9914927233869217, 0.0, 6.978330399635991, 7.96982312302286, 7.005
0.0025757515030060117, 0.8549983761084581, 6.149153758196785E-4, 8.17101651088604, -0.005143014574625231, 0.0, 0.0013888934893534735, -0.003754121085271766, -7.37239498014224, 0.0, 9.329419305172344, 1.95702432503005, 0.9913812025066703, 0.0, 7.070745113618609, 8.062126316125239, 7.005
0.002581563126252505, 0.8564126550653446, 6.163027986702792E-4, 8.267426939446473, -0.005153241724529948, 0.0, 0.0014019131624045775, -0.003751328562125378, -7.37026149471226, 0.0, 9.438925310973733, 2.0686638162614095, 0.9912804870026749, 0.0, 7.164210405525772, 8.155490892528396, 7.005
0.0025873747494989975, 0.857826934022231, 6.176902215208798E-4, 8.364782591650076, -0.0051634659102508355, 0.0, 0.0014150856208258243, -0.003748380289425023, -7.368121955175392, 0.0, 9.549664140823564, 2.1815421856481367, 0.9911910634722472, 0.0, 7.258733231570067, 8.249924295042296, 7.005
0.002593186372745491, 0.8592412129791176, 6.190776443714806E-4, 8.463081636211633, -0.005173687123011641, 0.0, 0.001428412581000489, -0.0037452745420111606, -7.365975817007345, 0.0, 9.66164435217153, 2.2956685351641535, 0.9911134270473859, 0.0, 7.354320555249925, 8.34543398229729, 7.005
0.002598997995991984, 0.860655491936004, 6.204650672220813E-4, 8.562322002380078, -0.005183905353274096, 0.0, 0.001441895771192994, -0.003742009582081118, -7.363822526303605, 0.0, 9.77487451450347, 2.411051988199824, 0.9910480814539699, 0.0, 7.450979347208097, 8.442027428662051, 7.005
0.0026048096192384765, 0.8619259069003382, 6.21852490072682E-4, 8.662501376124702, -0.005194120590724907, 0.0, 0.0014555369315654922, -0.0037385836591594173, -7.361661519707879, 0.0, 9.889363209171748, 2.5277016894638167, 0.990995539071156, 0.0, 7.548716585089934, 8.539712124161042, 7.005
0.0026106212424849696, 0.8631663501995573, 6.232399129232827E-4, 8.763617196294575, -0.005204332824262563, 0.0, 0.0014693378141943038, -0.003734995010068267, -7.359492224340359, 0.0, 10.005119029225371, 2.6456268048849574, 0.9909563209908281, 0.0, 7.647539253401271, 8.63849557439206, 7.005
0.0026164328657314628, 0.8644067934987765, 6.246273357738834E-4, 8.865666650749269, -0.005214542041984069, 0.0, 0.0014833001830858814, -0.003731241858898197, -7.357314057726312, 0.0, 10.122150579240607, 2.764836521514262, 0.9909309570767957, 0.0, 7.747454343367191, 8.73838530044397, 7.005
0.0026222444889779555, 0.8656472367979955, 6.26014758624484E-4, 8.968646672461524, -0.005224748231171608, 0.0, 0.0014974258141927919, -0.0037273224169788203, -7.355126427724354, 0.0, 10.240466475151045, 2.885340047426668, 0.9909199860243055, 0.0, 7.8484688527898365, 8.839388838814125, 7.005
0.0026280561122244486, 0.8668876800972147, 6.274021814750847E-4, 9.072553935592346, -0.005234951378279059, 0.0, 0.0015117164954293522, -0.003723234882849718, -7.352928732454916, 0.0, 10.360075344078302, 3.0071466116233228, 0.9909239554193413, 0.0, 7.950589785907057, 8.941513741326352, 7.005
0.0026338677354709418, 0.8681281233964339, 6.287896043256855E-4, 9.177384851536644, -0.0052451514689184344, 0.0, 0.0015261740266869594, -0.0037189774422314954, -7.350720360228662, 0.0, 10.480985824161861, 3.130265463933176, 0.9909434217979811, 0.0, 8.053824153250286, 9.044767575048276, 7.005
0.002639679358717435, 0.869368566695653, 6.301770271762862E-4, 9.283135564941745, -0.005255348487846246, 0.0, 0.0015408002198493333, -0.0037145482679969196, -7.348500689474835, 0.0, 10.603206564389865, 3.2547058749149986, 0.9909789507058759, 0.0, 8.158178971503162, 9.14915792220902, 7.005
0.0026454909819639276, 0.870609009994872, 6.315644500268868E-4, 9.389801949696817, -0.005265542418949713, 0.0, 0.0015555968988074293, -0.0037099455201422865, -7.3462690886697555, 0.0, 10.726746224429204, 3.380477135759396, 0.9910311167574964, 0.0, 8.263661263359586, 9.254692380117033, 7.005
0.0026513026052104203, 0.871849453294091, 6.329518728774874E-4, 9.497379604893943, -0.005275733245232923, 0.0, 0.0015705658994741361, -0.003705167345758791, -7.344024916265156, 0.0, 10.851613474455867, 3.5075885581906623, 0.9911005036956122, 0.0, 8.370278057382016, 9.361378561077585, 7.005
0.0026571142284569135, 0.8730898965933103, 6.343392957280882E-4, 9.605863850760912, -0.005285920948802873, 0.0, 0.0015857090697987135, -0.0037002118790041656, -7.341767520616643, 0.0, 10.977816994985531, 3.6360494743688196, 0.9911877044506381, 0.0, 8.478036387860048, 9.469224092310625, 7.005
0.002662925851703406, 0.8743303398925294, 6.357267185786888E-4, 9.715249724564444, -0.005296105510855403, 0.0, 0.0016010282697810577, -0.003695077241074358, -7.339496239912078, 0.0, 11.105365476703456, 3.7658692367913384, 0.9912933212000402, 0.0, 8.586943294668195, 9.578236615868216, 7.005
0.0026687374749498993, 0.8755707831917485, 6.371141414292895E-4, 9.825531976485777, -0.005306286911661046, 0.0, 0.0016165253714856631, -0.0036897615401753907, -7.337210402099968, 0.0, 11.23426762029523, 3.8970572181952474, 0.9914179654277471, 0.0, 8.69700582312466, 9.688423788552406, 7.005
0.0026745490981963924, 0.8768112264909677, 6.385015642798903E-4, 9.936705065466995, -0.005316465130550777, 0.0, 0.0016322022590554261, -0.003684262871495359, -7.334909324817907, 0.0, 11.364532136276853, 4.02962281145889, 0.9915622579835377, 0.0, 8.808231023849284, 9.799793281832779, 7.005
0.0026803607214428856, 0.8780516697901868, 6.39888987130491E-4, 10.048763155028269, -0.005326640145901641, 0.0, 0.001648060828725087, -0.003678579317176563, -7.332592315320997, 0.0, 11.496167744825186, 4.163575429504128, 0.9917268291424047, 0.0, 8.920625952622094, 9.91235278176445, 7.005
0.0026861723446893783, 0.8792921130894059, 6.412764099810916E-4, 10.161700109056426, -0.005336811935122317, 0.0, 0.0016641029888345904, -0.003672708946287735, -7.330258670410196, 0.0, 11.629183175608288, 4.298924505198054, 0.9919123186640397, 0.0, 9.03419767024149, 10.026109988905503, 7.005
0.0026919839679358714, 0.880532556388625, 6.426638328316923E-4, 10.275509487564221, -0.005346980474638558, 0.0, 0.0016803306598421213, -0.003666649814796445, -7.327907676360804, 0.0, 11.763587167615734, 4.43567949125489, 0.9921193758521704, 0.0, 9.148953242382563, 10.141072618234707, 7.005
0.0026977955911823646, 0.8817729996878442, 6.44051255682293E-4, 10.390184542420783, -0.005357145739878523, 0.0, 0.0016967457743368715, -0.0036603999655416596, -7.325538608850834, 0.0, 11.899388468988924, 4.573849860138043, 0.992348659613981, 0.0, 9.264899739455469, 10.257248399069413, 7.005
0.0027036072144288577, 0.8829190590190008, 6.454386785328937E-4, 10.505718213052631, -0.005367307705258054, 0.0, 0.001713350277051687, -0.003653957428206378, -7.323150732889385, 0.0, 12.036595836851511, 4.713445103962067, 0.9926008385196058, 0.0, 9.3820442364637, 10.374645074983263, 7.005
0.00270941883767535, 0.8840074392585636, 6.468261013834943E-4, 10.622103122115291, -0.00537746634416579, 0.0, 0.0017301461248753346, -0.003647320219290465, -7.320743302745118, 0.0, 12.17521803713956, 4.854474734394438, 0.9928765908614376, 0.0, 9.500393812862384, 10.493270403723834, 7.005
0.0027152304609218436, 0.8850958194981267, 6.482135242340952E-4, 10.739331571136248, -0.005387621628948253, 0.0, 0.001747135286864726, -0.003640486342083537, -7.318315561874607, 0.0, 12.315263844432161, 4.996948282557518, 0.9931766047136557, 0.0, 9.619955552416693, 10.613132157130329, 7.005
0.0027210420841683363, 0.8861841997376895, 6.496009470846958E-4, 10.85739553612737, -0.00539777353089476, 0.0, 0.0017643197442566618, -0.00363345378663811, -7.315866742850804, 0.0, 12.456742041781391, 5.140875298930527, 0.9935015779915487, 0.0, 9.740736543059993, 10.734238121051499, 7.005
0.0027268537074148294, 0.8872725799772524, 6.509883699352965E-4, 10.97628666316875, -0.005407922020222299, 0.0, 0.0017817014904795603, -0.0036262205297427543, -7.313396067291416, 0.0, 12.599661420543038, 5.286265353251586, 0.9938522185109979, 0.0, 9.862743876752436, 10.85659609526342, 7.005
0.002732665330661322, 0.8883609602168153, 6.523757927858971E-4, 11.095996263962576, -0.005418067066060271, 0.0, 0.0017992825311648041, -0.0036187845348954755, -7.3109027457873035, 0.0, 12.744030780206769, 5.43312803441944, 0.9942292440479226, 0.0, 9.985984649339205, 10.980213893387113, 7.005
0.0027384769539078157, 0.8894493404563782, 6.537632156364979E-4, 11.216515311357213, -0.00542820863643514, 0.0, 0.001817064884157968, -0.0036111437522771826, -7.308385977830907, 0.0, 12.889858928226438, 5.581472950395484, 0.994633382397681, 0.0, 10.11046596040874, 11.10509934280639, 7.005
0.0027442885771543084, 0.8905377206959412, 6.551506384870985E-4, 11.337834434841938, -0.005438346698254985, 0.0, 0.0018350505795296955, -0.0036032961187253063, -7.3058449517446435, 0.0, 13.037154679850316, 5.731309728105618, 0.9950653714345322, 0.0, 10.236194913151055, 11.23126028458556, 7.005
0.002750100200400801, 0.891626100935504, 6.565380613376992E-4, 11.459943916011298, -0.005448481217293962, 0.0, 0.0018532416595864083, -0.003595239557707568, -7.303278844609365, 0.0, 13.185926857951802, 5.882648013342377, 0.9955259591710236, 0.0, 10.36317861421644, 11.358704573387428, 7.005
0.0027559118236472947, 0.892714481175067, 6.579254841883E-4, 11.582833684000335, -0.00545861215817665, 0.0, 0.0018716401788807986, -0.0035869719792958644, -7.300686822192651, 0.0, 13.336184292859368, 6.035497470666635, 0.9960159038175482, 0.0, 10.491424173573384, 11.487440077390868, 7.005
0.002761723446893787, 0.8938028614146298, 6.593129070389006E-4, 11.706493310888547, -0.005468739484362292, 0.0, 0.0018902482042220154, -0.003578491280140284, -7.298068038877371, 0.0, 13.487935822187003, 6.189867783309598, 0.9965359738416254, 0.0, 10.620938704367061, 11.617474678208664, 7.005
0.00276753507014028, 0.8948912416541928, 6.607003298895013E-4, 11.830912007075668, -0.005478863158128978, 0.0, 0.0019090678146856709, -0.0035697953434433226, -7.2954216375899765, 0.0, 13.641190290664849, 6.345768653074817, 0.9970869480274845, 0.0, 10.751729322778012, 11.748816270805465, 7.005
0.002773346693386773, 0.8959796218937556, 6.620877527401019E-4, 11.95607861662532, -0.00548898314055768, 0.0, 0.0019281011016236069, -0.0035608820389340812, -7.2927467497289395, 0.0, 13.795956549968988, 6.503209800239977, 0.9976696155354748, 0.0, 10.883803147879899, 11.881472763415315, 7.005
0.0027791583166332664, 0.8970680021333186, 6.634751755907027E-4, 12.081981612579938, -0.005499099391516216, 0.0, 0.0019473501686734012, -0.003551749222842827, -7.290042495093214, 0.0, 13.952243458552264, 6.662200963459022, 0.998284775961468, 0.0, 11.017167301498395, 12.015452077459855, 7.005
0.002784969939879759, 0.8981563823728814, 6.648625984413034E-4, 12.208609092244487, -0.005509211869643102, 0.0, 0.001966817131767642, -0.0035423947378754738, -7.287307981810542, 0.0, 14.110059881474434, 6.822751899663839, 0.9989332393964223, 0.0, 11.151828908069364, 12.150762147465755, 7.005
0.0027907815631262522, 0.8992447626124443, 6.662500212919041E-4, 12.335948772440574, -0.005519320532331313, 0.0, 0.001986504119142996, -0.003532816413188325, -7.284542306265979, 0.0, 14.269414690232404, 6.9848723839663664, 0.9996158264857096, 0.0, 11.287795094497115, 12.287410920982776, 7.005
0.002796593186372745, 0.9003331428520072, 6.676374441425047E-4, 12.463987984729016, -0.00552942533571194, 0.0, 0.0020064132713490277, -0.003523012064362927, -7.2817445530302125, 0.0, 14.430316762590754, 7.148572209560535, 1.0003333684886775, 0.0, 11.425072990012945, 12.425406358501638, 7.005
0.0028024048096192385, 0.9013633636391094, 6.690248669931055E-4, 12.592713670603501, -0.0055395262346377505, 0.0, 0.002026546741256738, -0.003512979493381024, -7.278913794788026, 0.0, 14.592774982412136, 7.31386118762404, 1.0010867073380576, 0.0, 11.563669726033645, 12.564756433371649, 7.005
0.002808216432865731, 0.9023111918685586, 6.704122898437061E-4, 12.722112376651708, -0.005549623182666649, 0.0, 0.0020469066940669604, -0.0035027164885996984, -7.276049092266675, 0.0, 14.756798239487098, 7.480749147220417, 1.0018766956994702, 0.0, 11.703592436019271, 12.705469131718747, 7.005
0.0028140280561122243, 0.9032590200980077, 6.717997126943068E-4, 12.852170249687347, -0.005559716132045038, 0.0, 0.0020674953073184397, -0.00349222082472661, -7.273149494164266, 0.0, 14.922395429365091, 7.649245935200741, 1.0027041970309092, 0.0, 11.844848255332248, 12.847552452363091, 7.005
0.002819839679358717, 0.904206848327457, 6.731871355449076E-4, 12.982873031850716, -0.005569805033691058, 0.0, 0.00208831477089567, -0.0034814902627954016, -7.270214037078322, 0.0, 15.08957545318441, 7.819361416106024, 1.0035700856420429, 0.0, 11.987444321095419, 12.991014406737415, 7.005
0.00282565130260521, 0.9051546765569063, 6.745745583955083E-4, 13.11420605567831, -0.00557988983717779, 0.0, 0.0021093672870366184, -0.003470522550141186, -7.26724174543396, 0.0, 15.258347217502688, 7.99110547206869, 1.0044752467539626, 0.0, 12.13138777205043, 13.135863018804375, 7.005
0.002831462925851703, 0.9061025047863555, 6.759619812461089E-4, 13.246154239142058, -0.005589970490716281, 0.0, 0.0021306550703400476, -0.0034593154203762444, -7.264231631412452, 0.0, 15.428719634127031, 8.164488002714537, 1.0054205765584656, 0.0, 12.276685748416078, 13.282106324974517, 7.005
0.0028372745490981956, 0.9070503330158046, 6.773494040967095E-4, 13.37870208065685, -0.005600046941138523, 0.0, 0.0021521803477726996, -0.003447866593365839, -7.261182694879647, 0.0, 15.60070161994479, 8.33951892506508, 1.0064069822775337, 0.0, 12.423345391747063, 13.429752374024558, 7.005
0.002843086172344689, 0.9079981612452539, 6.787368269473103E-4, 13.511833654057753, -0.0056101191338803185, 0.0, 0.0021739453586762606, -0.0034361737752040666, -7.2580939233142585, 0.0, 15.774302096753273, 8.516208173438974, 1.0074353822229323, 0.0, 12.57137384479175, 13.578809227014654, 7.005
0.002848897795591182, 0.9089459894747031, 6.801242497979109E-4, 13.645532603545163, -0.005620187012964036, 0.0, 0.0021959523547740133, -0.0034242346581900246, -7.254964291736406, 0.0, 15.949529991090593, 8.694565699354124, 1.0085067058555663, 0.0, 12.720778251351113, 13.729284957206621, 7.005
0.002854709418837675, 0.9098938177041523, 6.815116726485116E-4, 13.779782138599856, -0.0056302505209812805, 0.0, 0.002218203600177322, -0.003412046920803972, -7.251792762635947, 0.0, 16.126394234065895, 8.874601471429887, 1.0096218938450299, 0.0, 12.871565756137011, 13.881187649982003, 7.005
0.002860521042084168, 0.9108416459336015, 6.828990954991124E-4, 13.914565028865681, -0.005640309599075461, 0.0, 0.0022407013713918317, -0.00339960822768364, -7.248578285900888, 0.0, 16.304903761189458, 9.056325475288528, 1.0107818981290972, 0.0, 13.023743504630378, 14.034525402759451, 7.005
0.0028663326653306613, 0.9117894741630508, 6.842865183497131E-4, 14.049863599001483, -0.005650364186924245, 0.0, 0.002263447957323508, -0.0033869162296007505, -7.2453197987458, 0.0, 16.485067512203333, 9.239747713457435, 1.0119876819731988, 0.0, 13.177318642939849, 14.189306324912971, 7.005
0.0028721442885771536, 0.9127373023925, 6.856739412003137E-4, 14.185659723501189, -0.005660414222721943, 0.0, 0.002286445659284312, -0.0033739685634376453, -7.242016225640268, 0.0, 16.66689443091139, 9.424878205271073, 1.0132402200298796, 0.0, 13.332298317660026, 14.345538537689874, 7.005
0.0028779559118236467, 0.9136851306219492, 6.870613640509144E-4, 14.321934821483026, -0.0056704596431617635, 0.0, 0.002309696790997808, -0.003360762852163977, -7.238666478237283, 0.0, 16.850393465010175, 9.611726986772842, 1.0145404983982944, 0.0, 13.488689675730228, 14.503230174128504, 7.005
0.00288376753507014, 0.9146329588513984, 6.884487869015151E-4, 14.458669851446132, -0.0056805003834179925, 0.0, 0.002333203678604368, -0.003347296704813641, -7.235269455301601, 0.0, 17.035573565918497, 9.800304110616858, 1.015889514683782, 0.0, 13.646499864292322, 14.662389378976089, 7.005
0.002889579158316633, 0.9155807870808477, 6.898362097521158E-4, 14.595845305996022, -0.005690536377128038, 0.0, 0.002356968660666264, -0.0033335677164617887, -7.23182404263816, 0.0, 17.222443688608365, 9.990619645970128, 1.0172882780573018, 0.0, 13.805736030549633, 14.823024308606879, 7.005
0.0028953907815631257, 0.9165286153102968, 6.912236326027164E-4, 14.733441206538274, -0.005700567556374435, 0.0, 0.0023809940881724494, -0.003319573468201996, -7.2283291130205996, 0.0, 17.411012791435066, 10.18268367841441, 1.0187378093148798, 0.0, 13.966405321625166, 14.985143130940004, 7.005
0.0029012024048096193, 0.917449364707262, 6.926110554533173E-4, 14.871437097940785, -0.0057105938516666885, 0.0, 0.0024052823245432047, -0.003305311527123489, -7.224783526119523, 0.0, 17.6012898359676, 10.376506309848011, 1.020239140937209, 0.0, 14.128514884420026, 15.14875402535718, 7.005
0.002907014028056112, 0.9182663119130378, 6.939984783039179E-4, 15.009812043162782, -0.005720615191923047, 0.0, 0.0024298357456343624, -0.0032907794462886902, -7.221186128430988, 0.0, 17.79328378681884, 10.572097658387777, 1.0217933171490892, 0.0, 14.292071865471828, 15.313865182620852, 7.005
0.002912825651302605, 0.9190832591188135, 6.953859011545186E-4, 15.148544617853219, -0.005730631504452192, 0.0, 0.002454656739741514, -0.0032759747647106833, -7.217535753204919, 0.0, 17.987003611476307, 10.769467858271305, 1.0234013939789328, 0.0, 14.457083410813402, 15.480484804792262, 7.005
0.002918637274549098, 0.9199002063245892, 6.967733240051192E-4, 15.287612904916458, -0.005740642714934801, 0.0, 0.0024797477076038696, -0.0032608950073309507, -7.213831220373437, 0.0, 18.18245828013175, 10.968627059758237, 1.0250644393183561, 0.0, 14.623556665830497, 15.648621105148804, 7.005
0.002924448897795591, 0.9207171535303651, 6.9816074685572E-4, 15.426994489045498, -0.0057506487474050065, 0.0, 0.0025051110624077725, -0.0032455376849972357, -7.2100713364794, 0.0, 18.379656765512404, 11.16958542903292, 1.0267835329815136, 0.0, 14.791498775121303, 15.818282308102733, 7.005
0.0029302605210420837, 0.9215341007361408, 6.995481697063206E-4, 15.566666451223739, -0.005760649524231781, 0.0, 0.0025307492297903045, -0.0032299002944414924, -7.206254894604716, 0.0, 18.578608042710496, 11.37235314810571, 1.0285597667647433, 0.0, 14.96091688235374, 15.989476649118435, 7.005
0.0029360721442885764, 0.9223510479419166, 7.009355925569213E-4, 15.706605363193944, -0.0057706449661002295, 0.0, 0.002556664647842268, -0.0032139803182579807, -7.20238067429872, 0.0, 18.7793210890142, 11.57694041471546, 1.0303942445061198, 0.0, 15.131818130124795, 16.162212374630922, 7.005
0.00294188376753507, 0.9231679951476924, 7.023230154075221E-4, 15.846787281894194, -0.005780634991992727, 0.0, 0.002582859767111205, -0.003197775224881533, -7.198447441506707, 0.0, 18.98180488373765, 11.783357442230919, 1.0322880821447866, 0.0, 15.30420965981849, 16.33649774196327, 7.005
0.0029476953907815627, 0.9239849423534682, 7.037104382581227E-4, 15.987187743862904, -0.005790619519170032, 0.0, 0.0026093370506040893, -0.0031812824685659557, -7.194453948498245, 0.0, 19.186068408051298, 11.991614459553006, 1.03424240778064, 0.0, 15.478098611464342, 16.512341019244953, 7.005
0.002953507014028056, 0.924801889559244, 7.050978611087234E-4, 16.127781759609917, -0.005800598463152222, 0.0, 0.00263609897378973, -0.0031644994893625035, -7.190398933795598, 0.0, 19.392120644812262, 12.201721711016624, 1.036258361733754, 0.0, 15.653492123595894, 16.689750485329622, 7.005
0.0029593186372745485, 0.9256188367650198, 7.06485283959324E-4, 16.268543807955297, -0.005810571737699617, 0.0, 0.002663148024601051, -0.0031474237130985753, -7.186281122102191, 0.0, 19.59997057839489, 12.41368945629263, 1.0383370966039205, 0.0, 15.830397333109312, 16.86873442971318, 7.005
0.002965130260521042, 0.9264357839707956, 7.078727068099248E-4, 16.409447830335978, -0.005820539254793519, 0.0, 0.0026904867034370653, -0.003130052551356467, -7.182099224230902, 0.0, 19.809627194520814, 12.627527970289798, 1.0404797773302166, 0.0, 16.00882137512156, 17.04930115245168, 7.005
0.002970941883767535, 0.9272527311765714, 7.092601296605254E-4, 16.550467225078535, -0.00583050092461691, 0.0, 0.0027181175231645914, -0.003112383401452334, -7.177851937032639, 0.0, 20.021099480089283, 12.843247543056567, 1.04268758125041, 0.0, 16.188771382828875, 17.23145896407923, 7.005
0.0029767535070140275, 0.9280696783823471, 7.106475525111262E-4, 16.69157484164046, -0.005840456655535025, 0.0, 0.0027460430091197944, -0.0030944136464152432, -7.173537943324567, 0.0, 20.23439642300776, 13.060858479683098, 1.0449616981606311, 0.0, 16.370254487365475, 17.415216185526035, 7.005
0.0029825651302605206, 0.928886625588123, 7.120349753617269E-4, 16.832742974817194, -0.005850406354075835, 0.0, 0.0027742656991095235, -0.003076140654966323, -7.169155911818629, 0.0, 20.449527012022003, 13.280371100203281, 1.0473033303748045, 0.0, 16.553277817661645, 17.600581148036376, 7.005
0.0029883767535070138, 0.9297035727938988, 7.134223982123276E-4, 16.973943358916983, -0.005860349924910423, 0.0, 0.002802788143412248, -0.0030575617814981933, -7.164704497049995, 0.0, 20.666500236546643, 13.501795739496513, 1.049713692784122, 0.0, 16.737848500302604, 17.787562193086618, 7.005
0.0029941883767535065, 0.9305205199996744, 7.148098210629282E-4, 17.115147161902, -0.005870287270833265, 0.0, 0.0028316129047789183, -0.0030386743660543573, -7.1601823393053206, 0.0, 20.885325086495158, 13.725142747189777, 1.052194012916726, 0.0, 16.923973659386498, 17.976167672303173, 7.005
0.0029999999999999996, 0.9313374672054503, 7.161972439135289E-4, 17.25632497949732, -0.005880218292742421, 0.0, 0.0028607425584335888, -0.00301947573430885, -7.155588064551284, 0.0, 21.106010552110714, 13.9504224875594, 1.0547455309971183, 0.0, 17.11166041638332, 18.166405947380433, 7.005
