phi0, phi, rho, Z_fit_curve, F_id, F_fr, F_ex, F_total, mu_id, mu_fr, mu_ex, mu_kT, PV_id, PV_fr, PV_ex, PV_NkT, alpha
1.0000000000000005E-4, 0.03437450707383053, 2.387324146378431E-5, 1.0169532373697614, -2.77664138843586E-4, 0.0, 1.2260154034076127E-6, -2.764381234400037E-4, -10.512837542094836, 0.0, 0.10273027848052242, -10.410107263614469, 1.1179307079897705, 0.0, 0.05137506535341202, 1.1693057733357137, 7.005
1.0581162324649302E-4, 0.036371403772426945, 2.5260664314385E-5, 1.016334935921691, -2.9222180264213885E-4, 0.0, 1.3610549541478045E-6, -2.908607476878167E-4, -10.472497750921915, 0.0, 0.09216181558121472, -10.380335935340897, 1.0957571059279672, 0.0, 0.038281405422217654, 1.1340385113430886, 7.005
1.1162324649298601E-4, 0.03836830047102335, 2.6648087164985692E-5, 1.0158020800155911, -3.0672411149549234E-4, 0.0, 1.4823719987543013E-6, -3.05241739496564E-4, -10.433038643830166, 0.0, 0.08293788296434307, -10.350100760866061, 1.0771350356717946, 0.0, 0.02731017544535585, 1.1044452111103806, 7.005
1.1743486973947899E-4, 0.04036519716961977, 2.8035510015586382E-5, 1.0153788923910578, -3.211722726131473E-4, 0.0, 1.5917862341952343E-6, -3.1958048637877826E-4, -10.394439144358037, 0.0, 0.07499290676696829, -10.319446237591347, 1.0614706084729648, 0.0, 0.018215404473973504, 1.0796860129404608, 7.005
1.2324649298597198E-4, 0.04236209386821618, 2.9422932866187073E-5, 1.0150869790977133, -3.3556746426540416E-4, 0.0, 1.6910278427503083E-6, -3.3387643642248044E-4, -10.356678611299873, 0.0, 0.06826341602059514, -10.288415195279589, 1.0482845102059137, 0.0, 0.010790292914854631, 1.0590748031145634, 7.005
1.2905811623246496E-4, 0.0443589905668126, 3.081035571678776E-5, 1.0149454698785902, -3.4991083638233496E-4, 0.0, 1.7817403786427794E-6, -3.481290960035193E-4, -10.31973683163956, 0.0, 0.06268799810629876, -10.257048833533606, 1.0371861327933891, 0.0, 0.004858728135489705, 1.0420448609229218, 7.005
1.3486973947895794E-4, 0.04635588726540901, 3.2197778567388454E-5, 1.014971153765234, -3.6420351114301003E-4, 0.0, 1.8654835932908087E-6, -3.623380275495469E-4, -10.283594013567555, 0.0, 0.0582072548171526, -10.225386758750782, 1.0278543952333519, 0.0, 2.689846539971448E-4, 1.0281233798816178, 7.005
1.4068136272545094E-4, 0.04835278396400543, 3.3585201417989144E-5, 1.015178609994419, -3.7844658355509276E-4, 0.0, 1.9437362000172114E-6, -3.7650284735490377E-4, -10.248230779580561, 0.0, 0.0547637590231122, -10.193467020557865, 1.020023319749819, 0.0, -0.003111022664994435, 1.0169122970792963, 7.005
1.4649298597194392E-4, 0.050349680662601835, 3.4972624268589835E-5, 1.015580334354704, -3.92641122024918E-4, 0.0, 2.017898579050275E-6, -3.9062322344569656E-4, -10.21362815966331, 0.0, 0.05230201193351154, -10.161326147730243, 1.0134710425421998, 0.0, -0.005397363542369509, 1.0080736789944915, 7.005
1.523046092184369E-4, 0.05234657736119825, 3.6360047119190525E-5, 1.0161868610693834, -4.0678816891816846E-4, 0.0, 2.0892954236413616E-6, -4.0469887349435654E-4, -10.179767584551746, 0.0, 0.05076840095236263, -10.128999183599854, 1.008011341715627, 0.0, -0.006692894870289066, 1.0013184468401766, 7.005
1.5811623246492988E-4, 0.054343474059794665, 3.7747469969791216E-5, 1.0170068803207528, -4.208887411112585E-4, 0.0, 2.1591783281184094E-6, -4.187295627829702E-4, -10.146630879077067, 0.0, 0.05011115812165099, -10.096519720955913, 1.0034870347351688, 0.0, -0.007089452405263011, 0.9963975823249109, 7.005
1.639278557114229E-4, 0.05634037075839109, 3.913489282039191E-5, 1.0180473515189867, -4.3494383053354046E-4, 0.0, 2.228728318687906E-6, -4.327151022146834E-4, -10.11420025558992, 0.0, 0.0502803191478518, -10.063919936442591, 0.9997647814346716, 0.0, -0.006669583051103206, 0.9930951983787224, 7.005
1.6973947895791589E-4, 0.0583372674569875, 4.0522315670992603E-5, 1.0193136124172915, -4.489544047004419E-4, 0.0, 2.2990583277911134E-6, -4.4665534637248236E-4, -10.082458307464195, 0.0, 0.051227683006893, -10.03123062445785, 0.996730955695814, 0.0, -0.0055079277231933205, 0.9912230279679165, 7.005
1.7555110220440886E-4, 0.060334164155583916, 4.1909738521593294E-5, 1.020809484173423, -4.629214072376457E-4, 0.0, 2.3712156128138133E-6, -4.605501916246642E-4, -10.05138800267974, 0.0, 0.05290677212282676, -9.998481230557482, 0.9942883381338189, 0.0, -0.0036723356564327967, 0.9906160024728171, 7.005
1.8136272545090187E-4, 0.06233106085418033, 4.3297161372193984E-5, 1.0225373724560554, -4.768457583964202E-4, 0.0, 2.446184119942297E-6, -4.743995742763111E-4, -10.02097267748343, 0.0, 0.05527279311547168, -9.965699884368552, 0.992353445615643, 0.0, -0.0012247702909198746, 0.9911286753202778, 7.005
1.8717434869739485E-4, 0.06432795755277673, 4.4684584222794675E-5, 1.0244983646929362, -4.907283555602087E-4, 0.0, 2.5248867939517305E-6, -4.8820346876609093E-4, -9.99119603012797, 0.0, 0.05828259811231618, -9.932913432016262, 0.9908543591845126, 0.0, 0.0017779480665018332, 0.9926323072466896, 7.005
1.9298597194388782E-4, 0.06632485425137316, 4.6072007073395365E-5, 1.0266923235561949, -5.045700737425863E-4, 0.0, 2.6081878347064733E-6, -5.019618859077147E-4, -9.962042114687756, 0.0, 0.061894646619987746, -9.900147468068397, 0.9897289453135371, 0.0, 0.005283528494582887, 0.9950124738039076, 7.005
1.987975951903808E-4, 0.06832175094996956, 4.7459429923996056E-5, 1.0291179767786462, -5.183717660766888E-4, 0.0, 2.696894901145451E-6, -5.156748711753789E-4, -9.933495334951298, 0.0, 0.06606896795061033, -9.86742636700133, 0.9889233899856796, 0.0, 0.009243698336870863, 0.9981670883184423, 7.005
2.046092184368738E-4, 0.07031797588569144, 4.8846852774596746E-5, 1.0317730033934098, -5.321342642962208E-4, 0.0, 2.791761263519288E-6, -5.293425030325382E-4, -9.905540438389485, 0.0, 0.07076712419838685, -9.834773314191757, 0.9883909833900979, 0.0, 0.013613774392989183, 1.0020047577790852, 7.005
2.1042084168336678E-4, 0.0723140255789243, 5.023427562519744E-5, 1.0346541164876384, -5.458583792081491E-4, 0.0, 2.8934879046392533E-6, -5.429648913033474E-4, -9.878162510199171, 0.0, 0.0759521737617664, -9.80221033643808, 0.9880911067704204, 0.0, 0.01835230059493041, 1.0064434073614414, 7.005
2.1623246492985976E-4, 0.07431007527215716, 5.162169847579813E-5, 1.0377571425596797, -5.595449011571803E-4, 0.0, 3.0027255708919145E-6, -5.565421755861271E-4, -9.851346967421422, 0.0, 0.08158863540657144, -9.769758332015542, 0.9879883833809618, 0.0, 0.023420739743477616, 1.011409123120624, 7.005
2.2204408817635274E-4, 0.07630612496539002, 5.300912132639882E-5, 1.0410770975675119, -5.731946004821347E-4, 0.0, 3.120076773766657E-6, -5.700745237082076E-4, -9.82507955313386, 0.0, 0.08764245286547054, -9.737437100269087, 0.9880519634732781, 0.0, 0.0287832094806374, 1.0168351729501925, 7.005
2.2785571142284574E-4, 0.07830217465862288, 5.439654417699951E-5, 1.0446082597548125, -5.868082279643078E-4, 0.0, 3.2460977426371744E-6, -5.83562130221511E-4, -9.799346330716482, 0.0, 0.0940809599692181, -9.705265370747975, 0.9882549193722672, 0.0, 0.034406254677742595, 1.0226611740463638, 7.005
2.3366733466933872E-4, 0.08029822435185575, 5.57839670276002E-5, 1.0483442393395965, -6.003865152679304E-4, 0.0, 3.3813003295315326E-6, -5.970052149382402E-4, -9.774133678190386, 0.0, 0.10087284630507005, -9.673260831886044, 0.9885737314651037, 0.0, 0.04025864997409618, 1.0288323814356326, 7.005
2.394789579158317E-4, 0.08229427404508861, 5.717138987820089E-5, 1.052278045148912, -6.139301753728241E-4, 0.0, 3.526153866618915E-6, -6.104040215060475E-4, -9.749428282628802, 0.0, 0.10798812339784096, -9.641440159231696, 0.9889878496491362, 0.0, 0.04631122741663242, 1.0352990770622763, 7.005
2.4529058116232465E-4, 0.08429032373832146, 5.855881272880157E-5, 1.0564021482816564, -6.274399029993508E-4, 0.0, 3.6810869771351923E-6, -6.237588160220591E-4, -9.725217134639779, 0.0, 0.11539809140904243, -9.609819043231482, 0.9894793177141922, 0.0, 0.0525367251073878, 1.0420160428181622, 7.005
2.511022044088177E-4, 0.08628637343155433, 5.994623557940227E-5, 1.0607085428801915, -6.409163750257582E-4, 0.0, 3.846489340462911E-6, -6.370698856851399E-4, -9.701487522920049, 0.0, 0.12307530634960244, -9.578412216571197, 0.9900324504538786, 0.0, 0.058909653522778764, 1.0489421039733138, 7.005
2.5691382765531066E-4, 0.0882824231247872, 6.133365843000296E-5, 1.0651888040900195, -6.543602508980165E-4, 0.0, 4.022713412075052E-6, -6.50337537485787E-4, -9.678227028879402, 0.0, 0.13099354780164324, -9.547233481078516, 0.9906335551473132, 0.0, 0.06540617677165694, 1.0560397319156944, 7.005
2.6272545090180364E-4, 0.09027847281802007, 6.272108128060365E-5, 1.0698341432854221, -6.67772173032248E-4, 0.0, 4.210076099045876E-6, -6.635620969330485E-4, -9.655423521334999, 0.0, 0.1391277871448486, -9.51629573419091, 0.9912706905320873, 0.0, 0.07200400654210838, 1.0632746970709868, 7.005
2.685370741482966E-4, 0.09227452251125293, 6.410850413120434E-5, 1.0746354606376092, -6.811527672098408E-4, 0.0, 4.408860391825771E-6, -6.767439068178626E-4, -9.633065151275055, 0.0, 0.14745415628293684, -9.485610994992886, 0.9919334575802496, 0.0, 0.07868230687583469, 1.07061576445294, 7.005
2.743486973947896E-4, 0.09427057220448579, 6.549592698180503E-5, 1.0795833951005385, -6.945026429653477E-4, 0.0, 4.619316952970738E-6, -6.898833260122255E-4, -9.611140346691325, 0.0, 0.15594991686580106, -9.455190429826297, 0.9926128173532506, 0.0, 0.0854216082237385, 1.0780344255739054, 7.005
2.8016032064128257E-4, 0.09626662189771865, 6.688334983240572E-5, 1.0846683718882928, -7.078223939672618E-4, 0.0, 4.841665663511392E-6, -7.029807283036003E-4, -9.58963780747979, 0.0, 0.16459343000287324, -9.425044377477697, 0.9933009319957566, 0.0, 0.09220372949230533, 1.0855046614850368, 7.005
2.859719438877756E-4, 0.0982626715909515, 6.827077268300641E-5, 1.0898806475165164, -7.211125983917636E-4, 0.0, 5.076097127639724E-6, -7.160365012639745E-4, -9.568546500408958, 0.0, 0.17336412646330546, -9.39518237394644, 0.9939910255689607, 0.0, 0.09901170699957737, 1.0930027325655638, 7.005
2.917835671342686E-4, 0.10025872128418437, 6.96581955336071E-5, 1.0952103524791594, -7.343738192895347E-4, 0.0, 5.322774136385968E-6, -7.290510451530008E-4, -9.547855654155281, 0.0, 0.18224247735855686, -9.365613176797513, 0.9946772619497685, 0.0, 0.10582972943117257, 1.1005069913780277, 7.005
2.9759519038076156E-4, 0.10225477097741723, 7.10456183842078E-5, 1.100647531630457, -7.4760660494573E-4, 0.0, 5.581833090952376E-6, -7.420247718546308E-4, -9.527554754404994, 0.0, 0.19120996530301912, -9.33634478910277, 0.9953546374556843, 0.0, 0.11264307802833369, 1.1079977154811562, 7.005
3.0340681362725453E-4, 0.10425058818145462, 7.243304123480848E-5, 1.1061821823407993, -7.608114892331979E-4, 0.0, 5.853385386362986E-6, -7.549581038466893E-4, -9.507633539021947, 0.0, 0.20024905604830262, -9.307384482974436, 0.996018886213811, 0.0, 0.11943807135710513, 1.1154569575681135, 7.005
3.092184368737475E-4, 0.10624624127547166, 7.382046408540918E-5, 1.111804290493879, -7.739889919590445E-4, 0.0, 6.137518756084919E-6, -7.678514732028149E-4, -9.488081993280755, 0.0, 0.2093431705868537, -9.278738822694695, 0.9966663965905251, 0.0, 0.12620201410504264, 1.1228684106928126, 7.005
3.150300601202405E-4, 0.10824189436948871, 7.520788693600987E-5, 1.1175038643912736, -7.871396192046256E-4, 0.0, 6.434298578268192E-6, -7.807053206262138E-4, -9.468890345164763, 0.0, 0.2184766577205508, -9.250413687445008, 0.9972941372467432, 0.0, 0.13292314943301214, 1.1302172866770501, 7.005
3.2084168336673347E-4, 0.11023754746350577, 7.659530978661056E-5, 1.1232709666293452, -8.002638636590645E-4, 0.0, 6.743769144246862E-6, -7.935200945146748E-4, -9.450049060728238, 0.0, 0.22763476708999172, -9.222414293639046, 0.9978995915919414, 0.0, 0.13959061447758567, 1.137490206066863, 7.005
3.266533066132265E-4, 0.11223320055752281, 7.798273263721125E-5, 1.1290957440121498, -8.133622049463731E-4, 0.0, 7.0659548899374875E-6, -8.062962500562941E-4, -9.431548839522254, 0.0, 0.23680362266016594, -9.194745216862886, 0.9984806995844404, 0.0, 0.14619439865657152, 1.1446750982383977, 7.005
3.324649298597195E-4, 0.11422885365153986, 7.937015548781194E-5, 1.1349684555628203, -8.264351099462771E-4, 0.0, 7.4008615907649635E-6, -8.190342483553719E-4, -9.41338061008368, 0.0, 0.245970196658228, -9.167410413426246, 0.9990358059731617, 0.0, 0.15272530447830227, 1.151761110448901, 7.005
3.3827655310621245E-4, 0.11622450674555691, 8.075757833841263E-5, 1.1408794986947008, -8.394830331088215E-4, 0.0, 7.748477520740412E-6, -8.317345555879419E-4, -9.395535525486743, 0.0, 0.25512228395913583, -9.140413241528412, 0.9995636142000432, 0.0, 0.15917491059597472, 1.1587385247934898, 7.005
3.4408817635270543E-4, 0.11822015983957396, 8.214500118901332E-5, 1.1468194336023119, -8.525064167628492E-4, 0.0, 8.108774576309222E-6, -8.443976421864022E-4, -9.378004958956636, 0.0, 0.26424847691488246, -9.113756482042552, 1.0000631452881497, 0.0, 0.16553553688276582, 1.1655986821684392, 7.005
3.498997995991984E-4, 0.120215812933591, 8.353242403961401E-5, 1.1527790059310692, -8.655056914184363E-4, 0.0, 8.48170936558195E-6, -8.570239820527175E-4, -9.360780499544525, 0.0, 0.27333814062312195, -9.087442358922198, 1.0005337011302111, 0.0, 0.17180021133281875, 1.172333912460596, 7.005
3.557114228456914E-4, 0.12221146602760805, 8.49198468902147E-5, 1.1587491677835182, -8.784812760633681E-4, 0.0, 8.867224263554624E-6, -8.696140517996776E-4, -9.343853947863556, 0.0, 0.282381388630971, -9.061472559233385, 1.000974831668726, 0.0, 0.17796263861817052, 1.1789374702844961, 7.005
3.6152304609218436E-4, 0.1242071191216251, 8.630726974081539E-5, 1.1647210971187014, -8.914335784537434E-4, 0.0, 9.265248433919507E-6, -8.821683300196892E-4, -9.327217311885201, 0.0, 0.2913690590697943, -9.035848252816205, 1.0013863055245298, 0.0, 0.1840171701530963, 1.1854034756752685, 7.005
3.6733466933867734E-4, 0.12620277221564216, 8.769469259141608E-5, 1.170686215600139, -9.043629953987849E-4, 0.0, 9.675698818061263E-6, -8.9468729658059E-4, -9.310862802795423, 0.0, 0.30029269121681085, -9.010570111579408, 1.0017680836866132, 0.0, 0.1899587755357111, 1.1917268592200034, 7.005
3.731462925851704E-4, 0.1281984253096592, 8.908211544201677E-5, 1.176636204946798, -9.172699130399456E-4, 0.0, 1.0098481091827756E-5, -9.071714319479852E-4, -9.294782830910163, 0.0, 0.30914450247935943, -8.985638328431596, 1.0021202959244604, 0.0, 0.1957830152524332, 1.1979033111746133, 7.005
3.7895791583166335E-4, 0.13019407840367625, 9.046953829261746E-5, 1.1825630218403043, -9.301547071243839E-4, 0.0, 1.053349059065931E-5, -9.196212165335933E-4, -9.27897000164958, 0.0, 0.31791736579768287, -8.961052635852688, 1.002443219625661, 0.0, 0.20148601454451892, 1.2039292341679368, 7.005
3.8476953907815633E-4, 0.1321897314976933, 9.185696114321815E-5, 1.1884589114405821, -9.430177432729001E-4, 0.0, 1.0980613203653836E-5, -9.32037130069116E-4, -9.263417111570494, 0.0, 0.32660478746212795, -8.93681232410916, 1.0027372607976532, 0.0, 0.20706443834766627, 1.2098016991431062, 7.005
3.905811623246493E-4, 0.13418538459171034, 9.324438399381884E-5, 1.1943164195609934, -9.55859377242401E-4, 0.0, 1.1439726237140093E-5, -9.444196510051316E-4, -9.248117144456565, 0.0, 0.33520088534064063, -8.91291625911671, 1.0030029370034044, 0.0, 0.21251546722582496, 1.2155184042270573, 7.005
3.963927855711423E-4, 0.1361810376857274, 9.463180684441953E-5, 1.200128403553019, -9.68679955182987E-4, 0.0, 1.1910699248325828E-5, -9.567692559345334E-4, -9.233063267465546, 0.0, 0.3437003675124724, -8.889362899953856, 1.0032408620282078, 0.0, 0.21783677422921463, 1.2210776362552906, 7.005
4.0220440881763526E-4, 0.13817621133011104, 9.601922969502022E-5, 1.2058880419494487, -9.81479813889727E-4, 0.0, 1.2393394849581003E-5, -9.690864190400192E-4, -9.218248827333268, 0.0, 0.35209851130405406, -8.866150316029994, 1.0034517320977843, 0.0, 0.22302650261428061, 1.2264782347099654, 7.005
4.0801603206412824E-4, 0.14017060042054913, 9.740665254562091E-5, 1.2115888429139972, -9.942592810492103E-4, 0.0, 1.2887669483911666E-5, -9.813716115651728E-4, -9.203667346633654, 0.0, 0.36039114272295264, -8.84327620391148, 1.003636313488983, 0.0, 0.22808324436995606, 1.2317195578568678, 7.005
4.138276553106212E-4, 0.14216498951098722, 9.87940753962216E-5, 1.217224651544267, -0.001007018675480944, 0.0, 1.3393374172173843E-5, -9.936253013086449E-4, -9.189312520094346, 0.0, 0.36857461628589683, -8.820737903809224, 1.003795431391756, 0.0, 0.23300601950052652, 1.2368014508902403, 7.005
4.1963927855711425E-4, 0.1441593786014253, 1.001814982468223E-4, 1.2227896560739324, -0.0010197583073736798, 0.0, 1.391035523257155E-5, -0.0010058479521409844, -9.175178210967388, 0.0, 0.37664579523686925, -8.79853241573129, 1.0039299598971447, 0.0, 0.23779425602051726, 1.241724215915654, 7.005
4.254509018036072E-4, 0.1461537676918634, 1.0156892109742299E-4, 1.22827839301901, -0.0010324784785167441, 0.0, 1.4438454972976831E-5, -0.001018040023543644, -9.161258447454452, 0.0, 0.3846020321512454, -8.776656415303977, 1.0040408129995426, 0.0, 0.24244777062150305, 1.2464885836190613, 7.005
4.312625250501002E-4, 0.14814815678230148, 1.0295634394802368E-4, 1.2336857513121446, -0.0010451794825264414, 0.0, 1.497751235660538E-5, -0.001030201970169714, -9.147547419186077, 0.0, 0.39244114992199924, -8.755106269264843, 1.0041289365136556, 0.0, 0.24696674997471088, 1.251095686486417, 7.005
4.370741482965932E-4, 0.15014254587273956, 1.0434376679862437E-4, 1.2390069754677853, -0.0010578616050676154, 0.0, 1.5527363641574777E-5, -0.0010423342414259198, -9.134039473754433, 0.0, 0.40016142312403696, -8.733878050631157, 1.004195300817284, 0.0, 0.25135173263680904, 1.2555470334521739, 7.005
4.4288577154308616E-4, 0.15213693496317765, 1.0573118964922506E-4, 1.244237667820179, -0.0010705251240704322, 0.0, 1.6087842994866973E-5, -0.0010544372810754458, -9.120729113299063, 0.0, 0.40776155975267886, -8.712967553547147, 1.0042408943402892, 0.0, 0.2556035915292986, 1.2598444858676963, 7.005
4.4869739478957914E-4, 0.15413132405361574, 1.0711861249982575E-4, 1.2493737898752524, -0.0010831703099424667, 0.0, 1.6658783081211683E-5, -0.0010665115268611363, -9.107610991145162, 0.0, 0.4152406833323954, -8.69237030781352, 1.0042667177285292, 0.0, 0.25972351696470386, 1.2639902346913705, 7.005
4.545090180360721E-4, 0.15612571314405382, 1.0850603535042644E-4, 1.2544116628163113, -0.0010957974257761562, 0.0, 1.724001562740166E-5, -0.0010785574101486372, -9.094679908493749, 0.0, 0.4225983153918769, -8.672081593102622, 1.0042737786188238, 0.0, 0.26371300019513194, 1.2679867788121233, 7.005
4.6032064128256515E-4, 0.1581201022344919, 1.0989345820102713E-4, 1.2593479672027528, -0.001108406727551704, 0.0, 1.7831371962545464E-5, -0.0010905753555890425, -9.081930811163414, 0.0, 0.42983435830151734, -8.652096452862642, 1.0042630869674951, 0.0, 0.26757381746089065, 1.271836904426583, 7.005
4.661322645290581E-4, 0.16011449132493, 1.1128088105162782E-4, 1.2641797418999683, -0.0011209984643354913, 0.0, 1.8432683534757562E-5, -0.0011025657808006182, -9.069358786382981, 0.0, 0.43694907846946907, -8.632409707914253, 1.0042356508808044, 0.0, 0.2713080145188173, 1.2755436653978434, 7.005
4.719438877755511E-4, 0.16210888041536808, 1.1266830390222851E-4, 1.2689043822777075, -0.0011335728784740773, 0.0, 1.904378240478056E-5, -0.0011145290960691827, -9.056959059634641, 0.0, 0.44394308989242076, -8.613015969742957, 1.0041924729008176, 0.0, 0.2749178916316357, 1.2791103645307043, 7.005
4.777555110220441E-4, 0.16410326950580617, 1.140557267528292E-4, 1.2735196377132851, -0.0011461302057838582, 0.0, 1.966450171702984E-5, -0.0011264657040667148, -9.044726991547101, 0.0, 0.4508173380571884, -8.593909653490648, 1.004134546704663, 0.0, 0.2784059890010827, 1.2825405357040145, 7.005
4.8356713426853706E-4, 0.16609765859624423, 1.1544314960342989E-4, 1.278023608435198, -0.0011586706757364393, 0.0, 2.0294676148543753E-5, -0.0011383759995877835, -9.032658074838167, 0.0, 0.4575730841894001, -8.575084990649495, 1.0040628541793006, 0.0, 0.2817750726290781, 1.2858379268066784, 7.005
4.8937875751503E-4, 0.16809204768668232, 1.1683057245403058E-4, 1.2824147417417104, -0.0011711945116398119, 0.0, 2.0934142336318275E-5, -0.0011502603693033823, -9.020747931306344, 0.0, 0.46421188984538325, -8.556536041461685, 1.00397836283762, 0.0, 0.28502812059221755, 1.2890064834281592, 7.005
4.951903807615231E-4, 0.17008643677712043, 1.1821799530463127E-4, 1.2866918276282435, -0.0011837019308153802, 0.0, 2.158273928350101E-5, -0.0011621191915317686, -9.008992308870923, 0.0, 0.47073560184348157, -8.538256707028163, 1.003882023544759, 0.0, 0.2881683097160411, 1.2920503332591435, 7.005
5.01002004008016E-4, 0.17208027428599673, 1.1960541815523196E-4, 1.2908539938564465, -0.00119619314477092, 0.0, 2.2240308744910162E-5, -0.0011739528360259002, -8.99738707866007, 0.0, 0.4771463375310955, -8.520240741129692, 1.0037747685266516, 0.0, 0.29119900263657433, 1.2949737711615916, 7.005
5.06813627254509E-4, 0.17407146420337663, 1.2099284100583265E-4, 1.294900700497111, -0.0012086683593695287, 0.0, 2.290669559234532E-5, -0.001185761663777075, -8.985928232146447, 0.0, 0.4834464703836021, -8.502481761763558, 1.0036575096352722, 0.0, 0.2941237352373048, 1.297781244870969, 7.005
5.12625250501002E-4, 0.17606265412075653, 1.2238026385643334E-4, 1.2988317339780655, -0.0012211277749946342, 0.0, 2.358174816014475E-5, -0.0011975460268343822, -8.97461187832984, 0.0, 0.48963861593145297, -8.484973262399096, 1.0035311368475324, 0.0, 0.2969462044507181, 1.300477341296665, 7.005
5.18436873747495E-4, 0.17805384403813643, 1.2376768670703403E-4, 1.3026472006676781, -0.0012335715867111284, 0.0, 2.4265318571443103E-5, -0.0012093062681395787, -8.963434240966388, 0.0, 0.4957256180117966, -8.467708622955296, 1.003396516976681, 0.0, 0.2996702564142203, 1.303066773389335, 7.005
5.242484969939879E-4, 0.1800450339555163, 1.2515510955763472E-4, 1.3063475200234067, -0.001245999984422684, 0.0, 2.4957263045577953E-5, -0.001221042721377001, -8.952391655843844, 0.0, 0.5017105353407819, -8.450681120503765, 1.003254492577233, 0.0, 0.30229987497069943, 1.3055543675463899, 7.005
5.300601202404809E-4, 0.1820362238728962, 1.2654253240823541E-4, 1.3099334173344308, -0.0012584131530253301, 0.0, 2.56574421870863E-5, -0.001232755710838139, -8.941480568102454, 0.0, 0.5075966284030171, -8.433883939700134, 1.0031058810259514, 0.0, 0.3048391705048812, 1.3079450515293067, 7.005
5.35871743486974E-4, 0.1840274137902761, 1.279299552588361E-4, 1.3134059160863265, -0.001270811272557334, 0.0, 2.6365721256729094E-5, -0.0012444455513005016, -8.93069752960096, 0.0, 0.5133873466544132, -8.417310182947245, 1.0029514737630045, 0.0, 0.30729236910686186, 1.3102438428683607, 7.005
5.416833667334669E-4, 0.186018603707656, 1.293173781094368E-4, 1.316766329975089, -0.0012831945183454678, 0.0, 2.7081970424975912E-5, -0.0012561125479203896, -8.920039196327249, 0.0, 0.5190863160347783, -8.400952880293167, 1.0027920356788997, 0.0, 0.3096638020548135, 1.3124558377322257, 7.005
5.474949899799599E-4, 0.1880097936250359, 1.3070480096003749E-4, 1.320016254597128, -0.0012955630611477043, 0.0, 2.7806065008377802E-5, -0.0012677569961392252, -8.909502325853184, 0.0, 0.5246973267865879, -8.384804999067287, 1.002628304633891, 0.0, 0.31195789560930925, 1.3145862002417361, 7.005
5.533066132264528E-4, 0.19000098354241576, 1.3209222381063818E-4, 1.3231575588409117, -0.0013079170672924204, 0.0, 2.853788568924899E-5, -0.0012793791816030707, -8.899083774833139, 0.0, 0.5302243215762293, -8.368859453257594, 1.0024609910979352, 0.0, 0.31417916111197897, 1.3166401522084668, 7.005
5.591182364729459E-4, 0.19199217345979566, 1.3347964666123887E-4, 1.326192376005404, -0.0013202566988141538, 0.0, 2.9277318719075896E-5, -0.0012909793800949779, -8.888780496545799, 0.0, 0.5356713839142289, -8.353109112632247, 1.0022907778999908, 0.0, 0.3163321853817404, 1.3186229632803044, 7.005
5.649298597194388E-4, 0.19398336337717556, 1.3486706951183956E-4, 1.3291230946695956, -0.001332582113585981, 0.0, 3.0024256106065855E-5, -0.0013025578574798163, -8.878589538478732, 0.0, 0.5410427268707585, -8.33754681160865, 1.0021183200767465, 0.0, 0.3184216214019389, 1.3205399414772754, 7.005
5.707414829659318E-4, 0.19597455329455543, 1.3625449236244025E-4, 1.3319523493367313, -0.001344893465448577, 0.0, 3.077859578724138E-5, -0.0013141148696612381, -8.86850803995528, 0.0, 0.5463426820829906, -8.322165357872963, 1.0019442448114317, 0.0, 0.3204521792923041, 1.3223964241023474, 7.005
5.765531062124249E-4, 0.19796574321193533, 1.3764191521304094E-4, 1.334683010876101, -0.0013571909043360046, 0.0, 3.1540241785483575E-5, -0.0013256506625504243, -8.858533229803337, 0.0, 0.5515756890506505, -8.306957540753357, 1.0017691514542648, 0.0, 0.3224286175596307, 1.3241977690125208, 7.005
5.823647294589178E-4, 0.19995693312931523, 1.3902933806364163E-4, 1.3373181767847495, -0.0013694745763983037, 0.0, 3.2309104351923185E-5, -0.001337165472046284, -8.848662424065493, 0.0, 0.5567462847163037, -8.291916139349862, 1.001593611616826, 0.0, 0.3243557346215211, 1.3259493462369798, 7.005
5.881763527054108E-4, 0.20194812304669513, 1.4041676091424232E-4, 1.3398611612904472, -0.001381744624120929, 0.0, 3.308510009406833E-5, -0.001348659524026766, -8.83889302375019, 0.0, 0.5618590933268366, -8.277033930424018, 1.0014181693331707, 0.0, 0.32623836059768185, 1.3276565299295144, 7.005
5.939879759519037E-4, 0.20393931296407503, 1.41804183764843E-4, 1.3423154853168762, -0.0013940011864410997, 0.0, 3.386815209006041E-5, -0.0013601330343509456, -8.82922251262333, 0.0, 0.5669188165726916, -8.262303696051298, 1.0012433412812505, 0.0, 0.32808134936351036, 1.3293246906434415, 7.005
5.997995991983969E-4, 0.20593050288145495, 1.4319160661544373E-4, 1.3446848663312625, -0.0014062443988611068, 0.0, 3.465818998944024E-5, -0.0013715862088715734, -8.819648455039955, 0.0, 0.5719302240012549, -8.24771823103936, 1.0010696170585391, 0.0, 0.32988957086075, 1.3309591879179792, 7.005
6.056112224448897E-4, 0.20792105758354465, 1.445790294660444E-4, 1.3469732080938537, -0.0014184743935586437, 0.0, 3.545515010079893E-5, -0.0013830192434577527, -8.810168493815556, 0.0, 0.5768981437011271, -8.233270350115088, 1.000897459506425, 0.0, 0.33166790366050036, 1.332565363165631, 7.005
6.114228456913828E-4, 0.2099115895993741, 1.459664523166451E-4, 1.349184590328285, -0.0014306912994942133, 0.0, 3.625897546669326E-5, -0.0013944323240274292, -8.800780348136502, 0.0, 0.5818274532536613, -8.218952894883493, 1.0007273050783185, 0.0, 0.33342122777359934, 1.3341485328506435, 7.005
6.172344689378758E-4, 0.21190212161520341, 1.4735387516724577E-4, 1.351323258331018, -0.0014428952425156556, 0.0, 3.706961592618733E-5, -0.001405825626589378, -8.791481811509227, 0.0, 0.586723070948481, -8.204758740561395, 1.0005595642467737, 0.0, 0.3351544177039461, 1.3357139819494575, 7.005
6.230460921843687E-4, 0.2138926536310328, 1.4874129801784646E-4, 1.3533936125374073, -0.0014550863454598619, 0.0, 3.788702816539083E-5, -0.0014171993172943812, -8.782270749747665, 0.0, 0.5915899472594632, -8.190680802488853, 1.0003946219453774, 0.0, 0.3368723357401325, 1.337266957684257, 7.005
6.288577154308617E-4, 0.21588318564686218, 1.5012872086844715E-4, 1.355400198061705, -0.001467264728251722, 0.0, 3.871117575634671E-5, -0.0014285535524952867, -8.773145098998562, 0.0, 0.5964330565778727, -8.176712042421338, 1.0002328380414625, 0.0, 0.3385798254811525, 1.3388126635213755, 7.005
6.346693386773547E-4, 0.21787371766269162, 1.5151614371904787E-4, 1.357347694226971, -0.0014794305080003578, 0.0, 3.9542029184625963E-5, -0.001439888478815644, -8.764102863804176, 0.0, 0.6012573891992932, -8.162845474605522, 1.000074547836026, 0.0, 0.34028170559195664, 1.3403562534267643, 7.005
6.404809619238478E-4, 0.219864249678521, 1.5290356656964856E-4, 1.3592409041012405, -0.0014915837990926927, 0.0, 4.03795658659818E-5, -0.0014512042332266242, -8.755142115201922, 0.0, 0.6060679435608891, -8.149074171641676, 0.9999200625875441, 0.0, 0.3419827637845976, 1.341902826370931, 7.005
6.462925851703407E-4, 0.22185478169435038, 1.5429098942024925E-4, 1.361084744054744, -0.0015037247132844128, 0.0, 4.1223770152402045E-5, -0.001462500943131925, -8.746260988860637, 0.0, 0.6108697187258176, -8.135391270135457, 0.999769670056524, 0.0, 0.3436877510211514, 1.3434574210764834, 7.005
6.521042084168337E-4, 0.22384531371017977, 1.5567841227084994E-4, 1.3628842333530917, -0.0015158533597883657, 0.0, 4.2074633327905355E-5, -0.0014737787264603752, -8.737457683252885, 0.0, 0.6156677071113688, -8.12178997614215, 0.9996236350681023, 0.0, 0.34540137593435405, 1.3450250110012751, 7.005
6.579158316633268E-4, 0.22583584572600915, 1.5706583512145063E-4, 1.3646444838005916, -0.0015279698453604473, 0.0, 4.293215359441577E-5, -0.0014850376917659475, -8.728730457862964, 0.0, 0.6204668874575163, -8.10826357040608, 0.9994822000899857, 0.0, 0.3471282994621154, 1.3466104995509334, 7.005
6.637274549098196E-4, 0.2278263777418385, 1.584532579720513E-4, 1.3663706894468999, -0.0015400742743830295, 0.0, 4.3796336048044676E-5, -0.0014962779383349018, -8.720077631430245, 0.0, 0.6252722180327253, -8.09480541339815, 0.9993455858233539, 0.0, 0.3488731296923033, 1.3482187155145033, 7.005
6.695390781563126E-4, 0.2298169097576679, 1.5984068082265199E-4, 1.3680681163705328, -0.001552166748945975, 0.0, 4.466719264611177E-5, -0.0015074995562997804, -8.711497580227261, 0.0, 0.6300886300736441, -8.081408950154245, 0.9992139918045797, 0.0, 0.35064041691399583, 1.3498544087174305, 7.005
6.753507014028055E-4, 0.23180744177349727, 1.6122810367325268E-4, 1.3697420925512345, -0.0015642473689252815, 0.0, 4.554474216522337E-5, -0.001518702626759976, -8.702988736372276, 0.0, 0.634921021455367, -8.068067714917536, 0.9990875970156612, 0.0, 0.3524346488715585, 1.3515222458860814, 7.005
6.811623246492986E-4, 0.23379797378932665, 1.6261552652385337E-4, 1.3713979978435102, -0.0015763162320594159, 0.0, 4.6429010150723644E-5, -0.0015298872219086117, -8.694549586175864, 0.0, 0.6397742505893136, -8.054775335587179, 0.9989665605015112, 0.0, 0.3542602462183154, 1.3532268067187025, 7.005
6.869739478957916E-4, 0.23578850580515606, 1.6400294937445408E-4, 1.3730412540624257, -0.0015883734340233738, 0.0, 4.732002885784251E-5, -0.0015410534051654517, -8.686178668521054, 0.0, 0.6446531305451317, -8.041525537976542, 0.9988510219924663, 0.0, 0.35612155816590163, 1.3549725801572643, 7.005
6.927855711422846E-4, 0.23777903782098547, 1.6539037222505478E-4, 1.3746773151929872, -0.0016004190685005137, 0.0, 4.821783718483414E-5, -0.0015522012313156006, -8.677874573276668, 0.0, 0.6495624233937656, -8.028312149883527, 0.9987411025302939, 0.0, 0.35802285832632763, 1.3567639608555193, 7.005
6.985971943887776E-4, 0.23976956983681486, 1.6677779507565547E-4, 1.376311657733135, -0.0016124532272522147, 0.0, 4.9122480598424584E-5, -0.0015633307466537119, -8.669635939743465, 0.0, 0.6545068347682812, -8.015129104975806, 0.9986369050963225, 0.0, 0.3599683407430956, 1.358605245838328, 7.005
7.044088176352706E-4, 0.24175929878659774, 1.6816521792625616E-4, 1.3779497711806317, -0.0016244760001854028, 0.0, 5.0034011051858283E-5, -0.0015744419891334672, -8.661461455132581, 0.0, 0.6594910086394561, -8.001970446493743, 0.9985385152404138, 0.0, 0.3619621161083073, 1.3605006313476427, 7.005
7.102204408817636E-4, 0.24374877221536587, 1.6955264077685685E-4, 1.3795971486730016, -0.0016364874754179822, 0.0, 5.0952486895844785E-5, -0.0015855349885220609, -8.653349853075987, 0.0, 0.6645195223028376, -7.9888303307737605, 0.998446001709395, 0.0, 0.36400820816234125, 1.3624542098706742, 7.005
7.160320641282564E-4, 0.24573824564413393, 1.709400636274575E-4, 1.3812592777897577, -0.001648487739342227, 0.0, 5.187797278269565E-5, -0.0015966097665594558, -8.645299912168483, 0.0, 0.6695968815742884, -7.975703030594803, 0.9983594170739573, 0.0, 0.36611055027306005, 1.3644699673459653, 7.005
7.218436873747495E-4, 0.24772771907290203, 1.723274864780582E-4, 1.3829416315253644, -0.001660476876686171, 0.0, 5.281053956393733E-5, -0.0016076663371221596, -8.637310454540852, 0.0, 0.6747275161907775, -7.962582938350685, 0.9982787983528989, 0.0, 0.3682729821912841, 1.3665517805431424, 7.005
7.276553106212425E-4, 0.24971719250167018, 1.7371490932865892E-4, 1.3846496594408955, -0.001672454970573039, 0.0, 5.375026418168359E-5, -0.001618704706391281, -8.629380344463764, 0.0, 0.6799157754134546, -7.9494645690509245, 0.998204167633856, 0.0, 0.37049924697955333, 1.3687034146123656, 7.005
7.334669338677355E-4, 0.25170666593043833, 1.751023321792596E-4, 1.386388779002189, -0.0016844221025787579, 0.0, 5.469722955405007E-5, -0.0016297248730246347, -8.62150848698204, 0.0, 0.6851659238297828, -7.936342563152873, 0.9981355326895192, 0.0, 0.37279298811094713, 1.3709285207994337, 7.005
7.392785571142285E-4, 0.25369613935920643, 1.764897550298603E-4, 1.388164367111629, -0.0016963783527876026, 0.0, 5.565152445487128E-5, -0.001640726828332659, -8.61369382657892, 0.0, 0.6904821373519295, -7.923211689227601, 0.9980728875886663, 0.0, 0.3751577467352866, 1.3732306343229335, 7.005
7.450901803607215E-4, 0.2556856127879745, 1.77877177880461E-4, 1.3899817518402182, -0.0017083237998460012, 0.0, 5.66132433880117E-5, -0.0016517105564579175, -8.605935345869838, 0.0, 0.695868499407991, -7.910066846462457, 0.9980162133012191, 0.0, 0.3775969591092261, 1.3756131724094318, 7.005
7.509018036072145E-4, 0.2576750862167426, 1.7926460073106168E-4, 1.3918462043665514, -0.0017202585210145517, 0.0, 5.758248645651796E-5, -0.0016626760345579627, -8.598232064325483, 0.0, 0.7013289973234073, -7.896903067002683, 0.9979654782966473, 0.0, 0.3801139541877857, 1.3780794324834285, 7.005
7.567134268537074E-4, 0.2596645596455108, 1.8065202358166237E-4, 1.3937629311283513, -0.0017321825922182882, 0.0, 5.855935922687954E-5, -0.0016736232329913388, -8.590583037023555, 0.0, 0.7068675188893946, -7.883715518134765, 0.9979206391352022, 0.0, 0.3827119513742141, 1.3806325905084247, 7.005
7.625250501002004E-4, 0.2616540330742788, 1.8203944643226303E-4, 1.3957370661922959, -0.0017440960880952309, 0.0, 5.954397258866059E-5, -0.001684552115506501, -8.582987353429031, 0.0, 0.7124878491153204, -7.870499504314317, 0.9978816410512921, 0.0, 0.3853940584251969, 1.3832756994755027, 7.005
7.683366733466933E-4, 0.26364350650304696, 1.8342686928286372E-4, 1.3977736638470786, -0.0017559990820432683, 0.0, 6.053644260975025E-5, -0.00169546263943345, -8.575444136202407, 0.0, 0.7181936671622775, -7.857250469040735, 0.997848418528661, 0.0, 0.3881632695088312, 1.3860116880365156, 7.005
7.741482965931863E-4, 0.26563297993181506, 1.8481429213346441E-4, 1.3998776914249103, -0.0017678916462654012, 0.0, 6.153689038748255E-5, -0.0017063547558778514, -8.567952540035627, 0.0, 0.7239885434547013, -7.843963996581532, 0.9978208958667796, 0.0, 0.391022463412345, 1.388843359278154, 7.005
7.799599198396794E-4, 0.2676224533605832, 1.8620171498406513E-4, 1.4020540223551057, -0.001779773851813392, 0.0, 6.254544189586782E-5, -0.0017172284099174575, -8.560511750515285, 0.0, 0.7298759369672002, -7.830635813548684, 0.9977989877381312, 0.0, 0.3939744018969118, 1.3917733896340863, 7.005
7.857715430861724E-4, 0.2696119267893513, 1.8758913783466582E-4, 1.4043074294547417, -0.0017916457686298574, 0.0, 6.356222782918484E-5, -0.0017280835408006068, -8.553120983012727, 0.0, 0.7358591926837296, -7.817261790329595, 0.9977825997360127, 0.0, 0.3970217281968133, 1.394804327931879, 7.005
7.915831663326653E-4, 0.27160140021811946, 1.889765606852665E-4, 1.4066425784590193, -0.001803507465588834, 0.0, 6.458738344216221E-5, -0.0017389200821466074, -8.545779481600684, 0.0, 0.7419415392259626, -7.80383794237531, 0.9977716289124816, 0.0, 0.4001669656600371, 1.3979385945715903, 7.005
7.973947895791583E-4, 0.27359087364688756, 1.903639835358672E-4, 1.4090640217955563, -0.001815359010534869, 0.0, 6.562104838698698E-5, -0.0017497379621478181, -8.538486517996057, 0.0, 0.7481260866483845, -7.790360431348265, 0.9977659643062486, 0.0, 0.4034125165279995, 1.4011784808333192, 7.005
8.032064128256514E-4, 0.2755788893348938, 1.917514063864679E-4, 1.4115761926048247, -0.0018272004703206502, 0.0, 6.666336654736407E-5, -0.0017605371037732228, -8.531241390528542, 0.0, 0.7544158243968371, -7.776825566132304, 0.9977654874601108, 0.0, 0.4067606608513531, 1.404526148310535, 7.005
8.090180360721442E-4, 0.27756572060853085, 1.9313882923706856E-4, 1.4141833990099886, -0.00183903191084323, 0.0, 6.771448586986184E-5, -0.0017713174249733054, -8.52404342313461, 0.0, 0.7608136194279612, -7.763229803707248, 0.9977700729278894, 0.0, 0.41021355553948446, 1.4079836284664493, 7.005
8.148296593186372E-4, 0.27955255188216804, 1.9452625208766925E-4, 1.4168898186380043, -0.0018508533970788721, 0.0, 6.877455819275207E-5, -0.0017820788388860586, -8.516891964376628, 0.0, 0.7673222144865338, -7.749569749890696, 0.9977795887704909, 0.0, 0.4137732335409868, 1.4115528223105585, 7.005
8.206412825651302E-4, 0.28153938315580523, 1.9591367493826997E-4, 1.419699493394117, -0.001862664993116548, 0.0, 6.984373907257009E-5, -0.0017928212540439178, -8.50978638648661, 0.0, 0.7739442265380057, -7.735842159949204, 0.9977938970410766, 0.0, 0.4174416031525937, 1.4152355001927643, 7.005
8.264529058116233E-4, 0.28352621442944237, 1.9730109778887066E-4, 1.422616324491475, -0.0018744667621901309, 0.0, 7.092218760860889E-5, -0.0018035445745814623, -8.502726084434379, 0.0, 0.7806821453532932, -7.722043939081683, 0.9978128542590756, 0.0, 0.4212204474538634, 1.4190333017120387, 7.005
8.322645290581162E-4, 0.2855130457030795, 1.9868852063947135E-4, 1.4256440677372666, -0.0018862587667093068, 0.0, 7.201006626554952E-5, -0.0018142487004436975, -8.495710475019665, 0.0, 0.7875383322432928, -7.708172142776973, 0.9978363118729826, 0.0, 0.42511142386535594, 1.422947735737437, 7.005
8.380761523046092E-4, 0.2874998769767167, 2.0007594349007204E-4, 1.4287863290761056, -0.0018980410682892478, 0.0, 7.310754069443994E-5, -0.0018249335275947506, -8.488738995987887, 0.0, 0.7945150189400859, -7.694223977048406, 0.9978641167118172, 0.0, 0.429116063827486, 1.4269801805384126, 7.005
8.438877755511023E-4, 0.28948670825035383, 2.0146336634067273E-4, 1.4320465603921158, -0.001909813727779075, 0.0, 7.421477955222371E-5, -0.0018355989482267945, -8.481811105169156, 0.0, 0.8016143066222192, -7.680196798547526, 0.9978961114252353, 0.0, 0.4332357725976899, 1.4311318840220537, 7.005
8.496993987975952E-4, 0.29147353952399097, 2.0285078919127342E-4, 1.435428055569222, -0.001921576805289134, 0.0, 7.533195432000953E-5, -0.0018462448509690677, -8.474926279640279, 0.0, 0.8088381650814801, -7.666088114559397, 0.9979321349120441, 0.0, 0.4374718291636197, 1.4354039640747862, 7.005
8.555110220440882E-4, 0.29346037079762816, 2.042382120418741E-4, 1.4389339468110396, -0.0019333303602171359, 0.0, 7.645923912028712E-5, -0.0018568711210967931, -8.468084014909298, 0.0, 0.8161884320281642, -7.651895582881726, 0.9979720227373342, 0.0, 0.44182538626956247, 1.4397974090060328, 7.005
8.61322645290581E-4, 0.29544720207126524, 2.0562563489247477E-4, 1.4425672012194113, -0.0019450744512731748, 0.0, 7.759681053327101E-5, -0.0018674776407398485, -8.461283824122312, 0.0, 0.8236668125323233, -7.637617011590586, 0.9980156075379869, 0.0, 0.4462974705538889, 1.4443130780910094, 7.005
8.671342685370741E-4, 0.2974340333449024, 2.0701305774307546E-4, 1.4463306176316668, -0.0019568091365036577, 0.0, 7.874484741255852E-5, -0.001878064289091046, -8.454525237292152, 0.0, 0.8312748785984108, -7.62325035869434, 0.9980627194166435, 0.0, 0.45088898279521467, 1.4489517022110026, 7.005
8.729458917835671E-4, 0.2994208646185396, 2.0840048059367618E-4, 1.4502268237157476, -0.0019685344733141935, 0.0, 7.990353070029782E-5, -0.0018886309426138412, -8.447807800548647, 0.0, 0.8390140688703266, -7.608793731678907, 0.9981131863242, 0.0, 0.45560069826448907, 1.4537138845878412, 7.005
8.787575150300601E-4, 0.30140769589217675, 2.0978790344427687E-4, 1.4542582733231693, -0.00198025051849143, 0.0, 8.107304324202559E-5, -0.0018991774752493526, -8.441131075410109, 0.0, 0.8468856884647658, -7.594245386945942, 0.9981668344306134, 0.0, 0.46043326718128635, 1.4586001016110535, 7.005
8.845691382765532E-4, 0.3033945271658139, 2.1117532629487756E-4, 1.4584272440978514, -0.0019919573282239293, 0.0, 8.225356960136785E-5, -0.00190970375862251, -8.434494638075705, 0.0, 0.8548909089296272, -7.579603729146671, 0.9982234884843648, 0.0, 0.4653872152712499, 1.4636107037547792, 7.005
8.903807615230461E-4, 0.3053813584394511, 2.1256274914547825E-4, 1.462735835339677, -0.002003654958122044, 0.0, 8.344529587476346E-5, -0.0019202096622472297, -8.42789807873837, 0.0, 0.8630307683254744, -7.564867310413489, 0.9982829721603443, 0.0, 0.47046294442302106, 1.4687459165825312, 7.005
8.961923847695391E-4, 0.3073681897130882, 2.1395017199607894E-4, 1.4671859661223727, -0.002015343463236871, 0.0, 8.464840950638901E-5, -0.001930695053730432, -8.421341000917934, 0.0, 0.8713061714268944, -7.550034829491626, 0.9983451083963681, 0.0, 0.47566073344173415, 1.4740058418372832, 7.005
9.02004008016032E-4, 0.309353615392091, 2.1533759484667963E-4, 1.4717793736621119, -0.002027022898078294, 0.0, 8.58630991034404E-5, -0.001941159798974805, -8.414823020814197, 0.0, 0.8797178900417915, -7.535105130772999, 0.998409719718334, 0.0, 0.4809807388974458, 1.479390458614959, 7.005
9.07815631262525E-4, 0.3113363704412885, 2.167250176972803E-4, 1.4765176119368102, -0.0020386933166321357, 0.0, 8.708955425194385E-5, -0.001951603762380144, -8.408343766679478, 0.0, 0.8882665634454227, -7.520077203234649, 0.9984766285541051, 0.0, 0.4864229960655376, 1.484899624618827, 7.005
9.13627254509018E-4, 0.313319125490486, 2.1811244054788101E-4, 1.481402050552542, -0.0020503547723764552, 0.0, 8.832796533323851E-5, -0.001962026807043168, -8.401902878210503, 0.0, 0.8969526989272705, -7.504950179283833, 0.9985456575361416, 0.0, 0.49198741995755324, 1.4905330774928702, 7.005
9.19438877755511E-4, 0.31530188053968355, 2.194998633984817E-4, 1.486433873855943, -0.002062007318297014, 0.0, 8.957852334130404E-5, -0.0019724287949556625, -8.395500005959173, 0.0, 0.9057766724477252, -7.4897233335120355, 0.9986166297930323, 0.0, 0.497673806439638, 1.4962904362318674, 7.005
9.25250501002004E-4, 0.3172846355888811, 2.208872862490824E-4, 1.4916140802886253, -0.002073651006901945, 0.0, 9.084141970106586E-5, -0.001982809587200834, -8.389134810761908, 0.0, 0.9147387294024396, -7.474396081360067, 0.9986893692300682, 0.0, 0.5034818334368247, 1.5021712026660905, 7.005
9.31062124248497E-4, 0.3192673906380786, 2.2227470909968309E-4, 1.4969434819823908, -0.002085285890235629, 0.0, 9.211684608783896E-5, -0.001993169044147745, -8.382806963187303, 0.0, 0.9238389854915345, -7.458967977696375, 0.998763700798785, 0.0, 0.5094110622205722, 1.5081747630185498, 7.005
9.3687374749499E-4, 0.3212501456872761, 2.2366213195028378E-4, 1.5024227045916103, -0.002096912019891828, 0.0, 9.340499424805025E-5, -0.002003507025643734, -8.376516143001822, 0.0, 0.9330774276916661, -7.443438715310748, 0.9988394507557066, 0.0, 0.5154609387778765, 1.5143003895327962, 7.005
9.426853707414829E-4, 0.3232329007364736, 2.2504955480088447E-4, 1.5080521873596484, -0.002108529447026085, 0.0, 9.470605582137078E-5, -0.002013823391204672, -8.370262038652992, 0.0, 0.9424539153279868, -7.427808123325584, 0.9989164469104821, 0.0, 0.5216307952593282, 1.5205472421690445, 7.005
9.48496993987976E-4, 0.32521565578567113, 2.2643697765148516E-4, 1.5138321834160204, -0.0021201382223674237, 0.0, 9.602022216441983E-5, -0.002024118000202962, -8.364044346770095, 0.0, 0.9519681812439209, -7.412076165526761, 0.9989945188633322, 0.0, 0.5279198515042131, 1.5269143703667731, 7.005
9.543086172344688E-4, 0.3271984108348686, 2.2782440050208582E-4, 1.519762760301923, -0.0021317383962293564, 0.0, 9.734768417613438E-5, -0.002034390712053179, -8.357862771681873, 0.0, 0.9616198330663094, -7.396242938616155, 0.9990734982320214, 0.0, 0.5343272166406904, 1.533400714871933, 7.005
9.601202404809618E-4, 0.3291811658840661, 2.292118233526865E-4, 1.525843800719046, -0.002143330018520246, 0.0, 9.86886321249857E-5, -0.00204464138639522, -8.351717024950876, 0.0, 0.9714083545631672, -7.380308670388292, 0.9991532188686145, 0.0, 0.5408518907583563, 1.5400051096262115, 7.005
9.659318637274549E-4, 0.33116392093326363, 2.3059924620328723E-4, 1.5320750034991297, -0.00215491313875303, 0.0, 1.0004325547811757E-4, -0.0020548698832748725, -8.345606824924362, 0.0, 0.981333107092522, -7.364273717832417, 0.9992335170659283, 0.0, 0.5474927666521922, 1.5467262837173703, 7.005
9.717434869739479E-4, 0.33314667598246117, 2.3198666905388792E-4, 1.5384558847897578, -0.00216648780605433, 0.0, 1.0141174273257906E-4, -0.0020650760633217115, -8.339531896301258, 0.0, 0.9913933311387441, -7.348138565163121, 0.9993142317539648, 0.0, 0.5542486316343851, 1.553562863387573, 7.005
9.775551102204408E-4, 0.33512943103165865, 2.333740919044886E-4, 1.5449857794532027, -0.00217805406917297, 0.0, 1.0279428124872642E-4, -0.002075259787924205, -8.333491969714995, 0.0, 1.001588147935304, -7.331903821780277, 0.9993952046863809, 0.0, 0.5611181694134537, 1.560513374099083, 7.005
9.83366733466934E-4, 0.3371121860808562, 2.347615147550893E-4, 1.5516638426738916, -0.0021896119764879362, 0.0, 1.0419105708595371E-4, -0.0020854209194019445, -8.327486781331862, 0.0, 1.0119165611707461, -7.315570220161696, 0.9994762806172354, 0.0, 0.5680999620375827, 1.5675762426540756, 7.005
9.891783567134269E-4, 0.33909494113005373, 2.3614893760569E-4, 1.558489051768868, -0.002201161576015776, 0.0, 1.0560225484083653E-4, -0.0020955593211749034, -8.321516072464576, 0.0, 1.022377458775887, -7.299138613689295, 0.9995573074680852, 0.0, 0.5751924919005922, 1.5747497993679176, 7.005
9.949899799599198E-4, 0.3410776961792512, 2.3753636045629068E-4, 1.565460208200097, -0.0022127029154174857, 0.0, 1.0702805748780918E-4, -0.0021056748579296406, -8.315579589200894, 0.0, 1.032969614789951, -7.282609974411545, 0.9996381364855585, 0.0, 0.5823941438085156, 1.5820322802933215, 7.005
0.0010008016032064127, 0.34306023841381467, 2.3892378330689137E-4, 1.572575939780752, -0.002224236042004882, 0.0, 1.0846864622248986E-4, -0.0021157673957823563, -8.309677082046779, 0.0, 1.0436916913034369, -7.2659853907439444, 0.9997186223896805, 0.0, 0.5897032071048389, 1.5894218294937676, 7.005
0.0010066132264529059, 0.3450414505569152, 2.4031120615749206E-4, 1.579834703073365, -0.002235761002746494, 0.0, 1.0992420030776362E-4, -0.002125836802438696, -8.303808305584036, 0.0, 1.054542240475228, -7.24926606510939, 0.9997986235129349, 0.0, 0.597117877852193, 1.5969165013644024, 7.005
0.0010124248496993988, 0.34702266270001575, 2.4169862900809275E-4, 1.5872347859736988, -0.0022472778442729903, 0.0, 1.1139489692267612E-4, -0.0021358829473502802, -8.297973018141985, 0.0, 1.065519706622076, -7.232453311520485, 0.9998780019303921, 0.0, 0.6046362610691173, 1.604514262998791, 7.005
0.0010182364729458917, 0.34900387484311624, 2.4308605185869344E-4, 1.5947743104768177, -0.0022587866128821544, 0.0, 1.1288091101432141E-4, -0.0021459057018678, -8.29217098148297, 0.0, 1.07662242837781, -7.215548553105739, 0.999956623580905, 0.0, 0.6122563730191942, 1.6122129965993854, 7.005
0.0010240480961923846, 0.3509850869862168, 2.444734747092941E-4, 1.6024512356195386, -0.002270287354543443, 0.0, 1.1438241515274922E-4, -0.0021559049393906618, -8.28640196050141, 0.0, 1.0878486409203754, -7.198553319581619, 1.0000343583796654, 0.0, 0.6199761435512335, 1.6200105019301831, 7.005
0.0010298597194388778, 0.3529662991293173, 2.458608975598948E-4, 1.6102633605940144, -0.0022817801149021258, 0.0, 1.1589957938900315E-4, -0.0021658805355130916, -8.280665722936078, 0.0, 1.0991964782644206, -7.181469244672254, 1.0001110803221749, 0.0, 0.627793418488441, 1.6279044988098925, 7.005
0.0010356713426853707, 0.3549475112724178, 2.472483204104955E-4, 1.6182083280298476, -0.002293264939283042, 0.0, 1.1743257111640079E-4, -0.0021758323681666117, -8.274962039095344, 0.0, 1.1106639756173398, -7.164298063478599, 1.000186667579933, 0.0, 0.6357059620646789, 1.635892629643897, 7.005
0.0010414829659318636, 0.3569287234155184, 2.486357432610962E-4, 1.6262836274362382, -0.0023047418726939847, 0.0, 1.1898155493510625E-4, -0.0021857603177588476, -8.269290681595196, 0.0, 1.1222490717964573, -7.147041609799322, 1.0002610025877972, 0.0, 0.6437114594059414, 1.643972461993031, 7.005
0.0010472945891783565, 0.3589099355586189, 2.5002316611169687E-4, 1.6344865988019275, -0.002316210959828717, 0.0, 1.205466925201166E-4, -0.002195664267308572, -8.263651425109666, 0.0, 1.133949611705416, -7.12970181340483, 1.0003339721233202, 0.0, 0.6518075190552378, 1.652141491177864, 7.005
0.0010531062124248495, 0.3608911477017194, 2.5141058896229753E-4, 1.6428144363451507, -0.0023276722450696788, 0.0, 1.221281424927142E-4, -0.002205544102576938, -8.258044046133323, 0.0, 1.1457633488674348, -7.112280697266479, 1.0004054673783962, 0.0, 0.6599916755389537, 1.6603971429166533, 7.005
0.0010589178356713426, 0.36287235984481997, 2.5279801181289825E-4, 1.6512641924116485, -0.0023391257724903413, 0.0, 1.2372606029546033E-4, -0.002215399712194853, -8.25246832275589, 0.0, 1.157687948013653, -7.094780374742812, 1.0004753840228764, 0.0, 0.6682613919732011, 1.6687367759953908, 7.005
0.0010647294589178357, 0.3648535719879205, 2.5418543466349897E-4, 1.6598327815117933, -0.002350571585857273, 0.0, 1.2534059807085005E-4, -0.0022252309877863973, -8.246924034448233, 0.0, 1.1697209877240924, -7.077203046724733, 1.0005436222609518, 0.0, 0.6766140627077907, 1.6771576849680487, 7.005
0.0010705410821643284, 0.366834784131021, 2.5557285751409963E-4, 1.6685169844940562, -0.002362009728631916, 0.0, 1.269719045436266E-4, -0.002235037824088263, -8.24141096185997, 0.0, 1.1818599631195972, -7.059550998740973, 1.0006100868799463, 0.0, 0.6850470160067696, 1.6856571028860103, 7.005
0.0010763527054108216, 0.3688159962741216, 2.5696028036470035E-4, 1.6773134528480127, -0.002373440243972092, 0.0, 1.2862012490689434E-4, -0.002244820119065173, -8.235928886628027, 0.0, 1.1941022886022805, -7.041826598026341, 1.000674687292033, 0.0, 0.6935575167630473, 1.694232204054389, 7.005
0.0010821643286573145, 0.3707972084172221, 2.58347703215301E-4, 1.6862187131321822, -0.0023848631747332327, 0.0, 1.3028540071205195E-4, -0.0022545777740211577, -8.23047759119618, 0.0, 1.2064453006428837, -7.024032290553872, 1.0007373375688051, 0.0, 0.7021427692459813, 1.7028801068141213, 7.005
0.0010879759519038077, 0.3727784205603227, 2.5973512606590173E-4, 1.6952291715214107, -0.002396278563469396, 0.0, 1.3196786976262927E-4, -0.0022643106937067434, -8.225056858645054, 0.0, 1.218886260612576, -7.006170598033078, 1.0007979564691551, 0.0, 0.7107999198796499, 1.7115978763481157, 7.005
0.0010937875751503004, 0.37475963270342316, 2.611225489165024E-4, 1.7043411184667254, -0.002407686452434023, 0.0, 1.3366766601208434E-4, -0.002274018786421917, -8.219666472532685, 0.0, 1.2314223576576135, -6.988244114875629, 1.0008564674601939, 0.0, 0.7195260600505217, 1.7203825275100764, 7.005
0.0010995991983967935, 0.3767408448465237, 2.625099717671031E-4, 1.713550733463943, -0.002419086883580509, 0.0, 1.3538491946560985E-4, -0.0022837019641148764, -8.214306216744987, 0.0, 1.244050711614771, -6.970255505130773, 1.0009127987318998, 0.0, 0.7283182289427514, 1.7292310276740066, 7.005
0.0011054108216432864, 0.378719423367065, 2.638973946177038E-4, 1.7228540899247322, -0.0024304798985625483, 0.0, 1.37119756086021E-4, -0.0022933601424765067, -8.208975875356218, 0.0, 1.256768375965354, -6.9522074993914496, 1.000966883205208, 0.0, 0.7371734163991176, 1.7381402996036617, 7.005
0.0011112224448897796, 0.3806978068044538, 2.652848174683045E-4, 1.7322471601449356, -0.0024418655387343155, 0.0, 1.3887229770376107E-4, -0.002302993241030534, -8.203675232499007, 0.0, 1.269572340826062, -6.934102891673514, 1.0010186585340244, 0.0, 0.7460885658062075, 1.7471072243395869, 7.005
0.0011170340681362725, 0.3826761902418426, 2.6667224031890515E-4, 1.7417258203627801, -0.002453243845150449, 0.0, 1.4064266193107764E-4, -0.0023126011832193508, -8.198404072243724, 0.0, 1.2824595359749442, -6.91594453626934, 1.0010680671011505, 0.0, 0.7550605770023592, 1.756128644102871, 7.005
0.0011228456913827654, 0.3846545736792314, 2.6805966316950587E-4, 1.7512858559040723, -0.0024646148585658993, 0.0, 1.4243096208044038E-4, -0.0023221838964854425, -8.193162178487059, 0.0, 1.2954268339101753, -6.897735344577492, 1.001115056008366, 0.0, 0.7640863092062588, 1.7652013652139542, 7.005
0.0011286573146292583, 0.3866329571166201, 2.6944708602010654E-4, 1.7609229664074522, -0.002475978619435608, 0.0, 1.4423730708719142E-4, -0.0023317413123484006, -8.18794933484942, 0.0, 1.3084710529398647, -6.879478281910121, 1.0011595770608257, 0.0, 0.7731625839648905, 1.7743221610250928, 7.005
0.0011344689378757513, 0.38861134055400887, 2.708345088707072E-4, 1.7706327711235494, -0.002487335167914059, 0.0, 1.4606180143653306E-4, -0.0023412733664775094, -8.182765324581073, 0.0, 1.3215889603015731, -6.861176364280114, 1.0012015867458717, 0.0, 0.7822861881195355, 1.7834877748647315, 7.005
0.0011402805611222444, 0.3905897239913977, 2.722219317213079E-4, 1.7804108142829043, -0.00249868454385471, 0.0, 1.4790454509485147E-4, -0.0023507799987598425, -8.177609930476528, 0.0, 1.3347772753082905, -6.842832655168816, 1.0012410462066539, 0.0, 0.791453876787001, 1.7926949229930174, 7.005
0.001146092184368737, 0.3925681074287864, 2.736093545719086E-4, 1.7902525705277614, -0.002510026786809294, 0.0, 1.4976563344542093E-4, -0.0023602611533638587, -8.172482934797465, 0.0, 1.3480326725212686, -6.82445026227679, 1.0012779212101919, 0.0, 0.8006623763567042, 1.8019402975662473, 7.005
0.0011519038076152302, 0.3945464908661752, 2.749967774225093E-4, 1.800153450401359, -0.002521361936027049, 0.0, 1.5164515722851515E-4, -0.00236971677879852, -8.167384119203192, 0.0, 1.361351784945282, -6.806032334258487, 1.001312182110876, 0.0, 0.8099083874994816, 1.81122056960973, 7.005
0.0011577154308617232, 0.396524874303564, 2.7638420027310996E-4, 1.810108805889058, -0.0025326900304538194, 0.0, 1.5354320248600677E-4, -0.0023791468279677984, -8.162313264689184, 0.0, 1.374731207246718, -6.787582057443036, 1.0013438038087008, 0.0, 0.8191885881886004, 1.820532391996681, 7.005
0.0011635270541082163, 0.3985032577409528, 2.777716231237107E-4, 1.8201139360069958, -0.0025440111087311067, 0.0, 1.5545985051039927E-4, -0.0023885512582206975, -8.157270151532996, 0.0, 1.3881674989915558, -6.769102652542, 1.0013727657029525, 0.0, 0.8284996367306137, 1.829872402432972, 7.005
0.0011693386773547094, 0.4004816411783416, 2.791590459743114E-4, 1.830164092429622, -0.0025553252091950456, 0.0, 1.5739517779838822E-4, -0.0023979300313966456, -8.152254559247467, 0.0, 1.4016571879014916, -6.7505973713465535, 1.0013990516413944, 0.0, 0.8378381748043058, 1.83923722644508, 7.005
0.0011751503006012022, 0.4024600246157303, 2.8054646882491206E-4, 1.8402544851560396, -0.0025666323698753015, 0.0, 1.5934925600895593E-4, -0.0024072831138663335, -8.147266266541006, 0.0, 1.4151967731270538, -6.732069493414526, 1.001422649864947, 0.0, 0.84720083050692, 1.8486234803712505, 7.005
0.0011809619238476953, 0.40443840805311915, 2.819338916755128E-4, 1.85038028820352, -0.0025779326284939364, 0.0, 1.613221519260082E-4, -0.002416610476567919, -8.142305051284817, 0.0, 1.4287827285356671, -6.713522322749702, 1.0014435529481422, 0.0, 0.8565842214059203, 1.8580277743534772, 7.005
0.0011867735470941882, 0.4064167914905079, 2.8332131452611344E-4, 1.8605366453264298, -0.002589226022464238, 0.0, 1.63313927425576E-4, -0.002425912095038651, -8.137370690486586, 0.0, 1.4424115060124472, -6.694959184474698, 1.0014617577356995, 0.0, 0.8659849575943135, 1.8674467153294163, 7.005
0.0011925851703406814, 0.4083951749278967, 2.8470873737671416E-4, 1.8707186757570429, -0.0026005125888894903, 0.0, 1.653246394476284E-4, -0.0024351879494418534, -8.132462960270871, 0.0, 1.4560795387730439, -6.6763834214984055, 1.0014772652748072, 0.0, 0.8753996447490048, 1.8768769100232041, 7.005
0.001198396793587174, 0.41037355836528544, 2.860961602273148E-4, 1.8809214799558096, -0.0026117923645617475, 0.0, 1.6735433997245019E-4, -0.0024444380245892917, -8.12758163586538, 0.0, 1.4697832446860144, -6.657798391179918, 1.0014900807440787, 0.0, 0.8848248871901276, 1.8863149679336333, 7.005
0.0012042084168336672, 0.41234738990526504, 2.8748358307791554E-4, 1.8911401453737304, -0.002623065385960587, 0.0, 1.6940307600169343E-4, -0.0024536623099588885, -8.122726491593568, 0.0, 1.483519029603383, -6.639207461990768, 1.0015002133785476, 0.0, 0.8942572909399243, 1.8957575043178714, 7.005
0.0012100200400801601, 0.41431948738908864, 2.888710059285162E-4, 1.901369752216044, -0.0026343316892518437, 0.0, 1.7147088954397712E-4, -0.0024628607997078623, -8.117897300872853, 0.0, 1.4972832906979996, -6.620614010175409, 1.0015076763914041, 0.0, 0.9036934667805063, 1.90520114317134, 7.005
0.0012158316633266533, 0.41629158487291235, 2.902584287791169E-4, 1.9116053792065562, -0.002645591310286366, 0.0, 1.7355781760521242E-4, -0.0024720334926811504, -8.113093836218471, 0.0, 1.5110724198052583, -6.602021416413774, 1.0015124868924006, 0.0, 0.9131300333077148, 1.914642520199544, 7.005
0.0012216432865731464, 0.41826368235673606, 2.9164585162971764E-4, 1.921842109341652, -0.002656844284598758, 0.0, 1.7566389218346865E-4, -0.002481180392415284, -8.108315869252829, 0.0, 1.5248828067686966, -6.5834330624846755, 1.0015146658029788, 0.0, 0.9225636199815082, 1.9240782857839251, 7.005
0.001227454909819639, 0.4202357798405596, 2.9303327448031825E-4, 1.932075035634825, -0.0026680906474061583, 0.0, 1.777891402685694E-4, -0.0024903015071375853, -8.103563170719903, 0.0, 1.5387108427870055, -6.564852327933479, 1.001514237768607, 0.0, 0.9319908701700025, 1.9335051079380154, 7.005
0.001233266533066132, 0.4222078773243833, 2.9442069733091896E-4, 1.9422992668427987, -0.0026793304336070346, 0.0, 1.7993358384627486E-4, -0.002499396849760756, -8.098835510504799, 0.0, 1.552552923761062, -6.546282586744316, 1.0015112310680507, 0.0, 0.9414084441865314, 1.9429196752539908, 7.005
0.001239078156312625, 0.4241799748082069, 2.9580812018151963E-4, 1.952509933170707, -0.0026905636777800027, 0.0, 1.820972399071312E-4, -0.002508466437872867, -8.094132657658033, 0.0, 1.5664054536398593, -6.527727204018729, 1.001505677520074, 0.0, 0.9508130223185381, 1.9523186998380408, 7.005
0.001244889779559118, 0.4261520722920306, 2.9719554303212034E-4, 1.9627021919479706, -0.0027017904141826907, 0.0, 1.842801204599531E-4, -0.0025175102937227364, -8.089454380424497, 0.0, 1.5802648477634578, -6.509189532661609, 1.001497612387473, 0.0, 0.9602013078467894, 1.9616989202336892, 7.005
0.001250701402805611, 0.42812416977585427, 2.98582965882721E-4, 1.9728712332756912, -0.0027130106767506504, 0.0, 1.8648223254996178E-4, -0.0025265284442006868, -8.08480044627672, 0.0, 1.5941275362005898, -6.490672910076707, 1.0014870742788926, 0.0, 0.9695700300526697, 1.9710571043309784, 7.005
0.001256513026052104, 0.430096267259678, 2.999703887333217E-4, 1.9830122856335377, -0.002724224499096297, 0.0, 1.8870357828150151E-4, -0.002535520920814793, -8.080170621952696, 0.0, 1.6079899670821045, -6.472180654871197, 1.0014741050479226, 0.0, 0.9789159472152239, 1.9803900522625326, 7.005
0.0012623246492985969, 0.4320683647435016, 3.013578115839224E-4, 1.9931206214504034, -0.002735431914507935, 0.0, 1.9094415484544654E-4, -0.0025444877596624885, -8.075564673497317, 0.0, 1.6218486099246712, -6.453716063573191, 1.001458749690668, 0.0, 0.9882358495921844, 1.9896945992823063, 7.005
0.00126813627254509, 0.4340404622273253, 3.027452344345231E-4, 2.003191562621076, -0.0027466329559488116, 0.0, 1.9320395455111743E-4, -0.002553429001397696, -8.070982366308115, 0.0, 1.6356999589478236, -6.435282407360833, 1.001441056240739, 0.0, 0.9975265623888663, 1.9989676186290697, 7.005
0.0012739478957915832, 0.436012559711149, 3.041326572851238E-4, 2.0132204859832745, -0.002757827656056269, 0.0, 1.954829648629216E-4, -0.00256234469119335, -8.066423465184428, 0.0, 1.6495405363784708, -6.416882928806468, 1.0014210756627908, 0.0, 1.0067849487085265, 2.008206024370817, 7.005
0.0012797595190380759, 0.4379846571949726, 3.055200801357245E-4, 2.0232028287291755, -0.0027690160471409335, 0.0, 1.9778116844142472E-4, -0.002571234878699512, -8.061887734380253, 0.0, 1.6633668957454615, -6.398520838635317, 1.0013988617440452, 0.0, 1.0160079124879215, 2.017406774231453, 7.005
0.001285571142284569, 0.4399567546787963, 3.069075029863252E-4, 2.033134093764935, -0.0027801981611860127, 0.0, 2.0009854318911484E-4, -0.002580099617996899, -8.057374937660327, 0.0, 1.6771756251594465, -6.380199312501474, 1.00137447098443, 0.0, 1.0251924014126146, 2.026566872396455, 7.005
0.001291382765531062, 0.44192885216261996, 3.0829492583692587E-4, 2.0430098550029374, -0.0027913740298466474, 0.0, 2.024350623006181E-4, -0.0025889389675460305, -8.052884838359423, 0.0, 1.6909633505790653, -6.361921487780927, 1.001347962485176, 0.0, 1.0343354098140036, 2.035683372298614, 7.005
0.001297194388777555, 0.4439009496464436, 3.096823486875266E-4, 2.052825762588146, -0.0028025436844493603, 0.0, 2.0479069431746745E-4, -0.002597752990131895, -8.048417199444788, 0.0, 1.7047267390608125, -6.34369046038449, 1.0013193978359367, 0.0, 1.0434339815452598, 2.044753379380689, 7.005
0.001303006012024048, 0.4458704965561048, 3.1106977153812725E-4, 2.0625775480513564, -0.002813707155991594, 0.0, 2.0716540318738237E-4, -0.002606541752804216, -8.043971783581119, 0.0, 1.7184625019913427, -6.325509281590322, 1.001288841001051, 0.0, 1.052485212835201, 2.053774053835719, 7.005
0.001308817635270541, 0.4478376629298811, 3.1245719438872797E-4, 2.072261029385796, -0.0028248644751413367, 0.0, 2.0955914832799318E-4, -0.002615305326813347, -8.039548353198533, 0.0, 1.7321673983011383, -6.307380954897951, 1.001256358204343, 0.0, 1.0614862551193924, 2.062742613323192, 7.005
0.001314629258517034, 0.4498048293036574, 3.138446172393287E-4, 2.0818721160470774, -0.002836015672236843, 0.0, 2.1197188469502924E-4, -0.0026240437875418242, -8.035146670562831, 0.0, 1.7458382376584312, -6.289308432904935, 1.0012220178132396, 0.0, 1.0704343178474196, 2.0716563356601574, 7.005
0.001320440881763527, 0.4517719956774336, 3.1523204008992935E-4, 2.0914068138659996, -0.0028471607772864566, 0.0, 2.1440356285489428E-4, -0.002632757214431573, -8.03076649784816, 0.0, 1.7594718836413679, -6.271294614207317, 1.0011858902219692, 0.0, 1.0793266712647034, 2.080512561486182, 7.005
0.00132625250501002, 0.4537391620512098, 3.1661946294053E-4, 2.10086122987538, -0.002858299819968538, 0.0, 2.168541290617006E-4, -0.0026414456909068457, -8.02640759721192, 0.0, 1.773065256887566, -6.253342340324878, 1.0011480477340313, 0.0, 1.0881606491678824, 2.0893086969014174, 7.005
0.0013320641282565126, 0.455706328424986, 3.180068857911307E-4, 2.1102315770474496, -0.0028694328296314897, 0.0, 2.19323525338547E-4, -0.002650109304292953, -8.022069730871669, 0.0, 1.7866153382201921, -6.235454392652037, 1.0011085644440958, 0.0, 1.0969336516336936, 2.098042216077263, 7.005
0.0013378757515030057, 0.4576734947987623, 3.193943086417314E-4, 2.1195141789319463, -0.0028805598352938987, 0.0, 2.2181168956321792E-4, -0.0026587481457306895, -8.017752661183819, 0.0, 1.8001191717479572, -6.217633489436414, 1.0010675161195242, 0.0, 1.1056431477182778, 2.1067106638372763, 7.005
0.0013436873747494987, 0.4596406611725385, 3.2078173149233206E-4, 2.128705474202075, -0.002891680865644779, 0.0, 2.24318555558094E-4, -0.0026673623100866963, -8.013456150724256, 0.0, 1.8135738679398614, -6.199882282784969, 1.0010249800813533, 0.0, 1.1142866781285048, 2.1153116582093183, 7.005
0.0013494989979959918, 0.46160782754631474, 3.221691543429328E-4, 2.137802021096414, -0.002902795949043946, 0.0, 2.268440531843739E-4, -0.0026759518958595846, -8.009179962370258, 0.0, 1.8269766066708806, -6.182203355699928, 1.0009810350853388, 0.0, 1.122861857861285, 2.123842892946114, 7.005
0.001355310621242485, 0.46357499392009105, 3.235565771935335E-4, 2.1468005017551786, -0.0029139051135224706, 0.0, 2.2938810844041772E-4, -0.002684517005082065, -8.004923859384109, 0.0, 1.8403246402403206, -6.164599219144354, 1.000935761202539, 0.0, 1.1313663788132613, 2.132302140015272, 7.005
0.0013611222444889777, 0.46554216029386725, 3.2494400004413415E-4, 2.1556977264484853, -0.002925008386783292, 0.0, 2.319506435643547E-4, -0.0026930577432189478, -8.000687605497811, 0.0, 1.8536152963586152, -6.147072309139702, 1.0008892397001756, 0.0, 1.1397980123562919, 2.140687252055994, 7.005
0.0013669338677354708, 0.46750932666764355, 3.2633142289473487E-4, 2.164490637701528, -0.00293610579620192, 0.0, 2.345315771407339E-4, -0.002701574219061205, -7.996470964999113, 0.0, 1.8668459811043612, -6.129624983895241, 1.0008415529223469, 0.0, 1.1481546118812782, 2.148996164803194, 7.005
0.0013727454909819637, 0.46947649304141975, 3.2771884574533554E-4, 2.173176314294926, -0.002947197368827264, 0.0, 2.371308242112847E-4, -0.0027100665446159918, -7.992273702818272, 0.0, 1.8800141818475078, -6.112259520971232, 1.000792784171243, 0.0, 1.1564341153060955, 2.1572268994769086, 7.005
0.0013785571142284569, 0.471443659415196, 3.2910626859593625E-4, 2.1817519751546293, -0.0029582831313825944, 0.0, 2.397482963897527E-4, -0.0027185348349928616, -7.98809558461592, 0.0, 1.8931174701402842, -6.094978114476159, 1.0007430175884582, 0.0, 1.1646345475493864, 2.165377565137381, 7.005
0.0013843687374749498, 0.47341082578897226, 3.304936914465369E-4, 2.190214983126669, -0.002969363110266609, 0.0, 2.423839019806117E-4, -0.0027269792082860143, -7.9839363768716, 0.0, 1.9061535045725853, -6.0777828722994975, 1.0006923380367283, 0.0, 1.1727540229675892, 2.1734463610038857, 7.005
0.0013901803607214427, 0.4753779921627485, 3.3188111429713763E-4, 2.198562848622352, -0.0029804373315546295, 0.0, 2.4503754610184563E-4, -0.002735399785452806, -7.979795846972818, 0.0, 1.9191200335926153, -6.06067581338063, 1.0006408309822992, 0.0, 1.1807907477554578, 2.1814315787373966, 7.005
0.0013959919839679356, 0.4773451585365247, 3.332685371477383E-4, 2.206793233146433, -0.0029915058209999336, 0.0, 2.477091308115312E-4, -0.002743796690188419, -7.975673763304544, 0.0, 1.932014898289234, -6.043658865015799, 1.0005885823779577, 0.0, 1.1887430223073694, 2.1893316046848885, 7.005
0.0014018036072144288, 0.4793120092295121, 3.34655959998339E-4, 2.2149039526948346, -0.0030025686040351957, 0.0, 2.5039855523827716E-4, -0.002752170048796938, -7.971569895339245, 0.0, 1.9448360351379597, -6.02673386020186, 1.000535678546538, 0.0, 1.1966092435412408, 2.1971449220872623, 7.005
0.001407615230460922, 0.4812781584096354, 3.3604338284893973E-4, 2.222892981026302, -0.0030136257057740497, 0.0, 2.531057157154251E-4, -0.002760519990058641, -7.967484013726917, 0.0, 1.9575814787071744, -6.009902535020255, 1.0004822060654612, 0.0, 1.2043879071819092, 2.2048701132469057, 7.005
0.0014134268537074146, 0.48324430758975856, 3.374308056995404E-4, 2.230758452803782, -0.0030246771510128003, 0.0, 2.558305059190683E-4, -0.002768846645093752, -7.963415890385101, 0.0, 1.9702493643242296, -5.993166526061364, 1.0004282516523435, 0.0, 1.212077610003528, 2.212505861655438, 7.005
0.0014192384769539078, 0.4852104567698818, 3.388182285501411E-4, 2.2384986666007674, -0.003035722964232231, 0.0, 2.5857281700958075E-4, -0.0027771501472226767, -7.95936529858935, 0.0, 1.9828379307016222, -5.976527367888154, 1.0003739020510303, 0.0, 1.2196770520320879, 2.2200509540827693, 7.005
0.0014250501002004005, 0.4871766059500049, 3.402056514007417E-4, 2.2461120877778047, -0.0030467631695995623, 0.0, 2.61332537776937E-4, -0.0027854306318226517, -7.95533201306293, 0.0, 1.9953455225198125, -5.959986490543557, 1.0003192439194506, 0.0, 1.2271850387037955, 2.227504282622884, 7.005
0.0014308617234468936, 0.4891427551301281, 3.4159307425134244E-4, 2.2535973512184526, -0.0030577977909705127, 0.0, 2.6410955478943477E-4, -0.0027936882361811024, -7.951315810066607, 0.0, 2.0077705929677854, -5.943545217099295, 1.0002643637181825, 0.0, 1.2346004829815849, 2.2348648466993644, 7.005
0.0014366733466933865, 0.4911089043102513, 3.429804971019431E-4, 2.2609532639325103, -0.0030688268518915037, 0.0, 2.6690375254604206E-4, -0.002801923099345481, -7.947316467488011, 0.0, 2.0201117062398946, -5.927204761248701, 1.0002093476004332, 0.0, 1.2419224074276332, 2.242131755027538, 7.005
0.0014424849699398795, 0.4930750534903745, 3.443679199525438E-4, 2.2681788075154365, -0.003079850375601963, 0.0, 2.69715013632066E-4, -0.002810135361969923, -7.94333376493036, 0.0, 2.0323675399872703, -5.910966224943647, 1.0001542813034088, 0.0, 1.2491499462310505, 2.249304227533976, 7.005
0.0014482965931863724, 0.49504120267049767, 3.457553428031445E-4, 2.275273140473285, -0.0030908683850367847, 0.0, 2.725432188782554E-4, -0.0028183251661585583, -7.939367483800695, 0.0, 2.044536887724204, -5.894830596077007, 1.0000992500411234, 0.0, 1.2562823471908198, 2.256381597231511, 7.005
0.0014541082164328655, 0.49700735185062095, 3.471427656537452E-4, 2.282235600396916, -0.0031018809028288846, 0.0, 2.7538824752320435E-4, -0.002826492655305709, -7.935417407397345, 0.0, 2.0566186611868225, -5.878798746210941, 1.0000443383987072, 0.0, 1.263318973651671, 2.263363312050043, 7.005
0.0014599198396793587, 0.49897350103074417, 3.485301885043459E-4, 2.289065706006973, -0.0031128879513118756, 0.0, 2.782499773789711E-4, -0.0028346379739329296, -7.931483320996513, 0.0, 2.0686118926451784, -5.862871428351925, 0.9999896302283701, 0.0, 1.2702593063942416, 2.2702489366220924, 7.005
0.0014657314629258514, 0.5009396502108674, 3.499176113549466E-4, 2.295763159041485, -0.0031238895525228833, 0.0, 2.8112828499987316E-4, -0.002842761267523033, -7.927565011938168, 0.0, 2.080515737165962, -5.847049274772675, 0.9999352085468692, 0.0, 1.2771029454768221, 2.2770381540232876, 7.005
0.0014715430861723445, 0.5029057993909906, 3.513050342055473E-4, 2.302327846010627, -0.0031348857282054708, 0.0, 2.840230458544636E-4, -0.002850862682351037, -7.923662269710438, 0.0, 2.092329474826724, -5.83133279488419, 0.9998811554351869, 0.0, 1.2838496120295326, 2.283730767464328, 7.005
0.0014773547094188374, 0.5048719485711137, 3.5269245705614796E-4, 2.30875983979735, -0.0031458764998126606, 0.0, 2.8693413450037365E-4, -0.002858942365312316, -7.919774886033357, 0.0, 2.104052512879487, -5.815722373154422, 0.9998275519395154, 0.0, 1.290499149999673, 2.29032670193872, 7.005
0.0014831663326653306, 0.506838097751237, 3.540798799067487E-4, 2.315059401117285, -0.0031568618885101066, 0.0, 2.898614247623222E-4, -0.002867000463747808, -7.9159026549412, 0.0, 2.11568438786282, -5.800218267078853, 0.9997744779744143, 0.0, 1.297051527846428, 2.2968260058204364, 7.005
0.0014889779559118235, 0.5088042469313602, 3.5546730275734935E-4, 2.3212269798329253, -0.0031678419151793496, 0.0, 2.928047899129058E-4, -0.0028750371252664834, -7.912045372863345, 0.0, 2.1272247676636726, -5.784820605200112, 0.999722012228035, 0.0, 1.3035068401872842, 2.303228852414991, 7.005
0.0014947895791583164, 0.5107703961114833, 3.5685472560795006E-4, 2.3272632161188263, -0.0031788166004211977, 0.0, 2.957641028561803E-4, -0.0028830524975650487, -7.908202838703986, 0.0, 2.1386734535251968, -5.769529385179362, 0.9996702320691561, 0.0, 1.3098653093922972, 2.3095355414609693, 7.005
0.0015006012024048096, 0.512734913407072, 3.582421484585508E-4, 2.3331689414796593, -0.0031897859645592264, 0.0, 2.9873923631414524E-4, -0.0028910467282451113, -7.904374853920088, 0.0, 2.150030382000671, -5.7543444719198, 0.9996192134566311, 0.0, 1.3161272871259768, 2.3157465005823097, 7.005
0.0015064128256513025, 0.51468528770336, 3.5962957130915144E-4, 2.3389451796244494, -0.0032007500276433508, 0.0, 3.017300630156763E-4, -0.002899019964627706, -7.900561222598091, 0.0, 2.1612956268570165, -5.739265595741489, 0.9995690308505675, 0.0, 1.3222932558414877, 2.321862286691729, 7.005
0.0015122244488977956, 0.516635661999648, 3.6101699415975216E-4, 2.3445931471922954, -0.0032117088094535434, 0.0, 3.047364558882989E-4, -0.002906972353565277, -7.8967617515284845, 0.0, 2.172469400917726, -5.724292350611311, 0.9995197571263206, 0.0, 1.3283638302158352, 2.3278835873416943, 7.005
0.001518036072144288, 0.518586036295936, 3.6240441701035277E-4, 2.350114254327803, -0.0032226623295036278, 0.0, 3.0775828825228065E-4, -0.0029149040412513884, -7.892976250279166, 0.0, 2.1835520578551626, -5.709424192424425, 0.9994714634901899, 0.0, 1.3343397585373846, 2.333811222027267, 7.005
0.0015238476953907812, 0.5205364105922241, 3.637918398609535E-4, 2.355510105120622, -0.003233610607045198, 0.0, 3.107954340173388E-4, -0.0029228151730278967, -7.889204531266324, 0.0, 2.1945440939240908, -5.694660437342822, 0.9994242193981518, 0.0, 1.3402219240366924, 2.3396461434343574, 7.005
0.0015296593186372742, 0.5224867848885121, 3.6517926271155415E-4, 2.3607824978850545, -0.0032445536610715897, 0.0, 3.1384776788154846E-4, -0.0029307058931900766, -7.885446409824078, 0.0, 2.205446149639135, -5.680000260185501, 0.9993780924762623, 0.0, 1.3460113461644128, 2.3453894386402143, 7.005
0.0015354709418837673, 0.5244371591848002, 3.6656668556215487E-4, 2.365933425306803, -0.0032554915103220096, 0.0, 3.169151655327034E-4, -0.0029385763447893325, -7.881701704271619, 0.0, 2.21625901139423, -5.66544269287795, 0.9993331484441755, 0.0, 1.3517091818135831, 2.35104233025727, 7.005
0.0015412825651302605, 0.5263875334810884, 3.679541084127556E-4, 2.370965074433279, -0.003266424173285688, 0.0, 3.1999750385173646E-4, -0.002946426669433987, -7.877970235978518, 0.0, 2.22698361302394, -5.6509866229549415, 0.9992894510407905, 0.0, 1.3573167264871644, 2.3566061775276865, 7.005
0.0015470941883767532, 0.5283379077773763, 3.6934153126335625E-4, 2.375879826529115, -0.0032773516682061774, 0.0, 3.230946611183533E-4, -0.0029542570070878555, -7.874251829427999, 0.0, 2.237621037306654, -5.636630792121894, 0.999247061952526, 0.0, 1.3628354154103366, 2.362082477362398, 7.005
0.0015529058116232463, 0.5302882820736644, 3.7072895411395697E-4, 2.3806802567876915, -0.003288274013085717, 0.0, 3.262065172187175E-4, -0.0029620674958670433, -7.870546312277654, 0.0, 2.2481725174060045, -5.622373794872043, 0.999206040744512, 0.0, 1.368266824584272, 2.3674728653285095, 7.005
0.0015587174348697392, 0.5322386563699524, 3.7211637696455763E-4, 2.385369133891885, -0.003299191225689662, 0.0, 3.293329538549906E-4, -0.0029698582718347072, -7.866853515418298, 0.0, 2.2586394382555945, -5.60821407716317, 0.9991664447940274, 0.0, 1.373612671786894, 2.37277911658055, 7.005
0.0015645290581162324, 0.5341890306662405, 3.7350379981515835E-4, 2.389949419443113, -0.003310103323551027, 0.0, 3.3247385475695707E-4, -0.0029776294687941097, -7.863173273030153, 0.0, 2.2690233378794638, -5.594149935151139, 0.9991283292270365, 0.0, 1.3788748175123522, 2.378003146739046, 7.005
0.0015703406813627253, 0.5361394049625285, 3.74891222665759E-4, 2.394424267246272, -0.0033210103239750613, 0.0, 3.3562910589514784E-4, -0.002985381218079962, -7.859505422636933, 0.0, 2.279325908654445, -5.58017951398296, 0.999091746857128, 0.0, 1.384055265856857, 2.3831470127136427, 7.005
0.0015761523046092182, 0.5380897792588166, 3.7627864551635973E-4, 2.3987970224545023, -0.0033319122440439554, 0.0, 3.3879859569592094E-4, -0.002993113648348069, -7.855849805157363, 0.0, 2.289548998509045, -5.566300806648792, 0.9990567481274718, 0.0, 1.3891561653441593, 2.3882129134712486, 7.005
0.0015819639278557111, 0.5400401535551046, 3.776660683669604E-4, 2.4030712205818006, -0.003342809100621562, 0.0, 3.4198221525812383E-4, -0.003000826885363483, -7.852206264953938, 0.0, 2.2996946120592567, -5.552511652895165, 0.9990233810557505, 0.0, 1.3941798096920086, 2.3932031907473945, 7.005
0.0015877755511022043, 0.5419905278513927, 3.790534912175611E-4, 2.407250586378453, -0.0033537009103582183, 0.0, 3.4517985857108026E-4, -0.0030085210517871797, -7.848574649879633, 0.0, 2.3097649116841477, -5.538809738195856, 0.9989916911815329, 0.0, 1.3991286385230037, 2.3981203297042755, 7.005
0.0015935871743486974, 0.5439409021476808, 3.8044091406816183E-4, 2.4113390325670068, -0.0033645876896956166, 0.0, 3.483914227343433E-4, -0.003016196266961326, -7.844954811321587, 0.0, 2.3197622185360682, -5.525192592786121, 0.9989617215169356, 0.0, 1.4040052380134014, 2.402966959529873, 7.005
0.0015993987975951901, 0.5458912764439688, 3.818283369187625E-4, 2.415340658451754, -0.0033754694548717387, 0.0, 3.516168081785743E-4, -0.0030238526466932064, -7.841346604242188, 0.0, 2.3296890134865884, -5.511657590756124, 0.9989335125001705, 0.0, 1.4088123414825824, 2.40774585398234, 7.005
0.0016052104208416833, 0.5478422169025208, 3.832157597693632E-4, 2.4192597484019487, -0.003386346221925831, 0.0, 3.548559188877422E-4, -0.003031490303038131, -7.837749887217649, 0.0, 2.3395479380112882, -5.498201949206829, 0.9989071019518183, 0.0, 1.4135528299256743, 2.412459931877134, 7.005
0.0016110220440881762, 0.5497932226874876, 3.846031826199639E-4, 2.4231007701938054, -0.0033972180067034555, 0.0, 3.581086626225571E-4, -0.0030391093440809477, -7.8341645224736665, 0.0, 2.349341795006232, -5.484822727467919, 0.9988825250343425, 0.0, 1.4182297324822633, 2.417112257516249, 7.005
0.001616833667334669, 0.5517442284724546, 3.8599060547056454E-4, 2.426868373244041, -0.0034080848248615866, 0.0, 3.613749511449673E-4, -0.00304670987371667, -7.830590375918046, 0.0, 2.35907354954144, -5.47151682637708, 0.9988598142148459, 0.0, 1.4228462268468582, 2.4217060410613622, 7.005
0.001622645290581162, 0.5536952342574215, 3.873780283211652E-4, 2.43056738669803, -0.0034189466918737085, 0.0, 3.646547004435858E-4, -0.0030542919914301686, -7.827027317171242, 0.0, 2.368746329548521, -5.458280987623192, 0.998838999230025, 0.0, 1.427405639618477, 2.42624463884815, 7.005
0.001628456913827655, 0.5556462400423885, 3.887654511717659E-4, 2.434202817421969, -0.003429803623035023, 0.0, 3.6794783096020037E-4, -0.003061855792074863, -7.823475219593088, 0.0, 2.378363426442241, -5.445111793151529, 0.9988201070553004, 0.0, 1.4319114465886293, 2.4307315536433522, 7.005
0.0016342685370741479, 0.5575972458273554, 3.901528740223666E-4, 2.4377798478525534, -0.0034406556334676255, 0.0, 3.7125426781687036E-4, -0.0030694013656508037, -7.819933960307169, 0.0, 2.387928295675391, -5.432005664632375, 0.9988031618763267, 0.0, 1.4363672729682062, 2.435170434844061, 7.005
0.001640080160320641, 0.5595482516123224, 3.915402968729673E-4, 2.441303833745259, -0.0034515027381257575, 0.0, 3.7457394104388453E-4, -0.003076928797081911, -7.81640342022227, 0.0, 2.3974445572286385, -5.418958862994141, 0.9987881850636985, 0.0, 1.4407768935541316, 2.4395650786174174, 7.005
0.0016458917835671342, 0.5614992573972893, 3.92927719723568E-4, 2.444780301801643, -0.0034623449518010638, 0.0, 3.7790678580844784E-4, -0.0030844381659926737, -7.812883484050437, 0.0, 2.406915996031323, -5.405967488019679, 0.998775195151141, 0.0, 1.445144232831943, 2.4439194279826655, 7.005
0.001651703406813627, 0.5634502631822563, 3.943151425741687E-4, 2.4482149471915733, -0.0034731822891278918, 0.0, 3.8125274264359734E-4, -0.003091929546484337, -7.809374040322584, 0.0, 2.4163465623161464, -5.393027478006944, 0.9987642078163478, 0.0, 1.4494733650184148, 2.4482375728343655, 7.005
0.00165751503006012, 0.5654012689672233, 3.957025654247694E-4, 2.4516136309557908, -0.0034840147645885727, 0.0, 3.846117576779152E-4, -0.0030994030069107074, -7.8058749814005886, 0.0, 2.425740371906877, -5.380134609494191, 0.9987552358653397, 0.0, 1.4537685140417373, 2.4525237499067223, 7.005
0.001663326653306613, 0.5673522747521902, 3.9708998827537006E-4, 2.454982377319112, -0.003494842392518788, 0.0, 3.8798378286538314E-4, -0.003106858609653461, -7.802386203486401, 0.0, 2.4351017064362455, -5.367284497050643, 0.9987482892201202, 0.0, 1.4580340534579797, 2.4567823426777537, 7.005
0.001669138276553106, 0.5693032805371572, 3.984774111259708E-4, 2.458327370886721, -0.0035056651871128485, 0.0, 3.913687762154705E-4, -0.0031142964108974392, -7.798907606628561, 0.0, 2.4444350134985373, -5.354472593130517, 0.998743374908761, 0.0, 1.4622745063079627, 2.4610178812163848, 7.005
0.001674949899799599, 0.5712542863221242, 3.9986483397657144E-4, 2.4616549537496155, -0.003516483162429076, 0.0, 3.9476670202357963E-4, -0.003121716460405552, -7.795439094724859, 0.0, 2.45374490673114, -5.341694187994035, 0.9987404970596756, 0.0, 1.466494544908351, 2.4652350419678486, 7.005
0.001680761523046092, 0.5732052921070911, 4.0125225682717216E-4, 2.4649716224920724, -0.0035272963323951328, 0.0, 3.9817753110137706E-4, -0.0031291188012938045, -7.791980575522441, 0.0, 2.463036165828922, -5.328944409693964, 0.9987396568983672, 0.0, 1.4706989905818788, 2.469438647479923, 7.005
0.001686573146292585, 0.5751562978920581, 4.026396796777729E-4, 2.4682840251089715, -0.003538104710813333, 0.0, 4.0160124100712704E-4, -0.0031365034698062544, -7.788531960614626, 0.0, 2.4723137364898027, -5.316218224125143, 0.9987408527475109, 0.0, 1.4748928133246466, 2.473633666071957, 7.005
0.001692384769539078, 0.577107303677025, 4.0402710252837354E-4, 2.4715989578169797, -0.0035489083113660258, 0.0, 4.05037816275985E-4, -0.003143870495090092, -7.785093165434496, 0.0, 2.4815827302915556, -5.303510435143274, 0.998744080030483, 0.0, 1.4790811314104744, 2.4778252114407513, 7.005
0.0016981963927855711, 0.579058309461992, 4.0541452537897426E-4, 2.474923361811449, -0.003559707147620865, 0.0, 4.0848724864993194E-4, -0.003151219898970997, -7.781664109245369, 0.0, 2.490848424498166, -5.2908156847476535, 0.9987493312777936, 0.0, 1.4832692109312982, 2.4820185422087992, 7.005
0.001704008016032064, 0.5810047237511015, 4.068019482295749E-4, 2.4782643199110623, -0.0035705012330361613, 0.0, 4.1194953730762786E-4, -0.0031585516957285953, -7.778244715128076, 0.0, 2.500116261797434, -5.2781284533311625, 0.9987565961369861, 0.0, 1.4874624652744446, 2.4862190614110613, 7.005
0.001709819639278557, 0.582949071867075, 4.0818937108017564E-4, 2.4816290531386187, -0.0035812905809661207, 0.0, 4.1542468909352005E-4, -0.003165865891872641, -7.774834909965316, 0.0, 2.5093918499709598, -5.265443059994802, 0.9987658613852232, 0.0, 1.491666454539428, 2.4904323159243047, 7.005
0.0017156312625250497, 0.5848934199830484, 4.0957679393077625E-4, 2.4850249172208834, -0.0035920752046661466, 0.0, 4.1891271874681816E-4, -0.003173162485919402, -7.771434624422528, 0.0, 2.518680961491634, -5.252753662931191, 0.9987771109455968, 0.0, 1.495886884887724, 2.4946639958332044, 7.005
0.0017214428857715428, 0.5868377680990221, 4.1096421678137697E-4, 2.4884593990203143, -0.00360285511729806, 0.0, 4.224136491294511E-4, -0.003180441468168642, -7.768043792925512, 0.0, 2.527989533052908, -5.240054259872951, 0.9987903259065211, 0.0, 1.5001296078318156, 2.498919933738069, 7.005
0.001727254509018036, 0.5887821162149957, 4.123516396319777E-4, 2.4919401128984333, -0.0036136303319352844, 0.0, 4.259275114537992E-4, -0.0031877028204815327, -7.764662353635506, 0.0, 2.5373236650287905, -5.2273386886073165, 0.9988054845436647, 0.0, 1.5044006194603576, 2.5032061040035374, 7.005
0.0017330661322645287, 0.5907264643309692, 4.1373906248257835E-4, 2.4954747970135855, -0.0036244008615680407, 0.0, 4.2945434550915244E-4, -0.0031949465160589345, -7.761290248420042, 0.0, 2.5466896208618452, -5.214600627558489, 0.9988225623461795, 0.0, 1.5087060595991573, 2.5075286219451556, 7.005
0.0017388777555110218, 0.5926708124469429, 4.1512648533317906E-4, 2.4990713095597528, -0.0036351667191084226, 0.0, 4.3299419988756627E-4, -0.003202172519220916, -7.757927422822047, 0.0, 2.5560938263864754, -5.20183359643616, 0.9988415320444441, 0.0, 1.5130522109134308, 2.511893742957431, 7.005
0.0017446893787575147, 0.5946151605629163, 4.1651390818377973E-4, 2.502737624943947, -0.0036459279173955183, 0.0, 4.3654713220872337E-4, -0.003209380785186844, -7.754573826024234, 0.0, 2.5655428690727935, -5.189030956951752, 0.9988623636427243, 0.0, 1.5174454979374596, 2.5163078615799894, 7.005
0.0017505010020040079, 0.59655950867889, 4.1790133103438045E-4, 2.5064818299298963, -0.0036566844692004024, 0.0, 4.401132093435204E-4, -0.0032165712598569342, -7.751229410811582, 0.0, 2.57504349721174, -5.176185913600365, 0.998885024453448, 0.0, 1.5218924860528105, 2.520777510505859, 7.005
0.0017563126252505008, 0.5985038567948635, 4.192887538849811E-4, 2.510312119700856, -0.0036674363872311357, 0.0, 4.4369250763671053E-4, -0.003223743879594477, -7.747894133529985, 0.0, 2.584602619020829, -5.16329151450951, 0.9989094791354349, 0.0, 1.52639988039354, 2.525309359528745, 7.005
0.0017621242484969937, 0.6004482049108371, 4.206761767355818E-4, 2.5142367939162824, -0.0036781836841376383, 0.0, 4.472851131280195E-4, -0.0032308985710096765, -7.744567954042193, 0.0, 2.5942273016866095, -5.150340652356033, 0.9989356897345721, 0.0, 1.5309745246957156, 2.5299102144299757, 7.005
0.0017679358717434866, 0.6023925530268106, 4.220635995861825E-4, 2.5182642527003622, -0.0036889263725165566, 0.0, 4.5089112177197394E-4, -0.0032380352507446544, -7.7412508356803205, 0.0, 2.6039247703333475, -5.137326065347454, 0.9989636157279744, 0.0, 1.535623400080012, 2.534587015807676, 7.005
0.0017737474949899798, 0.6043369011427843, 4.234510224367832E-4, 2.522402992609017, -0.0036996644649160506, 0.0, 4.545106396564196E-4, -0.0032451538252596837, -7.737942745195652, 0.0, 2.6137024069227723, -5.1242403382733475, 0.9989932140707378, 0.0, 1.540353623772123, 2.539346837842518, 7.005
0.001779559118236473, 0.6062812492587578, 4.248384452873839E-4, 2.5266616025597557, -0.0037103979738404946, 0.0, 4.581437832192187E-4, -0.003252254190621336, -7.734643652704648, 0.0, 2.6235677490838385, -5.111075903621223, 0.9990244392463493, 0.0, 1.5451724477609907, 2.5441968870070664, 7.005
0.0017853707414829658, 0.6082255973747314, 4.262258681379846E-4, 2.531048759739093, -0.0037211269117550854, 0.0, 4.6179067946337696E-4, -0.0032593362322917655, -7.731353531633295, 0.0, 2.633528488874313, -5.097825042759096, 0.9990572433185967, 0.0, 1.5500872573958926, 2.549144500714509, 7.005
0.0017911823647294588, 0.610169945490705, 4.276132909885853E-4, 2.5355732254839722, -0.0037318512910904313, 0.0, 4.654514661703946E-4, -0.0032663998249201224, -7.7280723586566875, 0.0, 2.6435924714713996, -5.084479887185638, 0.9990915759882935, 0.0, 1.5551055699199239, 2.5541971459080672, 7.005
0.0017969939879759517, 0.6121142936066785, 4.2900071383918597E-4, 2.540243841142683, -0.0037425711242469787, 0.0, 4.691262921117515E-4, -0.0032734448321352972, -7.724800113637303, 0.0, 2.653767693791769, -5.071032419846004, 0.9991273846509824, 0.0, 1.5602350329402845, 2.55936241759096, 7.005
0.0018028056112224448, 0.6140900301962992, 4.303881366897867E-4, 2.5450695239302945, -0.0037532864235994283, 0.0, 4.728153172585752E-4, -0.0032804711063409335, -7.721536779558949, 0.0, 2.664062303044392, -5.057474476514929, 0.9991646144590405, 0.0, 1.565483422838479, 2.5646480372973346, 7.005
0.0018086172344689375, 0.6160993972933986, 4.317755595403873E-4, 2.550059262770219, -0.0037639972015009863, 0.0, 4.765187129888999E-4, -0.0032874784885121603, -7.7182823424590135, 0.0, 2.6744845952131624, -5.043797747246334, 0.9992032083851634, 0.0, 1.5708586431186522, 2.570061851503504, 7.005
0.0018144288577154305, 0.6181087643904982, 4.33162982390988E-4, 2.555222114116873, -0.0037747034702875627, 0.0, 4.8023666229311183E-4, -0.0032944668079945387, -7.7150367913567415, 0.0, 2.6850430134708954, -5.029993777886588, 0.9992431072897764, 0.0, 1.5763687226940502, 2.575611829983287, 7.005
0.0018202404809619234, 0.6201181314875978, 4.345504052415887E-4, 2.560567197810599, -0.003785405242281864, 0.0, 4.839693599770058E-4, -0.0033014358823049146, -7.711800118179584, 0.0, 2.6957461465227786, -5.016053971656924, 0.9992842499902364, 0.0, 1.5820218141108857, 2.581306064101133, 7.005
0.0018260521042084165, 0.6221274985846973, 4.359378280921894E-4, 2.5661036928894703, -0.0037961025297973605, 0.0, 4.8771701286256944E-4, -0.00330838551693488, -7.7085723176859915, 0.0, 2.7066027268848325, -5.001969590801568, 0.9993265733333586, 0.0, 1.5878261917147072, 2.58715276504786, 7.005
0.0018318637274549097, 0.6241368656817969, 4.373252509427901E-4, 2.5718408334672915, -0.00380679534514219, 0.0, 4.914798399860911E-4, -0.0033153155051561835, -7.7053533873861495, 0.0, 2.7176216290891584, -4.9877317582973255, 0.9993700122699704, 0.0, 1.5937902497518026, 2.593160262021631, 7.005
0.0018376753507014026, 0.6261462327788965, 4.387126737933908E-4, 2.5777879045631664, -0.003817483700622867, 0.0, 4.952580727941394E-4, -0.0033222256278287975, -7.70214332745942, 0.0, 2.728811867825606, -4.973331459634489, 0.9994144999323835, 0.0, 1.5999225004138535, 2.5993370003457215, 7.005
0.0018434869739478955, 0.6281555998759961, 4.401000966439915E-4, 2.5839542379957834, -0.003828167608547984, 0.0, 4.990519553365359E-4, -0.0033291156532115175, -7.698942140669712, 0.0, 2.740182596011153, -4.9587595446587756, 0.9994599677140297, 0.0, 1.6062315718189633, 2.605691539532933, 7.005
0.0018492985971943884, 0.6301649669730957, 4.4148751949459216E-4, 2.590349208272613, -0.003838847081231694, 0.0, 5.028617444568471E-4, -0.0033359853367749366, -7.6957498322775075, 0.0, 2.751743102796957, -4.9440067294805505, 0.9995063453520311, 0.0, 1.612726205937641, 2.6122325512898743, 7.005
0.0018551102204408816, 0.6321743340701952, 4.428749423451929E-4, 2.596982228502071, -0.0038495221309971404, 0.0, 5.066877099798909E-4, -0.003342834421017339, -7.692566409949853, 0.0, 2.763502811501942, -4.929063598448017, 0.9995535610117965, 0.0, 1.6194152564535913, 2.6189688174654835, 7.005
0.0018609218436873745, 0.6341837011672947, 4.4426236519579354E-4, 2.603862746381168, -0.0038601927701797135, 0.0, 5.105301348964854E-4, -0.003349662635283311, -7.689391883667947, 0.0, 2.7754712774844403, -4.9139206061838685, 0.9996015413737263, 0.0, 1.626307686570124, 2.625909227943676, 7.005
0.0018667334669338674, 0.6361930682643944, 4.4564978804639426E-4, 2.6110002401328813, -0.0038708590111301974, 0.0, 5.143893155450927E-4, -0.003356469695585171, -7.686226265632048, 0.0, 2.787658185943965, -4.898568079688281, 0.9996502117224575, 0.0, 1.6334125667548849, 2.633062778477293, 7.005
0.0018725450901803606, 0.638202435361494, 4.4703721089699497E-4, 2.618404214576344, -0.0038815208662177883, 0.0, 5.18265561790405E-4, -0.003363255304427454, -7.683069570163584, 0.0, 2.8000733496593107, -4.882996220504523, 0.9996994960387314, 0.0, 1.6407390724288138, 2.640438568467452, 7.005
0.0018783567134268535, 0.6402118024585934, 4.4842463374759564E-4, 2.626084197172162, -0.0038921783478329773, 0.0, 5.221591971987811E-4, -0.0033700191506342682, -7.6799218136058345, 0.0, 2.812726706656749, -4.867195106949497, 0.9997493170924936, 0.0, 1.6482964815931367, 2.648045798685379, 7.005
0.0018841683366733466, 0.6422211695556931, 4.4981205659819635E-4, 2.6340497341411435, -0.003902831468390273, 0.0, 5.260705592103794E-4, -0.003376760909179995, -7.676783014221691, 0.0, 2.8256283178161308, -4.851154696405607, 0.9997995965386842, 0.0, 1.6560941724023666, 2.6558937689412305, 7.005
0.0018899799599198395, 0.6442305366527926, 4.51199479448797E-4, 2.6423103866326585, -0.00391348024033077, 0.0, 5.299999993076208E-4, -0.0033834802410232256, -7.673653192089744, 0.0, 2.8387883644127743, -4.8348648276771655, 0.9998502550144729, 0.0, 1.6641416206818433, 2.6639918756962895, 7.005
0.0018957915831663325, 0.6462399037498923, 4.5258690229939773E-4, 2.6508757269519663, -0.003924124676124648, 0.0, 5.339478831809913E-4, -0.003390176792943715, -7.670532368997117, 0.0, 2.8522171455886043, -4.818315223408908, 0.9999012122397067, 0.0, 1.6724483973808375, 2.672349609620278, 7.005
0.0019016032064128254, 0.6482319174163829, 4.539743251499984E-4, 2.6597553348487395, -0.003934764788273426, 0.0, 5.379145908904377E-4, -0.003396850197383074, -7.6674205683319245, 0.0, 2.8659250757642902, -4.801495492568185, 0.9999523871173368, 0.0, 1.681024165976706, 2.6809765530936813, 7.005
0.0019074148296593183, 0.6501783783275249, 4.5536174800059906E-4, 2.668958793850379, -0.003945400589312115, 0.0, 5.419005170234801E-4, -0.003403500072288709, -7.664317814972659, 0.0, 2.8799226819870394, -4.784395132985939, 1.0000036978368094, 0.0, 1.689878679822046, 2.6898823776587, 7.005
0.0019132264529058115, 0.652124839238667, 4.567491708511998E-4, 2.6784956876905994, -0.003956032091811209, 0.0, 5.459060708497428E-4, -0.0034101260209615726, -7.661224135175222, 0.0, 2.8942206012121408, -4.767003533963122, 1.000055061979595, 0.0, 1.6990217794334612, 2.6990768414132504, 7.005
0.0019190380761523044, 0.6540713001498091, 4.5813659370180044E-4, 2.6883755967779166, -0.003966659308378544, 0.0, 5.499316764713677E-4, -0.0034167276319072605, -7.65813955645988, 0.0, 2.908829577524115, -4.749309978936211, 1.0001063966246455, 0.0, 1.708463389728786, 2.7085697863531695, 7.005
0.0019248496993987973, 0.6560177610609512, 4.5952401655240116E-4, 2.6986080947926894, -0.003977282251660914, 0.0, 5.539777729698771E-4, -0.0034233044786911165, -7.65506410749459, 0.0, 2.92376045929356, -4.731303648201347, 1.000157618457071, 0.0, 1.7182135172074442, 2.718371135664373, 7.005
0.0019306613226452902, 0.6579642219720934, 4.609114394030018E-4, 2.709202745291691, -0.003987900934345642, 0.0, 5.580448145486717E-4, -0.0034298561197970666, -7.651997817977798, 0.0, 2.9390241962745547, -4.712973621703775, 1.000208643877418, 0.0, 1.728282247080405, 2.7284908909575, 7.005
0.0019364729458917834, 0.6599106828832355, 4.6229886225360254E-4, 2.7201690984628613, -0.003998515369161883, 0.0, 5.621332706716099E-4, -0.003436382098490328, -7.648940718519331, 0.0, 2.9546318366379607, -4.694308881881811, 1.000259389112392, 0.0, 1.7386797403439376, 2.7389391294560084, 7.005
0.0019422845691382763, 0.6618571437943775, 4.636862851042032E-4, 2.731516687920191, -0.004009125568881845, 0.0, 5.662436261978372E-4, -0.0034428819426840984, -7.645892840519245, 0.0, 2.9705945239437783, -4.675298316575809, 1.0003097703276176, 0.0, 1.7494162307997692, 2.74972600112724, 7.005
0.0019480961923847692, 0.6638036047055197, 4.650737079548039E-4, 2.7432550276328698, -0.0040197315463217555, 0.0, 5.703763815114548E-4, -0.003449355164810381, -7.642854216046842, 0.0, 2.9869234940574887, -4.6559307219897414, 1.0003597037398144, 0.0, 1.76050202202948, 2.7608617257690784, 7.005
0.001953907815631262, 0.6657500656166618, 4.664611308054046E-4, 2.755393608883253, -0.004030333314342747, 0.0, 5.745320526477468E-4, -0.003455801261695095, -7.639824877716552, 0.0, 3.0036300720010485, -4.636194805716084, 1.000409105732106, 0.0, 1.7719474843098855, 2.772356590041615, 7.005
0.0019597194388777553, 0.667696526527804, 4.678485536560053E-4, 2.7679418974079795, -0.0040409308858515, 0.0, 5.787111714146277E-4, -0.003462219714436941, -7.636804858563482, 0.0, 3.020725668749056, -4.616079189814857, 1.000457892969297, 0.0, 1.7837630514826652, 2.7842209444516786, 7.005
0.0019655310621242484, 0.6696429874389461, 4.69235976506606E-4, 2.7809093305654073, -0.004051524273800734, 0.0, 5.829142855096323E-4, -0.0034686099882911643, -7.633794191918065, 0.0, 3.0382217779635567, -4.595572413955122, 1.0005059825138816, 0.0, 1.7959592177708263, 2.796465200284228, 7.005
0.001971342685370741, 0.6715894483500882, 4.706233993572067E-4, 2.794305314636688, -0.004062113491189581, 0.0, 5.871419586322615E-4, -0.0034749715325573987, -7.630792911278939, 0.0, 3.0561299726722693, -4.574662938607089, 1.0005532919437496, 0.0, 1.8085465345470089, 2.809099826490507, 7.005
0.0019771543086172343, 0.6735359092612303, 4.720108222078074E-4, 2.8081392222511, -0.00407269855106365, 0.0, 5.913947705917981E-4, -0.003481303780471927, -7.6278010501860045, 0.0, 3.0744619018933674, -4.553339148293272, 1.000599739469204, 0.0, 1.821535607056359, 2.8221353465250876, 7.005
0.0019829659318637274, 0.6754823701723723, 4.7339824505840806E-4, 2.822420389896081, -0.0040832794665150805, 0.0, 5.956733174104466E-4, -0.0034876061491047362, -7.624818642091075, 0.0, 3.093229287192037, -4.531589354899189, 1.000645244052574, 0.0, 1.8349370910793283, 2.8355823351319676, 7.005
0.00198877755511022, 0.6774288310835145, 4.747856679090088E-4, 2.8371581155372496, -0.004093856250682243, 0.0, 5.999782114212713E-4, -0.003493878039261015, -7.6218457202297, 0.0, 3.1124439191998654, -4.509401801030431, 1.0006897255260416, 0.0, 1.848761689566398, 2.8494514150919366, 7.005
0.0019945891783567133, 0.6793752919946566, 4.7617309075960945E-4, 2.8523616563660426, -0.0041044289167494405, 0.0, 6.043100813621482E-4, -0.003500118835387365, -7.618882317490904, 0.0, 3.132117654060114, -4.486764663430911, 1.000733104711763, 0.0, 1.8630201492050422, 2.8637532539168373, 7.005
0.0020004008016032064, 0.6813202175208406, 4.7756051361021016E-4, 2.868040226680023, -0.004114997477946246, 0.0, 6.086695724635506E-4, -0.0035063279054828016, -7.615928466286859, 0.0, 3.1522624098318963, -4.463666056455798, 1.0007753035414586, 0.0, 1.8777232569563869, 2.8784985604972317, 7.005
0.002006212424849699, 0.6832444153500901, 4.7894793646081077E-4, 2.884202995842543, -0.004125561947546828, 0.0, 6.130573465320983E-4, -0.003512504601014832, -7.612984198423018, 0.0, 3.1728901628337614, -4.44009403558946, 1.0008162451757099, 0.0, 1.8928818365378182, 2.8936980817135387, 7.005
0.0020120240480961922, 0.6851686131793396, 4.803353593114115E-4, 2.900859086428113, -0.004136122338868979, 0.0, 6.174740820292087E-4, -0.0035186482568398784, -7.610049544965731, 0.0, 3.1940129439373495, -4.416036601028708, 1.0008558541253294, 0.0, 1.9085067448634496, 2.909362598988679, 7.005
0.002017835671342685, 0.6870928110085892, 4.817227821620122E-4, 2.9180175723787443, -0.0041466786652730086, 0.0, 6.219204741437006E-4, -0.0035247581911294077, -7.6071245361133, 0.0, 3.2156428348106276, -4.391481701303409, 1.0008940563692208, 0.0, 1.9246088684441844, 2.925502924812876, 7.005
0.002023647294589178, 0.6890170088378387, 4.8311020501261287E-4, 2.9356874774508697, -0.00415723094016042, 0.0, 6.263972348597288E-4, -0.003530833705300762, -7.604209201063135, 0.0, 3.237791964104428, -4.366417236959604, 1.0009307794758462, 0.0, 1.941199119738048, 2.9421298992131453, 7.005
0.0020294589178356712, 0.6909412066670882, 4.844976278632136E-4, 2.953877773633508, -0.004167779176972488, 0.0, 6.30905093019587E-4, -0.00353687408395299, -7.601303567881635, 0.0, 3.2604725035927626, -4.340831064289419, 1.0009659527220054, 0.0, 1.9582884334620663, 2.959254386183709, 7.005
0.002035270541082164, 0.6928654044963377, 4.8588505071381425E-4, 2.972597379791978, -0.004178323389188576, 0.0, 6.354447943805169E-4, -0.0035428785948081647, -7.598407663373404, 0.0, 3.2836966642646996, -4.314710999108906, 1.0009995072118938, 0.0, 1.9758877628651115, 2.9768872700770217, 7.005
0.002041082164328657, 0.6947896023255873, 4.8727247356441497E-4, 2.9918551604049526, -0.004188863590324223, 0.0, 6.400171016663625E-4, -0.003548846488657928, -7.595521512950989, 0.0, 3.3074766923649133, -4.288044820586427, 1.0010313759953962, 0.0, 1.9940080759568999, 2.995039451952082, 7.005
0.00204689378757515, 0.6967138001548369, 4.886598964150157E-4, 3.0116599244448707, -0.004199399793929257, 0.0, 6.446227946141376E-4, -0.0035547769993152173, -7.5926451405041675, 0.0, 3.3318248653825924, -4.260820275121394, 1.0010614941870772, 0.0, 2.0126603516925563, 3.013721845880015, 7.005
0.0020527054108216434, 0.6986379979840864, 4.900473192656164E-4, 3.0320204243829494, -0.004209932013585471, 0.0, 6.492626700139378E-4, -0.0035606693435716475, -7.589778568272057, 0.0, 3.356753488004994, -4.233025080266911, 1.0010897990816565, 0.0, 2.0318555761320733, 3.0329453752141164, 7.005
0.0020585170340681365, 0.700562195813336, 4.914347421162171E-4, 3.0529453553482426, -0.004220460262904327, 0.0, 6.539375417443198E-4, -0.00356652272116011, -7.586921816713075, 0.0, 3.3822748880116467, -4.204646928701934, 1.0011162302719094, 0.0, 2.0516047385461595, 3.0527209688177708, 7.005
0.002064328657314629, 0.7024863936425854, 4.928221649668177E-4, 3.0744433543915193, -0.004230984555524348, 0.0, 6.586482408013064E-4, -0.003572336314723131, -7.584074904378101, 0.0, 3.408401412130293, -4.175673492248289, 1.0011407297629167, 0.0, 2.0719188274931883, 3.073059557255805, 7.005
0.002070140280561122, 0.7044105914718349, 4.942095878174184E-4, 3.096522999897502, -0.004241504905108393, 0.0, 6.633956153217629E-4, -0.0035781092897866976, -7.581237847783596, 0.0, 3.435145421852744, -4.146092425931549, 1.001163242086358, 0.0, 2.0928088268637195, 3.093972068949517, 7.005
0.002075951903807615, 0.7063347893010845, 4.955970106680192E-4, 3.1191928111391007, -0.0042520213253407525, 0.0, 6.681805306009651E-4, -0.0035838407947398777, -7.578410661286366, 0.0, 3.4625192891956686, -4.1158913720914025, 1.0011837144129927, 0.0, 2.1142857118778404, 3.1154694262903107, 7.005
0.002081763527054108, 0.7082589871303341, 4.969844335186199E-4, 3.142461247968754, -0.004262533829924088, 0.0, 6.730038691043121E-4, -0.0035895299608198995, -7.57559335695868, 0.0, 3.490535392429804, -4.0850579645292955, 1.0012020966646964, 0.0, 2.136360445058746, 3.13756254172327, 7.005
0.002087575150300601, 0.7101831849595834, 4.983718563692205E-4, 3.1663367106126543, -0.004273042432576113, 0.0, 6.778665304726945E-4, -0.0035951759021035376, -7.572785944465868, 0.0, 3.519206111763888, -4.053579832702431, 1.0012183416237033, 0.0, 2.1590439721696835, 3.1602623137931753, 7.005
0.002093386773547094, 0.712107382788833, 4.997592792198212E-4, 3.1908275396505132, -0.004283547147026263, 0.0, 6.827694315227712E-4, -0.0036007777155036055, -7.5699884309453696, 0.0, 3.5485438249858694, -4.021444605959835, 1.0012324050406016, 0.0, 2.1823472181141597, 3.183579623154654, 7.005
0.002099198396793587, 0.7140315806180826, 5.011467020704219E-4, 3.215942016084, -0.0042940479870120065, 0.0, 6.877135062399202E-4, -0.0036063344807721652, -7.567200820886866, 0.0, 3.578560903071601, -3.9886399178159198, 1.0012442457407487, 0.0, 2.2062810828139363, 3.2075253285541883, 7.005
0.00210501002004008, 0.7159364637687898, 5.025341249210225E-4, 3.2416883615426286, -0.004304544966275168, 0.0, 6.92699705766216E-4, -0.003611845260509081, -7.564423116015183, 0.0, 3.6092697057467924, -3.955153410268528, 1.0012538257281518, 0.0, 2.230856437045728, 3.232110262773999, 7.005
0.002110821643286573, 0.7178382565709305, 5.039215477716233E-4, 3.2680747386382336, -0.004315038098557965, 0.0, 6.977289983813211E-4, -0.0036173091001767254, -7.561655315173986, 0.0, 3.640682577019341, -3.9209727381555037, 1.0012611102882079, 0.0, 2.2560841182577978, 3.257345228545308, 7.005
0.002116633266533066, 0.7197400493730711, 5.05308970622224E-4, 3.2951092514591664, -0.004325527397598932, 0.0, 7.028023694779541E-4, -0.003622725028121116, -7.558897414213442, 0.0, 3.6728118406695764, -3.88608557354429, 1.0012660680864909, 0.0, 2.2819749263505176, 3.2832409944368575, 7.005
0.002122444889779559, 0.7216418421752118, 5.066963934728247E-4, 3.322799946140094, -0.004336012877128748, 0.0, 7.079208215302751E-4, -0.003628092055598598, -7.556149405878453, 0.0, 3.705669795712629, -3.850479610166999, 1.0012686712669865, 0.0, 2.308539619438259, 3.3098082907043165, 7.005
0.0021282565130260516, 0.7235436349773523, 5.080838163234253E-4, 3.3511548116118774, -0.004346494550865772, 0.0, 7.130853740566229E-4, -0.003633409176809278, -7.553411279700797, 0.0, 3.739268711816276, -3.8141425678851504, 1.0012688955460585, 0.0, 2.3357889095729747, 3.3370578051186586, 7.005
0.0021340681362725447, 0.725445427779493, 5.09471239174026E-4, 3.3801817804193206, -0.0043569724325115515, 0.0, 7.18297063575582E-4, -0.0036386753689360736, -7.550683021893151, 0.0, 3.7736208247005867, -3.7770621971931746, 1.0012667203047392, 0.0, 2.3637334584576712, 3.3650001787620045, 7.005
0.002139879759519038, 0.7273472205816336, 5.108586620246267E-4, 3.4098887297388956, -0.004367446535746167, 0.0, 7.235569435556349E-4, -0.003643889592190648, -7.547964615246224, 0.0, 3.8087383314898693, -3.739226283757028, 1.0012621286777674, 0.0, 2.392383873119631, 3.3936460017969527, 7.005
0.002145691382765531, 0.7292490133837742, 5.122460848752275E-4, 3.440283482404766, -0.004377916874223358, 0.0, 7.288660843582859E-4, -0.0036490507898651854, -7.545256039028848, 0.0, 3.8446333860476436, -3.700622652981569, 1.00125510763951, 0.0, 2.4217507015741795, 3.4230058092135462, 7.005
0.002151503006012024, 0.7311508061859149, 5.136335077258282E-4, 3.47137380815343, -0.004388383461565636, 0.0, 7.342255731749084E-4, -0.003654157888390846, -7.542557268891427, 0.0, 3.8813180942755796, -3.6612391746169113, 1.0012456480866943, 0.0, 2.451844428459311, 3.4530900765451724, 7.005
0.002157314629258517, 0.7330525989880553, 5.150209305764288E-4, 3.503167424880985, -0.004398846311359155, 0.0, 7.39636513956865E-4, -0.00365920979740237, -7.539868276772717, 0.0, 3.9188045093831225, -3.6210637673897166, 1.0012337449175812, 0.0, 2.482675470648641, 3.4839092155662543, 7.005
0.00216312625250501, 0.734954391790196, 5.164083534270295E-4, 3.5356720001058193, -0.004409305437148488, 0.0, 7.451000273392006E-4, -0.0036642054098093933, -7.53718903080947, 0.0, 3.9571046271378316, -3.58008440367229, 1.0012193971082999, 0.0, 2.5142541728519756, 3.5154735699598287, 7.005
0.0021689378757515027, 0.7368561845923365, 5.177957762776301E-4, 3.5688951524317645, -0.004419760852431311, 0.0, 7.506172505572107E-4, -0.0036691436018741527, -7.534519495251993, 0.0, 3.9962303810827686, -3.5382891141696486, 1.0012026077833494, 0.0, 2.5465908031910653, 3.547793410974091, 7.005
0.0021747494989979954, 0.7387579773944771, 5.191831991282308E-4, 3.602844453165744, -0.004430212570652996, 0.0, 7.561893373576999E-4, -0.0036740232332954266, -7.531859630379574, 0.0, 4.036193637728858, -3.4956659926507307, 1.001183384286233, 0.0, 2.5796955487548123, 3.58087893304128, 7.005
0.0021805611222444885, 0.7406597701966178, 5.205706219788315E-4, 3.637527428032854, -0.004440660605200984, 0.0, 7.61817457901463E-4, -0.0036788431472996076, -7.529209392424573, 0.0, 4.0770061917360865, -3.452203200689591, 1.0011617382412663, 0.0, 2.6135785111543695, 3.6147402493946967, 7.005
0.0021863727454909817, 0.7425615629987584, 5.219580448294323E-4, 3.6729515589358925, -0.004451104969399133, 0.0, 7.675027986613417E-4, -0.0036836021707379527, -7.52656873349756, 0.0, 4.118679761051897, -3.407888972446284, 1.0011376856145058, 0.0, 2.6482497020379596, 3.6493873876521525, 7.005
0.0021921843687374744, 0.744463355800899, 5.233454676800329E-4, 3.709124285815733, -0.004461545676501965, 0.0, 7.732465623113798E-4, -0.003688299114190727, -7.523937601518484, 0.0, 4.161225982055218, -3.362711619463195, 1.0011112467686656, 0.0, 2.683719038622333, 3.684830285391341, 7.005
0.0021979959919839675, 0.7463651486030396, 5.247328905306336E-4, 3.746053008582294, -0.0044719827396887965, 0.0, 7.790499676113161E-4, -0.003692932772077622, -7.521315940151521, 0.0, 4.204656404657509, -3.3166595354940784, 1.0010824465143613, 0.0, 2.719996339183996, 3.7210787856985594, 7.005
0.0022038076152304607, 0.7482339427051216, 5.261203133812343E-4, 3.78374508910656, -0.004482416172057808, 0.0, 7.849142492821932E-4, -0.003697501922775775, -7.518703688745697, 0.0, 4.248982487400883, -3.269721201345692, 1.0010513141556725, 0.0, 2.7570913185582286, 3.7581426327133283, 7.005
0.002209619238476954, 0.7500853690703304, 5.27507736231835E-4, 3.8222078533142394, -0.004492845986619988, 0.0, 7.908406578769935E-4, -0.0037020053287431607, -7.516100782279511, 0.0, 4.294215592531868, -3.221885189747788, 1.0010178835317158, 0.0, 2.795013583616826, 3.796031467148712, 7.005
0.0022154308617234465, 0.7519367954355392, 5.288951590824356E-4, 3.8614485932257594, -0.004503272196293045, 0.0, 7.968304596432003E-4, -0.003706441736649994, -7.513507151312123, 0.0, 4.340366981068847, -3.1731401702435855, 1.0009821930517704, 0.0, 2.833772628748441, 3.834754821800184, 7.005
0.00222124248496994, 0.7537882218007482, 5.302825819330365E-4, 3.9014745691506505, -0.004513694813895327, 0.0, 8.028849363790492E-4, -0.0037108098775163606, -7.510922721937938, 0.0, 4.387447807844558, -3.123474914093845, 1.0009442857272532, 0.0, 2.8733778313194067, 3.87432211704635, 7.005
0.0022270541082164324, 0.755639648165957, 5.316700047836371E-4, 3.9422930118539625, -0.004524113852139387, 0.0, 8.090053852825279E-4, -0.003715108466856975, -7.508347415750053, 0.0, 4.435469116545414, -3.0728782992046018, 1.0009042091943952, 0.0, 2.9138384471384517, 3.9147426563331043, 7.005
0.0022328657314629255, 0.7574910745311659, 5.330574276342378E-4, 3.9839111247915753, -0.004534529323625979, 0.0, 8.1519311879414E-4, -0.0037193362048319467, -7.505781149805107, 0.0, 4.484441834734865, -3.0213393150702603, 1.0008620157365011, 0.0, 2.9551636059105366, 3.9560256216472207, 7.005
0.0022386773547094186, 0.7593425008963748, 5.344448504848385E-4, 4.026336086301853, -0.004544941240837566, 0.0, 8.214494644320398E-4, -0.0037234917764056904, -7.503223836598918, 0.0, 4.534376768870961, -2.9688470677283822, 1.000817762294736, 0.0, 2.9973623066924286, 3.998180068987047, 7.005
0.0022444889779559118, 0.7611939272615837, 5.358322733354392E-4, 4.069575051860738, -0.004555349616132027, 0.0, 8.277757646204757E-4, -0.003727573851511668, -7.500675384043911, 0.0, 4.5852845993135505, -2.9153907847305494, 1.000771510477704, 0.0, 3.040443413343635, 4.041214923821368, 7.005
0.0022503006012024045, 0.7630453536267925, 5.372196961860398E-4, 4.113635156327291, -0.004565754461736276, 0.0, 8.341733765115569E-4, -0.0037315810852247555, -7.498135695457242, 0.0, 4.63717587532643, -2.860959820131649, 1.0007233265603532, 0.0, 3.0844156499778017, 4.085138976537385, 7.005
0.002256112224448897, 0.7648967799920012, 5.386071190366404E-4, 4.158523516120795, -0.004576155789739927, 0.0, 8.406436718001488E-4, -0.003735512117939913, -7.495604669551546, 0.0, 4.690061010071056, -2.805543659481063, 1.0006732814805481, 0.0, 3.129287596411513, 4.129960877891738, 7.005
0.0022619238476953908, 0.7667482063572103, 5.399945418872413E-4, 4.204247231437876, -0.004586553612088848, 0.0, 8.47188036530739E-4, -0.0037393655755582587, -7.493082200436189, 0.0, 4.743950275604081, -2.7491319248322825, 1.0006214508251352, 0.0, 3.175067683624764, 4.1756891344500024, 7.005
0.0022677354709418835, 0.768599632722419, 5.413819647378419E-4, 4.2508133884318795, -0.004596947940578813, 0.0, 8.538078708989951E-4, -0.003743140069679905, -7.490568177622134, 0.0, 4.7988537978663395, -2.691714379755764, 1.0005679148127762, 0.0, 3.2217641892155564, 4.222332104028523, 7.005
0.0022735470941883766, 0.770451059087628, 5.427693875884426E-4, 4.298229061274014, -0.00460733878684913, 0.0, 8.605045890455951E-4, -0.0037468341978036702, -7.488062486037841, 0.0, 4.854781551670524, -2.633280934366848, 1.00051275826585, 0.0, 3.2693852328603032, 4.2698979911268715, 7.005
0.002279358717434869, 0.7723024854528368, 5.441568104390432E-4, 4.346501314215857, -0.004617726162376263, 0.0, 8.672796188421775E-4, -0.003750446543534217, -7.4855650060490735, 0.0, 4.911743355701307, -2.5738216503485285, 1.0004560705786973, 0.0, 3.317938771793907, 4.318394842372082, 7.005
0.0022851703406813625, 0.7741539118180458, 5.45544233289644E-4, 4.395637203608203, -0.004628110078467527, 0.0, 8.74134401672149E-4, -0.003753975676795562, -7.483075613489698, 0.0, 4.969748867501947, -2.5133267459873756, 1.0003979456750995, 0.0, 3.3674325962784404, 4.367830541954254, 7.005
0.002290981963927855, 0.7760053381832546, 5.469316561402446E-4, 4.445643779724605, -0.004638490546254899, 0.0, 8.81070392203356E-4, -0.0037574201540516144, -7.4805941796976, 0.0, 5.028807578479017, -2.451786601219312, 1.0003384819611245, 0.0, 3.417874325097481, 4.418212807058006, 7.005
0.0022967935871743483, 0.7778567645484634, 5.483190789908454E-4, 4.496528088584682, -0.004648867576688721, 0.0, 8.880890581540353E-4, -0.003760778518534841, -7.478120571560948, 0.0, 5.088928808904496, -2.3891917626567265, 1.0002777822675135, 0.0, 3.4692714010526298, 4.469549183320151, 7.005
0.0023026052104208414, 0.77966500952318, 5.497065018414461E-4, 4.548297173584842, -0.004659241180531603, 0.0, 8.951918800520972E-4, -0.003764049300479612, -7.475654651572074, 0.0, 5.150121702932518, -2.32553294863937, 1.0002159537850475, 0.0, 3.521631086479339, 4.521847040264764, 7.005
0.0023084168336673346, 0.7814201081711367, 5.510939246920468E-4, 4.600958077104224, -0.004669611368352337, 0.0, 9.023803509870115E-4, -0.0037672310173654487, -7.473196277889663, 0.0, 5.212395223618246, -2.2608010542715884, 1.0001531079917576, 0.0, 3.5749604587707386, 4.575113566762549, 7.005
0.0023142284569138273, 0.7831752068190933, 5.524813475426474E-4, 4.654517841788675, -0.0046799781505200005, 0.0, 9.096559763553808E-4, -0.0037703221741647117, -7.470745304410887, 0.0, 5.275758147951829, -2.1949871564598236, 1.000089360570705, 0.0, 3.6292664059203714, 4.629355766490478, 7.005
0.0023200400801603204, 0.78493030546705, 5.538687703932481E-4, 4.708983511899305, -0.004690341537198035, 0.0, 9.170202735993872E-4, -0.00377332126359875, -7.468301580851785, 0.0, 5.340219061906861, -2.1280825189447294, 1.0000248313196056, 0.0, 3.684555622084644, 4.684580453404628, 7.005
0.0023258517034068136, 0.7866854041150066, 5.552561932438488E-4, 4.764362134248813, -0.004700701538338492, 0.0, 9.244747719380289E-4, -0.0037762267664005686, -7.465864952837325, 0.0, 5.405786355499845, -2.0600785973384332, 0.9999596440512486, 0.0, 3.7408346031615647, 4.740794247212052, 7.005
0.0023316633266533067, 0.7884405027629634, 5.566436160944495E-4, 4.820660759095972, -0.004711058163676479, 0.0, 9.320210120920755E-4, -0.0037790371515844887, -7.4634352620010835, 0.0, 5.472468217864507, -1.9909670441370375, 0.9998939264847877, 0.0, 3.7981096423878546, 4.798003568872333, 7.005
0.002337474949899799, 0.7901956014109199, 5.580310389450502E-4, 4.877886440780458, -0.004721411422724726, 0.0, 9.396605460020684E-4, -0.0037817508767228024, -7.461012346095258, 0.0, 5.5402726323468405, -1.9207397137488944, 0.9998278101270325, 0.0, 3.8563868259614402, 4.856214636088256, 7.005
0.0023432865731462926, 0.7919507000588768, 5.59418461795651E-4, 4.936046238092331, -0.004731761324768175, 0.0, 9.47394936538979E-4, -0.0037843663882293765, -7.458596039109604, 0.0, 5.609207371623286, -1.8493886674853797, 0.9997614301450173, 0.0, 3.9156720286923776, 4.915433458838654, 7.005
0.0023490981963927853, 0.7937057987068333, 5.608058846462516E-4, 4.995147214440749, -0.0047421078788588925, 0.0, 9.552257572088135E-4, -0.0037868821216501397, -7.456186171402861, 0.0, 5.679279992835058, -1.7769061785681235, 0.9996949252267617, 0.0, 3.9759709096727858, 4.975665834899337, 7.005
0.002354909819639278, 0.7954608973547899, 5.621933074968522E-4, 5.0551964376813885, -0.004752451093811213, 0.0, 9.631545918506977E-4, -0.003789296501960693, -7.45378256984216, 0.0, 5.750497832737701, -1.7032847371049342, 0.9996284374345896, 0.0, 4.037288907965699, 5.036917345400129, 7.005
0.002360721442885771, 0.7972159960027465, 5.635807303474529E-4, 5.1162009797067185, -0.004762790978196884, 0.0, 9.711830343265317E-4, -0.003791607943870512, -7.4513850579554, 0.0, 5.822868002897561, -1.6285170550575927, 0.9995621120455642, 0.0, 4.099631238347809, 5.099193350393901, 7.005
0.0023665330661322643, 0.7989710946507033, 5.649681531980536E-4, 5.178167915706581, -0.004773127540340564, 0.0, 9.793126882063803E-4, -0.0037938148521342654, -7.448993456094511, 0.0, 5.896397384897652, -1.5525960711975657, 0.9994960973818062, 0.0, 4.163002887061108, 5.162498984442351, 7.005
0.0023723446893787574, 0.8007261932986599, 5.663555760486544E-4, 5.24110432306361, -0.0047834607883156174, 0.0, 9.875451664458114E-4, -0.0037959156218698095, -7.446607581608373, 0.0, 5.971092625572103, -1.4755149560374612, 0.9994305446317401, 0.0, 4.227408607599314, 5.22683915222987, 7.005
0.00237815631262525, 0.8024812919466165, 5.67742998899255E-4, 5.305017279890308, -0.004793790729939951, 0.0, 9.958820910566518E-4, -0.003797908638883414, -7.444227249029522, 0.0, 6.046960132280782, -1.3972671167485538, 0.9993656076577347, 0.0, 4.292852916537962, 5.292218524196084, 7.005
0.0023839679358717437, 0.8042363905945733, 5.691304217498558E-4, 5.369913863262809, -0.004804117372772405, 0.0, 0.0010043250927714367, -0.0037997922800011505, -7.441852270272444, 0.0, 6.124006068213626, -1.3178462020590855, 0.9993014427931878, 0.0, 4.359340089397162, 5.3586415321904015, 7.005
0.002389779559118236, 0.80599148924253, 5.705178446004564E-4, 5.435801146895756, -0.004814440724109023, 0.0, 0.0010128758107015613, -0.003801564913407697, -7.4394824548426115, 0.0, 6.202236347721217, -1.237246107121134, 0.9992382086287648, 0.0, 4.426874156533498, 5.426112365162935, 7.005
0.002395591182364729, 0.8077465878904866, 5.719052674510571E-4, 5.502686198515221, -0.004824760790980201, 0.0, 0.0010215358919891532, -0.003803224898991254, -7.43711761005909, 0.0, 6.281656631690068, -1.1554609783694463, 0.9991760657866168, 0.0, 4.49545889907944, 5.494634964865993, 7.005
0.002401402805611222, 0.809463616337298, 5.732926903016577E-4, 5.5705760766841195, -0.00483507758014745, 0.0, 0.001030306991451558, -0.0038047705886960284, -7.434757541290632, 0.0, 6.362272322955764, -1.07248521833521, 0.9991151766805433, 0.0, 4.565097844925308, 5.564213021605748, 7.005
0.0024072144288577154, 0.8110609955805107, 5.746801131522586E-4, 5.639477827261544, -0.004845391098101132, 0.0, 0.0010391907712208048, -0.0038062003268804004, -7.432402052202624, 0.0, 6.444088561747834, -0.9883134904551841, 0.999055705267001, 0.0, 4.63579426473346, 5.634849970000192, 7.005
0.002413026052104208, 0.8126583748237232, 5.760675360028592E-4, 5.709398479160882, -0.004855701351058136, 0.0, 0.0010481889003754637, -0.0038075124506828026, -7.430050945019655, 0.0, 6.527110221192537, -0.902940723827133, 0.9989978167804475, 0.0, 4.707551168015374, 5.706548984796032, 7.005
0.002418837675350701, 0.8142557540669356, 5.774549588534599E-4, 5.780345039803251, -0.004866008344960145, 0.0, 0.0010573030545676827, -0.0038087052903924834, -7.42770402079968, 0.0, 6.611341902838568, -0.8163621179624065, 0.998941677458124, 0.0, 4.780371299231727, 5.779312976688593, 7.005
0.002424649298597194, 0.8158531333101481, 5.788423817040605E-4, 5.852324489741932, -0.004876312085472174, 0.0, 0.0010665349156427709, -0.0038097771698295327, -7.425361079724503, 0.0, 6.696787932250987, -0.7285731474723852, 0.998887454249019, 0.0, 4.8542571339653, 5.853144588215674, 7.005
0.0024304609218436875, 0.8174505125533608, 5.802298045546613E-4, 5.925343776964382, -0.004886612577981526, 0.0, 0.0010758861712532493, -0.00381072640672845, -7.4230219214000694, 0.0, 6.7834523546369825, -0.6395695667628418, 0.9988353145137312, 0.0, 4.929210875126956, 5.928046189641231, 7.005
0.00243627254509018, 0.8190478917965732, 5.816172274052619E-4, 5.999409810294765, -0.004896909827597304, 0.0, 0.0010853585144672134, -0.0038115513131301744, -7.420686345176795, 0.0, 6.871338930526291, -0.5493474146505631, 0.998785425705279, 0.0, 5.005234449217743, 6.004019874923106, 7.005
0.002442084168336673, 0.8206452710397857, 5.830046502558626E-4, 6.07452945232626, -0.004907203839150252, 0.0, 0.001094953643370665, -0.0038122501957797462, -7.418354150479613, 0.0, 6.960451131506138, -0.4579030189740769, 0.998737955040699, 0.0, 5.082329502647562, 6.081067457687932, 7.005
0.002447895791583166, 0.8222426502829983, 5.843920731064634E-4, 6.1507095117121935, -0.004917494617193056, 0.0, 0.0011046732606626725, -0.003812821356530525, -7.416025137156353, 0.0, 7.050792136013204, -0.3652330011434846, 0.9986930691551079, 0.0, 5.160497398114825, 6.159190467269839, 7.005
0.0024537074148296588, 0.8238400295262107, 5.85779495957064E-4, 6.227956734406234, -0.004927782166001178, 0.0, 0.0011145190732463894, -0.0038132630927549503, -7.4136991058395605, 0.0, 7.142364825172438, -0.2713342806669595, 0.9986509337432025, 0.0, 5.23973921103165, 6.238390144775292, 7.005
0.002459519038076152, 0.8254374087694233, 5.871669188076647E-4, 6.306277794622474, -0.004938066489574301, 0.0, 0.001124492791814282, -0.003813573697760083, -7.41137585832435, 0.0, 7.23517177870457, -0.17620407962039702, 0.9986117131856829, 0.0, 5.320055726019343, 6.318667439204519, 7.005
0.0024653306613226446, 0.8270347880126356, 5.885543416582653E-4, 6.385679284530852, -0.0049483475916381045, 0.0, 0.0011345961304261784, -0.0038137514612121386, -7.409055197962648, 0.0, 7.329215270883085, -0.07983992707861133, 0.9985755701598358, 0.0, 5.401447433457186, 6.400023003618334, 7.005
0.002471142284569138, 0.8286321672558483, 5.899417645088661E-4, 6.466167703501469, -0.004958625475646756, 0.0, 0.001144830806082811, -0.0038137946695639934, -7.406736930072806, 0.0, 7.4244972665691105, 0.017760336496386725, 0.9985426652358486, 0.0, 5.483914526108453, 6.482457191344466, 7.005
0.002476953907815631, 0.8302295464990608, 5.913291873594667E-4, 6.54774944635119, -0.004968900144785943, 0.0, 0.0011551985382946377, -0.003813701606491471, -7.404420862366528, 0.0, 7.521019417296084, 0.11659855492824503, 0.9985131564566742, 0.0, 5.5674568957958614, 6.5659700522515045, 7.005
0.002482765531062124, 0.8318269257422733, 5.927166102100674E-4, 6.630430790517494, -0.004979171601976412, 0.0, 0.0011657010486433791, -0.003813470553333316, -7.402106805391499, 0.0, 7.6187830574280975, 0.21667625203519864, 0.998487198902931, 0.0, 5.652074130154678, 6.650561329056687, 7.005
0.002488577154308617, 0.8334243049854859, 5.941040330606682E-4, 6.714217882653429, -0.004989439849878461, 0.0, 0.0011763400603405708, -0.003813099789538133, -7.399794572991161, 0.0, 7.717789200384388, 0.3179946273932266, 0.9984649442421664, 0.0, 5.7377655094486855, 6.7362304536912605, 7.005
0.0024943887775551103, 0.8350216842286984, 5.954914559112689E-4, 6.799116723966108, -0.004999704890896482, 0.0, 0.0011871172977780883, -0.003812587593118571, -7.39748398278489, 0.0, 7.818038534957993, 0.42055455217230714, 0.9984465402576799, 0.0, 5.824530003485504, 6.822976543742684, 7.005
0.0025002004008016026, 0.8366127496689341, 5.968788787618695E-4, 6.8851331546743495, -0.005009966727184833, 0.0, 0.0011980344860771097, -0.0038119322411078946, -7.39517485666057, 0.0, 7.919531421654464, 0.5243565649949355, 0.9984321303670389, 0.0, 5.912366268546278, 6.910798398914647, 7.005
0.0025060120240480957, 0.8380270286258206, 5.982663016124702E-4, 6.972272837300807, -0.005020225360653992, 0.0, 0.0012090933506283819, -0.003811132010025718, -7.392867021288714, 0.0, 8.022267889174877, 0.6294008678863723, 0.9984218531193687, 0.0, 6.001272644465979, 6.999694497585736, 7.005
0.002511823647294589, 0.8394413075827071, 5.996537244630709E-4, 7.060541239025952, -0.0050304807929775295, 0.0, 0.00122029561663059, -0.0038101851763469793, -7.390560308655796, 0.0, 8.126247630917414, 0.735687322261797, 0.998415841674654, 0.0, 6.091247151727127, 7.089662993402027, 7.005
0.002517635270541082, 0.8408555865395936, 6.010411473136716E-4, 7.149943612856987, -0.005040733025600064, 0.0, 0.001231643008623072, -0.003809090016977032, -7.388254556611775, 0.0, 8.23147000159484, 0.8432154449821565, 0.998414223270284, 0.0, 6.182287488670642, 7.1807017119400856, 7.005
0.0025234468937875747, 0.84226986549648, 6.024285701642723E-4, 7.240484977474807, -0.005050982059745467, 0.0, 0.0012431372500119886, -0.0038078448097336737, -7.38594960944192, 0.0, 8.337934013925908, 0.951984404483289, 0.9984171186635348, 0.0, 6.2743910287832785, 7.272808147446438, 7.005
0.0025292585170340683, 0.8436841444533665, 6.038159930148731E-4, 7.332170096118716, -0.00506122789642645, 0.0, 0.0012547800625950373, -0.0038064478338316263, -7.383645318454263, 0.0, 8.445638335411546, 1.0619930169568366, 0.998424641560496, 0.0, 6.36755481806402, 7.365979459624423, 7.005
0.002535070140280561, 0.8450984234102529, 6.052034158654737E-4, 7.425003453893623, -0.005071470536454691, 0.0, 0.0012665731660799623, -0.0038048973703748573, -7.381341542586546, 0.0, 8.554581285186858, 1.1732397425993148, 0.9984368980262062, 0.0, 6.461775572468443, 7.460212470493865, 7.005
0.002540881763527054, 0.8465127023671394, 6.065908387160744E-4, 7.518989234066794, -0.005081709980451688, 0.0, 0.001278518277598971, -0.003803191702852829, -7.3790381490377746, 0.0, 8.664760830989096, 1.2857226819512466, 0.9984539858710929, 0.0, 6.557049675467665, 7.55550366133887, 7.005
0.0025466933867735464, 0.8479269813240258, 6.07978261566675E-4, 7.614131292781167, -0.005091946228860908, 0.0, 0.0012906171112192846, -0.003801329117641729, -7.376735013912104, 0.0, 8.776174586190871, 1.3994395722786181, 0.998475994027019, 0.0, 6.65337317567079, 7.651849169697834, 7.005
0.0025525050100200395, 0.8493412602809123, 6.093656844172757E-4, 7.710433132527214, -0.00510217928196043, 0.0, 0.0013028713774493397, -0.0037993079045112385, -7.374432022892227, 0.0, 8.888819806944676, 1.5143877840531488, 0.9985030018943134, 0.0, 6.750741784557758, 7.749244786453016, 7.005
0.0025583166332665327, 0.8507555392377988, 6.107531072678765E-4, 7.807897874016817, -0.005112409139876788, 0.0, 0.0013152827827406996, -0.003797126357136159, -7.372129071925404, 0.0, 9.002693389419322, 1.6305643174934574, 0.9985350786779007, 0.0, 6.849150874303117, 7.8476859529806715, 7.005
0.0025641282565130254, 0.8521698181946852, 6.121405301184771E-4, 7.906528226566479, -0.005122635802599673, 0.0, 0.001327853028988378, -0.003794782773611491, -7.369826067936728, 0.0, 9.117791867128389, 1.7479657991919444, 0.9985722826972501, 0.0, 6.948595475686414, 7.947167758384268, 7.005
0.002569939879759519, 0.8535840971515717, 6.135279529690779E-4, 8.006326457081741, -0.005132859269997639, 0.0, 0.0013405838130238837, -0.0037922754569739772, -7.367522929562052, 0.0, 9.234111408384416, 1.8665884788218579, 0.998614660678008, 0.0, 7.049070276132288, 8.047684936810152, 7.005
0.0025757515030060117, 0.8549983761084581, 6.149153758196785E-4, 8.107294357196224, -0.005143079541835016, 0.0, 0.0013534768261082575, -0.0037896027157267934, -7.3652195879005165, 0.0, 9.35164781381665, 1.9864282259169213, 0.9986622470256658, 0.0, 7.150569617806213, 8.149231864832723, 7.005
0.002581563126252505, 0.8564126550653446, 6.163027986702792E-4, 8.209433208996415, -0.005153296617789565, 0.0, 0.0013665337534201905, -0.0037867628643696305, -7.362915987294014, 0.0, 9.47039651404166, 2.107480526747572, 0.9987150630731095, 0.0, 7.253087495863269, 8.25180255893672, 7.005
0.0025873747494989975, 0.857826934022231, 6.176902215208798E-4, 8.312743748719186, -0.005163510497471417, 0.0, 0.0013797562735396035, -0.003783754223932144, -7.360612086125526, 0.0, 9.59035256741337, 2.2297404812883945, 0.9987731163110544, 0.0, 7.356617556775902, 8.355390673088042, 7.005
0.002593186372745491, 0.8592412129791176, 6.190776443714806E-4, 8.417226129033224, -0.005173721180443365, 0.0, 0.0013931460579318586, -0.003780575122511627, -7.358307857640637, 0.0, 9.711510657887727, 2.353202800245617, 0.9988363995970665, 0.0, 7.461153096767503, 8.45998949636329, 7.005
0.002598997995991984, 0.860655491936004, 6.204650672220813E-4, 8.522879879111315, -0.005183928666241616, 0.0, 0.001406704770425378, -0.0037772238958163895, -7.356003290795984, 0.0, 9.833865093009045, 2.4778618022128227, 0.9989048903380003, 0.0, 7.566687060370699, 8.565591950708706, 7.005
0.0026048096192384765, 0.8619259069003382, 6.21852490072682E-4, 8.6297038632556, -0.005194132954398635, 0.0, 0.0014204340666881879, -0.003773698887710515, -7.353698391126337, 0.0, 9.95740980201838, 2.603711410894054, 0.9989785496567523, 0.0, 7.673212039101701, 8.672190588760571, 7.005
0.0026106212424849696, 0.8631663501995573, 6.232399129232827E-4, 8.737696237109958, -0.005204334044466615, 0.0, 0.0014343355937031302, -0.0037699984507635134, -7.351393181638323, 0.0, 10.082138334065366, 2.7307451524279807, 0.9990573215328994, 0.0, 7.780720270232717, 8.7797775917666, 7.005
0.0026164328657314628, 0.8644067934987765, 6.246273357738834E-4, 8.846854402178906, -0.005214531936042119, 0.0, 0.0014484109892372865, -0.003766120946805153, -7.349087703730944, 0.0, 10.208043856554442, 2.858956152823631, 0.999141131918017, 0.0, 7.889203635700555, 8.888344767619218, 7.005
0.0026222444889779555, 0.8656472367979955, 6.26014758624484E-4, 8.957174958219184, -0.005224726628792678, 0.0, 0.0014626618813126172, -0.003762064747480247, -7.346782018134259, 0.0, 10.33511915360468, 2.9883371354713577, 0.9992298878354198, 0.0, 7.998653661119386, 8.99788354895604, 7.005
0.0026280561122244486, 0.8668876800972147, 6.274021814750847E-4, 9.06865365336671, -0.005234918122483945, 0.0, 0.0014770898876736716, -0.0037578282348103426, -7.344476205880468, 0.0, 10.463356624653176, 3.1188804187738097, 0.9993234764479111, 0.0, 8.109061514934423, 9.108384991383545, 7.005
0.0026338677354709418, 0.8681281233964339, 6.287896043256855E-4, 9.181285332350853, -0.005245106417008535, 0.0, 0.0014916966152507191, -0.0037534098017578815, -7.342170369295485, 0.0, 10.59274828318012, 3.250577913884412, 0.9994217641072147, 0.0, 8.22041800769725, 9.219839771804347, 7.005
0.002639679358717435, 0.869368566695653, 6.301770271762862E-4, 9.295063881987517, -0.0052552915124166565, 0.0, 0.0015064836596264258, -0.003748807852790345, -7.3398646330184745, 0.0, 10.723285755548977, 3.3834211225292963, 0.9995245953777177, 0.0, 8.332713591443412, 9.332238186820106, 7.005
0.0026454909819639276, 0.870609009994872, 6.315644500268868E-4, 9.409982174887773, -0.005265473408947318, 0.0, 0.0015214526044956891, -0.003744020804451881, -7.337559145046673, 0.0, 10.854960280016687, 3.5174011349693592, 0.9996317920352936, 0.0, 8.445938359243726, 9.445570151278766, 7.005
0.0026513026052104203, 0.871849453294091, 6.329518728774874E-4, 9.526032010475319, -0.005275652107061817, 0.0, 0.0015366050211276516, -0.003739047085934269, -7.335254077807621, 0.0, 10.98776270585316, 3.6525086280433974, 0.9997431520417307, 0.0, 8.560082044854354, 9.559825196894106, 7.005
0.0026571142284569135, 0.8730898965933103, 6.343392957280882E-4, 9.643204053362751, -0.005285827607478089, 0.0, 0.0015519424678250848, -0.0037338851396531425, -7.332949629258044, 0.0, 11.121683492612307, 3.788733863353029, 0.9998584484932636, 0.0, 8.675134022515582, 9.674992471007828, 7.005
0.002662925851703406, 0.8743303398925294, 6.357267185786888E-4, 9.761487769742416, -0.005295999911207237, 0.0, 0.001567466489383558, -0.0037285334218237903, -7.330646024010202, 0.0, 11.256712709546782, 3.9260666855345283, 0.9999774285444517, 0.0, 8.791083306887753, 9.791060735430325, 7.005
0.0026687374749498993, 0.8755707831917485, 6.371141414292895E-4, 9.880871360569472, -0.005306169019591123, 0.0, 0.0015831786165496978, -0.0037229904030416094, -7.328343514484667, 0.0, 11.392840035165941, 4.064496520681259, 1.0000998123066145, 0.0, 8.907918553125022, 9.90801836543191, 7.005
0.0026745490981963924, 0.8768112264909677, 6.385015642798903E-4, 10.001341692578535, -0.005316334934341764, 0.0, 0.0015990803654785946, -0.003717254568863418, -7.32604238209215, 0.0, 11.530054756941775, 4.204012374848374, 1.0002252917194092, 0.0, 9.025628057091701, 10.02585334881025, 7.005
0.0026803607214428856, 0.8780516697901868, 6.39888987130491E-4, 10.122884226148017, -0.005326497657582387, 0.0, 0.001615173237190362, -0.0037113244203922577, -7.323742938445467, 0.0, 11.66834577117296, 4.344602832726571, 1.0003535293941443, 0.0, 9.144199755731405, 10.14455328512499, 7.005
0.0026861723446893783, 0.8792921130894059, 6.412764099810916E-4, 10.245482940659713, -0.005336657191890335, 0.0, 0.001631458717029119, -0.003705198474861268, -7.321445526597628, 0.0, 11.807701582995337, 4.486256056396443, 1.0004841574331447, 0.0, 9.263621227572278, 10.26410538500424, 7.005
0.0026919839679358714, 0.880532556388625, 6.426638328316923E-4, 10.36912025662241, -0.005346813540341378, 0.0, 0.001647938274119437, -0.003698875266222111, -7.319150522309271, 0.0, 11.948110306548807, 4.628959784239388, 1.000616776221216, 0.0, 9.38387969338621, 10.38449646960754, 7.005
0.0026977955911823646, 0.8817729996878442, 6.44051255682293E-4, 10.493776955334397, -0.005356966706556013, 0.0, 0.0016646133608239078, -0.0036923533457322855, -7.316858335348385, 0.0, 12.089559665316651, 4.772701329968281, 1.0007509531871446, 0.0, 9.504962017012316, 10.505712970199756, 7.005
0.0027036072144288577, 0.8829190590190008, 6.454386785328937E-4, 10.619432094907097, -0.005367116694747728, 0.0, 0.0016814854122013945, -0.003685631282546585, -7.31456941081753, 0.0, 12.232036992615175, 4.917467581796961, 1.0008862215399617, 0.0, 9.626854706323513, 10.627740927863178, 7.005
0.00270941883767535, 0.8840074392585636, 6.468261013834943E-4, 10.746062923453792, -0.005377263509772823, 0.0, 0.0016985558454667565, -0.0036787076643063493, -7.312284230512487, 0.0, 12.37552923224292, 5.063245001730805, 1.0010220789753494, 0.0, 9.749543914344152, 10.750565993320311, 7.005
0.0027152304609218436, 0.8850958194981267, 6.482135242340952E-4, 10.873644789153332, -0.005387407157182158, 0.0, 0.0017158260594503233, -0.0036715810977317603, -7.310003314310836, 0.0, 12.520022939330685, 5.210019625018123, 1.001157986354275, 0.0, 9.873015440562932, 10.874173426915364, 7.005
0.0027210420841683363, 0.8861841997376895, 6.496009470846958E-4, 11.002151046886866, -0.0053975476432754025, 0.0, 0.0017332974340605045, -0.0036642502092151252, -7.3077272215930185, 0.0, 12.665504281311575, 5.357777059720982, 1.0012933663521262, 0.0, 9.997254732355, 10.9985480987099, 7.005
0.0027268537074148294, 0.8872725799772524, 6.509883699352965E-4, 11.131552961245688, -0.005407684975156318, 0.0, 0.0017509713297449297, -0.003656713645411702, -7.305456552694666, 0.0, 12.811959039124142, 5.506502486428999, 1.0014276020772563, 0.0, 10.12224688663367, 11.123674488710932, 7.005
0.002732665330661322, 0.8883609602168153, 6.523757927858971E-4, 11.261819606665085, -0.005417819160790932, 0.0, 0.001768849086955973, -0.003648970073835134, -7.3031919503895635, 0.0, 12.959372608541011, 5.656180658149335, 1.0015600356624434, 0.0, 10.247976651615168, 11.249536687275768, 7.005
0.0027384769539078157, 0.8894493404563782, 6.537632156364979E-4, 11.392917763327205, -0.005427950209067438, 0.0, 0.0017869320256179988, -0.0036410181834495153, -7.300934101407132, 0.0, 13.107730001703239, 5.806795900297297, 1.001689966823495, 0.0, 10.374428428780911, 11.376118395605713, 7.005
0.0027442885771543084, 0.8905377206959412, 6.551506384870985E-4, 11.524811810042593, -0.005438078129858118, 0.0, 0.001805221444595731, -0.0036328566852625727, -7.298683737980999, 0.0, 13.257015848843706, 5.9583321108636005, 1.0018166513889284, 0.0, 10.501586275021687, 11.503402926411791, 7.005
0.002750100200400801, 0.891626100935504, 6.565380613376992E-4, 11.657463612727952, -0.005448202934083718, 0.0, 0.0018237186211650103, -0.00362448431291916, -7.296441639431243, 0.0, 13.407214400179823, 6.110772760748312, 1.0019392997986614, 0.0, 10.62943390494216, 11.631373204741243, 7.005
0.0027559118236472947, 0.892714481175067, 6.579254841883E-4, 11.79083240975342, -0.005458324633779812, 0.0, 0.001842424810488269, -0.003615899823291635, -7.2942086337815235, 0.0, 13.558309527998617, 6.264100894215873, 1.0020570755698792, 0.0, 10.757954693345392, 11.760011768914191, 7.005
0.002761723446893787, 0.8938028614146298, 6.593129070389006E-4, 11.924874692987942, -0.0054684432421654924, 0.0, 0.0018613412450911443, -0.003607101997074605, -7.291985599409141, 0.0, 13.71028472894956, 6.418299129540835, 1.0021690937324035, 0.0, 10.887131677918326, 11.889300771651536, 7.005
0.00276753507014028, 0.8948912416541928, 6.607003298895013E-4, 12.059544084555455, -0.005478558773714439, 0.0, 0.001880469134342283, -0.0035980896393722622, -7.28977346672812, 0.0, 13.863123126508725, 6.573349659783374, 1.0022744192335824, 0.0, 11.01694756207881, 12.019221981315319, 7.005
0.002773346693386773, 0.8959796218937556, 6.620877527401019E-4, 12.19479121009499, -0.005488671244228411, 0.0, 0.0018998096639395168, -0.003588861580289121, -7.287573219909902, 0.0, 14.01680747366366, 6.729234253752656, 1.0023720653081305, 0.0, 11.147384718028919, 12.149756783336292, 7.005
0.0027791583166332664, 0.8970680021333186, 6.634751755907027E-4, 12.330563567496938, -0.005498780670912808, 0.0, 0.001919363995394982, -0.0035794166755181017, -7.285385898638298, 0.0, 14.171320155776593, 6.885934257137372, 1.0024609918156715, 0.0, 11.278425189983578, 12.280886181798742, 7.005
0.002784969939879759, 0.8981563823728814, 6.648625984413034E-4, 12.466805391166417, -0.005508887072455044, 0.0, 0.0019391332655284699, -0.003569753806926493, -7.2832125999007, 0.0, 14.326643193686001, 7.043430593786017, 1.0025401035451225, 0.0, 11.410050697620571, 12.412590801166285, 7.005
0.0027907815631262522, 0.8992447626124443, 6.662500212919041E-4, 12.603457512108434, -0.005518990469105348, 0.0, 0.0019591185859653554, -0.0035598718831400394, -7.281054479812735, 0.0, 14.482758246970555, 7.201703767156957, 1.0026082484880465, 0.0, 11.542242639681731, 12.544850888168982, 7.005
0.002796593186372745, 0.9003331428520072, 6.676374441425047E-4, 12.74045721354014, -0.005529090882760204, 0.0, 0.0019793210426366364, -0.0035497698401238675, -7.278912755483284, 0.0, 14.63964661745354, 7.360733861971119, 1.0026642160744101, 0.0, 11.67498209780722, 12.677646313882942, 7.005
0.0028024048096192385, 0.9013633636391094, 6.690248669931055E-4, 12.877738081535426, -0.005539188337047907, 0.0, 0.0019997416952826225, -0.003539446641765323, -7.276788706913284, 0.0, 14.797289252932545, 7.520500546018845, 1.0027067353764407, 0.0, 11.808249840585516, 12.810956575961598, 7.005
0.002808216432865731, 0.9023111918685586, 6.704122898437061E-4, 13.015229851482218, -0.0055492828574176135, 0.0, 0.0020203815769698763, -0.00352890128044811, -7.27468367893655, 0.0, 14.95566675108439, 7.68098307214522, 1.0027344732744161, 0.0, 11.942026327754904, 12.944760801027256, 7.005
0.0028140280561122243, 0.9032590200980077, 6.717997126943068E-4, 13.15285824910461, -0.005559374471230297, 0.0, 0.0020412416936025635, -0.003518132777627886, -7.272599083191437, 0.0, 15.114759363626476, 7.8421602804348005, 1.002746032593113, 0.0, 12.076291714666047, 13.079037747259148, 7.005
0.002819839679358717, 0.904206848327457, 6.731871355449076E-4, 13.290544827219492, -0.005569463207853119, 0.0, 0.0020623230234506074, -0.0035071401844026656, -7.2705364001376465, 0.0, 15.274547000690788, 8.004010600551476, 1.0027399501968677, 0.0, 12.21102585692848, 13.213765807123908, 7.005
0.00282565130260521, 0.9051546765569063, 6.745745583955083E-4, 13.42820679637407, -0.0055795490987560915, 0.0, 0.0020836265166747636, -0.003495922582081465, -7.268497181107715, 0.0, 15.435009235415041, 8.16651205430667, 1.002714695051953, 0.0, 12.346208315275508, 13.34892301032701, 7.005
0.002831462925851703, 0.9061025047863555, 6.759619812461089E-4, 13.565756851869082, -0.005589632177611829, 0.0, 0.0021051530948643787, -0.0034844790827478628, -7.266483050399925, 0.0, 15.596125308775248, 8.32964225837446, 1.002668666250714, 0.0, 12.481818360648353, 13.484487026898815, 7.005
0.0028372745490981956, 0.9070503330158046, 6.773494040967095E-4, 13.703102994099027, -0.005599712480398722, 0.0, 0.002126903650579867, -0.003472808829818888, -7.264495707408994, 0.0, 15.757874134649043, 8.493378427238829, 1.0026001910015327, 0.0, 12.617834979500993, 13.620435170501356, 7.005
0.002843086172344689, 0.9079981612452539, 6.787368269473103E-4, 13.840148344090267, -0.005609790045506014, 0.0, 0.0021488790469027935, -0.003460910998603378, -7.262536928798508, 0.0, 15.920234305111126, 8.657697376311665, 1.0025075225783662, 0.0, 12.75423687932299, 13.756744401900637, 7.005
0.002848897795591182, 0.9089459894747031, 6.801242497979109E-4, 13.9767909535949, -0.005619864913842877, 0.0, 0.0021710801169925187, -0.0034487847968504015, -7.2606085707123915, 0.0, 16.08318409596279, 8.822575525250755, 1.0023888382356605, 0.0, 12.891002494383928, 13.89339133262001, 7.005
0.002854709418837675, 0.9098938177041523, 6.815116726485116E-4, 14.112923609302015, -0.005629937128950177, 0.0, 0.002193507663651603, -0.003436429465298929, -7.258712571029222, 0.0, 16.246701472530724, 8.987988901500163, 1.0022422370827817, 0.0, 13.028109991731686, 14.03035222881365, 7.005
0.002860521042084168, 0.9108416459336015, 6.828990954991124E-4, 14.248433631497392, -0.005640006737115538, 0.0, 0.002216162458899204, -0.0034238442782162926, -7.256850951656166, 0.0, 16.410764095668938, 9.15391314401182, 1.0020657379221234, 0.0, 13.16553727737967, 14.16760301530078, 7.005
0.0028663326653306613, 0.9117894741630508, 6.842865183497131E-4, 14.383202666720535, -0.005650073787491345, 0.0, 0.0022390452435535474, -0.003411028543937669, -7.255025820866756, 0.0, 16.575349328052592, 9.320323507188307, 1.0018572770460454, 0.0, 13.303262002770442, 14.305119279818772, 7.005
0.0028721442885771536, 0.9127373023925, 6.856739412003137E-4, 14.517106474517277, -0.005660138332216369, 0.0, 0.002262156726822173, -0.003397981605394673, -7.253239375676018, 0.0, 16.740434240699457, 9.48719486502231, 1.001614706000114, 0.0, 13.441261571453591, 14.44287627745327, 7.005
0.0028779559118236467, 0.9136851306219492, 6.870613640509144E-4, 14.650014707873197, -0.0056702004265405705, 0.0, 0.002285497585900645, -0.003384702840640408, -7.251493904269324, 0.0, 16.90599561974949, 9.654501715481805, 1.0013357892955461, 0.0, 13.579513146007482, 14.580848935305367, 7.005
0.00288376753507014, 0.9146329588513984, 6.884487869015151E-4, 14.781790687578905, -0.005680260128953302, 0.0, 0.0023090684655853733, -0.003371191663368245, -7.249791788460916, 0.0, 17.072009973512976, 9.822218185052627, 1.0010182020952618, 0.0, 13.717993655207383, 14.719011857303668, 7.005
0.002889579158316633, 0.9155807870808477, 6.898362097521158E-4, 14.912291170319804, -0.005690317501314754, 0.0, 0.002332869977890284, -0.003357447523424706, -7.248135506207106, 0.0, 17.238453539785127, 9.990318033578198, 1.0006595278481503, 0.0, 13.856679801452989, 14.857339329301658, 7.005
0.0028953907815631257, 0.9165286153102968, 6.912236326027164E-4, 15.041366109708179, -0.00570037260899129, 0.0, 0.00235690270167796, -0.003343469907313573, -7.246527634156383, 0.0, 17.40530229339781, 10.15877465924092, 1.0002572558903409, 0.0, 13.995548068410832, 14.995805324301015, 7.005
0.0029012024048096193, 0.917449364707262, 6.926110554533173E-4, 15.168858411365363, -0.0057104255209943465, 0.0, 0.0023811671823007474, -0.003329258338694116, -7.244970850248239, 0.0, 17.572531954078467, 10.327561103830021, 0.9998087790010299, 0.0, 14.134574728948323, 15.134383507949892, 7.005
0.002907014028056112, 0.9182663119130378, 6.939984783039179E-4, 15.29460368058426, -0.005720476310122385, 0.0, 0.002405663931250468, -0.0033148123788721423, -7.243467936357986, 0.0, 17.740117994561395, 10.496650058205107, 0.9993113909149139, 0.0, 14.273735853306942, 15.273047244223877, 7.005
0.002912825651302605, 0.9190832591188135, 6.953859011545186E-4, 15.418429963719973, -0.005730525053107036, 0.0, 0.0024303934258234905, -0.003300131627283903, -7.242021780984423, 0.0, 17.908035648988328, 10.666013868006166, 0.9987622837958622, 0.0, 14.413007317541839, 15.411769601340476, 7.005
0.002918637274549098, 0.9199002063245892, 6.967733240051192E-4, 15.54015748159145, -0.005740571830763354, 0.0, 0.002455356108794382, -0.003285215721969159, -7.240635381981321, 0.0, 18.07625992156142, 10.835624539579058, 0.9981585456707888, 0.0, 14.55236481220109, 15.550523357871105, 7.005
0.002924448897795591, 0.9207171535303651, 6.9816074685572E-4, 15.659598356767674, -0.005750616728143018, 0.0, 0.0024805523881047953, -0.003270064340038681, -7.239311849343999, 0.0, 18.244765595515297, 11.00545374616981, 0.9974971578106583, 0.0, 14.691783851301858, 15.689281009111685, 7.005
0.0029302605210420837, 0.9215341007361408, 6.995481697063206E-4, 15.776556332581094, -0.0057606598346918204, 0.0, 0.002505982636560211, -0.003254677198131703, -7.238054408036105, 0.0, 18.413527242358615, 11.175472834322749, 0.9967749920754259, 0.0, 14.831239781564806, 15.828014773640605, 7.005
0.0029360721442885764, 0.9223510479419166, 7.009355925569213E-4, 15.89082648508338, -0.005770701244411883, 0.0, 0.0025316471915472205, -0.0032390540528647316, -7.2368664008624455, 0.0, 18.58251923139661, 11.345652830534343, 0.9959888082176352, 0.0, 14.97070779190029, 15.966696600118201, 7.005
0.00294188376753507, 0.9231679951476924, 7.023230154075221E-4, 16.00219492742326, -0.005780741056025919, 0.0, 0.0025575463547548027, -0.0032231947012713313, -7.235751291397588, 0.0, 18.75171573957984, 11.515964448180167, 0.9951352511310657, 0.0, 15.110162923215436, 16.105298174344725, 7.005
0.0029476953907815627, 0.9239849423534682, 7.037104382581227E-4, 16.110438506148057, -0.005790779373148099, 0.0, 0.0025836803919179474, -0.0032070989812300887, -7.234712666955931, 0.0, 18.92109076160698, 11.686378094653518, 0.9942108480652089, 0.0, 15.249580078444076, 16.243790926511664, 7.005
0.002953507014028056, 0.924801889559244, 7.050978611087234E-4, 16.215324489574414, -0.005800816304457224, 0.0, 0.0026100495325709627, -0.0031907667718865107, -7.233754241613223, 0.0, 19.090618120370035, 11.85686387875836, 0.9932120057893621, 0.0, 15.388934032906175, 16.38214603869744, 7.005
0.0029593186372745485, 0.9256188367650198, 7.06485283959324E-4, 16.316610248373763, -0.005810851963874677, 0.0, 0.002636653969816022, -0.003174197994058714, -7.232879859281064, 0.0, 19.260271477683816, 12.027391618404389, 0.9921350077083473, 0.0, 15.528199444931005, 16.520334452641073, 7.005
0.002965130260521042, 0.9264357839707956, 7.078727068099248E-4, 16.414042927641276, -0.005820886470746928, 0.0, 0.0026634938601080294, -0.003157392610639187, -7.232093496822548, 0.0, 19.43002434531522, 12.197930848493089, 0.9909760109412663, 0.0, 15.66735086675826, 16.65832687770035, 7.005
0.002970941883767535, 0.9272527311765714, 7.092601296605254E-4, 16.507359110430116, -0.005830919950031977, 0.0, 0.00269056932305356, -0.0031403506269786774, -7.23139926722998, 0.0, 19.599850096356082, 12.368450829124733, 0.9897310433414607, 0.0, 15.806362755764484, 16.79609379910494, 7.005
0.0029767535070140275, 0.9280696783823471, 7.106475525111262E-4, 16.596284473020205, -0.005840952532490742, 0.0, 0.0027178804412279767, -0.0031230720912632792, -7.230801422842302, 0.0, 19.769721976867945, 12.538920554026834, 0.9883960004813989, 0.0, 15.945209485937466, 16.933605486420777, 7.005
0.0029825651302605206, 0.928886625588123, 7.120349753617269E-4, 16.680533431393997, -0.005850984354882356, 0.0, 0.002745427260004041, -0.0031055570948783917, -7.230304358623773, 0.0, 19.93961311790042, 12.709308759278077, 0.9869666425794315, 0.0, 16.083865359710153, 17.07083200229112, 7.005
0.0029883767535070138, 0.9297035727938988, 7.134223982123276E-4, 16.759808778224397, -0.005861015560164613, 0.0, 0.002773209787406833, -0.0030878057727581343, -7.229912615487527, 0.0, 20.10949654777693, 12.879583932289167, 0.9854385913865062, 0.0, 16.222304620027177, 17.20774321141394, 7.005
0.0029941883767535065, 0.9305205199996744, 7.148098210629282E-4, 16.83380131188096, -0.0058710462976985615, 0.0, 0.0028012279939724216, -0.0030698183037262683, -7.229630883677326, 0.0, 20.27934520476049, 13.049714321081796, 0.9838073270180245, 0.0, 16.360501462788715, 17.34430878980555, 7.005
0.0029999999999999996, 0.9313374672054503, 7.161972439135289E-4, 16.902189455340704, -0.005881076723458271, 0.0, 0.0028294818126394505, -0.003051594910818578, -7.229464006193471, 0.0, 20.449131949983748, 13.219667943792835, 0.9820681847462797, 0.0, 16.49843004951529, 17.480498234263788, 7.005
