phi0, phi, rho, Z_fit_curve, F_id, F_fr, F_ex, F_total, mu_id, mu_fr, mu_ex, mu_kT, PV_id, PV_fr, PV_ex, PV_NkT, alpha
1.0000000000000005E-4, 0.03435602155846759, 2.387324146378431E-5, 1.0055916346854314, -2.7748178210136603E-4, 0.0, 2.5013010844912548E-6, -2.749804810168302E-4, -10.543458021059955, 0.0, -0.22178835858688675, -10.765246379647813, 1.0796716876687764, 0.0, -0.32656261340627213, 0.7531090742596657, 7.004999999999982
1.0581162324649302E-4, 0.03637662431146499, 2.5260664314385E-5, 1.005006471133436, -2.920796447809966E-4, 0.0, 2.210166321149873E-6, -2.898694784598035E-4, -10.49986321531935, 0.0, -0.19803040993851317, -10.697893625258803, 1.0627640040554076, 0.0, -0.2855247962160453, 0.7772392078367107, 7.004999999999983
1.1162324649298601E-4, 0.03839358460488386, 2.6648087164985692E-5, 1.004645282614063, -3.0661779360061146E-4, 0.0, 1.951410007372673E-6, -3.0466638359319685E-4, -10.457373781642469, 0.0, -0.17510981162841968, -10.632483593271795, 1.0488101970519745, 0.0, -0.24833870776985578, 0.8004714892796384, 7.004999999999985
1.1743486973947899E-4, 0.04040721711726689, 2.8035510015586382E-5, 1.0045306417631554, -3.210977398120595E-4, 0.0, 1.7238882210522857E-6, -3.1937385159096633E-4, -10.415957618618794, 0.0, -0.15300093326952893, -10.568958551889196, 1.0372936200262215, 0.0, -0.21449038789667457, 0.8228032321272164, 7.004999999999985
1.2324649298597198E-4, 0.04241781788358411, 2.9422932866187073E-5, 1.004681086314187, -3.355209507097683E-4, 0.0, 1.5264922604646888E-6, -3.3399445844926407E-4, -10.37558345909601, 0.0, -0.13167863361109367, -10.507262092707943, 1.0277988017985182, 0.0, -0.1835596703319074, 0.8442391314644254, 7.0049999999999875
1.2905811623246496E-4, 0.04442566508429674, 3.081035571678776E-5, 1.0051114180110179, -3.498888507758335E-4, 0.0, 1.3581479685401033E-6, -3.4853070280725494E-4, -10.33622085238404, 0.0, -0.11111825633096137, -10.447339108715816, 1.0199885335786198, 0.0, -0.15519914851618477, 0.8647893850603706, 7.0049999999999875
1.3486973947895794E-4, 0.04643101981019939, 3.2197778567388454E-5, 1.005832987517638, -3.6420282280062244E-4, 0.0, 1.2178150630257415E-6, -3.629850077375593E-4, -10.297840146753163, 0.0, -0.09129562575066687, -10.389135772504623, 1.0135868834800823, 0.0, -0.12911857867510268, 0.8844683048030256, 7.004999999999988
1.4068136272545094E-4, 0.048434126803571224, 3.3585201417989144E-5, 1.006853965780015, -3.78464208979296E-4, 0.0, 1.1044864726450747E-6, -3.7735972250661483E-4, -10.260412472222761, 0.0, -0.07218704247684261, -10.33259951470037, 1.0083664244427286, 0.0, -0.10507314784506833, 0.9032932765958196, 7.004999999999989
1.4649298597194392E-4, 0.050435215176158774, 3.4972624268589835E-5, 1.0081796022847178, -3.926743119846531E-4, 0.0, 1.0171876793534057E-6, -3.9165712430526444E-4, -10.223909723637147, 0.0, -0.05376927897238195, -10.27767900261027, 1.0041385054266314, 0.0, -0.08285453352867152, 0.9212839718962111, 7.004999999999991
1.523046092184369E-4, 0.05243449910450491, 3.6360047119190525E-5, 1.0098124706487681, -4.068343960166884E-4, 0.0, 9.549760667848901E-7, -4.058794199498694E-4, -10.188304544025053, 0.0, -0.036019575060728594, -10.224324119086504, 1.0007457529412749, 0.0, -0.062284009307868544, 0.9384617436317465, 7.004999999999991
1.5811623246492988E-4, 0.054432178503131215, 3.7747469969791216E-5, 1.0117527019650472, -4.209456878292603E-4, 0.0, 9.16940274981495E-7, -4.200287475542457E-4, -10.153570308239336, 0.0, -0.018915633366622636, -10.172485941606658, 0.9980562290130243, 0.0, -0.04320707000370877, 0.9548491590077393, 7.004999999999992
1.639278557114229E-4, 0.05642843967607282, 3.913489282039191E-5, 1.013998206317686, -4.3500937773425065E-4, 0.0, 9.021995614897411E-7, -4.341071781727287E-4, -10.11968110687345, 0.0, -0.0024356146965641553, -10.122116721570693, 0.9959588344625183, 0.0, -0.025489199272107806, 0.9704696351889089, 7.004999999999994
1.6973947895791589E-4, 0.05842345594725742, 4.0522315670992603E-5, 1.0165448828720594, -4.4902662058360067E-4, 0.0, 9.099031689066323E-7, -4.4811671741466275E-4, -10.086611730451388, 0.0, 0.013441866637785412, -10.07316986381426, 0.9943596589756662, 0.0, -0.009012505819462264, 0.9853471531547758, 7.004999999999993
1.7555110220440886E-4, 0.06041738827021279, 4.1909738521593294E-5, 1.0193868189344173, -4.6299853672959876E-4, 0.0, 9.392296989518402E-7, -4.620593070306166E-4, -10.054337653887613, 0.0, 0.028737747550107915, -10.02559990633815, 0.9931790585119759, 0.0, 0.006326973059880119, 0.9995060315704875, 7.004999999999995
1.8136272545090187E-4, 0.06241038581757935, 4.3297161372193984E-5, 1.0225164783666953, -4.76926212963795E-4, 0.0, 9.893864931385803E-7, -4.7593682647062706E-4, -10.022835021213803, 0.0, 0.04347252096072842, -9.979362500253696, 0.9923492968529077, 0.0, 0.020621450318162524, 1.0129707471697702, 7.004999999999995
1.8717434869739485E-4, 0.06440258655089684, 4.4684584222794675E-5, 1.0259248797327543, -4.908107034349049E-4, 0.0, 1.0596090201117324E-6, -4.897510944147648E-4, -9.992080630568942, 0.0, 0.057666240625661946, -9.934414389943887, 0.9918126286309629, 0.0, 0.033953162870958335, 1.0257657915006781, 7.0049999999999955
1.9298597194388782E-4, 0.06639411777112744, 4.6072007073395365E-5, 1.0296017645431308, -5.046530305460731E-4, 0.0, 1.1491602697172342E-6, -5.035038702763282E-4, -9.962051919449635, 0.0, 0.07133852601039978, -9.890713393439826, 0.9915197307311714, 0.0, 0.04639582560044032, 1.0379155563304188, 7.004999999999996
1.987975951903808E-4, 0.06838509665036976, 4.7459429923996056E-5, 1.0335357559563723, -5.184541858318471E-4, 0.0, 1.2573301538628195E-6, -5.171968556779572E-4, -9.932726950217255, 0.0, 0.08450856720549321, -9.848218383012338, 0.9914284107326334, 0.0, 0.05801583107536329, 1.049444241806851, 7.004999999999995
2.046092184368738E-4, 0.07037563074521105, 4.8846852774596746E-5, 1.03771450828617, -5.322151308152234E-4, 0.0, 1.383434914226067E-6, -5.308316959009711E-4, -9.904084395858819, 0.0, 0.09719512988103529, -9.806889265978345, 0.9915025372671303, 0.0, 0.06887324554981929, 1.0603757828158524, 7.0049999999999955
2.1042084168336678E-4, 0.07236581849215828, 5.023427562519744E-5, 1.0421248476547866, -5.459367978451103E-4, 0.0, 1.526816536861728E-6, -5.444099813082232E-4, -9.876103525998309, 0.0, 0.10941656027719446, -9.766686965721659, 0.9917111493519454, 0.0, 0.07902264063050846, 1.0707337899814016, 7.004999999999996
2.1623246492985976E-4, 0.07435574968558113, 5.162169847579813E-5, 1.0467529041247172, -5.596200909145547E-4, 0.0, 1.6868421737564717E-6, -5.579332487407736E-4, -9.848764193155297, 0.0, 0.12119079022801314, -9.727573402927817, 0.9920277109879218, 0.0, 0.08851379153244879, 1.0805415025193605, 7.0049999999999955
2.2204408817635274E-4, 0.07634550593859352, 5.300912132639882E-5, 1.0515842356320757, -5.732658864600735E-4, 0.0, 1.862903571375183E-6, -5.714029828886745E-4, -9.822046819247738, 0.0, 0.1325353422157233, -9.689511477032541, 0.9924294843725622, 0.0, 0.0973922663683701, 1.0898217507399552, 7.004999999999996
2.2785571142284574E-4, 0.07833516112729244, 5.439654417699951E-5, 1.0566039440369455, -5.868750341424258E-4, 0.0, 2.054416506239425E-6, -5.848206176361632E-4, -9.7959323823358, 0.0, 0.1434673344528898, -9.652465047883423, 0.9928970005163196, 0.0, 0.1056999259286532, 1.0985969264440354, 7.004999999999996
2.3366733466933872E-4, 0.08032478181876739, 5.57839670276002E-5, 1.0617967835977677, -6.004483576091601E-4, 0.0, 2.2608202275746985E-6, -5.981875373815628E-4, -9.770402403603601, 0.0, 0.15400348598974214, -9.616398917614363, 0.9934136102714346, 0.0, 0.11347534953691306, 1.106888959807438, 7.004999999999996
2.394789579158317E-4, 0.08231442768328566, 5.717138987820089E-5, 1.0671472621688567, -6.13986655239261E-4, 0.0, 2.481576907059709E-6, -6.115050783321792E-4, -9.745438934575851, 0.0, 0.16416012184410422, -9.581278812732242, 0.9939651020814848, 0.0, 0.12075419954019467, 1.1147193016207981, 7.004999999999998
2.4529058116232465E-4, 0.08430415189105253, 5.855881272880157E-5, 1.0726397354122497, -6.274907008702221E-4, 0.0, 2.7161710957072503E-6, -6.247745297744941E-4, -9.721024544566278, 0.0, 0.17395317815137473, -9.547071366415384, 0.9945393753558376, 0.0, 0.12756953461190576, 1.122108909966908, 7.004999999999996
2.511022044088177E-4, 0.08629400149393898, 5.994623557940227E-5, 1.0782584943074052, -6.40961244507865E-4, 0.0, 2.9641091879027564E-6, -6.37997135319942E-4, -9.69714230835489, 0.0, 0.18339820733207698, -9.513744101023285, 0.9951261604278501, 0.0, 0.1339520801607282, 1.1290782405877677, 7.004999999999996
2.5691382765531066E-4, 0.08828401779256256, 6.133365843000296E-5, 1.0839878462346269, -6.543990130192147E-4, 0.0, 3.224918892623133E-6, -6.511740941265718E-4, -9.673775794091025, 0.0, 0.19251038327452474, -9.481265410816961, 0.9957167776923367, 0.0, 0.13993046263757836, 1.1356472403291327, 7.004999999999997
2.6272545090180364E-4, 0.09027423668910062, 6.272108128060365E-5, 1.0898121899006785, -6.678047108087509E-4, 0.0, 3.4981487118553294E-6, -6.643065620968763E-4, -9.65090905141924, 0.0, 0.20130450653021675, -9.44960454488948, 0.996303929828706, 0.0, 0.14553141333041691, 1.14183534315836, 7.004999999999997
2.685370741482966E-4, 0.09226468902620912, 6.410850413120434E-5, 1.0957160843676945, -6.811790204783337E-4, 0.0, 3.7833674262305177E-6, -6.77395653052085E-4, -9.628526599825097, 0.0, 0.20979500951961103, -9.41873159030593, 0.9968815220713991, 0.0, 0.15077994626860322, 1.147661468339274, 7.004999999999998
2.743486973947896E-4, 0.0942554009124127, 6.549592698180503E-5, 1.101684312439327, -6.945226034711146E-4, 0.0, 4.0801635878868575E-6, -6.904424398832099E-4, -9.606613417197897, 0.0, 0.2179959617459809, -9.388617455452355, 0.9974445063437459, 0.0, 0.15569951407496255, 1.1531440204179986, 7.004999999999996
2.8016032064128257E-4, 0.09624639403432711, 6.688334983240572E-5, 1.1077019386509783, -7.07836100699724E-4, 0.0, 4.388145020570182E-6, -7.034479556791368E-4, -9.585154928607544, 0.0, 0.22592107501510378, -9.359233853592874, 0.9979887457658, 0.0, 0.1603121449665063, 1.1583008907316155, 7.004999999999997
2.859719438877756E-4, 0.09823768595606697, 6.827077268300641E-5, 1.1137543621040529, -7.211201331590387E-4, 0.0, 4.706938326979628E-6, -7.164131948320428E-4, -9.56413699529255, 0.0, 0.23358370865857458, -9.330553286634403, 0.998510896614726, 0.0, 0.16463856358405202, 1.1631494601981123, 7.005
2.917835671342686E-4, 0.10022929040618692, 6.96581955336071E-5, 1.1198273643773464, -7.343753025238115E-4, 0.0, 5.036188403361265E-6, -7.29339114120434E-4, -9.543545903856447, 0.0, 0.24099687475859408, -9.30254902909827, 0.9990083052818962, 0.0, 0.16869829790367802, 1.1677066031849257, 7.004999999999998
2.9759519038076156E-4, 0.10222121755249813, 7.10456183842078E-5, 1.125907152742001, -7.476021917314577E-4, 0.0, 5.375557961350647E-6, -7.422266337700915E-4, -9.523368355669716, 0.0, 0.24817324337211652, -9.27519511229801, 0.9994789181550787, 0.0, 0.1725097741307039, 1.1719886922851548, 7.004999999999997
3.0340681362725453E-4, 0.10421347426509464, 7.243304123480848E-5, 1.131980398899902, -7.608013655502781E-4, 0.0, 5.724727057061766E-6, -7.550766384932013E-4, -9.503591456474455, 0.0, 0.25512514775229544, -9.248466308722568, 0.9999212026718609, 0.0, 0.17609040118541114, 1.1760116038566544, 7.004999999999998
3.092184368737475E-4, 0.10620606436792, 7.382046408540918E-5, 1.13803427345895, -7.739733711333968E-4, 0.0, 6.0833926274172515E-6, -7.678899785059653E-4, -9.484202706189048, 0.0, 0.2618645895652049, -9.222338116624249, 1.000334078054423, 0.0, 0.1794566461475253, 1.1797907242013514, 7.004999999999998
3.150300601202405E-4, 0.10819898887919727, 7.520788693600987E-5, 1.1440564763523384, -7.871187385586933E-4, 0.0, 6.451268033712146E-6, -7.806674705249674E-4, -9.465189988910007, 0.0, 0.26840324409987065, -9.196786744810534, 1.0007168544561431, 0.0, 0.18262410182452435, 1.183340956280086, 7.004999999999998
3.2084168336673347E-4, 0.11019224624103978, 7.659530978661056E-5, 1.1500352634027549, -8.002379813549955E-4, 0.0, 6.828082612400227E-6, -7.934098987425819E-4, -9.446541563108315, 0.0, 0.27475246546967635, -9.171789097639031, 1.0010691794346063, 0.0, 0.18560754743980207, 1.1866767268738412, 7.004999999999996
3.266533066132265E-4, 0.11218583253855559, 7.798273263721125E-5, 1.1559594692263362, -8.133315970148053E-4, 0.0, 7.213581233089913E-6, -8.06118015781703E-4, -9.42824605201761, 0.0, 0.280923291803265, -9.147322760214731, 1.0013909908205807, 0.0, 0.18842100329474726, 1.1898119941147831, 7.004999999999997
3.324649298597195E-4, 0.11417974170875024, 7.937015548781194E-5, 1.1618185266653056, -8.264000674938222E-4, 0.0, 7.607523863733747E-6, -8.187925436300759E-4, -9.410292434211417, 0.0, 0.2869264504230972, -9.123365983788705, 1.0016824751828817, 0.0, 0.19107778013918983, 1.1927602553215262, 7.004999999999997
3.3827655310621245E-4, 0.11617396573952982, 8.075757833841263E-5, 1.1676024829322895, -8.394438596975187E-4, 0.0, 8.00968514299323E-6, -8.314341745545139E-4, -9.392670034366908, 0.0, 0.29277236300986975, -9.099897671357422, 1.001944031199174, 0.0, 0.1935905238835299, 1.1955345550821754, 7.004999999999997
3.4408817635270543E-4, 0.11816849485909772, 8.214500118901332E-5, 1.1733020126436573, -8.52463425955034E-4, 0.0, 8.419853959757896E-6, -8.440435719952649E-4, -9.375368514212456, 0.0, 0.2984711507510414, -9.076897363461784, 1.0021762373365726, 0.0, 0.1959712562001356, 1.1981474935362018, 7.004999999999998
3.498997995991984E-4, 0.12016331771603546, 8.353242403961401E-5, 1.1789084279135646, -8.654592044806299E-4, 0.0, 8.837833039795684E-6, -8.566213714408236E-4, -9.358377863656393, 0.0, 0.30403263947176623, -9.054345224184996, 1.0023798233251144, 0.0, 0.1982314114886722, 1.2006112348132914, 7.004999999999997
3.557114228456914E-4, 0.12215842155035044, 8.49198468902147E-5, 1.1844136856748873, -8.784316198229654E-4, 0.0, 9.263438539508848E-6, -8.691681812834461E-4, -9.341688392094504, 0.0, 0.3094663647465587, -9.032222027348313, 1.0025556449750777, 0.0, 0.20038187061782198, 1.2029375155924102, 7.004999999999996
3.6152304609218436E-4, 0.12415379235577013, 8.630726974081539E-5, 1.189810392387873, -8.913810833024317E-4, 0.0, 9.696499646767658E-6, -8.816845836556541E-4, -9.325290719893495, 0.0, 0.31478157699007325, -9.01050914290379, 1.0027046619473288, 0.0, 0.20243299180267615, 1.2051376537495222, 7.004999999999999
3.6733466933867734E-4, 0.12614941503355365, 8.769469259141608E-5, 1.1950918062919667, -9.043079934367948E-4, 0.0, 1.0136858188791704E-5, -8.941711352479936E-4, -9.309175770048094, 0.0, 0.31998724652542254, -8.989188523523026, 1.0028279181353366, 0.0, 0.20439463893147175, 1.2072225570663442, 7.004999999999997
3.731462925851704E-4, 0.12814527353809096, 8.908211544201677E-5, 1.200251837351214, -9.172127363553778E-4, 0.0, 1.0584368247046665E-5, -9.066283681083224E-4, -9.293334760009131, 0.0, 0.3250920686284855, -8.968242691381, 1.0029265243604348, 0.0, 0.20627620761611437, 1.2092027319760967, 7.004999999999997
3.7895791583166335E-4, 0.13014135101454954, 9.046953829261746E-5, 1.205285045038428, -9.300956862020262E-4, 0.0, 1.1038895779122111E-5, -9.19056790422896E-4, -9.277759193680222, 0.0, 0.3301044685467202, -8.947654725133857, 1.0030016431187454, 0.0, 0.20808664920715902, 1.2110882923254598, 7.004999999999999
3.8476953907815633E-4, 0.1321376299288275, 9.185696114321815E-5, 1.2101866340984921, -9.429572055270824E-4, 0.0, 1.1500318247554064E-5, -9.314568872795207E-4, -9.262440853580468, 0.0, 0.3350326064910127, -8.927408247089808, 1.0030544751500006, 0.0, 0.20983449298469473, 1.2128889681342607, 7.004999999999996
3.905811623246493E-4, 0.13413409219006406, 9.324438399381884E-5, 1.2149524484261884, -9.557976456686015E-4, 0.0, 1.196852425555369E-5, -9.438291214130406E-4, -9.24737179317085, 0.0, 0.33988438259916015, -8.907487410572037, 1.0030862476261284, 0.0, 0.21152786671132842, 1.2146141143370324, 7.004999999999998
3.963927855711423E-4, 0.13613071926595507, 9.463180684441953E-5, 1.219578963189241, -9.686173471230314E-4, 0.0, 1.2443413189602082E-5, -9.561739339334228E-4, -9.232544329341787, 0.0, 0.3446674418696085, -8.887876887472522, 1.0030982037813256, 0.0, 0.21317451571149537, 1.2162727194924075, 7.004999999999997
4.0220440881763526E-4, 0.1381274922911149, 9.601922969502022E-5, 1.224063275322615, -9.814166399055837E-4, 0.0, 1.2924894868868915E-5, -9.684917450367083E-4, -9.217951035059542, 0.0, 0.3493891790641007, -8.868561855995788, 1.0030915938263067, 0.0, 0.21478182062224033, 1.2178734144481327, 7.004999999999996
4.0801603206412824E-4, 0.14012439216872247, 9.740665254562091E-5, 1.2284030925155032, -9.94195843900505E-4, 0.0, 1.3412889201410611E-5, -9.807829546990884E-4, -9.203584732169068, 0.0, 0.3540567435779612, -8.849527988591445, 1.0030676670073453, 0.0, 0.2163568139440113, 1.219424480950956, 7.004999999999996
4.138276553106212E-4, 0.14212139966568224, 9.87940753962216E-5, 1.2325967208080497, -0.001006955269201476, 0.0, 1.3907325847102463E-5, -9.930479433543683E-4, -9.189438484350898, 0.0, 0.3586770442767417, -8.830761440074488, 1.0030276646868925, 0.0, 0.2179061955054362, 1.2209338601919446, 7.004999999999996
4.1963927855711425E-4, 0.1441184955015287, 1.001814982468223E-4, 1.2366430509104185, -0.0010196952164423412, 0.0, 1.4408143887257454E-5, -0.001005287072555079, -9.175505590229852, 0.0, 0.3632567542980259, -8.812248835932154, 1.0029728143360854, 0.0, 0.21943634694337275, 1.2224091612790835, 7.004999999999996
4.254509018036072E-4, 0.14611566043129615, 1.0156892109742299E-4, 1.240541543352631, -0.0010324159771183806, 0.0, 1.4915291500882138E-5, -0.0010175006856174942, -9.161779576633117, 0.0, 0.3678023158172032, -8.793977260816247, 1.0029043243419313, 0.0, 0.2209533452883573, 1.223857669629915, 7.0049999999999955
4.312625250501002E-4, 0.14811287532257106, 1.0295634394802368E-4, 1.2442922125693643, -0.0010451178338983338, 0.0, 1.5428725647519126E-5, -0.0010296891082508105, -9.14825419199558, 0.0, 0.3723199447760839, -8.775934247219825, 1.0028233795424053, 0.0, 0.2224629757358066, 1.2252863552778421, 7.0049999999999955
4.370741482965932E-4, 0.15011012122694142, 1.0434376679862437E-4, 1.2478956100198462, -0.0010578010609273688, 0.0, 1.594841175662345E-5, -0.001041852649170742, -9.134923399909926, 0.0, 0.37681563557325093, -8.758107764337, 1.00273113741232, 0.0, 0.22397074367469905, 1.2267018810866612, 7.0049999999999955
4.4288577154308616E-4, 0.15210737944604968, 1.0573118964922506E-4, 1.2513528064390513, -0.001070465924121209, 0.0, 1.6474323423419938E-5, -0.0010539916006977862, -9.121781372819507, 0.0, 0.3812951657150795, -8.740486207104752, 1.002628724830943, 0.0, 0.22548188603785907, 1.2281106108684512, 7.004999999999997
4.4869739478957914E-4, 0.15410463159245452, 1.0711861249982575E-4, 1.2546653733124253, -0.0010831126814516013, 0.0, 1.7006442111184677E-5, -0.0010661062393404143, -9.108822485851558, 0.0, 0.3857641004264033, -8.723058385425471, 1.0025172353697493, 0.0, 0.2270013820312939, 1.229518617400705, 7.004999999999996
4.545090180360721E-4, 0.15610185964550025, 1.0850603535042644E-4, 1.257835363662673, -0.0010957415832233263, 0.0, 1.7544756859895825E-5, -0.0010781968263634284, -9.09604131078868, 0.0, 0.39022779721983536, -8.70581351356916, 1.0023977270451714, 0.0, 0.2285339632940631, 1.2309316903389007, 7.004999999999996
4.6032064128256515E-4, 0.15809904600238897, 1.0989345820102713E-4, 1.2608652922332886, -0.0011083528723429398, 0.0, 1.8089264001194057E-5, -0.0010902636083417443, -9.08343261017635, 0.0, 0.3946914104227947, -8.688741199753878, 1.002271220486977, 0.0, 0.23008412353494806, 1.2323553440215906, 7.004999999999996
4.661322645290581E-4, 0.1600961735246459, 1.1128088105162782E-4, 1.2637581151500314, -0.0011209467845794314, 0.0, 1.863996687959442E-5, -0.0011023068176998355, -9.070991331564377, 0.0, 0.39915989566131316, -8.671831435903378, 1.0021386974778759, 0.0, 0.2316561276874906, 1.23379482516504, 7.0049999999999955
4.719438877755511E-4, 0.16209322558016323, 1.1266830390222851E-4, 1.2665172091380112, -0.0011335235488169845, 0.0, 1.9196875579888443E-5, -0.0011143266732370953, -9.058712601880012, 0.0, 0.40363801429975715, -8.655074587580568, 1.0020010998247297, 0.0, 0.23325402062086825, 1.235255120445279, 7.0049999999999955
4.777555110220441E-4, 0.1640901860810069, 1.140557267528292E-4, 1.2691463503683895, -0.0011460833873000226, 0.0, 1.9760006660675098E-5, -0.001126323380639347, -9.046591721930824, 0.0, 0.4081303378355963, -8.638461384095535, 1.0018593285254682, 0.0, 0.23488163544034424, 1.2367409639655011, 7.004999999999996
4.8356713426853706E-4, 0.1660870395171602, 1.1544314960342989E-4, 1.2716496930056613, -0.0011586265158707117, 0.0, 2.0329382893957386E-5, -0.0011382971329767539, -9.034624161035042, 0.0, 0.41264125224843645, -8.621982908786913, 1.0017142431996253, 0.0, 0.23654260140780325, 1.2382568446071176, 7.004999999999997
4.8937875751503E-4, 0.1680837709863817, 1.1683057245403058E-4, 1.2740317475229188, -0.001171153144199105, 0.0, 2.0905033010740816E-5, -0.001150248111188365, -9.022805551777429, 0.0, 0.4171749623025064, -8.605630589475222, 1.0015666617535746, 0.0, 0.2382403515098876, 1.2398070132631696, 7.004999999999997
4.951903807615231E-4, 0.17008036622034348, 1.1821799530463127E-4, 1.2762973588494968, -0.0011836634760061, 0.0, 2.14869914525681E-5, -0.0011621764845535325, -9.011131684888534, 0.0, 0.421735495801906, -8.589396189086925, 1.0014173602544179, 0.0, 0.2399781296987242, 1.2413954899528499, 7.0049999999999955
5.01002004008016E-4, 0.17207681160721697, 1.1960541815523196E-4, 1.2784516844121163, -0.001196157709279363, 0.0, 2.207529812892535E-5, -0.0011740824111504387, -8.999598504245421, 0.0, 0.42632670779784476, -8.57327179644787, 1.0012670729887887, 0.0, 0.24175899782776178, 1.2430260708162655, 7.0049999999999955
5.06813627254509E-4, 0.17407309421086803, 1.2099284100583265E-4, 1.2805001721277727, -0.0012086360364824192, 0.0, 2.2669998180451082E-5, -0.0011859660383019693, -8.988202101991712, 0.0, 0.4309522847472642, -8.557249817244742, 1.0011164926857594, 0.0, 0.2435858423032998, 1.2447023349887754, 7.004999999999995
5.12625250501002E-4, 0.1760692017868159, 1.2238026385643334E-4, 1.2824485384034945, -0.001221098644757035, 0.0, 2.3271141747880924E-5, -0.001197827503009156, -8.976938713775095, 0.0, 0.4356157486221578, -8.541322965153226, 1.0009662708842746, 0.0, 0.24546138047027383, 1.2464276513542751, 7.004999999999996
5.18436873747495E-4, 0.17806512279511338, 1.2376768670703403E-4, 1.2843027461954548, -0.0012335457161190887, 0.0, 2.3878783746659634E-5, -0.0012096669323724315, -8.965804714100225, 0.0, 0.44032046096899374, -8.525484253131516, 1.0008170184281502, 0.0, 0.24738816674924133, 1.2482051851771252, 7.004999999999996
5.242484969939879E-4, 0.18006084641029416, 1.2515510955763472E-4, 1.2860689831766352, -0.0012459774276480607, 0.0, 2.4492983647149636E-5, -0.0012214844440009138, -8.954796611795153, 0.0, 0.44506962691768415, -8.509726984877755, 1.0006693060727871, 0.0, 0.24936859854000962, 1.2500379046125325, 7.0049999999999955
5.300601202404809E-4, 0.1820563625285358, 1.2654253240823541E-4, 1.2877536400602834, -0.0012583939516703198, 0.0, 2.5113805260367063E-5, -0.0012332801464099558, -8.943911045589301, 0.0, 0.44986629913952003, -8.494044746450061, 1.0005236651895952, 0.0, 0.25140492190591057, 1.2519285870952488, 7.004999999999996
5.35871743486974E-4, 0.18405166177217874, 1.279299552588361E-4, 1.2893632891228692, -0.0012707954559363459, 0.0, 2.5741316529172915E-5, -0.0012450541394071768, -8.933144779801086, 0.0, 0.45471338175361153, -8.478431398047755, 1.0003805885552968, 0.0, 0.2534992370516031, 1.2538798256066508, 7.004999999999995
5.416833667334669E-4, 0.18604673549174025, 1.293173781094368E-4, 1.2909046629683434, -0.0012831821037920454, 0.0, 2.6375589324848135E-5, -0.0012568065144672011, -8.922494700133353, 0.0, 0.45961363418130835, -8.462881065952317, 1.0002405312145417, 0.0, 0.2556535036060705, 1.2558940348203687, 7.004999999999996
5.474949899799599E-4, 0.1880415757655587, 1.3070480096003749E-4, 1.2923846335727507, -0.001295554054344309, 0.0, 2.701669924898071E-5, -0.0012685373550953322, -8.911957809574657, 0.0, 0.4645696749481821, -8.44738813462675, 1.0001039114054282, 0.0, 0.2578695457215521, 1.2579734571267354, 7.004999999999996
5.533066132264528E-4, 0.1900361753971972, 1.3209222381063818E-4, 1.2938101916456572, -0.0013079114626209508, 0.0, 2.766472544058994E-5, -0.0012802467371803659, -8.90153122440468, 0.0, 0.4695839854331559, -8.431947238971794, 0.9999711115384066, 0.0, 0.2601490569982397, 1.260120168536413, 7.004999999999996
5.591182364729459E-4, 0.19203052791073738, 1.3347964666123887E-4, 1.295188426342766, -0.0013202544797251833, 0.0, 2.8319750388416464E-5, -0.0012919347293367722, -8.891212170301822, 0.0, 0.4746589135643591, -8.41655325673773, 0.9998424792200495, 0.0, 0.2624936052436844, 1.2623360844635056, 7.004999999999996
5.649298597194388E-4, 0.19402462754408387, 1.3486706951183956E-4, 1.2965265053616155, -0.001332583252984753, 0.0, 2.898185974830236E-5, -0.001303601393236456, -8.880997978551237, 0.0, 0.47979667746141047, -8.401201301090092, 0.9997183283139432, 0.0, 0.26490463707524237, 1.2646229653889585, 7.004999999999997
5.707414829659318E-4, 0.19601846924040267, 1.3625449236244025E-4, 1.297831655450076, -0.0013448979260958901, 0.0, 2.965114216558758E-5, -0.0013152467839303089, -8.870886082351552, 0.0, 0.48499936902374013, -8.385886713328075, 0.9995989400316296, 0.0, 0.26738348237308346, 1.2669824224044954, 7.0049999999999955
5.765531062124249E-4, 0.19801204863780952, 1.3764191521304094E-4, 1.2991111433551292, -0.0013571986392622026, 0.0, 3.03276891024469E-5, -0.001326870950159762, -8.860874013218407, 0.0, 0.49026895746471155, -8.370605055753954, 0.9994845640474082, 0.0, 0.2699313585908077, 1.2694159226380026, 7.0049999999999955
5.823647294589178E-4, 0.20000536205742223, 1.3902933806364163E-4, 1.3003722572375966, -0.001369485529328638, 0.0, 3.10115946700925E-5, -0.0013384739346585521, -8.850959397483154, 0.0, 0.4956072927912368, -8.355352104692171, 0.999375419631105, 0.0, 0.2725493749300676, 1.2719247945609664, 7.0049999999999955
5.881763527054108E-4, 0.20199840648988826, 1.4041676091424232E-4, 1.3016222885759106, -0.0013817587299106626, 0.0, 3.170295546576672E-5, -0.0013500557744449025, -8.84113995288496, 0.0, 0.501016109228656, -8.340123843656558, 0.9992716967937646, 0.0, 0.2752385363851343, 1.274510233178693, 7.004999999999996
5.939879759519037E-4, 0.20399117958049315, 1.41804183764843E-4, 1.302868514580683, -0.0013940183715187692, 0.0, 3.240187041444842E-5, -0.0013616165011043281, -8.83141348525461, 0.0, 0.5064970285906831, -8.324916456664178, 0.9991735574415379, 0.0, 0.2779997476629134, 1.2771733051042504, 7.004999999999996
5.997995991983969E-4, 0.2059836796129567, 1.4319160661544373E-4, 1.3041181811393794, -0.0014062645816784515, 0.0, 3.310844061519542E-5, -0.0013731561410632637, -8.821777885288272, 0.0, 0.5120515635942297, -8.309726321694285, 0.9990811365336173, 0.0, 0.28083381698348275, 1.279914953516909, 7.0049999999999955
6.056112224448897E-4, 0.20797590549201492, 1.445790294660444E-4, 1.3053784863089597, -0.0014184974850457582, 0.0, 3.382276919205E-5, -0.0013846747158537162, -8.812231125409655, 0.0, 0.5176811211189363, -8.294550004290967, 0.9989945432403354, 0.0, 0.2837414597658106, 1.282736003005953, 7.0049999999999955
6.114228456913828E-4, 0.2099678567248876, 1.459664523166451E-4, 1.3066565643722774, -0.0014307172035185605, 0.0, 3.4544961149426114E-5, -0.0013961722423691421, -8.802771256718831, 0.0, 0.5233870054113179, -8.27938425130775, 0.9989138620980924, 0.0, 0.28672330220307857, 1.285637164300987, 7.004999999999996
6.172344689378758E-4, 0.21195953340172616, 1.4735387516724577E-4, 1.307959470472451, -0.0014429238563436386, 0.0, 3.52751232319048E-5, -0.0014076487331117428, -8.793396406026057, 0.0, 0.5291704212333825, -8.26422598479291, 0.9988391541580792, 0.0, 0.28977988473159233, 1.288619038889499, 7.0049999999999955
6.230460921843687E-4, 0.21395093617513225, 1.4874129801784646E-4, 1.309294165837875, -0.0014551175602197184, 0.0, 3.60133637883591E-5, -0.001419104196431368, -8.784104772969146, 0.0, 0.5350324769556957, -8.249072296013686, 0.9987704581259099, 0.0, 0.2929116653971056, 1.291682123522837, 7.004999999999996
6.288577154308617E-4, 0.2159420662388382, 1.5012872086844715E-4, 1.3106675036085262, -0.001467298429396558, 0.0, 3.675979264033203E-5, -0.0014305386367562357, -8.774894627212554, 0.0, 0.5409741875947935, -8.233920439617995, 0.9987077914898816, 0.0, 0.29611902312201144, 1.2948268146117232, 7.004999999999997
6.346693386773547E-4, 0.21793292530563263, 1.5151614371904787E-4, 1.3120862152730062, -0.00147946657577021, 0.0, 3.751452095459022E-5, -0.0014419520548156297, -8.76576430572684, 0.0, 0.5469964777949622, -8.21876782793211, 0.9986511516355339, 0.0, 0.29940226087671534, 1.298053412512082, 7.004999999999997
6.404809619238478E-4, 0.21992351558461712, 1.5290356656964856E-4, 1.3135568977244432, -0.0014916221089745615, 0.0, 3.827766111977479E-5, -0.0014533444478547967, -8.756712210146762, 0.0, 0.5531001847543843, -8.203612025392605, 0.9986005169446479, 0.0, 0.3027616087582575, 1.301362125702744, 7.004999999999997
6.462925851703407E-4, 0.22191383975787154, 1.5429098942024925E-4, 1.3150860009412533, -0.0015037651364692612, 0.0, 3.9049326627075794E-5, -0.0014647158098421956, -8.747736804206603, 0.0, 0.5592860610956473, -8.188450743111183, 0.9985558478768498, 0.0, 0.3061972269789938, 1.3047530748556828, 7.0049999999999955
6.521042084168337E-4, 0.22390390095660767, 1.5567841227084994E-4, 1.3166798162980984, -0.001515895763624145, 0.0, 3.982963195484812E-5, -0.001476066131669307, -8.738836611251093, 0.0, 0.5655547776807148, -8.173281833570597, 0.9985170880324203, 0.0, 0.30970920876810054, 1.3082262968003695, 7.004999999999997
6.579158316633268E-4, 0.22589370273688453, 1.5706583512145063E-4, 1.3183444655106031, -0.0015280140938002545, 0.0, 4.0618692457096054E-5, -0.0014873954013431695, -8.730010211820511, 0.0, 0.5719069263704084, -8.158103285450318, 0.9984841651948492, 0.0, 0.31329758318837414, 1.3117817483830791, 7.004999999999996
6.637274549098196E-4, 0.22788324905495808, 1.584532579720513E-4, 1.3200858902162858, -0.0015401202284275606, 0.0, 4.14166242557474E-5, -0.0014987036041718244, -8.721256241308447, 0.0, 0.5783430227285214, -8.142913218580139, 0.998456992352005, 0.0, 0.31696231787073526, 1.3154193102225982, 7.004999999999996
6.695390781563126E-4, 0.22987254424233525, 1.5984068082265199E-4, 1.321909842192957, -0.0015522142670794826, 0.0, 4.222354413664178E-5, -0.0015099907229428522, -8.712573387690766, 0.0, 0.5848635086706645, -8.12770987902031, 0.9984354686948637, 0.0, 0.3207033216686455, 1.3191387903633738, 7.004999999999996
6.753507014028055E-4, 0.23186159298059714, 1.6122810367325268E-4, 1.3238218742144232, -0.0015642963075443096, 0.0, 4.303956944915406E-5, -0.0015212567380951674, -8.703960389324273, 0.0, 0.5914687550580421, -8.112491634266442, 0.9984194805930467, 0.0, 0.3245204472346201, 1.3229399278275302, 7.004999999999996
6.811623246492986E-4, 0.2338504002760585, 1.6261552652385337E-4, 1.3258273315425342, -0.0015763664458936077, 0.0, 4.3864818009380554E-5, -0.0015325016278842393, -8.695416032813778, 0.0, 0.5981590642362645, -8.097256968577721, 0.9984089025461126, 0.0, 0.3284134935207511, 1.3268223960667316, 7.004999999999996
6.869739478957916E-4, 0.2358389714343227, 1.6400294937445408E-4, 1.3279313440532814, -0.0015884247765477265, 0.0, 4.469940800680752E-5, -0.0015437253685409308, -8.686939150945996, 0.0, 0.6049346725194711, -8.082004478426722, 0.9984035981103662, 0.0, 0.3323822082052524, 1.3307858063154934, 7.004999999999997
6.927855711422846E-4, 0.23782731203479426, 1.6539037222505478E-4, 1.3301388189935635, -0.0016004713923384714, 0.0, 4.5543457914390136E-5, -0.0015549279344240939, -8.678528620688951, 0.0, 0.6117957526199158, -8.066732868069234, 0.9984034208003295, 0.0, 0.3364262900467443, 1.3348297108469498, 7.0049999999999955
6.985971943887776E-4, 0.23981542790520233, 1.6677779507565547E-4, 1.3324544343647804, -0.0016125063845690538, 0.0, 4.639708640196289E-5, -0.0015661092981671034, -8.67018336125558, 0.0, 0.6187424160232873, -8.051440945232487, 0.9984082149645748, 0.0, 0.34054539116805543, 1.3389536061325111, 7.004999999999996
7.044088176352706E-4, 0.2418033250961929, 1.6816521792625616E-4, 1.3348826329275878, -0.0016245298430713965, 0.0, 4.7260412252910044E-5, -0.0015772694308184994, -8.661902332230053, 0.0, 0.6257747153100272, -8.036127616920213, 0.9984178166356034, 0.0, 0.344739119271168, 1.3431569359066602, 7.004999999999997
7.102204408817636E-4, 0.24379100985604082, 1.6955264077685685E-4, 1.3374276168218961, -0.0016365418562608797, 0.0, 4.813355428401764E-5, -0.0015884083019768762, -8.653684531755495, 0.0, 0.6328926464229261, -8.020791885332763, 0.9984320543534948, 0.0, 0.34900703978489817, 1.3474390941382834, 7.004999999999997
7.160320641282564E-4, 0.24577848860552984, 1.709400636274575E-4, 1.340093342795512, -0.0016485425111886175, 0.0, 4.9016631268435724E-5, -0.0015995258799201954, -8.645528994781893, 0.0, 0.640096150881273, -8.005432843900804, 0.998450749963082, 0.0, 0.3533486779467752, 1.3517994279097516, 7.004999999999997
7.218436873747495E-4, 0.2477657679130518, 1.723274864780582E-4, 1.3428835180328573, -0.0016605318935913429, 0.0, 4.990976186167502E-5, -0.0016106221317296811, -8.637434791372677, 0.0, 0.6473851179419637, -7.990049673430892, 0.9984737193846713, 0.0, 0.35776352082066043, 1.356237240205228, 7.004999999999996
7.276553106212425E-4, 0.2497528544699674, 1.7371490932865892E-4, 1.345801596576302, -0.0016725100879389813, 0.0, 5.0813064530565275E-5, -0.0016216970234084296, -8.629401025068939, 0.0, 0.6547593867077967, -7.974641638361322, 0.9985007733580782, 0.0, 0.36225101925138103, 1.360751792609356, 7.004999999999997
7.334669338677355E-4, 0.2517397550662727, 1.751023321792596E-4, 1.348850776329714, -0.00168447717748, 0.0, 5.172665748510275E-5, -0.0016327505199949114, -8.621426831309721, 0.0, 0.6622187481834412, -7.959208083126458, 0.9985317181602531, 0.0, 0.36681058975784125, 1.3653423079179963, 7.004999999999996
7.392785571142285E-4, 0.2537264765666137, 1.764897550298603E-4, 1.3520339966353587, -0.0016964332442845971, 0.0, 5.265065861311497E-5, -0.001643782585671496, -8.613511375907441, 0.0, 0.6697629472793508, -7.943748428628261, 0.998566356296208, 0.0, 0.3714416163657972, 1.370007972661912, 7.004999999999997
7.450901803607215E-4, 0.2557130258866865, 1.77877177880461E-4, 1.3553539364124174, -0.0017083783692858172, 0.0, 5.3585185417667036E-5, -0.0016547931838681652, -8.605653853576852, 0.0, 0.6773916847641516, -7.928262168812869, 0.998604487163749, 0.0, 0.3761434523817042, 1.3747479395453697, 7.004999999999996
7.509018036072145E-4, 0.25769940997006047, 1.7926460073106168E-4, 1.3588130128470663, -0.0017203126323186622, 0.0, 5.4530354957143676E-5, -0.0016657822773615335, -8.597853486516644, 0.0, 0.6851046191657926, -7.9127488673510165, 0.9986459076918549, 0.0, 0.38091542210869034, 1.379561329800464, 7.004999999999998
7.567134268537074E-4, 0.25968563576546094, 1.8065202358166237E-4, 1.362413380621363, -0.0017322361121572636, 0.0, 5.548628378793443E-5, -0.0016767498283693444, -8.590109523042306, 0.0, 0.6929013686219821, -7.897208154420485, 0.9986904129529812, 0.0, 0.3857568225059388, 1.3844472354588437, 7.004999999999996
7.625250501002004E-4, 0.26167171020454094, 1.8203944643226303E-4, 1.3661569316691766, -0.0017441488865502044, 0.0, 5.645308790964765E-5, -0.0016876957986405726, -8.582421236269022, 0.0, 0.7007815126804016, -7.881639723588777, 0.9987377967496961, 0.0, 0.3906669247926942, 1.389404721542321, 7.004999999999997
7.683366733466933E-4, 0.26365764018017857, 1.8342686928286372E-4, 1.370045295445728, -0.0017560510322540397, 0.0, 5.743088271279185E-5, -0.0016986201495412633, -8.574787922843557, 0.0, 0.7087445940490495, -7.866043328794659, 0.9987878521756537, 0.0, 0.39564497599785053, 1.3944328281734364, 7.004999999999997
7.741482965931863E-4, 0.2656434325253236, 1.8481429213346441E-4, 1.3740798396985725, -0.0017679426250650902, 0.0, 5.841978292884712E-5, -0.0017095228421362592, -8.567208901723857, 0.0, 0.7167901202973459, -7.85041878142667, 0.9988403721513618, 0.0, 0.4006902004564116, 1.3995305726077012, 7.0049999999999955
7.799599198396794E-4, 0.2676290939924241, 1.8620171498406513E-4, 1.3782616717247897, -0.00177982373984958, 0.0, 5.9419902582667245E-5, -0.001720403837266929, -8.55968351300534, 0.0, 0.7249175655084135, -7.834765947497072, 0.9988951499349817, 0.0, 0.4058018012537592, 1.4046969511886813, 7.004999999999996
7.857715430861724E-4, 0.2696146312334585, 1.8758913783466582E-4, 1.382591640101419, -0.0017916944505721772, 0.0, 6.043135494713684E-5, -0.0017312630956250563, -8.552211116792554, 0.0, 0.7331263718831252, -7.819084744909579, 0.9989519796086384, 0.0, 0.41097896161889763, 1.4099309412274716, 7.004999999999997
7.915831663326653E-4, 0.2716000507805953, 1.889765606852665E-4, 1.3870703368739272, -0.0018035548303229918, 0.0, 6.1454252500022E-5, -0.0017421005778229862, -8.544791092115343, 0.0, 0.7414159512964222, -7.803375140819061, 0.999010656540384, 0.0, 0.41622084626764677, 1.4152315028079774, 7.004999999999996
7.973947895791583E-4, 0.27358535902750525, 1.903639835358672E-4, 1.3916981001885858, -0.001815404951343114, 0.0, 6.248870688294892E-5, -0.0017529162444601817, -8.537422835888169, 0.0, 0.7497856868064884, -7.787637149081822, 0.999070977822482, 0.0, 0.42152660269683495, 1.4205975805192628, 7.004999999999997
8.032064128256514E-4, 0.27557056221134224, 1.917514063864679E-4, 1.3964750173524634, -0.0018272448850487235, 0.0, 6.35348288624422E-5, -0.0017637100561862982, -8.530105761911802, 0.0, 0.7582349341173332, -7.771870827794602, 0.9991327426860652, 0.0, 0.4268953624304894, 1.4260281051165105, 7.004999999999996
8.090180360721442E-4, 0.27755566639541673, 1.9313882923706856E-4, 1.4014009283068156, -0.0018390747020538558, 0.0, 6.459272829296106E-5, -0.0017744819737609118, -8.522839299915935, 0.0, 0.7667630229954153, -7.756076276920651, 0.9991957528930497, 0.0, 0.4323262422190515, 1.4315219951120586, 7.004999999999997
8.148296593186372E-4, 0.27954067745257505, 1.9452625208766925E-4, 1.4064754294980357, -0.0018508944721918547, 0.0, 6.566251408186952E-5, -0.0017852319581100021, -8.515622894642071, 0.0, 0.7753692586408537, -7.740253636001339, 0.9992598131052188, 0.0, 0.4378183451925409, 1.4370781582977263, 7.004999999999998
8.206412825651302E-4, 0.2815256010493017, 1.9591367493826997E-4, 1.411697878128544, -0.001862704264535591, 0.0, 6.674429415627818E-5, -0.0017959599703793298, -8.508456004965355, 0.0, 0.7840529230139279, -7.724403081951557, 0.9993247312313739, 0.0, 0.4433707619687201, 1.4426954932000495, 7.004999999999997
8.264529058116233E-4, 0.28351044263055875, 1.9730109778887066E-4, 1.4170673967746308, -0.0018745041474164835, 0.0, 6.783817543169415E-5, -0.0018066659719848065, -8.501338103054495, 0.0, 0.7928132761174107, -7.708524826937214, 0.9993903187526949, 0.0, 0.4489825717171398, 1.4483728904697917, 7.004999999999996
8.322645290581162E-4, 0.2854952074053739, 1.9868852063947135E-4, 1.4225828783527805, -0.0018862941884423808, 0.0, 6.894426378242275E-5, -0.0018173499246599753, -8.494268673568675, 0.0, 0.801649557235452, -7.69261911633335, 0.9994563910269821, 0.0, 0.45465284318006355, 1.4541092342070063, 7.004999999999998
8.380761523046092E-4, 0.28747990033319043, 2.0007594349007204E-4, 1.428242991417716, -0.001898074454514355, 0.0, 7.006266401365608E-5, -0.0018280117905007168, -8.487247212890543, 0.0, 0.8105609861296715, -7.676686226760997, 0.9995227675720978, 0.0, 0.4603806356512411, 1.4599034032233014, 7.0049999999999955
8.438877755511023E-4, 0.28946452611098605, 2.0146336634067273E-4, 1.4340461857784303, -0.0019098450118424579, 0.0, 7.119347983519115E-5, -0.0018386515320072852, -8.480273228394218, 0.0, 0.8195467641930779, -7.660726464201253, 0.9995892723292481, 0.0, 0.46616499991339444, 1.465754272242622, 7.004999999999997
8.496993987975952E-4, 0.2914490891611692, 2.0285078919127342E-4, 1.4399906984122677, -0.0019216059259604763, 0.0, 7.233681383672304E-5, -0.0018492691121237716, -8.473346237747494, 0.0, 0.8286060755625875, -7.644740162185009, 0.999655733906373, 0.0, 0.4720049791354263, 1.4716607130417871, 7.004999999999997
8.555110220440882E-4, 0.29343359362026294, 2.042382120418741E-4, 1.4460745596632147, -0.0019333572617397576, 0.0, 7.349276746465137E-5, -0.0018598644942751247, -8.466465768247124, 0.0, 0.8377380881907582, -7.628727680056468, 0.9997219858023922, 0.0, 0.4778996097302072, 1.4776215955325889, 7.004999999999998
8.61322645290581E-4, 0.29541804332837823, 2.0562563489247477E-4, 1.452295599706075, -0.0019450990834021175, 0.0, 7.466144100034434E-5, -0.0018704376424017925, -8.459631356186375, 0.0, 0.846941954877553, -7.612689401308923, 0.9997878666125912, 0.0, 0.4838479221739647, 1.483635788786548, 7.004999999999996
8.671342685370741E-4, 0.2974024418194811, 2.0701305774307546E-4, 1.4586514552610201, -0.0019568314545319104, 0.0, 7.58429335398113E-5, -0.001880988520992118, -8.452842546253931, 0.0, 0.856216814262722, -7.596625731991308, 0.9998532202157361, 0.0, 0.48984894178802924, 1.489702162003758, 7.004999999999996
8.729458917835671E-4, 0.2993867923124602, 2.0840048059367618E-4, 1.4651395765400148, -0.001968554438087271, 0.0, 7.703734297471993E-5, -0.0018915170951125692, -8.446098890963158, 0.0, 0.8655617917797054, -7.580537099183551, 0.999917895943453, 0.0, 0.49590168948406027, 1.4958195854275034, 7.0049999999999955
8.787575150300601E-4, 0.3013710977029924, 2.0978790344427687E-4, 1.471757234411686, -0.0019802680964105942, 0.0, 7.824476597471552E-5, -0.0019020233304358986, -8.439399950110968, 0.0, 0.8749760005716393, -7.564423949539415, 0.9999817487322449, 0.0, 0.5020051824734518, 1.501986931205705, 7.004999999999997
8.845691382765532E-4, 0.3033553605562079, 2.1117532629487756E-4, 1.4785015277652154, -0.001991972491238286, 0.0, 7.946529797098187E-5, -0.0019125071932673224, -8.432745290265297, 0.0, 0.8844585423703719, -7.548286747895023, 1.0000446392587978, 0.0, 0.5081584349420099, 1.5082030742007952, 7.004999999999997
8.903807615230461E-4, 0.3053395831001582, 2.1256274914547825E-4, 1.485369391057004, -0.0020036676837098073, 0.0, 8.06990331409979E-5, -0.0019229686505688281, -8.426134484280457, 0.0, 0.8940085083391193, -7.532125975941425, 1.0001064340588806, 0.0, 0.5143604586906488, 1.5144668927495297, 7.004999999999997
8.961923847695391E-4, 0.30732376722007837, 2.1395017199607894E-4, 1.4923576020265443, -0.002015353734376088, 0.0, 8.194606439443914E-5, -0.0019334076699816679, -8.419567110839346, 0.0, 0.9036249798796807, -7.51594213095975, 1.000167005630647, 0.0, 0.5206102637431547, 1.5207772693738062, 7.004999999999996
9.02004008016032E-4, 0.30930791445344696, 2.1533759484667963E-4, 1.499462789561436, -0.002027030703207301, 0.0, 8.320648336017377E-5, -0.0019438242198471468, -8.413042754021932, 0.0, 0.9133070294048601, -7.499735724617158, 1.000226232522414, 0.0, 0.5269068589217785, 1.5271330914441978, 7.004999999999996
9.07815631262525E-4, 0.31129202598583655, 2.167250176972803E-4, 1.5066814416983347, -0.002038698649600075, 0.0, 8.448038037430718E-5, -0.0019542182692257873, -8.406561002898915, 0.0, 0.9230537210770176, -7.4835072818219786, 1.0002839994058579, 0.0, 0.5332492523916872, 1.5335332517975548, 7.004999999999996
9.13627254509018E-4, 0.31327610264754985, 2.1811244054788101E-4, 1.514009913742091, -0.0020503576323841425, 0.0, 8.576784446922844E-5, -0.0019645897879149335, -8.400121451149996, 0.0, 0.9328641115134795, -7.467257339636605, 1.0003401971347519, 0.0, 0.5396364521750828, 1.5399766493098348, 7.004999999999996
9.19438877755511E-4, 0.3152601449110378, 2.194998633984817E-4, 1.5214444364887605, -0.002062007709828487, 0.0, 8.706896336361321E-5, -0.0019749387464648932, -8.393723696705889, 0.0, 0.9427372504596171, -7.450986446246341, 1.0003947227899008, 0.0, 0.5460674666358908, 1.5464621894258113, 7.004999999999996
9.25250501002004E-4, 0.31724415288909014, 2.208872862490824E-4, 1.5289811245349545, -0.002073648939647006, 0.0, 8.838382345333762E-5, -0.0019852651161936883, -8.387367341413198, 0.0, 0.9526721814305061, -7.434695159982766, 1.0004474797108496, 0.0, 0.5525413049360028, 1.5529887846468693, 7.004999999999996
9.31062124248497E-4, 0.31922812633379244, 2.2227470909968309E-4, 1.5366159846601986, -0.0020852813790037273, 0.0, 8.971250980326141E-5, -0.0019955688692004847, -8.381051990721579, 0.0, 0.9626679423218869, -7.4183840483997505, 1.000498377514626, 0.0, 0.5590569774638552, 1.5595553549785077, 7.004999999999998
9.3687374749499E-4, 0.32121206463623964, 2.2366213195028378E-4, 1.544344924265981, -0.0020969050845175943, 0.0, 9.105510613983828E-5, -0.002005849978377776, -8.374777253392313, 0.0, 0.9727235659913264, -7.402053687401055, 1.0005473321021128, 0.0, 0.5656134962362984, 1.5661608283384332, 7.004999999999996
9.426853707414829E-4, 0.32319596682699836, 2.2504955480088447E-4, 1.5521637598561837, -0.0021085201122668824, 0.0, 9.24116948445132E-5, -0.0020161084174223887, -8.368542741227575, 0.0, 0.982838080810412, -7.385704660417231, 1.0005942656526337, 0.0, 0.5722098752746327, 1.5728041409272855, 7.004999999999996
9.48496993987976E-4, 0.32517983157730507, 2.2643697765148516E-4, 1.5600682255440512, -0.002120126517793234, 0.0, 9.37823569478623E-5, -0.002026344160845391, -8.36234806881973, 0.0, 0.9930105111888546, -7.369337557630929, 1.0006391066069527, 0.0, 0.5788451309557503, 1.5794842375627345, 7.004999999999997
9.543086172344688E-4, 0.32716365720099055, 2.2782440050208582E-4, 1.568053981574932, -0.0021317243561053655, 0.0, 9.516717212444835E-5, -0.0020365571839809364, -8.356192853319879, 0.0, 1.0032398780713079, -7.35295297524862, 1.0006817896393967, 0.0, 0.5855182823391728, 1.5862000719786058, 7.004999999999997
9.601202404809618E-4, 0.32914744165711823, 2.292118233526865E-4, 1.5761166228435446, -0.002143313681682477, 0.0, 9.656621868833755E-5, -0.0020467474629941597, -8.35007671422501, 0.0, 1.0135251994078323, -7.336551514817234, 1.0007222556194744, 0.0, 0.5922283514710145, 1.5929506070905204, 7.0049999999999955
9.659318637274549E-4, 0.33113118255332497, 2.3059924620328723E-4, 1.584251687397482, -0.0021548945484773582, 0.0, 9.797957358926128E-5, -0.002056914974888117, -8.343999273183101, 0.0, 1.0238654905987947, -7.320133782584358, 1.0007604515632997, 0.0, 0.5989743636655943, 1.5997348152289292, 7.004999999999997
9.717434869739479E-4, 0.3331148771498469, 2.3198666905388792E-4, 1.5924546649129074, -0.002166467009919257, 0.0, 9.940731240936821E-5, -0.0020670596975099088, -8.337960153815315, 0.0, 1.0342597649152017, -7.303700388900164, 1.0007963305756493, 0.0, 0.6057553477657965, 1.6065516783414835, 7.004999999999997
9.775551102204408E-4, 0.3350985223642203, 2.333740919044886E-4, 1.6007210051254182, -0.0021780311189164977, 0.0, 1.0084950936055135E-4, -0.002077181609555967, -8.331958981554951, 0.0, 1.0447070338951996, -7.287251947659794, 1.0008298517825778, 0.0, 0.6125703363828411, 1.6134001881654652, 7.004999999999996
9.83366733466934E-4, 0.337082114776643, 2.347615147550893E-4, 1.609046126207717, -0.0021895869278588933, 0.0, 1.0230623728230472E-4, -0.0020872806905766084, -8.325995383502226, 0.0, 1.0552063077177145, -7.270789075784556, 1.0008609802554351, 0.0, 0.6194183661164949, 1.6202793463719702, 7.004999999999997
9.891783567134269E-4, 0.33906565063597327, 2.3614893760569E-4, 1.617425423078121, -0.0022011344886199687, 0.0, 1.0377756764008251E-4, -0.0020973569209799077, -8.320068988294365, 0.0, 1.0657565955541901, -7.254312392740234, 1.0008896869265904, 0.0, 0.6262984777566618, 1.6271881646832849, 7.004999999999996
9.949899799599198E-4, 0.34104912586636155, 2.3753636045629068E-4, 1.6258542756284846, -0.002212673852559011, 0.0, 1.0526357052413477E-4, -0.0021074102820348964, -8.314179425990458, 0.0, 1.0763569058990907, -7.237822520091417, 1.0009159484971337, 0.0, 0.6332097164669935, 1.6341256649641642, 7.004999999999998
0.0010008016032064127, 0.3430325360744894, 2.3892378330689137E-4, 1.634328056860808, -0.002224205070522969, 0.0, 1.0676431464878498E-4, -0.0021174407558742043, -8.308326327970212, 0.0, 1.0870062468803934, -7.221320081089846, 1.000939747337309, 0.0, 0.6401511319517594, 1.641090879289124, 7.004999999999997
0.0010066132264529059, 0.3450158765574028, 2.4031120615749206E-4, 1.6428421409187266, -0.002235728192848225, 0.0, 1.0827986735212519E-4, -0.002127448325496121, -8.302509326846362, 0.0, 1.0977036265506201, -7.2048057002957755, 1.000961071379686, 0.0, 0.6471217786064916, 1.6480828499862323, 7.004999999999998
0.0010124248496993988, 0.3469991423109192, 2.4169862900809275E-4, 1.6513919110044561, -0.0022472432693622503, 0.0, 1.0981029459610411E-4, -0.002137432974766167, -8.296728056389979, 0.0, 1.1084480531595715, -7.188280003230448, 1.0009799140056916, 0.0, 0.6541207156535432, 1.6551006296592796, 7.004999999999997
0.0010182364729458917, 0.348982328038592, 2.4308605185869344E-4, 1.6599727671695113, -0.0022587503493851696, 0.0, 1.1135566096697909E-4, -0.0021473946884182117, -8.290982151467965, 0.0, 1.1192385354096068, -7.171743616058382, 1.0009962739259648, 0.0, 0.6611470072633914, 1.6621432811894201, 7.004999999999997
0.0010240480961923846, 0.3509654281612156, 2.444734747092941E-4, 1.6685801339679802, -0.0022702494817312424, 0.0, 1.1291602967611007E-4, -0.0021573334520551533, -8.285271247992373, 0.0, 1.1300740826943014, -7.1551971652981, 1.0010101550548034, 0.0, 0.6681997226624834, 1.6692098777173439, 7.0049999999999955
0.0010298597194388778, 0.3529484368268446, 2.458608975598948E-4, 1.6772094679639689, -0.0022817407147102866, 0.0, 1.1449146256107726E-4, -0.002167249252149229, -8.279594982881054, 0.0, 1.1409537053214411, -7.138641277559634, 1.0010215663789812, 0.0, 0.6752779362285308, 1.6762995026075718, 7.004999999999997
0.0010356713426853707, 0.35493134792131764, 2.472483204104955E-4, 1.6858562650806526, -0.0022932240961290526, 0.0, 1.160820200870952E-4, -0.0021771420760419787, -8.273952994028786, 0.0, 1.151876414721329, -7.122076579307467, 1.0010305218216482, 0.0, 0.6823807275742159, 1.68341124939594, 7.0049999999999955
0.0010414829659318636, 0.3569141550792556, 2.486357432610962E-4, 1.6945160677875148, -0.002304699673292563, 0.0, 1.1768776134870426E-4, -0.0021870119119438793, -8.268344920288818, 0.0, 1.1628412236412131, -7.105503696647621, 1.0010370401011754, 0.0, 0.6895071816200765, 1.6905442217213182, 7.004999999999998
0.0010472945891783565, 0.3588968516955238, 2.5002316611169687E-4, 1.7031844721058909, -0.002316167493005436, 0.0, 1.1930874407172889E-4, -0.0021968587489337296, -8.262770401463792, 0.0, 1.173847146326763, -7.08892325513705, 1.0010411445858927, 0.0, 0.6966563886574189, 1.6976975332433812, 7.004999999999997
0.0010531062124248495, 0.3608794309371278, 2.5141058896229753E-4, 1.7118571344369948, -0.002327627601573206, 0.0, 1.2094502461547252E-4, -0.0022066825769577543, -8.257229078306006, 0.0, 1.184893198691646, -7.072335879614383, 1.001042863144581, 0.0, 0.7038274444023153, 1.704870307546956, 7.004999999999996
0.0010589178356713426, 0.36286188575552814, 2.5279801181289825E-4, 1.7205297781959576, -0.002339080044803637, 0.0, 1.2259665797514617E-4, -0.002216483386828513, -8.251720592526208, 0.0, 1.1959783984759174, -7.055742194050315, 1.0010422279933, 0.0, 0.711019450041296, 1.7120616780346596, 7.004999999999996
0.0010647294589178357, 0.36484420889935143, 2.5418543466349897E-4, 1.7291982002446664, -0.0023505248680080713, 0.0, 1.2426369778449913E-4, -0.002226261170223594, -8.246244586810697, 0.0, 1.2071017653942668, -7.039142821416433, 1.0010392755388178, 0.0, 0.7182315122697932, 1.7192707878086946, 7.004999999999996
0.0010705410821643284, 0.36682639292747327, 2.5557285751409963E-4, 1.7378582771211288, -0.0023619621160027963, 0.0, 1.2594619631866653E-4, -0.00223601591968415, -8.240800704845991, 0.0, 1.2182623212750043, -7.022538383570996, 1.0010340462190332, 0.0, 0.7254627433240545, 1.7264967895431593, 7.004999999999996
0.0010763527054108216, 0.36880843022245463, 2.5696028036470035E-4, 1.7465059710533324, -0.002373391833110454, 0.0, 1.2764420449718543E-4, -0.0022457476286132914, -8.235388591350821, 0.0, 1.2294590901907194, -7.005929501160115, 1.0010265843406514, 0.0, 0.732712261007541, 1.7337388453482672, 7.004999999999996
0.0010821643286573145, 0.37079031300430826, 2.58347703215301E-4, 1.7551373357515332, -0.0023848140631614998, 0.0, 1.293577718871976E-4, -0.002255456291274321, -8.230007892114948, 0.0, 1.2406910985814397, -6.989316793533518, 1.0010169379144127, 0.0, 0.7399791887124605, 1.7409961266269356, 7.004999999999995
0.0010879759519038077, 0.3727720333445732, 2.5973512606590173E-4, 1.7637485219774118, -0.0023962288494957153, 0.0, 1.3108694670681636E-4, -0.002265141902788919, -8.224658254044225, 0.0, 1.2519573753713205, -6.972700878672912, 1.0010051584883084, 0.0, 0.7472626554374594, 1.7482678139258387, 7.004999999999996
0.0010937875751503004, 0.37475358318066926, 2.611225489165024E-4, 1.7723357828771125, -0.002407636234963798, 0.0, 1.328317758286493E-4, -0.0022748044591351714, -8.219339325211843, 0.0, 1.2632569520797252, -6.956082373132101, 1.0009913009788258, 0.0, 0.7545617958022637, 1.7555530967811934, 7.004999999999997
0.0010995991983967935, 0.37673495433052173, 2.625099717671031E-4, 1.780895479081144, -0.002419036261929016, 0.0, 1.345923047834723E-4, -0.0022844439571455643, -8.214050754914766, 0.0, 1.2745888629275053, -6.93946189198725, 1.000975423500913, 0.0, 0.7618757500600002, 1.7628511735610026, 7.004999999999995
0.0011054108216432864, 0.37871613850741787, 2.638973946177038E-4, 1.789424083559386, -0.0024304289722689477, 0.0, 1.3636857776405407E-4, -0.002294060394504914, -8.208792193735674, 0.0, 1.2859521449395392, -6.922840048796107, 1.0009575871964187, 0.0, 0.7692036641081726, 1.7701612513046976, 7.004999999999997
0.0011112224448897796, 0.38069712733508676, 2.652848174683045E-4, 1.7979181862306075, -0.002441814407377313, 0.0, 1.3816063762911072E-4, -0.002303653769748222, -8.20356329360923, 0.0, 1.2973458380443545, -6.906217455564875, 1.0009378560619284, 0.0, 0.7765446894991018, 1.7774825455611065, 7.004999999999997
0.0011170340681362725, 0.3826779123629639, 2.6667224031890515E-4, 1.806374498320697, -0.0024531926081658904, 0.0, 1.399685259074031E-4, -0.0023132240822585077, -8.198363707893163, 0.0, 1.3087689851716573, -6.889594722721471, 1.0009162967754606, 0.0, 0.7838979834505222, 1.7848142802260933, 7.004999999999996
0.0011228456913827654, 0.38465848508163447, 2.6805966316950587E-4, 1.8147898564664415, -0.0024645636150665614, 0.0, 1.4179228280197077E-4, -0.0023227713322646107, -8.193193091442796, 0.0, 1.3202206323488992, -6.872972459093882, 1.0008929785233145, 0.0, 0.7912627088574068, 1.7921556873808102, 7.004999999999996
0.0011286573146292583, 0.38663883693841866, 2.6944708602010654E-4, 1.8231612265659143, -0.0024759274680334164, 0.0, 1.4363194719449248E-4, -0.002332295520838945, -8.188051100689615, 0.0, 1.331699828797379, -6.856351271892246, 1.000867972826211, 0.0, 0.7986380343054748, 1.7995060071317541, 7.0049999999999955
0.0011344689378757513, 0.3886189593530794, 2.708345088707072E-4, 1.831485707363092, -0.0024872842065450217, 0.0, 1.4548755664978863E-4, -0.0023417966498952545, -8.182937393722991, 0.0, 1.343205627029198, -6.8397317666937845, 1.0008413533657625, 0.0, 0.8060231340875676, 1.8068644874534177, 7.004999999999998
0.0011402805611222444, 0.3905988437336385, 2.722219317213079E-4, 1.8397605337725595, -0.0024986338696067656, 0.0, 1.473591474204494E-4, -0.002351274722186337, -8.177851630374533, 0.0, 1.3547370829456007, -6.82311454742893, 1.0008131958114275, 0.0, 0.8134171882234116, 1.8142303840349188, 7.0049999999999955
0.001146092184368737, 0.39257848149225455, 2.736093545719086E-4, 1.8479830799425159, -0.0025099764957533326, 0.0, 1.4924675445161423E-4, -0.0023607297413017385, -8.1727934723055, 0.0, 1.3662932559377583, -6.806500216367716, 1.0007835776475693, 0.0, 0.8208193824836618, 1.82160296013133, 7.004999999999997
0.0011519038076152302, 0.3945578640611742, 2.749967774225093E-4, 1.85615086204711, -0.0025213121230513134, 0.0, 1.5115041138587883E-4, -0.0023701617116654557, -8.167762583096033, 0.0, 1.3778732089908556, -6.7898893741051705, 1.0007525780017659, 0.0, 0.8282289084191112, 1.828981486420961, 7.004999999999996
0.0011577154308617232, 0.396536982908698, 2.7638420027310996E-4, 1.8642615408171235, -0.002532640789101929, 0.0, 1.530701505683579E-4, -0.0023795706385335916, -8.162758628336626, 0.0, 1.3894760087922249, -6.773282619544399, 1.0007202774738035, 0.0, 0.8356449633956315, 1.836365240869513, 7.004999999999997
0.0011635270541082163, 0.3985158295551586, 2.777716231237107E-4, 1.8723129237979017, -0.0025439625310438732, 0.0, 1.5500600305190206E-4, -0.002388956527991993, -8.157781275721103, 0.0, 1.401100725844506, -6.756680549876562, 1.000686757965954, 0.0, 0.8430667506357885, 1.8437535086018557, 7.004999999999996
0.0011693386773547094, 0.4004943955888924, 2.791590459743114E-4, 1.88030296734508, -0.002555277385556311, 0.0, 1.5695799860247116E-4, -0.0023983193869538595, -8.152830195140876, 0.0, 1.4127464345846439, -6.740083760556197, 1.0006521025148154, 0.0, 0.8504934792678578, 1.8511455817827787, 7.004999999999997
0.0011751503006012022, 0.4024726726821545, 2.8054646882491206E-4, 1.888229778347137, -0.002566585388861982, 0.0, 1.5892616570467707E-4, -0.0024076592231573263, -8.1479050587804, 0.0, 1.4244122135095119, -6.723492845270849, 1.0006163951245406, 0.0, 0.8579243643829477, 1.8585407595076051, 7.0049999999999955
0.0011809619238476953, 0.40445065260699137, 2.819338916755128E-4, 1.8960916156854521, -0.002577886576730458, 0.0, 1.6091053156751264E-4, -0.0024169760451629657, -8.143005541213327, 0.0, 1.4360971453091074, -6.706908395904181, 1.0005797206020017, 0.0, 0.8653586271010518, 1.8659383477031637, 7.004999999999996
0.0011867735470941882, 0.4064283272510167, 2.8332131452611344E-4, 1.9038868914217169, -0.0025891809844815167, 0.0, 1.6291112213026064E-4, -0.0024262698623512776, -8.138131319499157, 0.0, 1.447800317008029, -6.690331002491093, 1.0005421643938952, 0.0, 0.8727954946467192, 1.8733376590407258, 7.004999999999996
0.0011925851703406814, 0.4084056886330839, 2.8470873737671416E-4, 1.9116141717296058, -0.002600468646988666, 0.0, 1.6492796206861942E-4, -0.0024355406849200685, -8.133282073280231, 0.0, 1.4595208201160446, -6.673761253164153, 1.0005038124259713, 0.0, 0.8802342004349846, 1.880738012861067, 7.004999999999996
0.001198396793587174, 0.4103827289188317, 2.860961602273148E-4, 1.919272177554907, -0.002611749598682781, 0.0, 1.669610748010261E-4, -0.0024447885238817755, -8.128457484878474, 0.0, 1.471257750788793, -6.657199734089647, 1.00046475094476, 0.0, 0.8876739841686159, 1.8881387351134808, 7.004999999999996
0.0012042084168336672, 0.41235944043608186, 2.8748358307791554E-4, 1.9268597850180376, -0.002623023873555908, 0.0, 1.690104824952266E-4, -0.0024540133910607013, -8.12365723939227, 0.0, 1.4830102099990794, -6.6406470293931354, 1.000425066361518, 0.0, 0.8951140919469388, 1.8955391583085792, 7.004999999999996
0.0012100200400801601, 0.4143358156900471, 2.888710059285162E-4, 1.934376025554089, -0.0026342915051651636, 0.0, 1.710762060750836E-4, -0.002463215299090099, -8.118881024792527, 0.0, 1.4947773037197607, -6.624103721072738, 1.000384845099043, 0.0, 0.9025537763872253, 1.9029386214863626, 7.004999999999996
0.0012158316633266533, 0.41631184737837085, 2.902584287791169E-4, 1.9418200858044115, -0.0026455525266368047, 0.0, 1.731582652276467E-4, -0.0024723942614091805, -8.11412853201819, 0.0, 1.5065581431190656, -6.607570388899077, 1.0003441734412506, 0.0, 0.909992296759379, 1.9103364702007544, 7.004999999999996
0.0012216432865731464, 0.4182875284059254, 2.9164585162971764E-4, 1.9491913072423541, -0.0026568069706704, 0.0, 1.7525667841050195E-4, -0.0024815502922599197, -8.109399455070843, 0.0, 1.518351844768883, -6.591047610301922, 1.0003031373855775, 0.0, 0.9174289191343604, 1.9177320565200504, 7.004999999999996
0.001227454909819639, 0.4202628518993851, 2.9303327448031825E-4, 1.956489185563024, -0.0026680548695431423, 0.0, 1.7737146285942386E-4, -0.00249068340668374, -8.104693491108097, 0.0, 1.5301575308669688, -6.574535960241102, 1.000261822498595, 0.0, 0.9248629165471978, 1.925124739045894, 7.0049999999999955
0.001233266533066132, 0.4222378112215404, 2.9442069733091896E-4, 1.963713369817003, -0.00267929625511431, 0.0, 1.7950263459634406E-4, -0.002499793620517986, -8.100010340535762, 0.0, 1.5419743294738784, -6.558036011061855, 1.0002203137747625, 0.0, 0.9322935691753279, 1.9325138829501882, 7.004999999999997
0.001239078156312625, 0.42421239998532656, 2.9580812018151963E-4, 1.9708636613091368, -0.0026905311588298103, 0.0, 1.8165020843765542E-4, -0.002508880950392174, -8.09534970709837, 0.0, 1.5538013747650692, -6.541548332333281, 1.000178695498533, 0.0, 0.939720164532613, 1.9398988600312312, 7.004999999999996
0.001244889779559118, 0.4261866120675584, 2.9719554303212034E-4, 1.9779400122501203, -0.0027017596117268885, 0.0, 1.83814198002888E-4, -0.002517945413724021, -8.090711297968218, 0.0, 1.5656378072992123, -6.525073490668968, 1.0001370511097734, 0.0, 0.9471419976799487, 1.9472790487898277, 7.004999999999996
0.001250701402805611, 0.42816044162234534, 2.98582965882721E-4, 1.9849425241895613, -0.0027129816444389546, 0.0, 1.8599461572374514E-4, -0.0025269870287152295, -8.086094823832097, 0.0, 1.577482774303408, -6.508612049528654, 1.0000954630731962, 0.0, 0.9545583714531763, 1.9546538345264732, 7.0049999999999955
0.001256513026052104, 0.43013388309415335, 2.999703887333217E-4, 1.991871446206403, -0.0027241972872004846, 0.0, 1.8819147285358104E-4, -0.0025360058143469215, -8.08149999897664, 0.0, 1.5893354299756663, -6.492164569000922, 1.0000540127506232, 0.0, 0.9619685967083795, 1.962022609459114, 7.0049999999999955
0.0012623246492985969, 0.43210693123053, 3.013578115839224E-4, 1.998727172892476, -0.002735406569852119, 0.0, 1.9040477947728304E-4, -0.0025450017903748553, -8.076926541370623, 0.0, 1.6011949358058526, -6.475731605564737, 1.0000127802781216, 0.0, 0.9693719925858825, 1.969384772864102, 7.004999999999996
0.00126813627254509, 0.4340795810944281, 3.027452344345231E-4, 2.0055102420986337, -0.0027466095218457802, 0.0, 1.9263454452162656E-4, -0.002553974977324175, -8.072374172745905, 0.0, 1.613060460915314, -6.45931371183051, 0.9999718444456865, 0.0, 0.9767678867929325, 1.9767397312387687, 7.004999999999997
0.0012739478957915832, 0.4360518280761469, 3.041326572851238E-4, 2.012221332499017, -0.002757806172249987, 0.0, 1.9488077576610032E-4, -0.002562925396483906, -8.06784261867473, 0.0, 1.6249311824163029, -6.442911436258354, 0.9999312825822733, 0.0, 0.9841556159061932, 1.9840868984886029, 7.004999999999996
0.0012797595190380759, 0.43802366790485286, 3.055200801357245E-4, 2.0188612609197225, -0.002768996549755208, 0.0, 1.9714347985427084E-4, -0.0025718530699009572, -8.063331608645509, 0.0, 1.6368062857913321, -6.426525322854129, 0.9998911704435353, 0.0, 0.9915345256939543, 1.991425696137601, 7.004999999999997
0.001285571142284569, 0.43999509665966874, 3.069075029863252E-4, 2.025430979492386, -0.0027801806826793654, 0.0, 1.9942266230565445E-4, -0.0025807580203737308, -8.058840876134925, 0.0, 1.6486849652936366, -6.410155910841247, 0.9998515821046553, 0.0, 0.9989039714593476, 1.998755553564107, 7.0049999999999955
0.001291382765531062, 0.44196611078030107, 3.0829492583692587E-4, 2.031931572607455, -0.002791358598973403, 0.0, 2.0171832752818319E-4, -0.002589640271445237, -8.054370158677681, 0.0, 1.660566424368976, -6.3938037343086185, 0.99981258985677, 0.0, 1.0062633184045167, 2.006075908261432, 7.004999999999996
0.001297194388777555, 0.4439367070772182, 3.096823486875266E-4, 2.038364253684245, -0.002802530326226965, 0.0, 2.0403047883126997E-4, -0.002598499847395714, -8.049919197933026, 0.0, 1.672449876099542, -6.3774693218334155, 0.9997742641078263, 0.0, 1.0136119420165142, 2.0133862061244696, 7.004999999999996
0.001303006012024048, 0.44590688274132106, 3.1106977153812725E-4, 2.0447303617595924, -0.0028136958916741717, 0.0, 2.0635911843948506E-4, -0.002607336773234706, -8.045487739748172, 0.0, 1.6843345436706614, -6.361153196077424, 0.9997366732877363, 0.0, 1.020949228475572, 2.020685901763456, 7.004999999999997
0.001308817635270541, 0.44787663535313127, 3.1245719438872797E-4, 2.0510313579152246, -0.0028248553221994644, 0.0, 2.087042475069245E-4, -0.0026161510746925596, -8.041075534218576, 0.0, 1.6962196608605962, -6.344855873357917, 0.9996998837577575, 0.0, 1.0282745750858213, 2.0279744588437043, 7.004999999999996
0.001314629258517034, 0.44984596289145207, 3.138446172393287E-4, 2.057268821540143, -0.0028360086443435417, 0.0, 2.1106586613225343E-4, -0.0026249427782113082, -8.036682335744786, 0.0, 1.7081044725543764, -6.328577863190343, 0.9996639597243662, 0.0, 1.035587390729453, 2.035251350453948, 7.004999999999996
0.001320440881763527, 0.45181486374149143, 3.1523204008992935E-4, 2.0634444464348576, -0.002847155884309365, 0.0, 2.1344397337448747E-4, -0.002633711910934895, -8.032307903086004, 0.0, 1.719988235281924, -6.312319667804035, 0.9996289631574429, 0.0, 1.0428870963444095, 2.0425160595019523, 7.004999999999997
0.00132625250501002, 0.45378333670245835, 3.1661946294053E-4, 2.0695600367718843, -0.002858297067968254, 0.0, 2.158385672695354E-4, -0.0026424585006987367, -8.027951999409858, 0.0, 1.7318702177810492, -6.296081781628751, 0.9995949537132406, 0.0, 1.0501731254261302, 2.049768079139486, 7.004999999999996
0.0013320641282565126, 0.45575138099456114, 3.180068857911307E-4, 2.0756175029275106, -0.0028694322208660202, 0.0, 2.1824964484754733E-4, -0.002651182576018492, -8.023614392339239, 0.0, 1.7437497015859926, -6.279864690753164, 0.9995619886611552, 0.0, 1.0574449245539153, 2.057006913215213, 7.0049999999999955
0.0013378757515030057, 0.4577189962654702, 3.193943086417314E-4, 2.081618857160585, -0.0028805613682291865, 0.0, 2.2067720215108484E-4, -0.00265988416607812, -8.019294853994587, 0.0, 1.7556259816419704, -6.263668872352556, 0.9995301228159681, 0.0, 1.0647019539423372, 2.0642320767584224, 7.004999999999996
0.0013436873747494987, 0.45968618259615657, 3.2078173149233206E-4, 2.087566209203448, -0.0028916845349712503, 0.0, 2.231212342541751E-4, -0.0026685633007170946, -8.01499316103361, 0.0, 1.7674983669458735, -6.2474947940876255, 0.999499408473493, 0.0, 1.0719436880176922, 2.0714430964913575, 7.004999999999997
0.0013494989979959918, 0.46165294050615385, 3.221691543429328E-4, 2.0934617617113638, -0.0029028017456990225, 0.0, 2.2558173528226076E-4, -0.0026772200104167813, -8.010709094685916, 0.0, 1.7793661812142874, -6.231342913471552, 0.9994698953521433, 0.0, 1.0791696160206488, 2.0786395113729306, 7.004999999999996
0.001355310621242485, 0.4636192709581848, 3.235565771935335E-4, 2.0993078056253793, -0.0029139130247189528, 0.0, 2.2805869843310994E-4, -0.0026858543262858643, -8.006442440785168, 0.0, 1.7912287635783741, -6.215213677206727, 0.999441630537579, 0.0, 1.0863792426344747, 2.0858208731721875, 7.004999999999998
0.0013611222444889777, 0.46558517536217037, 3.2494400004413415E-4, 2.1051067154396215, -0.0029250183960435844, 0.0, 2.3055211599868974E-4, -0.002694466280044914, -8.002192989796447, 0.0, 1.8030854693070117, -6.199107520489339, 0.9994146584331127, 0.0, 1.0935720886402631, 2.09298674707353, 7.004999999999998
0.0013669338677354708, 0.46755065557860326, 3.2633142289473487E-4, 2.1108609443781248, -0.002936117883397955, 0.0, 2.33061979388089E-4, -0.0027030559040098837, -7.997960536840124, 0.0, 1.8149356705576822, -6.183024866282366, 0.9993890207140126, 0.0, 1.1007476915984262, 2.1001367123125685, 7.0049999999999955
0.0013727454909819637, 0.46951571392126323, 3.2771884574533554E-4, 2.1165730195002794, -0.0029472115102261057, 0.0, 2.3558827915146855E-4, -0.0027116232310746527, -7.993744881711721, 0.0, 1.8267787571563368, -6.166966124555303, 0.9993647562867324, 0.0, 1.10790560655779, 2.10727036284465, 7.004999999999997
0.0013785571142284569, 0.4714803531592813, 3.2910626859593625E-4, 2.1222455367391007, -0.0029582992996975443, 0.0, 2.381310050051439E-4, -0.002720168294692419, -7.989545828897815, 0.0, 1.8386141374058325, -6.150931691491924, 0.9993419012524342, 0.0, 1.115045406791613, 2.1143873080441637, 7.0049999999999955
0.0013843687374749498, 0.47344457651852084, 3.304936914465369E-4, 2.1278811558858237, -0.0029693812747138, 0.0, 2.4069014585780403E-4, -0.002728691128856013, -7.985363187588138, 0.0, 1.8504412389240021, -6.134921948664024, 0.9993204888751644, 0.0, 1.1221666845616238, 2.1214871734369516, 7.004999999999997
0.0013901803607214427, 0.47540838768229843, 3.3188111429713763E-4, 2.1334825955207677, -0.002980457457914915, 0.0, 2.4326568983789573E-4, -0.0027371917680770377, -7.98119677168343, 0.0, 1.862259509511183, -6.118937262172152, 0.9993005495545334, 0.0, 1.1292690519098603, 2.1285696014645437, 7.004999999999997
0.0013959919839679356, 0.47737179079140557, 3.332685371477383E-4, 2.139052627913401, -0.0029915278716860214, 0.0, 2.458576243222458E-4, -0.002745670247363795, -7.9770463997993, 0.0, 1.874068418047722, -6.102977981751493, 0.9992821108031685, 0.0, 1.136352141478666, 2.1356342522819785, 7.004999999999997
0.0014018036072144288, 0.47933479044344257, 3.34655959998339E-4, 2.1445940738940905, -0.0030025925381638534, 0.0, 2.4846593596595894E-4, -0.0027541266021979104, -7.9729118952664235, 0.0, 1.8858674554217003, -6.087044439844685, 0.9992651972280773, 0.0, 1.143415607359015, 2.1426808045871772, 7.004999999999996
0.001407615230460922, 0.48129739169142416, 3.3604338284893973E-4, 2.1501097977022674, -0.0030136514792432983, 0.0, 2.510906107336029E-4, -0.002762560868509716, -7.968793086126482, 0.0, 1.8976561354872898, -6.071136950639083, 0.9992498305168522, 0.0, 1.1504591259676153, 2.1497089564846363, 7.004999999999997
0.0014134268537074146, 0.4832596000417322, 3.374308056995404E-4, 2.155602701830631, -0.0030247047165839467, 0.0, 2.5373163393174996E-4, -0.002770973082652214, -7.964689805123702, 0.0, 1.9094339960537523, -6.055255809069855, 0.999236029428713, 0.0, 1.1574823969526287, 2.1567184263814867, 7.0049999999999955
0.0014192384769539078, 0.48522142145127134, 3.388182285501411E-4, 2.1610757218753633, -0.003035752271616563, 0.0, 2.563889902429353E-4, -0.002779363281373649, -7.960601889693678, 0.0, 1.9212005999054307, -6.039401289788165, 0.9992238097884476, 0.0, 1.164485144128255, 2.163708953916848, 7.004999999999995
0.0014250501002004005, 0.4871828623239816, 3.402056514007417E-4, 2.166531821391956, -0.0030467941655496302, 0.0, 2.590626637610183E-4, -0.00278773150178863, -7.956529181946596, 0.0, 1.9329555358530237, -6.023573646093441, 0.9992131844866126, 0.0, 1.1714671164385617, 2.1706803009253597, 7.004999999999995
0.0014308617234468936, 0.4891439295065808, 3.4159307425134244E-4, 2.1719739867582106, -0.0030578304193757946, 0.0, 2.617526380280425E-4, -0.002796077781347763, -7.952471528647572, 0.0, 1.9446984198161592, -6.007773108831294, 0.999204163482703, 0.0, 1.178428088950358, 2.1776322524332112, 7.004999999999997
0.0014366733466933865, 0.4911046302835766, 3.429804971019431E-4, 2.1774052221156737, -0.0030688610538783232, 0.0, 2.644588960726169E-4, -0.002804402157805722, -7.948428781192809, 0.0, 1.9564288959374962, -5.991999885255231, 0.9991967538129735, 0.0, 1.1853678638753364, 2.1845646176884377, 7.004999999999997
0.0014424849699398795, 0.4930649723715625, 3.443679199525438E-4, 2.182828544283879, -0.0030798860896374953, 0.0, 2.671814204498702E-4, -0.00281270466918764, -7.944400795581922, 0.0, 1.9681466377285055, -5.976254157853347, 0.9991909596022543, 0.0, 1.1922862716215537, 2.1914772312239204, 7.004999999999995
0.0014482965931863724, 0.4950249639127535, 3.457553428031445E-4, 2.1882469777907048, -0.003090905547036983, 0.0, 2.699201932829975E-4, -0.0028209853537539986, -7.940387432385996, 0.0, 1.979851349247218, -5.960536083138688, 0.9991867820804091, 0.0, 1.1991831718745367, 2.1983699539550727, 7.004999999999996
0.0014541082164328655, 0.4969846134678124, 3.471427656537452E-4, 2.1936635499080452, -0.0031019194462701587, 0.0, 2.726751963064918E-4, -0.0028292442499636794, -7.936388556712332, 0.0, 1.9915427663074308, -5.9448457904047975, 0.9991842196022498, 0.0, 1.2060584547073165, 2.205242674309706, 7.004999999999997
0.0014599198396793587, 0.49894393000788223, 3.485301885043459E-4, 2.1990812858005597, -0.003112927807346375, 0.0, 2.7544641091105284E-4, -0.002837481396435337, -7.932404038165046, 0.0, 2.003220657720297, -5.9291833804446625, 0.9991832676719011, 0.0, 1.2129120417204002, 2.212095309392431, 7.004999999999995
0.0014657314629258514, 0.5009029229059324, 3.499176113549466E-4, 2.204503203729523, -0.0031239306500971437, 0.0, 2.78233818190243E-4, -0.0028456968319069144, -7.928433750802349, 0.0, 2.014884826567567, -5.913548924234698, 0.9991839189705392, 0.0, 1.2197438872108155, 2.218927806181479, 7.004999999999997
0.0014715430861723445, 0.5028616019273201, 3.513050342055473E-4, 2.2099323103490462, -0.0031349279941823294, 0.0, 2.8103739898895113E-4, -0.002853890595193401, -7.924477573089415, 0.0, 2.0265351115070063, -5.8979424615822875, 0.9991861633889367, 0.0, 1.2265539793706615, 2.2257401427597836, 7.0049999999999955
0.0014773547094188374, 0.504819977219615, 3.5269245705614796E-4, 2.2153715961117157, -0.0031459198590961914, 0.0, 2.838571339536558E-4, -0.002862062725142549, -7.920535387848409, 0.0, 2.0381713881097534, -5.882363999738475, 0.9991899880627821, 0.0, 1.233342341515014, 2.232532329578015, 7.004999999999997
0.0014831663326653306, 0.5067780593016943, 3.540798799067487E-4, 2.220824030764497, -0.0031569062641734072, 0.0, 2.8669300358460985E-4, -0.0028702132605888104, -7.916607082204353, 0.0, 2.0497935702294923, -5.866813511974783, 0.9991953774124352, 0.0, 1.240109033338794, 2.2393044107513442, 7.004999999999996
0.0014889779559118235, 0.5087358590520757, 3.5546730275734935E-4, 2.2262925589676215, -0.0031678872285949974, 0.0, 2.895449882899025E-4, -0.0028783422403051134, -7.912692547527972, 0.0, 2.061401611403643, -5.851290936124207, 0.999202313185769, 0.0, 1.246854152203006, 2.246056465388948, 7.004999999999996
0.0014947895791583164, 0.5106933876965143, 3.5685472560795006E-4, 2.231780096058337, -0.0031788627713941918, 0.0, 2.924130684415128E-4, -0.002886449702952693, -7.908791679374389, 0.0, 2.0729955062863823, -5.835796173087865, 0.9992107745053261, 0.0, 1.2535778344499011, 2.2527886089554094, 7.004999999999996
0.0015006012024048096, 0.5126506567948724, 3.582421484585508E-4, 2.237289523924197, -0.0031898329114621645, 0.0, 2.9529722443337556E-4, -0.0028945356870288042, -7.904904377419108, 0.0, 2.084575292113116, -5.8203290853058745, 0.9992207379181605, 0.0, 1.2602802567467177, 2.2595009946650384, 7.0049999999999955
0.0015064128256513025, 0.5146076782272242, 3.5962957130915144E-4, 2.242823687021506, -0.003200797667553717, 0.0, 2.9819743674148704E-4, -0.002902600230812245, -7.901030545390712, 0.0, 2.09614105019661, -5.804889495193966, 0.9992321774491401, 0.0, 1.2669616374582036, 2.2661938149075214, 7.0049999999999955
0.0015122244488977956, 0.5165644641792712, 3.6101699415975216E-4, 2.2483853885619283, -0.003211757058292858, 0.0, 3.011136859861233E-4, -0.0029106433723067515, -7.897170090999419, 0.0, 2.107692907454688, -5.7894771835446095, 0.9992450646584233, 0.0, 1.2736222380477, 2.27286730270629, 7.004999999999996
0.001518036072144288, 0.5185210271269702, 3.6240441701035277E-4, 2.253977386850252, -0.0032227111021782594, 0.0, 3.040459529961763E-4, -0.002918665149182102, -7.893322925863881, 0.0, 2.119231037968551, -5.774091887895203, 0.999259368700692, 0.0, 1.2802623645059132, 2.279521733206785, 7.004999999999997
0.0015238476953907812, 0.5204773798205258, 3.637918398609535E-4, 2.2596023917888886, -0.0032336598175886624, 0.0, 3.0699421887569545E-4, -0.0029266655987129774, -7.8894889654332, 0.0, 2.130755664572661, -5.7587333008604755, 0.9992750563893171, 0.0, 1.2868823688081572, 2.2861574251975667, 7.004999999999997
0.0015296593186372742, 0.5224335352675534, 3.6517926271155415E-4, 2.2652630615650367, -0.003244603222788084, 0.0, 3.099584650726635E-4, -0.0029346447577154305, -7.885668128908084, 0.0, 2.142267060474689, -5.743401068433197, 0.999292092261192, 0.0, 1.2934826503985566, 2.292774742659975, 7.004999999999996
0.0015354709418837673, 0.5243895067156408, 3.6656668556215487E-4, 2.270961999519727, -0.0032555413359310046, 0.0, 3.129386734500038E-4, -0.0029426026624810144, -7.881860339156799, 0.0, 2.1537655509064626, -5.7280947882502335, 0.9993104386470016, 0.0, 1.3000636577022529, 2.299374096349395, 7.004999999999996
0.0015412825651302605, 0.5263453076341127, 3.679541084127556E-4, 2.2767017512100267, -0.0032664741750673917, 0.0, 3.159348263589367E-4, -0.002950539348708467, -7.878065522630313, 0.0, 2.1652515148043574, -5.712814007825835, 0.9993300557421851, 0.0, 1.3066258896638057, 2.305955945406143, 7.004999999999996
0.0015470941883767532, 0.5283009516951829, 3.6934153126335625E-4, 2.282484801653297, -0.003277401758147592, 0.0, 3.189469067146738E-4, -0.0029584548514329304, -7.874283609273306, 0.0, 2.1767253865198564, -5.697558222753293, 0.999350901681989, 0.0, 1.3131698973126298, 2.3125207989948073, 7.0049999999999955
0.0015529058116232463, 0.5302564527543385, 3.7072895411395697E-4, 2.288313572827036, -0.0032883241030271324, 0.0, 3.219748980744946E-4, -0.0029663492049526513, -7.870514532433377, 0.0, 2.1881876575594856, -5.682326874873739, 0.9993729326183715, 0.0, 1.3196962853546483, 2.3190692179732095, 7.004999999999996
0.0015587174348697392, 0.532211824830113, 3.7211637696455763E-4, 2.2941904213221704, -0.003299241227471366, 0.0, 3.250187847182839E-4, -0.002974222442753096, -7.866758228767574, 0.0, 2.199638878353223, -5.667119350414235, 0.999396102799519, 0.0, 1.3262057137891154, 2.3256018165887875, 7.0049999999999955
0.0015645290581162324, 0.5341670820831416, 3.7350379981515835E-4, 2.3001176362635647, -0.0033101531491600213, 0.0, 3.2807855173151305E-4, -0.0029820745974285293, -7.863014638145935, 0.0, 2.2110796600520812, -5.65193497809375, 0.9994203646523446, 0.0, 1.3326988995514537, 2.3321192642039583, 7.004999999999996
0.0015703406813627253, 0.5361222387945778, 3.74891222665759E-4, 2.3060974374273258, -0.003321059885691557, 0.0, 3.311541850907534E-4, -0.002989905700600812, -7.859283703553938, 0.0, 2.222510676353158, -5.636773027200699, 0.9994456688659291, 0.0, 1.3391766181802363, 2.338622287046269, 7.0049999999999955
0.0015761523046092182, 0.5380773093438566, 3.7627864551635973E-4, 2.312131973608686, -0.0033319614545874268, 0.0, 3.3424567175175003E-4, -0.002997715782835686, -7.855565370991516, 0.0, 2.233932665352515, -5.6216327056388335, 0.9994719644784299, 0.0, 1.345639705508697, 2.3451116699873196, 7.004999999999996
0.0015819639278557111, 0.540032308185838, 3.776660683669604E-4, 2.3182233212324803, -0.0033428578732962017, 0.0, 3.373529997400377E-4, -0.003005504873556181, -7.851859589370324, 0.0, 2.2453464314252725, -5.606513157944857, 0.9994991989656806, 0.0, 1.3520890593802741, 2.3515882583461942, 7.004999999999996
0.0015877755511022043, 0.5419872498272572, 3.790534912175611E-4, 2.324373483177041, -0.0033537491591975454, 0.0, 3.404761582442595E-4, -0.003013273000953295, -7.848166310409703, 0.0, 2.256752847131499, -5.591413463278108, 0.9995273183310253, 0.0, 1.3585256413864395, 2.3580529597175857, 7.004999999999996
0.0015935871743486974, 0.5439421488026801, 3.8044091406816183E-4, 2.330584387897545, -0.0033646353296059974, 0.0, 3.4361513771207435E-4, -0.003021020191893934, -7.8444854885300455, 0.0, 2.268152855148876, -5.576332633381089, 0.9995562671975486, 0.0, 1.3649504786281674, 2.364506745825826, 7.004999999999997
0.0015993987975951901, 0.5458970196497406, 3.818283369187625E-4, 2.3368578887530447, -0.00337551640177469, 0.0, 3.4676992994880077E-4, -0.003028746471825902, -7.840817080744244, 0.0, 2.279547470229715, -5.561269610514353, 0.9995859889023722, 0.0, 1.3713646654983331, 2.370950654400913, 7.004999999999997
0.0016052104208416833, 0.547851876883859, 3.832157597693632E-4, 2.3431957636413046, -0.0033863923928988374, 0.0, 3.499405282188029E-4, -0.003036451864680043, -7.837161046548317, 0.0, 2.290937781183227, -5.5462232653649695, 0.9996164255914584, 0.0, 1.3777693654859886, 2.377385791077591, 7.004999999999996
0.0016110220440881762, 0.5498067349723527, 3.846031826199639E-4, 2.3495997148449703, -0.003397263320119119, 0.0, 3.5312692734961127E-4, -0.003044136392769518, -7.833517347810105, 0.0, 2.3023249528812557, -5.531192394928721, 0.9996475183164462, 0.0, 1.3841658130008538, 2.383813331317455, 7.004999999999996
0.001616833667334669, 0.5517616083080532, 3.8599060547056454E-4, 2.356071369198446, -0.0034081292005249, 0.0, 3.563291238388544E-4, -0.003051800076686061, -7.829885948655923, 0.0, 2.313710228287327, -5.516175720368427, 0.9996792071333463, 0.0, 1.390555315217745, 2.390234522351301, 7.004999999999997
0.001622645290581162, 0.5537165111822778, 3.873780283211652E-4, 2.3626122784951917, -0.0034189900511572575, 0.0, 3.595471159640487E-4, -0.0030594429351932227, -7.826266815357278, 0.0, 2.325094930508154, -5.5011718848490005, 0.9997114312010419, 0.0, 1.3969392539400514, 2.3966506851412523, 7.004999999999996
0.001628456913827655, 0.5556714577573856, 3.887654511717659E-4, 2.369223920151086, -0.003429845889011907, 0.0, 3.627809038952015E-4, -0.003067064985116709, -7.822659916215186, 0.0, 2.3364804648665243, -5.486179451348477, 0.9997441288822232, 0.0, 1.403319087481382, 2.4030632163637993, 7.004999999999996
0.0016342685370741479, 0.5576264620387519, 3.901528740223666E-4, 2.3759076982234433, -0.003440696731041904, 0.0, 3.6603048981034836E-4, -0.0030746662412315696, -7.819065221444066, 0.0, 2.3478683209951936, -5.47119690044872, 0.999777237844486, 0.0, 1.409696352564776, 2.40947359040945, 7.004999999999996
0.001640080160320641, 0.5595815378462655, 3.915402968729673E-4, 2.382664944596087, -0.0034515425941602793, 0.0, 3.692958780139802E-4, -0.0030822467161463044, -7.815482703054823, 0.0, 2.359260074950479, -5.456222628104173, 0.9998106951623971, 0.0, 1.4160726662383798, 2.415883361400961, 7.004999999999997
0.0016458917835671342, 0.5615366987853911, 3.92927719723568E-4, 2.389496920556752, -0.003462383495242362, 0.0, 3.725770750584275E-4, -0.0030898064201839506, -7.811912334736501, 0.0, 2.3706573913449533, -5.441254943391402, 0.9998444374205079, 0.0, 1.4224497278068795, 2.422294165227574, 7.004999999999997
0.001651703406813627, 0.5634919582177473, 3.943151425741687E-4, 2.3964048185831075, -0.003473219451128115, 0.0, 3.7587408986821796E-4, -0.0030973453612599088, -7.8083540917383365, 0.0, 2.382062025498157, -5.426292066240062, 0.999878400816319, 0.0, 1.4288293207776734, 2.4287077215941406, 7.004999999999998
0.00165751503006012, 0.5654473292312112, 3.957025654247694E-4, 2.403389764443432, -0.003484050478624131, 0.0, 3.7918693386742756E-4, -0.0031048635447567096, -7.804807950750138, 0.0, 2.393475825604469, -5.411332125145431, 0.9999125212643789, 0.0, 1.4352133148209287, 2.4351258360855614, 7.004999999999995
0.001663326653306613, 0.5674028246097174, 3.9708998827537006E-4, 2.410452819585288, -0.003494876594505636, 0.0, 3.8251562111005135E-4, -0.003112360973395593, -7.801273889782644, 0.0, 2.4049007349167586, -5.396373154865698, 0.9999467345007448, 0.0, 1.4416036677421813, 2.4415504022431342, 7.004999999999996
0.001669138276553106, 0.5693584568025057, 3.984774111259708E-4, 2.4175949838108295, -0.0035056978155181577, 0.0, 3.8586016841340174E-4, -0.0031198376471047594, -7.79775188804871, 0.0, 2.4163387939456147, -5.381413094102867, 0.9999809761860953, 0.0, 1.4480024274673162, 2.447983403653649, 7.004999999999997
0.001674949899799599, 0.5713142378931734, 3.9986483397657144E-4, 2.4248171982331996, -0.003516514158379171, 0.0, 3.892205954946005E-4, -0.003127293562884577, -7.794241925842309, 0.0, 2.427792142671672, -5.366449783170474, 1.0000151820113095, 0.0, 1.4544117340373752, 2.454426916048863, 7.0049999999999955
0.001680761523046092, 0.573270179568222, 4.0125225682717216E-4, 2.432120348511887, -0.0035273256397794946, 0.0, 3.925969251101114E-4, -0.0031347287146693908, -7.790743984419203, 0.0, 2.439263022771683, -5.351480961647262, 1.0000492878010407, 0.0, 1.46083382161404, 2.460883109415357, 7.004999999999998
0.001686573146292585, 0.57522629308535, 4.026396796777729E-4, 2.439505268403451, -0.0035381322763845128, 0.0, 3.95989183198397E-4, -0.003142143093186126, -7.787258045877141, 0.0, 2.4507537798555226, -5.336504266021426, 1.0000832296176942, 0.0, 1.467271020492854, 2.4673542501107657, 7.004999999999997
0.001692384769539078, 0.5771825892414234, 4.0402710252837354E-4, 2.446972743557154, -0.0035489340848353186, 0.0, 3.99397399025662E-4, -0.0031495366858096665, -7.78378409303602, 0.0, 2.462266865713872, -5.3215172273219835, 1.0001169438655533, 0.0, 1.4737257591240898, 2.4738427029898307, 7.004999999999996
0.0016981963927855711, 0.5791390783401262, 4.0541452537897426E-4, 2.4545235156412843, -0.003559731081749561, 0.0, 4.028216053347508E-4, -0.003156909476414812, -7.780322109319286, 0.0, 2.4738048405751933, -5.30651726874393, 1.0001503673932535, 0.0, 1.480200566139786, 2.480350933533206, 7.004999999999996
0.001704008016032064, 0.5810957701594478, 4.068019482295749E-4, 2.4621582866999745, -0.00357052328372229, 0.0, 4.062618384971594E-4, -0.0031642614452251383, -7.776872078634368, 0.0, 2.4853703753704632, -5.291501703263731, 1.0001834375975684, 0.0, 1.4866980723855985, 2.4868815099833603, 7.004999999999997
0.001709819639278557, 0.5830526739187665, 4.0818937108017564E-4, 2.469877723840682, -0.0035813107073264464, 0.0, 4.097181386682054E-4, -0.003171592568658248, -7.773433985255809, 0.0, 2.4969662540046818, -5.276467731251002, 1.0002160925239312, 0.0, 1.4932210129564294, 2.4934371054805036, 7.004999999999997
0.0017156312625250497, 0.5850097982458788, 4.0957679393077625E-4, 2.4776824641614894, -0.0035920933691133807, 0.0, 4.13190549945346E-4, -0.003178902819168037, -7.770007813707029, 0.0, 2.5085953756334645, -5.261412438073453, 1.0002482709687301, 0.0, 1.4997722292342561, 2.500020500203104, 7.004999999999998
0.0017214428857715428, 0.586967151143764, 4.1096421678137697E-4, 2.4855731199688194, -0.003602871285613052, 0.0, 4.1667912052966057E-4, -0.0031861921650834122, -7.766593548644789, 0.0, 2.5202607569434607, -5.246332791701012, 1.0002799125784594, 0.0, 1.5063546709269167, 2.5066345835057424, 7.004999999999997
0.001727254509018036, 0.5889247399571285, 4.123516396319777E-4, 2.4935502842389496, -0.0036136444733341653, 0.0, 4.2018390289049736E-4, -0.0031934605704436784, -7.7631911747432145, 0.0, 2.5319655344354595, -5.231225640307593, 1.0003109579494767, 0.0, 1.5129713981067912, 2.513282356056456, 7.004999999999996
0.0017330661322645287, 0.5908825713389834, 4.1373906248257835E-4, 2.5016145364037925, -0.0036244129487641263, 0.0, 4.237049539332964E-4, -0.0032007079948308368, -7.759800676580087, 0.0, 2.543712966707999, -5.216087709872045, 1.000341348725397, 0.0, 1.5196255832472279, 2.519966931972684, 7.004999999999996
0.0017388777555110218, 0.5928406512168654, 4.1512648533317906E-4, 2.5097664483473068, -0.00363517672836876, 0.0, 4.2724233517058105E-4, -0.003207934393198188, -7.756422038524485, 0.0, 2.5555064367406075, -5.200915601783695, 1.0003710276928626, 0.0, 1.5263205132559188, 2.526691540948985, 7.0049999999999955
0.0017446893787575147, 0.5947989847592152, 4.1651390818377973E-4, 2.518006590631785, -0.003645935828592055, 0.0, 4.307961128960943E-4, -0.0032151397156959635, -7.753055244624284, 0.0, 2.5673494541749244, -5.185705790449146, 1.0003999388778886, 0.0, 1.5330595915036094, 2.533459530381719, 7.004999999999997
0.0017505010020040079, 0.5967575763414997, 4.1790133103438045E-4, 2.526335539092827, -0.0036566902658555387, 0.0, 4.34366358362114E-4, -0.003222323907493425, -7.749700278497056, 0.0, 2.579245657592073, -5.170454620904811, 1.0004280276382136, 0.0, 1.539846339846471, 2.5402743674848582, 7.004999999999996
0.0017563126252505008, 0.5987164295124325, 4.192887538849811E-4, 2.5347538815050825, -0.0036674400565576645, 0.0, 4.379531479599319E-4, -0.003229486908597733, -7.7463571232217765, 0.0, 2.591198816784292, -5.155158306437274, 1.0004552407552276, 0.0, 1.5466844006402554, 2.5471396413956935, 7.004999999999996
0.0017621242484969937, 0.6006755469601223, 4.206761767355818E-4, 2.543262224679438, -0.003678185217072978, 0.0, 4.4155656340346945E-4, -0.0032366286536695136, -7.7430257612325555, 0.0, 2.603212835019872, -5.1398129262123975, 1.0004815265236513, 0.0, 1.5535775387453887, 2.5540590652693376, 7.004999999999997
0.0017679358717434866, 0.6026349304782357, 4.220635995861825E-4, 2.5518612016035718, -0.0036889257637511474, 0.0, 4.4517669191604565E-4, -0.0032437490718351036, -7.739706174213912, 0.0, 2.615291751298913, -5.124414422914891, 1.0005068348397008, 0.0, 1.5605296435205478, 2.561036478360361, 7.004999999999998
0.0017737474949899798, 0.6045945809322801, 4.234510224367832E-4, 2.5605514789451718, -0.0036996617129158266, 0.0, 4.488136264202148E-4, -0.0032508480864956247, -7.7363983429989105, 0.0, 2.6274397425986096, -5.108958600399999, 1.000531117286303, 0.0, 1.5675447308036674, 2.568075848090303, 7.004999999999997
0.001779559118236473, 0.6065544982258868, 4.248384452873839E-4, 2.569333764714827, -0.0037103930808634585, 0.0, 4.52467465730773E-4, -0.003257925615132699, -7.733102247467958, 0.0, 2.6396611261063088, -5.093441121361486, 1.0005543272178512, 0.0, 1.5746269448784322, 2.5751812720964793, 7.004999999999997
0.0017853707414829658, 0.6085146812672553, 4.262258681379846E-4, 2.5782088161340653, -0.0037211198838618437, 0.0, 4.561383147508461E-4, -0.003264981569111002, -7.7298178664524935, 0.0, 2.6519603614377534, -5.077857505014509, 1.000576419839823, 0.0, 1.581780560423945, 2.582356980264009, 7.004999999999996
0.0017911823647294588, 0.6104751279356708, 4.276132909885853E-4, 2.5871774476933638, -0.003731842138148623, 0.0, 4.598262846710159E-4, -0.003272015853477606, -7.726545177637765, 0.0, 2.664342052839382, -5.0622031247982715, 1.0005973522894458, 0.0, 1.5890099844465626, 2.589607336736117, 7.004999999999997
0.0017969939879759517, 0.6124358350482886, 4.2900071383918597E-4, 2.5962405394769235, -0.0037425598599296226, 0.0, 4.635314931714636E-4, -0.0032790283667581644, -7.723284157471443, 0.0, 2.6768109513727527, -5.04647320609852, 1.0006170837105202, 0.0, 1.5963197581920772, 2.5969368419027794, 7.004999999999998
0.0018028056112224448, 0.6143967983270543, 4.303881366897867E-4, 2.6053990455185954, -0.0037532730653770992, 0.0, 4.6725406462723006E-4, -0.003286019000749869, -7.720034781071928, 0.0, 2.689371957077954, -5.030662823993771, 1.0006355753286398, 0.0, 1.6037145590349047, 2.6043501343637474, 7.004999999999996
0.0018086172344689375, 0.6163580123658017, 4.317755595403873E-4, 2.6146540025169998, -0.0037639817706278094, 0.0, 4.70994130316364E-4, -0.003292987640311447, -7.716797022142013, 0.0, 2.7020301211158673, -5.01476690102585, 1.0006527905209806, 0.0, 1.6111992023447268, 2.6118519928660073, 7.004999999999996
0.0018144288577154305, 0.6183194705977298, 4.33162982390988E-4, 2.6240065384838545, -0.003774685991780979, 0.0, 4.7475182863105834E-4, -0.003299934163149932, -7.7135708528832865, 0.0, 2.7147906478852293, -4.99878020499802, 1.0006686948853998, 0.0, 1.6187786433263291, 2.619447338211792, 7.004999999999996
0.0018202404809619234, 0.6202811652630718, 4.345504052415887E-4, 2.6334578818364207, -0.003785385744896205, 0.0, 4.7852730529174877E-4, -0.003306858439604468, -7.710356243915473, 0.0, 2.727658897113427, -4.98269734680177, 1.0006832563047985, 0.0, 1.6264579788316667, 2.6271412351367665, 7.0049999999999955
0.0018260521042084165, 0.6222430873770682, 4.359378280921894E-4, 2.6430093702588238, -0.0037960810459911542, 0.0, 4.823207135639959E-4, -0.003313760332427161, -7.707153164196879, 0.0, 2.7406403859192596, -4.966512778277504, 1.0006964450101994, 0.0, 1.634242449142831, 2.634938894153151, 7.004999999999997
0.0018318637274549097, 0.6242052266984333, 4.373252509427901E-4, 2.6526624600489868, -0.00380677191103923, 0.0, 4.861322144783123E-4, -0.0033206396965609238, -7.703961580949455, 0.0, 2.753740790843947, -4.950220790105464, 1.0007082336394648, 0.0, 1.642137439721862, 2.6428456733613843, 7.0049999999999955
0.0018376753507014026, 0.6261675716980409, 4.387126737933908E-4, 2.662418735323854, -0.0038174583559671244, 0.0, 4.89961977052724E-4, -0.0033274963789144, -7.700781459587418, 0.0, 2.766965949849264, -4.933815509737901, 1.0007185972924844, 0.0, 1.6501484829267814, 2.6508670802195176, 7.004999999999997
0.0018434869739478955, 0.6281301095280796, 4.401000966439915E-4, 2.6722799174574448, -0.003828140396652242, 0.0, 4.938101785180893E-4, -0.003334330218134152, -7.697612763646972, 0.0, 2.7803218642808574, -4.917290899366049, 1.0007275135852896, 0.0, 1.6582812596918852, 2.6590087732772387, 7.004999999999997
0.0018492985971943884, 0.6300928259916733, 4.4148751949459216E-4, 2.682247874544487, -0.0038388180489200693, 0.0, 4.976770045461436E-4, -0.0033411410443739357, -7.69445545472331, 0.0, 2.793814700792624, -4.900640753930574, 1.0007349626970659, 0.0, 1.666541601168254, 2.6672765638654536, 7.004999999999996
0.0018551102204408816, 0.6320557055129936, 4.428749423451929E-4, 2.692324630914868, -0.0038494913285414263, 0.0, 5.015626494801176E-4, -0.003347928679061308, -7.691309492407178, 0.0, 2.8074507932316277, -4.8838586991753825, 1.0007409274176404, 0.0, 1.6749354903243312, 2.6756764177421375, 7.004999999999998
0.0018609218436873745, 0.6340187311077782, 4.4426236519579354E-4, 2.702512376873301, -0.003860160251229602, 0.0, 5.054673165680455E-4, -0.003354692934661562, -7.688174834228727, 0.0, 2.8212366444799515, -4.866938189748657, 1.000745393187716, 0.0, 1.6834690635027112, 2.684214456690558, 7.0049999999999955
0.0018667334669338674, 0.6359818843545578, 4.4564978804639426E-4, 2.712813478178873, -0.0038708248326375675, 0.0, 5.093912181984809E-4, -0.003361433614439081, -7.68505143560233, 0.0, 2.835178928250903, -4.849872507351174, 1.0007483481386112, 0.0, 1.6921486119311946, 2.6928969600700463, 7.004999999999997
0.0018725450901803606, 0.6379451453662706, 4.4703721089699497E-4, 2.7232304859153373, -0.0038814850883548717, 0.0, 5.133345761388071E-4, -0.0033681505122160507, -7.681939249776608, 0.0, 2.849284490838258, -4.832654758938043, 1.000749783126365, 0.0, 1.7009805831864002, 2.7017303663130408, 7.004999999999996
0.0018783567134268535, 0.6399084927626404, 4.4842463374759564E-4, 2.7337661460805975, -0.0038921410339046985, 0.0, 5.172976217757621E-4, -0.003374843412128941, -7.678838227789109, 0.0, 2.8635603528143108, -4.815277874974566, 1.0007496917618575, 0.0, 1.7099715826065331, 2.7107212743686335, 7.004999999999997
0.0018841683366733466, 0.64187190364309, 4.4981205659819635E-4, 2.7444234092714623, -0.0039027926847408027, 0.0, 5.21280596358485E-4, -0.003381512088382316, -7.675748318423137, 0.0, 2.878013710674822, -4.797734607748167, 1.0007480704387786, 0.0, 1.7191283746507382, 2.719876445089661, 7.0049999999999955
0.0018899799599198395, 0.6438353535602943, 4.51199479448797E-4, 2.7552054404526416, -0.003913440056244181, 0.0, 5.252837512436407E-4, -0.003388156305000555, -7.6726694681711765, 0.0, 2.8926519384285245, -4.780017529742509, 1.0007449183546955, 0.0, 1.7284578842036662, 2.729202802558537, 7.004999999999996
0.0018957915831663325, 0.6457988164946376, 4.5258690229939773E-4, 2.76611562855021, -0.003924083163720072, 0.0, 5.293073481427851E-4, -0.0033947758155772837, -7.669601621199666, 0.0, 2.907482589127676, -4.7621190320717535, 1.0007402375317904, 0.0, 1.7379671978213784, 2.738707435353397, 7.004999999999996
0.0019016032064128254, 0.6477622648291237, 4.539743251499984E-4, 2.777157596071561, -0.003934722022394555, 0.0, 5.333516593718263E-4, -0.0034013703630227272, -7.666544719319943, 0.0, 2.9225133963369614, -4.744031322982865, 1.0007340328308008, 0.0, 1.7476635649162073, 2.748397597747123, 7.0049999999999955
0.0019074148296593183, 0.6497256693252678, 4.5536174800059906E-4, 2.788335208657031, -0.003945356647411384, 0.0, 5.374169681024365E-4, -0.0034079396793089472, -7.663498701964489, 0.0, 2.9377522755384673, -4.72574642642575, 1.0007263119604688, 0.0, 1.7575543988785913, 2.7582807108393315, 7.004999999999995
0.0019132264529058115, 0.6516889990996708, 4.567491708511998E-4, 2.7996525844552025, -0.003955987053828577, 0.0, 5.41503568615361E-4, -0.0034144834852132214, -7.660463506163782, 0.0, 2.953207325469686, -4.707256180693999, 1.0007170854860767, 0.0, 1.7676472781329553, 2.76836436361914, 7.004999999999996
0.0019190380761523044, 0.653652221601464, 4.5813659370180044E-4, 2.811114103577438, -0.00396661325661516, 0.0, 5.456117665556086E-4, -0.0034210014900595545, -7.657439066532627, 0.0, 2.968886829389578, -4.688552237142818, 1.0007063668291412, 0.0, 1.7779499471226587, 2.7786563139520375, 7.004999999999996
0.0019248496993987973, 0.6556153025906639, 4.5952401655240116E-4, 2.8227244171753227, -0.003977235270647698, 0.0, 5.497418791892508E-4, -0.003427493391458443, -7.654425315256444, 0.0, 2.9847992562736625, -4.669626058982545, 1.0006941722669231, 0.0, 1.7884703172255734, 2.7891644894927237, 7.004999999999997
0.0019306613226452902, 0.6575782061172533, 4.609114394030018E-4, 2.8344884567059125, -0.003987853110707002, 0.0, 5.538942356619007E-4, -0.003433958875045111, -7.651422182085571, 0.0, 3.000953261931544, -4.650468920153735, 1.0006805209245593, 0.0, 1.7992164675934923, 2.7998969885183644, 7.004999999999996
0.0019364729458917834, 0.6595408945014014, 4.6229886225360254E-4, 2.8464114427498544, -0.003998466791474746, 0.0, 5.580691772586635E-4, -0.0034403976142160873, -7.648429594332353, 0.0, 3.017357690044239, -4.631071904287882, 1.0006654347644581, 0.0, 1.8101966459131713, 2.810862080677873, 7.004999999999998
0.0019422845691382763, 0.661503328314514, 4.636862851042032E-4, 2.8584988937386697, -0.0040090763275300555, 0.0, 5.622670576654275E-4, -0.0034468092698646067, -7.645447476873015, 0.0, 3.0340215731203757, -4.611425903752366, 1.0006489385711121, 0.0, 1.821419269088307, 2.8220682076596466, 7.004999999999996
0.0019480961923847692, 0.6634654663613166, 4.650737079548039E-4, 2.8707566346370186, -0.0040196817333461275, 0.0, 5.664882432315286E-4, -0.0034531934901146084, -7.642475752155298, 0.0, 3.0509541333652495, -4.59152161878968, 1.0006310599304147, 0.0, 1.8328929238363285, 2.8335239837671327, 7.0049999999999955
0.001953907815631262, 0.6654272656628237, 4.664611308054046E-4, 2.883190805166805, -0.004030283023286898, 0.0, 5.707331132334195E-4, -0.0034595499100534633, -7.639514340209729, 0.0, 3.0681647834614125, -4.571349556748175, 1.0006118292057176, 0.0, 1.8446263671994272, 2.845238196405253, 7.004999999999996
0.0019597194388777553, 0.6673886814407046, 4.678485536560053E-4, 2.895807867990243, -0.004040880211603653, 0.0, 5.750020601394791E-4, -0.0034658781514641736, -7.636563158666718, 0.0, 3.085663127255525, -4.550900031411019, 1.0005912795081373, 0.0, 1.8566285269642084, 2.8572198064725174, 7.004999999999996
0.0019655310621242484, 0.6693496671022376, 4.69235976506606E-4, 2.908614616518662, -0.004051473312431808, 0.0, 5.792954898756284E-4, -0.0034721778225561663, -7.6336221227774175, 0.0, 3.103458960350577, -4.530163162426751, 1.0005694466636983, 0.0, 1.8689085019897338, 2.8694779486534934, 7.004999999999996
0.001971342685370741, 0.6713101742268586, 4.706233993572067E-4, 2.9216181825308922, -0.004062062339787496, 0.0, 5.836138220917594E-4, -0.003478448517695739, -7.630691145440007, 0.0, 3.121562270597937, -4.509128874841893, 1.0005463691748577, 0.0, 1.8814755624383366, 2.8820219316133775, 7.0049999999999955
0.0019771543086172343, 0.6732701525534643, 4.720108222078074E-4, 2.9348260434683198, -0.004072647307564398, 0.0, 5.879574904287489E-4, -0.003484689817135659, -7.627770137231527, 0.0, 3.1399832384857476, -4.487786898745654, 1.0005220881771832, 0.0, 1.8943391499061535, 2.8948612380834837, 7.004999999999996
0.0019829659318637274, 0.6752295499691625, 4.7339824505840806E-4, 2.948246029375241, -0.004083228229530658, 0.0, 5.923269427858691E-4, -0.0034909012867447727, -7.624859006442696, 0.0, 3.158732237422569, -4.466126769019949, 1.000496647393466, 0.0, 1.907508877452598, 2.908005524846209, 7.004999999999996
0.00198877755511022, 0.6771883124990541, 4.747856679090088E-4, 2.961886329588424, -0.004093805119325371, 0.0, 5.967226415886811E-4, -0.0034970824777366726, -7.6219576591206115, 0.0, 3.1778198339081807, -4.444137825212342, 1.0004700930792205, 0.0, 1.920994529520431, 2.921464622599705, 7.004999999999996
0.0019945891783567133, 0.679146384297338, 4.7617309075960945E-4, 2.97575549897374, -0.004104377990455954, 0.0, 6.011450640569169E-4, -0.003503232926399042, -7.619065999112626, 0.0, 3.197256787593073, -4.421809211519297, 1.0004424739690714, 0.0, 1.9348060617489324, 2.935248535718269, 7.004999999999997
0.0020004008016032064, 0.681103707639662, 4.7756051361021016E-4, 2.9898624638906313, -0.0041149468562948835, 0.0, 6.055947024724761E-4, -0.0035093521538223866, -7.616183928118174, 0.0, 3.2170540512182026, -4.39912987689967, 1.000413841214039, 0.0, 1.948953600671387, 2.949367441885684, 7.004999999999995
0.002006212424849699, 0.6830602229165903, 4.7894793646081077E-4, 3.004216527652261, -0.004125511730076713, 0.0, 6.100720644471791E-4, -0.0035154396656295436, -7.613311345744986, 0.0, 3.237222770434885, -4.376088575309875, 1.0003842483152174, 0.0, 1.9634474432974283, 2.963831691612893, 7.004999999999997
0.0020120240480961922, 0.6850158686288377, 4.803353593114115E-4, 3.0188273757148636, -0.004136072624895438, 0.0, 6.145776731901996E-4, -0.0035214949517052246, -7.610448149567593, 0.0, 3.257774283498342, -4.352673866068905, 1.0003537510560383, 0.0, 1.9782980565738197, 2.978651807630176, 7.004999999999999
0.002017835671342685, 0.6869705813832341, 4.817227821620122E-4, 3.033705080256823, -0.004146629553701403, 0.0, 6.191120677750926E-4, -0.0035275174859263018, -7.607594235195623, 0.0, 3.278720120831497, -4.328874114363902, 1.000322407423981, 0.0, 1.993516076720347, 2.9938384841445336, 7.004999999999997
0.002023647294589178, 0.6889242958905522, 4.8311020501261287E-4, 3.048860104350524, -0.0041571825292988935, 0.0, 6.236758034059578E-4, -0.0035335067258929417, -7.604749496341619, 0.0, 3.3000720044572764, -4.3046774918840605, 1.0002902775343199, 0.0, 2.0091123084399363, 3.0094025859745512, 7.004999999999997
0.0020294589178356712, 0.6908769449645007, 4.844976278632136E-4, 3.064303305931162, -0.0041677315643435, 0.0, 6.282694516827748E-4, -0.003539462112660713, -7.6019138248967275, 0.0, 3.321841847292065, -4.28007197760454, 1.0002574235457087, 0.0, 2.0250977239954455, 3.0253551475412523, 7.004999999999996
0.002035270541082164, 0.6928284595221679, 4.8588505071381425E-4, 3.0800459406398204, -0.004178276671339508, 0.0, 6.328936008657706E-4, -0.0035453830704737263, -7.599087111011922, 0.0, 3.3440417522983923, -4.255045358713229, 1.000223909570409, 0.0, 2.0414834621514, 3.0417073717220866, 7.004999999999996
0.002041082164328657, 0.6947787685859299, 4.8727247356441497E-4, 3.0960996649118897, -0.0041888178626376515, 0.0, 6.375488561383216E-4, -0.0035512690064993064, -7.596269243181539, 0.0, 3.3666840114916785, -4.229585231689683, 1.0001898015830948, 0.0, 2.0582808269763913, 3.0584706285596166, 7.0049999999999955
0.00204689378757515, 0.6967277992869092, 4.886598964150157E-4, 3.112476537879502, -0.004199355150432908, 0.0, 6.422358398685511E-4, -0.00355711931056436, -7.59346010833261, 0.0, 3.3897811047977435, -4.203679003534509, 1.0001551673241071, 0.0, 2.0755012865023943, 3.0756564538268636, 7.004999999999997
0.0020527054108216434, 0.6986754768698193, 4.900473192656164E-4, 3.12918902314982, -0.00420988854676233, 0.0, 6.469551918691684E-4, -0.0035629333548931655, -7.5906595919186515, 0.0, 3.413345698755094, -4.177313893163554, 1.0001200761984133, 0.0, 2.0931564712358135, 3.0932765474342383, 7.004999999999996
0.0020585170340681365, 0.700621724699197, 4.914347421162171E-4, 3.146249989768876, -0.0042204180635030415, 0.0, 6.51707569655248E-4, -0.0035687104938477965, -7.587867578020702, 0.0, 3.437390645061568, -4.150476932958657, 1.0000845991678087, 0.0, 2.1112581725203237, 3.1113427716886144, 7.004999999999997
0.002064328657314629, 0.7025664642676501, 4.928221649668177E-4, 3.1636727126058304, -0.004230943712370487, 0.0, 6.56493648700217E-4, -0.0035744500636702608, -7.585083949445706, 0.0, 3.461928978954184, -4.123154970491128, 1.0000488086463744, 0.0, 2.1298183407396483, 3.1298671493863974, 7.004999999999997
0.002070140280561122, 0.7045096152051227, 4.942095878174184E-4, 3.1814708722249634, -0.004241465504916711, 0.0, 6.613141226891753E-4, -0.0035801513822275024, -7.582308587839695, 0.0, 3.4869739174241077, -4.095334670415353, 1.0000127783813184, 0.0, 2.148849083363842, 3.1488618617453277, 7.004999999999996
0.002075951903807615, 0.7064510952900833, 4.955970106680192E-4, 3.1996585540646265, -0.004251983452528688, 0.0, 6.661697037697086E-4, -0.003585813748758976, -7.57954137379631, 0.0, 3.5125388572606338, -4.067002516535539, 0.9999765833386719, 0.0, 2.1683626628324766, 3.1683392461712794, 7.004999999999996
0.002081763527054108, 0.7083908204621112, 4.969844335186199E-4, 3.2182502469818246, -0.00426249756642725, 0.0, 6.710611227999401E-4, -0.0035914364436272746, -7.576782186974576, 0.0, 3.5386373729164546, -4.038144814057723, 0.9999402995810363, 0.0, 2.1883714942673635, 3.1883117938487273, 7.004999999999996
0.002087575150300601, 0.7103287048363951, 4.983718563692205E-4, 3.237260840901399, -0.004273007857665512, 0.0, 6.759891295934212E-4, -0.003597018728072075, -7.574030906219043, 0.0, 3.5652832141936353, -4.008747692025084, 0.999904004142025, 0.0, 2.2088881430148724, 3.208792147157189, 7.004999999999996
0.002093386773547094, 0.7122646607195531, 4.997592792198212E-4, 3.2567056242146464, -0.004283514337128131, 0.0, 6.809544931606799E-4, -0.0036025598439674267, -7.571287409684049, 0.0, 3.5924903037421694, -3.9787971059413327, 0.9998677748983452, 0.0, 2.2299253220099158, 3.2297930969087583, 7.0049999999999955
0.002099198396793587, 0.7141985986273105, 5.011467020704219E-4, 3.2766002800408387, -0.004294017015530227, 0.0, 6.85958001947244E-4, -0.003608059013583003, -7.568551574964306, 0.0, 3.6202727343707304, -3.9482788405932774, 0.9998316904349444, 0.0, 2.251495888961396, 3.251327579396677, 7.0049999999999955
0.00210501002004008, 0.7161304273037401, 5.025341249210225E-4, 3.2969608819953464, -0.004304515903416836, 0.0, 6.910004640676773E-4, -0.0036135154393491476, -7.565823279226634, 0.0, 3.648644766157996, -3.9171785130685817, 0.9997958299101372, 0.0, 2.2736128433482294, 3.2734086732583996, 7.004999999999996
0.002110821643286573, 0.718060053742442, 5.039215477716233E-4, 3.3178038889659547, -0.004315011011162313, 0.0, 6.96082707535575E-4, -0.003618928303626724, -7.5631023993448565, 0.0, 3.6776208233681724, -3.885481575976691, 0.9997602729175153, 0.0, 2.296289323229506, 3.2960495961469864, 7.004999999999997
0.002116633266533066, 0.7199873832089572, 5.05308970622224E-4, 3.3391461396845443, -0.004325502348970032, 0.0, 7.012055804890976E-4, -0.003624296768480917, -7.56038881204383, 0.0, 3.7072154911578523, -3.853173320885982, 0.9997250993393832, 0.0, 2.319538601856537, 3.319263701195882, 7.0049999999999955
0.002122444889779559, 0.7219123192655115, 5.066963934728247E-4, 3.361004845667594, -0.004335989926872432, 0.0, 7.063699514117975E-4, -0.003629619975460614, -7.557682394039218, 0.0, 3.7374435120735323, -3.82023888196567, 0.9996903892051563, 0.0, 2.3433740840864123, 3.343064473291543, 7.004999999999997
0.0021282565130260516, 0.7238347637969351, 5.080838163234253E-4, 3.383397584085742, -0.004346473754730848, 0.0, 7.115767093484023E-4, -0.003634897045382437, -7.5549830221874466, 0.0, 3.768319782334793, -3.7866632398525346, 0.9996562225391781, 0.0, 2.367809302592526, 3.3674655251318057, 7.004999999999996
0.0021340681362725447, 0.7257546170387679, 5.09471239174026E-4, 3.406342289471013, -0.004356953842236012, 0.0, 7.168267641153416E-4, -0.0036401270781206653, -7.552290573635428, 0.0, 3.799859347895605, -3.7524312257393917, 0.9996226792101489, 0.0, 2.3928579138647303, 3.3924805930753004, 7.004999999999996
0.002139879759519038, 0.7276717776069095, 5.108586620246267E-4, 3.429857244742834, -0.004367430198908551, 0.0, 7.22121046505598E-4, -0.0036453091524029394, -7.549604925972832, 0.0, 3.832077400279947, -3.7175275256924762, 0.9995898387779946, 0.0, 2.418533693995904, 3.4181235327742807, 7.0049999999999955
0.002145691382765531, 0.7295861425288801, 5.122460848752275E-4, 3.453961071251342, -0.004377902834099523, 0.0, 7.274605084877546E-4, -0.003650442325611742, -7.546925957391691, 0.0, 3.864989272186874, -3.6819366852044895, 0.9995577803334873, 0.0, 2.444850534250109, 3.4444083145838715, 7.004999999999996
0.002151503006012024, 0.7314976072773973, 5.136335077258282E-4, 3.4786727180489834, -0.004388371756991604, 0.0, 7.328461233985185E-4, -0.003655525633593084, -7.544253546842654, 0.0, 3.8986104328593587, -3.645643113983087, 0.9995265823425069, 0.0, 2.4718224364078036, 3.4713490187505163, 7.004999999999996
0.002157314629258517, 0.7334060658050676, 5.150209305764288E-4, 3.5040114503171935, -0.004398836976600111, 0.0, 7.382788861289135E-4, -0.00366055809047119, -7.541587574198821, 0.0, 3.9329564832099795, -3.608631090988439, 0.9994963224823962, 0.0, 2.4994635078805945, 3.4989598303633773, 7.004999999999997
0.00216312625250501, 0.7353114105813985, 5.164083534270295E-4, 3.529996836885857, -0.004409298501774425, 0.0, 7.437598133034698E-4, -0.003665538688470941, -7.538927920419666, 0.0, 3.9680431507003515, -3.570884769718987, 0.9994670774789784, 0.0, 2.527787956593454, 3.5272550340727324, 7.004999999999996
0.0021689378757515027, 0.7372135326312286, 5.177957762776301E-4, 3.55664873682872, -0.004419756341199525, 0.0, 7.492899434519956E-4, -0.0036704663977475327, -7.536274467718387, 0.0, 4.0038862839673595, -3.5323881837508266, 0.9994389229403904, 0.0, 2.55681008562803, 3.5562490085686274, 7.004999999999997
0.0021747494989979954, 0.7391123215755533, 5.191831991282308E-4, 3.583987285181138, -0.0044302105033982245, 0.0, 7.548703371739341E-4, -0.0036753401662242965, -7.533627099728843, 0.0, 4.0405018471894145, -3.4931252525389596, 0.9994119331926095, 0.0, 2.58654428761998, 3.58595622081307, 7.004999999999996
0.0021805611222444885, 0.7410076656731679, 5.205706219788315E-4, 3.6120328778874864, -0.004440660996732597, 0.0, 7.605020772944969E-4, -0.0036801589194380814, -7.530985701678625, 0.0, 4.077905914191888, -3.453079787486283, 0.9993861811072844, 0.0, 2.6170050389107975, 3.616391220018499, 7.0049999999999955
0.0021863727454909817, 0.7428994518651724, 5.219580448294323E-4, 3.6408061555730455, -0.004451107829406983, 0.0, 7.661862690126389E-4, -0.0036849215603943384, -7.528350160558376, 0.0, 4.116114662277707, -3.4122354982805643, 0.9993617379363315, 0.0, 2.6482068934396645, 3.6475686313760884, 7.0049999999999955
0.0021921843687374744, 0.7447875658205074, 5.233454676800329E-4, 3.6703279865141667, -0.004461551009470055, 0.0, 7.719240400401485E-4, -0.0036896269694299067, -7.525720365299615, 0.0, 4.15514436578643, -3.3705759995127234, 0.9993386731361455, 0.0, 2.680164476379815, 3.6795031495164223, 7.004999999999995
0.0021979959919839675, 0.7466718919838389, 5.247328905306336E-4, 3.7006194488121764, -0.00447199054481799, 0.0, 7.777165407316343E-4, -0.003694274004086304, -7.523096206944204, 0.0, 4.195011389368342, -3.3280848175757347, 0.9993170542022638, 0.0, 2.7128924775060197, 3.7122095317083117, 7.004999999999997
0.0022038076152304607, 0.7485523136247192, 5.261203133812343E-4, 3.731701811345374, -0.004482426443197197, 0.0, 7.835649442050219E-4, -0.003698861498992191, -7.5204775788246545, 0.0, 4.235732180972286, -3.284745397851952, 0.9992969464922695, 0.0, 2.7464056442923774, 3.745702590785093, 7.004999999999996
0.002209619238476954, 0.7504287128890645, 5.27507736231835E-4, 3.763596514188066, -0.004492858712207916, 0.0, 7.894704464520477E-4, -0.0037033882657558454, -7.517864376737952, 0.0, 4.277323264540329, -3.2405411121977488, 0.99927841305678, 0.0, 2.7807187747341704, 3.779997187790781, 7.0049999999999955
0.0022154308617234465, 0.7523009708520689, 5.288951590824356E-4, 3.796325147736752, -0.0045032873593075515, 0.0, 7.95434266438506E-4, -0.003707853092869035, -7.515256499123191, 0.0, 4.319801232398878, -3.195455266724112, 0.9992615144660604, 0.0, 2.8158467098835254, 3.8151082243497667, 7.004999999999996
0.00222124248496994, 0.7541689675731531, 5.302825819330365E-4, 3.829909430736734, -0.004513712391814664, 0.0, 8.014576461936665E-4, -0.003712254745620933, -7.512653847237791, 0.0, 4.363182737348551, -3.1494711098886596, 0.9992463086391934, 0.0, 2.85180432610201, 3.851050634741662, 7.004999999999996
0.0022270541082164324, 0.7560325821522236, 5.316700047836371E-4, 3.8643711881668423, -0.004524133816912667, 0.0, 8.075418508884692E-4, -0.0037165919660241617, -7.51005632533595, 0.0, 4.4074844844387835, -3.1025718408970477, 0.9992328506704378, 0.0, 2.8886065270164942, 3.8878393776869826, 7.004999999999996
0.0022328657314629255, 0.757891692788438, 5.330574276342378E-4, 3.8997323273142683, -0.004534551641654385, 0.0, 8.136881689020728E-4, -0.0037208634727523065, -7.5074638408438705, 0.0, 4.452723222423566, -3.0547406184201473, 0.9992211926602679, 0.0, 2.92626823517519, 3.925489427835602, 7.004999999999996
0.0022386773547094186, 0.7597461768399976, 5.344448504848385E-4, 3.936014813266411, -0.0045449658729666675, 0.0, 8.198979118766159E-4, -0.00372506796109003, -7.50487630453558, 0.0, 4.498915734891974, -3.0059605696429808, 0.9992113835459085, 0.0, 2.964804383397391, 3.9640157669438842, 7.004999999999997
0.0022444889779559118, 0.7615959108861414, 5.358322733354392E-4, 3.9732406435323355, -0.004555376517654822, 0.0, 8.261724147588766E-4, -0.003729204102895912, -7.502293630706336, 0.0, 4.546078831069268, -2.9562147996365837, 0.999203468933809, 0.0, 3.004229905814854, 4.0034333747490845, 7.004999999999996
0.0022503006012024045, 0.7634407707905861, 5.372196961860398E-4, 4.011431821771112, -0.00456578358240778, 0.0, 8.325130358295112E-4, -0.0037332705465782405, -7.499715737350472, 0.0, 4.594229336277213, -2.9054864010729173, 0.9991974909289377, 0.0, 3.0445597285917736, 4.043757219521001, 7.0049999999999955
0.002256112224448897, 0.7652806317669789, 5.386071190366404E-4, 4.0506103303368945, -0.004576187073803499, 0.0, 8.389211567184918E-4, -0.0037372659170849696, -7.497142546326619, 0.0, 4.643384082049528, -2.853758464277195, 0.9991934879770583, 0.0, 3.085808760321518, 4.085002248298403, 7.004999999999996
0.0022619238476953908, 0.7671153684456318, 5.399945418872413E-4, 4.090798102180088, -0.0045865869983141554, 0.0, 8.453981824065645E-4, -0.0037411888159075554, -7.494573983533682, 0.0, 4.693559895898546, -2.801014087634786, 0.9991914946957272, 0.0, 3.12799188209611, 4.1271833767921215, 7.004999999999996
0.0022677354709418835, 0.7689448549421769, 5.413819647378419E-4, 4.132016991658929, -0.004596983362312053, 0.0, 8.519455412126058E-4, -0.0037450378210994277, -7.4920099790735195, 0.0, 4.744773590720931, -2.7472363883523654, 0.999191541719826, 0.0, 3.1711239372361666, 4.170315478956179, 7.004999999999996
0.0022735470941883766, 0.7707689649279157, 5.427693875884426E-4, 4.174288744606201, -0.004607376172075652, 0.0, 8.585646847654987E-4, -0.003748811487310138, -7.489450467417882, 0.0, 4.797041953839364, -2.692408513578301, 0.9991936555428911, 0.0, 3.215219720680354, 4.214413376223433, 7.004999999999996
0.002279358717434869, 0.7725875717015871, 5.441568104390432E-4, 4.21763496751646, -0.004617765433795471, 0.0, 8.65257087961032E-4, -0.003752508345834413, -7.486895387570417, 0.0, 4.850381735671301, -2.636513651898551, 0.999197858363065, 0.0, 3.260293968024113, 4.259491826387697, 7.004999999999997
0.0022851703406813625, 0.7744005482627419, 5.45544233289644E-4, 4.262077095713721, -0.004628151153580661, 0.0, 8.720242489025747E-4, -0.0037561269046780758, -7.484344683224526, 0.0, 4.9048096380205335, -2.579535045203643, 0.9992041679342606, 0.0, 3.3063613442052935, 4.305565512139885, 7.004999999999996
0.002290981963927855, 0.7762077673869614, 5.469316561402446E-4, 4.3076363610052795, -0.004638533337465726, 0.0, 8.788676888252869E-4, -0.0037596656486404215, -7.481798302916576, 0.0, 4.960342301979605, -2.521456000936272, 0.9992125974221487, 0.0, 3.353436431824729, 4.352649029247544, 7.004999999999996
0.0022967935871743483, 0.7780091017020032, 5.483190789908454E-4, 4.35433375824141, -0.004648911991416959, 0.0, 8.857889520031206E-4, -0.0037631230394138317, -7.479256200178039, 0.0, 5.016996295443604, -2.462259904733817, 0.9992231552605064, 0.0, 3.401533719103251, 4.400756874364363, 7.0049999999999955
0.0023026052104208414, 0.7798044237662314, 5.497065018414461E-4, 4.402190010920094, -0.004659287121340005, 0.0, 8.927896056386345E-4, -0.0037664975157013555, -7.476718333679998, 0.0, 5.074788100217785, -2.40193023346228, 0.9992358450171638, 0.0, 3.450667587457059, 4.449903432474129, 7.004999999999996
0.0023084168336673346, 0.781593606147803, 5.510939246920468E-4, 4.451225536711718, -0.00466965873308667, 0.0, 8.998712397341666E-4, -0.003769787493352496, -7.474184667375134, 0.0, 5.133734098721536, -2.340450568652854, 0.9992506652609325, 0.0, 3.500852298696218, 4.5001029639578825, 7.004999999999997
0.0023142284569138273, 0.7833765215055895, 5.524813475426474E-4, 4.501460411248445, -0.004680026832462494, 0.0, 9.070354669445928E-4, -0.0037729913655178728, -7.47165517063159, 0.0, 5.193850560276974, -2.2778046103537535, 0.9992676094378872, 0.0, 3.552101981833651, 4.551369591272349, 7.004999999999996
0.0023200400801603204, 0.785153042671535, 5.538687703932481E-4, 4.552914332497494, -0.00469039142523435, 0.0, 9.142839224105803E-4, -0.0037761075028237712, -7.46912981836196, 0.0, 5.255153626971808, -2.213976191389289, 0.9992866657524274, 0.0, 3.604430619495802, 4.603717285249094, 7.004999999999997
0.0023258517034068136, 0.7869230427342071, 5.552561932438488E-4, 4.605606582863402, -0.004700752517138354, 0.0, 9.216182635720643E-4, -0.0037791342535662582, -7.466608591148888, 0.0, 5.3176592990957, -2.14894929205295, 0.9993078170521627, 0.0, 3.6578520339341893, 4.657159850986534, 7.004999999999997
0.0023316633266533067, 0.788686395123527, 5.566436160944495E-4, 4.659555992071546, -0.0047111101138874135, 0.0, 9.29040169961079E-4, -0.003782069943926273, -7.464091475359691, 0.0, 5.381383420137492, -2.082708055222526, 0.9993310407229268, 0.0, 3.7123798726263293, 4.711710913348817, 7.004999999999997
0.002337474949899799, 0.7904429736971483, 5.580310389450502E-4, 4.7147808986856035, -0.004721464221179855, 0.0, 9.365513429736658E-4, -0.003784912878206176, -7.4615784632550755, 0.0, 5.446341661336058, -2.015236801918705, 0.9993563085915167, 0.0, 3.7680275934587533, 4.767383902050558, 7.0049999999999955
0.0023432865731462926, 0.7921926528276, 5.59418461795651E-4, 4.771299111101143, -0.004731814844707336, 0.0, 9.441535056198339E-4, -0.003787661339087471, -7.459069553091144, 0.0, 5.512549505779067, -1.9465200473109756, 0.9993835868336738, 0.0, 3.8248084494877896, 4.8241920363225095, 7.004999999999998
0.0023490981963927853, 0.793935307490715, 5.608058846462516E-4, 4.829127868382784, -0.00474216199016315, 0.0, 9.51848402251175E-4, -0.0037903135879119587, -7.456564749211663, 0.0, 5.580022232042695, -1.8765425171693846, 0.9994128358923847, 0.0, 3.8827354732712758, 4.882148309163214, 7.004999999999998
0.002354909819639278, 0.7956708133553576, 5.621933074968522E-4, 4.8882838001318305, -0.004752505663251211, 0.0, 9.596377982655988E-4, -0.003792867864985564, -7.454064062135047, 0.0, 5.648774897355386, -1.8052891647794378, 0.9994440104024765, 0.0, 3.941821460754806, 4.941265471157421, 7.004999999999996
0.002360721442885771, 0.7973990468738954, 5.635807303474529E-4, 4.948782886276604, -0.004762845869694029, 0.0, 9.675234797882001E-4, -0.003795322389905837, -7.451567508626906, 0.0, 5.7188223202957635, -1.73274518833089, 0.9994770591277234, 0.0, 4.0020789547237845, 5.001556013851776, 7.004999999999996
0.0023665330661322643, 0.799119885373587, 5.649681531980536E-4, 5.010640416312526, -0.0047731826152419615, 0.0, 9.755072533279459E-4, -0.0037976753619140026, -7.4490751117671445, 0.0, 5.7901790629944445, -1.6588960487717026, 0.9995119249055006, 0.0, 4.063520227791083, 5.0630321526975575, 7.004999999999998
0.0023723446893787574, 0.8008332071493207, 5.663555760486544E-4, 5.07387094821388, -0.00478351590568172, 0.0, 9.835909454091497E-4, -0.003799924960272545, -7.446586901003238, 0.0, 5.8628594128496525, -1.5837274881530048, 0.9995485446037785, 0.0, 4.126157264931449, 5.125705809535763, 7.004999999999996
0.00237815631262525, 0.802538891556706, 5.67742998899255E-4, 5.138488267195498, -0.004793845746845274, 0.0, 9.917764021773814E-4, -0.003802069344667914, -7.444102912197723, 0.0, 5.9368773637411945, -1.507225548456008, 0.9995868490844464, 0.0, 4.190001745547318, 5.1895885946323235, 7.004999999999997
0.0023839679358717437, 0.8042368191060536, 5.691304217498558E-4, 5.204505344032441, -0.004804172144618938, 0.0, 0.0010000654889787963, -0.003804106655640127, -7.441623187658448, 0.0, 6.012246596729773, -1.4293765909284961, 0.9996267631840449, 0.0, 4.255065025054195, 5.254691788238392, 7.004999999999997
0.002389779559118236, 0.8059268715575865, 5.705178446004564E-4, 5.2719342935342866, -0.004814495104952068, 0.0, 0.001008460089912816, -0.003806035015039259, -7.43914777616295, 0.0, 6.088980460242655, -1.3501673159198786, 0.9996682056995322, 0.0, 4.32135811598617, 5.321026321686132, 7.004999999999997
0.002395591182364729, 0.8076089320164144, 5.719052674510571E-4, 5.340786332400967, -0.0048248146338663415, 0.0, 0.0010169621073559676, -0.0038078525265103774, -7.436676732961076, 0.0, 6.167091949732284, -1.2695847832290603, 0.9997110893966583, 0.0, 4.388891668611429, 5.388602758007825, 7.004999999999996
0.002401402805611222, 0.8092828850285052, 5.732926903016577E-4, 5.411071737715247, -0.004835130737464446, 0.0, 0.001025573461458304, -0.003809557276006138, -7.434210119778388, 0.0, 6.246593686798627, -1.187616432978765, 0.9997553210163908, 0.0, 4.457675951045424, 5.457431272062804, 7.004999999999996
0.0024072144288577154, 0.8109486166773632, 5.746801131522586E-4, 5.482799805233299, -0.0048454434219392765, 0.0, 0.001034296089609494, -0.00381114733232972, -7.431748004789869, 0.0, 6.327497897769529, -1.1042501070202655, 0.9998008013117629, 0.0, 4.5277208288604776, 5.527521630172206, 7.004999999999997
0.002413026052104208, 0.8126060146806591, 5.760675360028592E-4, 5.555978807209613, -0.004855752693582613, 0.0, 0.0010431319458755785, -0.003812620747707062, -7.4292904625949046, 0.0, 6.409816391723554, -1.019474070870696, 0.9998474250824044, 0.0, 4.599035744173921, 5.59888316925703, 7.004999999999996
0.002418837675350701, 0.8142549684876101, 5.774549588534599E-4, 5.6306159516661864, -0.004866058558794509, 0.0, 0.0010520830004041928, -0.00381397555839026, -7.426837574161497, 0.0, 6.493560537958029, -0.9332770362027093, 0.9998950812409185, 0.0, 4.671629694220693, 5.671524775462273, 7.004999999999996
0.002424649298597194, 0.8158953693760154, 5.788423817040605E-4, 5.706717340623072, -0.004876361024091337, 0.0, 0.0010611512387987548, -0.003815209785292621, -7.424389426771986, 0.0, 6.578741242884749, -0.8456481838867467, 0.9999436528752962, 0.0, 4.745511209391314, 5.745454862267168, 7.004999999999996
0.0024304609218436875, 0.8175271105500421, 5.802298045546613E-4, 5.78428792973682, -0.004886660096115208, 0.0, 0.001070338661459582, -0.0038163214346556215, -7.421946113936056, 0.0, 6.665368926343278, -0.7565771875921093, 0.9999930173462854, 0.0, 4.820688330728081, 5.820681348075028, 7.004999999999998
0.00243627254509018, 0.8191500872374089, 5.816172274052619E-4, 5.863331487598771, -0.0048969557816419575, 0.0, 0.001079647282892223, -0.0038173084987496997, -7.419507735298469, 0.0, 6.753453497330532, -0.6660542379673117, 1.0000430463874268, 0.0, 4.897168586876975, 5.897211633264967, 7.0049999999999955
0.002442084168336673, 0.8207641967873816, 5.830046502558626E-4, 5.943850556590405, -0.004907248087590225, 0.0, 0.0010890791309814685, -0.003818168956608751, -7.417074396521972, 0.0, 6.843004329129566, -0.5740700673916771, 1.0000936062316712, 0.0, 4.974958970480187, 5.975052576712576, 7.004999999999998
0.002447895791583166, 0.8223693387677269, 5.843920731064634E-4, 6.025846413262116, -0.004917537021029047, 0.0, 0.0010986362462305777, -0.0038189007747984685, -7.414646209157805, 0.0, 6.934030233832734, -0.4806159753239242, 1.000144557747721, 0.0, 5.054065914004545, 6.054210471753411, 7.004999999999997
0.0024537074148296588, 0.82396541506135, 5.85779495957064E-4, 6.109319029865219, -0.004927822589186176, 0.0, 0.0011083206809643364, -0.0038195019082218444, -7.412223290493815, 0.0, 7.0265394362544225, -0.38568385423878243, 1.000195756599925, 0.0, 5.1344952650026965, 6.134691021603241, 7.004999999999997
0.002459519038076152, 0.8255523299642906, 5.871669188076647E-4, 6.194267037848476, -0.004938104799456352, 0.0, 0.0011181344984962753, -0.0038199703009600024, -7.409805763379151, 0.0, 7.120539547204803, -0.2892662161738124, 1.000247053431364, 0.0, 5.21625226077725, 6.216499314209024, 7.004999999999998
0.0024653306613226446, 0.8271299902802287, 5.885543416582653E-4, 6.2806876901977375, -0.0049483836594081424, 0.0, 0.0011280797722574946, -0.003820303887150548, -7.407393756039379, 0.0, 7.216037536145315, -0.19135621989357296, 1.0002982940540044, 0.0, 5.29934150247219, 6.299639796526516, 7.004999999999997
0.002471142284569138, 0.8286983054174222, 5.899417645088661E-4, 6.368576826880599, -0.0049586591767918, 0.0, 0.0011381585848876524, -0.003820500591904065, -7.4049874018584765, 0.0, 7.313039703186179, -0.09194769867208813, 1.0003493196735969, 0.0, 5.383766928550223, 6.384116248223888, 7.004999999999997
0.002476953907815631, 0.830257187482804, 5.913291873594667E-4, 6.457928840449313, -0.004968931359545937, 0.0, 0.001148373027286334, -0.0038205583322595826, -7.402586839144555, 0.0, 7.411551650440689, 0.008964811296386306, 1.0003999671287858, 0.0, 5.469531787673045, 6.469931754802051, 7.004999999999997
0.002482765531062124, 0.8318065513763884, 5.927166102100674E-4, 6.54873664333536, -0.0049792002158044885, 0.0, 0.0011587251976247492, -0.003820475018179729, -7.400192210875224, 0.0, 7.511578252706896, 0.11138604183246158, 1.0004500691509535, 0.0, 5.5566386109545265, 6.55708868010625, 7.004999999999996
0.002488577154308617, 0.8333463148843485, 5.941040330606682E-4, 6.640991636308172, -0.004989465753902973, 0.0, 0.0011692172003154554, -0.0038202485535874797, -7.397803664408465, 0.0, 7.613123627479468, 0.21531996307162882, 1.0004994546573218, 0.0, 5.645089183592671, 6.645588638250554, 7.004999999999997
0.0024943887775551103, 0.8348763987709305, 5.954914559112689E-4, 6.734683678982037, -0.004999727982383776, 0.0, 0.0011798511449408501, -0.0038198768374428926, -7.395421351191033, 0.0, 7.716191104280187, 0.32076975309007716, 1.000547949044836, 0.0, 5.734884515866846, 6.735432464912549, 7.004999999999998
0.0025002004008016026, 0.8363967268690367, 5.968788787618695E-4, 6.829801061860053, -0.005009986910002316, 0.0, 0.0011906291451378934, -0.0038193577648644207, -7.393045426412116, 0.0, 7.8207831932924226, 0.4277377668811396, 1.0005953745402278, 0.0, 5.826024813489028, 6.826620188030087, 7.0049999999999955
0.0025060120240480957, 0.8379072261702376, 5.982663016124702E-4, 6.926330480342585, -0.005020242545731805, 0.0, 0.0012015533174394924, -0.0038186892282923053, -7.390676048657129, 0.0, 7.926901553291101, 0.5362255046348647, 1.0006415505475301, 0.0, 5.918509447299137, 6.919150997847548, 7.0049999999999955
0.002511823647294589, 0.8394078269118772, 5.996537244630709E-4, 7.02425701017637, -0.005030494898767399, 0.0, 0.0012126257800703505, -0.00381786911869704, -7.388313379521345, 0.0, 8.034546958860215, 0.6462335793393453, 1.0006862940347494, 0.0, 6.012336922299308, 7.013023216334519, 7.004999999999998
0.002517635270541082, 0.8408984626643701, 6.010411473136716E-4, 7.123564086676197, -0.005040743978530601, 0.0, 0.0012238486516971542, -0.0038168953268333805, -7.385957583193776, 0.0, 8.1437192668863, 0.757761683692674, 1.0007294199506769, 0.0, 6.10750484601496, 7.108234265965676, 7.004999999999997
0.0025234468937875747, 0.8423790704146867, 6.024285701642723E-4, 7.224233484248543, -0.005050989794671879, 0.0, 0.001235224050131753, -0.0038157657445400672, -7.383608826026588, 0.0, 8.254417382320057, 0.8708085562936774, 1.0007707416532081, 0.0, 6.204009896176218, 7.204780637829535, 7.004999999999998
0.0025292585170340683, 0.8438495906497465, 6.038159930148731E-4, 7.3262453003299015, -0.005061232357073843, 0.0, 0.0012467540909860478, -0.0038144782660878077, -7.381267276058419, 0.0, 8.366639223185237, 0.985371947128157, 1.0008100713847046, 0.0, 6.301847787700127, 7.30265785908619, 7.004999999999996
0.002535070140280561, 0.8453099674365454, 6.052034158654737E-4, 7.429577940645686, -0.005071471675853617, 0.0, 0.0012584408862780644, -0.0038130307895755146, -7.3789331025137574, 0.0, 8.480381684843055, 1.101448582329267, 1.000847220770004, 0.0, 6.4010132389818795, 7.401860459751792, 7.004999999999996
0.002540881763527054, 0.8467601485001488, 6.065908387160744E-4, 7.534208107939776, -0.005081707761362811, 0.0, 0.0012702865429879973, -0.0038114212183748275, -7.376606475281674, 0.0, 8.595640603480131, 1.219034128198575, 1.0008820013311306, 0.0, 6.501499937464273, 7.502381938795547, 7.004999999999996
0.0025466933867735464, 0.8482000853002951, 6.07978261566675E-4, 7.6401107940182555, -0.005091940624189549, 0.0, 0.001282293161562767, -0.003809647462626773, -7.374287564340887, 0.0, 8.712410718825687, 1.3381231544864964, 1.0009142250591647, 0.0, 6.603300504492568, 7.604214729553414, 7.004999999999998
0.0025525050100200395, 0.8496297331039635, 6.093656844172757E-4, 7.747259274838143, -0.005102170275157263, 0.0, 0.001294462834368501, -0.0038077074407886977, -7.371976539170329, 0.0, 8.830685636082997, 1.4587090969131737, 1.0009437049953183, 0.0, 6.706406459439878, 7.707350164435596, 7.004999999999997
0.0025583166332665327, 0.8510490510559201, 6.107531072678765E-4, 7.855625108342792, -0.005112396725323527, 0.0, 0.001306797644089558, -0.0038055990812339534, -7.369673568119424, 0.0, 8.950457787055743, 1.5807842189373613, 1.0009702558525249, 0.0, 6.81080818308509, 7.81177843893863, 7.004999999999997
0.0025641282565130254, 0.8524580022465642, 6.121405301184771E-4, 7.965178137077601, -0.005122619985978898, 0.0, 0.0013192996620730035, -0.0038033203239058525, -7.367378817736032, 0.0, 9.071718390468389, 1.7043395727331316, 1.000993694679437, 0.0, 6.916494880243279, 7.917488574923424, 7.004999999999996
0.002569939879759519, 0.8538565537763958, 6.135279529690779E-4, 8.075886494672886, -0.005132840068642739, 0.0, 0.0013319709466179316, -0.0038008691220248123, -7.365092452075648, 0.0, 9.194457411468777, 1.8293649593933976, 1.0010138415383871, 0.0, 7.023454541636922, 8.024468383175586, 7.004999999999996
0.0025757515030060117, 0.8552446768170547, 6.149153758196785E-4, 8.187716614305828, -0.00514305698506053, 0.0, 0.0013448135412071419, -0.003798243443853367, -7.362814631949463, 0.0, 9.318663520292475, 1.9558488883442926, 1.001030520247073, 0.0, 7.13167390499051, 8.13270442523883, 7.004999999999997
0.002581563126252505, 0.856622346668793, 6.163027986702792E-4, 8.300633244962228, -0.005153270747197685, 0.0, 0.0013578294726816903, -0.0037954412745159413, -7.360545514159962, 0.0, 9.444324050093766, 2.0837785359342194, 1.001043559127168, 0.0, 7.2411384153517, 8.242181974479196, 7.004999999999996
0.0025873747494989975, 0.8579895428151367, 6.176902215208798E-4, 8.41459946903342, -0.005163481367234039, 0.0, 0.0013710207493561472, -0.0037924606178777777, -7.358285250681005, 0.0, 9.571424953908128, 2.2131397032284617, 1.0010527918097598, 0.0, 7.351832184606368, 8.352884976417283, 7.004999999999997
0.002593186372745491, 0.8593462489726384, 6.190776443714806E-4, 8.529576726443338, -0.005173688857556397, 0.0, 0.0013843893590730974, -0.0037892994984832576, -7.356033987795113, 0.0, 9.699950760765303, 2.3439167729710815, 1.0010580580806336, 0.0, 7.463737950208073, 8.464796008289532, 7.004999999999996
0.002598997995991984, 0.86069245313643, 6.204650672220813E-4, 8.645524843457679, -0.005183893230750225, 0.0, 0.0013979372671966694, -0.0037859559635534286, -7.353791865210488, 0.0, 9.829884530914203, 2.4760926657032694, 1.0010592047447016, 0.0, 7.576837033082533, 8.577896237826584, 7.004999999999998
0.0026048096192384765, 0.8620281476232492, 6.21852490072682E-4, 8.76240206598959, -0.005194094499589486, 0.0, 0.0014116664145432528, -0.0037824280850461828, -7.351559015108705, 0.0, 9.961207810156736, 2.609648795048567, 1.0010560865569655, 0.0, 7.69110929470614, 8.69216538126356, 7.004999999999997
0.0026106212424849696, 0.8633533291076958, 6.232399129232827E-4, 8.880165100010345, -0.005204292677026023, 0.0, 0.001425578715247934, -0.003778713961778056, -7.349335561167359, 0.0, 10.09390058329395, 2.744565022126799, 1.0010485671781604, 0.0, 7.806533093363287, 8.807581660541603, 7.004999999999996
0.0026164328657314628, 0.8646679986552535, 6.246273357738834E-4, 8.99876915576533, -0.005214487776176519, 0.0, 0.00143967605456604, -0.003774811721610462, -7.347121617534625, 0.0, 10.227941226644653, 2.8808196091113674, 1.0010365201748275, 0.0, 7.9230852395425995, 8.924121759718737, 7.004999999999996
0.0026222444889779555, 0.8659721617501859, 6.26014758624484E-4, 9.118167999346042, -0.0052246798103089825, 0.0, 0.0014539602866078527, -0.003770719523701116, -7.344917287750203, 0.0, 10.363306459650666, 3.018389171900015, 1.0010198300726294, 0.0, 8.040740950488264, 9.041760780560423, 7.004999999999996
0.0026280561122244486, 0.8672658283173895, 6.274021814750847E-4, 9.238314010824979, -0.0052348687928270195, 0.0, 0.0014684332320058016, -0.0037664355608210964, -7.3427226636353, 0.0, 10.49997129553714, 3.1572486319021076, 1.0009983934374118, 0.0, 8.159473803874983, 9.160472197312467, 7.004999999999996
0.0026338677354709418, 0.8685490127399724, 6.287896043256855E-4, 9.359158247836604, -0.0052450547372525635, 0.0, 0.0014830966755126837, -0.003761958061739845, -7.340537824113946, 0.0, 10.637908991032255, 3.2973711669180106, 1.0009721200228763, 0.0, 8.279255690612064, 9.280227810634587, 7.004999999999996
0.002639679358717435, 0.8698217338709782, 6.301770271762862E-4, 9.480650516357855, -0.005255237657208081, 0.0, 0.001497952363528822, -0.0037572852936792883, -7.3383628340058955, 0.0, 10.777090995117817, 3.438728161112784, 1.0009409339462416, 0.0, 8.400056766750454, 9.400997700697605, 7.004999999999996
0.0026454909819639276, 0.8710840150384129, 6.315644500268868E-4, 9.602739449932415, -0.005265417566394603, 0.0, 0.001513002001557892, -0.0037524155648366447, -7.336197742752464, 0.0, 10.917486896814466, 3.5812891540631044, 1.0009047749247797, 0.0, 8.521845404495702, 9.522750179421477, 7.004999999999996
0.0026513026052104203, 0.8723358840454409, 6.329518728774874E-4, 9.72537259497767, -0.0052755944785711165, 0.0, 0.0015282472515900092, -0.003747347226981064, -7.334042583101384, 0.0, 11.059064371975659, 3.725021788874274, 1.0008635995559614, 0.0, 8.64458814230217, 9.645451741858063, 7.0049999999999955
0.0026571142284569135, 0.8735773731625898, 6.343392957280882E-4, 9.848496504280774, -0.0052857684075290155, 0.0, 0.0015436897294093394, -0.003742078678119598, -7.331897369737494, 0.0, 11.201789129084675, 3.869891759347062, 1.0008173826444526, 0.0, 8.768249634045972, 9.769067016690181, 7.0049999999999955
0.002662925851703406, 0.8748085191156534, 6.357267185786888E-4, 9.97205683910579, -0.0052959393670671435, 0.0, 0.0015593310018267095, -0.0037366083652404514, -7.329762097854849, 0.0, 11.345624854044248, 4.015862756189994, 1.0007661185891856, 0.0, 8.892792597264249, 9.893558715854056, 7.004999999999996
0.0026687374749498993, 0.8760293630637506, 6.371141414292895E-4, 10.095998479257105, -0.005306107370963129, 0.0, 0.0015751725838343, -0.003730934787128784, -7.327636741675948, 0.0, 11.49053315393754, 4.162896412262663, 1.0007098228179911, 0.0, 9.018177760443074, 10.018887583262066, 7.004999999999996
0.0026745490981963924, 0.8772399505736104, 6.385015642798903E-4, 10.220265643096354, -0.005316272432943549, 0.0, 0.0015912159356819208, -0.0037250564972616876, -7.325521252914195, 0.0, 11.636473499758615, 4.3109522468456705, 1.0006485332778015, 0.0, 9.144363809351647, 10.14501234263079, 7.004999999999996
0.0026803607214428856, 0.8784403315827518, 6.39888987130491E-4, 10.344802014333254, -0.005326434566651203, 0.0, 0.001607462459873206, -0.0037189721067780457, -7.323415559182825, 0.0, 11.783403168086682, 4.459987608903142, 1.0005823119744668, 0.0, 9.271307332398546, 10.271889644372374, 7.004999999999997
0.0026861723446893783, 0.879630560358521, 6.412764099810916E-4, 10.4695508814184, -0.0053365937856110525, 0.0, 0.0016239134980795197, -0.0037126802875313836, -7.321319562341798, 0.0, 11.931277181706472, 4.609957619365448, 1.0005112465731978, 0.0, 9.39896276501461, 10.39947401158835, 7.0049999999999955
0.0026919839679358714, 0.880810695446705, 6.426638328316923E-4, 10.594455284241121, -0.005346750103192778, 0.0, 0.001640570327971616, -0.003706179775221051, -7.319233136775287, 0.0, 12.080048249147513, 4.760815112374607, 1.0004354520638197, 0.0, 9.527282333034002, 10.527717785100029, 7.004999999999996
0.0026977955911823646, 0.8819807996124069, 6.44051255682293E-4, 10.71945817375672, -0.005356903532572038, 0.0, 0.001657434159965998, -0.0036994693726059846, -7.317156127623388, 0.0, 12.2296667031362, 4.912510575514538, 1.0003550724705519, 0.0, 9.656215995070815, 10.656571067543005, 7.004999999999996
0.0027036072144288577, 0.8831409397730923, 6.454386785328937E-4, 10.844502579442633, -0.005367054086687879, 0.0, 0.0016745061338854644, -0.003692547952802362, -7.315088348943236, 0.0, 12.380080437947596, 5.0649920890048366, 1.0002702826271435, 0.0, 9.785711383877768, 10.785981666505306, 7.0049999999999955
0.00270941883767535, 0.8842911869225389, 6.468261013834943E-4, 10.969531790018664, -0.00537720177819918, 0.0, 0.001691787315531476, -0.003685414462667534, -7.31302958179875, 0.0, 12.531234845637302, 5.218205263840218, 1.0001812900227487, 0.0, 9.915713746669715, 10.915895036693868, 7.004999999999998
0.0027152304609218436, 0.8854316160440945, 6.482135242340952E-4, 11.094489544870157, -0.0053873466194364825, 0.0, 0.0017092786931683784, -0.0036780679262680624, -7.310979572301673, 0.0, 12.683072751158624, 5.372093178858498, 1.0000883366901507, 0.0, 10.046165884415913, 11.046254221107546, 7.004999999999996
0.0027210420841683363, 0.8865623060171828, 6.496009470846958E-4, 11.21932023728732, -0.005397488622353206, 0.0, 0.0017269811739151764, -0.003670507448437922, -7.308938029562927, 0.0, 12.835534346316624, 5.526596316754353, 0.9999917011837168, 0.0, 10.177008090057933, 11.17699979124214, 7.004999999999996
0.0027268537074148294, 0.8876833395115469, 6.509883699352965E-4, 11.343969130357436, -0.005407627798471978, 0.0, 0.0017448955800463406, -0.003662732218425481, -7.306904623596382, 0.0, 12.98855712258019, 5.681652498985176, 0.9998917005982516, 0.0, 10.308178085670866, 11.308069786270247, 7.004999999999996
0.002732665330661322, 0.8887948028728658, 6.523757927858971E-4, 11.46838258596108, -0.005417764158829164, 0.0, 0.0017630226451980785, -0.003654741513630988, -7.304878983136695, 0.0, 13.142075802724666, 5.8371968195879695, 0.9997886926720796, 0.0, 10.439610958544458, 11.43939965121639, 7.0049999999999955
0.0027384769539078157, 0.8898967859968607, 6.537632156364979E-4, 11.592508305810043, -0.005427897713916326, 0.0, 0.0017813630104784733, -0.0036465347034378634, -7.302860693398731, 0.0, 13.29602227128396, 5.993161577885823, 0.9996830779448034, 0.0, 10.571239096164273, 11.570922174109686, 7.004999999999996
0.0027442885771543084, 0.8909893821935242, 6.551506384870985E-4, 11.716295588194043, -0.005438028473618007, 0.0, 0.0017999172204807845, -0.003638111253137115, -7.30084929374997, 0.0, 13.450325503812476, 6.1494762100631615, 0.9995753019975527, 0.0, 10.702992120092926, 11.70256742209097, 7.0049999999999955
0.002750100200400801, 0.8920726880393914, 6.565380613376992E-4, 11.839695596521778, -0.005448156447146087, 0.0, 0.0018186857191980488, -0.0036294707279479407, -7.298844275320523, 0.0, 13.604911494924023, 6.306067219604275, 0.999465857751493, 0.0, 10.834796818720076, 11.834262676472195, 7.0049999999999955
0.0027559118236472947, 0.8931468032195369, 6.579254841883E-4, 11.962661644531181, -0.005458281642972223, 0.0, 0.0018376688458364848, -0.003620612797135686, -7.296845078525416, 0.0, 13.759703185117335, 6.462858106592276, 0.9993552878523179, 0.0, 10.966577078893215, 11.96593236674581, 7.0049999999999955
0.002761723446893787, 0.8942118303553173, 6.593129070389006E-4, 12.085149496255326, -0.005468404068754276, 0.0, 0.0018568668305261188, -0.003611537238228067, -7.2948510905299555, 0.0, 13.914620386359637, 6.6197692958312295, 0.99924418710372, 0.0, 11.09825381640174, 12.09749800350687, 7.004999999999997
0.00276753507014028, 0.8952678748234817, 6.607003298895013E-4, 12.207117679878138, -0.005478523731261967, 0.0, 0.0018762797899287698, -0.0036022439413332455, -7.292861642603011, 0.0, 14.069579706402784, 6.776718063801202, 0.9991332050130338, 0.0, 11.229744905287173, 12.22887811030171, 7.004999999999997
0.002773346693386773, 0.8963150445595502, 6.620877527401019E-4, 12.328527821460739, -0.005488640636296893, 0.0, 0.0018959077227385518, -0.003592732913558258, -7.29087600741524, 0.0, 14.22449447184196, 6.933618464426957, 0.9990230483847259, 0.0, 11.36096510599553, 12.35998815438037, 7.004999999999996
0.0027791583166332664, 0.8973534498491844, 6.634751755907027E-4, 12.449344990673126, -0.005498754788608926, 0.0, 0.0019157505050755586, -0.0035830042835333503, -7.288893396257599, 0.0, 14.3792746498936, 7.09038125363636, 0.9989144839894571, 0.0, 11.491825992345962, 12.490740476335752, 7.0049999999999955
0.002784969939879759, 0.8983832031066967, 6.648625984413034E-4, 12.569538068353722, -0.005508866191809309, 0.0, 0.0019358078857701494, -0.003573058306039184, -7.286912956155867, 0.0, 14.533826768864238, 7.246913812710513, 0.9988083413336207, 0.0, 11.622235877289896, 12.621044218625695, 7.004999999999996
0.0027907815631262522, 0.8994044186401666, 6.662500212919041E-4, 12.689080128482601, -0.0055189748482798034, 0.0, 0.001956079481535214, -0.0035628953667445895, -7.284933766905821, 0.0, 14.688053837309978, 7.403120070404453, 0.9987055155037087, 0.0, 11.752099737462832, 12.750805252966838, 7.004999999999997
0.002796593186372745, 0.9004172124015639, 6.676374441425047E-4, 12.80794884050556, -0.00552908075907739, 0.0, 0.001976564772026998, -0.0035525159870504613, -7.282954838029895, 0.0, 14.841855261863797, 7.558900423834437, 0.998606970084072, 0.0, 11.881319136503658, 12.87992610658837, 7.004999999999995
0.0028024048096192385, 0.9014217017219792, 6.690248669931055E-4, 12.926126889971783, -0.005539183923833801, 0.0, 0.001997263094788898, -0.0035419208290448784, -7.280975105649607, 0.0, 14.995126763736353, 7.714151658088412, 0.9985137401527168, 0.0, 12.009792147154037, 13.008305887308387, 7.004999999999998
0.002808216432865731, 0.9024180050335957, 6.704122898437061E-4, 13.043602418088994, -0.005549284340652102, 0.0, 0.002018173640080237, -0.00353111070057191, -7.278993429235664, 0.0, 15.147760293830062, 7.868766864595946, 0.9984269353966905, 0.0, 12.137413272073143, 13.135840207471448, 7.0049999999999955
0.0028140280561122243, 0.903406241574686, 6.717997126943068E-4, 13.160369482771785, -0.005559382005997621, 0.0, 0.0020392954455848294, -0.003520086560412819, -7.277008588307882, 0.0, 15.299643946508128, 8.022635358200843, 0.9983477432708725, 0.0, 12.264073363415633, 13.26242110668714, 7.004999999999997
0.002819839679358717, 0.904386531079922, 6.731871355449076E-4, 13.276428540026245, -0.005569476914585578, 0.0, 0.0020606273910006856, -0.00350884952358492, -7.2750192790107, 0.0, 15.450661871948514, 8.175642592938349, 0.9982774322780493, 0.0, 12.389659541099272, 13.387936973377897, 7.004999999999997
0.00282565130260521, 0.9053589934535822, 6.745745583955083E-4, 13.39178694459406, -0.005579569059262036, 0.0, 0.0020821681925052293, -0.003497400866756706, -7.273024110600415, 0.0, 15.600694187113085, 8.327670076513622, 0.9982173553291237, 0.0, 12.514055109799353, 13.51227246512928, 7.004999999999996
0.002831462925851703, 0.9063237484264306, 6.759619812461089E-4, 13.506459476084274, -0.005589658430880457, 0.0, 0.0021039163970971997, -0.003485742033783254, -7.271021601851043, 0.0, 15.74961688529051, 8.478595283441313, 0.9981689531800917, 0.0, 12.637139474625029, 13.63530842780696, 7.004999999999996
0.0028372745490981956, 0.9072809151973757, 6.773494040967095E-4, 13.620468887296738, -0.005599745018175537, 0.0, 0.0021258703768125, -0.0034738746413628258, -7.269010177325055, 0.0, 15.897301744189106, 8.628291566865956, 0.9981337580020455, 0.0, 12.758788055456346, 13.756921813459988, 7.004999999999996
0.002843086172344689, 0.9082306120537282, 6.787368269473103E-4, 13.733846471266588, -0.005609828807627313, 0.0, 0.0021480283228096225, -0.0034618004848177703, -7.266988163587388, 0.0, 16.043616232605554, 8.77662806902049, 0.99811339699553, 0.0, 12.878872199972756, 13.876985596970725, 7.004999999999996
0.002848897795591182, 0.9091729559773256, 6.801242497979109E-4, 13.846632659537136, -0.0056199097833252686, 0.0, 0.002170388239326526, -0.00344952154399851, -7.264953785278198, 0.0, 16.188423415600493, 8.923469630323307, 0.9981095961482725, 0.0, 12.997259095299572, 13.995368691448514, 7.004999999999997
0.002854709418837675, 0.9101080622289999, 6.815116726485116E-4, 13.958877638549893, -0.005629987926821192, 0.0, 0.0021929479375042693, -0.0034370399893167564, -7.262905161103469, 0.0, 16.33158185819687, 9.06867669709501, 0.9981241840605822, 0.0, 13.113811678293763, 14.11193586235571, 7.004999999999997
0.002860521042084168, 0.911036043918088, 6.828990954991124E-4, 14.070641996935592, -0.005640063216982127, 0.0, 0.0022157050290755737, -0.0034243581879065538, -7.260840299710192, 0.0, 16.47294552759017, 9.212105227882596, 0.9981590958885936, 0.0, 13.228388544459044, 14.226547640350258, 7.004999999999997
0.0028663326653306613, 0.9119570115476137, 6.842865183497131E-4, 14.181997394087375, -0.005650135629832687, 0.0, 0.002238656919916565, -0.003411478709916177, -7.258757095453992, 0.0, 16.61236369383307, 9.353606598380507, 0.9982163773817162, 0.0, 13.340843855453802, 14.339060232837026, 7.004999999999997
0.0028721442885771536, 0.9128710725441778, 6.856739412003137E-4, 14.293027261315729, -0.005660205138394783, 0.0, 0.0022618008034608478, -0.003398404334933769, -7.256653324057041, 0.0, 16.749680828978168, 9.493027504923745, 0.9982981890283948, 0.0, 13.451027245175013, 14.449325434205784, 7.004999999999997
0.0028779559118236467, 0.9137783307641456, 6.870613640509144E-4, 14.403827522939537, -0.0056702717125186874, 0.0, 0.0022851336539716077, -0.0033851380585469687, -7.254526638155965, 0.0, 16.884736504692018, 9.630209866537362, 0.9984068103016231, 0.0, 13.558783724436033, 14.557190534738805, 7.004999999999996
0.00288376753507014, 0.9146788859803081, 6.884487869015151E-4, 14.514507353698718, -0.005680335318710823, 0.0, 0.0023086522196703596, -0.0033716830990403457, -7.252374562726302, 0.0, 17.017365288288214, 9.76499072556471, 0.998544644025694, 0.0, 13.66395358418622, 14.66249822821454, 7.0049999999999955
0.002889579158316633, 0.9155728333484063, 6.898362097521158E-4, 14.625189961036085, -0.005690395919951803, 0.0, 0.002332353015721267, -0.00335804290423046, -7.250194490407837, 0.0, 17.147396637184162, 9.897202146777992, 0.9987142208304095, 0.0, 13.76637229727691, 14.765086518108877, 7.004999999999996
0.0028953907815631257, 0.9164602628486449, 6.912236326027164E-4, 14.73601339898596, -0.0057004534755103545, 0.0, 0.002356232317066942, -0.0033442211584434334, -7.247983676686547, 0.0, 17.274654791755673, 10.026671115071625, 0.9989182037454144, 0.0, 13.865870418752044, 14.864788622499988, 7.004999999999998
0.0029012024048096193, 0.9173412587084897, 6.926110554533173E-4, 14.847131409565918, -0.005710507940749683, 0.0, 0.0023802861511153517, -0.003330221789634241, -7.245739234982672, 0.0, 17.398958666582196, 10.153219431601725, 0.9991593928801582, 0.0, 13.962273484655025, 14.961432877537254, 7.004999999999998
0.002907014028056112, 0.9182158987982518, 6.939984783039179E-4, 14.958714302018052, -0.0057205592669259675, 0.0, 0.0024045102902739146, -0.0033160489766519557, -7.243458131594072, 0.0, 17.520121740047685, 10.276663608454088, 0.999440730240035, 0.0, 14.055401909320729, 15.0548426395611, 7.004999999999997
0.002912825651302605, 0.9190842540076005, 6.953859011545186E-4, 15.070949859102257, -0.00573060740098201, 0.0, 0.00242890024433029, -0.0033017071566515954, -7.241137180540716, 0.0, 17.6379519423019, 10.396814761762375, 0.9997653046372751, 0.0, 14.145070881156293, 15.144836185794581, 7.004999999999997
0.002918637274549098, 0.9199463875945924, 6.967733240051192E-4, 15.184044278605143, -0.00574065228533089, 0.0, 0.0024534512526750707, -0.0032872010326557427, -7.238773038247795, 0.0, 17.75225154155233, 10.513478503306679, 1.0001363567518213, 0.0, 14.231090256886036, 15.23122661363989, 7.004999999999997
0.002924448897795591, 0.9208023545118351, 6.9816074685572E-4, 15.298223150384729, -0.005750693857635221, 0.0, 0.0024781582763669374, -0.003272535581268124, -7.236362198133056, 0.0, 17.862817028664146, 10.626454830531802, 1.0005572842847137, 0.0, 14.31326445423523, 15.313821738520428, 7.0049999999999955
0.0029302605210420837, 0.9216522007067596, 6.995481697063206E-4, 15.413732466928195, -0.005760732050575139, 0.0, 0.0025030159900364946, -0.0032577160605386374, -7.233900985047224, 0.0, 17.969439000062938, 10.735538015016429, 1.0010316472453724, 0.0, 14.391392343051038, 15.392423990297113, 7.004999999999998
0.0029360721442885764, 0.922495962396809, 7.009355925569213E-4, 15.530839669518173, -0.0057707667916127026, 0.0, 0.002528018773624602, -0.0032427480179880175, -7.231385549576858, 0.0, 18.07190203891931, 10.84051648934483, 1.0015631733745616, 0.0, 14.465267134843854, 15.46683030822068, 7.004999999999996
0.00294188376753507, 0.9233336653171875, 7.023230154075221E-4, 15.649834734285832, -0.005780798002743906, 0.0, 0.00255316070395728, -0.0032276372987865842, -7.22881186223245, 0.0, 18.169984594598112, 10.941172732366853, 1.0021557636677267, 0.0, 14.534676270726923, 15.536832034395777, 7.004999999999997
0.0029476953907815627, 0.9241653239426881, 7.037104382581227E-4, 15.771031293072156, -0.00579082560024672, 0.0, 0.0025784355461505037, -0.0032123900540960426, -7.2261757074800705, 0.0, 18.26345886033981, 11.037283152861168, 1.002813498052547, 0.0, 14.599401307729334, 15.602214805783062, 7.004999999999997
0.002953507014028056, 0.9249909406811696, 7.050978611087234E-4, 15.894767794699874, -0.0058008494944170735, 0.0, 0.0026038367448442123, -0.0031970127495728473, -7.223472677635766, 0.0, 18.3520906491791, 11.128617971543214, 1.0035406411900634, 0.0, 14.659217803486674, 15.662758444676601, 7.004999999999997
0.0029593186372745485, 0.9258105050402605, 7.06485283959324E-4, 16.021408705724753, -0.005810869589298925, 0.0, 0.002629357415263378, -0.0031815121740355334, -7.220698166635652, 0.0, 18.435639268072528, 11.214941101440687, 1.0043416483953524, 0.0, 14.71389519928204, 15.718236847681183, 7.004999999999997
0.002965130260521042, 0.9266239927625435, 7.078727068099248E-4, 16.151345753198257, -0.005820885782404542, 0.0, 0.0026549903341028525, -0.0031658954483018836, -7.217847363632549, 0.0, 18.513857390217943, 11.296010026588013, 1.0052211717214237, 0.0, 14.763196701423, 15.768417873147317, 7.004999999999996
0.002970941883767535, 0.9274313649350887, 7.092601296605254E-4, 16.284999208088266, -0.005830897964425645, 0.0, 0.002680727930233856, -0.0031501700341917682, -7.21491524647941, 0.0, 18.58649092552766, 11.371575679049084, 1.006184066147254, 0.0, 14.806879160917491, 15.813063227065548, 7.004999999999997
0.0029767535070140275, 0.9282325670653364, 7.106475525111262E-4, 16.422819210769376, -0.005840906018935346, 0.0, 0.002706562275229807, -0.003134343743705359, -7.211896575041176, 0.0, 18.653278889278717, 11.441382314241588, 1.0072353959282148, 0.0, 14.844692951473165, 15.851928347405174, 7.004999999999996
0.0029825651302605206, 0.929027528128799, 7.120349753617269E-4, 16.56528714473825, -0.005850909822081342, 0.0, 0.002732485073707991, -0.0031184247483732608, -7.208785884357828, 0.0, 18.71395326889636, 11.505167384539842, 1.008380441087031, 0.0, 14.876381845779344, 15.884762286867558, 7.0049999999999955
0.0029883767535070138, 0.9298161595844903, 7.134223982123276E-4, 16.712917049400858, -0.005860909242269952, 0.0, 0.002758487653485825, -0.0031024215887840434, -7.205577477667429, 0.0, 18.768238888822708, 11.562661411157302, 1.009624704035923, 0.0, 14.901682890023174, 15.911307594061004, 7.004999999999997
0.0029941883767535065, 0.9305983543572296, 7.148098210629282E-4, 16.86625708430074, -0.005870904139837443, 0.0, 0.0027845609555476325, -0.003086343184289797, -7.202265419272141, 0.0, 18.81585327353819, 11.613587854267358, 1.0109739163421336, 0.0, 14.920326276711302, 15.931300193054726, 7.004999999999997
0.0029999999999999996, 0.9313739857911969, 7.161972439135289E-4, 17.025891037643305, -0.005880894366716141, 0.0, 0.002810695523820489, -0.0030701988428954996, -7.198843527220292, 0.0, 18.856506508601466, 11.657662981384506, 1.012434045674387, 0.0, 14.932035215662724, 15.944469261340233, 7.004999999999996
