phi0, phi, rho, Z_fit_curve, F_id, F_fr, F_ex, F_total, mu_id, mu_fr, mu_ex, mu_kT, PV_id, PV_fr, PV_ex, PV_NkT, alpha
1.0000000000000005E-4, 0.03507883510566686, 2.387324146378431E-5, 1.0620788284713734, -2.797158664675683E-4, 0.0, -6.601358309432989E-6, -2.863172247770053E-4, -10.310369041760069, 0.0, 0.8230799941978072, -9.487289047562198, 1.4063417740668083, 0.0, 1.0995970444461887, 2.505938818513226, 7.004999999999985
1.0581162324649302E-4, 0.036967545114574285, 2.5260664314385E-5, 1.0640255494741166, -2.9400194730259315E-4, 0.0, -5.480072650173293E-6, -2.994820199527703E-4, -10.28337552588205, 0.0, 0.7934257569708073, -9.489949768911186, 1.355350346230903, 0.0, 1.0103667123617786, 2.365717058592891, 7.004999999999986
1.1162324649298601E-4, 0.03886164011619771, 2.6648087164985692E-5, 1.0658419924260507, -3.082507863734935E-4, 0.0, -4.399315649641322E-6, -3.126501020231387E-4, -10.256683722820252, 0.0, 0.7646550502571304, -9.492028672563062, 1.3107801804996144, 0.0, 0.9297444100450935, 2.2405245905449154, 7.004999999999987
1.1743486973947899E-4, 0.04076097263638051, 2.8035510015586382E-5, 1.0675355598456182, -3.2246280015844973E-4, 0.0, -3.3578698123288227E-6, -3.258206699707823E-4, -10.23029057275846, 0.0, 0.7367558731628054, -9.493534699595598, 1.2716510712200535, 0.0, 0.8565278983716214, 2.1281789695918643, 7.0049999999999875
1.2324649298597198E-4, 0.042665397517278755, 2.9422932866187073E-5, 1.069113510133238, -3.3663840090504115E-4, 0.0, -2.3545342345340635E-6, -3.389929351395789E-4, -10.204193036997996, 0.0, 0.7097163091061319, -9.49447672789181, 1.23716810929028, 0.0, 0.7897400866555109, 2.0269081959459703, 7.0049999999999875
1.2905811623246496E-4, 0.044574771897453604, 3.081035571678776E-5, 1.0705829585637079, -3.507779966594948E-4, 0.0, -1.3881244875027595E-6, -3.521661211470012E-4, -10.178388097886128, 0.0, 0.6835245256480188, -9.494863572238055, 1.2066799579287868, 0.0, 0.728578354310776, 1.9352583122397347, 7.004999999999988
1.3486973947895794E-4, 0.046488955192033075, 3.2197778567388454E-5, 1.071950878283929, -3.648819912958362E-4, 0.0, -4.574725008043894E-7, -3.653394637966441E-4, -10.15287275874446, 0.0, 0.6581687743223209, -9.494703984422086, 1.1796479160019422, 0.0, 0.6723769750479367, 1.8520248910500405, 7.004999999999988
1.4068136272545094E-4, 0.04840780907294278, 3.3585201417989144E-5, 1.07322410131586, -3.789507845449394E-4, 0.0, 4.385735540560899E-7, -3.785122109908868E-4, -10.127644043797362, 0.0, 0.6336373904661768, -9.494006653331137, 1.155622649430298, 0.0, 0.6205788546962773, 1.7762015041267287, 7.004999999999989
1.4649298597194392E-4, 0.05033119744920577, 3.4972624268589835E-5, 1.0744093195646267, -3.9298477202347827E-4, 0.0, 1.3011493797911277E-6, -3.916836226436905E-4, -10.102698998100378, 0.0, 0.6099187930503484, -9.49278020504998, 1.134226461234738, 0.0, 0.5727139962413271, 1.7069404574762101, 7.004999999999989
1.523046092184369E-4, 0.052258986447311466, 3.6360047119190525E-5, 1.0755130858317168, -4.0698434526277897E-4, 0.0, 2.1313746692481175E-6, -4.0485297059353407E-4, -10.078034687468609, 0.0, 0.5870014845095549, -9.491033202959008, 1.1151396208225375, 0.0, 0.5283828952029641, 1.6435225160256377, 7.00499999999999
1.5811623246492988E-4, 0.05419104439165372, 3.7747469969791216E-5, 1.0765418148331662, -4.209498917375718E-4, 0.0, 2.930353221091453E-6, -4.180195385164837E-4, -10.053648198405158, 0.0, 0.5648740505728138, -9.4887741478323, 1.0980897081208227, 0.0, 0.48724359683812446, 1.5853333049590783, 7.00499999999999
1.639278557114229E-4, 0.056127241785037904, 3.913489282039191E-5, 1.0775017842226755, -4.348817948946458E-4, 0.0, 3.699173055249287E-6, -4.311826218393997E-4, -10.029536638029516, 0.0, 0.5435251600937769, -9.486011477935696, 1.0828432243740689, 0.0, 0.4490015064267924, 1.5318447308009857, 7.00499999999999
1.6973947895791589E-4, 0.058067451289257055, 4.0522315670992603E-5, 1.0783991356195648, -4.487804341814008E-4, 0.0, 4.438906528124817E-6, -4.443415276532791E-4, -10.005697134005972, 0.0, 0.5229435648810686, -9.482753569124863, 1.0691989263555197, 0.0, 0.4134012928114013, 1.4826002191670378, 7.004999999999991
1.7555110220440886E-4, 0.06001154770573733, 4.1909738521593294E-5, 1.0792398756414976, -4.626461850743041E-4, 0.0, 5.15061044757224E-6, -4.574955746267349E-4, -9.98212683447204, 0.0, 0.503118099528623, -9.479008734943374, 1.0569824846169662, 0.0, 0.38022040010922725, 1.4372028847263094, 7.004999999999991
1.8136272545090187E-4, 0.0619594079562523, 4.3297161372193984E-5, 1.0800298769418941, -4.764794191072446E-4, 0.0, 5.835326187637287E-6, -4.7064409291961047E-4, -9.958822907966837, 0.0, 0.48403768124602203, -9.474785226720774, 1.0460421687826498, 0.0, 0.34926380686947195, 1.3953059756522357, 7.004999999999991
1.8717434869739485E-4, 0.06391091106370636, 4.4684584222794675E-5, 1.0807748792519498, -4.902805038997894E-4, 0.0, 6.494079803062314E-6, -4.8378642409673E-4, -9.935782543359522, 0.0, 0.46569130968883254, -9.470091233670656, 1.0362453366646014, 0.0, 0.3203597615494739, 1.3566050982141769, 7.004999999999991
1.9298597194388782E-4, 0.06586593813298745, 4.6072007073395365E-5, 1.0814804904271906, -5.040498031853396E-4, 0.0, 7.1278821435561204E-6, -4.969219210417863E-4, -9.913002949777697, 0.0, 0.4480680667889452, -9.464934882988713, 1.0274755577542016, 0.0, 0.2933562885023819, 1.320831846256683, 7.004999999999992
1.987975951903808E-4, 0.06782437233188861, 4.7459429923996056E-5, 1.08215218749848, -5.177876768391888E-4, 0.0, 7.737728967828282E-6, -5.100499478713634E-4, -9.890481356535794, 0.0, 0.43115711658491, -9.45932423995085, 1.019630241273119, 0.0, 0.2681183068010615, 1.2877485480742734, 7.004999999999993
2.046092184368738E-4, 0.06978609887209869, 4.8846852774596746E-5, 1.0827953177273997, -5.314944809064806E-4, 0.0, 8.32460105738807E-6, -5.231698798490955E-4, -9.86821501306352, 0.0, 0.41494770505227674, -9.45326730801121, 1.0126186684646603, 0.0, 0.24452524005126952, 1.2571439085160239, 7.004999999999993
2.1042084168336678E-4, 0.07175100499026235, 5.023427562519744E-5, 1.0834150996659344, -5.451705676300673E-4, 0.0, 8.889464330108047E-6, -5.36281103299962E-4, -9.84620118883424, 0.0, 0.3994291599339296, -9.446772028900277, 1.0063603509724675, 0.0, 0.22246902226949586, 1.2288293732420514, 7.004999999999993
2.1623246492985976E-4, 0.07371897992910881, 5.162169847579813E-5, 1.0840166242203657, -5.588162854782688E-4, 0.0, 9.433269953552252E-6, -5.493830155247192E-4, -9.824437173293393, 0.0, 0.38459089057042767, -9.439846282722934, 1.0007836539573682, 0.0, 0.2018524253110007, 1.2026360792684516, 7.004999999999994
2.2204408817635274E-4, 0.07568991491865, 5.300912132639882E-5, 1.084604855719319, -5.724319791725336E-4, 0.0, 9.956954458068993E-6, -5.624750247144673E-4, -9.802920275786901, 0.0, 0.3704223877303402, -9.432497888056533, 0.9958246354489592, 0.0, 0.1825876489358607, 1.1784122843848985, 7.004999999999994
2.2785571142284574E-4, 0.07766370315744761, 5.439654417699951E-5, 1.0851846329858654, -5.860179897149994E-4, 0.0, 1.0461439849648175E-5, -5.755565498653537E-4, -9.781647825489587, 0.0, 0.3569132234405862, -9.424734602048977, 0.9914260633253076, 0.0, 0.16459512662164186, 1.1560211899470207, 7.004999999999993
2.3366733466933872E-4, 0.07964023979394923, 5.57839670276002E-5, 1.0857606704136122, -5.995746544159531E-4, 0.0, 1.0947633722543328E-5, -5.886270206934122E-4, -9.760617171333568, 0.0, 0.34405305081677046, -9.416564120516771, 0.9875365789958411, 0.0, 0.14780250956130953, 1.1353390885572185, 7.004999999999994
2.394789579158317E-4, 0.08161942190789372, 5.717138987820089E-5, 1.0863375590467004, -6.131023069211949E-4, 0.0, 1.1416429371658225E-5, -6.016858775495392E-4, -9.739825681936669, 0.0, 0.33183160389352273, -9.407994078043119, 0.9841099828663147, 0.0, 0.1321437985772619, 1.116253781443648, 7.004999999999994
2.4529058116232465E-4, 0.0836011484917856, 5.855881272880157E-5, 1.0869197676636302, -6.266012772392996E-4, 0.0, 1.1868705904698097E-5, -6.14732571334604E-4, -9.719270745530842, 0.0, 0.3202386974548341, -9.39903204807598, 0.9811046213883013, 0.0, 0.11755859941963963, 1.0986632208080107, 7.004999999999994
2.511022044088177E-4, 0.08558532043243854, 5.994623557940227E-5, 1.087511643864841, -6.400718917687808E-4, 0.0, 1.2305328354085353E-5, -6.277665634146978E-4, -9.698949769890564, 0.0, 0.30926422686439503, -9.389685543026145, 0.9784828592353844, 0.0, 0.10399148145928566, 1.0824743406947341, 7.004999999999995
2.5691382765531066E-4, 0.08757184049258768, 6.133365843000296E-5, 1.0881174151639568, -6.535144733251541E-4, 0.0, 1.2727147788640138E-5, -6.407873255365163E-4, -9.678860182261257, 0.0, 0.2988981678959336, -9.379962014365299, 0.9762106231265785, 0.0, 0.09139142340318505, 1.0676020465298257, 7.004999999999995
2.6272545090180364E-4, 0.08956061329257163, 6.272108128060365E-5, 1.0887411900826365, -6.669293411679029E-4, 0.0, 1.3135001425025212E-5, -6.537943397428804E-4, -9.658999429287677, 0.0, 0.2891305765635529, -9.369868852724101, 0.9742570062028437, 0.0, 0.07971133255751597, 1.0539683387604257, 7.0049999999999955
2.685370741482966E-4, 0.09155154529208297, 6.410850413120434E-5, 1.0893869592489334, -6.803168110273437E-4, 0.0, 1.3529712738955743E-5, -6.667870982883903E-4, -9.639364976942344, 0.0, 0.27995158895206745, -9.359413387990255, 0.9725939237833471, 0.0, 0.06890762649638672, 1.0415015502797922, 7.0049999999999955
2.743486973947896E-4, 0.09354454477198812, 6.549592698180503E-5, 1.0900585964990945, -6.936771951313907E-4, 0.0, 1.3912091576173406E-5, -6.797651035552197E-4, -9.61995431045394, 0.0, 0.2713514210473426, -9.348602889406573, 0.9711958128826804, 0.0, 0.058939867882544655, 1.0301356807652864, 7.004999999999996
2.8016032064128257E-4, 0.09553952181621637, 6.688334983240572E-5, 1.0907598599827242, -7.070108022322249E-4, 0.0, 1.4282934263185288E-5, -6.927278679690419E-4, -9.600764934235725, 0.0, 0.26332036856663227, -9.337444565669072, 0.9700393691347141, 0.0, 0.04977044472198285, 1.0198098138567502, 7.004999999999996
2.859719438877756E-4, 0.0975363882937177, 6.827077268300641E-5, 1.091494393271226, -7.203179376328601E-4, 0.0, 1.4643023717767401E-5, -7.056749139150947E-4, -9.581794371813935, 0.0, 0.255848806788914, -9.325945565025002, 0.9691033158016258, 0.0, 0.04136428958918029, 1.0104676053908563, 7.004999999999996
2.917835671342686E-4, 0.09953505784049005, 6.96581955336071E-5, 1.092265726469452, -7.335989032136107E-4, 0.0, 1.4993129559232593E-5, -7.186057736543802E-4, -9.563040165756199, 0.0, 0.24892719038522992, -9.314112975370952, 0.9683682003947783, 0.0, 0.033688632389580336, 1.0020568327844066, 7.004999999999996
2.9759519038076156E-4, 0.10153544584167534, 7.10456183842078E-5, 1.0930772773304764, -7.468539974584615E-4, 0.0, 1.5334008218463327E-5, -7.315199892400005E-4, -9.544499877599959, 0.0, 0.24254605324902204, -9.30195382435092, 0.9678162151328507, 0.0, 0.02671278207473934, 0.994528997207638, 7.004999999999997
3.0340681362725453E-4, 0.103537469413725, 7.243304123480848E-5, 1.0939323523734181, -7.600835154813375E-4, 0.0, 1.5666403047708963E-5, -7.444171124336309E-4, -9.526171087780845, 0.0, 0.23669600832647175, -9.28947507945436, 0.967431038041134, 0.0, 0.02040793342812964, 0.9878389714693084, 7.004999999999996
3.092184368737475E-4, 0.10554104738663399, 7.382046408540918E-5, 1.0948341480042334, -7.732877490522726E-4, 0.0, 1.5991044430147542E-5, -7.572967046221272E-4, -9.508051395561125, 0.0, 0.23136774744683541, -9.276683648114275, 0.967197691976311, 0.0, 0.014746995623247041, 0.9819446875996011, 7.004999999999996
3.150300601202405E-4, 0.10754610028624462, 7.520788693600987E-5, 1.0957857516394023, -7.864669866234808E-4, 0.0, 1.6308649889212365E-5, -7.701583367342705E-4, -9.490138418958082, 0.0, 0.22655204115278402, -9.263586377805284, 0.9671024192619969, 0.0, 0.009704439742462932, 0.9768068590045015, 7.004999999999996
3.2084168336673347E-4, 0.10955255031661879, 7.659530978661056E-5, 1.0967901428324247, -7.99621513355329E-4, 0.0, 1.661992419768309E-5, -7.830015891576481E-4, -9.47242979467244, 0.0, 0.2222397385307384, -9.250190056141689, 0.9671325699556469, 0.0, 0.005256162852474369, 0.9723887328081635, 7.004999999999997
3.266533066132265E-4, 0.11156032134247985, 7.798273263721125E-5, 1.0978501944030588, -8.127516111422077E-4, 0.0, 1.692555948654127E-5, -7.958260516556686E-4, -9.454923178016772, 0.0, 0.2184217670412108, -9.23650141097555, 0.967276502049126, 0.0, 0.0013793665744073899, 0.9686558686235734, 7.004999999999997
3.324649298597195E-4, 0.11356933887172317, 7.937015548781194E-5, 1.0989686735692092, -8.258575586383043E-4, 0.0, 1.7226235353590892E-5, -8.086313232847154E-4, -9.4376162428439, 0.0, 0.2150891323491382, -9.222527110494749, 0.9675234921427929, 0.0, -0.001947551625055922, 0.9655759405177752, 7.004999999999997
3.3827655310621245E-4, 0.11557953003799609, 8.075757833841263E-5, 1.100148243081403, -8.389396312832764E-4, 0.0, 1.7522618971843154E-5, -8.214170123114355E-4, -9.420506681475313, 0.0, 0.2122329181542227, -9.20827376332108, 0.9678636553334581, 0.0, -0.0047450959513396125, 0.9631185593821555, 7.004999999999997
3.4408817635270543E-4, 0.11759082358334673, 8.214500118901332E-5, 1.101391462359761, -8.519981013278274E-4, 0.0, 1.7815365197665933E-5, -8.341827361301634E-4, -9.403592204629573, 0.0, 0.20984428602126842, -9.193747918608294, 0.9682878732269453, 0.0, -0.007032759931573914, 0.9612551132954069, 7.004999999999997
3.498997995991984E-4, 0.11960314984094199, 8.353242403961401E-5, 1.1027007886333982, -8.650332378591786E-4, 0.0, 1.810511667869805E-5, -8.469281211804825E-4, -9.386870541350719, 0.0, 0.20791447521051817, -9.178956066140188, 0.9687877291305647, 0.0, -0.008829105343446908, 0.9599586237871548, 7.004999999999998
3.557114228456914E-4, 0.12161644071785471, 8.49198468902147E-5, 1.1040785780821631, -8.780453068264472E-4, 0.0, 1.8392503961527968E-5, -8.596528028649214E-4, -9.370339438936686, 0.0, 0.2064348025079935, -9.163904636428683, 0.9693554496044301, 0.0, -0.01015183342066044, 0.959203616183805, 7.004999999999998
3.6152304609218436E-4, 0.12363062967791982, 8.630726974081539E-5, 1.1055270869806506, -8.910345710659221E-4, 0.0, 1.867814559913699E-5, -8.72356425466787E-4, -9.353996662867704, 0.0, 0.20539666205583057, -9.148600000811864, 0.9699838516560292, 0.0, -0.01101784920409341, 0.9589660024519683, 7.004999999999998
3.6733466933867734E-4, 0.12564565172465958, 8.769469259141608E-5, 1.1070484728444012, -9.040012903262389E-4, 0.0, 1.8962648258107377E-5, -8.850386420681338E-4, -9.337839996734717, 0.0, 0.20479152518261684, -9.133048471552094, 0.9706662949530692, 0.0, -0.011443319797768192, 0.9592229751553322, 7.004999999999998
3.731462925851704E-4, 0.12766144338427785, 8.908211544201677E-5, 1.1086447955782104, -9.169457212934605E-4, 0.0, 1.924660682559479E-5, -8.976991144678675E-4, -9.321867242167782, 0.0, 0.20461094023373164, -9.117256301934045, 0.9713966385075363, 0.0, -0.011443727194124143, 0.9599529113134397, 7.004999999999997
3.7895791583166335E-4, 0.12967794268872374, 9.046953829261746E-5, 1.1103180186264754, -9.298681176160521E-4, 0.0, 1.953060451606558E-5, -9.103375130999886E-4, -9.306076218764488, 0.0, 0.204846532401682, -9.101229686362798, 0.9721692013509305, 0.0, -0.011033916251600485, 0.961135285099362, 7.004999999999998
3.8476953907815633E-4, 0.13169508915882405, 9.185696114321815E-5, 1.112070010125491, -9.427687299297628E-4, 0.0, 1.981521297779838E-5, -9.229535169519664E-4, -9.290464764018346, 0.0, 0.20549000355643934, -9.0849747604619, 0.972978726778734, 0.0, -0.010228138337059874, 0.9627505884417021, 7.004999999999997
3.905811623246493E-4, 0.13371282378748486, 9.324438399381884E-5, 1.1139025440576273, -9.556478058824034E-4, 0.0, 2.0100992399150552E-5, -9.355468134832549E-4, -9.275030733247231, 0.0, 0.20653313207577956, -9.068497601171446, 0.9738203497922899, 0.0, -0.009040091084588378, 0.9647802587077304, 7.004999999999998
3.963927855711423E-4, 0.1357310890229622, 9.463180684441953E-5, 1.1158173014073038, -9.685055901585277E-4, 0.0, 2.0388491614589233E-5, -9.481170985439403E-4, -9.259771999521755, 0.0, 0.20796777267561817, -9.05180422684613, 0.9746895674100693, 0.0, -0.007482954669249682, 0.9672066127408449, 7.004999999999997
4.0220440881763526E-4, 0.13774982875220207, 9.601922969502022E-5, 1.1178158713186865, -9.813423245040123E-4, 0.0, 2.067824821048681E-5, -9.606640762935276E-4, -9.244686453593696, 0.0, 0.20978585624035084, -9.034900597353342, 0.9755822115579352, 0.0, -0.005569424948279942, 0.9700127866096803, 7.004999999999998
4.0801603206412824E-4, 0.1397689882842491, 9.740665254562091E-5, 1.1198997522550238, -9.941582477505397E-4, 0.0, 2.0970788630681173E-5, -9.731874591198604E-4, -9.229772003824415, 0.0, 0.21197938965318872, -9.017792614171224, 0.9764944242814112, 0.0, -0.0033117437820701545, 0.9731826804993627, 7.004999999999999
4.138276553106212E-4, 0.14178851433372464, 9.87940753962216E-5, 1.1220703531595513, -0.0010069535958399792, 0.0, 2.1266628281800466E-5, -9.856869675581807E-4, -9.21502657611324, 0.0, 0.2145404556264967, -9.000486120486743, 0.9774226350516059, 0.0, -7.217268121661145E-4, 0.9767009082394603, 7.004999999999998
4.1963927855711425E-4, 0.14380835500437392, 1.001814982468223E-4, 1.1243289946178803, -0.0010197286018486709, 0.0, 2.1566271638352606E-5, -9.981623302103202E-4, -9.200448113825894, 0.0, 0.21746121253212983, -8.98298690129376, 0.978363539961844, 0.0, 0.002189211057180084, 0.9805527510190486, 7.004999999999998
4.254509018036072E-4, 0.14582845977268202, 1.0156892109742299E-4, 1.1266769100217948, -0.0010324834960116075, 0.0, 2.1870212347579135E-5, -0.0010106132836640302, -9.186034577722896, 0.0, 0.22073389423177509, -8.965300683491115, 0.9793140826342299, 0.0, 0.005410032254333776, 0.9847241148885876, 7.004999999999998
4.312625250501002E-4, 0.14784877947155925, 1.0295634394802368E-4, 1.129115246734382, -0.001045218505746521, 0.0, 2.217893333407396E-5, -0.001023039572412449, -9.171783945887974, 0.0, 0.2243508099072849, -8.947433135980685, 0.9802714366748274, 0.0, 0.00893005501654463, 0.9892014916913938, 7.004999999999997
4.370741482965932E-4, 0.14986926627409564, 1.0434376679862437E-4, 1.1316450672564116, -0.0010579338556778665, 0.0, 2.2492906904166444E-5, -0.0010354409487737016, -9.157694213656477, 0.0, 0.22830434389101587, -8.929389869765457, 0.9812329895333348, 0.0, 0.0127389335721028, 0.993971923105455, 7.004999999999999
4.4288577154308616E-4, 0.15188987367738396, 1.0573118964922506E-4, 1.134267350393888, -0.001070629767660707, 0.0, 2.2812594850069438E-5, -0.0010478171728106392, -9.143763393543766, 0.0, 0.23258695549616623, -8.911176438047598, 0.9821963276382206, 0.0, 0.01682663987167786, 0.9990229675099177, 7.004999999999999
4.4869739478957914E-4, 0.1539105564864127, 1.0711861249982575E-4, 1.1369829924267059, -0.0010833064608045014, 0.0, 2.3138448553791567E-5, -0.0010601680122507115, -9.129989515173655, 0.0, 0.23719117884711569, -8.892798336326539, 0.9831592226917044, 0.0, 0.02118344672839349, 1.0043426694201147, 7.004999999999998
4.545090180360721E-4, 0.1559312707980274, 1.0850603535042644E-4, 1.1397928082783144, -0.0010959641514967893, 0.0, 2.34709090908142E-5, -0.0010724932424059771, -9.116370625206788, 0.0, 0.24210962270976005, -8.874261002497025, 0.9841196190207381, 0.0, 0.025799912240535405, 1.009919531261294, 7.004999999999998
4.6032064128256515E-4, 0.1579519739849615, 1.0989345820102713E-4, 1.1426975326863291, -0.001108603053426782, 0.0, 2.381040733353341E-5, -0.0010847926460932505, -9.10290478726906, 0.0, 0.2473349703218502, -8.855569816947211, 0.9850756218907307, 0.0, 0.030666865383544954, 1.01574248727429, 7.004999999999999
4.661322645290581E-4, 0.15997262467993603, 1.1128088105162782E-4, 1.1456978213739994, -0.0011212233776088465, 0.0, 2.415736405446591E-5, -0.0010970660135543823, -9.089590081880036, 0.0, 0.2528599792233302, -8.836730102656707, 0.9860254866978615, 0.0, 0.03577539266925448, 1.0218008793671296, 7.004999999999998
4.719438877755511E-4, 0.1619931827598286, 1.1266830390222851E-4, 1.1487942522224648, -0.0011338253324058977, 0.0, 2.451219002921994E-5, -0.00110931314237668, -9.07642460638135, 0.0, 0.25867748108667543, -8.817747125294677, 0.9869676089644186, 0.0, 0.04111682578035994, 1.028084434744793, 7.004999999999999
4.777555110220441E-4, 0.1640136093299113, 1.140557267528292E-4, 1.151987326443715, -0.0011464091235526873, 0.0, 2.4875286139231048E-5, -0.001121533837413459, -9.063406474865115, 0.0, 0.26478038154722716, -8.798626093317885, 0.9879005150686471, 0.0, 0.0466827300970863, 1.034583245165759, 7.004999999999998
4.8356713426853706E-4, 0.1660338667081578, 1.1544314960342989E-4, 1.1552774697541761, -0.0011589749541789944, 0.0, 2.5247043474261802E-5, -0.0011337279107047349, -9.050533818102318, 0.0, 0.2711616600335339, -8.779372158068783, 0.9888228536473954, 0.0, 0.05246489404100512, 1.0412877476884221, 7.004999999999998
4.8937875751503E-4, 0.1680539184096195, 1.1683057245403058E-4, 1.158665033548847, -0.0011715230248327143, 0.0, 2.5627843434666568E-5, -0.0011458951813980496, -9.037804783471268, 0.0, 0.277814369597688, -8.759990413873581, 0.9897333876155373, 0.0, 0.058455319168055214, 1.0481887067836073, 7.004999999999998
4.951903807615231E-4, 0.17007372913087088, 1.1821799530463127E-4, 1.1621502960759107, -0.001184053533502853, 0.0, 2.6018057833421158E-5, -0.001158035475669434, -9.025217534885963, 0.0, 0.284731636745661, -8.740485898140303, 0.990630986751645, 0.0, 0.06464621094922236, 1.0552771977008844, 7.004999999999999
5.01002004008016E-4, 0.17209326473452338, 1.1960541815523196E-4, 1.1657334636117316, -0.001196566675642419, 0.0, 2.6418048997916113E-5, -0.0011701486266445045, -9.01277025272452, 0.0, 0.29190666126764436, -8.720863591456878, 0.9915146208038189, 0.0, 0.07102997018305664, 1.0625445909868871, 7.004999999999999
5.06813627254509E-4, 0.17411249223380965, 1.2099284100583265E-4, 1.1694146716361769, -0.0012090626441912144, 0.0, 2.6828169871515534E-5, -0.0011822344743197008, -9.00046113375758, 0.0, 0.29933271606838574, -8.701128417689201, 0.9923833530739111, 0.0, 0.07759918498928467, 1.069982538063207, 7.005
5.12625250501002E-4, 0.17613137977723528, 1.2238026385643334E-4, 1.173193986008166, -0.001221541629598531, 0.0, 2.7248764114880406E-5, -0.0011942928654836524, -8.98828839107673, 0.0, 0.30700314699752607, -8.681285244079204, 0.9932363344422884, 0.0, 0.08434662333741648, 1.07758295777972, 7.004999999999999
5.18436873747495E-4, 0.17814989663330086, 1.2376768670703403E-4, 1.177071404141388, -0.0012340038198457434, 0.0, 2.7680166207055788E-5, -0.0012063236536386892, -8.976250254022876, 0.0, 0.31491137267994085, -8.661338881342935, 0.9940727977984652, 0.0, 0.09126522606837416, 1.085338023866851, 7.004999999999998
5.242484969939879E-4, 0.1801680131752924, 1.2515510955763472E-4, 1.1810468561800924, -0.0012464494004688041, 0.0, 2.812270154632366E-5, -0.0012183266989224827, -8.96434496811469, 0.0, 0.3230508843460699, -8.64129408376862, 0.9948920528461388, 0.0, 0.09834810037085409, 1.093240153217009, 7.004999999999999
5.300601202404809E-4, 0.1821857008661415, 1.2654253240823541E-4, 1.1851202061748878, -0.0012588785545806398, 0.0, 2.8576686550819558E-5, -0.0012303018680298226, -8.952570794976998, 0.0, 0.3314152456622638, -8.621155549314738, 0.9956934812539049, 0.0, 0.10558851367756572, 1.101281994931485, 7.004999999999999
5.35871743486974E-4, 0.18420293224335366, 1.279299552588361E-4, 1.1892912532584623, -0.0012712914628934472, 0.0, 2.9042428758914106E-5, -0.0012422490341345352, -8.940926012269207, 0.0, 0.3399980925611157, -8.600927919708093, 0.9964765321254064, 0.0, 0.11297988794943119, 1.1094564200748527, 7.004999999999998
5.416833667334669E-4, 0.18621968090400676, 1.293173781094368E-4, 1.1935597328211538, -0.0012836883037408901, 0.0, 2.952022692935929E-5, -0.001254168076811533, -8.929408913613686, 0.0, 0.3487931330718027, -8.580615780541889, 0.9972407177649323, 0.0, 0.12051579431863567, 1.1177565120835793, 7.004999999999998
5.474949899799599E-4, 0.1882359214898179, 1.3070480096003749E-4, 1.1979253176862847, -0.0012960692531001979, 0.0, 3.0010371141199038E-5, -0.0012660588819590009, -8.918017808524208, 0.0, 0.3577941471504203, -8.560223661373792, 0.9979856097164587, 0.0, 0.12818994806384967, 1.1261755577803205, 7.004999999999998
5.533066132264528E-4, 0.1902516296722796, 1.3209222381063818E-4, 1.2023876192851914, -0.0013084344846141624, 0.0, 3.0513142893444853E-5, -0.0012779213417207197, -8.906751022334326, 0.0, 0.3669949865103229, -8.539756035824004, 0.9987108350561484, 0.0, 0.13599620389320835, 1.134707038949373, 7.004999999999998
5.591182364729459E-4, 0.19226678213786488, 1.3347964666123887E-4, 1.2069461888318624, -0.0013207841696130387, 0.0, 3.102881520451545E-5, -0.0012897553544085252, -8.895606896125802, 0.0, 0.3763895744524606, -8.519217321673345, 0.9994160729197161, 0.0, 0.1439285515126546, 1.1433446244323822, 7.004999999999999
5.649298597194388E-4, 0.19428135657330184, 1.3486706951183956E-4, 1.2116005184971157, -0.0013331184771363438, 0.0, 3.155765271144154E-5, -0.0013015608244249042, -8.884583786657025, 0.0, 0.38597190569571344, -8.498611880961315, 1.0001010512478536, 0.0, 0.15198111145908777, 1.1520821627069526, 7.004999999999999
5.707414829659318E-4, 0.19629533165091678, 1.3625449236244025E-4, 1.2163500425822262, -0.0013454375739545578, 0.0, 3.209991176883506E-5, -0.0013133376621857246, -8.873680066291392, 0.0, 0.39573604620723435, -8.477944020084163, 1.000765543734156, 0.0, 0.1601481311794604, 1.160913674913625, 7.004999999999999
5.765531062124249E-4, 0.19830868701404708, 1.3764191521304094E-4, 1.2211941386919352, -0.0013577416245907244, 0.0, 3.265584054762254E-5, -0.0013250857840431038, -8.86289412292574, 0.0, 0.40567613303278477, -8.457217989892959, 1.0014093669612143, 0.0, 0.16842398133845451, 1.1698333482996799, 7.004999999999998
5.823647294589178E-4, 0.20032140326252243, 1.3902933806364163E-4, 1.226132128906763, -0.001370030791341952, 0.0, 3.322567913354408E-5, -0.00133680511220841, -8.852224359918743, 0.0, 0.4157863741270698, -8.436437985791677, 1.0020323777117757, 0.0, 0.17680315233876787, 1.1788355300505555, 7.004999999999998
5.881763527054108E-4, 0.20233346193821578, 1.4041676091424232E-4, 1.2311632809545348, -0.0013823052343008189, 0.0, 3.380965962541591E-5, -0.001348495574675405, -8.841669196019328, 0.0, 0.4260610481840787, -8.415608147835254, 1.0026344704428487, 0.0, 0.18528025103932255, 1.1879147214821812, 7.004999999999998
5.939879759519037E-4, 0.20434484551066287, 1.41804183764843E-4, 1.236286809381058, -0.0013945651113766724, 0.0, 3.440800623315809E-5, -0.0013601571051435168, -8.831227065295083, 0.0, 0.4364945044674244, -8.394732560827661, 1.0032155749115725, 0.0, 0.19384999765782535, 1.1970655725694126, 7.005
5.997995991983969E-4, 0.2063555373627514, 1.4319160661544373E-4, 1.2415018767198625, -0.0014068105783168372, 0.0, 3.5020935375587004E-5, -0.0013717896429412523, -8.820896417060654, 0.0, 0.44708116264067677, -8.373815254419982, 1.0037756539426157, 0.0, 0.2025072228451729, 1.2062828767877989, 7.004999999999999
6.056112224448897E-4, 0.2083655217764785, 1.445790294660444E-4, 1.2468075946609316, -0.0014190417887277142, 0.0, 3.564865577797159E-5, -0.0013833931329497444, -8.810675715806177, 0.0, 0.45781551259770126, -8.35286020320848, 1.0043147013275076, 0.0, 0.21124686492017639, 1.2155615662476895, 7.004999999999999
6.114228456913828E-4, 0.21037478391877862, 1.459664523166451E-4, 1.2522030252183356, -0.0014312588940957917, 0.0, 3.629136856935542E-5, -0.0013949675255264383, -8.80056344112567, 0.0, 0.4686921142929993, -8.331871326832678, 1.0048327398472081, 0.0, 0.2200639672539213, 1.2248967071011354, 7.004999999999998
6.172344689378758E-4, 0.21238330982741863, 1.4735387516724577E-4, 1.2576871818967061, -0.0014434620438085468, 0.0, 3.6949267379642076E-5, -0.0014065127764289066, -8.79055808764544, 0.0, 0.47970559757204123, -8.310852490073405, 1.0053298194097746, 0.0, 0.2289536757939076, 1.2342834952036899, 7.004999999999998
6.230460921843687E-4, 0.21439108639696383, 1.4874129801784646E-4, 1.263259030856457, -0.0014556513851752538, 0.0, 3.76225384364465E-5, -0.0014180288467388095, -8.780658164952508, 0.0, 0.490850662001611, -8.289807502950902, 1.0058060152955361, 0.0, 0.2379112367188464, 1.2437172520143929, 7.004999999999998
6.288577154308617E-4, 0.21639810136481197, 1.5012872086844715E-4, 1.268917492077683, -0.0014678270634476917, 0.0, 3.8311360661709685E-5, -0.0014295157027859843, -8.770862197522995, 0.0, 0.502122076700136, -8.268740120822864, 1.00626142650295, 0.0, 0.2469319942156481, 1.2531934207186068, 7.004999999999998
6.346693386773547E-4, 0.21840434329729655, 1.5151614371904787E-4, 1.2746614405226562, -0.00147998922184075, 0.0, 3.9015905768078466E-5, -0.0014409733160726734, -8.761168724650558, 0.0, 0.5135146801680311, -8.24765404448253, 1.0066961741885543, 0.0, 0.2560113883707916, 1.2627075625593547, 7.004999999999998
6.404809619238478E-4, 0.22040980157585957, 1.5290356656964856E-4, 1.2804897072968415, -0.0014921380015529395, 0.0, 3.973633835505076E-5, -0.0014524016631978908, -8.751576300374774, 0.0, 0.5250233801180301, -8.226552920256749, 1.0071104001951616, 0.0, 0.2651449531687764, 1.2722553533639458, 7.004999999999997
6.462925851703407E-4, 0.22241446638329282, 1.5429098942024925E-4, 1.286401080808356, -0.0015042735417867999, 0.0, 4.047281600488342E-5, -0.0014638007257819186, -8.74208349340957, 0.0, 0.536643153305529, -8.205440340104044, 1.007504265662626, 0.0, 0.2743283145909636, 1.2818325802536006, 7.004999999999997
6.521042084168337E-4, 0.22441832869004902, 1.5567841227084994E-4, 1.2923943079257798, -0.0015163959797692109, 0.0, 4.122548937826708E-5, -0.001475170490390946, -8.732688887071612, 0.0, 0.5483690453589242, -8.184319841712693, 1.0078779497161283, 0.0, 0.2835571888084938, 1.2914351385246328, 7.004999999999999
6.579158316633268E-4, 0.22642138024062097, 1.5706583512145063E-4, 1.2984680951342717, -0.0015285054507716024, 0.0, 4.1994502309763565E-5, -0.0014865109484618409, -8.723391079208731, 0.0, 0.5601961706099432, -8.163194908598793, 1.0082316482271272, 0.0, 0.29282738046349643, 1.3010590286906312, 7.004999999999998
6.637274549098196E-4, 0.22842361353999086, 1.584532579720513E-4, 1.3046211096898719, -0.0015406020881300632, 0.0, 4.2779991903009305E-5, -0.001497822096227056, -8.714188682128324, 0.0, 0.5721197119239867, -8.142068970204344, 1.0085655726425142, 0.0, 0.3021347810331682, 1.3107003536756912, 7.004999999999997
6.695390781563126E-4, 0.23042502184014815, 1.5984068082265199E-4, 1.3108519807719476, -0.001552686023265358, 0.0, 4.3582088625682473E-5, -0.0015091039346396776, -8.70508032252576, 0.0, 0.5841349205304696, -8.120945401995296, 1.008879948877922, 0.0, 0.31147536727169617, 1.320355316149626, 7.004999999999997
6.753507014028055E-4, 0.23242559912667632, 1.6122810367325268E-4, 1.3171593006336826, -0.0015647573857028349, 0.0, 4.4400916404235463E-5, -0.0015203564692986016, -8.696064641412798, 0.0, 0.5962371158531499, -8.099827525559652, 1.0091750162711743, 0.0, 0.3208451997253077, 1.3300202159964907, 7.004999999999998
6.811623246492986E-4, 0.23442534010540947, 1.6261552652385337E-4, 1.3235416257505361, -0.001576816303092242, 0.0, 4.5236592718391083E-5, -0.001531579710373853, -8.687140294045985, 0.0, 0.6084216853404784, -8.07871860870551, 1.0094510265924261, 0.0, 0.33024042131612635, 1.3396914479085613, 7.004999999999998
6.869739478957916E-4, 0.23642424018915711, 1.6400294937445408E-4, 1.329997477966609, -0.001588862901227439, 0.0, 4.608922869540435E-5, -0.001542773672532037, -8.678305949855078, 0.0, 0.6206840842959236, -8.057621865559158, 1.0097082431075273, 0.0, 0.3396572559907039, 1.3493654990982422, 7.004999999999998
6.927855711422846E-4, 0.23842229548449864, 1.6539037222505478E-4, 1.3365253456388149, -0.001600897304066013, 0.0, 4.6958929204087874E-5, -0.0015539383748619275, -8.669560292371438, 0.0, 0.6330198357083159, -8.036540456663127, 1.0099469396915832, 0.0, 0.34909200742948143, 1.3590389471210733, 7.004999999999998
6.985971943887776E-4, 0.24041950277864665, 1.6677779507565547E-4, 1.3431236847787889, -0.0016129196337487939, 0.0, 4.784579294860322E-5, -0.0015650738408001929, -8.66090201915646, 0.0, 0.6454245300821883, -8.015477489074273, 1.0101673999896834, 0.0, 0.3585410578135993, 1.3687084578032946, 7.004999999999997
7.044088176352706E-4, 0.2424158595263797, 1.6816521792625616E-4, 1.3497909201924694, -0.0016249300106192697, 0.0, 4.874991256201509E-5, -0.0015761800980572567, -8.652329841729951, 0.0, 0.6578938252681096, -7.9944360164618455, 1.0103699166221842, 0.0, 0.36800086664575704, 1.3783707832679493, 7.004999999999997
7.102204408817636E-4, 0.2444113638370436, 1.6955264077685685E-4, 1.3565254466172465, -0.0016369285532429035, 0.0, 4.9671374699611595E-5, -0.0015872571785432938, -8.643842485498569, 0.0, 0.6704234462930194, -7.973419039205555, 1.0105547904318963, 0.0, 0.3774679696220155, 1.3880227600539161, 7.004999999999997
7.160320641282564E-4, 0.24640601446162202, 1.709400636274575E-4, 1.3633256298566254, -0.001648915378426349, 0.0, 5.061026013198847E-5, -0.0015983051182943628, -8.63543868968422, 0.0, 0.6830091851905716, -7.952429504493654, 1.0107223297708439, 0.0, 0.3869389775516696, 1.397661307322519, 7.004999999999998
7.218436873747495E-4, 0.24839981077987655, 1.723274864780582E-4, 1.3701898079123094, -0.0016608906012365733, 0.0, 5.156664383789802E-5, -0.0016093239573986774, -8.62711720725246, 0.0, 0.6956469008314691, -7.931470306420997, 1.010872849824405, 0.0, 0.39641057532245744, 1.4072834251468709, 7.004999999999997
7.276553106212425E-4, 0.2503927527875553, 1.7371490932865892E-4, 1.3771162921136366, -0.0016728543350198685, 0.0, 5.25405950968629E-5, -0.0016203137399230082, -8.618876804840916, 0.0, 0.7083325187538032, -7.9105442860871165, 1.0110066719706303, 0.0, 0.4058795209085864, 1.4168861928792285, 7.004999999999997
7.334669338677355E-4, 0.252384841083671, 1.751023321792596E-4, 1.3841033682442825, -0.001684806691420778, 0.0, 5.353217758155383E-5, -0.0016312745138392264, -8.610716262687689, 0.0, 0.7210620309933875, -7.889654231694309, 1.0111241231729073, 0.0, 0.4153426444191944, 1.4264667675921086, 7.004999999999998
7.392785571142285E-4, 0.25437607685784763, 1.764897550298603E-4, 1.3911492976661524, -0.0016967477804009094, 0.0, 5.454144944993218E-5, -0.0016422063309509793, -8.602634374559765, 0.0, 0.733831495914101, -7.86880287864567, 1.0112255354040545, 0.0, 0.42479684718503286, 1.4360223825890934, 7.004999999999997
7.450901803607215E-4, 0.25636646187773743, 1.77877177880461E-4, 1.3982523184403957, -0.0017086777102576617, 0.0, 5.556846343715858E-5, -0.001653109246820505, -8.594629947681419, 0.0, 0.746637038038224, -7.847992909643201, 1.0113112451001887, 0.0, 0.4342391008812588, 1.4455503459814512, 7.004999999999997
7.509018036072145E-4, 0.2583559984765048, 1.7926460073106168E-4, 1.4054106464454443, -0.0017205965876428428, 0.0, 5.661326694726374E-5, -0.0016639833206955814, -8.58670180266263, 0.0, 0.7594748478767659, -7.827226954785869, 1.0113815926426988, 0.0, 0.44366644668440386, 1.4550480393271106, 7.004999999999996
7.567134268537074E-4, 0.2603446895403819, 1.8065202358166237E-4, 1.4126224764920214, -0.0017325045175811918, 0.0, 5.767590214458497E-5, -0.0016748286154366094, -8.578848773427493, 0.0, 0.7723411817598259, -7.80650759166767, 1.0114369218668438, 0.0, 0.45307599446169955, 1.464512916328553, 7.004999999999997
7.625250501002004E-4, 0.2623325384962912, 1.8203944643226303E-4, 1.4198859834350168, -0.001744401603488804, 0.0, 5.8756406044968534E-5, -0.001685645197443838, -8.571069707142609, 0.0, 0.7852323616669032, -7.78583734547571, 1.0114775795955793, 0.0, 0.4624649219909547, 1.4739425015865417, 7.004999999999997
7.683366733466933E-4, 0.2643195492995381, 1.8342686928286372E-4, 1.4271993232821758, -0.00175628794719145, 0.0, 5.985481060673374E-5, -0.0016964331365847184, -8.563363464145525, 0.0, 0.798144775057254, -7.765218689088272, 1.0115039151971785, 0.0, 0.47183047420947977, 1.4833343894066682, 7.004999999999997
7.741482965931863E-4, 0.26630572642157285, 1.8481429213346441E-4, 1.4345606342994985, -0.0017681636489428037, 0.0, 6.097114282140526E-5, -0.001707192506121401, -8.555728917873108, 0.0, 0.8110748747002244, -7.744654043172889, 1.0115162801655622, 0.0, 0.4811699624904334, 1.4926862426560041, 7.004999999999996
7.799599198396794E-4, 0.2682910748378206, 1.8620171498406513E-4, 1.4419680381132998, -0.001780028807442565, 0.0, 6.210542480420658E-5, -0.0017179233826383606, -8.548164954789986, 0.0, 0.8240191785055819, -7.724145776284411, 1.0115150277219749, 0.0, 0.49048076394521395, 1.5019957916671935, 7.004999999999997
7.857715430861724E-4, 0.27027560001558204, 1.8758913783466582E-4, 1.4494196408088167, -0.001791883519854485, 0.0, 6.32576738843201E-5, -0.001728625845970167, -8.540670474316943, 0.0, 0.8369742693538583, -7.703696204963089, 1.0115005124370184, 0.0, 0.49976032075053844, 1.5112608331875645, 7.004999999999997
7.915831663326653E-4, 0.2722593079020011, 1.889765606852665E-4, 1.456913534025327, -0.0018037278818242926, 0.0, 6.442790269491172E-5, -0.0017392999791293836, -8.533244388759316, 0.0, 0.8499367949266934, -7.683307593832626, 1.0114730898719875, 0.0, 0.5090061394989337, 1.5204792293709333, 7.004999999999997
7.973947895791583E-4, 0.2742422049121036, 1.903639835358672E-4, 1.4644477960476616, -0.0018155619874975224, 0.0, 6.561611926291983E-5, -0.0017499458682346048, -8.52588562323542, 0.0, 0.8629034675371583, -7.662982155698266, 1.0114331162384536, 0.0, 0.5182157905714321, 1.5296489068098926, 7.004999999999997
8.032064128256514E-4, 0.2762242979169046, 1.917514063864679E-4, 1.4720204928940577, -0.0018273859295372384, 0.0, 6.682232709860727E-5, -0.0017605636024386336, -8.518593115604961, 0.0, 0.8758710639601067, -7.642722051644859, 1.0113809480752234, 0.0, 0.5273869075313954, 1.5387678556066278, 7.004999999999998
8.090180360721442E-4, 0.27820559423158325, 1.9313882923706856E-4, 1.4796296794002624, -0.0018391997991416666, 0.0, 6.804652528488179E-5, -0.0017711532738567872, -8.511365816397428, 0.0, 0.8888364252624975, -7.622529391134936, 1.0113169419418482, 0.0, 0.5365171865383259, 1.5478341284801809, 7.004999999999996
8.148296593186372E-4, 0.2801861016037296, 1.9452625208766925E-4, 1.4872734002998165, -0.00185100368606172, 0.0, 6.928870856637633E-5, -0.0017817149774953462, -8.504202688740515, 0.0, 0.9017964566337544, -7.602406232106764, 1.0112414541277068, 0.0, 0.5456043857807713, 1.5568458399084881, 7.004999999999997
8.206412825651302E-4, 0.28216582820165736, 1.9591367493826997E-4, 1.494949691300437, -0.0018627976786184301, 0.0, 7.054886743829752E-5, -0.0017922488111801352, -8.497102708288521, 0.0, 0.9147481272160825, -7.582354581072443, 1.011154840376089, 0.0, 0.55464632492726, 1.5658011653033574, 7.004999999999998
8.264529058116233E-4, 0.28414478260278836, 1.9730109778887066E-4, 1.5026565801564196, -0.0018745818637202754, 0.0, 7.182698823503761E-5, -0.0018027548754852398, -8.490064863150769, 0.0, 0.9276884699348147, -7.562376393215958, 1.0110574556223424, 0.0, 0.5636408845944698, 1.5746983402168178, 7.004999999999997
8.322645290581162E-4, 0.2861229737821044, 1.9868852063947135E-4, 1.5103920877369779, -0.0018863563268804136, 0.0, 7.312305321855051E-5, -0.0018132332736618651, -8.483088153820006, 0.0, 0.9406145813287508, -7.542473572491261, 1.0109496537455656, 0.0, 0.5725860058317528, 1.5835356595773238, 7.004999999999996
8.380761523046092E-4, 0.28810041110066914, 2.0007594349007204E-4, 1.5181542290904562, -0.0018981211522338124, 0.0, 7.443704066649276E-5, -0.001823684111567322, -8.476171593100817, 0.0, 0.9535236213804943, -7.522647971720327, 1.010831787333066, 0.0, 0.5814796896212201, 1.5923114769542945, 7.004999999999996
8.438877755511023E-4, 0.29007710429421873, 2.0146336634067273E-4, 1.5259410145043237, -0.0019098764225542813, 0.0, 7.576892496013015E-5, -0.0018341074975941538, -8.469314206038039, 0.0, 0.9664128133467886, -7.502901392691254, 1.0107042074570352, 0.0, 0.5903199963926353, 1.601024203849679, 7.0049999999999955
8.496993987975952E-4, 0.2920530634618212, 2.0285078919127342E-4, 1.5337504505608766, -0.0019216222192714049, 0.0, 7.711867667200661E-5, -0.0018445035425994002, -8.462515029845148, 0.0, 0.9792794435888484, -7.483235586256302, 1.0105672634628462, 0.0, 0.5991050455524211, 1.6096723090152742, 7.004999999999996
8.555110220440882E-4, 0.2940282990546056, 2.042382120418741E-4, 1.5415805411885708, -0.001933358622487375, 0.0, 7.848626265338043E-5, -0.001854872359833997, -8.455773113832695, 0.0, 0.9921208614027147, -7.463652252429989, 1.010421302768378, 0.0, 0.6078330150261088, 1.6182543177944901, 7.004999999999996
8.61322645290581E-4, 0.29600282186455995, 2.0562563489247477E-4, 1.5494292887089063, -0.0019450857109937257, 0.0, 7.987164612142246E-5, -0.0018652140648723061, -8.44908751933671, 0.0, 1.0049344788495755, -7.444153040487136, 1.0102666706739134, 0.0, 0.6165021408135679, 1.6267688114874914, 7.004999999999996
8.671342685370741E-4, 0.2979766430133982, 2.0701305774307546E-4, 1.5572946948787834, -0.00195680356228797, 0.0, 8.127478674618149E-5, -0.0018755287755417914, -8.442457319647083, 0.0, 1.0177177705861122, -7.424739549060977, 1.0101037101820822, 0.0, 0.6251107165564488, 1.6352144267385385, 7.004999999999996
8.729458917835671E-4, 0.2999497739414959, 2.0840048059367618E-4, 1.5651747619282659, -0.0019685122525901324, 0.0, 8.269564073731257E-5, -0.0018858166118528217, -8.435881599936017, 0.0, 1.0304682736948316, -7.405413326241192, 1.0099327618273388, 0.0, 0.6336570931172475, 1.6435898549445902, 7.004999999999996
8.787575150300601E-4, 0.3019222263968961, 2.0978790344427687E-4, 1.5730674935936442, -0.0019802118568591825, 0.0, 8.41341609305697E-5, -0.0018960776959286157, -8.4293594571864, 0.0, 1.043183587514406, -7.386175869672, 1.0097541635146103, 0.0, 0.6421396781694753, 1.6518938416840938, 7.004999999999997
8.845691382765532E-4, 0.30389401242438296, 2.1117532629487756E-4, 1.5809708961457518, -0.001991902448809381, 0.0, 8.559029687406433E-5, -0.0019063121519353188, -8.422890000120244, 0.0, 1.0558613734700213, -7.367028626650225, 1.0095682503666545, 0.0, 0.6505569357984102, 1.6601251861650725, 7.004999999999997
8.903807615230461E-4, 0.30586514435462575, 2.1256274914547825E-4, 1.5888829794134345, -0.002003584100926506, 0.0, 8.706399491428793E-5, -0.0019165201060122204, -8.416472349127055, 0.0, 1.068499354903692, -7.347972994223364, 1.0093753545797224, 0.0, 0.6589073861119205, 1.6682827406916518, 7.004999999999997
8.961923847695391E-4, 0.30783563479339077, 2.1395017199607894E-4, 1.5968017578021159, -0.002015256884484001, 0.0, 8.855519828189913E-5, -0.0019267016862021039, -8.410105636192286, 0.0, 1.0810953169046198, -7.329010319287669, 1.0091758052871536, 0.0, 0.6671896048609666, 1.676365410148127, 7.004999999999996
9.02004008016032E-4, 0.3098054966108231, 2.1533759484667963E-4, 1.604725251307348, -0.002026920869559005, 0.0, 9.006384717727471E-5, -0.001936857022381733, -8.403789004825716, 0.0, 1.093647106139523, -7.310141898686197, 1.00896992843056, 0.0, 0.6754022230692903, 1.6843721514998609, 7.0049999999999955
9.07815631262525E-4, 0.31177474293079716, 2.167250176972803E-4, 1.6126514865233101, -0.002038576125048299, 0.0, 9.158987885582735E-5, -0.0019469862461924735, -8.397521609989877, 0.0, 1.1061526306829714, -7.291368979306909, 1.0087580466382502, 0.0, 0.6835439266718853, 1.6923019733101414, 7.0049999999999955
9.13627254509018E-4, 0.31374338712033684, 2.1811244054788101E-4, 1.6205784976461426, -0.002050222718684141, 0.0, 9.313322771308602E-5, -0.001957089490971058, -8.391302618028442, 0.0, 1.1186098598477243, -7.272692758180718, 1.0085404791105619, 0.0, 0.691613456161888, 1.7001539352724644, 7.004999999999996
9.19438877755511E-4, 0.3157114427791036, 2.194998633984817E-4, 1.628504327472061, -0.0020618607170500122, 0.0, 9.469382536954E-5, -0.0019671668916804745, -8.385131206594654, 0.0, 1.1310168240150829, -7.254114382579576, 1.0083175415118293, 0.0, 0.6996096062455115, 1.7079271477573448, 7.004999999999996
9.25250501002004E-4, 0.31767892372895495, 2.208872862490824E-4, 1.636427028390149, -0.0020734901855962514, 0.0, 9.627160075525171E-5, -0.0019772185848410014, -8.379006564579731, 0.0, 1.143371614465199, -7.235634950114534, 1.008089545868613, 0.0, 0.707531225504598, 1.715620771373217, 7.0049999999999955
9.31062124248497E-4, 0.3196458440035711, 2.2227470909968309E-4, 1.6443446633697911, -0.0020851111886556035, 0.0, 9.786648019423037E-5, -0.0019872447084613764, -8.372927892041261, 0.0, 1.1556723832074463, -7.21725550883382, 1.0078568004740598, 0.0, 0.7153772160665893, 1.7232340165406594, 7.004999999999996
9.3687374749499E-4, 0.3216122178381513, 2.2366213195028378E-4, 1.652255306942616, -0.0020967237894586603, 0.0, 9.947838748856964E-5, -0.0019972454019700934, -8.366894400131633, 0.0, 1.167917342810728, -7.198977057320908, 1.0076196097979746, 0.0, 0.72314653328146, 1.7307661430794452, 7.004999999999996
9.426853707414829E-4, 0.3235780596591791, 2.2504955480088447E-4, 1.660157046178909, -0.0021083280501492012, 0.0, 1.0110724400235499E-4, -0.0020072208061468486, -8.360905311026428, 0.0, 1.1801047662338353, -7.1808005447925956, 1.0073782744024424, 0.0, 0.7308381854053997, 1.73821645980785, 7.0049999999999955
9.48496993987976E-4, 0.3255433840742557, 2.2643697765148516E-4, 1.6680479816584208, -0.0021199240317994424, 0.0, 1.0275296874532983E-4, -0.0020171710630541148, -8.354959857852831, 0.0, 1.1922329866557726, -7.162726871197059, 1.0071330908627742, 0.0, 0.7384512332909159, 1.7455843241536984, 7.004999999999996
9.543086172344688E-4, 0.32750820586200496, 2.2782440050208582E-4, 1.6759262284354415, -0.002131511794425176, 0.0, 1.0441547845632867E-4, -0.0020270963159688504, -8.349057284618052, 0.0, 1.2043003973061084, -7.144756887311948, 1.0068843516934673, 0.0, 0.7459847900831118, 1.7528691417765894, 7.004999999999996
9.601202404809618E-4, 0.32947253996204434, 2.292118233526865E-4, 1.6837899169981452, -0.0021430913970008235, 0.0, 1.0609468768647682E-4, -0.0020369967093143487, -8.34319684613772, 0.0, 1.2163054512952907, -7.1268913948424295, 1.0066323452790966, 0.0, 0.7534380209218161, 1.7600703662009216, 7.004999999999996
9.659318637274549E-4, 0.33143640146502706, 2.3059924620328723E-4, 1.6916371942220367, -0.0021546628974743716, 0.0, 1.0779050888215138E-4, -0.002046872388592223, -8.337377807964303, 0.0, 1.2282466614450165, -7.109131146519288, 1.006377355809759, 0.0, 0.7608101426494281, 1.7671874984591986, 7.0049999999999955
9.717434869739479E-4, 0.33339980560275284, 2.3198666905388792E-4, 1.6994662243175036, -0.0021662263527822286, 0.0, 1.0950285246770802E-4, -0.0020567235003145228, -8.33159944631551, 0.0, 1.2401226001185368, -7.091476846196976, 1.0061196632210734, 0.0, 0.7681004235241065, 1.774220086745186, 7.004999999999996
9.775551102204408E-4, 0.335362767738347, 2.333740919044886E-4, 1.7072751897713323, -0.0021777818188639655, 0.0, 1.1123162692797409E-4, -0.002066550191935994, -8.3258610480027, 0.0, 1.251931899051008, -7.073929148951694, 1.0058595431383728, 0.0, 0.7753081829381796, 1.781167726076561, 7.004999999999996
9.83366733466934E-4, 0.3373253033565104, 2.347615147550893E-4, 1.7150622922821526, -0.0021893293506769673, 0.0, 1.1297673889050238E-4, -0.002076352611786468, -8.3201619103593, 0.0, 1.2636732491798481, -7.056488661179453, 1.0055972668250241, 0.0, 0.7824327911415565, 1.788030057966591, 7.004999999999997
9.891783567134269E-4, 0.3392874280538359, 2.3614893760569E-4, 1.7228257536897063, -0.002200869002210983, 0.0, 1.1473809320759554E-4, -0.0020861309090033898, -8.314501341169198, 0.0, 1.2753454004750375, -7.039155940694163, 1.0053331011346955, 0.0, 0.7894736689698145, 1.7948067701045176, 7.004999999999997
9.949899799599198E-4, 0.3412491575291966, 2.3753636045629068E-4, 1.730563816897877, -0.00221240082650257, 0.0, 1.1651559303808723E-4, -0.002095885233464486, -8.308878658595171, 0.0, 1.2869471617694905, -7.021931496825683, 1.0050673084673156, 0.0, 0.7964302875769713, 1.8014975960442983, 7.004999999999996
0.0010008016032064127, 0.3432105075742011, 2.3892378330689137E-4, 1.738274746791395, -0.0022239248756494518, 0.0, 1.1830913992889715E-4, -0.0021056157357205573, -8.30329319110728, 0.0, 1.298477400589363, -7.004815790517917, 1.004800146728738, 0.0, 0.8033021681725376, 1.8081023149012865, 7.004999999999996
0.0010066132264529059, 0.3451714940637191, 2.4031120615749206E-4, 1.7459568311461464, -0.0022354412008247612, 0.0, 1.2011863389634085E-4, -0.002115322566928423, -8.29774427741128, 0.0, 1.3099350429844192, -6.987809234426861, 1.0045318692937828, 0.0, 0.8100888817628779, 1.814620751056669, 7.004999999999996
0.0010124248496993988, 0.34713213294647527, 2.4169862900809275E-4, 1.7536083815329995, -0.002246949852291197, 0.0, 1.2194397350721188E-4, -0.0021250058787839884, -8.292231266377037, 0.0, 1.321319073358348, -6.970912193018689, 1.0042627249726719, 0.0, 0.8167900488965303, 1.8210527738692157, 7.004999999999997
0.0010182364729458917, 0.3490924402357131, 2.4308605185869344E-4, 1.761227734215072, -0.0022584508794150754, 0.0, 1.237850559596253E-4, -0.0021346658234554523, -8.28675351696693, 0.0, 1.3326285342991158, -6.954124982667818, 1.003992957980627, 0.0, 0.823405339413455, 1.8273982973940874, 7.004999999999997
0.0010240480961923846, 0.351052431999927, 2.444734747092941E-4, 1.7688132510383776, -0.0022699443306802803, 0.0, 1.2564177716362497E-4, -0.0021443025535166573, -8.281310398164269, 0.0, 1.343862526409288, -6.9374478717549835, 1.0037228079105174, 0.0, 0.8299344721979799, 1.8336572801085025, 7.004999999999997
0.0010298597194388778, 0.3530121243536639, 2.458608975598948E-4, 1.7763633203157407, -0.002281430253702121, 0.0, 1.2751403182155875E-4, -0.002153916221880565, -8.275901288901684, 0.0, 1.3550202081363802, -6.920881080765308, 1.0034525097085056, 0.0, 0.8363772149353377, 1.8398297246438506, 7.004999999999996
0.0010356713426853707, 0.3549715334483936, 2.472483204104955E-4, 1.7838763577039387, -0.0022929086952410836, 0.0, 1.2940171350821406E-4, -0.0021635069817328716, -8.270525577989561, 0.0, 1.3661007956031854, -6.904424782386378, 1.0031822936524706, 0.0, 0.8427333838716351, 1.8459156775241117, 7.004999999999997
0.0010414829659318636, 0.35693067546344887, 2.486357432610962E-4, 1.7913508070739568, -0.0023043797012164855, 0.0, 1.3130471475072123E-4, -0.0021730749864657664, -8.265182664044428, 0.0, 1.377103562438128, -6.888079101606302, 1.0029123853331712, 0.0, 0.8490028435771391, 1.8519152289103162, 7.004999999999996
0.0010472945891783565, 0.3588895665970342, 2.5002316611169687E-4, 1.7987851413743228, -0.002315843316720033, 0.0, 1.3322292710822058E-4, -0.0021826203896118156, -8.259871955417376, 0.0, 1.3880278396055803, -6.871844115811796, 1.0026430056380302, 0.0, 0.8551855067127004, 1.8578285123507419, 7.004999999999997
0.0010531062124248495, 0.3608482230573035, 2.5141058896229753E-4, 1.8061778634873809, -0.002327299586029278, 0.0, 1.3515624125129354E-4, -0.002192143344777988, -8.254592870122467, 0.0, 1.3988730152362192, -6.85571985488625, 1.0023743707374182, 0.0, 0.8612813337992767, 1.863655704536705, 7.004999999999997
0.0010589178356713426, 0.36280666105350723, 2.5279801181289825E-4, 1.8135275070784929, -0.0023387485526209736, 0.0, 1.3710454704115823E-4, -0.0022016440055798174, -8.24934483576514, 0.0, 1.409638534457344, -6.839706301307796, 1.0021066920733634, 0.0, 0.8672903329903464, 1.8693970250637164, 7.004999999999995
0.0010647294589178357, 0.36476489678720825, 2.5418543466349897E-4, 1.8208326374380561, -0.0023501902591843296, 0.0, 1.3906773360863254E-4, -0.002211122525575699, -8.244127289470619, 0.0, 1.4203238992232308, -6.823803390247387, 1.0018401763505707, 0.0, 0.8732125598471724, 1.8750527361977523, 7.0049999999999955
0.0010705410821643284, 0.36672294644356673, 2.5557285751409963E-4, 1.8280918523162355, -0.002361624747634173, 0.0, 1.4104568943285587E-4, -0.00222057905820132, -8.238939677812331, 0.0, 1.4309286681454727, -6.808011009666857, 1.0015750255296914, 0.0, 0.8790481171167919, 1.8806231426464934, 7.004999999999996
0.0010763527054108216, 0.3686808261826957, 2.5696028036470035E-4, 1.835303782750387, -0.002373052059124011, 0.0, 1.43038302419782E-4, -0.002230013756704232, -8.233781456740294, 0.0, 1.4414524563232973, -6.792329000417003, 1.0013114368227451, 0.0, 0.8847971545125676, 1.886108591335321, 7.0049999999999955
0.0010821643286573145, 0.37063855213108265, 2.58347703215301E-4, 1.8424670938850625, -0.0023844722340589826, 0.0, 1.4504545998043222E-4, -0.002239426774078553, -8.228652091509561, 0.0, 1.4518949351739203, -6.776757156335646, 1.0010496026905917, 0.0, 0.890459868497308, 1.891509471187906, 7.004999999999996
0.0010879759519038077, 0.37259614037308314, 2.5973512606590173E-4, 1.849580485784493, -0.0023958853121087255, 0.0, 1.4706704910891555E-4, -0.002248818262999813, -8.223551056608596, 0.0, 1.462255832262884, -6.761295224345713, 1.0007897108424157, 0.0, 0.8960365020687822, 1.8968262129112081, 7.004999999999995
0.0010937875751503004, 0.37455360694248163, 2.611225489165024E-4, 1.85664269423755, -0.002407291332220133, 0.0, 1.491029564602112E-4, -0.0022581883757599244, -8.21847783568769, 0.0, 1.472534931134378, -6.745942904553309, 1.0005319442371328, 0.0, 0.9015273445475568, 1.9020592887847005, 7.004999999999996
0.0010995991983967935, 0.3765109678141227, 2.625099717671031E-4, 1.8636524915550015, -0.0024186903326300197, 0.0, 1.5115306842771787E-4, -0.002267537264202304, -8.21343192148738, 0.0, 1.4827320711416043, -6.730699850345777, 1.000276481086612, 0.0, 0.9069327313671147, 1.907209212453735, 7.004999999999996
0.0011054108216432864, 0.37846823889561015, 2.638973946177038E-4, 1.8706086873590846, -0.0024300823508776772, 0.0, 1.5321727122056655E-4, -0.002276865079657114, -8.208412815766861, 0.0, 1.4928471472770901, -6.715565668489772, 1.0000234948607123, 0.0, 0.9122530438660829, 1.9122765387268077, 7.004999999999995
0.0011112224448897796, 0.3804254360190763, 2.652848174683045E-4, 1.8775101293652554, -0.0024414674238173464, 0.0, 1.5529545094069772E-4, -0.0022861719728766517, -8.20342002923238, 0.0, 1.5028801100030378, -6.70053991922934, 0.9997731542940242, 0.0, 0.9174887090825838, 1.9172618633766205, 7.004999999999996
0.0011170340681362725, 0.3823825749330193, 2.6667224031890515E-4, 1.884355704156047, -0.002452845587630572, 0.0, 1.5738749365970447E-4, -0.002295458093970871, -8.198453081465647, 0.0, 1.5128309650816611, -6.685622116383986, 0.9995256233942553, 0.0, 0.922640199550575, 1.9221658229448402, 7.004999999999996
0.0011228456913827654, 0.38433967129421054, 2.6805966316950587E-4, 1.8911443379469839, -0.002464216877838474, 0.0, 1.5949328549543754E-4, -0.002304723592343039, -8.19351150085226, 0.0, 1.5226997734055185, -6.670811727446743, 0.9992810614522059, 0.0, 0.9277080330981269, 1.9269890945503403, 7.004999999999996
0.0011286573146292583, 0.3862967406596708, 2.6944708602010654E-4, 1.897874997344429, -0.0024755813293139074, 0.0, 1.6161271268837926E-4, -0.002313968616625531, -8.188594824510098, 0.0, 1.5324866508278572, -6.656108173682243, 0.9990396230532946, 0.0, 0.9326927726475621, 1.9317323957008634, 7.0049999999999955
0.0011344689378757513, 0.3882537984787149, 2.708345088707072E-4, 1.9045466900953525, -0.002486938976293532, 0.0, 1.6374566167777683E-4, -0.0023231933146157582, -8.183702598217735, 0.0, 1.5421917679929384, -6.641510830224793, 0.9988014580905525, 0.0, 0.937595026017392, 1.9363964841079593, 7.0049999999999955
0.0011402805611222444, 0.39021086008506617, 2.722219317213079E-4, 1.9111584658288756, -0.0024982898523897776, 0.0, 1.6589201917754633E-4, -0.0023323978332122335, -8.178834376342845, 0.0, 1.5518153501663998, -6.6270190261764474, 0.9985667117790564, 0.0, 0.9424154457259992, 1.9409821575050616, 7.004999999999997
0.001146092184368737, 0.39216794068904004, 2.736093545719086E-4, 1.917709416789521, -0.002509633990602706, 0.0, 1.680516722519332E-4, -0.002341582318350776, -8.173989721770623, 0.0, 1.5613576770655637, -6.61263204470506, 0.9983355246716991, 0.0, 0.9471547287969704, 1.9454902534686798, 7.0049999999999955
0.0011519038076152302, 0.39412505536979586, 2.749967774225093E-4, 1.9241986785621803, -0.0025209714233317905, 0.0, 1.702245083909467E-4, -0.0023507469149408465, -8.169168205832182, 0.0, 1.5708190826897968, -6.598349123142385, 0.9981080326763532, 0.0, 0.9518136165660568, 1.9499216492424225, 7.004999999999996
0.0011577154308617232, 0.39608221906765906, 2.7638420027310996E-4, 1.9306254307885742, -0.0025323021823875705, 0.0, 1.7241041558555144E-4, -0.002359891766802022, -8.164369408232966, 0.0, 1.5801999551508357, -6.584169453082131, 0.9978843670742599, 0.0, 0.9563928944896852, 1.9542772615639552, 7.004999999999996
0.0011635270541082163, 0.39803944657651136, 2.777716231237107E-4, 1.9369888978752479, -0.0025436262990032312, 0.0, 1.7460928240262865E-4, -0.002369017016600605, -8.15959291698116, 0.0, 1.589500736503128, -6.570092180478034, 0.9976646545396737, 0.0, 0.9608933919549659, 1.9585580464946464, 7.0049999999999955
0.0011693386773547094, 0.39999675253625033, 2.791590459743114E-4, 1.9432883496929678, -0.0025549438038460675, 0.0, 1.7682099805969663E-4, -0.002378122805786373, -8.154838328316096, 0.0, 1.5987219225741691, -6.556116405741926, 0.9974490171607076, 0.0, 0.965315982091166, 1.9627649992518803, 7.004999999999996
0.0011751503006012022, 0.40195415142531854, 2.8054646882491206E-4, 1.9495231022674604, -0.002566254727028854, 0.0, 1.7904545249940293E-4, -0.002387209274529454, -8.150105246636667, 0.0, 1.607864062794847, -6.542241183841818, 0.9972375724613092, 0.0, 0.9696615815825652, 1.9668991540438874, 7.004999999999997
0.0011809619238476953, 0.40391165755330133, 2.819338916755128E-4, 1.9556925184613907, -0.002577559098121124, 0.0, 1.8128253646377426E-4, -0.002396276561657353, -8.14539328442973, 0.0, 1.6169277600297722, -6.528465524399957, 0.9970304334243959, 0.0, 0.9739311504826718, 1.97096158390708, 7.004999999999996
0.0011867735470941882, 0.40586928505359327, 2.8332131452611344E-4, 1.9617960086475492, -0.002588856946160332, 0.0, 1.8353214156823522E-4, -0.0024053248045920986, -8.14070206219852, 0.0, 1.6259136704076087, -6.514788391790913, 0.9968277085159927, 0.0, 0.9781256920297261, 1.974953400545724, 7.004999999999997
0.0011925851703406814, 0.4078270478761352, 2.8470873737671416E-4, 1.967833031373106, -0.0026001482996629278, 0.0, 1.8579416037538995E-4, -0.0024143541392875408, -8.136031208391056, 0.0, 1.634822503151428, -6.5012087052396295, 0.9966295017104552, 0.0, 0.9822462524635006, 1.978875754173966, 7.004999999999997
0.001198396793587174, 0.40978495978021817, 2.860961602273148E-4, 1.9738030940149187, -0.0026114331866353355, 0.0, 1.8806848646856945E-4, -0.0024233647001667695, -8.131380359328556, 0.0, 1.6436550204090423, -6.487725338919514, 0.9964359125167125, 0.0, 0.9862939208432826, 1.9827298333600079, 7.004999999999996
0.0012042084168336672, 0.4117430343273587, 2.8748358307791554E-4, 1.9797057534257476, -0.002622711634584822, 0.0, 1.903550145251415E-4, -0.0024323566200596817, -8.12674915913383, 0.0, 1.652412037083328, -6.4743371220505015, 0.9962470360054193, 0.0, 0.9902698288670407, 1.986516864872465, 7.0049999999999955
0.0012100200400801601, 0.4137012848742414, 2.888710059285162E-4, 1.9855406165714065, -0.0026339836705302692, 0.0, 1.9265364038958838E-4, -0.002441330030140683, -8.122137259659715, 0.0, 1.6610944206625897, -6.461042838997124, 0.9960629628370804, 0.0, 0.9941751506917492, 1.9902381135288367, 7.004999999999996
0.0012158316633266533, 0.4156597245657316, 2.902584287791169E-4, 1.9913073411585998, -0.0026452493210128588, 0.0, 1.949642611463458E-4, -0.0024502850598665154, -8.11754432041745, 0.0, 1.669703091050864, -6.4478412293665865, 0.9958837792911053, 0.0, 0.9980111027547681, 1.9938948820458808, 7.004999999999996
0.0012216432865731464, 0.41761836632795707, 2.9164585162971764E-4, 1.9970056362535686, -0.0026565086121066368, 0.0, 1.9728677519240982E-4, -0.00245922183691423, -8.11297000850512, 0.0, 1.6782390203982835, -6.434730988106837, 0.9957095672956691, 0.0, 1.0017789435963305, 1.9974885108920097, 7.004999999999996
0.001227454909819639, 0.4195772228614581, 2.9303327448031825E-4, 2.0026352628913116, -0.002667761569428997, 0.0, 1.996210823097037E-4, -0.002468140487119296, -8.108413998536044, 0.0, 1.6867032329314127, -6.421710765604635, 0.9955404044584835, 0.0, 1.0054799736830458, 2.0010203781415337, 7.004999999999996
0.001233266533066132, 0.42153630663440794, 2.9442069733091896E-4, 2.0081960346753918, -0.002679008218151059, 0.0, 2.0196708373721608E-4, -0.002477041134413846, -8.103875972567183, 0.0, 1.6950968047835673, -6.408779167783618, 0.9953763640983458, 0.0, 1.0091155352323582, 2.004491899330712, 7.004999999999997
0.001239078156312625, 0.42349562987590067, 2.9580812018151963E-4, 2.0136878183681777, -0.002690248583007939, 0.0, 2.0432468224289575E-4, -0.0024859239007650456, -8.099355620027566, 0.0, 1.7034208638251729, -6.395934756202399, 0.9952175152774936, 0.0, 1.012687012038028, 2.0079045273155236, 7.004999999999998
0.001244889779559118, 0.4254552045693095, 2.9719554303212034E-4, 2.019110534471527, -0.0027014826883089344, 0.0, 2.0669378219531783E-4, -0.002494788906113619, -8.09485263764668, 0.0, 1.7116765894940866, -6.383176048152596, 0.9950639228347234, 0.0, 1.0161958292964859, 2.0112597521312137, 7.004999999999996
0.001250701402805611, 0.42741504244571377, 2.98582965882721E-4, 2.0244641577977878, -0.002712710557947601, 0.0, 2.0907428963511273E-4, -0.002503636268312491, -8.090366729382886, 0.0, 1.7198652126259497, -6.370501516756939, 0.9949156474192546, 0.0, 1.019643453434121, 2.014559100853384, 7.004999999999996
0.001256513026052104, 0.429375154977395, 2.999703887333217E-4, 2.0297487180309988, -0.0027239322154117337, 0.0, 2.1146611234615552E-4, -0.002512466103065581, -8.085897606351839, 0.0, 1.7279880152845182, -6.357909591067321, 0.9947727455252957, 0.0, 1.0230313919354315, 2.017804137460736, 7.004999999999997
0.0012623246492985969, 0.43133555337140184, 3.013578115839224E-4, 2.034964300278288, -0.0027351476837932467, 0.0, 2.1386915992652663E-4, -0.002521278523866722, -8.081444986754871, 0.0, 1.7360463305919873, -6.34539865616289, 0.9946352695273193, 0.0, 1.026361193171987, 2.0209964626993067, 7.004999999999996
0.00126813627254509, 0.4332962485631842, 3.027452344345231E-4, 2.040111045611378, -0.002746356985797953, 0.0, 2.162833438592314E-4, -0.002530073641938724, -8.077008595807433, 0.0, 1.7440415425593572, -6.332967053248079, 0.9945032677159783, 0.0, 1.0296344462322689, 2.0241377139482513, 7.004999999999996
0.0012739478957915832, 0.43525725121029685, 3.041326572851238E-4, 2.045189151598039, -0.0027575601437552478, 0.0, 2.1870857758268865E-4, -0.002538851566172561, -8.072588165667467, 0.0, 1.7519750859167322, -6.320613079750743, 0.9943767843347275, 0.0, 1.032852780752214, 2.0272295650869405, 7.004999999999996
0.0012797595190380759, 0.43721857168617134, 3.055200801357245E-4, 2.0501988728235196, -0.002768757179627689, 0.0, 2.2114477656097996E-4, -0.0025476124030667123, -8.068183435363858, 0.0, 1.759848445943703, -6.308334989420156, 0.9942558596169955, 0.0, 1.0360178667466224, 2.0302737263636277, 7.004999999999996
0.001285571142284569, 0.43918022007395857, 3.069075029863252E-4, 2.055140521401817, -0.0027799481150204896, 0.0, 2.2359185835386773E-4, -0.0025563562566666247, -8.063794150724801, 0.0, 1.7676631582996616, -6.29613099242514, 0.994140529824063, 0.0, 1.0391314144412191, 2.033271944265292, 7.004999999999996
0.001291382765531062, 0.4411422061604377, 3.0829492583692587E-4, 2.0600144674767216, -0.002791132971190885, 0.0, 2.260497426865731E-4, -0.002565083228504314, -8.05942006430624, 0.0, 1.7754208088541186, -6.28399925545212, 0.9940308272834206, 0.0, 1.042195174105452, 2.036226001388881, 7.004999999999997
0.001297194388777555, 0.44310453942999745, 3.096823486875266E-4, 2.0648211397125404, -0.002802311769057433, 0.0, 2.2851835151932196E-4, -0.002573793417538113, -8.055060935320256, 0.0, 1.7831230335170907, -6.271937901803165, 0.9939267804277943, 0.0, 1.0452109358860442, 2.0391377163138453, 7.004999999999996
0.001303006012024048, 0.44506722905868334, 3.1106977153812725E-4, 2.069561025774471, -0.002813484529209189, 0.0, 2.309976091166561E-4, -0.002582486920092535, -8.050716529563497, 0.0, 1.7907715180693917, -6.259945011494109, 0.9938284138346598, 0.0, 1.048180529641115, 2.042008943475777, 7.004999999999997
0.001308817635270541, 0.447030283908317, 3.1245719438872797E-4, 2.074234672798464, -0.0028246512719147967, 0.0, 2.334874421165041E-4, -0.002591163829798296, -8.046386619345565, 0.0, 1.7983679979929796, -6.2480186213525855, 0.9937357482663274, 0.0, 1.0511058247750305, 2.044841573041368, 7.004999999999996
0.001314629258517034, 0.44899371252068215, 3.138446172393287E-4, 2.078842687850624, -0.0028358120171314773, 0.0, 2.3598777959902341E-4, -0.0025998242375324574, -8.042070983417446, 0.0, 1.8059142583013312, -6.236156725116114, 0.9936488007105392, 0.0, 1.0539887300738835, 2.047637530784435, 7.004999999999997
0.001320440881763527, 0.45095752311178056, 3.1523204008992935E-4, 2.083385738375903, -0.0028469667845139076, 0.0, 2.3849855315520168E-4, -0.0026084682313587087, -8.0377694068999, 0.0, 1.8134121333697306, -6.224357273530174, 0.9935675844215558, 0.0, 1.056831193541524, 2.050398777963084, 7.004999999999996
0.00132625250501002, 0.4529217235661578, 3.1661946294053E-4, 2.087864552636172, -0.002858115593423018, 0.0, 2.4101969695522745E-4, -0.002617095896467793, -8.033481681211883, 0.0, 1.8208635067656138, -6.212618174446265, 0.9934921089617538, 0.0, 1.0596352022362185, 2.053127311197984, 7.0049999999999955
0.0013320641282565126, 0.4548863214312972, 3.180068857911307E-4, 2.0922799201374933, -0.0028692584629346723, 0.0, 2.435511478166174E-4, -0.002625707315118057, -8.029207603998954, 0.0, 1.8282703110789698, -6.200937292919989, 0.9934223802436608, 0.0, 1.062402782107966, 2.0558251623516295, 7.004999999999997
0.0013378757515030057, 0.45685132391208283, 3.193943086417314E-4, 2.09663269204651, -0.0028803954118482656, 0.0, 2.460928452721205E-4, -0.0026343025665761482, -8.024946979061674, 0.0, 1.8356345277525732, -6.189312451309108, 0.9933584005725041, 0.0, 1.0651359978361685, 2.0584943984086768, 7.004999999999996
0.0013436873747494987, 0.4588167378653325, 3.2078173149233206E-4, 2.10092378159597, -0.0028915264586952052, 0.0, 2.4864473163737353E-4, -0.0026428817270578346, -8.020699616284034, 0.0, 1.8429581869124116, -6.177741429371623, 0.9933001686891432, 0.0, 1.0678369526680698, 2.061137121357223, 7.004999999999996
0.0013494989979959918, 0.4607825697943981, 3.221691543429328E-4, 2.105154164479183, -0.002902651621747312, 0.0, 2.5120675207833317E-4, -0.002651444869668982, -8.01646533156184, 0.0, 1.85024336719797, -6.166221964363868, 0.9932476798135007, 0.0, 1.0705077882575469, 2.0637554680710593, 7.004999999999997
0.001355310621242485, 0.4627488258438375, 3.235565771935335E-4, 2.1093248792334505, -0.0029137709190250978, 0.0, 2.5377885467846176E-4, -0.0026599920643466395, -8.01224394673114, 0.0, 1.8574921955926125, -6.154751751138532, 0.9932009256883194, 0.0, 1.0731506845045367, 2.0663516101928634, 7.004999999999996
0.0013611222444889777, 0.4647155117941528, 3.2494400004413415E-4, 2.113437027612251, -0.0029248843683059716, 0.0, 2.5636099050568774E-4, -0.002668523377800286, -8.008035289496638, 0.0, 1.864706847253856, -6.143328442242786, 0.9931598946234297, 0.0, 1.075767859394814, 2.068927754018247, 7.004999999999996
0.0013669338677354708, 0.46668263305660157, 3.2633142289473487E-4, 2.11749177494629, -0.0029359919871323236, 0.0, 2.589531136791228E-4, -0.002677038873453203, -8.003839193360072, 0.0, 1.8718895453437892, -6.131949648016291, 0.9931245715403423, 0.0, 1.0783615688404242, 2.071486140380767, 7.004999999999997
0.0013727454909819637, 0.4686501946680711, 3.2771884574533554E-4, 2.12149035049312, -0.0029470937928195184, 0.0, 2.615551814355465E-4, -0.0026855386113839746, -7.999655497548664, 0.0, 1.8790425608593284, -6.120612936689335, 0.9930949380172293, 0.0, 1.080934106520403, 2.0740290445376415, 7.004999999999998
0.0013785571142284569, 0.4706182012860282, 3.2910626859593625E-4, 2.12543404777546, -0.0029581898024637955, 0.0, 2.6416715419565927E-4, -0.0026940226482681387, -7.995484046943496, 0.0, 1.8861682124626309, -6.109315834480867, 0.9930709723343185, 0.0, 1.0834878037220934, 2.0765587760564164, 7.004999999999998
0.0013843687374749498, 0.472586657183534, 3.304936914465369E-4, 2.129324224907958, -0.002969280032950055, 0.0, 2.6678899563009324E-4, -0.0027024910373199644, -7.991324692007935, 0.0, 1.8932688663113666, -6.09805582569657, 0.9930526495195865, 0.0, 1.0860250291827813, 2.0790776787023737, 7.004999999999997
0.0013901803607214427, 0.4745555662443294, 3.3188111429713763E-4, 2.13316230491246, -0.0029803645009595617, 0.0, 2.6942067272519085E-4, -0.0027109438282343734, -7.987177288716038, 0.0, 1.9003469358891043, -6.086830352826939, 0.9930399413948658, 0.0, 1.0885481889318582, 2.0815881303267254, 7.004999999999996
0.0013959919839679356, 0.47652493195798873, 3.332685371477383E-4, 2.1369497760216323, -0.0029914432229775343, 0.0, 2.7206215584854983E-4, -0.0027193810671289876, -7.983041698480964, 0.0, 1.9074048818356175, -6.075636816645351, 0.9930328166222246, 0.0, 1.0910597261333128, 2.0840925427555423, 7.004999999999996
0.0014018036072144288, 0.4784947574151439, 3.34655959998339E-4, 2.1406881919708174, -0.003002516215300647, 0.0, 2.7471341881433185E-4, -0.002727802796486317, -7.978917788083377, 0.0, 1.9144452117772424, -6.064472576306136, 0.9930312407507392, 0.0, 1.0935621209286728, 2.086593361679417, 7.004999999999997
0.001407615230460922, 0.4804650453027761, 3.3604338284893973E-4, 2.144379172278209, -0.0030135834940444193, 0.0, 2.773744389483314E-4, -0.0027362090550960907, -7.974805429599868, 0.0, 1.9214704801572193, -6.053334949442656, 0.9930351762635233, 0.0, 1.096057890280339, 2.089093066543863, 7.004999999999998
0.0014134268537074146, 0.48243579789957686, 3.374308056995404E-4, 2.148024402513076, -0.0030246450751505267, 0.0, 2.800451971528174E-4, -0.002744599877997712, -7.970704500331335, 0.0, 1.9284832880659795, -6.042221212265356, 0.993044582625161, 0.0, 1.0985495878152116, 2.0915941704403798, 7.004999999999998
0.0014192384769539078, 0.4844070170713806, 3.388182285501411E-4, 2.151625634552042, -0.003035700974393988, 0.0, 2.827256779711313E-4, -0.0027529752964228597, -7.966614882731431, 0.0, 1.9354862830715764, -6.03112859965986, 0.9930594163293098, 0.0, 1.101039803668857, 2.094099219998171, 7.004999999999998
0.0014250501002004005, 0.4863787042666614, 3.402056514007417E-4, 2.155184686823416, -0.0030467512073902676, 0.0, 2.854158696520549E-4, -0.0027613353377382156, -7.962536464334949, 0.0, 1.9424821590499224, -6.020054305285031, 0.99307963094672, 0.0, 1.1035311643298134, 2.096610795276538, 7.004999999999997
0.0014308617234468936, 0.48835086051210436, 3.4159307425134244E-4, 2.1587034445393423, -0.0030577957896022793, 0.0, 2.881157642139418E-4, -0.0027696800253883404, -7.958469137686232, 0.0, 1.9494736560152097, -6.0089954816710245, 0.993105177173467, 0.0, 1.1060263324844415, 2.099131509657915, 7.004999999999997
0.0014366733466933865, 0.49032348640824114, 3.429804971019431E-4, 2.162183859915809, -0.003068834736347281, 0.0, 2.908253575086122E-4, -0.0027780093788386715, -7.954412800267577, 0.0, 1.956463559950185, -5.997949240317403, 0.9931360028795007, 0.0, 1.108528006861955, 2.1016640097414525, 7.004999999999997
0.0014424849699398795, 0.49229658212515914, 3.443679199525438E-4, 2.1656279523804094, -0.0030798680628036836, 0.0, 2.935446492850134E-4, -0.0027863234135186727, -7.950367354427675, 0.0, 1.9634547026365188, -5.986912651791161, 0.9931720531574153, 0.0, 1.111038922079881, 2.104210975237299, 7.004999999999998
0.0014482965931863724, 0.49427014739827535, 3.457553428031445E-4, 2.16903780876772, -0.0030908957840177454, 0.0, 2.9627364325264494E-4, -0.002794622140765103, -7.946332707309977, 0.0, 1.9704499614851485, -5.975882745824835, 0.9932132703715425, 0.0, 1.113561848489804, 2.1067751188613477, 7.004999999999997
0.0014541082164328655, 0.4962441815241832, 3.471427656537452E-4, 2.172415583502355, -0.003101917914910179, 0.0, 2.990123471447464E-4, -0.0028029055677654354, -7.942308770781133, 0.0, 1.977452259366607, -5.96485651141453, 0.993259594207242, 0.0, 1.1160995920234142, 2.1093591862306598, 7.004999999999998
0.0014599198396793587, 0.4982186833565654, 3.485301885043459E-4, 2.1757634987694168, -0.0031129344702826548, 0.0, 3.017607727812534E-4, -0.002811173697501404, -7.938295461359392, 0.0, 1.984464564441349, -5.953830896918053, 0.9933109617204794, 0.0, 1.1186549940388395, 2.1119659557593162, 7.004999999999997
0.0014657314629258514, 0.500193651302178, 3.499176113549466E-4, 2.179083844672496, -0.0031239454648242025, 0.0, 3.0451893613151485E-4, -0.0028194265286926906, -7.934292700142998, 0.0, 1.9914898899900872, -5.942802810152921, 0.9933673073876319, 0.0, 1.1212309311672932, 2.1145982385549233, 7.004999999999998
0.0014715430861723445, 0.502169083316903, 3.513050342055473E-4, 2.1823789793788757, -0.00313495091311752, 0.0, 3.0728685737677676E-4, -0.0028276640557407472, -7.930300412738634, 0.0, 1.9985312942441615, -5.931769118494471, 0.9934285631554924, 0.0, 1.1238303151600297, 2.1172588783155346, 7.004999999999998
0.0014773547094188374, 0.5041449769018684, 3.5269245705614796E-4, 2.185651329252203, -0.0031459508296451744, 0.0, 3.100645609724278E-4, -0.0028358862686727495, -7.9263185291897935, 0.0, 2.0055918802158694, -5.9207266489739245, 0.9934946584915769, 0.0, 1.1264560927355434, 2.119950751227128, 7.004999999999997
0.0014831663326653306, 0.5061213290996408, 3.540798799067487E-4, 2.188903388972174, -0.003156945228795711, 0.0, 3.128520757100191E-4, -0.002844093153085695, -7.9223469839052, 0.0, 2.0126747955287505, -5.909672188376451, 0.9935655204345876, 0.0, 1.1291112454269698, 2.122676765861564, 7.004999999999997
0.0014889779559118235, 0.508098136490483, 3.5546730275734935E-4, 2.19213772164147, -0.0031679341248696574, 0.0, 3.156494347790292E-4, -0.002852284690090631, -7.918385715587233, 0.0, 2.019783232247996, -5.898602483339236, 0.993641073645098, 0.0, 1.1317987894299197, 2.1254398630750266, 7.004999999999998
0.0014947895791583164, 0.5100753951886838, 3.5685472560795006E-4, 2.195356958879631, -0.003178917532085434, 0.0, 3.1845667582841645E-4, -0.0028604608562570206, -7.914434667160321, 0.0, 2.026920426710754, -5.887514240449567, 0.9937212404564828, 0.0, 1.1345217754504051, 2.128243015906896, 7.004999999999999
0.0015006012024048096, 0.5120531008389562, 3.582421484585508E-4, 2.1985638009039743, -0.003189895464585164, 0.0, 3.212738410279229E-4, -0.0028686216235572436, -7.910493785699343, 0.0, 2.034089659356436, -5.876404126342911, 0.9938059409260414, 0.0, 1.1372832885530437, 2.131089229479087, 7.004999999999997
0.0015064128256513025, 0.5140312486129028, 3.5962957130915144E-4, 2.20176101659737, -0.0032008679364403723, 0.0, 3.2410097712913793E-4, -0.0028767669593112366, -7.906563022358063, 0.0, 2.04129425455712, -5.8652687678009405, 0.9938950928862541, 0.0, 1.140086448009621, 2.133981540895884, 7.004999999999997
0.0015122244488977956, 0.5160098332055537, 3.6101699415975216E-4, 2.2049514435628015, -0.0032118349616576045, 0.0, 3.2693813552634485E-4, -0.0028848968261312637, -7.902642332297519, 0.0, 2.04853758044785, -5.8541047518496665, 0.9939886119963336, 0.0, 1.1429344071477234, 2.136923019144071, 7.004999999999997
0.001518036072144288, 0.51798884883197, 3.6240441701035277E-4, 2.2081379881646592, -0.003222796554183935, 0.0, 3.297853723171082E-4, -0.0028930111818668306, -7.898731674614437, 0.0, 2.055823048756975, -5.842908625857468, 0.9940864117939014, 0.0, 1.1458303531997152, 2.1399167649936217, 7.004999999999997
0.0015238476953907812, 0.519968289223919, 3.637918398609535E-4, 2.2113236255567124, -0.0032337527279123796, 0.0, 3.3264274836265425E-4, -0.002901109979549728, -7.894831012269633, 0.0, 2.0631541146364665, -5.831676897633171, 0.9941884037468629, 0.0, 1.1487775071518265, 2.142965910898692, 7.004999999999997
0.0015296593186372742, 0.5219481476266166, 3.6517926271155415E-4, 2.2145113996966552, -0.0032447034966871964, 0.0, 3.355103293479861E-4, -0.0029091931673392146, -7.89094031201645, 0.0, 2.070534276492315, -5.820406035524145, 0.9942944973054186, 0.0, 1.1517791235936217, 2.146073620899041, 7.004999999999997
0.0015354709418837673, 0.5239284167955404, 3.6656668556215487E-4, 2.217704423347087, -0.0032556488743091154, 0.0, 3.3838818584178284E-4, -0.0029172606884673366, -7.887059544329121, 0.0, 2.0779670758148137, -5.809092468514313, 0.9944045999543576, 0.0, 1.1548384905675166, 2.149243090521881, 7.004999999999998
0.0015412825651302605, 0.5259090889933107, 3.679541084127556E-4, 2.2209058780629727, -0.0032665888745404327, 0.0, 3.412763933560599E-4, -0.0029253124811843764, -7.883188683331223, 0.0, 2.085456097008927, -5.797732586322301, 0.9945186172653732, 0.0, 1.1579589294185864, 2.152477546683966, 7.004999999999996
0.0015470941883767532, 0.5278901559866414, 3.6934153126335625E-4, 2.224119014165416, -0.003277523511110038, 0.0, 3.441750324055894E-4, -0.002933348478704453, -7.879327706724053, 0.0, 2.093004967224601, -5.786322739499461, 0.9946364529496772, 0.0, 1.1611437946445318, 2.1557802475942114, 7.004999999999997
0.0015529058116232463, 0.5298716090433586, 3.7072895411395697E-4, 2.2273471507016787, -0.0032884527977183257, 0.0, 3.4708418856708875E-4, -0.002941368609151239, -7.875476595715059, 0.0, 2.1006173561871124, -5.774859239527954, 0.9947580089106711, 0.0, 1.1643964737458672, 2.1591544826565374, 7.004999999999996
0.0015587174348697392, 0.5318534389294916, 3.7211637696455763E-4, 2.2305936753914297, -0.003299376748042, 0.0, 3.5000395253817387E-4, -0.00294937279550383, -7.871635334946238, 0.0, 2.108296976027445, -5.763338358918798, 0.9948831852968251, 0.0, 1.1677203870763222, 2.162603572373153, 7.004999999999997
0.0015645290581162324, 0.5338356359064275, 3.7350379981515835E-4, 2.2338620445590296, -0.0033102953757388107, 0.0, 3.529344201960761E-4, -0.002957360955542737, -7.867803912422545, 0.0, 2.116047581112536, -5.751756331310016, 0.9950118805547369, 0.0, 1.1711189876933037, 2.1661308682480382, 7.004999999999997
0.0015703406813627253, 0.5358181897281408, 3.74891222665759E-4, 2.2371557830519064, -0.0033212086944521425, 0.0, 3.558756926561206E-4, -0.002965333001796026, -7.863982319440303, 0.0, 2.1238729678757124, -5.740109351564592, 0.9951439914822264, 0.0, 1.1745957612087323, 2.169739752690967, 7.004999999999998
0.0015761523046092182, 0.5378010896384884, 3.7627864551635973E-4, 2.2404784841447993, -0.003332116717815559, 0.0, 3.588278763299714E-4, -0.002973288841485589, -7.860170550515625, 0.0, 2.1317769746469972, -5.728393575868633, 0.9952794132817132, 0.0, 1.1781542256399176, 2.173433638921627, 7.004999999999997
0.0015819639278557111, 0.5397843243685738, 3.776660683669604E-4, 2.2438338094299723, -0.003343019459457199, 0.0, 3.6179108298365736E-4, -0.002981228376473543, -7.856368603312789, 0.0, 2.139763481483373, -5.716605121829423, 0.9954180396136368, 0.0, 1.1817979312605187, 2.177215970874154, 7.004999999999997
0.0015877755511022043, 0.5417678821341833, 3.790534912175611E-4, 2.247225488693174, -0.0033539169330041047, 0.0, 3.6476542979532083E-4, -0.002989151503208787, -7.8525764785727, 0.0, 2.1478364099992673, -5.704740068573433, 0.995559762650031, 0.0, 1.1855304604520027, 2.1810902231020406, 7.004999999999998
0.0015935871743486974, 0.543751750633287, 3.8044091406816183E-4, 2.250657319775234, -0.0033648091520864444, 0.0, 3.677510394127822E-4, -0.0029970581126736646, -7.848794180041238, 0.0, 2.1559997231967247, -5.692794456844519, 0.9957044731282971, 0.0, 1.1893554275548162, 2.1850599006831137, 7.004999999999997
0.0015993987975951901, 0.5457359170436122, 3.818283369187625E-4, 2.2541331684194157, -0.0033756961303416195, 0.0, 3.7074804001083173E-4, -0.003004948090330792, -7.84502171439771, 0.0, 2.164257425295877, -5.680764289101839, 0.9958520604049975, 0.0, 1.1932764787201076, 2.1891285391251083, 7.004999999999996
0.0016052104208416833, 0.547720368020286, 3.832157597693632E-4, 2.2576569681042886, -0.0033865778814182986, 0.0, 3.7375656534830055E-4, -0.0030128213160700024, -7.841259091183252, 0.0, 2.17261356156521, -5.668645529618047, 0.9960024125098529, 0.0, 1.1972972917613678, 2.1932997042712272, 7.004999999999998
0.0016110220440881762, 0.5497050896935436, 3.846031826199639E-4, 2.261232719862031, -0.0033974544189803273, 0.0, 3.7677675482489513E-4, -0.003020677664155435, -7.837506322729227, 0.0, 2.1810722181519258, -5.656434104577308, 0.9961554161998494, 0.0, 1.20142157600631, 2.19757699220616, 7.004999999999998
0.001616833667334669, 0.5516900676665086, 3.8599060547056454E-4, 2.264864492082153, -0.003408325756710555, 0.0, 3.798087535377987E-4, -0.0030285170031727603, -7.833763424085633, 0.0, 2.189637521912266, -5.644125902173374, 0.9963109570134485, 0.0, 1.2056530721488568, 2.201964029162308, 7.004999999999997
0.001622645290581162, 0.5536752870130431, 3.873780283211652E-4, 2.26855642030063, -0.003419191908314558, 0.0, 3.8285271233802894E-4, -0.003036339195976533, -7.830030412949531, 0.0, 2.19831364024188, -5.631716772707662, 0.9964689193249188, 0.0, 1.2099955521013326, 2.2064644714262496, 7.004999999999998
0.001628456913827655, 0.5556607322756638, 3.887654511717659E-4, 2.2723127069741316, -0.00343005288752426, 0.0, 3.8590878788656764E-4, -0.0030441440996376934, -7.826307309593429, 0.0, 2.2071047809061035, -5.619202528687332, 0.9966291863988045, 0.0, 1.2144528188466872, 2.2110820052454874, 7.004999999999998
0.0016342685370741479, 0.5576463874635297, 3.901528740223666E-4, 2.2761376212395255, -0.0034409087081014537, 0.0, 3.8897714271025755E-4, -0.0030519315653912, -7.822594136793709, 0.0, 2.21601519187038, -5.606578944923338, 0.9967916404444559, 0.0, 1.2190287062909906, 2.215820346735447, 7.004999999999998
0.001640080160320641, 0.5596322360504975, 3.915402968729673E-4, 2.2800354986584304, -0.0034517593838412344, 0.0, 3.9205794525744764E-4, -0.00305970143858379, -7.818890919759034, 0.0, 2.2250491611305145, -5.593841758628526, 0.9969561626707342, 0.0, 1.2237270791159314, 2.220683241786668, 7.004999999999998
0.0016458917835671342, 0.5616182609732479, 3.92927719723568E-4, 2.2840107409468002, -0.003462604928575311, 0.0, 3.9515136995342775E-4, -0.003067453558621887, -7.815197686058742, 0.0, 2.2342110165430626, -5.580986669515689, 0.9971226333407589, 0.0, 1.2285518326315177, 2.2256744659722765, 7.004999999999997
0.001651703406813627, 0.5636044446294778, 3.943151425741687E-4, 2.288067815689408, -0.0034734453561752437, 0.0, 3.9825759725560425E-4, -0.003075187758919642, -7.811514465551272, 0.0, 2.2435051256556573, -5.568009339895623, 0.9972909318268055, 0.0, 1.2335068926289003, 2.2307978244557036, 7.004999999999997
0.00165751503006012, 0.5655907688761658, 3.957025654247694E-4, 2.292211256039211, -0.0034842806805555635, 0.0, 4.013768137084606E-4, -0.0030829038668471064, -7.80784129031258, 0.0, 2.252935895537344, -5.554905394775237, 0.9974609366652519, 0.0, 1.2385962152332752, 2.236057151898535, 7.004999999999999
0.001663326653306613, 0.5675772150279016, 3.9708998827537006E-4, 2.2964456604014853, -0.0034951109156768022, 0.0, 4.04509211998261E-4, -0.003090601703678545, -7.8041781945645115, 0.0, 2.2625077726089087, -5.541670421955607, 0.9976325256117083, 0.0, 1.2438237867569515, 2.241456312368666, 7.004999999999998
0.001669138276553106, 0.5695637638552914, 3.984774111259708E-4, 2.300775692102643, -0.003505936075548421, 0.0, 4.0765499100753983E-4, -0.0030982810845408843, -7.800525214603249, 0.0, 2.2722252424732328, -5.52829997213002, 0.9978055756961489, 0.0, 1.2491936235525112, 2.246999199248664, 7.004999999999998
0.001674949899799599, 0.5715503955834247, 3.9986483397657144E-4, 2.3052060790437405, -0.0035167561742316306, 0.0, 4.1081435586934063E-4, -0.0031059418183622947, -7.796882388727707, 0.0, 2.2820928297456278, -5.514789558982083, 0.9979799632781741, 0.0, 1.2547097718660976, 2.252689735144279, 7.004999999999997
0.001680761523046092, 0.5735370898904154, 4.0125225682717216E-4, 2.309741613338352, -0.003527571225842135, 0.0, 4.1398751802122796E-4, -0.003113583707820909, -7.793249757167924, 0.0, 2.2921150978841403, -5.501134659283785, 0.9981555641024176, 0.0, 1.2603763076907655, 2.2585318717931857, 7.004999999999997
0.001686573146292585, 0.5755238259060116, 4.026396796777729E-4, 2.314387150935147, -0.003538381244552744, 0.0, 4.171746952590596E-4, -0.003121206549293688, -7.789627362013511, 0.0, 2.302296649019951, -5.487330712993558, 0.9983322533539128, 0.0, 1.266197336620043, 2.2645295899739675, 7.004999999999998
0.001692384769539078, 0.5775105822102705, 4.0402710252837354E-4, 2.3191476112246763, -0.0035491862445959192, 0.0, 4.2037611179052603E-4, -0.003128810132805396, -7.786015247142019, 0.0, 2.3126421237876675, -5.473373123354356, 0.9985099057137125, 0.0, 1.2721769937014893, 2.2706868994152045, 7.004999999999999
0.0016981963927855711, 0.5794973368323092, 4.0541452537897426E-4, 2.324027976630506, -0.0035599862402661926, 0.0, 4.2359199828844764E-4, -0.003136394241977748, -7.7824134581473805, 0.0, 2.3231562011556672, -5.459257256991716, 0.9986883954144291, 0.0, 1.2783194432904146, 2.277007838704849, 7.004999999999997
0.001704008016032064, 0.5814840672491157, 4.068019482295749E-4, 2.3290332921846564, -0.0035707812459225058, 0.0, 4.2682259194385503E-4, -0.0031439586539786534, -7.778822042268289, 0.0, 2.3338435982564456, -5.444978444011856, 0.9988675962959974, 0.0, 1.284628878903672, 2.2834964751996636, 7.004999999999998
0.001709819639278557, 0.5834707503844399, 4.0818937108017564E-4, 2.334168665087068, -0.00358157127599044, 0.0, 4.3006813651880687E-4, -0.003151503139471637, -7.775241048316626, 0.0, 2.3447090702169273, -5.4305319780997054, 0.9990473818614238, 0.0, 1.291109523073565, 2.290156904934991, 7.004999999999999
0.0017156312625250497, 0.5854573626077417, 4.0957679393077625E-4, 2.3394392642492208, -0.0035923563449643515, 0.0, 4.333288823989949E-4, -0.0031590274625653615, -7.77167052660588, 0.0, 2.355757409988872, -5.415913116617026, 0.9992276253326439, 0.0, 1.2977656272018983, 2.296993252534537, 7.004999999999997
0.0017214428857715428, 0.5874438797332197, 4.1096421678137697E-4, 2.3448503198217803, -0.0036031364674093984, 0.0, 4.366050866461003E-4, -0.003166531380763301, -7.768110528879533, 0.0, 2.3669934481791235, -5.401117080700417, 0.9994081997064638, 0.0, 1.3046014714139942, 2.304009671120456, 7.004999999999998
0.001727254509018036, 0.5894302770188985, 4.123516396319777E-4, 2.350407122706054, -0.003613911657963481, 0.0, 4.3989701304992883E-4, -0.003174014644913555, -7.764561108239475, 0.0, 2.37842205288003, -5.3861390553594655, 0.9995889778105849, 0.0, 1.3116213644129362, 2.3112103422235073, 7.004999999999998
0.0017330661322645287, 0.5914165291657937, 4.1373906248257835E-4, 2.356115024049364, -0.003624681931339077, 0.0, 4.432049321802893E-4, -0.0031814769991587903, -7.761022319074423, 0.0, 2.3900481294996667, -5.3709741895747705, 0.9997698323596803, 0.0, 1.3188296433337596, 2.318599475693433, 7.004999999999997
0.0017388777555110218, 0.5934026103171417, 4.1512648533317906E-4, 2.3619794347241965, -0.0036354473023249736, 0.0, 4.4652912143865534E-4, -0.003188918180886323, -7.757494216988325, 0.0, 2.401876620592332, -5.355617596395997, 0.9999506360115413, 0.0, 1.3262306735979537, 2.3261813096095016, 7.004999999999997
0.0017446893787575147, 0.5953884940576979, 4.1651390818377973E-4, 2.3680058247909357, -0.0036462077857879072, 0.0, 4.498698651095817E-4, -0.00319633792067833, -7.753976858728763, 0.0, 2.4139125056887853, -5.340064353039989, 1.0001312614233238, 0.0, 1.333828848767816, 2.333960110191139, 7.004999999999998
0.0017505010020040079, 0.5973741534131068, 4.1790133103438045E-4, 2.3741997229443492, -0.0036569633966741007, 0.0, 4.5322745441189695E-4, -0.0032037359422622076, -7.750470302115371, 0.0, 2.426160801126534, -5.324309500988843, 1.0003115813078345, 0.0, 1.341628590400911, 2.341940171708749, 7.004999999999996
0.0017563126252505008, 0.5993595608493387, 4.192887538849811E-4, 2.3805667159434174, -0.003667714150010694, 0.0, 4.566021875496395E-4, -0.003211111962461058, -7.7469746059682345, 0.0, 2.438626559880312, -5.308348046087924, 1.000491468489887, 0.0, 1.349634347904853, 2.3501258163947467, 7.004999999999997
0.0017621242484969937, 0.6013446882721979, 4.206761767355818E-4, 2.3871124480248156, -0.0036784600609070925, 0.0, 4.599943697627836E-4, -0.003218465691144311, -7.743489830036312, 0.0, 2.451314871392321, -5.292174958643998, 1.000670795962738, 0.0, 1.3578505983918667, 2.358521394354603, 7.004999999999998
0.0017679358717434866, 0.6033295070268972, 4.220635995861825E-4, 2.3938426202996053, -0.0036892011445562017, 0.0, 4.6340431337770855E-4, -0.0032257968311784975, -7.740016034925835, 0.0, 2.4642308614025836, -5.275785173523265, 1.0008494369445762, 0.0, 1.366281846533595, 2.3671312834781677, 7.004999999999997
0.0017737474949899798, 0.6053139878977045, 4.234510224367832E-4, 2.400762990133283, -0.0036999374162355655, 0.0, 4.6683233785744095E-4, -0.0032331050783781278, -7.736553282028716, 0.0, 2.477379691779282, -5.259173590249442, 1.0010272649350755, 0.0, 1.374932624415939, 2.375959889351014, 7.004999999999997
0.001779559118236473, 0.6072981011076548, 4.248384452873839E-4, 2.4078793705090207, -0.003710668891308407, 0.0, 4.702787698516769E-4, -0.0032403901214567345, -7.733101633450965, 0.0, 2.4907665603491167, -5.242335073101862, 1.001204153772006, 0.0, 1.3838074913939642, 2.385011645165966, 7.004999999999997
0.0017853707414829658, 0.609281816318335, 4.262258681379846E-4, 2.4151976293741173, -0.003721395585224573, 0.0, 4.7374394324652765E-4, -0.0032476516419780474, -7.729661151941084, 0.0, 2.5043967007276082, -5.225264451213492, 1.0013799776879213, 0.0, 1.3929110339469153, 2.394291011634826, 7.004999999999997
0.0017911823647294588, 0.611265102629737, 4.276132909885853E-4, 2.422723688969385, -0.003732117513521372, 0.0, 4.772281992140876E-4, -0.003254889314307289, -7.726231900818498, 0.0, 2.5182753821494654, -5.207956518669035, 1.0015546113668705, 0.0, 1.4022478655332276, 2.4038024769001054, 7.004999999999996
0.0017969939879759517, 0.6132479285801766, 4.2900071383918597E-4, 2.430463525141632, -0.003742834691824318, 0.0, 4.807318862617042E-4, -0.003262102805562616, -7.722813943901951, 0.0, 2.532407909298939, -5.190406034603013, 1.001727930001192, 0.0, 1.4118226264457503, 2.413550556446946, 7.004999999999998
0.0018028056112224448, 0.6152302621462855, 4.303881366897867E-4, 2.4384231666389153, -0.0037535471358477734, 0.0, 4.842553602810688E-4, -0.003269291775566707, -7.7194073454379, 0.0, 2.5467996221400844, -5.172607723297813, 1.0018998093483826, 0.0, 1.4216399836668046, 2.423539793015195, 7.004999999999998
0.0018086172344689375, 0.6172120707430717, 4.317755595403873E-4, 2.44660869438881, -0.0037642548613954926, 0.0, 4.8779898459703336E-4, -0.0032764558767984634, -7.7160121700289634, 0.0, 2.5614558957472044, -5.154556274281767, 1.0020701257879494, 0.0, 1.4317046307235857, 2.433774756511536, 7.004999999999998
0.0018144288577154305, 0.6191933212240464, 4.33162982390988E-4, 2.4550262407592367, -0.0037749578843610703, 0.0, 4.913631300162084E-4, -0.003283594754344865, -7.712628482562282, 0.0, 2.576382140135052, -5.13624634242723, 1.0022387563784212, 0.0, 1.4420212875433434, 2.4442600439217714, 7.004999999999999
0.0018202404809619234, 0.6211739798814223, 4.345504052415887E-4, 2.463681988802028, -0.0037856562207282765, 0.0, 4.94948174875322E-4, -0.0032907080458529575, -7.70925634813798, 0.0, 2.591583800089358, -5.1176725480486445, 1.0024055789142738, 0.0, 1.4525947003089654, 2.4550002792232233, 7.004999999999998
0.0018260521042084165, 0.623154012446382, 4.359378280921894E-4, 2.4725821714791243, -0.003796349886571316, 0.0, 4.985545050893497E-4, -0.0032977953814819698, -7.7058958319975215, 0.0, 2.6070663549969355, -5.098829477000603, 1.0025704719830713, 0.0, 1.4634296413141796, 2.466000113297242, 7.004999999999997
0.0018318637274549097, 0.6251333840894103, 4.373252509427901E-4, 2.481733070871237, -0.003807038898054964, 0.0, 5.021825141993973E-4, -0.0033048563838555716, -7.702546999452149, 0.0, 2.6228353186762017, -5.079711680775965, 1.0027333150225157, 0.0, 1.4745309088192653, 2.477264223841775, 7.004999999999997
0.0018376753507014026, 0.6271120594207047, 4.387126737933908E-4, 2.4911410173689443, -0.003817723271434615, 0.0, 5.058326034203503E-4, -0.0033118906680142707, -7.6992099158113065, 0.0, 2.638896239207476, -5.060313676603855, 1.0028939883775874, 0.0, 1.48590332690659, 2.488797315284167, 7.004999999999997
0.0018434869739478955, 0.6290900024906434, 4.401000966439915E-4, 2.5008123888461258, -0.0038284030230562377, 0.0, 5.095051816883028E-4, -0.00331889784136794, -7.695884646311007, 0.0, 2.6552546987632417, -5.04062994754778, 1.0030523733578003, 0.0, 1.4975517453361378, 2.5006041186939356, 7.004999999999997
0.0018492985971943884, 0.6310671767903336, 4.4148751949459216E-4, 2.5107536098157928, -0.0038390781693562167, 0.0, 5.132006657077328E-4, -0.003325877503648486, -7.69257125604228, 0.0, 2.6719163134385755, -5.020654942603698, 1.0032083522943989, 0.0, 1.5094810394013007, 2.5126893916957105, 7.004999999999997
0.0018551102204408816, 0.6330435452522202, 4.428749423451929E-4, 2.520971150567897, -0.0038497487268610983, 0.0, 5.169194799984544E-4, -0.003332829246862647, -7.689269809879543, 0.0, 2.6888867330814215, -5.000383076798117, 1.0033618085976728, 0.0, 1.5216961097845438, 2.525057918382228, 7.004999999999998
0.0018609218436873745, 0.6350190702507698, 4.4426236519579354E-4, 2.5314715262894962, -0.003860414712187255, 0.0, 5.206620569423222E-4, -0.003339752655244934, -7.685980372409068, 0.0, 2.7061716411229972, -4.97980873128608, 1.0035126268142793, 0.0, 1.5342018824132804, 2.537714509227554, 7.004999999999998
0.0018667334669338674, 0.6369937136032197, 4.4564978804639426E-4, 2.542261296166772, -0.003871076142040418, 0.0, 5.244288368297178E-4, -0.003346647305210704, -7.682703007857323, 0.0, 2.7237767544080214, -4.958926253449315, 1.003660692684638, 0.0, 1.5470033083155879, 2.550664001000221, 7.004999999999996
0.0018725450901803606, 0.6389674365703978, 4.4703721089699497E-4, 2.5533470624691814, -0.00388173303321514, 0.0, 5.282202679057738E-4, -0.0033535127653093705, -7.679437780019431, 0.0, 2.741707823025169, -4.9377299569942705, 1.0038058932003304, 0.0, 1.5601053634762596, 2.5639112566765916, 7.004999999999998
0.0018783567134268535, 0.6409401998576111, 4.4842463374759564E-4, 2.5647354696153295, -0.003892385402594145, 0.0, 5.320368064164022E-4, -0.003360348596177747, -7.676184752187545, 0.0, 2.7599706301373295, -4.916214122050224, 1.0039481166616002, 0.0, 1.5735130486926194, 2.5774611653542205, 7.004999999999997
0.0018841683366733466, 0.6429119636156032, 4.4981205659819635E-4, 2.576433203220824, -0.0039030332671475803, 0.0, 5.35878916654053E-4, -0.003367154350493531, -7.672943987079283, 0.0, 2.7785709918119657, -4.8943729952673145, 1.004087252734821, 0.0, 1.5872313894305703, 2.5913186421654024, 7.004999999999998
0.0018899799599198395, 0.644882687441583, 4.51199479448797E-4, 2.588446989127637, -0.003913676643932162, 0.0, 5.397470710032383E-4, -0.0033739295729289286, -7.669715546766129, 0.0, 2.7975147568515437, -4.87220078991459, 1.0042231925100393, 0.0, 1.6012654356807519, 2.605488628190796, 7.004999999999997
0.0018957915831663325, 0.6468523303803179, 4.5258690229939773E-4, 2.600783592415377, -0.003924315550090249, 0.0, 5.436417499858558E-4, -0.003380673800104396, -7.66649949260183, 0.0, 2.816807806623657, -4.849691685978185, 1.0043558285585996, 0.0, 1.6156202618143662, 2.619976090372962, 7.004999999999998
0.0019016032064128254, 0.6488208509253006, 4.539743251499984E-4, 2.6134498163939437, -0.003934950002848769, 0.0, 5.47563442306234E-4, -0.0033873865605425417, -7.6632958851508315, 0.0, 2.8364560548915687, -4.826839830259277, 1.004485054990697, 0.0, 1.6303009664395673, 2.634786021430264, 7.004999999999998
0.0019074148296593183, 0.6507882070199826, 4.5536174800059906E-4, 2.6264525015777673, -0.003945580019518104, 0.0, 5.515126448959601E-4, -0.003394067374622147, -7.660104784116645, 0.0, 2.856465447644468, -4.803639336472186, 1.004610767513117, 0.0, 1.645312672257559, 2.649923439770674, 7.004999999999998
0.0019132264529058115, 0.6527543560590782, 4.567491708511998E-4, 2.6397985246413826, -0.00395620561749082, 0.0, 5.554898629584945E-4, -0.0034007157545323276, -7.65692624827031, 0.0, 2.8768419629278057, -4.780084285342516, 1.0047328634868422, 0.0, 1.6606605259187772, 2.665393389405614, 7.004999999999997
0.0019190380761523044, 0.6547192548899343, 4.5813659370180044E-4, 2.653494797356524, -0.003966826814240341, 0.0, 5.594956100135051E-4, -0.0034073312042268386, -7.653760335378751, 0.0, 2.8975916106736372, -4.75616872470512, 1.004851241984865, 0.0, 1.6763496978792207, 2.6812009398640857, 7.004999999999998
0.0019248496993987973, 0.6566828598139762, 4.5952401655240116E-4, 2.6675482655102876, -0.0039774436273195, 0.0, 5.635304079410017E-4, -0.003413913219378503, -7.650607102133213, 0.0, 2.918720432530942, -4.731886669602278, 1.0049658038499014, 0.0, 1.6923853822567194, 2.6973511861066237, 7.004999999999997
0.0019306613226452902, 0.6586451265882127, 4.609114394030018E-4, 2.6819659078045053, -0.003988056074358993, 0.0, 5.675947870252135E-4, -0.0034204612873337836, -7.647466604077688, 0.0, 2.940234501696025, -4.707232102381675, 1.0050764517521809, 0.0, 1.7087727966873707, 2.7138492484395487, 7.004999999999998
0.0019364729458917834, 0.6606060104268208, 4.6229886225360254E-4, 2.6967547347363716, -0.003998664173065747, 0.0, 5.716892859982549E-4, -0.0034269748870674964, -7.644338895537276, 0.0, 2.9621399227427863, -4.682198972794496, 1.005183090247336, 0.0, 1.7255171821818456, 2.7307002724291833, 7.004999999999997
0.0019422845691382763, 0.6625654660027902, 4.636862851042032E-4, 2.7119217874599437, -0.004009267941221172, 0.0, 5.758144520835358E-4, -0.00343345348913764, -7.641224029546643, 0.0, 2.98444283145307, -4.656781198093573, 1.005285625834208, 0.0, 1.7426238029818393, 2.747909428816057, 7.004999999999997
0.0019480961923847692, 0.664523447449644, 4.650737079548039E-4, 2.7274741366286737, -0.004019867396679319, 0.0, 5.799708410389372E-4, -0.0034398965556403874, -7.638122057778397, 0.0, 3.0071493946470436, -4.630972663131363, 1.005383967012776, 0.0, 1.760097946416607, 2.7654819134293867, 7.004999999999998
0.001953907815631262, 0.6664799083632236, 4.664611308054046E-4, 2.743418881218707, -0.004030462557364952, 0.0, 5.841590171997589E-4, -0.003446303540165198, -7.6350330304715115, 0.0, 3.030265810013469, -4.604767220458051, 1.00547802434209, 0.0, 1.7779449227594042, 2.783422947101496, 7.004999999999999
0.0019597194388777553, 0.6684348018035456, 4.678485536560053E-4, 2.7597631473331923, -0.004041053441271497, 0.0, 5.883795535214399E-4, -0.003452673887750062, -7.6319569963597385, 0.0, 3.0537983059401252, -4.578158690419613, 1.0055677104981975, 0.0, 1.7961700650840953, 2.801737775582304, 7.004999999999997
0.0019655310621242484, 0.670388080296727, 4.69235976506606E-4, 2.7765140869870573, -0.00405164006645891, 0.0, 5.926330316220135E-4, -0.0034590070348369, -7.628894002599998, 0.0, 3.0777531413440853, -4.551140861255919, 1.005652940332178, 0.0, 1.8147787291217303, 2.8204316694539084, 7.004999999999996
0.001971342685370741, 0.6723396958369774, 4.706233993572067E-4, 2.793678876872553, -0.004062222451051433, 0.0, 5.969200418243686E-4, -0.0034653024092270697, -7.6258440947008, 0.0, 3.1021366055020207, -4.523707489198791, 1.0057336309281288, 0.0, 1.8337762931170818, 2.83950992404521, 7.004999999999997
0.0019771543086172343, 0.6742895998886657, 4.720108222078074E-4, 2.81126471710537, -0.004072800613235273, 0.0, 6.012411831982316E-4, -0.003471559430037046, -7.6228073164506815, 0.0, 3.126955017880669, -4.495852298570016, 1.0058097016612086, 0.0, 1.8531681576854822, 2.8589778593466963, 7.004999999999997
0.0019829659318637274, 0.6762377433884482, 4.7339824505840806E-4, 2.8292788299511624, -0.004083374571256149, 0.0, 6.055970636019657E-4, -0.003477777507654189, -7.619783709846532, 0.0, 3.1522147279669976, -4.467568981879541, 1.005881074255783, 0.0, 1.8729597456692777, 2.8788408199250655, 7.004999999999996
0.00198877755511022, 0.6781840767474739, 4.747856679090088E-4, 2.847728458532579, -0.004093944343416764, 0.0, 6.099882997240604E-4, -0.003483956043692708, -7.616773315022111, 0.0, 3.177922115098691, -4.438851199923437, 1.0059476728434207, 0.0, 1.8931565019947956, 2.8991041748382074, 7.004999999999998
0.0019945891783567133, 0.6801285498536513, 4.7617309075960945E-4, 2.866620865516431, -0.004104509948074169, 0.0, 6.144155171244731E-4, -0.003490094430949701, -7.613776170176372, 0.0, 3.204083588294426, -4.409692581881959, 1.0060094240211028, 0.0, 1.9137638935289492, 2.9197733175500495, 7.004999999999997
0.0020004008016032064, 0.6820711120739926, 4.7756051361021016E-4, 2.88596333178144, -0.004115071403637032, 0.0, 6.188793502756584E-4, -0.0034961920533613778, -7.610792311501934, 0.0, 3.2307055860842135, -4.380086725417734, 1.0060662569093481, 0.0, 1.9347874089361043, 2.940853665845445, 7.0049999999999955
0.002006212424849699, 0.6840117122570163, 4.7894793646081077E-4, 2.905763155065701, -0.0041256287285628, 0.0, 6.233804426034189E-4, -0.003502248285959384, -7.607821773113414, 0.0, 3.2577945763396983, -4.350027196773716, 1.006118103210435, 0.0, 1.9562325585348133, 2.962350661745254, 7.004999999999997
0.0020120240480961922, 0.6859502987352297, 4.803353593114115E-4, 2.926027648594655, -0.004136181941354769, 0.0, 6.279194465274863E-4, -0.0035082624948272875, -7.604864586975919, 0.0, 3.285357056104579, -4.319507530871351, 1.0061648972665576, 0.0, 1.9781048741547738, 2.9842697714213298, 7.004999999999997
0.002017835671342685, 0.6878868193276741, 4.817227821620122E-4, 2.9467641396888578, -0.0041467310605590516, 0.0, 6.324970235018711E-4, -0.003514234037057187, -7.60192078283339, 0.0, 3.31339955142486, -4.288521231408547, 1.006206576118111, 0.0, 2.000409908993644, 3.006616485111752, 7.004999999999997
0.002023647294589178, 0.6898212213425418, 4.8311020501261287E-4, 2.967979968351699, -0.004157276104761447, 0.0, 6.371138440549905E-4, -0.0035201622607064632, -7.598990388137076, 0.0, 3.3419286171793106, -4.2570617709578, 1.0062430795618924, 0.0, 2.0231532374740593, 3.029396317035932, 7.004999999999997
0.0020294589178356712, 0.691753451579858, 4.844976278632136E-4, 2.9896824858370614, -0.004167817092584208, 0.0, 6.417705878295617E-4, -0.0035260465047546484, -7.596073427973871, 0.0, 3.37095083690959, -4.225122591064282, 1.0062743502094562, 0.0, 2.0463404551003523, 3.05261480530981, 7.004999999999996
0.002035270541082164, 0.6936834563342372, 4.8588505071381425E-4, 3.011879053196644, -0.004178354042682712, 0.0, 6.464679436222424E-4, -0.003531886099060474, -7.593169924994757, 0.0, 3.4004728226508165, -4.1926971023439465, 1.0063003335453802, 0.0, 2.0699771783157717, 3.0762775118611536, 7.004999999999998
0.002041082164328657, 0.6956111813977088, 4.8727247356441497E-4, 3.0345770398070684, -0.004188886973742029, 0.0, 6.51206609423037E-4, -0.0035376803643189982, -7.590279899343246, 0.0, 3.430501214761824, -4.159778684581445, 1.0063209779855626, 0.0, 2.094069044359424, 3.100390022344977, 7.004999999999997
0.00204689378757515, 0.6975365720626029, 4.886598964150157E-4, 3.0577838218765585, -0.004199415904473401, 0.0, 6.559872924545005E-4, -0.0035434286120189077, -7.587403368583721, 0.0, 3.4610426817553575, -4.126360686828378, 1.0063362349356642, 0.0, 2.118621711123107, 3.1249579460587706, 7.004999999999997
0.0020527054108216434, 0.699459573124519, 4.900473192656164E-4, 3.0815067809313117, -0.0042099408536106055, 0.0, 6.608107092106501E-4, -0.003549130144399961, -7.584540347629901, 0.0, 3.4921039201286828, -4.092436427501219, 1.006346058849397, 0.0, 2.1436408570086987, 3.1499869158581073, 7.004999999999997
0.0020585170340681365, 0.7013801288853507, 4.914347421162171E-4, 3.1057533022810055, -0.004220461839906229, 0.0, 6.656775854957069E-4, -0.0035547842544105283, -7.581690848673237, 0.0, 3.523691654193703, -4.05799919447952, 1.00635040728695, 0.0, 2.1691321807849557, 3.175482588071933, 7.004999999999997
0.002064328657314629, 0.7032981831563867, 4.928221649668177E-4, 3.1305307734641854, -0.00423097888212785, 0.0, 6.705886564625477E-4, -0.003560390225665306, -7.578854881111267, 0.0, 3.5558126359073423, -4.023042245203933, 1.006349240973472, 0.0, 2.195101401444706, 3.201450642418178, 7.004999999999997
0.002070140280561122, 0.7052136792614832, 4.942095878174184E-4, 3.1558465826722983, -0.004241491999054098, 0.0, 6.755446666509488E-4, -0.0035659473324031548, -7.576032451476136, 0.0, 3.5884736447019514, -3.9875588067741883, 1.0063425238573684, 0.0, 2.2215542580620404, 3.2278967819194158, 7.004999999999997
0.002075951903807615, 0.7071265600402967, 4.955970106680192E-4, 3.181708117153727, -0.004252001209470641, 0.0, 6.805463700255834E-4, -0.0035714548394450625, -7.5732235633628875, 0.0, 3.6216814873156142, -3.9515420760472852, 1.0063302231689055, 0.0, 2.2484965096494465, 3.254826732818349, 7.004999999999997
0.002081763527054108, 0.7090367678515912, 4.969844335186199E-4, 3.2081227615963215, -0.004262506532166056, 0.0, 6.855945300137999E-4, -0.0035769120021522625, -7.570428217357958, 0.0, 3.6554429976224423, -3.9149852197355197, 1.0063123094785995, 0.0, 2.2759339350149244, 3.282246244493532, 7.004999999999996
0.002087575150300601, 0.7109442445766192, 4.983718563692205E-4, 3.235097896489414, -0.004273007985927602, 0.0, 6.906899195431408E-4, -0.003582318066384466, -7.567646410967535, 0.0, 3.6897650364629375, -3.8778813745046166, 1.0062887567557586, 0.0, 2.3038723326192425, 3.310161089374992, 7.004999999999997
0.002093386773547094, 0.7128489316225596, 4.997592792198212E-4, 3.2626408964646547, -0.004283505589536904, 0.0, 6.958333210786468E-4, -0.0035876722684582618, -7.564878138545997, 0.0, 3.7246544914743938, -3.840223647071618, 1.0062595424269767, 0.0, 2.332317520433219, 3.3385770628601907, 7.004999999999997
0.002099198396793587, 0.7147507699260375, 5.011467020704219E-4, 3.2907591286157842, -0.004293999361765523, 0.0, 7.010255266599202E-4, -0.003592973835105608, -7.5621233912243, 0.0, 3.760118276921122, -3.802005114303188, 1.0062246474346928, 0.0, 2.361275335794851, 3.3674999832295445, 7.004999999999997
0.00210501002004008, 0.7166496999567049, 5.025341249210225E-4, 3.319459950797299, -0.004304489321370434, 0.0, 7.062673379379271E-4, -0.0035982219834325116, -7.559382156838406, 0.0, 3.7961633335249125, -3.76321882331351, 1.0061840562957163, 0.0, 2.390751635266764, 3.3969356915624735, 7.004999999999997
0.002110821643286573, 0.718545661720891, 5.039215477716233E-4, 3.3487507099017684, -0.0043149754870894196, 0.0, 7.115595662116288E-4, -0.0036034159208777946, -7.556654419857669, 0.0, 3.83279662829518, -3.7238577915624758, 1.0061377571598566, 0.0, 2.4207522944932314, 3.4268900516531087, 7.004999999999997
0.002116633266533066, 0.7204385947653291, 5.05308970622224E-4, 3.378638740116102, -0.004325457877636324, 0.0, 7.169030324642987E-4, -0.003608554845172033, -7.55394016131327, 0.0, 3.8700251543595896, -3.6839150069536717, 1.0060857418684412, 0.0, 2.451283208057858, 3.4573689499263223, 7.004999999999997
0.002122444889779559, 0.7223284381809403, 5.066963934728247E-4, 3.4091313611560654, -0.00433593651169626, 0.0, 7.222985673996579E-4, -0.0036136379442966095, -7.551239358726597, 0.0, 3.9078559307940757, -3.6433834279325263, 1.0060280060130082, 0.0, 2.482350289340568, 3.4883782953535847, 7.004999999999996
0.0021282565130260516, 0.7242151306066997, 5.080838163234253E-4, 3.440235876479493, -0.004346411407920668, 0.0, 7.277470114777574E-4, -0.0036186643964429195, -7.548551986037689, 0.0, 3.9462960024534466, -3.6022559835842425, 1.005964548993849, 0.0, 2.5139594703752364, 3.519924019369101, 7.004999999999996
0.0021340681362725447, 0.726098610233559, 5.09471239174026E-4, 3.4719595714781715, -0.004356882584922311, 0.0, 7.332492149506214E-4, -0.003623633369971694, -7.545878013533629, 0.0, 3.985352439801577, -3.5605255737320536, 1.0058953740786984, 0.0, 2.5461167017069353, 3.552012075785641, 7.004999999999997
0.002139879759519038, 0.7279788148084481, 5.108586620246267E-4, 3.5043097116476414, -0.0043673500612701486, 0.0, 7.388060378976738E-4, -0.003628544023372478, -7.543217407776921, 0.0, 4.02503233874175, -3.5181850690351695, 1.0058204884614195, 0.0, 2.5788279522493105, 3.5846484407107377, 7.004999999999997
0.002145691382765531, 0.7298556816383408, 5.122460848752275E-4, 3.5372935407355914, -0.004377813855484126, 0.0, 7.444183502609016E-4, -0.003633395505223228, -7.5405701315339595, 0.0, 4.065342820447046, -3.47522731108691, 1.0057399033206167, 0.0, 2.6120992091420874, 3.617839112462716, 7.004999999999997
0.002151503006012024, 0.7317291475943903, 5.136335077258282E-4, 3.5709182788686, -0.004388273986029851, 0.0, 7.500870318797978E-4, -0.003638186954150062, -7.537936143703392, 0.0, 4.106291031190704, -3.4316451125126974, 1.005653633878375, 0.0, 2.6459364776085303, 3.6515901114869123, 7.004999999999997
0.002157314629258517, 0.7335991491161333, 5.150209305764288E-4, 3.605191120656535, -0.004398730471313192, 0.0, 7.558129725260784E-4, -0.003642917498787121, -7.535315399244541, 0.0, 4.14788414217629, -3.3874312570682634, 1.0055616994589684, 0.0, 2.6803457808127096, 3.685907480271682, 7.004999999999997
0.00216312625250501, 0.7354656222157678, 5.164083534270295E-4, 3.640119233275575, -0.00440918332967474, 0.0, 7.615970719381442E-4, -0.0036475862577366, -7.5327078491058215, 0.0, 4.19012934936825, -3.3425784997375625, 1.0054641235475492, 0.0, 2.7153331597172223, 3.720797283264788, 7.004999999999997
0.0021689378757515027, 0.7373285024824916, 5.177957762776301E-4, 3.675709754528784, -0.004419632579384214, 0.0, 7.674402398553186E-4, -0.003652192339528898, -7.5301134401531495, 0.0, 4.233033873322209, -3.297079566830946, 1.0053609338489056, 0.0, 2.7509046729406395, 3.756265606789544, 7.004999999999997
0.0021747494989979954, 0.7391877250869174, 5.191831991282308E-4, 3.7119697908848384, -0.00443007823863474, 0.0, 7.733433960518627E-4, -0.0036567348425828802, -7.527532115098326, 0.0, 4.276604959015097, -3.250927156083222, 1.005252162346242, 0.0, 2.7870663966147804, 3.7923185589610338, 7.004999999999998
0.0021805611222444885, 0.7410432247855547, 5.205706219788315E-4, 3.7489064154943676, -0.004440520325537034, 0.0, 7.79307470370703E-4, -0.0036612128551663345, -7.5249638124274885, 0.0, 4.3208498756758225, -3.204113936751672, 1.0051378453598832, 0.0, 2.8238244242426593, 3.828962269602542, 7.004999999999996
0.0021863727454909817, 0.7428949359253547, 5.219580448294323E-4, 3.786526666184372, -0.004450958858113498, 0.0, 7.853334027570139E-4, -0.0036656254553564926, -7.522408466329465, 0.0, 4.365775916615269, -3.156632549714216, 1.0050180236061432, 0.0, 2.8611848665555875, 3.8662028901617256, 7.004999999999996
0.0021921843687374744, 0.7447427924483393, 5.233454676800329E-4, 3.8248375434299255, -0.004461393854292202, 0.0, 7.914221432914588E-4, -0.00366997171100075, -7.519866006624267, 0.0, 4.411390399056886, -3.108475607567371, 1.004892742256013, 0.0, 2.8991538513710946, 3.9040465936271307, 7.0049999999999955
0.0021979959919839675, 0.7465867278962812, 5.247328905306336E-4, 3.8638460083038453, -0.004471825331900774, 0.0, 7.975746522232873E-4, -0.003674250679677492, -7.517336358691392, 0.0, 4.457700663967007, -3.059635694724386, 1.0047620509940804, 0.0, 2.9377375234504224, 3.9424995744445113, 7.004999999999996
0.0022038076152304607, 0.7484266754154649, 5.261203133812343E-4, 3.903558980403453, -0.004482253308660193, 0.0, 8.037919000031547E-4, -0.0036784614086570414, -7.514819443398309, 0.0, 4.504714075884925, -3.0101053675133955, 1.00462600407729, 0.0, 2.976942044355863, 3.9815680484331484, 7.004999999999997
0.002209619238476954, 0.7502625677615148, 5.27507736231835E-4, 3.9439833357552025, -0.004492677802178467, 0.0, 8.10074867315685E-4, -0.003682602934862788, -7.512315177028851, 0.0, 4.552438022753587, -2.9598771542752838, 1.0044846603937696, 0.0, 3.0167735923087906, 4.02125825270255, 7.0049999999999955
0.0022154308617234465, 0.7520943373042885, 5.288951590824356E-4, 3.9851259046963143, -0.004503098829944245, 0.0, 8.164245451118448E-4, -0.0036866742848324047, -7.509823471211607, 0.0, 4.600879915749672, -2.908943555461924, 1.004338083521726, 0.0, 3.057238362046978, 4.061576445568725, 7.004999999999996
0.00222124248496994, 0.7539219160328434, 5.302825819330365E-4, 4.026993469734062, -0.004513516409320292, 0.0, 8.228419346410637E-4, -0.0036906744746792357, -7.507344232848341, 0.0, 4.650047189114111, -2.857297043734225, 1.0041863417882841, 0.0, 3.098342564682431, 4.102528906470735, 7.004999999999997
0.0022270541082164324, 0.755745235560471, 5.316700047836371E-4, 4.069592763381731, -0.004523930557536879, 0.0, 8.2932804748309E-4, -0.0036946025100537947, -7.504877364042431, 0.0, 4.699947299982267, -2.804930064060173, 1.0040295083283195, 0.0, 3.14009242755894, 4.14412193588726, 7.004999999999997
0.0022328657314629255, 0.7575642271297973, 5.330574276342378E-4, 4.112930465972234, -0.004534341291685099, 0.0, 8.358839055796839E-4, -0.003698457386105419, -7.502422762027208, 0.0, 4.750587728214345, -2.751835033812855, 1.003867661143442, 0.0, 3.1824941941097356, 4.186361855253193, 7.004999999999996
0.0022386773547094186, 0.7593788216179598, 5.344448504848385E-4, 4.157013203448624, -0.004544748628710027, 0.0, 8.425105412659787E-4, -0.0037022380874440542, -7.499980319094412, 0.0, 4.80197597622576, -2.698004342868652, 1.003700883160816, 0.0, 3.2255541237153125, 4.229255006876138, 7.004999999999995
0.0022444889779559118, 0.761188949541843, 5.358322733354392E-4, 4.201847545131258, -0.004555152585403844, 0.0, 8.492089973016876E-4, -0.003705943588102162, -7.497549922522629, 0.0, 4.8541195688174605, -2.643430353705184, 1.003529262292072, 0.0, 3.269278491561052, 4.27280775385312, 7.004999999999996
0.0022503006012024045, 0.7629945410633956, 5.372196961860398E-4, 4.247440001462124, -0.004565553178398811, 0.0, 8.559803269020335E-4, -0.0037095728514967828, -7.49513145450563, 0.0, 4.907026053006146, -2.5881054014994835, 1.0033528914922776, 0.0, 3.3136735884948556, 4.317026479987142, 7.004999999999996
0.002256112224448897, 0.7647955259950032, 5.386071190366404E-4, 4.293797021726178, -0.004575950424160179, 0.0, 8.628255937684589E-4, -0.0037131248303917275, -7.492724792080847, 0.0, 4.960702997854851, -2.5320217942259955, 1.0031718688188123, 0.0, 3.3587457208851, 4.361917589703927, 7.004999999999996
0.0022619238476953908, 0.7665918338049417, 5.399945418872413E-4, 4.340924991749031, -0.004586344338978981, 0.0, 8.697458721190897E-4, -0.003716598466859898, -7.490329807057714, 0.0, 5.015157994303025, -2.4751718127546836, 1.0029862974903876, 0.0, 3.4045012104781525, 4.407487507968558, 7.004999999999996
0.0022677354709418835, 0.7683833936228925, 5.413819647378419E-4, 4.388830231571351, -0.00459673493896472, 0.0, 8.767422467189714E-4, -0.003719992692245753, -7.487946365946133, 0.0, 5.070398654997018, -2.4175477109491204, 1.0027962859459305, 0.0, 3.45094639425626, 4.453742680202193, 7.004999999999996
0.0022735470941883766, 0.7701701342455303, 5.427693875884426E-4, 4.437518993100081, -0.004607122240037981, 0.0, 8.838158129100789E-4, -0.0037233064271279055, -7.485574329884882, 0.0, 5.126432614120391, -2.3591417157644967, 1.002601947903562, 0.0, 3.4980876242952905, 4.500689572198853, 7.004999999999996
0.002279358717434869, 0.771951984142178, 5.441568104390432E-4, 4.486997457735988, -0.004617506257922915, 0.0, 8.909676766410556E-4, -0.0037265385812818635, -7.48321355456997, 0.0, 5.183267527224257, -2.2999460273457317, 1.0024034024196211, 0.0, 3.5459312676225547, 4.548334670042164, 7.004999999999996
0.0022851703406813625, 0.7737288714605353, 5.45544233289644E-4, 4.537271733977597, -0.004627887008139655, 0.0, 8.981989544967681E-4, -0.0037296880536428945, -7.48086389018311, 0.0, 5.2409110710575835, -2.2399528191255262, 1.0022007739475909, 0.0, 3.5944837060745325, 4.5966844800221365, 7.004999999999996
0.002290981963927855, 0.7755007240324667, 5.469316561402446E-4, 4.588347855001619, -0.0046382645059965975, 0.0, 9.055107737275761E-4, -0.0037327537322690263, -7.478525181320071, 0.0, 5.299370943397575, -2.1791542379224933, 1.0019941923971631, 0.0, 3.643751336154756, 4.645745528551932, 7.004999999999997
0.0022967935871743483, 0.7772674693798691, 5.483190789908454E-4, 4.6402317762193555, -0.004648638766582617, 0.0, 9.129042722784166E-4, -0.003735734494304204, -7.476197266919142, 0.0, 5.358654862879959, -2.1175424040391766, 1.001783793193176, 0.0, 3.693740568891552, 4.6955243620847416, 7.004999999999996
0.0023026052104208414, 0.7790290347206013, 5.497065018414461E-4, 4.6929293728097505, -0.004659009804759156, 0.0, 9.203805988175957E-4, -0.0037386292059415657, -7.473879980189491, 0.0, 5.418770568829389, -2.055109411360101, 1.0015697173346845, 0.0, 3.7444578296959805, 4.746027547030673, 7.004999999999996
0.0023084168336673346, 0.780785346974489, 5.510939246920468E-4, 4.746446437228116, -0.004669377635152237, 0.0, 9.279409127653934E-4, -0.0037414367223868473, -7.471573148539608, 0.0, 5.479725821089734, -1.9918473274498711, 1.0013521114539605, 0.0, 3.795909558219607, 4.797261669673577, 7.004999999999996
0.0023142284569138273, 0.7825363327693919, 5.524813475426474E-4, 4.800788676691095, -0.004679742272144355, 0.0, 9.35586384322417E-4, -0.0037441558878219443, -7.469276593505704, 0.0, 5.541528399854404, -1.9277481936513159, 1.0011311278755397, 0.0, 3.8481022082123477, 4.849233336087881, 7.004999999999996
0.0023200400801603204, 0.7842819184473444, 5.538687703932481E-4, 4.855961710637452, -0.00469010372986629, 0.0, 9.433181944976984E-4, -0.0037467855353685974, -7.466990130680128, 0.0, 5.604186105496822, -1.8628040251833307, 1.0009069246752489, 0.0, 3.9010422473805035, 4.901949172055739, 7.004999999999996
0.0023258517034068136, 0.7860220300707628, 5.552561932438488E-4, 4.911971068165052, -0.004700462022188802, 0.0, 9.511375351366003E-4, -0.0037493244870522072, -7.464713569639744, 0.0, 5.667706758400443, -1.7970068112393212, 1.000679665739307, 0.0, 3.954736157244277, 4.955415822983575, 7.004999999999996
0.0023316633266533067, 0.7877565934287263, 5.566436160944495E-4, 4.9688221854432015, -0.0047108171627142405, 0.0, 9.590456089484316E-4, -0.003751771553765813, -7.462446713874386, 0.0, 5.732098198789536, -1.7303485150848645, 1.0004495208233324, 0.0, 4.0091904329961645, 5.009639953819489, 7.004999999999996
0.002337474949899799, 0.7894855340433191, 5.580310389450502E-4, 5.02652040310096, -0.004721169164768047, 0.0, 9.670436295338898E-4, -0.0037541255352341587, -7.460189360715222, 0.0, 5.797368286559113, -1.6628210741561131, 1.0002166656114693, 0.0, 4.064411583358387, 5.064628248969855, 7.004999999999996
0.0023432865731462926, 0.7912087771760528, 5.59418461795651E-4, 5.085070963591047, -0.004731518041390165, 0.0, 9.751328214122081E-4, -0.003756385219977963, -7.457941301263198, 0.0, 5.863524901105588, -1.594416400157645, 0.9999812817754236, 0.0, 4.120406130441182, 5.120387412216582, 7.004999999999996
0.0023490981963927853, 0.7929262478343415, 5.608058846462516E-4, 5.14447900852938, -0.004741863805326343, 0.0, 9.833144200481097E-4, -0.0037585493852782415, -7.455702320317445, 0.0, 5.930575941156784, -1.5251263791606435, 0.9997435570335791, 0.0, 4.177180609600357, 5.176924166633969, 7.004999999999997
0.002354909819639278, 0.7946378707780686, 5.621933074968522E-4, 5.2047495760100055, -0.004752206469019337, 0.0, 9.915896718784973E-4, -0.0037606167971408486, -7.45347219630364, 0.0, 5.998529324602651, -1.4549428717009762, 0.9995036852101141, 0.0, 4.2347415692956405, 5.234245254505781, 7.004999999999997
0.002360721442885771, 0.7963435705261952, 5.635807303474529E-4, 5.265887597895322, -0.004762546044600031, 0.0, 9.999598343389431E-4, -0.0037625862102610924, -7.451250701202483, 0.0, 6.067392988325296, -1.3838577128771954, 0.999261866294058, 0.0, 4.293095570948272, 5.29235743724233, 7.004999999999998
0.0023665330661322643, 0.7980432713634682, 5.649681531980536E-4, 5.3278978970819395, -0.0047728825438784275, 0.0, 0.001008426175889892, -0.003764456367988541, -7.449037600478082, 0.0, 6.137174888029465, -1.3118627124486264, 0.9990183064984287, 0.0, 4.352249188799157, 5.351267495297585, 7.004999999999997
0.0023723446893787574, 0.7997368973471681, 5.663555760486544E-4, 5.3907851847414925, -0.004783215978334577, 0.0, 0.00101698997604269, -0.0037662260022918934, -7.446832653006329, 0.0, 6.207882998072794, -1.238949654933538, 0.9987732183193918, 0.0, 4.412209009766687, 5.410982228086088, 7.004999999999997
0.00237815631262525, 0.8014243723139466, 5.67742998899255E-4, 5.454554057536889, -0.004793546359109369, 0.0, 0.0010256525253853185, -0.0037678938337240564, -7.444635611003337, 0.0, 6.279525311296219, -1.1651102997071174, 0.9985268205953574, 0.0, 4.472981633304836, 5.471508453900203, 7.004999999999996
0.0023839679358717437, 0.8031056198867227, 5.691304217498558E-4, 5.519208994813358, -0.004803873696995256, 0.0, 0.0010344151256079508, -0.0037694585713873145, -7.442446219953861, 0.0, 6.352109838854394, -1.0903363810994904, 0.9982793385661053, 0.0, 4.5345736712611675, 5.532853009827263, 7.004999999999998
0.002389779559118236, 0.8047805634816572, 5.705178446004564E-4, 5.584754355764627, -0.004814198002426853, 0.0, 0.001043279089528189, -0.0037709189128986693, -7.4402642185397, 0.0, 6.425644610045801, -1.0146196084939072, 0.9980310039319482, 0.0, 4.596991747734693, 5.59502275166664, 7.004999999999997
0.002395591182364729, 0.8064491263151801, 5.719052674510571E-4, 5.651194376574342, -0.0048245192854714635, 0.0, 0.001052245741116205, -0.0037722735443552636, -7.438089338568069, 0.0, 6.5001376721432615, -0.9379516664247713, 0.9977820549129134, 0.0, 4.660242498933908, 5.658024553846865, 7.004999999999997
0.002401402805611222, 0.8081112314111092, 5.732926903016577E-4, 5.7185331675318025, -0.004834837555819477, 0.0, 0.0010613164155194718, -0.0037735211403000114, -7.435921304900067, 0.0, 6.575597090224316, -0.8603242146757487, 0.9975327363078546, 0.0, 4.724332573034983, 5.721865309342852, 7.0049999999999955
0.0024072144288577154, 0.8097668016078154, 5.746801131522586E-4, 5.786774710122806, -0.004845152822774697, 0.0, 0.0010704924590874156, -0.0037746603636872895, -7.4337598353790355, 0.0, 6.652030947001327, -0.7817288883776983, 0.997283299553663, 0.0, 4.789268630039449, 5.786551929593137, 7.0049999999999955
0.002413026052104208, 0.8114157595654747, 5.760675360028592E-4, 5.85592285409539, -0.004855465095244533, 0.0, 0.0010797752293957128, -0.003775689865848827, -7.431604640759007, 0.0, 6.729447342652024, -0.7021572981069594, 0.997034002784403, 0.0, 4.855057341632501, 5.852091344416939, 7.0049999999999955
0.002418837675350701, 0.8130580277733788, 5.774549588534599E-4, 5.925981314499566, -0.0048657743817301456, 0.0, 0.0010891660952704555, -0.003776608286459695, -7.429455424633069, 0.0, 6.8078543946498105, -0.6216010299832517, 0.9967851108905467, 0.0, 4.921705391040939, 5.9184905019315, 7.004999999999996
0.002424649298597194, 0.8146935285573212, 5.788423817040605E-4, 5.996953668702297, -0.00487608069031643, 0.0, 0.0010986664368119775, -0.003777414253504458, -7.427311883361841, 0.0, 6.887260237594077, -0.5400516457677693, 0.9965368955780878, 0.0, 4.989219472891255, 5.985756368469346, 7.004999999999996
0.0024304609218436875, 0.8163221840870443, 5.802298045546613E-4, 6.068843353376373, -0.00488638402866196, 0.0, 0.0011082776454185489, -0.0037781063832434147, -7.425173706001799, 0.0, 6.967673023040428, -0.45750068296135754, 0.9962896354278302, 0.0, 5.057606293067507, 6.053895928495359, 7.004999999999996
0.00243627254509018, 0.8179439163837654, 5.816172274052619E-4, 6.141653661464225, -0.0048966844039887766, 0.0, 0.0011180011238097448, -0.0037786832801790372, -7.423040574233753, 0.0, 7.049100919331277, -0.373939654902468, 0.9960436159545152, 0.0, 5.126872568569687, 6.122916184524222, 7.004999999999996
0.002442084168336673, 0.8195586473277666, 5.830046502558626E-4, 6.215387739115563, -0.004906981823072128, 0.0, 0.001127838286049631, -0.0037791435370225063, -7.420912162291232, 0.0, 7.131552111425945, -0.2893600508652908, 0.9957991296660553, 0.0, 5.197025027371542, 6.192824157037609, 7.004999999999996
0.002447895791583166, 0.8211662986660518, 5.843920731064634E-4, 6.290048582599489, -0.004917276292230082, 0.0, 0.0011377905575697088, -0.0037794857346603776, -7.418788136888861, 0.0, 7.215034800731095, -0.20375333615780583, 0.9955564761227912, 0.0, 5.268070408278722, 6.2636268844014795, 7.0049999999999955
0.0024537074148296588, 0.8227667920200763, 5.85779495957064E-4, 6.365639035190682, -0.004927567817313032, 0.0, 0.0011478593751916108, -0.00377970844212143, -7.416668157150854, 0.0, 7.299557204931051, -0.11711095221978882, 0.995315961996616, 0.0, 5.340015460786859, 6.335331422783503, 7.004999999999996
0.002459519038076152, 0.8243600488935466, 5.871669188076647E-4, 6.442161784029949, -0.004937856403693133, 0.0, 0.0011580461871495598, -0.003779810216543581, -7.414551874539321, 0.0, 7.385127557818183, -0.029424316721130384, 0.995077901130315, 0.0, 5.412866944939726, 6.4079448460700625, 7.004999999999997
0.0024653306613226446, 0.8259459906802832, 5.885543416582653E-4, 6.5196193569580885, -0.004948142056253612, 0.0, 0.0011683524531126146, -0.003779789603141004, -7.412438932782744, 0.0, 7.471754109123177, 0.05931517634044796, 0.994842614596735, 0.0, 5.486631631187232, 6.4814742457839944, 7.004999999999996
0.002471142284569138, 0.8275245386721615, 5.899417645088661E-4, 6.598014119324652, -0.004958424779377987, 0.0, 0.0011787796442066412, -0.0037796451351713536, -7.410328967804382, 0.0, 7.559445124345454, 0.14911615654106936, 0.9946104307580109, 0.0, 5.561316300243655, 6.555926731001677, 7.004999999999997
0.002476953907815631, 0.8290956140671089, 5.913291873594667E-4, 6.677348270769471, -0.004968704576939199, 0.0, 0.0011893292430361115, -0.0037793753339030933, -7.408221607650632, 0.0, 7.648208884583343, 0.23998727693272323, 0.9943816853248946, 0.0, 5.636927742945526, 6.631309428270443, 7.004999999999996
0.002482765531062124, 0.8306591379771897, 5.927166102100674E-4, 6.75762384197899, -0.004978981452288618, 0.0, 0.0012000027437055944, -0.0037789787085830305, -7.406116472419508, 0.0, 7.7380536863647125, 0.33193721394519937, 0.9941567214158962, 0.0, 5.713472760110097, 6.707629481525999, 7.004999999999996
0.002488577154308617, 0.8322150314367369, 5.941040330606682E-4, 6.838842691415508, -0.0049892554082449775, 0.0, 0.0012108016518410543, -0.0037784537564039293, -7.404013174188988, 0.0, 7.8289878414768985, 0.42497466728793476, 0.9939358896166247, 0.0, 5.790958162393049, 6.784894052009707, 7.004999999999996
0.0024943887775551103, 0.8337632154105746, 5.954914559112689E-4, 6.921006502020262, -0.0049995264470832, 0.0, 0.0012217274846109153, -0.003777798962472295, -7.401911316945446, 0.0, 7.92101967679744, 0.5191083598520146, 0.9937195480390439, 0.0, 5.869390770147, 6.863110318186082, 7.0049999999999955
0.0025002004008016026, 0.8353036108022898, 5.968788787618695E-4, 7.0041167778904665, -0.005009794570523102, 0.0, 0.001232781770746858, -0.0037770127997762562, -7.399810496512097, 0.0, 8.014157534124205, 0.6143470376121254, 0.9935080623806665, 0.0, 5.948777413279474, 6.942285475660176, 7.0049999999999955
0.0025060120240480957, 0.8368361384625909, 5.982663016124702E-4, 7.088174840928964, -0.005020059779718048, 0.0, 0.001243966050564428, -0.0037760937291536245, -7.397710300477327, 0.0, 8.10840977000574, 0.7106994695284622, 0.9933018059839456, 0.0, 6.0291249311110136, 7.0224267370950155, 7.004999999999996
0.002511823647294589, 0.8383607191977217, 5.996537244630709E-4, 7.173181827468078, -0.005030322075243442, 0.0, 0.001255281875983368, -0.0037750401992600797, -7.395610308123192, 0.0, 8.203784755571743, 0.808174447448545, 0.9931011598954296, 0.0, 6.110440172233509, 7.103541332128941, 7.004999999999997
0.002517635270541082, 0.8398772737779518, 6.010411473136716E-4, 7.259138684866194, -0.005040581457085185, 0.0, 0.0012667308105477407, -0.003773850646537451, -7.393510090353752, 0.0, 8.300290876363137, 0.9067807860094121, 0.9929065129251637, 0.0, 6.19272999436805, 7.185636507293252, 7.004999999999996
0.0025234468937875747, 0.8413857229461369, 6.024285701642723E-4, 7.346046168077862, -0.005050837924627979, 0.0, 0.0012783144294457862, -0.0037725234951822006, -7.39140920962352, 0.0, 8.39793653216269, 1.0065273225391629, 0.9927182617059009, 0.0, 6.276001264223436, 7.268719525929343, 7.004999999999997
0.0025292585170340683, 0.8428859874263395, 6.038159930148731E-4, 7.433904836197058, -0.005061091476643565, 0.0, 0.0012900343195295884, -0.003771057157113987, -7.3893072198658585, 0.0, 8.496730136825175, 1.1074229169593406, 0.992536810752424, 0.0, 6.360260857354117, 7.3527976681065805, 7.004999999999996
0.002535070140280561, 0.8443779879325302, 6.052034158654737E-4, 7.522715048973183, -0.005071342111278851, 0.0, 0.0013018920793344668, -0.0037694500319443948, -7.387203666421388, 0.0, 8.596680118107733, 1.2094764516863794, 0.992362572520863, 0.0, 6.445515658018408, 7.437878230539323, 7.004999999999997
0.002540881763527054, 0.8458616451773506, 6.065908387160744E-4, 7.612476963300452, -0.005081589826043929, 0.0, 0.0013138893190981359, -0.003767700506945801, -7.385098085966435, 0.0, 8.697794917500394, 1.3126968315339793, 0.9921959674679192, 0.0, 6.5317725590369085, 7.523968526504862, 7.004999999999997
0.0025466933867735464, 0.8473368798809453, 6.07978261566675E-4, 7.703190529679837, -0.005091834617800022, 0.0, 0.0013260276607796784, -0.003765806957020351, -7.3829900064413305, 0.0, 8.80008299005601, 1.4170929836147048, 0.9920374241103402, 0.0, 6.6190384616501925, 7.611075885760569, 7.004999999999996
0.0025525050100200395, 0.8488036127798717, 6.093656844172757E-4, 7.79485548865425, -0.005102076482747308, 0.0, 0.001338308738078209, -0.0037637677446691062, -7.380878946978975, 0.0, 8.90355280422116, 1.5226738572421956, 0.9918873790840389, 0.0, 6.7073202753776515, 7.699207654461713, 7.004999999999998
0.0025583166332665327, 0.8502617646360627, 6.107531072678765E-4, 7.887471367215937, -0.005112315416412635, 0.0, 0.0013507341964513475, -0.0037615812199612935, -7.378764417833122, 0.0, 9.008212841665836, 1.6294484238327607, 0.9917462772035421, 0.0, 6.796624917875029, 7.788371195078626, 7.004999999999998
0.0025641282565130254, 0.8517112562458733, 6.121405301184771E-4, 7.981037475187122, -0.005122551413637175, 0.0, 0.001363305693133463, -0.003759245720503718, -7.376645920306837, 0.0, 9.114071597114382, 1.7374256768075411, 0.991614571521287, 0.0, 6.886959314793194, 7.878573886314485, 7.004999999999997
0.002569939879759519, 0.8531520084491935, 6.135279529690779E-4, 8.075552901572728, -0.005132784468563941, 0.0, 0.0013760248971536452, -0.0037567595714103055, -7.3745229466809015, 0.0, 9.221137578175474, 1.846614631494565, 0.9914927233869217, 0.0, 6.978330399636053, 7.969823123022982, 7.004999999999996
0.0025757515030060117, 0.8545839421386225, 6.149153758196785E-4, 8.171016510886034, -0.005143014574625231, 0.0, 0.0013888934893534818, -0.0037541210852717524, -7.37239498014224, 0.0, 9.329419305172395, 1.9570243250301878, 0.9913812025066703, 0.0, 7.070745113618647, 8.062126316125354, 7.004999999999997
0.002581563126252505, 0.856006978268719, 6.163027986702792E-4, 8.267426939446544, -0.005153241724529948, 0.0, 0.0014019131624045853, -0.0037513285621253688, -7.37026149471226, 0.0, 9.438925310973795, 2.0686638162615454, 0.9912804870026749, 0.0, 7.1642104055258224, 8.155490892528517, 7.004999999999997
0.0025873747494989975, 0.8574210378653218, 6.176902215208798E-4, 8.364782591650041, -0.0051634659102508355, 0.0, 0.0014150856208258312, -0.003748380289425013, -7.368121955175392, 0.0, 9.549664140823657, 2.1815421856482557, 0.9911910634722472, 0.0, 7.258733231570147, 8.2499242950424, 7.004999999999996
0.002593186372745491, 0.8588260420349291, 6.190776443714806E-4, 8.46308163621162, -0.005173687123011641, 0.0, 0.001428412581000499, -0.0037452745420111493, -7.365975817007345, 0.0, 9.661644352171601, 2.295668535164269, 0.9911134270473859, 0.0, 7.354320555249978, 8.345433982297388, 7.004999999999996
0.002598997995991984, 0.8602219119741646, 6.204650672220813E-4, 8.562322002380064, -0.005183905353274096, 0.0, 0.0014418957711929956, -0.0037420095820811044, -7.363822526303605, 0.0, 9.774874514503537, 2.4110519881999655, 0.9910480814539699, 0.0, 7.450979347208161, 8.44202742866217, 7.004999999999998
0.0026048096192384765, 0.8616085689792964, 6.21852490072682E-4, 8.66250137612473, -0.005194120590724907, 0.0, 0.001455536931565507, -0.0037385836591594065, -7.361661519707879, 0.0, 9.889363209171796, 2.5277016894639672, 0.990995539071156, 0.0, 7.548716585089959, 8.539712124161177, 7.004999999999998
0.0026106212424849696, 0.8629859344558262, 6.232399129232827E-4, 8.763617196294561, -0.005204332824262563, 0.0, 0.0014693378141943142, -0.0037349950100682523, -7.359492224340359, 0.0, 10.00511902922543, 2.645626804885102, 0.9909563209908281, 0.0, 7.647539253401315, 8.63849557439218, 7.004999999999998
0.0026164328657314628, 0.864353929928164, 6.246273357738834E-4, 8.865666650749255, -0.005214542041984069, 0.0, 0.00148330018308589, -0.003731241858898186, -7.357314057726312, 0.0, 10.122150579240648, 2.764836521514357, 0.9909309570767957, 0.0, 7.7474543433672185, 8.738385300444046, 7.004999999999997
0.0026222444889779555, 0.8657124770493504, 6.26014758624484E-4, 8.968646672461482, -0.005224748231171608, 0.0, 0.0014974258141928066, -0.0037273224169788108, -7.355126427724354, 0.0, 10.240466475151134, 2.885340047426772, 0.9909199860243055, 0.0, 7.8484688527899005, 8.839388838814214, 7.004999999999997
0.0026280561122244486, 0.8670614976108634, 6.274021814750847E-4, 9.07255393559226, -0.005234951378279059, 0.0, 0.0015117164954293553, -0.0037232348828497063, -7.352928732454916, 0.0, 10.360075344078343, 3.0071466116234324, 0.9909239554193413, 0.0, 7.950589785907091, 8.941513741326444, 7.0049999999999955
0.0026338677354709418, 0.8684009135524864, 6.287896043256855E-4, 9.17738485153663, -0.0052451514689184344, 0.0, 0.0015261740266869642, -0.0037189774422314798, -7.350720360228662, 0.0, 10.480985824161925, 3.13026546393328, 0.9909434217979811, 0.0, 8.053824153250341, 9.044767575048356, 7.004999999999997
0.002639679358717435, 0.869730646972248, 6.301770271762862E-4, 9.283135564941652, -0.005255348487846246, 0.0, 0.0015408002198493437, -0.003714548267996911, -7.348500689474835, 0.0, 10.603206564389906, 3.2547058749150763, 0.9909789507058759, 0.0, 8.158178971503187, 9.149157922209081, 7.004999999999996
0.0026454909819639276, 0.8710506201364306, 6.315644500268868E-4, 9.389801949696789, -0.005265542418949713, 0.0, 0.001555596898807434, -0.00370994552014228, -7.3462690886697555, 0.0, 10.726746224429249, 3.3804771357595094, 0.9910311167574964, 0.0, 8.263661263359623, 9.254692380117136, 7.004999999999997
0.0026513026052104203, 0.8723607554896456, 6.329518728774874E-4, 9.497379604893922, -0.005275733245232923, 0.0, 0.001570565899474146, -0.0037051673457587793, -7.344024916265156, 0.0, 10.851613474455915, 3.5075885581907813, 0.9911005036956122, 0.0, 8.370278057382048, 9.361378561077688, 7.004999999999996
0.0026571142284569135, 0.8736609756649877, 6.343392957280882E-4, 9.60586385076084, -0.005285920948802873, 0.0, 0.0015857090697987252, -0.0037002118790041547, -7.341767520616643, 0.0, 10.977816994985544, 3.6360494743689276, 0.9911877044506381, 0.0, 8.478036387860039, 9.469224092310718, 7.004999999999998
0.002662925851703406, 0.8749512034942439, 6.357267185786888E-4, 9.715249724564373, -0.005296105510855403, 0.0, 0.0016010282697810638, -0.0036950772410743408, -7.339496239912078, 0.0, 11.105365476703467, 3.7658692367914033, 0.9912933212000402, 0.0, 8.586943294668197, 9.578236615868255, 7.004999999999996
0.0026687374749498993, 0.8762313620181774, 6.371141414292895E-4, 9.82553197648572, -0.005306286911661046, 0.0, 0.001616525371485674, -0.003689761540175379, -7.337210402099968, 0.0, 11.234267620295263, 3.8970572181953145, 0.9914179654277471, 0.0, 8.697005823124679, 9.688423788552456, 7.004999999999996
0.0026745490981963924, 0.8775013744968846, 6.385015642798903E-4, 9.936705065466938, -0.005316465130550777, 0.0, 0.0016322022590554313, -0.0036842628714953444, -7.334909324817907, 0.0, 11.364532136276857, 4.0296228114589905, 0.9915622579835377, 0.0, 8.80823102384928, 9.799793281832857, 7.004999999999997
0.0026803607214428856, 0.878761164420222, 6.39888987130491E-4, 10.048763155028183, -0.005326640145901641, 0.0, 0.0016480608287250975, -0.0036785793171765497, -7.332592315320997, 0.0, 11.496167744825213, 4.163575429504213, 0.9917268291424047, 0.0, 8.920625952622103, 9.912352781764515, 7.004999999999997
0.0026861723446893783, 0.88001065551829, 6.412764099810916E-4, 10.161700109056298, -0.005336811935122317, 0.0, 0.0016641029888346051, -0.0036727089462877194, -7.330258670410196, 0.0, 11.6291831756083, 4.298924505198139, 0.9919123186640397, 0.0, 9.034197670241477, 10.026109988905565, 7.004999999999998
0.0026919839679358714, 0.8812497717720009, 6.426638328316923E-4, 10.275509487564179, -0.005346980474638558, 0.0, 0.001680330659842137, -0.0036666498147964336, -7.327907676360804, 0.0, 11.763587167615748, 4.4356794912549455, 0.9921193758521704, 0.0, 9.148953242382555, 10.141072618234746, 7.004999999999998
0.0026977955911823646, 0.8824784374237034, 6.44051255682293E-4, 10.39018454242074, -0.005357145739878523, 0.0, 0.0016967457743368845, -0.0036603999655416427, -7.325538608850834, 0.0, 11.899388468988935, 4.5738498601381545, 0.992348659613981, 0.0, 9.264899739455458, 10.2572483990695, 7.004999999999997
0.0027036072144288577, 0.8836965769878893, 6.454386785328937E-4, 10.50571821305256, -0.005367307705258054, 0.0, 0.0017133502770516904, -0.0036539574282063664, -7.323150732889385, 0.0, 12.036595836851507, 4.713445103962134, 0.9926008385196058, 0.0, 9.38204423646369, 10.374645074983313, 7.004999999999997
0.00270941883767535, 0.884904115261957, 6.468261013834943E-4, 10.622103122115192, -0.00537746634416579, 0.0, 0.0017301461248753489, -0.0036473202192904477, -7.320743302745118, 0.0, 12.175218037139587, 4.854474734394501, 0.9928765908614376, 0.0, 9.500393812862388, 10.493270403723871, 7.004999999999997
0.0027152304609218436, 0.8861009773370466, 6.482135242340952E-4, 10.73933157113622, -0.005387621628948253, 0.0, 0.0017471352868647341, -0.0036404863420835213, -7.318315561874607, 0.0, 12.315263844432183, 4.996948282557574, 0.9931766047136557, 0.0, 9.619955552416702, 10.613132157130359, 7.004999999999997
0.0027210420841683363, 0.8872870886089563, 6.496009470846958E-4, 10.857395536127314, -0.00539777353089476, 0.0, 0.0017643197442566705, -0.003633453786638093, -7.315866742850804, 0.0, 12.456742041781384, 5.140875298930564, 0.9935015779915487, 0.0, 9.740736543059972, 10.73423812105151, 7.004999999999998
0.0027268537074148294, 0.8884623747891074, 6.509883699352965E-4, 10.976286663168707, -0.005407922020222299, 0.0, 0.001781701490479566, -0.0036262205297427426, -7.313396067291416, 0.0, 12.599661420543026, 5.28626535325162, 0.9938522185109979, 0.0, 9.862743876752416, 10.856596095263436, 7.004999999999998
0.002732665330661322, 0.8896267619155942, 6.523757927858971E-4, 11.095996263962448, -0.005418067066060271, 0.0, 0.0017992825311648171, -0.0036187845348954585, -7.3109027457873035, 0.0, 12.744030780206755, 5.433128034419514, 0.9942292440479226, 0.0, 9.985984649339168, 10.980213893387162, 7.004999999999997
0.0027384769539078157, 0.890780176364302, 6.537632156364979E-4, 11.216515311357142, -0.00542820863643514, 0.0, 0.0018170648841579844, -0.003611143752277168, -7.308385977830907, 0.0, 12.88985892822642, 5.581472950395547, 0.994633382397681, 0.0, 10.110465960408696, 11.10509934280643, 7.004999999999997
0.0027442885771543084, 0.8919225448600789, 6.551506384870985E-4, 11.33783443484188, -0.005438346698254985, 0.0, 0.0018350505795297015, -0.003603296118725294, -7.3058449517446435, 0.0, 13.037154679850309, 5.7313097281056775, 0.9950653714345322, 0.0, 10.23619491315104, 11.2312602845856, 7.004999999999998
0.002750100200400801, 0.8930537944880004, 6.565380613376992E-4, 11.459943916011213, -0.005448481217293962, 0.0, 0.0018532416595864179, -0.0035952395577075547, -7.303278844609365, 0.0, 13.185926857951802, 5.882648013342455, 0.9955259591710236, 0.0, 10.363178614216427, 11.358704573387486, 7.004999999999996
0.0027559118236472947, 0.8941738527046816, 6.579254841883E-4, 11.582833684000235, -0.00545861215817665, 0.0, 0.001871640178880815, -0.00358697197929585, -7.300686822192651, 0.0, 13.336184292859295, 6.035497470666687, 0.9960159038175482, 0.0, 10.491424173573282, 11.487440077390898, 7.004999999999998
0.002761723446893787, 0.8952826473496736, 6.593129070389006E-4, 11.70649331088849, -0.005468739484362292, 0.0, 0.001890248204222028, -0.003578491280140276, -7.298068038877371, 0.0, 13.487935822186996, 6.189867783309598, 0.9965359738416254, 0.0, 10.620938704367035, 11.617474678208652, 7.004999999999998
0.00276753507014028, 0.8963801066569195, 6.607003298895013E-4, 11.830912007075554, -0.005478863158128978, 0.0, 0.0019090678146856796, -0.0035697953434433035, -7.2954216375899765, 0.0, 13.64119029066482, 6.345768653074847, 0.9970869480274845, 0.0, 10.751729322777967, 11.748816270805465, 7.004999999999997
0.002773346693386773, 0.8974661592662831, 6.620877527401019E-4, 11.956078616625234, -0.00548898314055768, 0.0, 0.0019281011016236186, -0.0035608820389340687, -7.2927467497289395, 0.0, 13.795956549968928, 6.503209800239967, 0.9976696155354748, 0.0, 10.88380314787982, 11.881472763415283, 7.004999999999997
0.0027791583166332664, 0.8985407342351484, 6.634751755907027E-4, 12.081981612579838, -0.005499099391516216, 0.0, 0.0019473501686734125, -0.0035517492228428144, -7.290042495093214, 0.0, 13.952243458552212, 6.662200963459029, 0.998284775961468, 0.0, 11.017167301498326, 12.015452077459841, 7.004999999999998
0.002784969939879759, 0.8996037610500816, 6.648625984413034E-4, 12.20860909224443, -0.005509211869643102, 0.0, 0.001966817131767649, -0.003542394737875461, -7.287307981810542, 0.0, 14.11005988147436, 6.822751899663847, 0.9989332393964223, 0.0, 11.151828908069277, 12.150762147465745, 7.004999999999997
0.0027907815631262522, 0.9006551696385763, 6.662500212919041E-4, 12.33594877244046, -0.005519320532331313, 0.0, 0.0019865041191430054, -0.0035328164131883124, -7.284542306265979, 0.0, 14.269414690232338, 6.9848723839663736, 0.9996158264857096, 0.0, 11.287795094497032, 12.287410920982763, 7.004999999999998
0.002796593186372745, 0.9016948903808446, 6.676374441425047E-4, 12.463987984728945, -0.00552942533571194, 0.0, 0.002006413271349032, -0.0035230120643629146, -7.2817445530302125, 0.0, 14.430316762590717, 7.148572209560538, 1.0003333684886775, 0.0, 11.425072990012902, 12.425406358501624, 7.004999999999998
0.0028024048096192385, 0.9027228541217083, 6.690248669931055E-4, 12.592713670603388, -0.0055395262346377505, 0.0, 0.0020265467412567484, -0.0035129794933810112, -7.278913794788026, 0.0, 14.59277498241204, 7.313861187624044, 1.0010867073380576, 0.0, 11.563669726033533, 12.564756433371633, 7.004999999999999
0.002808216432865731, 0.9037389921825265, 6.704122898437061E-4, 12.722112376651609, -0.005549623182666649, 0.0, 0.00204690669406697, -0.003502716488599693, -7.276049092266675, 0.0, 14.756798239487003, 7.480749147220372, 1.0018766956994702, 0.0, 11.703592436019159, 12.705469131718695, 7.004999999999997
0.0028140280561122243, 0.9047432363732115, 6.717997126943068E-4, 12.852170249687276, -0.005559716132045038, 0.0, 0.0020674953073184415, -0.0034922208247265985, -7.273149494164266, 0.0, 14.922395429364942, 7.649245935200712, 1.0027041970309092, 0.0, 11.8448482553321, 12.847552452363045, 7.004999999999998
0.002819839679358717, 0.9057355190043188, 6.731871355449076E-4, 12.982873031850659, -0.005569805033691058, 0.0, 0.0020883147708956737, -0.0034814902627953873, -7.270214037078322, 0.0, 15.089575453184322, 7.819361416105987, 1.0035700856420429, 0.0, 11.987444321095325, 12.991014406737358, 7.004999999999998
0.00282565130260521, 0.9067157728991864, 6.745745583955083E-4, 13.114206055678196, -0.00557988983717779, 0.0, 0.002109367287036627, -0.0034705225501411724, -7.26724174543396, 0.0, 15.2583472175026, 7.991105472068663, 1.0044752467539626, 0.0, 12.131387772050328, 13.135863018804333, 7.004999999999997
0.002831462925851703, 0.9076839314061602, 6.759619812461089E-4, 13.246154239141987, -0.005589970490716281, 0.0, 0.002130655070340058, -0.0034593154203762283, -7.264231631412452, 0.0, 15.42871963412697, 8.164488002714462, 1.0054205765584656, 0.0, 12.276685748416002, 13.28210632497442, 7.004999999999999
0.0028372745490981956, 0.9086399284108799, 6.773494040967095E-4, 13.378702080656751, -0.005600046941138523, 0.0, 0.0021521803477727117, -0.003447866593365821, -7.261182694879647, 0.0, 15.60070161994464, 8.33951892506501, 1.0064069822775337, 0.0, 12.423345391746897, 13.42975237402446, 7.004999999999999
0.002843086172344689, 0.9095836983486414, 6.787368269473103E-4, 13.511833654057696, -0.0056101191338803185, 0.0, 0.0021739453586762745, -0.003436173775204057, -7.2580939233142585, 0.0, 15.774302096753146, 8.516208173438914, 1.0074353822229323, 0.0, 12.571373844791601, 13.57880922701458, 7.004999999999998
0.002848897795591182, 0.9105151762168122, 6.801242497979109E-4, 13.645532603545064, -0.005620187012964036, 0.0, 0.002195952354774028, -0.00342423465819002, -7.254964291736406, 0.0, 15.949529991090436, 8.694565699354039, 1.0085067058555663, 0.0, 12.720778251350938, 13.729284957206527, 7.004999999999997
0.002854709418837675, 0.9114342975873453, 6.815116726485116E-4, 13.779782138599742, -0.0056302505209812805, 0.0, 0.0022182036001773247, -0.003412046920803955, -7.251792762635947, 0.0, 16.12639423406574, 8.87460147142981, 1.0096218938450299, 0.0, 12.871565756136853, 13.8811876499819, 7.004999999999997
0.002860521042084168, 0.9123409986193234, 6.828990954991124E-4, 13.914565028865596, -0.005640309599075461, 0.0, 0.002240701371391842, -0.0033996082276836212, -7.248578285900888, 0.0, 16.30490376118933, 9.056325475288439, 1.0107818981290972, 0.0, 13.023743504630236, 14.034525402759334, 7.004999999999998
0.0028663326653306613, 0.9132352160716093, 6.842865183497131E-4, 14.04986359900137, -0.005650364186924245, 0.0, 0.0022634479573235156, -0.00338691622960073, -7.2453197987458, 0.0, 16.48506751220313, 9.239747713457364, 1.0119876819731988, 0.0, 13.177318642939637, 14.189306324912872, 7.004999999999997
0.0028721442885771536, 0.9141168873155401, 6.856739412003137E-4, 14.18565972350116, -0.005660414222721943, 0.0, 0.0022864456592843205, -0.003373968563437627, -7.242016225640268, 0.0, 16.66689443091128, 9.424878205271002, 1.0132402200298796, 0.0, 13.3322983176599, 14.345538537689778, 7.004999999999997
0.0028779559118236467, 0.9149859503477042, 6.870613640509144E-4, 14.321934821482998, -0.0056704596431617635, 0.0, 0.002309696790997821, -0.003360762852163958, -7.238666478237283, 0.0, 16.850393465009994, 9.611726986772696, 1.0145404983982944, 0.0, 13.488689675730027, 14.503230174128332, 7.004999999999996
0.00288376753507014, 0.9158423438027774, 6.884487869015151E-4, 14.45866985144609, -0.0056805003834179925, 0.0, 0.002333203678604375, -0.0033472967048136207, -7.235269455301601, 0.0, 17.035573565918316, 9.800304110616743, 1.015889514683782, 0.0, 13.646499864292132, 14.662389378975945, 7.004999999999998
0.002889579158316633, 0.9166860069664358, 6.898362097521158E-4, 14.595845305995937, -0.005690536377128038, 0.0, 0.002356968660666271, -0.003333567716461785, -7.23182404263816, 0.0, 17.222443688608173, 9.990619645970058, 1.0172882780573018, 0.0, 13.805736030549431, 14.823024308606803, 7.004999999999997
0.0028953907815631257, 0.91751687978834, 6.912236326027164E-4, 14.733441206538288, -0.005700567556374435, 0.0, 0.002380994088172464, -0.0033195734682019773, -7.2283291130205996, 0.0, 17.411012791434864, 10.182683678414278, 1.0187378093148798, 0.0, 13.966405321624945, 14.985143130939846, 7.004999999999996
0.0029012024048096193, 0.9183349028951735, 6.926110554533173E-4, 14.87143709794077, -0.0057105938516666885, 0.0, 0.002405282324543209, -0.003305311527123484, -7.224783526119523, 0.0, 17.60128983596736, 10.376506309847878, 1.020239140937209, 0.0, 14.128514884419781, 15.14875402535704, 7.004999999999998
0.002907014028056112, 0.9191400176037661, 6.939984783039179E-4, 15.009812043162768, -0.005720615191923047, 0.0, 0.002429835745634377, -0.003290779446288681, -7.221186128430988, 0.0, 17.793283786818616, 10.572097658387685, 1.0217933171490892, 0.0, 14.292071865471584, 15.313865182620747, 7.004999999999998
0.002912825651302605, 0.9199321659342863, 6.953859011545186E-4, 15.148544617853219, -0.005730631504452192, 0.0, 0.002454656739741522, -0.003275974764710681, -7.217535753204919, 0.0, 17.987003611476098, 10.769467858271165, 1.0234013939789328, 0.0, 14.457083410813183, 15.480484804792116, 7.004999999999997
0.002918637274549098, 0.920711290623482, 6.967733240051192E-4, 15.2876129049165, -0.005740642714934801, 0.0, 0.002479747707603866, -0.0032608950073309416, -7.213831220373437, 0.0, 18.182458280131506, 10.968627059758122, 1.0250644393183561, 0.0, 14.623556665830257, 15.648621105148676, 7.004999999999997
0.002924448897795591, 0.9214773351380241, 6.9816074685572E-4, 15.426994489045498, -0.0057506487474050065, 0.0, 0.002505111062407783, -0.0032455376849972266, -7.2100713364794, 0.0, 18.379656765512152, 11.169585429032704, 1.0267835329815136, 0.0, 14.791498775121035, 15.818282308102507, 7.004999999999997
0.0029302605210420837, 0.9222302436878844, 6.995481697063206E-4, 15.566666451223796, -0.005760649524231781, 0.0, 0.002530749229790308, -0.0032299002944414803, -7.206254894604716, 0.0, 18.57860804271023, 11.372353148105546, 1.0285597667647433, 0.0, 14.960916882353466, 15.989476649118254, 7.004999999999997
0.0029360721442885764, 0.9229699612398039, 7.009355925569213E-4, 15.706605363193972, -0.0057706449661002295, 0.0, 0.002556664647842266, -0.003213980318257962, -7.20238067429872, 0.0, 18.779321089014005, 11.57694041471526, 1.0303942445061198, 0.0, 15.131818130124604, 16.162212374630695, 7.004999999999997
0.00294188376753507, 0.92369643353083, 7.023230154075221E-4, 15.846787281894251, -0.005780634991992727, 0.0, 0.002582859767111213, -0.003197775224881522, -7.198447441506707, 0.0, 18.981804883737468, 11.783357442230711, 1.0322880821447866, 0.0, 15.3042096598183, 16.336497741963043, 7.004999999999997
0.0029476953907815627, 0.924409607081911, 7.037104382581227E-4, 15.987187743862961, -0.005790619519170032, 0.0, 0.00260933705060409, -0.003181282468565949, -7.194453948498245, 0.0, 19.186068408050986, 11.991614459552757, 1.03424240778064, 0.0, 15.478098611464029, 16.512341019244694, 7.004999999999997
0.002953507014028056, 0.925109429211572, 7.050978611087234E-4, 16.127781759610002, -0.005800598463152222, 0.0, 0.0026360989737897397, -0.003164499489362498, -7.190398933795598, 0.0, 19.39212064481199, 12.201721711016393, 1.036258361733754, 0.0, 15.653492123595607, 16.689750485329384, 7.004999999999997
0.0029593186372745485, 0.9257958480496484, 7.06485283959324E-4, 16.268543807955382, -0.005810571737699617, 0.0, 0.0026631480246010596, -0.0031474237130985675, -7.186281122102191, 0.0, 19.59997057839457, 12.413689456292419, 1.0383370966039205, 0.0, 15.83039733310898, 16.868734429712955, 7.004999999999996
0.002965130260521042, 0.9264688125510965, 7.078727068099248E-4, 16.40944783033615, -0.005820539254793519, 0.0, 0.0026904867034370722, -0.003130052551356457, -7.182099224230902, 0.0, 19.809627194520445, 12.627527970289572, 1.0404797773302166, 0.0, 16.008821375121176, 17.049301152451438, 7.004999999999997
0.002970941883767535, 0.9271282725098775, 7.092601296605254E-4, 16.550467225078677, -0.00583050092461691, 0.0, 0.0027181175231645897, -0.0031123834014523326, -7.177851937032639, 0.0, 20.02109948008889, 12.843247543056325, 1.04268758125041, 0.0, 16.188771382828484, 17.231458964078985, 7.004999999999996
0.0029767535070140275, 0.9277741785728932, 7.106475525111262E-4, 16.691574841640602, -0.005840456655535025, 0.0, 0.0027460430091198022, -0.0030944136464152367, -7.173537943324567, 0.0, 20.23439642300737, 13.060858479682809, 1.0449616981606311, 0.0, 16.37025448736508, 17.415216185525733, 7.004999999999997
0.0029825651302605206, 0.9284064822540081, 7.120349753617269E-4, 16.83274297481745, -0.005850406354075835, 0.0, 0.002774265699109526, -0.0030761406549663223, -7.169155911818629, 0.0, 20.449527012021594, 13.280371100203034, 1.0473033303748045, 0.0, 16.553277817661233, 17.600581148036127, 7.004999999999997
0.0029883767535070138, 0.9290251359481327, 7.134223982123276E-4, 16.973943358917154, -0.005860349924910423, 0.0, 0.002802788143412241, -0.003057561781498187, -7.164704497049995, 0.0, 20.66650023654625, 13.501795739496254, 1.049713692784122, 0.0, 16.73784850030222, 17.787562193086348, 7.004999999999997
0.0029941883767535065, 0.9296300929453845, 7.148098210629282E-4, 17.1151471619022, -0.005870287270833265, 0.0, 0.00283161290477892, -0.003038674366054361, -7.1601823393053206, 0.0, 20.88532508649477, 13.725142747189468, 1.052194012916726, 0.0, 16.923973659386103, 17.97616767230287, 7.004999999999997
0.0029999999999999996, 0.9302213074452936, 7.161972439135289E-4, 17.256324979497606, -0.005880218292742421, 0.0, 0.0028607425584335914, -0.0030194757343088388, -7.155588064551284, 0.0, 21.106010552110387, 13.950422487559099, 1.0547455309971183, 0.0, 17.111660416382993, 18.166405947380117, 7.0049999999999955
