phi0, phi, rho, Z_fit_curve, F_id, F_fr, F_ex, F_total, mu_id, mu_fr, mu_ex, mu_kT, PV_id, PV_fr, PV_ex, PV_NkT, alpha
1.0E-6, 3.560907994510832E-4, 2.38732414637843E-7, 1.0009525125273033, -7.152033730503445E-6, 0.0, -3.8673504261517346E-8, -7.190707234765096E-6, -12.103096111346103, 0.0, 0.028473028628742198, -12.074623082717347, 17.855272723288593, 0.0, 0.1904682244641508, 18.045740947753323, 7.004999999999995
1.0981963927695391E-6, 3.8973516264389363E-4, 2.621750765924411E-7, 1.001044084031117, -7.435762521245743E-6, 0.0, -3.800602067655015E-8, -7.473768541922427E-6, -12.103096111346103, 0.0, 0.028473028628742198, -12.074623082717347, 16.25872461505671, 0.0, 0.17343730658576412, 16.432161921643, 7.004999999999995
1.1963927855390783E-6, 4.233795258367041E-4, 2.856177385470392E-7, 1.0011353047037945, -7.71949131198804E-6, 0.0, -3.733853709158295E-8, -7.756829849079758E-6, -12.103096111346103, 0.0, 0.028473028628742198, -12.074623082717347, 14.924256430753427, 0.0, 0.15920208376910966, 15.083458514523022, 7.004999999999995
1.2945891783086175E-6, 4.570238890295146E-4, 3.0906040050163733E-7, 1.001226174545336, -8.003220102730337E-6, 0.0, -3.667105350661576E-8, -8.039891156237087E-6, -12.103096111346103, 0.0, 0.028473028628742198, -12.074623082717347, 13.792230788315821, 0.0, 0.1471263839181769, 13.939357172234443, 7.004999999999995
1.3927855710781565E-6, 4.906682522223249E-4, 3.3250306245623543E-7, 1.001316693555741, -8.286948893472635E-6, 0.0, -3.600356992164856E-8, -8.322952463394416E-6, -12.103096111346103, 0.0, 0.028473028628742198, -12.074623082717347, 12.81982890551258, 0.0, 0.13675344462156452, 12.956582350134555, 7.004999999999995
1.4909819638476956E-6, 5.243126154151354E-4, 3.5594572441083354E-7, 1.0014068617350098, -8.570677684214932E-6, 0.0, -3.5336086336681356E-8, -8.606013770551748E-6, -12.103096111346103, 0.0, 0.028473028628742198, -12.074623082717347, 11.975512216935519, 0.0, 0.12774683335043158, 12.103259050286342, 7.004999999999995
1.5891783566172348E-6, 5.579569786079458E-4, 3.7938838636543165E-7, 1.0014966790831425, -8.85440647495723E-6, 0.0, -3.466860275171416E-8, -8.889075077709077E-6, -12.103096111346103, 0.0, 0.028473028628742198, -12.074623082717347, 11.235537313316913, 0.0, 0.119853271139173, 11.355390584456451, 7.004999999999995
1.687374749386774E-6, 5.916013418007563E-4, 4.0283104832002975E-7, 1.001586145600139, -9.138135265699528E-6, 0.0, -3.400111916674697E-8, -9.172136384866408E-6, -12.103096111346103, 0.0, 0.028473028628742198, -12.074623082717347, 10.581687754766723, 0.0, 0.11287843707117864, 10.694566191838243, 7.004999999999995
1.7855711421563132E-6, 6.252457049935667E-4, 4.2627371027462786E-7, 1.0016752612859994, -9.421864056441826E-6, 0.0, -3.333363558177977E-8, -9.455197692023738E-6, -12.103096111346103, 0.0, 0.028473028628742198, -12.074623082717347, 9.999754309271593, 0.0, 0.10667075646962754, 10.106425065741545, 7.004999999999995
1.8837675349258522E-6, 6.588900681863772E-4, 4.4971637222922596E-7, 1.0017640261407235, -9.705592847184123E-6, 0.0, -3.266615199681257E-8, -9.738258999181067E-6, -12.103096111346103, 0.0, 0.028473028628742198, -12.074623082717347, 9.478490520854741, 0.0, 0.10111025959030973, 9.579600780445357, 7.004999999999995
1.9819639276953915E-6, 6.925344313791878E-4, 4.7315903418382407E-7, 1.0018524401643114, -9.989321637926422E-6, 0.0, -3.199866841184537E-8, -1.0021320306338398E-5, -12.103096111346103, 0.0, 0.028473028628742198, -12.074623082717347, 9.008878755957248, 0.0, 0.09610075229049471, 9.104979508248032, 7.004999999999995
2.0801603204649305E-6, 7.261787945719981E-4, 4.966016961384222E-7, 1.0019405033567632, -1.0273050428668719E-5, 0.0, -3.133118482687818E-8, -1.0304381613495729E-5, -12.103096111346103, 0.0, 0.028473028628742198, -12.074623082717347, 8.58360413263619, 0.0, 0.09156420425401626, 8.675168336890483, 7.004999999999995
2.17835671323447E-6, 7.598231577648087E-4, 5.200443580930204E-7, 1.0020282157180787, -1.0556779219411016E-5, 0.0, -3.066370124191098E-8, -1.0587442920653058E-5, -12.103096111346103, 0.0, 0.028473028628742198, -12.074623082717347, 8.196670735701826, 0.0, 0.08743665502852357, 8.284107390730613, 7.004999999999995
2.276553106004009E-6, 7.93467520957619E-4, 5.434870200476184E-7, 1.0021155772482582, -1.0840508010153314E-5, 0.0, -2.999621765694378E-8, -1.0870504227810388E-5, -12.103096111346103, 0.0, 0.028473028628742198, -12.074623082717347, 7.843117156458353, 0.0, 0.08366517959182428, 7.926782336050431, 7.004999999999995
2.3747494987735483E-6, 8.271118841504296E-4, 5.669296820022166E-7, 1.0022025879473013, -1.1124236800895613E-5, 0.0, -2.932873407197658E-8, -1.1153565534967719E-5, -12.103096111346103, 0.0, 0.028473028628742198, -12.074623082717347, 7.518802607395029, 0.0, 0.08020560676505842, 7.599008214160331, 7.004999999999995
2.4729458915430872E-6, 8.6075624734324E-4, 5.903723439568146E-7, 1.0022892478152083, -1.1407965591637908E-5, 0.0, -2.8661250487009383E-8, -1.1436626842125048E-5, -12.103096111346103, 0.0, 0.028473028628742198, -12.074623082717347, 7.220243994965504, 0.0, 0.07702078121300948, 7.297264776178748, 7.004999999999995
2.5711422843126266E-6, 8.944006105360505E-4, 6.138150059114128E-7, 1.002375556851979, -1.1691694382380209E-5, 0.0, -2.7993766902042186E-8, -1.171968814928238E-5, -12.103096111346103, 0.0, 0.028473028628742198, -12.074623082717347, 6.944490327209587, 0.0, 0.07407922370778904, 7.018569550917601, 7.004999999999995
2.669338677082165E-6, 9.280449737288608E-4, 6.372576678660108E-7, 1.0024615150576135, -1.1975423173122503E-5, 0.0, -2.7326283317074992E-8, -1.2002749456439708E-5, -12.103096111346103, 0.0, 0.028473028628742198, -12.074623082717347, 6.689024842215249, 0.0, 0.07135408710008662, 6.760378929315553, 7.004999999999995
2.767535069851705E-6, 9.616893369216715E-4, 6.60700329820609E-7, 1.0025471224321119, -1.2259151963864803E-5, 0.0, -2.665879973210779E-8, -1.228581076359704E-5, -12.103096111346103, 0.0, 0.028473028628742198, -12.074623082717347, 6.451687972375124, 0.0, 0.0688223345528759, 6.520510306928209, 7.004999999999995
2.8657314626212435E-6, 9.953337001144817E-4, 6.84142991775207E-7, 1.002632378975474, -1.2542880754607099E-5, 0.0, -2.5991316147140597E-8, -1.2568872070754367E-5, -12.103096111346103, 0.0, 0.028473028628742198, -12.074623082717347, 6.23061614676088, 0.0, 0.06646408672567394, 6.2970802334867555, 7.004999999999995
2.9639278553907834E-6, 0.0010289780633072924, 7.075856537298052E-7, 1.0027172846877002, -1.2826609545349398E-5, 0.0, -2.5323832562173393E-8, -1.28519333779117E-5, -12.103096111346103, 0.0, 0.028473028628742198, -12.074623082717347, 6.024192758542849, 0.0, 0.06426209872744633, 6.08845485727049, 7.004999999999995
3.0621242481603223E-6, 0.0010626224265001029, 7.310283156844033E-7, 1.0028018395687899, -1.3110338336091695E-5, 0.0, -2.46563489772062E-8, -1.313499468506903E-5, -12.103096111346103, 0.0, 0.028473028628742198, -12.074623082717347, 5.831008566688882, 0.0, 0.06220133770815511, 5.893209904397226, 7.004999999999995
3.160320640929861E-6, 0.001096266789692913, 7.544709776390013E-7, 1.0028860436187435, -1.3394067126833991E-5, 0.0, -2.3988865392239005E-8, -1.3418055992226358E-5, -12.103096111346103, 0.0, 0.028473028628742198, -12.074623082717347, 5.649829479971703, 0.0, 0.0602686391998849, 5.710098119171771, 7.004999999999995
3.2585170336994007E-6, 0.0011299111528857238, 7.779136395935996E-7, 1.002969896837561, -1.3677795917576292E-5, 0.0, -2.33213818072718E-8, -1.370111729938369E-5, -12.103096111346103, 0.0, 0.028473028628742198, -12.074623082717347, 5.479570166008146, 0.0, 0.05845242559555131, 5.538022591603874, 7.004999999999995
3.3567134264689397E-6, 0.0011635555160785342, 8.013563015481977E-7, 1.0030533992252422, -1.3961524708318589E-5, 0.0, -2.2653898222304607E-8, -1.3984178606541019E-5, -12.103096111346103, 0.0, 0.028473028628742198, -12.074623082717347, 5.319272292502868, 0.0, 0.05674247404089895, 5.376014766543939, 7.004999999999995
3.454909819238479E-6, 0.0011971998792713447, 8.247989635027958E-7, 1.0031365507817873, -1.4245253499060886E-5, 0.0, -2.1986414637337406E-8, -1.426723991369835E-5, -12.103096111346103, 0.0, 0.028473028628742198, -12.074623082717347, 5.168086479092008, 0.0, 0.055129723908722235, 5.223216203000897, 7.004999999999995
3.553106212008018E-6, 0.0012308442424641551, 8.482416254573939E-7, 1.003219351507196, -1.4528982289803183E-5, 0.0, -2.131893105237021E-8, -1.455030122085568E-5, -12.103096111346103, 0.0, 0.028473028628742198, -12.074623082717347, 5.025257241943744, 0.0, 0.0536061161978349, 5.078863358141741, 7.004999999999995
3.651302604777557E-6, 0.0012644886056569654, 8.71684287411992E-7, 1.003301801401469, -1.481271108054548E-5, 0.0, -2.0651447467403015E-8, -1.483336252801301E-5, -12.103096111346103, 0.0, 0.028473028628742198, -12.074623082717347, 4.8901103677152955, 0.0, 0.05216445884680501, 4.942274826562259, 7.004999999999995
3.7494989975470964E-6, 0.001298132968849776, 8.951269493665901E-7, 1.0033839004646052, -1.509643987128778E-5, 0.0, -1.9983963882435815E-8, -1.511642383517034E-5, -12.103096111346103, 0.0, 0.028473028628742198, -12.074623082717347, 4.762042271505987, 0.0, 0.050798313211646184, 4.812840584717787, 7.004999999999995
3.847695390316635E-6, 0.0013317773320425865, 9.185696113211882E-7, 1.0034656486966054, -1.5380168662030077E-5, 0.0, -1.9316480297468617E-8, -1.539948514232767E-5, -12.103096111346103, 0.0, 0.028473028628742198, -12.074623082717347, 4.640510984373751, 0.0, 0.04950189792661231, 4.690012882300514, 7.004999999999995
3.945891783086175E-6, 0.001365421695235397, 9.420122732757863E-7, 1.0035470460974696, -1.5663897452772374E-5, 0.0, -1.864899671250142E-8, -1.5682546449485003E-5, -12.103096111346103, 0.0, 0.028473028628742198, -12.074623082717347, 4.525028486544952, 0.0, 0.04827000711995733, 4.573298493665057, 7.004999999999995
4.044088175855713E-6, 0.0013990660584282072, 9.654549352303843E-7, 1.0036280926671974, -1.5947626243514668E-5, 0.0, -1.7981513127534226E-8, -1.596560775664233E-5, -12.103096111346103, 0.0, 0.028473028628742198, -12.074623082717347, 4.415154157589673, 0.0, 0.04709794054474306, 4.46225209813456, 7.004999999999995
4.142284568625253E-6, 0.0014327104216210176, 9.888975971849825E-7, 1.0037087884057891, -1.623135503425697E-5, 0.0, -1.7314029542567025E-8, -1.624866906379966E-5, -12.103096111346103, 0.0, 0.028473028628742198, -12.074623082717347, 4.310489158212138, 0.0, 0.045981443647499974, 4.356470601859779, 7.004999999999995
4.240480961394791E-6, 0.001466354784813828, 1.0123402591395805E-6, 1.0037891333132447, -1.6515083824999263E-5, 0.0, -1.6646545957599834E-8, -1.6531730370956987E-5, -12.103096111346103, 0.0, 0.028473028628742198, -12.074623082717347, 4.210671592643014, 0.0, 0.044916655963832326, 4.2555882486069825, 7.004999999999995
4.3386773541643315E-6, 0.0014999991480066388, 1.0357829210941787E-6, 1.003869127389564, -1.6798812615741567E-5, 0.0, -1.5979062372632627E-8, -1.6814791678114322E-5, -12.103096111346103, 0.0, 0.028473028628742198, -12.074623082717347, 4.115372327963228, 0.0, 0.043900066521733026, 4.159272394485092, 7.004999999999995
4.436873746933871E-6, 0.0015336435111994494, 1.059225583048777E-6, 1.0039487706347472, -1.7082541406483864E-5, 0.0, -1.531157878766543E-8, -1.709785298527165E-5, -12.103096111346103, 0.0, 0.028473028628742198, -12.074623082717347, 4.024291368585278, 0.0, 0.04292847516695174, 4.0672198437523575, 7.004999999999995
4.535070139703409E-6, 0.0015672878743922597, 1.082668245003375E-6, 1.004028063048794, -1.736627019722616E-5, 0.0, -1.4644095202698236E-8, -1.738091429242898E-5, -12.103096111346103, 0.0, 0.028473028628742198, -12.074623082717347, 3.937154701747639, 0.0, 0.041998958912817894, 3.979153660660583, 7.004999999999995
4.633266532472948E-6, 0.00160093223758507, 1.106110906957973E-6, 1.0041070046317049, -1.7649998987968455E-5, 0.0, -1.3976611617731042E-8, -1.766397559958631E-5, -12.103096111346103, 0.0, 0.028473028628742198, -12.074623082717347, 3.8537115441443355, 0.0, 0.041108842569108746, 3.8948203867135684, 7.004999999999995
4.731462925242487E-6, 0.0016345766007778803, 1.1295535689125711E-6, 1.0041855953834795, -1.7933727778710756E-5, 0.0, -1.3309128032763841E-8, -1.794703690674364E-5, -12.103096111346103, 0.0, 0.028473028628742198, -12.074623082717347, 3.7737319314139017, 0.0, 0.040255673028313815, 3.8139876044423375, 7.004999999999995
4.8296593180120276E-6, 0.0016682209639706912, 1.1529962308671694E-6, 1.0042638353041176, -1.8217456569453053E-5, 0.0, -1.264164444779664E-8, -1.8230098213900974E-5, -12.103096111346103, 0.0, 0.028473028628742198, -12.074623082717347, 3.697004601690649, 0.0, 0.03943719668876165, 3.7364417983795315, 7.004999999999995
4.927855710781566E-6, 0.0017018653271635015, 1.1764388928217674E-6, 1.0043417243936197, -1.850118536019535E-5, 0.0, -1.1974160862829447E-8, -1.85131595210583E-5, -12.103096111346103, 0.0, 0.028473028628742198, -12.074623082717347, 3.6233351322002725, 0.0, 0.038651339577055556, 3.6619864717774435, 7.004999999999995
5.026052103551105E-6, 0.0017355096903563117, 1.1998815547763654E-6, 1.0044192626519857, -1.8784914150937648E-5, 0.0, -1.1306677277862253E-8, -1.8796220828215632E-5, -12.103096111346103, 0.0, 0.028473028628742198, -12.074623082717347, 3.55254429429276, 0.0, 0.037896189800654366, 3.5904404840935293, 7.004999999999995
5.124248496320644E-6, 0.0017691540535491224, 1.2233242167309636E-6, 1.0044964500792155, -1.9068642941679945E-5, 0.0, -1.0639193692895052E-8, -1.907928213537296E-5, -12.103096111346103, 0.0, 0.028473028628742198, -12.074623082717347, 3.484466597611179, 0.0, 0.03716998201802906, 3.5216365796293205, 7.004999999999995
5.2224448890901834E-6, 0.0018027984167419328, 1.2467668786855618E-6, 1.0045732866753092, -1.9352371732422242E-5, 0.0, -9.971710107927851E-9, -1.936234344253029E-5, -12.103096111346103, 0.0, 0.028473028628742198, -12.074623082717347, 3.418948998502349, 0.0, 0.036471083660843145, 3.455420082163301, 7.004999999999995
5.320641281859722E-6, 0.001836442779934743, 1.2702095406401596E-6, 1.0046497724402665, -1.963610052316454E-5, 0.0, -9.304226522960657E-9, -1.964540474968762E-5, -12.103096111346103, 0.0, 0.028473028628742198, -12.074623082717347, 3.3558497514509478, 0.0, 0.03579798268181246, 3.3916477341328672, 7.004999999999995
5.418837674629263E-6, 0.0018700871431275542, 1.2936522025947582E-6, 1.0047259073740877, -1.9919829313906844E-5, 0.0, -8.63674293799345E-9, -1.9928466056844955E-5, -12.103096111346103, 0.0, 0.028473028628742198, -12.074623082717347, 3.2950373853946813, 0.0, 0.03514927663471335, 3.3301866620295, 7.004999999999995
5.517034067398801E-6, 0.0019037315063203642, 1.317094864549356E-6, 1.0048016914767728, -2.0203558104649134E-5, 0.0, -7.969259353026263E-9, -2.021152736400228E-5, -12.103096111346103, 0.0, 0.028473028628742198, -12.074623082717347, 3.2363897893614206, 0.0, 0.03452366292056516, 3.270913452282092, 7.004999999999995
5.61523046016834E-6, 0.0019373758695131746, 1.3405375265039542E-6, 1.0048771247483215, -2.048728689539143E-5, 0.0, -7.301775768059062E-9, -2.0494588671159613E-5, -12.103096111346103, 0.0, 0.028473028628742198, -12.074623082717347, 3.1797933940458964, 0.0, 0.033919930057232366, 3.213713324103233, 7.004999999999995
5.7134268529378796E-6, 0.0019710202327059855, 1.3639801884585524E-6, 1.0049522071887342, -2.0771015686133736E-5, 0.0, -6.634292183091861E-9, -2.077764997831694E-5, -12.103096111346103, 0.0, 0.028473028628742198, -12.074623082717347, 3.1251424377836057, 0.0, 0.03333694984932044, 3.158479387633026, 7.004999999999995
5.811623245707418E-6, 0.0020046645958987958, 1.3874228504131502E-6, 1.0050269387980104, -2.1054744476876026E-5, 0.0, -5.966808598124667E-9, -2.106071128547427E-5, -12.103096111346103, 0.0, 0.028473028628742198, -12.074623082717347, 3.0723383069397783, 0.0, 0.03277367035188223, 3.105111977291761, 7.004999999999995
5.9098196384769575E-6, 0.0020383089590916064, 1.4108655123677484E-6, 1.0051013195761507, -2.1338473267618323E-5, 0.0, -5.299325013157467E-9, -2.1343772592631603E-5, -12.103096111346103, 0.0, 0.028473028628742198, -12.074623082717347, 3.0212889420581606, 0.0, 0.03222910953560625, 3.0535180515938656, 7.004999999999995
6.008016031246497E-6, 0.0020719533222844167, 1.4343081743223466E-6, 1.0051753495231548, -2.1622202058360628E-5, 0.0, -4.631841428190273E-9, -2.1626833899788932E-5, -12.103096111346103, 0.0, 0.028473028628742198, -12.074623082717347, 2.9719083022460127, 0.0, 0.03170234957323074, 3.003610651819338, 7.004999999999995
6.106212424016036E-6, 0.0021055976854772273, 1.4577508362769448E-6, 1.0052490286390225, -2.1905930849102925E-5, 0.0, -3.964357843223072E-9, -2.1909895206946264E-5, -12.103096111346103, 0.0, 0.028473028628742198, -12.074623082717347, 2.9241158812397234, 0.0, 0.03119253167725214, 2.955308412917069, 7.004999999999995
6.204408816785574E-6, 0.002139242048670037, 1.4811934982315426E-6, 1.0053223569237542, -2.2189659639845215E-5, 0.0, -3.2968742582558847E-9, -2.219295651410359E-5, -12.103096111346103, 0.0, 0.028473028628742198, -12.074623082717347, 2.8778362694254533, 0.0, 0.030698851427851264, 2.908535120853399, 7.004999999999995
6.302605209555114E-6, 0.0021728864118628483, 1.5046361601861408E-6, 1.0053953343773498, -2.247338843058752E-5, 0.0, -2.6293906732886774E-9, -2.2476017821260922E-5, -12.103096111346103, 0.0, 0.028473028628742198, -12.074623082717347, 2.8329987568028177, 0.0, 0.030220554537572802, 2.863219311340481, 7.004999999999995
6.400801602324654E-6, 0.0022065307750556585, 1.528078822140739E-6, 1.005467960999809, -2.2757117221329817E-5, 0.0, -1.9619070883214768E-9, -2.2759079128418255E-5, -12.103096111346103, 0.0, 0.028473028628742198, -12.074623082717347, 2.7895369724948034, 0.0, 0.02975693300585605, 2.8192939055007487, 7.004999999999995
6.498997995094193E-6, 0.002240175138248469, 1.5515214840953373E-6, 1.0055402367911321, -2.3040846012072114E-5, 0.0, -1.2944235033542828E-9, -2.3042140435575584E-5, -12.103096111346103, 0.0, 0.028473028628742198, -12.074623082717347, 2.7473885569385845, 0.0, 0.02930732162218343, 2.7766958785608575, 7.004999999999995
6.597194387863731E-6, 0.002273819501441279, 1.574964146049935E-6, 1.005612161751319, -2.3324574802814405E-5, 0.0, -6.269399183870954E-10, -2.332520174273291E-5, -12.103096111346103, 0.0, 0.028473028628742198, -12.074623082717347, 2.706494863352115, 0.0, 0.02887109478152382, 2.7353659581337273, 7.004999999999995
6.69539078063327E-6, 0.0023074638646340896, 1.5984068080045333E-6, 1.0056837358803696, -2.360830359355671E-5, 0.0, 4.054366658010526E-11, -2.360826304989024E-5, -12.103096111346103, 0.0, 0.028473028628742198, -12.074623082717347, 2.666800685470938, 0.0, 0.028447663580009254, 2.6952483490510324, 7.004999999999995
6.79358717340281E-6, 0.0023411082278269007, 1.6218494699591315E-6, 1.0057549591782842, -2.3892032384299006E-5, 0.0, 7.080272515473125E-10, -2.3891324357047574E-5, -12.103096111346103, 0.0, 0.028473028628742198, -12.074623082717347, 2.628254008897208, 0.0, 0.028036473162490975, 2.656290482059785, 7.0049999999999955
6.89178356617235E-6, 0.002374752591019711, 1.6452921319137297E-6, 1.0058258316450623, -2.4175761175041303E-5, 0.0, 1.3755108365145131E-9, -2.4174385664204906E-5, -12.103096111346103, 0.0, 0.028473028628742198, -12.074623082717347, 2.590805783705899, 0.0, 0.027637000296852846, 2.6184427840028364, 7.0049999999999955
6.9899799589418874E-6, 0.002408396954212521, 1.6687347938683275E-6, 1.0058963532807044, -2.44594899657836E-5, 0.0, 2.0429944214817005E-9, -2.4457446971362232E-5, -12.103096111346103, 0.0, 0.028473028628742198, -12.074623082717347, 2.5544097162177635, 0.0, 0.027248751152783426, 2.5816584673706284, 7.0049999999999955
7.088176351711427E-6, 0.0024420413174053314, 1.6921774558229257E-6, 1.0059665240852105, -2.4743218756525898E-5, 0.0, 2.7104780064488946E-9, -2.474050827851956E-5, -12.103096111346103, 0.0, 0.028473028628742198, -12.074623082717347, 2.5190220780804187, 0.0, 0.026871259265179342, 2.5458933373456785, 7.0049999999999955
7.186372744480966E-6, 0.002475685680598142, 1.715620117777524E-6, 1.0060363440585802, -2.5026947547268195E-5, 0.0, 3.377961591416095E-9, -2.5023569585676893E-5, -12.103096111346103, 0.0, 0.028473028628742198, -12.074623082717347, 2.484601531002019, 0.0, 0.02650408366452015, 2.5111056146666204, 7.0049999999999955
7.2845691372505065E-6, 0.002509330043790953, 1.7390627797321221E-6, 1.0061058132008138, -2.53106763380105E-5, 0.0, 4.0454451763833024E-9, -2.5306630892834226E-5, -12.103096111346103, 0.0, 0.028473028628742198, -12.074623082717347, 2.451108965660515, 0.0, 0.026146807158458966, 2.4772557728190523, 7.0049999999999955
7.382765530020044E-6, 0.002542974406983763, 1.76250544168672E-6, 1.006174931511911, -2.559440512875279E-5, 0.0, 4.71292876135049E-9, -2.558969219999155E-5, -12.103096111346103, 0.0, 0.028473028628742198, -12.074623082717347, 2.4185073534686836, 0.0, 0.02579903475055013, 2.444306388219311, 7.0049999999999955
7.4809619227895835E-6, 0.0025766187701765733, 1.7859481036413181E-6, 1.0062436989918722, -2.5878133919495087E-5, 0.0, 5.3804123463176905E-9, -2.5872753507148884E-5, -12.103096111346103, 0.0, 0.028473028628742198, -12.074623082717347, 2.386761610013718, 0.0, 0.025460392183513064, 2.4122220021973093, 7.0049999999999955
7.579158315559123E-6, 0.002610263133369384, 1.8093907655959163E-6, 1.0063121156406971, -2.6161862710237384E-5, 0.0, 6.0478959312848845E-9, -2.6155814814306213E-5, -12.103096111346103, 0.0, 0.028473028628742198, -12.074623082717347, 2.3558384691125673, 0.0, 0.02513052459573801, 2.3809689937083824, 7.0049999999999955
7.677354708328662E-6, 0.0026439074965621946, 1.8328334275505145E-6, 1.006380181458386, -2.644559150097968E-5, 0.0, 6.715379516252085E-9, -2.6438876121463545E-5, -12.103096111346103, 0.0, 0.028473028628742198, -12.074623082717347, 2.3257063665325464, 0.0, 0.024809095280894634, 2.350515461813517, 7.0049999999999955
7.7755511010982E-6, 0.0026775518597550044, 1.8562760895051123E-6, 1.0064478964449386, -2.672932029172198E-5, 0.0, 7.3828631012192725E-9, -2.672193742862087E-5, -12.103096111346103, 0.0, 0.028473028628742198, -12.074623082717347, 2.2963353325228315, 0.0, 0.024495784541529095, 2.320831117064434, 7.0049999999999955
7.87374749386774E-6, 0.002711196222947815, 1.8797187514597105E-6, 1.0065152606003547, -2.7013049082464276E-5, 0.0, 8.050346686186473E-9, -2.7004998735778203E-5, -12.103096111346103, 0.0, 0.028473028628742198, -12.074623082717347, 2.2676968923876077, 0.0, 0.024190288628444325, 2.291887181016126, 7.0049999999999955
7.971943886637279E-6, 0.0027448405861406257, 1.9031614134143087E-6, 1.006582273924635, -2.7296777873206573E-5, 0.0, 8.717830271153674E-9, -2.7288060042935532E-5, -12.103096111346103, 0.0, 0.028473028628742198, -12.074623082717347, 2.239763974407538, 0.0, 0.023892318758467077, 2.263656293166078, 7.0049999999999955
8.07014027940682E-6, 0.002778484949333437, 1.926604075368907E-6, 1.006648936417779, -2.7580506663948877E-5, 0.0, 9.385313856120881E-9, -2.7571121350092868E-5, -12.103096111346103, 0.0, 0.028473028628742198, -12.074623082717347, 2.2125108244835867, 0.0, 0.02360160020392493, 2.236112424687584, 7.0049999999999955
8.16833667217636E-6, 0.002812129312526247, 1.950046737323505E-6, 1.0067152480797867, -2.7864235454691175E-5, 0.0, 1.0052797441088082E-8, -2.78541826572502E-5, -12.103096111346103, 0.0, 0.028473028628742198, -12.074623082717347, 2.1859129269375788, 0.0, 0.02331787144779902, 2.2092307983854496, 7.0049999999999955
8.266533064945897E-6, 0.0028457736757190573, 1.973489399278103E-6, 1.0067812089106585, -2.8147964245433472E-5, 0.0, 1.0720281026055269E-8, -2.8137243964407526E-5, -12.103096111346103, 0.0, 0.028473028628742198, -12.074623082717347, 2.159946930957502, 0.0, 0.023040883399091248, 2.1829878143566623, 7.0049999999999955
8.364729457715436E-6, 0.0028794180389118676, 1.996932061232701E-6, 1.0068468189103938, -2.843169303617577E-5, 0.0, 1.138776461102247E-8, -2.8420305271564855E-5, -12.103096111346103, 0.0, 0.028473028628742198, -12.074623082717347, 2.134590582223709, 0.0, 0.022770398663457935, 2.157360980887235, 7.0049999999999955
8.462925850484976E-6, 0.0029130624021046782, 2.0203747231872994E-6, 1.006912078078993, -2.8715421826918067E-5, 0.0, 1.205524819598967E-8, -2.8703366578722187E-5, -12.103096111346103, 0.0, 0.028473028628742198, -12.074623082717347, 2.109822659295235, 0.0, 0.02250619086462111, 2.1323288501599236, 7.0049999999999955
8.561122243254515E-6, 0.002946706765297489, 2.0438173851418976E-6, 1.0069769864164562, -2.8999150617660364E-5, 0.0, 1.2722731780956871E-8, -2.8986427885879516E-5, -12.103096111346103, 0.0, 0.028473028628742198, -12.074623082717347, 2.0856229143740035, 0.0, 0.02224804401248033, 2.107870958386552, 7.0049999999999955
8.659318636024053E-6, 0.0029803511284902987, 2.0672600470964954E-6, 1.0070415439227831, -2.928287940840266E-5, 0.0, 1.3390215365924058E-8, -2.926948919303684E-5, -12.103096111346103, 0.0, 0.028473028628742198, -12.074623082717347, 2.061972018099439, 0.0, 0.02199575191421813, 2.0839677700137234, 7.0049999999999955
8.757515028793592E-6, 0.0030139954916831094, 2.0907027090510936E-6, 1.0071057505979737, -2.956660819914496E-5, 0.0, 1.4057698950891252E-8, -2.9552550500194174E-5, -12.103096111346103, 0.0, 0.028473028628742198, -12.074623082717347, 2.038851508057108, 0.0, 0.021749117625024402, 2.0606006256821976, 7.0049999999999955
8.855711421563132E-6, 0.00304763985487592, 2.114145371005692E-6, 1.0071696064420281, -2.9850336989887256E-5, 0.0, 1.4725182535858453E-8, -2.9835611807351506E-5, -12.103096111346103, 0.0, 0.028473028628742198, -12.074623082717347, 2.0162437407131484, 0.0, 0.021507952935364623, 2.0377516936485773, 7.0049999999999955
8.953907814332671E-6, 0.0030812842180687303, 2.13758803296029E-6, 1.0072331114549462, -3.0134065780629553E-5, 0.0, 1.5392666120825647E-8, -3.0118673114508835E-5, -12.103096111346103, 0.0, 0.028473028628742198, -12.074623082717347, 1.9941318465114586, 0.0, 0.021272077891986457, 2.0154039244035102, 7.0049999999999955
9.05210420710221E-6, 0.003114928581261541, 2.161030694914888E-6, 1.0072962656367284, -3.041779457137185E-5, 0.0, 1.6060149705792854E-8, -3.0401734421666168E-5, -12.103096111346103, 0.0, 0.028473028628742198, -12.074623082717347, 1.9724996878935044, 0.0, 0.02104132035010279, 1.9935410082436718, 7.0049999999999955
9.15030059987175E-6, 0.0031485729444543516, 2.184473356869486E-6, 1.0073590689873742, -3.070152336211415E-5, 0.0, 1.6727633290760048E-8, -3.06847957288235E-5, -12.103096111346103, 0.0, 0.028473028628742198, -12.074623082717347, 1.9513318200211747, 0.0, 0.02081551555440926, 1.9721473355756478, 7.0049999999999955
9.24849699264129E-6, 0.003182217307647162, 2.2079160188240842E-6, 1.0074215215068838, -3.0985252152856445E-5, 0.0, 1.7395116875727256E-8, -3.096785703598083E-5, -12.103096111346103, 0.0, 0.028473028628742198, -12.074623082717347, 1.9306134540018138, 0.0, 0.020594505746793213, 1.95120795974867, 7.0049999999999955
9.346693385410827E-6, 0.003215861670839972, 2.231358680778682E-6, 1.0074836231952573, -3.126898094359874E-5, 0.0, 1.8062600460694436E-8, -3.1250918343138155E-5, -12.103096111346103, 0.0, 0.028473028628742198, -12.074623082717347, 1.9103304224313962, 0.0, 0.02037813979877108, 1.9307085622302282, 7.0049999999999955
9.444889778180366E-6, 0.0032495060340327823, 2.2548013427332802E-6, 1.0075453740524947, -3.155270973434104E-5, 0.0, 1.8730084045661644E-8, -3.153397965029548E-5, -12.103096111346103, 0.0, 0.028473028628742198, -12.074623082717347, 1.8904691470871295, 0.0, 0.02016627286685457, 1.9106354199540445, 7.0049999999999955
9.543086170949906E-6, 0.003283150397225593, 2.2782440046878784E-6, 1.007606774078596, -3.183643852508334E-5, 0.0, 1.9397567630628838E-8, -3.181704095745281E-5, -12.103096111346103, 0.0, 0.028473028628742198, -12.074623082717347, 1.8710166086147053, 0.0, 0.019958766069194136, 1.890975374683959, 7.0049999999999955
9.641282563719443E-6, 0.0033167947604184032, 2.3016866666424762E-6, 1.0076678232735607, -3.2120167315825634E-5, 0.0, 2.006505121559602E-8, -3.2100102264610145E-5, -12.103096111346103, 0.0, 0.028473028628742198, -12.074623082717347, 1.8519603180679252, 0.0, 0.01975548618198276, 1.8717158042499684, 7.0049999999999955
9.739478956488984E-6, 0.0033504391236112143, 2.325129328597075E-6, 1.0077285216373895, -3.240389610656794E-5, 0.0, 2.073253480056324E-8, -3.238316357176748E-5, -12.103096111346103, 0.0, 0.028473028628742198, -12.074623082717347, 1.833288290170022, 0.0, 0.019556305354225364, 1.8528445955243058, 7.0049999999999955
9.837675349258524E-6, 0.0033840834868040246, 2.348571990551673E-6, 1.007788869170082, -3.2687624897310235E-5, 0.0, 2.1400018385530433E-8, -3.266622487892481E-5, -12.103096111346103, 0.0, 0.028473028628742198, -12.074623082717347, 1.8149890181763695, 0.0, 0.019361100839590785, 1.834350119016018, 7.0049999999999955
9.935871742028062E-6, 0.003417727849996835, 2.372014652506271E-6, 1.0078488658716385, -3.2971353688052526E-5, 0.0, 2.2067501970497627E-8, -3.2949286186082135E-5, -12.103096111346103, 0.0, 0.028473028628742198, -12.074623082717347, 1.797051450227764, 0.0, 0.019169754744164335, 1.816221204971987, 7.0049999999999955
1.0034068134797603E-5, 0.003451372213189646, 2.395457314460869E-6, 1.0079085117420583, -3.325508247879483E-5, 0.0, 2.2734985555464834E-8, -3.3232347493239475E-5, -12.103096111346103, 0.0, 0.028473028628742198, -12.074623082717347, 1.7794649670922091, 0.0, 0.01898215378901179, 1.7984471208812791, 7.0049999999999955
1.013226452756714E-5, 0.0034850165763824557, 2.418899976415467E-6, 1.0079678067813422, -3.353881126953712E-5, 0.0, 2.3402469140432015E-8, -3.351540880039679E-5, -12.103096111346103, 0.0, 0.028473028628742198, -12.074623082717347, 1.7622193612009673, 0.0, 0.018798189086550048, 1.7810175502875736, 7.0049999999999955
1.023046092033668E-5, 0.0035186609395752664, 2.442342638370065E-6, 1.00802675098949, -3.3822540060279425E-5, 0.0, 2.4069952725399222E-8, -3.3798470107554126E-5, -12.103096111346103, 0.0, 0.028473028628742198, -12.074623082717347, 1.7453048168919638, 0.0, 0.018617755929796618, 1.7639225728218162, 7.0049999999999955
1.0328657313106219E-5, 0.0035523053027680766, 2.4657853003246633E-6, 1.0080853443665017, -3.410626885102172E-5, 0.0, 2.4737436310366416E-8, -3.408153141471146E-5, -12.103096111346103, 0.0, 0.028473028628742198, -12.074623082717347, 1.7287118917801372, 0.0, 0.018440753593641085, 1.7471526453738335, 7.0049999999999955
1.0426853705875759E-5, 0.0035859496659608873, 2.4892279622792615E-6, 1.0081435869123772, -3.438999764176402E-5, 0.0, 2.5404919895333623E-8, -3.436459272186879E-5, -12.103096111346103, 0.0, 0.028473028628742198, -12.074623082717347, 1.7124314991805023, 0.0, 0.01826708514734582, 1.7306985843279041, 7.0049999999999955
1.0525050098645298E-5, 0.003619594029153698, 2.5126706242338597E-6, 1.0082014786271163, -3.4673726432506316E-5, 0.0, 2.6072403480300818E-8, -3.464765402902612E-5, -12.103096111346103, 0.0, 0.028473028628742198, -12.074623082717347, 1.6964548915151272, 0.0, 0.018096657277542685, 1.7145515487927268, 7.0049999999999955
1.0623246491414836E-5, 0.0036532383923465078, 2.5361132861884575E-6, 1.0082590195107193, -3.4957455223248614E-5, 0.0, 2.673988706526801E-8, -3.493071533618344E-5, -12.103096111346103, 0.0, 0.028473028628742198, -12.074623082717347, 1.680773644640395, 0.0, 0.017929380121046563, 1.6987030247614938, 7.0049999999999955
1.0721442884184375E-5, 0.0036868827555393184, 2.5595559481430557E-6, 1.0083162095631861, -3.524118401399091E-5, 0.0, 2.7407370650235206E-8, -3.5213776643340774E-5, -12.103096111346103, 0.0, 0.028473028628742198, -12.074623082717347, 1.6653796430355117, 0.0, 0.0177651671068563, 1.6831448101424198, 7.0049999999999955
1.0819639276953914E-5, 0.003720527118732129, 2.582998610097654E-6, 1.0083730487845166, -3.552491280473321E-5, 0.0, 2.80748542352024E-8, -3.5496837950498106E-5, -12.103096111346103, 0.0, 0.028473028628742198, -12.074623082717347, 1.6502650657975957, 0.0, 0.017603934806759463, 1.6678690006044066, 7.0049999999999955
1.0917835669723452E-5, 0.003754171481924939, 2.6064412720522517E-6, 1.0084295371747112, -3.58086415954755E-5, 0.0, 2.8742337820169594E-8, -3.577989925765544E-5, -12.103096111346103, 0.0, 0.028473028628742198, -12.074623082717347, 1.6354223733925164, 0.0, 0.017445602793999128, 1.652867976186569, 7.0049999999999955
1.1016032062492993E-5, 0.00378781584511775, 2.62988393400685E-6, 1.0084856747337692, -3.60923703862178E-5, 0.0, 2.94098214051368E-8, -3.606296056481277E-5, -12.103096111346103, 0.0, 0.028473028628742198, -12.074623082717347, 1.620844295114356, 0.0, 0.01729009350949971, 1.6381343886239086, 7.0049999999999955
1.1114228455262533E-5, 0.0038214602083105607, 2.653326595961448E-6, 1.0085414614616912, -3.63760991769601E-5, 0.0, 3.0077304990103995E-8, -3.6346021871970103E-5, -12.103096111346103, 0.0, 0.028473028628742198, -12.074623082717347, 1.6065238172096614, 0.0, 0.017137332135184338, 1.6236611493448982, 7.0049999999999955
1.1212424848032072E-5, 0.003855104571503371, 2.6767692579160463E-6, 1.0085968973584771, -3.6659827967702404E-5, 0.0, 3.07447885750712E-8, -3.6629083179127436E-5, -12.103096111346103, 0.0, 0.028473028628742198, -12.074623082717347, 1.5924541716257243, 0.0, 0.016987246473948985, 1.6094414180997254, 7.0049999999999955
1.1310621240801611E-5, 0.0038887489346961816, 2.7002119198706446E-6, 1.0086519824241267, -3.69435567584447E-5, 0.0, 3.1412272160038396E-8, -3.6912144486284755E-5, -12.103096111346103, 0.0, 0.028473028628742198, -12.074623082717347, 1.5786288253449778, 0.0, 0.016839766835888836, 1.5954685921809157, 7.0049999999999955
1.1408817633571149E-5, 0.003922393297888991, 2.7236545818252423E-6, 1.00870671665864, -3.722728554918699E-5, 0.0, 3.207975574500559E-8, -3.719520579344209E-5, -12.103096111346103, 0.0, 0.028473028628742198, -12.074623082717347, 1.565041470270185, 0.0, 0.01669482593040021, 1.5817362962006363, 7.0049999999999955
1.1507014026340688E-5, 0.003956037661081802, 2.7470972437798406E-6, 1.0087611000620174, -3.751101433992929E-5, 0.0, 3.2747239329972784E-8, -3.747826710059942E-5, -12.103096111346103, 0.0, 0.028473028628742198, -12.074623082717347, 1.5516860136275252, 0.0, 0.016552358763807038, 1.568238372391383, 7.0049999999999955
1.1605210419110228E-5, 0.003989682024274612, 2.7705399057344388E-6, 1.0088151326342585, -3.779474313067159E-5, 0.0, 3.341472291493999E-8, -3.776132840775675E-5, -12.103096111346103, 0.0, 0.028473028628742198, -12.074623082717347, 1.5385565688569018, 0.0, 0.01641230254218467, 1.554968871399137, 7.0049999999999955
1.1703406811879766E-5, 0.0040233263874674225, 2.7939825676890366E-6, 1.0088688143753635, -3.8078471921413884E-5, 0.0, 3.408220649990717E-8, -3.804438971491407E-5, -12.103096111346103, 0.0, 0.028473028628742198, -12.074623082717347, 1.5256474469608514, 0.0, 0.016274596579075797, 1.5419220435399748, 7.0049999999999955
1.1801603204649305E-5, 0.004056970750660233, 2.8174252296436348E-6, 1.008922145285332, -3.836220071215618E-5, 0.0, 3.4749690084874366E-8, -3.83274510220714E-5, -12.103096111346103, 0.0, 0.028473028628742198, -12.074623082717347, 1.5129531482853464, 0.0, 0.016139182207813494, 1.5290923304932071, 7.0049999999999955
1.1899799597418844E-5, 0.004090615113853043, 2.840867891598233E-6, 1.0089751253641646, -3.864592950289848E-5, 0.0, 3.5417173669841573E-8, -3.8610512329228735E-5, -12.103096111346103, 0.0, 0.028473028628742198, -12.074623082717347, 1.5004683547075486, 0.0, 0.016006002698185338, 1.5164743574057806, 7.0049999999999955
1.1997995990188385E-5, 0.004124259477045854, 2.864310553552831E-6, 1.009027754611861, -3.892965829364078E-5, 0.0, 3.608465725480878E-8, -3.889357363638607E-5, -12.103096111346103, 0.0, 0.028473028628742198, -12.074623082717347, 1.4881879222071859, 0.0, 0.015875003177189775, 1.504062925384422, 7.0049999999999955
1.2096192382957925E-5, 0.004157903840238665, 2.8877532155074294E-6, 1.0090800330284209, -3.921338708438308E-5, 0.0, 3.675214083977599E-8, -3.91766349435434E-5, -12.103096111346103, 0.0, 0.028473028628742198, -12.074623082717347, 1.4761068737997691, 0.0, 0.015746130553652364, 1.4918530043534675, 7.0049999999999955
1.2194388775727463E-5, 0.004191548203431475, 2.911195877462027E-6, 1.0091319606138447, -3.949711587512538E-5, 0.0, 3.741962442474317E-8, -3.945969625070073E-5, -12.103096111346103, 0.0, 0.028473028628742198, -12.074623082717347, 1.4642203928112367, 0.0, 0.015619333446484146, 1.479839726257769, 7.0049999999999955
1.2292585168497002E-5, 0.004225192566624286, 2.9346385394166254E-6, 1.0091835373681324, -3.9780844665867674E-5, 0.0, 3.808710800971036E-8, -3.9742757557858065E-5, -12.103096111346103, 0.0, 0.028473028628742198, -12.074623082717347, 1.4525238164749474, 0.0, 0.015494562116378575, 1.4680183785913736, 7.0049999999999955
1.2390781561266541E-5, 0.004258836929817096, 2.9580812013712236E-6, 1.009234763291284, -4.006457345660997E-5, 0.0, 3.875459159467757E-8, -4.0025818865015384E-5, -12.103096111346103, 0.0, 0.028473028628742198, -12.074623082717347, 1.4410126298331338, 0.0, 0.015371768400756297, 1.4563843982339348, 7.0049999999999955
1.2488977954036079E-5, 0.004292481293009906, 2.9815238633258214E-6, 1.0092856383832993, -4.034830224735226E-5, 0.0, 3.942207517964475E-8, -4.0308880172172716E-5, -12.103096111346103, 0.0, 0.028473028628742198, -12.074623082717347, 1.4296824599260574, 0.0, 0.01525090565177889, 1.444933365577883, 7.0049999999999955
1.258717434680562E-5, 0.004326125656202717, 3.00496652528042E-6, 1.0093361626441786, -4.0632031038094566E-5, 0.0, 4.008955876461197E-8, -4.059194147933005E-5, -12.103096111346103, 0.0, 0.028473028628742198, -12.074623082717347, 1.4185290702531599, 0.0, 0.015131928677264086, 1.4336609989304683, 7.0049999999999955
1.2685370739575158E-5, 0.004359770019395527, 3.028409187235018E-6, 1.0093863360739215, -4.0915759828836864E-5, 0.0, 4.075704234957915E-8, -4.087500278648738E-5, -12.103096111346103, 0.0, 0.028473028628742198, -12.074623082717347, 1.407548355491468, 0.0, 0.015014793684345225, 1.4225631491758592, 7.0049999999999955
1.2783567132344697E-5, 0.004393414382588338, 3.051851849189616E-6, 1.0094361586725282, -4.119948861957916E-5, 0.0, 4.142452593454636E-8, -4.115806409364471E-5, -12.103096111346103, 0.0, 0.028473028628742198, -12.074623082717347, 1.3967363364574188, 0.0, 0.014899458225727335, 1.4116357946831917, 7.0049999999999955
1.2881763525114237E-5, 0.004427058745781148, 3.0752945111442143E-6, 1.0094856304399988, -4.148321741032146E-5, 0.0, 4.2092009519513553E-8, -4.1441125400802046E-5, -12.103096111346103, 0.0, 0.028473028628742198, -12.074623082717347, 1.3860891552991195, 0.0, 0.014785881148401356, 1.4008750364475662, 7.0049999999999955
1.2979959917883776E-5, 0.004460703108973959, 3.098737173098812E-6, 1.009534751376333, -4.1766946201063755E-5, 0.0, 4.275949310448075E-8, -4.1724186707959364E-5, -12.103096111346103, 0.0, 0.028473028628742198, -12.074623082717347, 1.375603070906839, 0.0, 0.01467402254468628, 1.390277093451568, 7.0049999999999955
1.3078156310653315E-5, 0.004494347472166769, 3.1221798350534103E-6, 1.0095835214815312, -4.205067499180605E-5, 0.0, 4.3426976689447955E-8, -4.20072480151167E-5, -12.103096111346103, 0.0, 0.028473028628742198, -12.074623082717347, 1.3652744545302538, 0.0, 0.014563843705476861, 1.379838298235773, 7.0049999999999955
1.3176352703422853E-5, 0.0045279918353595796, 3.145622497008008E-6, 1.0096319407555931, -4.233440378254835E-5, 0.0, 4.4094460274415135E-8, -4.229030932227403E-5, -12.103096111346103, 0.0, 0.028473028628742198, -12.074623082717347, 1.3550997855916753, 0.0, 0.014455307075581878, 1.3695550926673015, 7.0049999999999955
1.3274549096192394E-5, 0.004561636198552391, 3.1690651589626067E-6, 1.009680009198519, -4.2618132573290654E-5, 0.0, 4.476194385938234E-8, -4.257337062943136E-5, -12.103096111346103, 0.0, 0.028473028628742198, -12.074623082717347, 1.345075647685097, 0.0, 0.01434837621104462, 1.3594240238961834, 7.0049999999999955
1.3372745488961934E-5, 0.004595280561745201, 3.192507820917205E-6, 1.0097277268103086, -4.290186136403295E-5, 0.0, 4.542942744434955E-8, -4.2856431936588694E-5, -12.103096111346103, 0.0, 0.028473028628742198, -12.074623082717347, 1.335198724751519, 0.0, 0.014243015738343794, 1.3494417404899064, 7.0049999999999955
1.3470941881731471E-5, 0.004628924924938011, 3.2159504828718027E-6, 1.009775093590962, -4.318559015477524E-5, 0.0, 4.609691102931673E-8, -4.313949324374601E-5, -12.103096111346103, 0.0, 0.028473028628742198, -12.074623082717347, 1.3254657974215531, 0.0, 0.014139191315378847, 1.3396049887369734, 7.0049999999999955
1.356913827450101E-5, 0.004662569288130821, 3.239393144826401E-6, 1.0098221095404791, -4.346931894551754E-5, 0.0, 4.676439461428394E-8, -4.3422554550903345E-5, -12.103096111346103, 0.0, 0.028473028628742198, -12.074623082717347, 1.3158737395168307, 0.0, 0.014036869594149305, 1.329910609111021, 7.0049999999999955
1.366733466727055E-5, 0.004696213651323632, 3.262835806780999E-6, 1.0098687746588602, -4.375304773625984E-5, 0.0, 4.743187819925113E-8, -4.370561585806068E-5, -12.103096111346103, 0.0, 0.028473028628742198, -12.074623082717347, 1.3064195147022333, 0.0, 0.013936018185042984, 1.3203555328873169, 7.0049999999999955
1.3765531060040088E-5, 0.004729858014516442, 3.286278468735597E-6, 1.009915088946105, -4.4036776527002134E-5, 0.0, 4.8099361784218326E-8, -4.398867716521801E-5, -12.103096111346103, 0.0, 0.028473028628742198, -12.074623082717347, 1.297100173281408, 0.0, 0.013836605622652681, 1.310936778904103, 7.0049999999999955
1.3863727452809627E-5, 0.004763502377709252, 3.309721130690195E-6, 1.0099610524022138, -4.432050531774443E-5, 0.0, 4.876684536918552E-8, -4.427173847237534E-5, -12.103096111346103, 0.0, 0.028473028628742198, -12.074623082717347, 1.2879128491284677, 0.0, 0.013738601333045568, 1.3016514504615553, 7.0049999999999955
1.3961923845579168E-5, 0.004797146740902063, 3.3331637926447933E-6, 1.0100066650271862, -4.4604234108486735E-5, 0.0, 4.943432895415273E-8, -4.4554799779532674E-5, -12.103096111346103, 0.0, 0.028473028628742198, -12.074623082717347, 1.2788547567491713, 0.0, 0.013641975602413823, 1.292496732351627, 7.0049999999999955
1.4060120238348708E-5, 0.004830791104094874, 3.3566064545993915E-6, 1.0100519268210224, -4.488796289922903E-5, 0.0, 5.0101812539119934E-8, -4.483786108669001E-5, -12.103096111346103, 0.0, 0.028473028628742198, -12.074623082717347, 1.2699231884652515, 0.0, 0.013546699547038892, 1.2834698880123319, 7.0049999999999955
1.4158316631118247E-5, 0.0048644354672876845, 3.3800491165539897E-6, 1.0100968377837223, -4.517169168997133E-5, 0.0, 5.076929612408713E-8, -4.512092239384734E-5, -12.103096111346103, 0.0, 0.028473028628742198, -12.074623082717347, 1.2611155117159123, 0.0, 0.013452745084505663, 1.2745682568004593, 7.0049999999999955
1.4256513023887785E-5, 0.004898079830480495, 3.4034917785085875E-6, 1.0101413979152862, -4.545542048071363E-5, 0.0, 5.143677970905432E-8, -4.540398370100466E-5, -12.103096111346103, 0.0, 0.028473028628742198, -12.074623082717347, 1.2524291664708505, 0.0, 0.01336008490610628, 1.2657892513769957, 7.0049999999999955
1.4354709416657324E-5, 0.004931724193673305, 3.4269344404631857E-6, 1.0101856072157138, -4.5739149271455924E-5, 0.0, 5.2104263294021517E-8, -4.568704500816199E-5, -12.103096111346103, 0.0, 0.028473028628742198, -12.074623082717347, 1.2438616627494525, 0.0, 0.01326869245037659, 1.2571303551998678, 7.0049999999999955
1.4452905809426863E-5, 0.004965368556866115, 3.450377102417784E-6, 1.0102294656850055, -4.602287806219822E-5, 0.0, 5.277174687898871E-8, -4.597010631531932E-5, -12.103096111346103, 0.0, 0.028473028628742198, -12.074623082717347, 1.2354105782411282, 0.0, 0.013178541877711435, 1.2485891201188801, 7.0049999999999955
1.4551102202196401E-5, 0.0049990129200589255, 3.4738197643723817E-6, 1.0102729733231608, -4.630660685294052E-5, 0.0, 5.3439230463955905E-8, -4.625316762247664E-5, -12.103096111346103, 0.0, 0.028473028628742198, -12.074623082717347, 1.2270735560219939, 0.0, 0.01308960804600773, 1.2401631640680397, 7.0049999999999955
1.4649298594965942E-5, 0.005032657283251737, 3.4972624263269804E-6, 1.0103161301301797, -4.6590335643682816E-5, 0.0, 5.410671404892311E-8, -4.653622892963399E-5, -12.103096111346103, 0.0, 0.028473028628742198, -12.074623082717347, 1.2188483023633878, 0.0, 0.013001866487287175, 1.2318501688507149, 7.0049999999999955
1.474749498773548E-5, 0.005066301646444547, 3.520705088281578E-6, 1.0103589361060628, -4.687406443442511E-5, 0.0, 5.4774197633890306E-8, -4.6819290236791306E-5, -12.103096111346103, 0.0, 0.028473028628742198, -12.074623082717347, 1.2107325846279422, 0.0, 0.01291529338525293, 1.223647878013233, 7.0049999999999955
1.484569138050502E-5, 0.005099946009637357, 3.5441477502361764E-6, 1.0104013912508094, -4.715779322516741E-5, 0.0, 5.54416812188575E-8, -4.710235154394864E-5, -12.103096111346103, 0.0, 0.028473028628742198, -12.074623082717347, 1.202724229249147, 0.0, 0.012829865553736945, 1.2155540948029213, 7.0049999999999955
1.494388777327456E-5, 0.005133590372830168, 3.5675904121907746E-6, 1.01044349556442, -4.7441522015909715E-5, 0.0, 5.610916480382471E-8, -4.738541285110597E-5, -12.103096111346103, 0.0, 0.028473028628742198, -12.074623082717347, 1.1948211197905758, 0.0, 0.012745560415997068, 1.20756668020661, 7.0049999999999955
1.5042084166044098E-5, 0.005167234736022978, 3.5910330741453724E-6, 1.0104852490468943, -4.7725250806652005E-5, 0.0, 5.67766483887919E-8, -4.7668474158263303E-5, -12.103096111346103, 0.0, 0.028473028628742198, -12.074623082717347, 1.1870211950811296, 0.0, 0.012662355984825064, 1.1996835510659936, 7.0049999999999955
1.5140280558813638E-5, 0.005200879099215789, 3.6144757360999706E-6, 1.0105266516982323, -4.80089795973943E-5, 0.0, 5.7444131973759095E-8, -4.7951535465420636E-5, -12.103096111346103, 0.0, 0.028473028628742198, -12.074623082717347, 1.1793224474228439, 0.0, 0.01258023084342867, 1.1919026782663111, 7.0049999999999955
1.5238476951583175E-5, 0.005234523462408599, 3.6379183980545684E-6, 1.0105677035184342, -4.82927083881366E-5, 0.0, 5.811161555872629E-8, -4.8234596772577955E-5, -12.103096111346103, 0.0, 0.028473028628742198, -12.074623082717347, 1.1717229208679913, 0.0, 0.012499164127052896, 1.1842220849950806, 7.0049999999999955
1.5336673344352715E-5, 0.005268167825601409, 3.661361060009167E-6, 1.0106084045075, -4.85764371788789E-5, 0.0, 5.877909914369348E-8, -4.851765807973529E-5, -12.103096111346103, 0.0, 0.028473028628742198, -12.074623082717347, 1.1642207095623698, 0.0, 0.012419135505307296, 1.1766398450677134, 7.0049999999999955
1.5434869737122256E-5, 0.00530181218879422, 3.6848037219637652E-6, 1.0106487546654295, -4.88601659696212E-5, 0.0, 5.944658272866069E-8, -4.880071938689262E-5, -12.103096111346103, 0.0, 0.028473028628742198, -12.074623082717347, 1.1568139561518331, 0.0, 0.0123401251651679, 1.1691540813170371, 7.0049999999999955
1.5533066129891793E-5, 0.0053354565519870304, 3.708246383918363E-6, 1.010688753992223, -4.914389476036349E-5, 0.0, 6.011406631362788E-8, -4.908378069404995E-5, -12.103096111346103, 0.0, 0.028473028628742198, -12.074623082717347, 1.14950085024926, 0.0, 0.01226211379462386, 1.1617629640439215, 7.0049999999999955
1.5631262522661334E-5, 0.0053691009151798415, 3.7316890458729612E-6, 1.01072840248788, -4.9427623551105796E-5, 0.0, 6.07815498985951E-8, -4.9366842001207284E-5, -12.103096111346103, 0.0, 0.028473028628742198, -12.074623082717347, 1.1422796269593078, 0.0, 0.012185082566940484, 1.1544647095262839, 7.0049999999999955
1.5729458915430872E-5, 0.005402745278372652, 3.7551317078275594E-6, 1.0107677001524011, -4.971135234184809E-5, 0.0, 6.144903348356229E-8, -4.9649903308364617E-5, -12.103096111346103, 0.0, 0.028473028628742198, -12.074623082717347, 1.135148565458426, 0.0, 0.012109013125511783, 1.1472575785839747, 7.0049999999999955
1.582765530820041E-5, 0.005436389641565461, 3.7785743697821572E-6, 1.010806646985786, -4.9995081132590384E-5, 0.0, 6.211651706852946E-8, -4.9932964615521935E-5, -12.103096111346103, 0.0, 0.028473028628742198, -12.074623082717347, 1.1281059876277233, 0.0, 0.012033887569276798, 1.1401398751970353, 7.0049999999999955
1.592585170096995E-5, 0.005470034004758272, 3.8020170317367554E-6, 1.0108452429880346, -5.027880992333269E-5, 0.0, 6.278400065349668E-8, -5.021602592267928E-5, -12.103096111346103, 0.0, 0.028473028628742198, -12.074623082717347, 1.1211502567364195, 0.0, 0.011959688438675498, 1.1331099451751316, 7.0049999999999955
1.602404809373949E-5, 0.0055036783679510825, 3.825459693691354E-6, 1.0108834881591469, -5.056253871407498E-5, 0.0, 6.345148423846387E-8, -5.04990872298366E-5, -12.103096111346103, 0.0, 0.028473028628742198, -12.074623082717347, 1.1142797761736976, 0.0, 0.011886398702121076, 1.1261661748758531, 7.0049999999999955
1.612224448650903E-5, 0.005537322731143894, 3.848902355645952E-6, 1.0109213824991232, -5.084626750481728E-5, 0.0, 6.411896782343107E-8, -5.078214853699393E-5, -12.103096111346103, 0.0, 0.028473028628742198, -12.074623082717347, 1.1074929882269033, 0.0, 0.011814001742966568, 1.1193069899699044, 7.0049999999999955
1.6220440879278567E-5, 0.005570967094336704, 3.87234501760055E-6, 1.010958926007963, -5.112999629555958E-5, 0.0, 6.478645140839826E-8, -5.1065209844151265E-5, -12.103096111346103, 0.0, 0.028473028628742198, -12.074623082717347, 1.1007883729041246, 0.0, 0.011742481346944883, 1.1125308542511054, 7.0049999999999955
1.6318637272048105E-5, 0.005604611457529513, 3.895787679555148E-6, 1.0109961186856669, -5.141372508630187E-5, 0.0, 6.545393499336546E-8, -5.1348271151308584E-5, -12.103096111346103, 0.0, 0.028473028628742198, -12.074623082717347, 1.0941644467992786, 0.0, 0.011671821690062338, 1.105836268489375, 7.0049999999999955
1.641683366481765E-5, 0.005638255820722326, 3.9192303415097465E-6, 1.0110329605322343, -5.169745387704419E-5, 0.0, 6.612141857833268E-8, -5.163133245846593E-5, -12.103096111346103, 0.0, 0.028473028628742198, -12.074623082717347, 1.0876197619979315, 0.0, 0.011602007326926672, 1.099221769324892, 7.0049999999999955
1.6515030057587187E-5, 0.005671900183915135, 3.942673003464344E-6, 1.011069451547666, -5.198118266778648E-5, 0.0, 6.678890216329987E-8, -5.191439376562326E-5, -12.103096111346103, 0.0, 0.028473028628742198, -12.074623082717347, 1.0811529050221553, 0.0, 0.011533023179491435, 1.092685928201682, 7.0049999999999955
1.6613226450356725E-5, 0.005705544547107946, 3.966115665418942E-6, 1.0111055917319611, -5.226491145852877E-5, 0.0, 6.745638574826706E-8, -5.219745507278058E-5, -12.103096111346103, 0.0, 0.028473028628742198, -12.074623082717347, 1.074762495812799, 0.0, 0.011464854526199574, 1.086227350339032, 7.0049999999999955
1.6711422843126266E-5, 0.005739188910300757, 3.989558327373541E-6, 1.0111413810851202, -5.254864024927107E-5, 0.0, 6.812386933323429E-8, -5.248051637993793E-5, -12.103096111346103, 0.0, 0.028473028628742198, -12.074623082717347, 1.0684471867476457, 0.0, 0.011397486991509767, 1.0798446737391905, 7.0049999999999955
1.6809619235895804E-5, 0.005772833273493567, 4.0130009893281385E-6, 1.0111768196071431, -5.283236904001337E-5, 0.0, 6.879135291820145E-8, -5.2763577687095245E-5, -12.103096111346103, 0.0, 0.028473028628742198, -12.074623082717347, 1.0622056616939828, 0.0, 0.011330906535789867, 1.0735365682298057, 7.0049999999999955
1.6907815628665345E-5, 0.005806477636686378, 4.036443651282737E-6, 1.0112119072980297, -5.3116097830755674E-5, 0.0, 6.945883650316867E-8, -5.304663899425258E-5, -12.103096111346103, 0.0, 0.028473028628742198, -12.074623082717347, 1.0560366350941837, 0.0, 0.01126509944556249, 1.067301734539779, 7.0049999999999955
1.7006012021434883E-5, 0.005840121999879188, 4.059886313237335E-6, 1.0112466441577803, -5.3399826621497965E-5, 0.0, 7.012632008813587E-8, -5.332970030140991E-5, -12.103096111346103, 0.0, 0.028473028628742198, -12.074623082717347, 1.049938851082975, 0.0, 0.011200052324088619, 1.061138903407098, 7.0049999999999955
1.710420841420442E-5, 0.005873766363071998, 4.083328975191933E-6, 1.0112810301863946, -5.3683555412240255E-5, 0.0, 7.079380367310306E-8, -5.361276160856723E-5, -12.103096111346103, 0.0, 0.028473028628742198, -12.074623082717347, 1.0439110826351046, 0.0, 0.011135752082275486, 1.0550468347174125, 7.0049999999999955
1.7202404806973958E-5, 0.005907410726264808, 4.1067716371465305E-6, 1.0113150653838727, -5.396728420298255E-5, 0.0, 7.146128725807023E-8, -5.389582291572456E-5, -12.103096111346103, 0.0, 0.028473028628742198, -12.074623082717347, 1.0379521307422068, 0.0, 0.01107218592989591, 1.0490243166721367, 7.0049999999999955
1.73006011997435E-5, 0.005941055089457619, 4.130214299101129E-6, 1.0113487497502143, -5.4251012993724856E-5, 0.0, 7.212877084303745E-8, -5.4178884222881894E-5, -12.103096111346103, 0.0, 0.028473028628742198, -12.074623082717347, 1.0320608236176974, 0.0, 0.011009341367106634, 1.0430701649848362, 7.0049999999999955
1.7398797592513037E-5, 0.005974699452650429, 4.153656961055727E-6, 1.0113820832854201, -5.453474178446715E-5, 0.0, 7.279625442800464E-8, -5.4461945530039226E-5, -12.103096111346103, 0.0, 0.028473028628742198, -12.074623082717347, 1.0262360159285946, 0.0, 0.010947206176253933, 1.037183222104882, 7.0049999999999955
1.7496993985282578E-5, 0.00600834381584324, 4.1770996230103255E-6, 1.0114150659894896, -5.481847057520945E-5, 0.0, 7.346373801297184E-8, -5.474500683719656E-5, -12.103096111346103, 0.0, 0.028473028628742198, -12.074623082717347, 1.0204765880532043, 0.0, 0.010885768413955065, 1.0313623564671928, 7.0049999999999955
1.7595190378052116E-5, 0.00604198817903605, 4.200542284964923E-6, 1.011447697862423, -5.510219936595174E-5, 0.0, 7.413122159793903E-8, -5.502806814435388E-5, -12.103096111346103, 0.0, 0.028473028628742198, -12.074623082717347, 1.0147814453636663, 0.0, 0.010825016403444942, 1.025606461767143, 7.0049999999999955
1.7693386770821653E-5, 0.00607563254222886, 4.223984946919521E-6, 1.01147997890422, -5.538592815669404E-5, 0.0, 7.479870518290623E-8, -5.531112945151121E-5, -12.103096111346103, 0.0, 0.028473028628742198, -12.074623082717347, 1.0091495175323877, 0.0, 0.010764938727177651, 1.0199144562595968, 7.0049999999999955
1.7791583163591194E-5, 0.006109276905421671, 4.24742760887412E-6, 1.011511909114881, -5.566965694743634E-5, 0.0, 7.546618876787345E-8, -5.559419075866854E-5, -12.103096111346103, 0.0, 0.028473028628742198, -12.074623082717347, 1.0035797578614445, 0.0, 0.010705524219672935, 1.0142852820811485, 7.0049999999999955
1.7889779556360732E-5, 0.006142921268614481, 4.2708702708287175E-6, 1.0115434884944057, -5.595338573817863E-5, 0.0, 7.613367235284061E-8, -5.5877252065825874E-5, -12.103096111346103, 0.0, 0.028473028628742198, -12.074623082717347, 0.9980711426340712, 0.0, 0.01064676196059831, 1.0087179045947021, 7.0049999999999955
1.7987975949130273E-5, 0.006176565631807292, 4.294312932783316E-6, 1.0115747170427942, -5.623711452892094E-5, 0.0, 7.680115593780783E-8, -5.616031337298321E-5, -12.103096111346103, 0.0, 0.028473028628742198, -12.074623082717347, 0.9926226704873882, 0.0, 0.010588641268077747, 1.0032113117554968, 7.0049999999999955
1.808617234189981E-5, 0.006210209995000102, 4.317755594737914E-6, 1.0116055947600466, -5.6520843319663235E-5, 0.0, 7.746863952277503E-8, -5.644337468014054E-5, -12.103096111346103, 0.0, 0.028473028628742198, -12.074623082717347, 0.9872333618055662, 0.0, 0.01053115169221834, 0.9977645134978168, 7.0049999999999955
1.818436873466935E-5, 0.006243854358192912, 4.341198256692512E-6, 1.011636121646163, -5.6804572110405525E-5, 0.0, 7.813612310774222E-8, -5.672643598729786E-5, -12.103096111346103, 0.0, 0.028473028628742198, -12.074623082717347, 0.9819022581326504, 0.0, 0.010474283008846725, 0.9923765411415277, 7.0049999999999955
1.8282565127438886E-5, 0.006277498721385722, 4.3646409186471095E-6, 1.0116662977011426, -5.7088300901147816E-5, 0.0, 7.880360669270939E-8, -5.700949729445519E-5, -12.103096111346103, 0.0, 0.028473028628742198, -12.074623082717347, 0.9766284216043079, 0.0, 0.010418025213447306, 0.9870464468177872, 7.0049999999999955
1.8380761520208427E-5, 0.006311143084578533, 4.388083580601708E-6, 1.0116961229249863, -5.737202969189012E-5, 0.0, 7.947109027767661E-8, -5.729255860161252E-5, -12.103096111346103, 0.0, 0.028473028628742198, -12.074623082717347, 0.9714109343977895, 0.0, 0.010362368515294842, 0.981773302913116, 7.0049999999999955
1.8478957912977972E-5, 0.006344787447771345, 4.411526242556307E-6, 1.011725597317694, -5.765575848263244E-5, 0.0, 8.013857386264383E-8, -5.757561990876987E-5, -12.103096111346103, 0.0, 0.028473028628742198, -12.074623082717347, 0.9662488981994299, 0.0, 0.010307303331774076, 0.9765562015312356, 7.0049999999999955
1.857715430574751E-5, 0.006378431810964156, 4.434968904510905E-6, 1.0117547208792654, -5.793948727337473E-5, 0.0, 8.080605744761102E-8, -5.785868121592719E-5, -12.103096111346103, 0.0, 0.028473028628742198, -12.074623082717347, 0.9611414336890355, 0.0, 0.010252820282879525, 0.9713942539719449, 7.0049999999999955
1.867535069851705E-5, 0.006412076174156967, 4.458411566465503E-6, 1.0117834936097005, -5.822321606411703E-5, 0.0, 8.147354103257825E-8, -5.8141742523084533E-5, -12.103096111346103, 0.0, 0.028473028628742198, -12.074623082717347, 0.9560876800405377, 0.0, 0.010198910185888786, 0.9662865902264578, 7.0049999999999955
1.8773547091286585E-5, 0.006445720537349775, 4.4818542284201E-6, 1.0118119155089997, -5.8506944854859316E-5, 0.0, 8.214102461754541E-8, -5.842480383024184E-5, -12.103096111346103, 0.0, 0.028473028628742198, -12.074623082717347, 0.9510867944383199, 0.0, 0.010145564050203027, 0.9612323584885525, 7.0049999999999955
1.8871743484056126E-5, 0.006479364900542586, 4.505296890374699E-6, 1.0118399865771626, -5.879067364560162E-5, 0.0, 8.280850820251261E-8, -5.8707865137399185E-5, -12.103096111346103, 0.0, 0.028473028628742198, -12.074623082717347, 0.946137951608642, 0.0, 0.010092773072348543, 0.9562307246810215, 7.0049999999999955
1.8969939876825664E-5, 0.0065130092637353965, 4.528739552329297E-6, 1.011867706814189, -5.907440243634391E-5, 0.0, 8.34759917874798E-8, -5.8990926444556503E-5, -12.103096111346103, 0.0, 0.028473028628742198, -12.074623082717347, 0.9412403433656225, 0.0, 0.010040528631133583, 0.9512808719967852, 7.0049999999999955
1.9068136269595205E-5, 0.006546653626928208, 4.552182214283895E-6, 1.0118950762200796, -5.9358131227086214E-5, 0.0, 8.414347537244702E-8, -5.9273987751713836E-5, -12.103096111346103, 0.0, 0.028473028628742198, -12.074623082717347, 0.9363931781712429, 0.0, 0.009988822282954777, 0.9463820004542268, 7.0049999999999955
1.9166332662364746E-5, 0.006580297990121019, 4.575624876238494E-6, 1.0119220947948337, -5.964186001782852E-5, 0.0, 8.481095895741422E-8, -5.955704905887118E-5, -12.103096111346103, 0.0, 0.028473028628742198, -12.074623082717347, 0.931595680708884, 0.0, 0.009937645757247895, 0.9415333264661624, 7.0049999999999955
1.926452905513428E-5, 0.006613942353313827, 4.599067538193091E-6, 1.0119487625384518, -5.99255888085708E-5, 0.0, 8.547844254238138E-8, -5.984011036602849E-5, -12.103096111346103, 0.0, 0.028473028628742198, -12.074623082717347, 0.9268470914699006, 0.0, 0.009886990952077708, 0.9367340824220072, 7.0049999999999955
1.936272544790382E-5, 0.006647586716506638, 4.6225102001476895E-6, 1.0119750794509335, -6.0209317599313106E-5, 0.0, 8.61459261273486E-8, -6.012317167318583E-5, -12.103096111346103, 0.0, 0.028473028628742198, -12.074623082717347, 0.9221466663527775, 0.0, 0.009836849929862045, 0.9319835162826697, 7.0049999999999955
1.946092184067336E-5, 0.006681231079699449, 4.645952862102287E-6, 1.0120010455322792, -6.04930463900554E-5, 0.0, 8.68134097123158E-8, -6.040623298034315E-5, -12.103096111346103, 0.0, 0.028473028628742198, -12.074623082717347, 0.9174936762744225, 0.0, 0.009787214913225326, 0.9272808911876764, 7.0049999999999955
1.95591182334429E-5, 0.00671487544289226, 4.669395524056886E-6, 1.0120266607824886, -6.07767751807977E-5, 0.0, 8.748089329728299E-8, -6.0689294287500484E-5, -12.103096111346103, 0.0, 0.028473028628742198, -12.074623082717347, 0.912887406793165, 0.0, 0.009738078280976961, 0.9226254850741705, 7.0049999999999955
1.9657314626212438E-5, 0.00674851980608507, 4.692838186011484E-6, 1.0120519252015618, -6.106050397154E-5, 0.0, 8.814837688225019E-8, -6.0972355594657816E-5, -12.103096111346103, 0.0, 0.028473028628742198, -12.074623082717347, 0.9083271577430587, 0.0, 0.009689432564210327, 0.9180165903072989, 7.0049999999999955
1.9755511018981975E-5, 0.006782164169277879, 4.7162808479660815E-6, 1.012076838789499, -6.134423276228228E-5, 0.0, 8.881586046721738E-8, -6.125541690181515E-5, -12.103096111346103, 0.0, 0.028473028628742198, -12.074623082717347, 0.9038122428790848, 0.0, 0.00964127044251806, 0.9134535133216339, 7.0049999999999955
1.9853707411751516E-5, 0.00681580853247069, 4.73972350992068E-6, 1.0121014015463, -6.162796155302459E-5, 0.0, 8.948334405218457E-8, -6.153847820897248E-5, -12.103096111346103, 0.0, 0.028473028628742198, -12.074623082717347, 0.8993419895328955, 0.0, 0.009593584740319664, 0.9089355742732446, 7.0049999999999955
1.9951903804521054E-5, 0.006849452895663501, 4.763166171875278E-6, 1.0121256134719647, -6.191169034376688E-5, 0.0, 9.015082763715177E-8, -6.18215395161298E-5, -12.103096111346103, 0.0, 0.028473028628742198, -12.074623082717347, 0.8949157382787005, 0.0, 0.009546368423297586, 0.9044621067020274, 7.0049999999999955
2.0050100197290595E-5, 0.006883097258856312, 4.7866088338298765E-6, 1.0121494745664932, -6.219541913450919E-5, 0.0, 9.081831122211899E-8, -6.210460082328715E-5, -12.103096111346103, 0.0, 0.028473028628742198, -12.074623082717347, 0.8905328426090068, 0.0, 0.009499614594937988, 0.900032457203974, 7.0049999999999955
2.0148296590060133E-5, 0.006916741622049122, 4.810051495784474E-6, 1.0121729848298855, -6.247914792525148E-5, 0.0, 9.148579480708618E-8, -6.238766213044446E-5, -12.103096111346103, 0.0, 0.028473028628742198, -12.074623082717347, 0.8861926686197997, 0.0, 0.009453316493172702, 0.8956459851130001, 7.0049999999999955
2.024649298282967E-5, 0.006950385985241931, 4.833494157739072E-6, 1.0121961442621417, -6.276287671599377E-5, 0.0, 9.215327839205335E-8, -6.26707234376018E-5, -12.103096111346103, 0.0, 0.028473028628742198, -12.074623082717347, 0.8818945947049197, 0.0, 0.009407467487118884, 0.8913020621920689, 7.004999999999996
2.034468937559921E-5, 0.006984030348434742, 4.85693681969367E-6, 1.0122189528632615, -6.304660550673607E-5, 0.0, 9.282076197702054E-8, -6.295378474475912E-5, -12.103096111346103, 0.0, 0.028473028628742198, -12.074623082717347, 0.8776380112592755, 0.0, 0.009362061073913101, 0.887000072333216, 7.004999999999996
2.0442885768368753E-5, 0.0070176747116275535, 4.8803794816482685E-6, 1.0122414106332451, -6.333033429747838E-5, 0.0, 9.348824556198779E-8, -6.323684605191646E-5, -12.103096111346103, 0.0, 0.028473028628742198, -12.074623082717347, 0.8734223203905982, 0.0, 0.009317090875636647, 0.8827394112662634, 7.004999999999996
2.054108216113829E-5, 0.007051319074820364, 4.903822143602866E-6, 1.0122635175720927, -6.361406308822067E-5, 0.0, 9.415572914695496E-8, -6.35199073590738E-5, -12.103096111346103, 0.0, 0.028473028628742198, -12.074623082717347, 0.8692469356394973, 0.0, 0.00927255063632908, 0.8785194862758549, 7.004999999999996
2.063927855390783E-5, 0.007084963438013175, 4.927264805557465E-6, 1.012285273679804, -6.389779187896297E-5, 0.0, 9.482321273192218E-8, -6.380296866623113E-5, -12.103096111346103, 0.0, 0.028473028628742198, -12.074623082717347, 0.8651112817074638, 0.0, 0.009228434219086966, 0.8743397159265804, 7.004999999999996
2.0737474946677373E-5, 0.007118607801205986, 4.9507074675120636E-6, 1.0123066789563793, -6.418152066970528E-5, 0.0, 9.54906963168894E-8, -6.408602997338846E-5, -12.103096111346103, 0.0, 0.028473028628742198, -12.074623082717347, 0.8610147941926475, 0.0, 0.009184735603245092, 0.8701995297959194, 7.004999999999996
2.0835671339446907E-5, 0.007152252164398795, 4.9741501294666605E-6, 1.0123277334018181, -6.446524946044757E-5, 0.0, 9.615817990185657E-8, -6.436909128054578E-5, -12.103096111346103, 0.0, 0.028473028628742198, -12.074623082717347, 0.8569569193330623, 0.0, 0.00914144888163737, 0.8660983682147277, 7.004999999999996
2.0933867732216448E-5, 0.0071858965275916065, 4.997592791421259E-6, 1.0123484370161209, -6.474897825118986E-5, 0.0, 9.682566348682376E-8, -6.465215258770311E-5, -12.103096111346103, 0.0, 0.028473028628742198, -12.074623082717347, 0.8529371137570516, 0.0, 0.009098568257934831, 0.8620356820150143, 7.004999999999996
2.1032064124985986E-5, 0.007219540890784416, 5.021035453375857E-6, 1.0123687897992875, -6.503270704193216E-5, 0.0, 9.749314707179095E-8, -6.493521389486044E-5, -12.103096111346103, 0.0, 0.028473028628742198, -12.074623082717347, 0.8489548442407336, 0.0, 0.00905608804405819, 0.8580109322848196, 7.004999999999996
2.1130260517755527E-5, 0.007253185253977227, 5.0444781153304556E-6, 1.012388791751318, -6.531643583267447E-5, 0.0, 9.816063065675817E-8, -6.521827520201777E-5, -12.103096111346103, 0.0, 0.028473028628742198, -12.074623082717347, 0.8450095874721948, 0.0, 0.009014002657662569, 0.8540235901298849, 7.004999999999996
2.1228456910525065E-5, 0.007286829617170037, 5.067920777285053E-6, 1.0124084428722122, -6.560016462341675E-5, 0.0, 9.882811424172534E-8, -6.550133650917511E-5, -12.103096111346103, 0.0, 0.028473028628742198, -12.074623082717347, 0.8411008298222543, 0.0, 0.008972306619692016, 0.8500731364419738, 7.004999999999996
2.1326653303294602E-5, 0.007320473980362847, 5.091363439239651E-6, 1.0124277431619702, -6.588389341415905E-5, 0.0, 9.949559782669254E-8, -6.578439781633243E-5, -12.103096111346103, 0.0, 0.028473028628742198, -12.074623082717347, 0.8372280671215425, 0.0, 0.008930994552001588, 0.8461590616735716, 7.004999999999996
2.1424849696064143E-5, 0.0073541183435556585, 5.11480610119425E-6, 1.012446692620592, -6.616762220490135E-5, 0.0, 1.0016308141165976E-7, -6.606745912348976E-5, -12.103096111346103, 0.0, 0.028473028628742198, -12.074623082717347, 0.833390804443716, 0.0, 0.008890061175044825, 0.8422808656187881, 7.004999999999996
2.152304608883368E-5, 0.007387762706748468, 5.1382487631488476E-6, 1.0124652912480774, -6.645135099564365E-5, 0.0, 1.0083056499662695E-7, -6.635052043064709E-5, -12.103096111346103, 0.0, 0.028473028628742198, -12.074623082717347, 0.8295885558946069, 0.0, 0.008849501305624537, 0.8384380572002587, 7.004999999999996
2.1621242481603222E-5, 0.007421407069941279, 5.161691425103446E-6, 1.012483539044427, -6.673507978638596E-5, 0.0, 1.0149804858159415E-7, -6.663358173780442E-5, -12.103096111346103, 0.0, 0.028473028628742198, -12.074623082717347, 0.8258208444071169, 0.0, 0.008809309854704867, 0.8346301542618488, 7.004999999999996
2.171943887437276E-5, 0.007455051433134089, 5.185134087058044E-6, 1.01250143600964, -6.701880857712824E-5, 0.0, 1.0216553216656134E-7, -6.691664304496176E-5, -12.103096111346103, 0.0, 0.028473028628742198, -12.074623082717347, 0.8220872015416765, 0.0, 0.008769481825282715, 0.8308566833669861, 7.004999999999996
2.1817635267142298E-5, 0.0074886957963268995, 5.208576749012642E-6, 1.012518982143717, -6.730253736787054E-5, 0.0, 1.0283301575152853E-7, -6.719970435211907E-5, -12.103096111346103, 0.0, 0.028473028628742198, -12.074623082717347, 0.8183871672920907, 0.0, 0.008730012310316643, 0.8271171796024341, 7.004999999999996
2.1915831659911835E-5, 0.007522340159519709, 5.2320194109672396E-6, 1.012536177446658, -6.758626615861284E-5, 0.0, 1.035004993364957E-7, -6.748276565927641E-5, -12.103096111346103, 0.0, 0.028473028628742198, -12.074623082717347, 0.8147202898966066, 0.0, 0.008690896490711454, 0.8234111863873448, 7.004999999999996
2.2014028052681376E-5, 0.00755598452271252, 5.255462072921838E-6, 1.0125530219184626, -6.786999494935513E-5, 0.0, 1.0416798292146292E-7, -6.776582696643374E-5, -12.103096111346103, 0.0, 0.028473028628742198, -12.074623082717347, 0.8110861256540361, 0.0, 0.008652129633356724, 0.8197382552874194, 7.004999999999996
2.2112224445450917E-5, 0.007589628885905331, 5.278904734876437E-6, 1.012569515559131, -6.815372374009744E-5, 0.0, 1.0483546650643014E-7, -6.804888827359107E-5, -12.103096111346103, 0.0, 0.028473028628742198, -12.074623082717347, 0.8074842387447779, 0.0, 0.008613707089217578, 0.816097945834022, 7.004999999999996
2.2210420838220455E-5, 0.007623273249098141, 5.302347396831035E-6, 1.0125856583686634, -6.843745253083973E-5, 0.0, 1.0550295009139731E-7, -6.83319495807484E-5, -12.103096111346103, 0.0, 0.028473028628742198, -12.074623082717347, 0.8039142010565885, 0.0, 0.008575624291476121, 0.8124898253480909, 7.004999999999996
2.2308617230989993E-5, 0.0076569176122909515, 5.325790058785632E-6, 1.0126014503470595, -6.872118132158202E-5, 0.0, 1.061704336763645E-7, -6.861501088790572E-5, -12.103096111346103, 0.0, 0.028473028628742198, -12.074623082717347, 0.8003755920149532, 0.0, 0.008537876753721967, 0.8089134687687014, 7.004999999999996
2.2406813623759534E-5, 0.007690561975483763, 5.34923272074023E-6, 1.0126168914943194, -6.900491011232432E-5, 0.0, 1.0683791726133172E-7, -6.889807219506307E-5, -12.103096111346103, 0.0, 0.028473028628742198, -12.074623082717347, 0.7968679984179183, 0.0, 0.008500460068190321, 0.8053684584861347, 7.004999999999996
2.2505010016529075E-5, 0.007724206338676574, 5.372675382694829E-6, 1.0126319818104428, -6.928863890306663E-5, 0.0, 1.0750540084629892E-7, -6.91811335022204E-5, -12.103096111346103, 0.0, 0.028473028628742198, -12.074623082717347, 0.7933910142752472, 0.0, 0.008463369904046213, 0.8018543841793193, 7.004999999999996
2.2603206409298613E-5, 0.007757850701869384, 5.396118044649427E-6, 1.0126467212954304, -6.957236769380893E-5, 0.0, 1.0817288443126611E-7, -6.946419480937772E-5, -12.103096111346103, 0.0, 0.028473028628742198, -12.074623082717347, 0.7899442406517695, 0.0, 0.008426602005713449, 0.7983708426575088, 7.004999999999996
2.2701402802068154E-5, 0.007791495065062195, 5.419560706604025E-6, 1.0126611099492817, -6.985609648455123E-5, 0.0, 1.0884036801623333E-7, -6.974725611653507E-5, -12.103096111346103, 0.0, 0.028473028628742198, -12.074623082717347, 0.786527285514794, 0.0, 0.008390152191246907, 0.7949174377060666, 7.004999999999996
2.279959919483769E-5, 0.007825139428255004, 5.443003368558623E-6, 1.0126751477719969, -7.013982527529352E-5, 0.0, 1.0950785160120053E-7, -7.003031742369238E-5, -12.103096111346103, 0.0, 0.028473028628742198, -12.074623082717347, 0.7831397635854673, 0.0, 0.008354016350746936, 0.7914937799362398, 7.004999999999996
2.289779558760723E-5, 0.007858783791447815, 5.466446030513221E-6, 1.0126888347635759, -7.042355406603582E-5, 0.0, 1.101753351861677E-7, -7.031337873084972E-5, -12.103096111346103, 0.0, 0.028473028628742198, -12.074623082717347, 0.7797812961939555, 0.0, 0.00831819044481453, 0.7880994866387956, 7.004999999999996
2.299599198037677E-5, 0.007892428154640627, 5.4898886924678195E-6, 1.0127021709240185, -7.070728285677812E-5, 0.0, 1.1084281877113491E-7, -7.059644003800705E-5, -12.103096111346103, 0.0, 0.028473028628742198, -12.074623082717347, 0.7764515111383361, 0.0, 0.008282670503046074, 0.7847341816414075, 7.004999999999996
2.3094188373146308E-5, 0.007926072517833437, 5.513331354422417E-6, 1.012715156253325, -7.099101164752042E-5, 0.0, 1.1151030235610211E-7, -7.087950134516437E-5, -12.103096111346103, 0.0, 0.028473028628742198, -12.074623082717347, 0.773150042547091, 0.0, 0.00824745262256652, 0.7813974951696828, 7.004999999999996
2.319238476591585E-5, 0.007959716881026247, 5.536774016377016E-6, 1.0127277907514953, -7.127474043826271E-5, 0.0, 1.121777859410693E-7, -7.116256265232171E-5, -12.103096111346103, 0.0, 0.028473028628742198, -12.074623082717347, 0.7698765307450913, 0.0, 0.008212532966599795, 0.7780890637117163, 7.004999999999996
2.3290581158685387E-5, 0.007993361244219057, 5.560216678331614E-6, 1.0127400744185295, -7.155846922900501E-5, 0.0, 1.128452695260365E-7, -7.144562395947903E-5, -12.103096111346103, 0.0, 0.028473028628742198, -12.074623082717347, 0.7666306221229744, 0.0, 0.008177907763075396, 0.7748085298860748, 7.004999999999996
2.3388777551454924E-5, 0.008027005607411868, 5.5836593402862115E-6, 1.0127520072544276, -7.184219801974731E-5, 0.0, 1.1351275311100369E-7, -7.172868526663637E-5, -12.103096111346103, 0.0, 0.028473028628742198, -12.074623082717347, 0.7634119690098081, 0.0, 0.008143573303270075, 0.7715555423131032, 7.004999999999996
2.3486973944224466E-5, 0.00806064997060468, 5.60710200224081E-6, 1.0127635892591893, -7.21259268104896E-5, 0.0, 1.1418023669597091E-7, -7.20117465737937E-5, -12.103096111346103, 0.0, 0.028473028628742198, -12.074623082717347, 0.760220229548953, 0.0, 0.008109525940483602, 0.7683297554894615, 7.004999999999996
2.3585170336994003E-5, 0.008094294333797488, 5.630544664195408E-6, 1.0127748204328146, -7.24096556012319E-5, 0.0, 1.1484772028093808E-7, -7.229480788095102E-5, -12.103096111346103, 0.0, 0.028473028628742198, -12.074623082717347, 0.7570550675770233, 0.0, 0.008075762088747605, 0.7651308296657957, 7.004999999999996
2.3683366729763544E-5, 0.0081279386969903, 5.6539873261500065E-6, 1.012785700775304, -7.26933843919742E-5, 0.0, 1.155152038659053E-7, -7.257786918810836E-5, -12.103096111346103, 0.0, 0.028473028628742198, -12.074623082717347, 0.7539161525058591, 0.0, 0.008042278221566534, 0.7619584307274503, 7.004999999999996
2.3781563122533082E-5, 0.00816158306018311, 5.677429988104604E-6, 1.0127962302866573, -7.29771131827165E-5, 0.0, 1.1618268745087249E-7, -7.286093049526568E-5, -12.103096111346103, 0.0, 0.028473028628742198, -12.074623082717347, 0.7508031592074236, 0.0, 0.008009070870689812, 0.758812230078138, 7.004999999999996
2.387975951530262E-5, 0.00819522742337592, 5.700872650059202E-6, 1.0128064089668742, -7.32608419734588E-5, 0.0, 1.1685017103583966E-7, -7.314399180242301E-5, -12.103096111346103, 0.0, 0.028473028628742198, -12.074623082717347, 0.7477157679015399, 0.0, 0.007976136624914292, 0.7556919045264786, 7.004999999999996
2.3977955908072157E-5, 0.008228871786568729, 5.7243153120138E-6, 1.012816236815955, -7.354457076420108E-5, 0.0, 1.1751765462080685E-7, -7.342705310958033E-5, -12.103096111346103, 0.0, 0.028473028628742198, -12.074623082717347, 0.7446536640463852, 0.0, 0.007943472128916119, 0.7525971361753256, 7.004999999999996
2.40761523008417E-5, 0.008262516149761541, 5.7477579739683985E-6, 1.0128257138338996, -7.382829955494339E-5, 0.0, 1.1818513820577407E-7, -7.371011441673768E-5, -12.103096111346103, 0.0, 0.028473028628742198, -12.074623082717347, 0.7416165382316668, 0.0, 0.007911074082111204, 0.7495276123138024, 7.004999999999996
2.417434869361124E-5, 0.008296160512954351, 5.771200635922997E-6, 1.0128348400207081, -7.411202834568569E-5, 0.0, 1.1885262179074127E-7, -7.399317572389501E-5, -12.103096111346103, 0.0, 0.028473028628742198, -12.074623082717347, 0.7386040860744003, 0.0, 0.007878939237543448, 0.746483025311968, 7.004999999999996
2.4272545086380777E-5, 0.008329804876147161, 5.794643297877595E-6, 1.0128436153763805, -7.439575713642798E-5, 0.0, 1.1952010537570846E-7, -7.427623703105233E-5, -12.103096111346103, 0.0, 0.028473028628742198, -12.074623082717347, 0.7356160081172172, 0.0, 0.007847064400799967, 0.7434630725180411, 7.004999999999996
2.437074147915032E-5, 0.008363449239339973, 5.818085959832193E-6, 1.0128520399009164, -7.467948592717028E-5, 0.0, 1.2018758896067568E-7, -7.455929833820968E-5, -12.103096111346103, 0.0, 0.028473028628742198, -12.074623082717347, 0.732652009729132, 0.0, 0.007815446428952535, 0.7404674561581086, 7.004999999999996
2.4468937871919856E-5, 0.008397093602532784, 5.8415286217867905E-6, 1.0128601135943163, -7.496321471791258E-5, 0.0, 1.2085507254564288E-7, -7.4842359645367E-5, -12.103096111346103, 0.0, 0.028473028628742198, -12.074623082717347, 0.729711801008699, 0.0, 0.007784082229524516, 0.7374958832382474, 7.004999999999996
2.4567134264689397E-5, 0.008430737965725594, 5.864971283741389E-6, 1.01286783645658, -7.524694350865488E-5, 0.0, 1.2152255613061007E-7, -7.512542095252433E-5, -12.103096111346103, 0.0, 0.028473028628742198, -12.074623082717347, 0.7267950966894896, 0.0, 0.007752968759482573, 0.7345480654489959, 7.004999999999996
2.4665330657458935E-5, 0.008464382328918404, 5.888413945695987E-6, 1.012875208487707, -7.553067229939717E-5, 0.0, 1.2219003971557727E-7, -7.540848225968166E-5, -12.103096111346103, 0.0, 0.028473028628742198, -12.074623082717347, 0.7239016160478297, 0.0, 0.007722103024252468, 0.7316237190721059, 7.004999999999996
2.4763527050228476E-5, 0.008498026692111214, 5.911856607650586E-6, 1.0128822296876985, -7.581440109013948E-5, 0.0, 1.2285752330054449E-7, -7.569154356683899E-5, -12.103096111346103, 0.0, 0.028473028628742198, -12.074623082717347, 0.7210310828127313, 0.0, 0.007691482076758263, 0.7287225648895131, 7.004999999999996
2.4861723442998014E-5, 0.008531671055304025, 5.935299269605183E-6, 1.0128889000565535, -7.609812988088177E-5, 0.0, 1.2352500688551165E-7, -7.597460487399632E-5, -12.103096111346103, 0.0, 0.028473028628742198, -12.074623082717347, 0.7181832250779585, 0.0, 0.007661103016484309, 0.7258443280944663, 7.004999999999996
2.495991983576755E-5, 0.008565315418496835, 5.958741931559781E-6, 1.0128952195942724, -7.638185867162407E-5, 0.0, 1.2419249047047885E-7, -7.625766618115364E-5, -12.103096111346103, 0.0, 0.028473028628742198, -12.074623082717347, 0.7153577752161691, 0.0, 0.007630962988559358, 0.7229887382047517, 7.004999999999996
2.5058116228537092E-5, 0.008598959781689647, 5.98218459351438E-6, 1.0129011883008552, -7.666558746236638E-5, 0.0, 1.2485997405544607E-7, -7.654072748831097E-5, -12.103096111346103, 0.0, 0.028473028628742198, -12.074623082717347, 0.7125544697950746, 0.0, 0.007601059182862224, 0.7201555289779602, 7.004999999999996
2.515631262130663E-5, 0.008632604144882455, 6.005627255468978E-6, 1.0129068061763016, -7.694931625310866E-5, 0.0, 1.2552745764041326E-7, -7.682378879546831E-5, -12.103096111346103, 0.0, 0.028473028628742198, -12.074623082717347, 0.709773049495566, 0.0, 0.0075713888331483846, 0.7173444383287376, 7.004999999999996
2.525450901407617E-5, 0.008666248508075267, 6.029069917423576E-6, 1.0129120732206118, -7.723304504385097E-5, 0.0, 1.2619494122538046E-7, -7.710685010262564E-5, -12.103096111346103, 0.0, 0.028473028628742198, -12.074623082717347, 0.707013259031746, 0.0, 0.007541949216196957, 0.7145552082479661, 7.004999999999996
2.5352705406845706E-5, 0.008699892871268076, 6.052512579378173E-6, 1.012916989433786, -7.751677383459325E-5, 0.0, 1.2686242481034762E-7, -7.738991140978296E-5, -12.103096111346103, 0.0, 0.028473028628742198, -12.074623082717347, 0.7042748470728234, 0.0, 0.007512737650977508, 0.711787584723824, 7.004999999999996
2.5450901799615247E-5, 0.008733537234460888, 6.075955241332772E-6, 1.012921554815824, -7.780050262533555E-5, 0.0, 1.2752990839531484E-7, -7.767297271694029E-5, -12.103096111346103, 0.0, 0.028473028628742198, -12.074623082717347, 0.7015575661668118, 0.0, 0.007483751497836126, 0.7090413176646708, 7.004999999999996
2.5549098192384788E-5, 0.008767181597653698, 6.0993979032873704E-6, 1.0129257693667257, -7.808423141607786E-5, 0.0, 1.2819739198028204E-7, -7.795603402409762E-5, -12.103096111346103, 0.0, 0.028473028628742198, -12.074623082717347, 0.6988611726659917, 0.0, 0.007454988157700302, 0.7063161608237148, 7.004999999999996
2.5647294585154325E-5, 0.008800825960846508, 6.122840565241968E-6, 1.012929633086491, -7.836796020682015E-5, 0.0, 1.2886487556524923E-7, -7.823909533125496E-5, -12.103096111346103, 0.0, 0.028473028628742198, -12.074623082717347, 0.6961854266540825, 0.0, 0.0074264450713020375, 0.7036118717254073, 7.004999999999996
2.5745490977923866E-5, 0.00883447032403932, 6.146283227196567E-6, 1.0129331459751203, -7.865168899756246E-5, 0.0, 1.2953235915021645E-7, -7.852215663841229E-5, -12.103096111346103, 0.0, 0.028473028628742198, -12.074623082717347, 0.6935300918750807, 0.0, 0.007398119718418757, 0.7009282115935221, 7.004999999999996
2.5843687370693404E-5, 0.008868114687232129, 6.169725889151165E-6, 1.0129363080326135, -7.893541778830474E-5, 0.0, 1.3019984273518365E-7, -7.880521794556962E-5, -12.103096111346103, 0.0, 0.028473028628742198, -12.074623082717347, 0.6908949356637234, 0.0, 0.007370009617131518, 0.6982649452808776, 7.004999999999996
2.5941883763462942E-5, 0.008901759050424939, 6.1931685511057624E-6, 1.0129391192589705, -7.921914657904704E-5, 0.0, 1.3086732632015081E-7, -7.908827925272694E-5, -12.103096111346103, 0.0, 0.028473028628742198, -12.074623082717347, 0.6882797288775273, 0.0, 0.007342112323100065, 0.6956218412006498, 7.004999999999996
2.604008015623248E-5, 0.00893540341361775, 6.21661121306036E-6, 1.0129415796541912, -7.950287536978934E-5, 0.0, 1.31534809905118E-7, -7.937134055988427E-5, -12.103096111346103, 0.0, 0.028473028628742198, -12.074623082717347, 0.685684245830368, 0.0, 0.0073144254288542866, 0.6929986712592447, 7.004999999999996
2.613827654900202E-5, 0.008969047776810561, 6.240053875014959E-6, 1.012943689218276, -7.978660416053163E-5, 0.0, 1.3220229349008523E-7, -7.96544018670416E-5, -12.103096111346103, 0.0, 0.028473028628742198, -12.074623082717347, 0.6831082642275559, 0.0, 0.007286946563101651, 0.6903952107906799, 7.004999999999996
2.6236472941771562E-5, 0.009002692140003371, 6.2634965369695575E-6, 1.0129454479512243, -8.007033295127394E-5, 0.0, 1.3286977707505242E-7, -7.993746317419894E-5, -12.103096111346103, 0.0, 0.028473028628742198, -12.074623082717347, 0.6805515651023694, 0.0, 0.007259673390050188, 0.6878112384924419, 7.004999999999996
2.6334669334541103E-5, 0.009036336503196183, 6.286939198924155E-6, 1.0129468558530363, -8.035406174201624E-5, 0.0, 1.3353726066001964E-7, -8.022052448135628E-5, -12.103096111346103, 0.0, 0.028473028628742198, -12.074623082717347, 0.6780139327540085, 0.0, 0.007232603608746613, 0.6852465363627772, 7.004999999999996
2.643286572731064E-5, 0.009069980866388992, 6.310381860878753E-6, 1.0129479129237124, -8.063779053275854E-5, 0.0, 1.3420474424498684E-7, -8.05035857885136E-5, -12.103096111346103, 0.0, 0.028473028628742198, -12.074623082717347, 0.6754951546869319, 0.0, 0.007205734952429222, 0.6827008896393832, 7.004999999999996
2.6531062120080178E-5, 0.009103625229581802, 6.333824522833351E-6, 1.0129486191632522, -8.092151932350084E-5, 0.0, 1.34872227829954E-7, -8.078664709567093E-5, -12.103096111346103, 0.0, 0.028473028628742198, -12.074623082717347, 0.6729950215515398, 0.0, 0.00717906518789513, 0.680174086739457, 7.004999999999996
2.662925851284972E-5, 0.009137269592774614, 6.3572671847879495E-6, 1.0129489745716558, -8.120524811424313E-5, 0.0, 1.3553971141492123E-7, -8.106970840282827E-5, -12.103096111346103, 0.0, 0.028473028628742198, -12.074623082717347, 0.6705133270861708, 0.0, 0.007152592114881531, 0.6776659192010743, 7.004999999999996
2.6727454905619257E-5, 0.009170913955967424, 6.380709846742547E-6, 1.012948979148923, -8.148897690498543E-5, 0.0, 1.3620719499988842E-7, -8.135276970998558E-5, -12.103096111346103, 0.0, 0.028473028628742198, -12.074623082717347, 0.6680498680603763, 0.0, 0.007126313565460593, 0.6751761816258588, 7.004999999999996
2.6825651298388798E-5, 0.009204558319160235, 6.404152508697146E-6, 1.0129486328950543, -8.177270569572773E-5, 0.0, 1.3687467858485561E-7, -8.163583101714293E-5, -12.103096111346103, 0.0, 0.028473028628742198, -12.074623082717347, 0.665604444219441, 0.0, 0.007100227403447634, 0.6727046716229104, 7.004999999999996
2.6923847691158336E-5, 0.009238202682353045, 6.427595170651744E-6, 1.0129479358100493, -8.205643448647002E-5, 0.0, 1.375421621698228E-7, -8.191889232430025E-5, -12.103096111346103, 0.0, 0.028473028628742198, -12.074623082717347, 0.6631768582301181, 0.0, 0.007074331523822267, 0.670251189753962, 7.004999999999996
2.7022044083927873E-5, 0.009271847045545855, 6.4510378326063415E-6, 1.012946887893908, -8.234016327721232E-5, 0.0, 1.3820964575479E-7, -8.220195363145758E-5, -12.103096111346103, 0.0, 0.028473028628742198, -12.074623082717347, 0.6607669156275461, 0.0, 0.007048623852162136, 0.6678155394797298, 7.004999999999996
2.7120240476697415E-5, 0.009305491408738665, 6.47448049456094E-6, 1.0129454891466307, -8.262389206795462E-5, 0.0, 1.3887712933975722E-7, -8.248501493861491E-5, -12.103096111346103, 0.0, 0.028473028628742198, -12.074623082717347, 0.6583744247633212, 0.0, 0.0070231023440889915, 0.6653975271074318, 7.004999999999996
2.7218436869466952E-5, 0.009339135771931475, 6.497923156515538E-6, 1.0129437395682173, -8.290762085869692E-5, 0.0, 1.395446129247244E-7, -8.276807624577223E-5, -12.103096111346103, 0.0, 0.028473028628742198, -12.074623082717347, 0.6559991967546914, 0.0, 0.006997764984726726, 0.6629969617394397, 7.004999999999996
2.7316633262236493E-5, 0.009372780135124287, 6.5213658184701366E-6, 1.0129416391586674, -8.319134964943921E-5, 0.0, 1.402120965096916E-7, -8.305113755292958E-5, -12.103096111346103, 0.0, 0.028473028628742198, -12.074623082717347, 0.6536410454348479, 0.0, 0.006972609788171112, 0.6606136552230404, 7.004999999999996
2.7414829655006028E-5, 0.009406424498317096, 6.5448084804247335E-6, 1.0129391879179817, -8.34750784401815E-5, 0.0, 1.4087958009465878E-7, -8.333419886008688E-5, -12.103096111346103, 0.0, 0.028473028628742198, -12.074623082717347, 0.651299787304284, 0.0, 0.006947634796970943, 0.6582474221012762, 7.004999999999996
2.751302604777557E-5, 0.009440068861509906, 6.568251142379332E-6, 1.0129363858461595, -8.375880723092381E-5, 0.0, 1.41547063679626E-7, -8.361726016724423E-5, -12.103096111346103, 0.0, 0.028473028628742198, -12.074623082717347, 0.6489752414831956, 0.0, 0.006922838081620255, 0.655898079564837, 7.004999999999996
2.761122244054511E-5, 0.009473713224702718, 6.591693804333931E-6, 1.0129332329432013, -8.40425360216661E-5, 0.0, 1.422145472645932E-7, -8.390032147440156E-5, -12.103096111346103, 0.0, 0.028473028628742198, -12.074623082717347, 0.6466672296648991, 0.0, 0.006898217740061438, 0.6535654474049818, 7.004999999999996
2.7709418833314648E-5, 0.009507357587895528, 6.6151364662885286E-6, 1.0129297292091064, -8.43262648124084E-5, 0.0, 1.4288203084956039E-7, -8.41833827815589E-5, -12.103096111346103, 0.0, 0.028473028628742198, -12.074623082717347, 0.644375576070237, 0.0, 0.00687377189719885, 0.6512493479674569, 7.004999999999996
2.780761522608419E-5, 0.009541001951088339, 6.638579128243127E-6, 1.0129258746438758, -8.46099936031507E-5, 0.0, 1.435495144345276E-7, -8.446644408871623E-5, -12.103096111346103, 0.0, 0.028473028628742198, -12.074623082717347, 0.6421001074029513, 0.0, 0.006849498704422779, 0.6489496061073952, 7.004999999999996
2.7905811618853726E-5, 0.009574646314281149, 6.662021790197725E-6, 1.012921669247509, -8.4893722393893E-5, 0.0, 1.4421699801949477E-7, -8.474950539587355E-5, -12.103096111346103, 0.0, 0.028473028628742198, -12.074623082717347, 0.639840652805999, 0.0, 0.006825396339143442, 0.6466660491451633, 7.004999999999996
2.8004008011623264E-5, 0.009608290677473959, 6.685464452152323E-6, 1.0129171130200059, -8.51774511846353E-5, 0.0, 1.4488448160446197E-7, -8.503256670303088E-5, -12.103096111346103, 0.0, 0.028473028628742198, -12.074623082717347, 0.6375970438187863, 0.0, 0.006801463004334793, 0.644398506823142, 7.004999999999996
2.8102204404392802E-5, 0.00964193504066677, 6.7089071141069206E-6, 1.0129122059613664, -8.546117997537758E-5, 0.0, 1.4555196518942916E-7, -8.53156280101882E-5, -12.103096111346103, 0.0, 0.028473028628742198, -12.074623082717347, 0.6353691143352993, 0.0, 0.00677769692808788, 0.642146811263408, 7.004999999999996
2.8200400797162343E-5, 0.00967557940385958, 6.732349776061519E-6, 1.012906948071591, -8.574490876611989E-5, 0.0, 1.4621944877439636E-7, -8.559868931734554E-5, -12.103096111346103, 0.0, 0.028473028628742198, -12.074623082717347, 0.6331567005631098, 0.0, 0.006754096363173553, 0.639910796926304, 7.004999999999996
2.8298597189931887E-5, 0.009709223767052392, 6.755792438016118E-6, 1.0129013393506794, -8.60286375568622E-5, 0.0, 1.468869323593636E-7, -8.588175062450289E-5, -12.103096111346103, 0.0, 0.028473028628742198, -12.074623082717347, 0.6309596409832348, 0.0, 0.006730659586614272, 0.6376903005698698, 7.004999999999996
2.8396793582701425E-5, 0.009742868130245202, 6.779235099970716E-6, 1.0128953797986315, -8.63123663476045E-5, 0.0, 1.475544159443308E-7, -8.616481193166021E-5, -12.103096111346103, 0.0, 0.028473028628742198, -12.074623082717347, 0.6287777763108283, 0.0, 0.006707384899264788, 0.6354851612101137, 7.004999999999996
2.8494989975470963E-5, 0.009776512493438012, 6.802677761925313E-6, 1.0128890694154475, -8.659609513834678E-5, 0.0, 1.4822189952929796E-7, -8.644787323881754E-5, -12.103096111346103, 0.0, 0.028473028628742198, -12.074623082717347, 0.6266109494566857, 0.0, 0.0066842706254015005, 0.6332952200821077, 7.004999999999996
2.85931863682405E-5, 0.009810156856630822, 6.826120423879911E-6, 1.0128824082011272, -8.687982392908908E-5, 0.0, 1.4888938311426516E-7, -8.673093454597486E-5, -12.103096111346103, 0.0, 0.028473028628742198, -12.074623082717347, 0.6244590054895424, 0.0, 0.006661315112320283, 0.6311203206018831, 7.004999999999996
2.869138276101004E-5, 0.009843801219823633, 6.84956308583451E-6, 1.012875396155671, -8.716355271983139E-5, 0.0, 1.4955686669923238E-7, -8.701399585313219E-5, -12.103096111346103, 0.0, 0.028473028628742198, -12.074623082717347, 0.6223217915991454, 0.0, 0.006638516729942562, 0.6289603083291082, 7.004999999999996
2.878957915377958E-5, 0.009877445583016443, 6.873005747789108E-6, 1.012868033279078, -8.744728151057367E-5, 0.0, 1.5022435028419957E-7, -8.729705716028952E-5, -12.103096111346103, 0.0, 0.028473028628742198, -12.074623082717347, 0.6201991570600819, 0.0, 0.006615873870429452, 0.6268150309305317, 7.004999999999996
2.888777554654912E-5, 0.009911089946209255, 6.896448409743706E-6, 1.0128603195713493, -8.773101030131598E-5, 0.0, 1.5089183386916677E-7, -8.758011846744686E-5, -12.103096111346103, 0.0, 0.028473028628742198, -12.074623082717347, 0.6180909531963447, 0.0, 0.0065933849478037685, 0.6246843381441686, 7.004999999999996
2.8985971939318658E-5, 0.009944734309402065, 6.919891071698304E-6, 1.012852255032484, -8.801473909205827E-5, 0.0, 1.5155931745413396E-7, -8.786317977460419E-5, -12.103096111346103, 0.0, 0.028473028628742198, -12.074623082717347, 0.6159970333466177, 0.0, 0.0065710483975797256, 0.6225680817442176, 7.004999999999996
2.9084168332088196E-5, 0.009978378672594875, 6.943333733652902E-6, 1.012843839662483, -8.829846788280056E-5, 0.0, 1.5222680103910116E-7, -8.814624108176151E-5, -12.103096111346103, 0.0, 0.028473028628742198, -12.074623082717347, 0.6139172528302659, 0.0, 0.0065488626764001225, 0.6204661155066862, 7.004999999999996
2.9182364724857737E-5, 0.010012023035787685, 6.9667763956075005E-6, 1.0128350734613456, -8.858219667354288E-5, 0.0, 1.5289428462406835E-7, -8.842930238891884E-5, -12.103096111346103, 0.0, 0.028473028628742198, -12.074623082717347, 0.6118514689140102, 0.0, 0.006526826261680865, 0.6183782951757111, 7.004999999999996
2.9280561117627274E-5, 0.010045667398980496, 6.990219057562098E-6, 1.012825956429072, -8.886592546428516E-5, 0.0, 1.5356176820903554E-7, -8.871236369607617E-5, -12.103096111346103, 0.0, 0.028473028628742198, -12.074623082717347, 0.6097995407792748, 0.0, 0.006504937651262648, 0.6163044784305575, 7.004999999999996
2.9378757510396816E-5, 0.010079311762173306, 7.013661719516697E-6, 1.012816488565662, -8.914965425502747E-5, 0.0, 1.5422925179400276E-7, -8.89954250032335E-5, -12.103096111346103, 0.0, 0.028473028628742198, -12.074623082717347, 0.6077613294901876, 0.0, 0.006483195363069598, 0.614244524853277, 7.004999999999996
2.947695390316635E-5, 0.010112956125366116, 7.037104381471294E-6, 1.0128066698711162, -8.943338304576975E-5, 0.0, 1.5489673537896993E-7, -8.927848631039082E-5, -12.103096111346103, 0.0, 0.028473028628742198, -12.074623082717347, 0.6057366979622215, 0.0, 0.006461597934774769, 0.6121982958970161, 7.004999999999996
2.957515029593589E-5, 0.010146600488558926, 7.0605470434258925E-6, 1.012796500345434, -8.971711183651205E-5, 0.0, 1.5556421896393713E-7, -8.956154761754816E-5, -12.103096111346103, 0.0, 0.028473028628742198, -12.074623082717347, 0.6037255109314595, 0.0, 0.006440143923472275, 0.6101656548549516, 7.004999999999996
2.9673346688705432E-5, 0.010180244851751738, 7.083989705380491E-6, 1.0127859799886156, -9.000084062725436E-5, 0.0, 1.5623170254890435E-7, -8.984460892470549E-5, -12.103096111346103, 0.0, 0.028473028628742198, -12.074623082717347, 0.601727634924471, 0.0, 0.006418831905355951, 0.6081464668298466, 7.004999999999996
2.977154308147497E-5, 0.010213889214944547, 7.107432367335089E-6, 1.0127751088006611, -9.028456941799665E-5, 0.0, 1.5689918613387154E-7, -9.012767023186282E-5, -12.103096111346103, 0.0, 0.028473028628742198, -12.074623082717347, 0.5997429382287832, 0.0, 0.006397660475404367, 0.6061405987042072, 7.004999999999996
2.986973947424451E-5, 0.010247533578137359, 7.1308750292896875E-6, 1.0127638867815703, -9.056829820873896E-5, 0.0, 1.5756666971883873E-7, -9.041073153902015E-5, -12.103096111346103, 0.0, 0.028473028628742198, -12.074623082717347, 0.5977712908639358, 0.0, 0.006376628247072055, 0.6041479191110274, 7.004999999999996
2.9967935867014045E-5, 0.010281177941330167, 7.1543176912442845E-6, 1.0127523139313432, -9.085202699948124E-5, 0.0, 1.582341533038059E-7, -9.069379284617747E-5, -12.103096111346103, 0.0, 0.028473028628742198, -12.074623082717347, 0.5958125645531045, 0.0, 0.006355733851986807, 0.6021682984051108, 7.004999999999996
3.0066132259783586E-5, 0.01031482230452298, 7.177760353198883E-6, 1.01274039024998, -9.113575579022354E-5, 0.0, 1.5890163688877312E-7, -9.09768541533348E-5, -12.103096111346103, 0.0, 0.028473028628742198, -12.074623082717347, 0.5938666326952798, 0.0, 0.006334975939652896, 0.6002016086349522, 7.004999999999996
3.0164328652553124E-5, 0.010348466667715788, 7.201203015153481E-6, 1.0127281157374808, -9.141948458096584E-5, 0.0, 1.5956912047374032E-7, -9.125991546049214E-5, -12.103096111346103, 0.0, 0.028473028628742198, -12.074623082717347, 0.591933370337991, 0.0, 0.006314353177160116, 0.5982477235151705, 7.004999999999996
3.026252504532267E-5, 0.010382111030908601, 7.2246456771080795E-6, 1.0127154903938453, -9.170321337170815E-5, 0.0, 1.6023660405870754E-7, -9.154297676764948E-5, -12.103096111346103, 0.0, 0.028473028628742198, -12.074623082717347, 0.5900126541505593, 0.0, 0.006293864248898465, 0.596306518399477, 7.004999999999996
3.036072143809221E-5, 0.010415755394101412, 7.248088339062678E-6, 1.0127025142190735, -9.198694216245046E-5, 0.0, 1.6090408764367476E-7, -9.182603807480681E-5, -12.103096111346103, 0.0, 0.028473028628742198, -12.074623082717347, 0.5881043623978713, 0.0, 0.006273507856278376, 0.594377870254169, 7.004999999999996
3.0458917830861747E-5, 0.010449399757294222, 7.271531001017276E-6, 1.0126891872131658, -9.227067095319274E-5, 0.0, 1.6157157122864195E-7, -9.210909938196415E-5, -12.103096111346103, 0.0, 0.028473028628742198, -12.074623082717347, 0.5862083749146592, 0.0, 0.006253282717456348, 0.5924616576321347, 7.004999999999996
3.0557114223631285E-5, 0.010483044120487032, 7.294973662971874E-6, 1.0126755093761217, -9.255439974393504E-5, 0.0, 1.6223905481360912E-7, -9.239216068912147E-5, -12.103096111346103, 0.0, 0.028473028628742198, -12.074623082717347, 0.5843245730802767, 0.0, 0.006233187567065889, 0.5905577606473618, 7.004999999999996
3.065531061640082E-5, 0.010516688483679842, 7.3184163249264715E-6, 1.0126614807079413, -9.283812853467734E-5, 0.0, 1.629065383985763E-7, -9.26752219962788E-5, -12.103096111346103, 0.0, 0.028473028628742198, -12.074623082717347, 0.5824528397939603, 0.0, 0.006213221155953606, 0.588666060949933, 7.004999999999996
3.075350700917036E-5, 0.010550332846872651, 7.34185898688107E-6, 1.012647101208625, -9.312185732541962E-5, 0.0, 1.635740219835435E-7, -9.295828330343612E-5, -12.103096111346103, 0.0, 0.028473028628742198, -12.074623082717347, 0.5805930594505646, 0.0, 0.006193382250920366, 0.586786441701504, 7.004999999999996
3.08517034019399E-5, 0.010583977210065461, 7.365301648835668E-6, 1.012632370878172, -9.340558611616192E-5, 0.0, 1.642415055685107E-7, -9.324134461059345E-5, -12.103096111346103, 0.0, 0.028473028628742198, -12.074623082717347, 0.5787451179167598, 0.0, 0.006173669634467395, 0.584918787551246, 7.004999999999996
3.094989979470944E-5, 0.010617621573258275, 7.388744310790267E-6, 1.012617289716583, -9.368931490690423E-5, 0.0, 1.6490898915347792E-7, -9.35244059177508E-5, -12.103096111346103, 0.0, 0.028473028628742198, -12.074623082717347, 0.5769089025076835, 0.0, 0.00615408210454721, 0.5830629846122495, 7.004999999999996
3.104809618747898E-5, 0.010651265936451083, 7.412186972744864E-6, 1.012601857723858, -9.397304369764652E-5, 0.0, 1.6557647273844511E-7, -9.380746722490811E-5, -12.103096111346103, 0.0, 0.028473028628742198, -12.074623082717347, 0.5750843019640361, 0.0, 0.006134618474319287, 0.5812189204383742, 7.004999999999996
3.114629258024852E-5, 0.010684910299643894, 7.435629634699462E-6, 1.0125860748999969, -9.425677248838882E-5, 0.0, 1.662439563234123E-7, -9.409052853206545E-5, -12.103096111346103, 0.0, 0.028473028628742198, -12.074623082717347, 0.5732712064296075, 0.0, 0.006115277571910326, 0.5793864840015366, 7.004999999999996
3.124448897301806E-5, 0.010718554662836706, 7.459072296654061E-6, 1.0125699412449993, -9.454050127913113E-5, 0.0, 1.6691143990837953E-7, -9.437358983922279E-5, -12.103096111346103, 0.0, 0.028473028628742198, -12.074623082717347, 0.5714695074292288, 0.0, 0.006096058240179067, 0.5775655656694265, 7.004999999999996
3.13426853657876E-5, 0.010752199026029516, 7.482514958608659E-6, 1.0125534567588659, -9.482423006987343E-5, 0.0, 1.6757892349334672E-7, -9.465665114638011E-5, -12.103096111346103, 0.0, 0.028473028628742198, -12.074623082717347, 0.5696790978471389, 0.0, 0.006076959336485511, 0.575756057183643, 7.004999999999996
3.144088175855714E-5, 0.010785843389222326, 7.505957620563257E-6, 1.0125366214415958, -9.510795886061571E-5, 0.0, 1.6824640707831392E-7, -9.493971245353744E-5, -12.103096111346103, 0.0, 0.028473028628742198, -12.074623082717347, 0.5678998719057554, 0.0, 0.006057979732464462, 0.5739578516382384, 7.004999999999996
3.1539078151326675E-5, 0.010819487752415136, 7.529400282517854E-6, 1.0125194352931899, -9.539168765135801E-5, 0.0, 1.6891389066328108E-7, -9.522277376069476E-5, -12.103096111346103, 0.0, 0.028473028628742198, -12.074623082717347, 0.5661317251448431, 0.0, 0.006039118313803309, 0.572170843458665, 7.004999999999996
3.163727454409621E-5, 0.010853132115607947, 7.552842944472453E-6, 1.0125018983136478, -9.567541644210031E-5, 0.0, 1.6958137424824828E-7, -9.55058350678521E-5, -12.103096111346103, 0.0, 0.028473028628742198, -12.074623082717347, 0.5643745544010695, 0.0, 0.0060203739800239455, 0.5703949283811119, 7.004999999999996
3.173547093686576E-5, 0.010886776478800759, 7.5762856064270514E-6, 1.0124840105029693, -9.595914523284262E-5, 0.0, 1.7024885783321553E-7, -9.578889637500944E-5, -12.103096111346103, 0.0, 0.028473028628742198, -12.074623082717347, 0.5626282577879406, 0.0, 0.006001745644268725, 0.5686300034322277, 7.004999999999996
3.1833667329635295E-5, 0.010920420841993569, 7.599728268381649E-6, 1.0124657718611547, -9.624287402358492E-5, 0.0, 1.709163414181827E-7, -9.607195768216676E-5, -12.103096111346103, 0.0, 0.028473028628742198, -12.074623082717347, 0.5608927346761076, 0.0, 0.005983232233090402, 0.5668759669092163, 7.004999999999996
3.193186372240483E-5, 0.010954065205186379, 7.623170930336248E-6, 1.0124471823882037, -9.65266028143272E-5, 0.0, 1.715838250031499E-7, -9.635501898932409E-5, -12.103096111346103, 0.0, 0.028473028628742198, -12.074623082717347, 0.5591678856740373, 0.0, 0.005964832686245924, 0.5651327183603014, 7.004999999999996
3.203006011517437E-5, 0.010987709568379187, 7.646613592290846E-6, 1.0124282420841169, -9.68103316050695E-5, 0.0, 1.7225130858811708E-7, -9.663808029648141E-5, -12.103096111346103, 0.0, 0.028473028628742198, -12.074623082717347, 0.5574536126090377, 0.0, 0.005946545956494027, 0.5634001585655499, 7.004999999999996
3.2128256507943915E-5, 0.011021353931572001, 7.670056254245444E-6, 1.0124089509488936, -9.709406039581181E-5, 0.0, 1.729187921730843E-7, -9.692114160363876E-5, -12.103096111346103, 0.0, 0.028473028628742198, -12.074623082717347, 0.5557498185086319, 0.0, 0.00592837100939655, 0.5616781895180466, 7.004999999999996
3.2226452900713446E-5, 0.011054998294764808, 7.693498916200041E-6, 1.0123893089825342, -9.737778918655408E-5, 0.0, 1.7358627575805144E-7, -9.720420291079606E-5, -12.103096111346103, 0.0, 0.028473028628742198, -12.074623082717347, 0.5540564075822727, 0.0, 0.005910306823123376, 0.5599667144054141, 7.004999999999996
3.232464929348299E-5, 0.01108864265795762, 7.71694157815464E-6, 1.0123693161850387, -9.76615179772964E-5, 0.0, 1.742537593430187E-7, -9.748726421795341E-5, -12.103096111346103, 0.0, 0.028473028628742198, -12.074623082717347, 0.5523732852033888, 0.0, 0.005892352388260908, 0.5582656375916678, 7.004999999999996
3.242284568625253E-5, 0.01112228702115043, 7.740384240109238E-6, 1.012348972556407, -9.794524676803869E-5, 0.0, 1.7492124292798588E-7, -9.777032552511074E-5, -12.103096111346103, 0.0, 0.028473028628742198, -12.074623082717347, 0.5507003578917609, 0.0, 0.005874506707624075, 0.556574864599403, 7.004999999999996
3.252104207902207E-5, 0.011155931384343242, 7.763826902063837E-6, 1.012328278096639, -9.8228975558781E-5, 0.0, 1.755887265129531E-7, -9.805338683226809E-5, -12.103096111346103, 0.0, 0.028473028628742198, -12.074623082717347, 0.5490375332962123, 0.0, 0.005856768796071686, 0.554894302092302, 7.004999999999996
3.2619238471791604E-5, 0.01118957574753605, 7.787269564018434E-6, 1.0123072328057348, -9.851270434952328E-5, 0.0, 1.7625621009792025E-7, -9.833644813942539E-5, -12.103096111346103, 0.0, 0.028473028628742198, -12.074623082717347, 0.5473847201776169, 0.0, 0.00583913768032517, 0.5532238578579599, 7.004999999999996
3.271743486456115E-5, 0.011223220110728863, 7.810712225973033E-6, 1.0122858366836944, -9.879643314026559E-5, 0.0, 1.769236936828875E-7, -9.861950944658274E-5, -12.103096111346103, 0.0, 0.028473028628742198, -12.074623082717347, 0.5457418283922089, 0.0, 0.00582161239879053, 0.5515634407910173, 7.004999999999996
3.2815631257330686E-5, 0.011256864473921673, 7.834154887927631E-6, 1.012264089730518, -9.908016193100789E-5, 0.0, 1.7759117726785466E-7, -9.890257075374006E-5, -12.103096111346103, 0.0, 0.028473028628742198, -12.074623082717347, 0.5441087688751961, 0.0, 0.00580419200138355, 0.5499129608765975, 7.004999999999996
3.2913827650100223E-5, 0.011290508837114483, 7.857597549882228E-6, 1.0122419919462051, -9.936389072175017E-5, 0.0, 1.7825866085282185E-7, -9.918563206089739E-5, -12.103096111346103, 0.0, 0.028473028628742198, -12.074623082717347, 0.5424854536246632, 0.0, 0.005786875549358076, 0.548272329174039, 7.004999999999996
3.301202404286976E-5, 0.011324153200307293, 7.881040211836827E-6, 1.0122195433307561, -9.964761951249247E-5, 0.0, 1.7892614443778905E-7, -9.946869336805471E-5, -12.103096111346103, 0.0, 0.028473028628742198, -12.074623082717347, 0.5408717956857646, 0.0, 0.005769662115137403, 0.5466414578009197, 7.004999999999996
3.31102204356393E-5, 0.011357797563500102, 7.904482873791424E-6, 1.012196743884171, -9.993134830323477E-5, 0.0, 1.7959362802275624E-7, -9.975175467521204E-5, -12.103096111346103, 0.0, 0.028473028628742198, -12.074623082717347, 0.5392677091351974, 0.0, 0.005752550782148641, 0.5450202599173637, 7.004999999999996
3.3208416828408837E-5, 0.011391441926692912, 7.927925535746022E-6, 1.0121735936064498, -1.0021507709397706E-4, 0.0, 1.8026111160772344E-7, -1.0003481598236936E-4, -12.103096111346103, 0.0, 0.028473028628742198, -12.074623082717347, 0.5376731090659502, 0.0, 0.005735540644660022, 0.5434086497106279, 7.004999999999996
3.330661322117838E-5, 0.011425086289885724, 7.951368197700621E-6, 1.0121500924975924, -1.0049880588471938E-4, 0.0, 1.8092859519269066E-7, -1.003178772895267E-4, -12.103096111346103, 0.0, 0.028473028628742198, -12.074623082717347, 0.5360879115723218, 0.0, 0.005718630807621095, 0.5418065423799605, 7.004999999999996
3.340480961394792E-5, 0.011458730653078534, 7.974810859655218E-6, 1.0121262405575986, -1.0078253467546166E-4, 0.0, 1.8159607877765785E-7, -1.0060093859668404E-4, -12.103096111346103, 0.0, 0.028473028628742198, -12.074623082717347, 0.5345120337352042, 0.0, 0.005701820386505727, 0.5402138541217273, 7.004999999999996
3.3503006006717456E-5, 0.011492375016271345, 7.998253521609817E-6, 1.0121020377864687, -1.0106626346620396E-4, 0.0, 1.8226356236262504E-7, -1.0088399990384136E-4, -12.103096111346103, 0.0, 0.028473028628742198, -12.074623082717347, 0.5329453936076233, 0.0, 0.005685108507157874, 0.5386305021147986, 7.004999999999996
3.3601202399487E-5, 0.011526019379464156, 8.021696183564415E-6, 1.0120774841842026, -1.0134999225694627E-4, 0.0, 1.8293104594759227E-7, -1.011670612109987E-4, -12.103096111346103, 0.0, 0.028473028628742198, -12.074623082717347, 0.531387910200535, 0.0, 0.005668494305640048, 0.5370564045061925, 7.004999999999996
3.369939879225654E-5, 0.011559663742656967, 8.045138845519014E-6, 1.0120525797508004, -1.0163372104768856E-4, 0.0, 1.8359852953255946E-7, -1.0145012251815603E-4, -12.103096111346103, 0.0, 0.028473028628742198, -12.074623082717347, 0.5298395034688688, 0.0, 0.005651976928084445, 0.5354914803969706, 7.004999999999997
3.3797595185026076E-5, 0.011593308105849777, 8.068581507473611E-6, 1.012027324486262, -1.0191744983843086E-4, 0.0, 1.8426601311752665E-7, -1.0173318382531335E-4, -12.103096111346103, 0.0, 0.028473028628742198, -12.074623082717347, 0.5283000942978134, 0.0, 0.005635555530546657, 0.5339356498283774, 7.004999999999997
3.3895791577795614E-5, 0.011626952469042587, 8.09202416942821E-6, 1.0120017183905874, -1.0220117862917315E-4, 0.0, 1.8493349670249382E-7, -1.0201624513247069E-4, -12.103096111346103, 0.0, 0.028473028628742198, -12.074623082717347, 0.5267696044893431, 0.0, 0.005619229278861931, 0.5323888337682222, 7.004999999999997
3.399398797056516E-5, 0.0116605968322354, 8.115466831382808E-6, 1.0119757614637763, -1.0248490741991547E-4, 0.0, 1.8560098028746107E-7, -1.0229930643962803E-4, -12.103096111346103, 0.0, 0.028473028628742198, -12.074623082717347, 0.5252479567489755, 0.0, 0.005602997348503921, 0.5308509540974966, 7.004999999999997
3.4092184363334696E-5, 0.01169424119542821, 8.138909493337407E-6, 1.0119494537058293, -1.0276863621065775E-4, 0.0, 1.8626846387242826E-7, -1.0258236774678536E-4, -12.103096111346103, 0.0, 0.028473028628742198, -12.074623082717347, 0.5237350746727601, 0.0, 0.005586858924445881, 0.5293219335972231, 7.004999999999997
3.4190380756104234E-5, 0.01172788555862102, 8.162352155292004E-6, 1.011922795116746, -1.0305236500140005E-4, 0.0, 1.8693594745739543E-7, -1.0286542905394268E-4, -12.103096111346103, 0.0, 0.028473028628742198, -12.074623082717347, 0.522230882734489, 0.0, 0.005570813201024245, 0.5278016959355304, 7.004999999999997
3.428857714887377E-5, 0.011761529921813828, 8.185794817246602E-6, 1.0118957856965267, -1.0333609379214235E-4, 0.0, 1.8760343104236262E-7, -1.0314849036110001E-4, -12.103096111346103, 0.0, 0.028473028628742198, -12.074623082717347, 0.5207353062731291, 0.0, 0.0055548593818045555, 0.5262901656549508, 7.004999999999997
3.438677354164331E-5, 0.011795174285006638, 8.2092374792012E-6, 1.011868425445171, -1.0361982258288463E-4, 0.0, 1.8827091462732982E-7, -1.0343155166825733E-4, -12.103096111346103, 0.0, 0.028473028628742198, -12.074623082717347, 0.5192482714804687, 0.0, 0.005538996679449691, 0.5247872681599354, 7.004999999999997
3.448496993441285E-5, 0.011828818648199449, 8.232680141155798E-6, 1.0118407143626793, -1.0390355137362693E-4, 0.0, 1.88938398212297E-7, -1.0371461297541467E-4, -12.103096111346103, 0.0, 0.028473028628742198, -12.074623082717347, 0.517769705388975, 0.0, 0.005523224315590338, 0.5232929297045823, 7.004999999999997
3.458316632718239E-5, 0.01186246301139226, 8.256122803110397E-6, 1.0118126524490514, -1.0418728016436924E-4, 0.0, 1.8960588179726423E-7, -1.0399767428257201E-4, -12.103096111346103, 0.0, 0.028473028628742198, -12.074623082717347, 0.5162995358598598, 0.0, 0.005507541520697675, 0.5218070773805744, 7.004999999999997
3.468136271995192E-5, 0.011896107374585069, 8.279565465064994E-6, 1.011784239704287, -1.0447100895511152E-4, 0.0, 1.9027336538223137E-7, -1.0428073558972932E-4, -12.103096111346103, 0.0, 0.028473028628742198, -12.074623082717347, 0.5148376915713464, 0.0, 0.005491947533958227, 0.5203296391053215, 7.004999999999997
3.477955911272147E-5, 0.011929751737777881, 8.303008127019592E-6, 1.0117554761283867, -1.0475473774585383E-4, 0.0, 1.9094084896719862E-7, -1.0456379689688666E-4, -12.103096111346103, 0.0, 0.028473028628742198, -12.074623082717347, 0.5133841020071356, 0.0, 0.005476441603150811, 0.5188605436103032, 7.004999999999997
3.4877755505491005E-5, 0.011963396100970691, 8.32645078897419E-6, 1.01172636172135, -1.0503846653659612E-4, 0.0, 1.916083325521658E-7, -1.0484685820404398E-4, -12.103096111346103, 0.0, 0.028473028628742198, -12.074623082717347, 0.5119386974450676, 0.0, 0.005461022984525603, 0.51739972042961, 7.004999999999997
3.497595189826055E-5, 0.011997040464163503, 8.34989345092879E-6, 1.0116968964831774, -1.0532219532733844E-4, 0.0, 1.9227581613713303E-7, -1.0512991951120133E-4, -12.103096111346103, 0.0, 0.028473028628742198, -12.074623082717347, 0.5105014089459734, 0.0, 0.005445690942685202, 0.5159470998886753, 7.004999999999997
3.507414829103008E-5, 0.012030684827356312, 8.373336112883386E-6, 1.0116670804138683, -1.0560592411808071E-4, 0.0, 1.9294329972210018E-7, -1.0541298081835863E-4, -12.103096111346103, 0.0, 0.028473028628742198, -12.074623082717347, 0.5090721683427146, 0.0, 0.005430444750467724, 0.514502613093199, 7.004999999999997
3.5172344683799624E-5, 0.012064329190549124, 8.396778774837985E-6, 1.011636913513423, -1.0588965290882302E-4, 0.0, 1.936107833070674E-7, -1.0569604212551598E-4, -12.103096111346103, 0.0, 0.028473028628742198, -12.074623082717347, 0.5076509082294061, 0.0, 0.005415283688831822, 0.5130661919182544, 7.004999999999997
3.527054107656917E-5, 0.012097973553741936, 8.420221436792584E-6, 1.0116063957818417, -1.0617338169956533E-4, 0.0, 1.9427826689203464E-7, -1.0597910343267332E-4, -12.103096111346103, 0.0, 0.028473028628742198, -12.074623082717347, 0.5062375619508193, 0.0, 0.005400207046743666, 0.5116377689975795, 7.004999999999997
3.53687374693387E-5, 0.012131617916934742, 8.44366409874718E-6, 1.0115755272191242, -1.064571104903076E-4, 0.0, 1.9494575047700178E-7, -1.0626216473983063E-4, -12.103096111346103, 0.0, 0.028473028628742198, -12.074623082717347, 0.504832063591962, 0.0, 0.0053852141210657695, 0.5102172777130443, 7.004999999999997
3.5466933862108244E-5, 0.012165262280127556, 8.46710676070178E-6, 1.0115443078252706, -1.0674083928104993E-4, 0.0, 1.9561323406196903E-7, -1.0654522604698798E-4, -12.103096111346103, 0.0, 0.028473028628742198, -12.074623082717347, 0.5034343479678296, 0.0, 0.005370304216447676, 0.5088046521842937, 7.004999999999997
3.5565130254877775E-5, 0.012198906643320363, 8.490549422656376E-6, 1.0115127376002806, -1.070245680717922E-4, 0.0, 1.9628071764693617E-7, -1.0682828735414528E-4, -12.103096111346103, 0.0, 0.028473028628742198, -12.074623082717347, 0.5020443506133297, 0.0, 0.005355476645218471, 0.5073998272585647, 7.004999999999997
3.566332664764732E-5, 0.012232551006513175, 8.513992084610975E-6, 1.0114808165441547, -1.0730829686253451E-4, 0.0, 1.9694820123190337E-7, -1.0711134866130263E-4, -12.103096111346103, 0.0, 0.028473028628742198, -12.074623082717347, 0.500662007773369, 0.0, 0.00534073072728104, 0.5060027385006665, 7.004999999999997
3.576152304041686E-5, 0.012266195369705985, 8.537434746565573E-6, 1.0114485446568922, -1.0759202565327681E-4, 0.0, 1.9761568481687056E-7, -1.0739440996845996E-4, -12.103096111346103, 0.0, 0.028473028628742198, -12.074623082717347, 0.4992872563931066, 0.0, 0.005326065790008102, 0.504613322183131, 7.004999999999997
3.58597194331864E-5, 0.012299839732898797, 8.560877408520172E-6, 1.0114159219384937, -1.0787575444401912E-4, 0.0, 1.982831684018378E-7, -1.076774712756173E-4, -12.103096111346103, 0.0, 0.028473028628742198, -12.074623082717347, 0.49792003410836577, 0.0, 0.005311481168139922, 0.503231515276522, 7.004999999999997
3.595791582595594E-5, 0.012333484096091607, 8.58432007047477E-6, 1.0113829483889591, -1.0815948323476142E-4, 0.0, 1.98950651986805E-7, -1.0796053258277462E-4, -12.103096111346103, 0.0, 0.028473028628742198, -12.074623082717347, 0.49656027923620405, 0.0, 0.005296976203683718, 0.501857255439904, 7.004999999999997
3.605611221872548E-5, 0.012367128459284418, 8.607762732429368E-6, 1.0113496240082882, -1.084432120255037E-4, 0.0, 1.996181355717722E-7, -1.0824359388993196E-4, -12.103096111346103, 0.0, 0.028473028628742198, -12.074623082717347, 0.4952079307656358, 0.0, 0.005282550245814702, 0.5004904810114666, 7.004999999999997
3.6154308611495015E-5, 0.012400772822477228, 8.631205394383966E-6, 1.011315948796481, -1.08726940816246E-4, 0.0, 2.002856191567394E-7, -1.0852665519708928E-4, -12.103096111346103, 0.0, 0.028473028628742198, -12.074623082717347, 0.4938629283485078, 0.0, 0.005268202650778743, 0.49913113099930273, 7.004999999999997
3.625250500426456E-5, 0.01243441718567004, 8.654648056338565E-6, 1.0112819227535377, -1.0901066960698831E-4, 0.0, 2.0095310274170664E-7, -1.0880971650424662E-4, -12.103096111346103, 0.0, 0.028473028628742198, -12.074623082717347, 0.49252521229052165, 0.0, 0.005253932781796597, 0.4977791450723344, 7.004999999999997
3.63507013970341E-5, 0.01246806154886285, 8.678090718293164E-6, 1.0112475458794583, -1.092943983977306E-4, 0.0, 2.0162058632667378E-7, -1.0909277781140395E-4, -12.103096111346103, 0.0, 0.028473028628742198, -12.074623082717347, 0.49119472354240284, 0.0, 0.005239740008969712, 0.49643446355138865, 7.004999999999997
3.644889778980363E-5, 0.012501705912055657, 8.701533380247759E-6, 1.0112128181742426, -1.0957812718847288E-4, 0.0, 2.0228806991164092E-7, -1.0937583911856126E-4, -12.103096111346103, 0.0, 0.028473028628742198, -12.074623082717347, 0.4898714036912115, 0.0, 0.005225623709187529, 0.4950970274004151, 7.004999999999997
3.6547094182573166E-5, 0.012535350275248467, 8.724976042202357E-6, 1.0111777396378907, -1.0986185597921517E-4, 0.0, 2.029555534966081E-7, -1.0965890042571858E-4, -12.103096111346103, 0.0, 0.028473028628742198, -12.074623082717347, 0.4885551949517938, 0.0, 0.005211583266036296, 0.49376677821784604, 7.004999999999997
3.664529057534271E-5, 0.012568994638441279, 8.748418704156956E-6, 1.0111423102704027, -1.1014558476995748E-4, 0.0, 2.0362303708157536E-7, -1.0994196173287592E-4, -12.103096111346103, 0.0, 0.028473028628742198, -12.074623082717347, 0.4872460401583708, 0.0, 0.0051976180697093435, 0.4924436582280961, 7.004999999999997
3.674348696811225E-5, 0.01260263900163409, 8.771861366111555E-6, 1.0111065300717785, -1.1042931356069978E-4, 0.0, 2.0429052066654255E-7, -1.1022502304003326E-4, -12.103096111346103, 0.0, 0.028473028628742198, -12.074623082717347, 0.4859438827562626, 0.0, 0.005183727516918799, 0.4911276102731973, 7.004999999999997
3.684168336088179E-5, 0.012636283364826901, 8.795304028066153E-6, 1.011070399042018, -1.1071304235144209E-4, 0.0, 2.049580042515098E-7, -1.105080843471906E-4, -12.103096111346103, 0.0, 0.028473028628742198, -12.074623082717347, 0.48464866679374347, 0.0, 0.005169911010808709, 0.489818577804568, 7.004999999999997
3.693987975365132E-5, 0.01266992772801971, 8.81874669002075E-6, 1.0110339171811216, -1.1099677114218436E-4, 0.0, 2.0562548783647694E-7, -1.1079114565434791E-4, -12.103096111346103, 0.0, 0.028473028628742198, -12.074623082717347, 0.48336033691402847, 0.0, 0.005156167960869551, 0.4885165048749138, 7.004999999999997
3.703807614642087E-5, 0.012703572091212522, 8.842189351975349E-6, 1.0109970844890888, -1.1128049993292667E-4, 0.0, 2.0629297142144414E-7, -1.1107420696150525E-4, -12.103096111346103, 0.0, 0.028473028628742198, -12.074623082717347, 0.4820788383473861, 0.0, 0.005142497782854104, 0.487221336130256, 7.004999999999997
3.713627253919041E-5, 0.012737216454405334, 8.865632013929948E-6, 1.0109599009659196, -1.11564228723669E-4, 0.0, 2.0696045500641138E-7, -1.113572682686626E-4, -12.103096111346103, 0.0, 0.028473028628742198, -12.074623082717347, 0.48080411690337765, 0.0, 0.0051288998986946535, 0.48593301680208806, 7.004999999999997
3.723446893195995E-5, 0.012770860817598144, 8.889074675884546E-6, 1.0109223666116143, -1.1184795751441128E-4, 0.0, 2.0762793859137858E-7, -1.1164032957581992E-4, -12.103096111346103, 0.0, 0.028473028628742198, -12.074623082717347, 0.47953611896321824, 0.0, 0.005115373736421514, 0.48465149269965546, 7.004999999999997
3.7332665324729494E-5, 0.012804505180790956, 8.912517337839145E-6, 1.0108844814261728, -1.1213168630515359E-4, 0.0, 2.0829542217634582E-7, -1.1192339088297726E-4, -12.103096111346103, 0.0, 0.028473028628742198, -12.074623082717347, 0.47827479147225815, 0.0, 0.005101918730082818, 0.4833767102023566, 7.004999999999997
3.743086171749902E-5, 0.012838149543983761, 8.93595999979374E-6, 1.0108462454095954, -1.1241541509589585E-4, 0.0, 2.089629057613129E-7, -1.1220645219013456E-4, -12.103096111346103, 0.0, 0.028473028628742198, -12.074623082717347, 0.47702008193258394, 0.0, 0.005088534319665593, 0.48210861625226514, 7.004999999999997
3.752905811026856E-5, 0.012871793907176575, 8.959402661748339E-6, 1.0108076585618815, -1.1269914388663816E-4, 0.0, 2.0963038934628016E-7, -1.124895134972919E-4, -12.103096111346103, 0.0, 0.028473028628742198, -12.074623082717347, 0.47577193839573356, 0.0, 0.00507521995101805, 0.4808471583467672, 7.004999999999997
3.76272545030381E-5, 0.012905438270369383, 8.982845323702937E-6, 1.0107687208830316, -1.1298287267738046E-4, 0.0, 2.1029787293124735E-7, -1.1277257480444922E-4, -12.103096111346103, 0.0, 0.028473028628742198, -12.074623082717347, 0.4745303094555286, 0.0, 0.00506197507577312, 0.47959228453131725, 7.004999999999997
3.7725450895807645E-5, 0.012939082633562197, 9.006287985657536E-6, 1.0107294323730456, -1.1326660146812277E-4, 0.0, 2.1096535651621455E-7, -1.1305563611160657E-4, -12.103096111346103, 0.0, 0.028473028628742198, -12.074623082717347, 0.4732951442410148, 0.0, 0.005048799151273156, 0.47834394339230346, 7.004999999999997
3.7823647288577176E-5, 0.012972726996755004, 9.029730647612133E-6, 1.0106897930319232, -1.1355033025886505E-4, 0.0, 2.116328401011817E-7, -1.1333869741876388E-4, -12.103096111346103, 0.0, 0.028473028628742198, -12.074623082717347, 0.47206639240951603, 0.0, 0.0050356916404958275, 0.4771020840500273, 7.004999999999997
3.792184368134672E-5, 0.013006371359947816, 9.053173309566732E-6, 1.0106498028596647, -1.1383405904960736E-4, 0.0, 2.1230032368614893E-7, -1.1362175872592123E-4, -12.103096111346103, 0.0, 0.028473028628742198, -12.074623082717347, 0.4708440041397931, 0.0, 0.00502265201198115, 0.47586665615178964, 7.004999999999997
3.802004007411626E-5, 0.013040015723140626, 9.07661597152133E-6, 1.01060946185627, -1.1411778784034965E-4, 0.0, 2.1296780727111613E-7, -1.1390482003307855E-4, -12.103096111346103, 0.0, 0.028473028628742198, -12.074623082717347, 0.4696279301253112, 0.0, 0.0050096797397596645, 0.47463760986508624, 7.004999999999997
3.81182364668858E-5, 0.013073660086333438, 9.100058633475929E-6, 1.010568770021739, -1.1440151663109197E-4, 0.0, 2.1363529085608338E-7, -1.141878813402359E-4, -12.103096111346103, 0.0, 0.028473028628742198, -12.074623082717347, 0.46841812156760954, 0.0, 0.0049967743032817095, 0.47341489587090657, 7.004999999999997
3.821643285965534E-5, 0.013107304449526248, 9.123501295430527E-6, 1.0105277273560715, -1.1468524542183425E-4, 0.0, 2.1430277444105057E-7, -1.1447094264739323E-4, -12.103096111346103, 0.0, 0.028473028628742198, -12.074623082717347, 0.4672145301697745, 0.0, 0.0049839351873477945, 0.47219846535713755, 7.004999999999997
3.831462925242488E-5, 0.013140948812719058, 9.146943957385124E-6, 1.0104863338592682, -1.1496897421257655E-4, 0.0, 2.149702580260177E-7, -1.1475400395455055E-4, -12.103096111346103, 0.0, 0.028473028628742198, -12.074623082717347, 0.4660171081300119, 0.0, 0.004971161882040038, 0.47098827001206717, 7.004999999999997
3.8412825645194416E-5, 0.013174593175911868, 9.170386619339723E-6, 1.0104445895313288, -1.1525270300331885E-4, 0.0, 2.156377416109849E-7, -1.1503706526170788E-4, -12.103096111346103, 0.0, 0.028473028628742198, -12.074623082717347, 0.46482580813531904, 0.0, 0.004958453882654661, 0.4697842620179889, 7.004999999999997
3.8511022037963954E-5, 0.013208237539104679, 9.19382928129432E-6, 1.0104024943722532, -1.1553643179406115E-4, 0.0, 2.163052251959521E-7, -1.153201265688652E-4, -12.103096111346103, 0.0, 0.028473028628742198, -12.074623082717347, 0.46364058335525277, 0.0, 0.0049458106896355086, 0.46858639404490343, 7.004999999999997
3.860921843073349E-5, 0.013241881902297489, 9.217271943248919E-6, 1.0103600483820412, -1.1582016058480343E-4, 0.0, 2.169727087809193E-7, -1.1560318787602253E-4, -12.103096111346103, 0.0, 0.028473028628742198, -12.074623082717347, 0.46246138743579307, 0.0, 0.004933231808508596, 0.46739461924431674, 7.004999999999997
3.8707414823503036E-5, 0.013275526265490301, 9.240714605203517E-6, 1.0103172515606933, -1.1610388937554574E-4, 0.0, 2.1764019236588654E-7, -1.1588624918317988E-4, -12.103096111346103, 0.0, 0.028473028628742198, -12.074623082717347, 0.4612881744932996, 0.0, 0.004920716749817634, 0.46620889124313236, 7.004999999999997
3.880561121627257E-5, 0.013309170628683108, 9.264157267158114E-6, 1.010274103908209, -1.1638761816628802E-4, 0.0, 2.1830767595085368E-7, -1.1616931049033718E-4, -12.103096111346103, 0.0, 0.028473028628742198, -12.074623082717347, 0.46012089910856124, 0.0, 0.004908265029060558, 0.46502916413763684, 7.004999999999997
3.890380760904211E-5, 0.01334281499187592, 9.287599929112713E-6, 1.0102306054245884, -1.1667134695703033E-4, 0.0, 2.1897515953582093E-7, -1.1645237179749453E-4, -12.103096111346103, 0.0, 0.028473028628742198, -12.074623082717347, 0.458959516320933, 0.0, 0.0048958761666269834, 0.463855392487575, 7.004999999999997
3.900200400181165E-5, 0.01337645935506873, 9.311042591067311E-6, 1.0101867561098319, -1.1695507574777263E-4, 0.0, 2.1964264312078812E-7, -1.1673543310465185E-4, -12.103096111346103, 0.0, 0.028473028628742198, -12.074623082717347, 0.45780398162256536, 0.0, 0.004883549687736648, 0.462687531310317, 7.004999999999997
3.910020039458119E-5, 0.013410103718261542, 9.33448525302191E-6, 1.010142555963939, -1.1723880453851494E-4, 0.0, 2.2031012670575532E-7, -1.1701849441180919E-4, -12.103096111346103, 0.0, 0.028473028628742198, -12.074623082717347, 0.4566542509527169, 0.0, 0.004871285122378741, 0.4615255360751106, 7.004999999999997
3.919839678735073E-5, 0.013443748081454352, 9.357927914976507E-6, 1.0100980049869097, -1.1752253332925723E-4, 0.0, 2.209776102907225E-7, -1.1730155571896652E-4, -12.103096111346103, 0.0, 0.028473028628742198, -12.074623082717347, 0.4555102806921551, 0.0, 0.00485908200525218, 0.4603693626974222, 7.004999999999997
3.929659318012027E-5, 0.013477392444647162, 9.381370576931106E-6, 1.0100531031787445, -1.1780626211999952E-4, 0.0, 2.216450938756897E-7, -1.1758461702612384E-4, -12.103096111346103, 0.0, 0.028473028628742198, -12.074623082717347, 0.4543720276576392, 0.0, 0.004846939875706747, 0.4592189675333608, 7.004999999999997
3.939478957288981E-5, 0.013511036807839974, 9.404813238885704E-6, 1.010007850539443, -1.1808999091074183E-4, 0.0, 2.2231257746065695E-7, -1.1786767833328119E-4, -12.103096111346103, 0.0, 0.028473028628742198, -12.074623082717347, 0.45323944909648683, 0.0, 0.004834858277685146, 0.4580743073741868, 7.004999999999997
3.9492985965659344E-5, 0.013544681171032783, 9.428255900840301E-6, 1.0099622470690055, -1.1837371970148412E-4, 0.0, 2.229800610456241E-7, -1.181507396404385E-4, -12.103096111346103, 0.0, 0.028473028628742198, -12.074623082717347, 0.45211250268122144, 0.0, 0.0048228367596658845, 0.45693533944090214, 7.004999999999997
3.959118235842889E-5, 0.013578325534225595, 9.4516985627949E-6, 1.0099162927674317, -1.1865744849222643E-4, 0.0, 2.2364754463059134E-7, -1.1843380094759584E-4, -12.103096111346103, 0.0, 0.028473028628742198, -12.074623082717347, 0.4509911465042985, 0.0, 0.004810874874607033, 0.4558020213789203, 7.004999999999997
3.968937875119842E-5, 0.013611969897418402, 9.475141224749497E-6, 1.0098699876347217, -1.189411772829687E-4, 0.0, 2.2431502821555848E-7, -1.1871686225475315E-4, -12.103096111346103, 0.0, 0.028473028628742198, -12.074623082717347, 0.4498753390729116, 0.0, 0.004798972179890813, 0.4546743112528171, 7.004999999999997
3.9787575143967964E-5, 0.013645614260611215, 9.498583886704095E-6, 1.0098233316708756, -1.1922490607371101E-4, 0.0, 2.2498251180052567E-7, -1.1899992356191049E-4, -12.103096111346103, 0.0, 0.028473028628742198, -12.074623082717347, 0.44876503930387346, 0.0, 0.004787128237268988, 0.4535521675411571, 7.004999999999997
3.98857715367375E-5, 0.013679258623804024, 9.522026548658694E-6, 1.009776324875893, -1.1950863486445331E-4, 0.0, 2.2564999538549287E-7, -1.1928298486906782E-4, -12.103096111346103, 0.0, 0.028473028628742198, -12.074623082717347, 0.4476602065185748, 0.0, 0.004775342612809097, 0.4524355491313985, 7.004999999999997
3.9983967929507046E-5, 0.013712902986996837, 9.545469210613293E-6, 1.0097289672497745, -1.1979236365519562E-4, 0.0, 2.2631747897046011E-7, -1.1956604617622517E-4, -12.103096111346103, 0.0, 0.028473028628742198, -12.074623082717347, 0.4465608004380153, 0.0, 0.004763614876841439, 0.4513244153148714, 7.004999999999997
4.008216432227658E-5, 0.013746547350189644, 9.56891187256789E-6, 1.0096812587925197, -1.2007609244593789E-4, 0.0, 2.2698496255542726E-7, -1.1984910748338248E-4, -12.103096111346103, 0.0, 0.028473028628742198, -12.074623082717347, 0.4454667811779098, 0.0, 0.004751944603906873, 0.4502187257818312, 7.004999999999997
4.018036071504612E-5, 0.013780191713382456, 9.592354534522488E-6, 1.0096331995041288, -1.203598212366802E-4, 0.0, 2.276524461403945E-7, -1.2013216879053982E-4, -12.103096111346103, 0.0, 0.028473028628742198, -12.074623082717347, 0.44437810924386334, 0.0, 0.004740331372705351, 0.44911844061658324, 7.004999999999997
4.027855710781566E-5, 0.013813836076575266, 9.615797196477087E-6, 1.0095847893846015, -1.206435500274225E-4, 0.0, 2.283199297253617E-7, -1.2041523009769714E-4, -12.103096111346103, 0.0, 0.028473028628742198, -12.074623082717347, 0.4432947455266207, 0.0, 0.004728774766045238, 0.44802352029268044, 7.004999999999997
4.0376753500585204E-5, 0.013847480439768078, 9.639239858431686E-6, 1.009536028433938, -1.2092727881816481E-4, 0.0, 2.289874133103289E-7, -1.2069829140485449E-4, -12.103096111346103, 0.0, 0.028473028628742198, -12.074623082717347, 0.4422166512973812, 0.0, 0.0047172743707933375, 0.44693392566818896, 7.004999999999997
4.047494989335474E-5, 0.013881124802960889, 9.662682520386284E-6, 1.0094869166521385, -1.212110076089071E-4, 0.0, 2.2965489689529608E-7, -1.2098135271201182E-4, -12.103096111346103, 0.0, 0.028473028628742198, -12.074623082717347, 0.4411437882031848, 0.0, 0.004705829777825673, 0.4458496179810249, 7.004999999999997
4.057314628612427E-5, 0.013914769166153697, 9.68612518234088E-6, 1.0094374540392028, -1.2149473639964937E-4, 0.0, 2.3032238048026323E-7, -1.2126441401916912E-4, -12.103096111346103, 0.0, 0.028473028628742198, -12.074623082717347, 0.44007611826236354, 0.0, 0.004694440581978961, 0.4447705588443569, 7.004999999999997
4.067134267889381E-5, 0.013948413529346507, 9.709567844295478E-6, 1.009387640595131, -1.2177846519039167E-4, 0.0, 2.3098986406523042E-7, -1.2154747532632644E-4, -12.103096111346103, 0.0, 0.028473028628742198, -12.074623082717347, 0.43901360386005905, 0.0, 0.004683106382002807, 0.44369671024207624, 7.004999999999997
4.0769539071663355E-5, 0.01398205789253932, 9.733010506250077E-6, 1.0093374763199228, -1.2206219398113398E-4, 0.0, 2.3165734765019767E-7, -1.2183053663348379E-4, -12.103096111346103, 0.0, 0.028473028628742198, -12.074623082717347, 0.4379562077438057, 0.0, 0.004671826780512578, 0.44262803452433264, 7.004999999999997
4.086773546443289E-5, 0.01401570225573213, 9.756453168204675E-6, 1.0092869612135784, -1.2234592277187627E-4, 0.0, 2.3232483123516486E-7, -1.2211359794064112E-4, -12.103096111346103, 0.0, 0.028473028628742198, -12.074623082717347, 0.4369038930191753, 0.0, 0.004660601383942961, 0.44156449440313394, 7.004999999999997
4.096593185720244E-5, 0.014049346618924942, 9.779895830159274E-6, 1.009236095276098, -1.2262965156261858E-4, 0.0, 2.3299231482013205E-7, -1.2239665924779845E-4, -12.103096111346103, 0.0, 0.028473028628742198, -12.074623082717347, 0.435856623145491, 0.0, 0.004649429802502187, 0.44050605294800743, 7.004999999999997
4.106412824997197E-5, 0.014082990982117748, 9.803338492113871E-6, 1.0091848785074813, -1.2291338035336086E-4, 0.0, 2.336597984050992E-7, -1.2267972055495576E-4, -12.103096111346103, 0.0, 0.028473028628742198, -12.074623082717347, 0.43481436193159145, 0.0, 0.004638311650126915, 0.43945267358173123, 7.004999999999997
4.116232464274151E-5, 0.01411663534531056, 9.82678115406847E-6, 1.0091333109077283, -1.2319710914410317E-4, 0.0, 2.3432728199006644E-7, -1.2296278186211312E-4, -12.103096111346103, 0.0, 0.028473028628742198, -12.074623082717347, 0.43377707353165995, 0.0, 0.004627246544437756, 0.4384043200761133, 7.004999999999997
4.1260521035511057E-5, 0.014150279708503374, 9.850223816023068E-6, 1.0090813924768394, -1.2348083793484548E-4, 0.0, 2.349947655750337E-7, -1.2324584316927045E-4, -12.103096111346103, 0.0, 0.028473028628742198, -12.074623082717347, 0.4327447224411277, 0.0, 0.004616234106695439, 0.4373609565478373, 7.004999999999997
4.1358717428280594E-5, 0.014183924071696183, 9.873666477977667E-6, 1.0090291232148139, -1.2376456672558777E-4, 0.0, 2.3566224916000088E-7, -1.2352890447642778E-4, -12.103096111346103, 0.0, 0.028473028628742198, -12.074623082717347, 0.4317172734926089, 0.0, 0.004605273961757597, 0.436322547454382, 7.004999999999997
4.145691382105013E-5, 0.014217568434888993, 9.897109139932264E-6, 1.0089765031216522, -1.2404829551633008E-4, 0.0, 2.3632973274496808E-7, -1.2381196578358511E-4, -12.103096111346103, 0.0, 0.028473028628742198, -12.074623082717347, 0.43069469185191545, 0.0, 0.004594365738036167, 0.4352890575899657, 7.004999999999997
4.155511021381966E-5, 0.014251212798081801, 9.92055180188686E-6, 1.0089235321973546, -1.2433202430707233E-4, 0.0, 2.3699721632993522E-7, -1.2409502709074242E-4, -12.103096111346103, 0.0, 0.028473028628742198, -12.074623082717347, 0.4296769430141122, 0.0, 0.004583509067455396, 0.43426045208158304, 7.004999999999997
4.165330660658921E-5, 0.014284857161274613, 9.94399446384146E-6, 1.0088702104419207, -1.2461575309781467E-4, 0.0, 2.3766469991490247E-7, -1.2437808839789975E-4, -12.103096111346103, 0.0, 0.028473028628742198, -12.074623082717347, 0.42866399279965073, 0.0, 0.004572703585410438, 0.43323669638507384, 7.004999999999997
4.1751502999358745E-5, 0.014318501524467423, 9.967437125796058E-6, 1.0088165378553509, -1.2489948188855696E-4, 0.0, 2.383321834998696E-7, -1.2466114970505708E-4, -12.103096111346103, 0.0, 0.028473028628742198, -12.074623082717347, 0.42765580735052433, 0.0, 0.004561948930726545, 0.4322177562812635, 7.004999999999997
4.184969939212829E-5, 0.014352145887660235, 9.990879787750657E-6, 1.0087625144376444, -1.2518321067929927E-4, 0.0, 2.3899966708483683E-7, -1.2494421101221442E-4, -12.103096111346103, 0.0, 0.028473028628742198, -12.074623082717347, 0.4266523531265098, 0.0, 0.004551244745618817, 0.43120359787214124, 7.004999999999997
4.194789578489782E-5, 0.014385790250853042, 1.0014322449705254E-5, 1.008708140188802, -1.2546693947004155E-4, 0.0, 2.3966715066980397E-7, -1.2522727231937175E-4, -12.103096111346103, 0.0, 0.028473028628742198, -12.074623082717347, 0.4256535969014421, 0.0, 0.004540590675652524, 0.4301941875771086, 7.004999999999997
4.2046092177667365E-5, 0.014419434614045856, 1.0037765111659852E-5, 1.0086534151088236, -1.2575066826078386E-4, 0.0, 2.403346342547712E-7, -1.2551033362652908E-4, -12.103096111346103, 0.0, 0.028473028628742198, -12.074623082717347, 0.42465950575954753, 0.0, 0.004529986369703994, 0.42918949212926405, 7.004999999999997
4.21442885704369E-5, 0.014453078977238664, 1.0061207773614451E-5, 1.0085983391977087, -1.2603439705152614E-4, 0.0, 2.410021178397384E-7, -1.2579339493368641E-4, -12.103096111346103, 0.0, 0.028473028628742198, -12.074623082717347, 0.42367004709182693, 0.0, 0.0045194314799220335, 0.42818947857176415, 7.004999999999997
4.224248496320645E-5, 0.014486723340431478, 1.008465043556905E-5, 1.0085429124554577, -1.2631812584226846E-4, 0.0, 2.4166960142470566E-7, -1.2607645624084375E-4, -12.103096111346103, 0.0, 0.028473028628742198, -12.074623082717347, 0.4226851885924949, 0.0, 0.004508925661689891, 0.42719411425419856, 7.004999999999997
4.2340681355975985E-5, 0.014520367703624288, 1.0108093097523648E-5, 1.0084871348820705, -1.2660185463301074E-4, 0.0, 2.423370850096728E-7, -1.2635951754800108E-4, -12.103096111346103, 0.0, 0.028473028628742198, -12.074623082717347, 0.4217048982554562, 0.0, 0.004498468573587753, 0.42620336682905774, 7.004999999999997
4.243887774874552E-5, 0.014554012066817097, 1.0131535759478245E-5, 1.0084310064775468, -1.2688558342375305E-4, 0.0, 2.4300456859464E-7, -1.266425788551584E-4, -12.103096111346103, 0.0, 0.028473028628742198, -12.074623082717347, 0.4207291443708438, 0.0, 0.004488059877355759, 0.4252172042482133, 7.004999999999997
4.2537074141515053E-5, 0.014587656430009905, 1.0154978421432842E-5, 1.0083745272418874, -1.271693122144953E-4, 0.0, 2.4367205217960713E-7, -1.2692564016231572E-4, -12.103096111346103, 0.0, 0.028473028628742198, -12.074623082717347, 0.41975789552159803, 0.0, 0.004477699237857523, 0.42423559475946926, 7.004999999999997
4.26352705342846E-5, 0.014621300793202717, 1.017842108338744E-5, 1.0083176971750916, -1.2745304100523762E-4, 0.0, 2.443395357645744E-7, -1.2720870146947305E-4, -12.103096111346103, 0.0, 0.028473028628742198, -12.074623082717347, 0.41879112058009477, 0.0, 0.004467386323044164, 0.42325850690315264, 7.004999999999997
4.2733466927054136E-5, 0.014654945156395528, 1.020186374534204E-5, 1.0082605162771596, -1.2773676979597993E-4, 0.0, 2.4500701934954157E-7, -1.2749176277663038E-4, -12.103096111346103, 0.0, 0.028473028628742198, -12.074623082717347, 0.4178287887048207, 0.0, 0.004457120803918845, 0.4222859095087532, 7.004999999999997
4.283166331982367E-5, 0.014688589519588338, 1.0225306407296636E-5, 1.0082029845480913, -1.280204985867222E-4, 0.0, 2.4567450293450877E-7, -1.2777482408378771E-4, -12.103096111346103, 0.0, 0.028473028628742198, -12.074623082717347, 0.41687086933709233, 0.0, 0.004446902354501767, 0.4213177716916077, 7.004999999999997
4.292985971259321E-5, 0.014722233882781148, 1.0248749069251235E-5, 1.008145101987887, -1.283042273774645E-4, 0.0, 2.4634198651947596E-7, -1.2805788539094502E-4, -12.103096111346103, 0.0, 0.028473028628742198, -12.074623082717347, 0.41591733219782245, 0.0, 0.004436730651795682, 0.4203540628496317, 7.004999999999997
4.3028056105362755E-5, 0.01475587824597396, 1.0272191731205834E-5, 1.0080868685965465, -1.285879561682068E-4, 0.0, 2.4700947010444316E-7, -1.2834094669810238E-4, -12.103096111346103, 0.0, 0.028473028628742198, -12.074623082717347, 0.414968147284329, 0.0, 0.004426605375751847, 0.41939475266009446, 7.004999999999997
4.31262524981323E-5, 0.014789522609166772, 1.0295634393160432E-5, 1.0080282843740698, -1.2887168495894914E-4, 0.0, 2.476769536894104E-7, -1.286240080052597E-4, -12.103096111346103, 0.0, 0.028473028628742198, -12.074623082717347, 0.4140232848671889, 0.0, 0.0044165262092364654, 0.4184398110764389, 7.004999999999997
4.322444889090184E-5, 0.014823166972359582, 1.031907705511503E-5, 1.007969349320457, -1.2915541374969143E-4, 0.0, 2.483444372743776E-7, -1.2890706931241704E-4, -12.103096111346103, 0.0, 0.028473028628742198, -12.074623082717347, 0.41308271548713343, 0.0, 0.004406492837997568, 0.4174892083251445, 7.004999999999997
4.3322645283671375E-5, 0.014856811335552392, 1.0342519717069628E-5, 1.0079100634357077, -1.294391425404337E-4, 0.0, 2.490119208593448E-7, -1.2919013061957438E-4, -12.103096111346103, 0.0, 0.028473028628742198, -12.074623082717347, 0.41214640995198715, 0.0, 0.00439650495063236, 0.41654291490263295, 7.004999999999997
4.342084167644091E-5, 0.014890455698745201, 1.0365962379024226E-5, 1.007850426719822, -1.2972287133117602E-4, 0.0, 2.49679404444312E-7, -1.294731919267317E-4, -12.103096111346103, 0.0, 0.028473028628742198, -12.074623082717347, 0.4112143393336472, 0.0, 0.004386562238555, 0.4156009015722157, 7.004999999999997
4.351903806921046E-5, 0.014924100061938015, 1.0389405040978825E-5, 1.0077904391728005, -1.3000660012191833E-4, 0.0, 2.5034688802927923E-7, -1.2975625323388904E-4, -12.103096111346103, 0.0, 0.028473028628742198, -12.074623082717347, 0.4102864749651045, 0.0, 0.004376664395964817, 0.41466313936108273, 7.004999999999997
4.361723446197999E-5, 0.014957744425130821, 1.0412847702933422E-5, 1.0077301007946429, -1.302903289126606E-4, 0.0, 2.5101437161424637E-7, -1.3003931454104635E-4, -12.103096111346103, 0.0, 0.028473028628742198, -12.074623082717347, 0.4093627884375045, 0.0, 0.004366811119814969, 0.4137295995573329, 7.004999999999997
4.371543085474953E-5, 0.014991388788323633, 1.043629036488802E-5, 1.007669411585349, -1.305740577034029E-4, 0.0, 2.5168185519921357E-7, -1.303223758482037E-4, -12.103096111346103, 0.0, 0.028473028628742198, -12.074623082717347, 0.4084432515972476, 0.0, 0.004357002109781497, 0.4128002537070425, 7.004999999999997
4.3813627247519064E-5, 0.015025033151516442, 1.0459733026842618E-5, 1.007608371544919, -1.3085778649414519E-4, 0.0, 2.523493387841807E-7, -1.30605437155361E-4, -12.103096111346103, 0.0, 0.028473028628742198, -12.074623082717347, 0.4075278365431293, 0.0, 0.004347237068232831, 0.41187507361137543, 7.004999999999997
4.391182364028861E-5, 0.015058677514709254, 1.0483175688797216E-5, 1.0075469806733526, -1.311415152848875E-4, 0.0, 2.5301682236914795E-7, -1.3088849846251834E-4, -12.103096111346103, 0.0, 0.028473028628742198, -12.074623082717347, 0.4066165156235172, 0.0, 0.00433751570019967, 0.41095403132373015, 7.004999999999997
4.4010020033058146E-5, 0.015092321877902064, 1.0506618350751815E-5, 1.0074852389706501, -1.3142524407562978E-4, 0.0, 2.5368430595411515E-7, -1.3117155976967568E-4, -12.103096111346103, 0.0, 0.028473028628742198, -12.074623082717347, 0.40570926143356784, 0.0, 0.004327837713345292, 0.4100370991469264, 7.004999999999997
4.410821642582769E-5, 0.015125966241094876, 1.0530061012706413E-5, 1.0074231464368115, -1.3170897286637212E-4, 0.0, 2.543517895390824E-7, -1.31454621076833E-4, -12.103096111346103, 0.0, 0.028473028628742198, -12.074623082717347, 0.40480604681247867, 0.0, 0.004318202817936244, 0.40912424963042815, 7.004999999999997
4.420641281859722E-5, 0.015159610604287685, 1.055350367466101E-5, 1.0073607030718368, -1.3199270165711437E-4, 0.0, 2.5501927312404954E-7, -1.317376823839903E-4, -12.103096111346103, 0.0, 0.028473028628742198, -12.074623082717347, 0.4039068448407784, 0.0, 0.004308610726813434, 0.408215455567605, 7.004999999999997
4.4304609211366766E-5, 0.015193254967480497, 1.0576946336615609E-5, 1.0072979088757257, -1.3227643044785669E-4, 0.0, 2.5568675670901673E-7, -1.3202074369114767E-4, -12.103096111346103, 0.0, 0.028473028628742198, -12.074623082717347, 0.4030116288376516, 0.0, 0.0042990611553635925, 0.4073106899930284, 7.004999999999997
4.4402805604136304E-5, 0.015226899330673307, 1.0600388998570208E-5, 1.0072347638484784, -1.32560159238599E-4, 0.0, 2.563542402939839E-7, -1.32303804998305E-4, -12.103096111346103, 0.0, 0.028473028628742198, -12.074623082717347, 0.402120372358301, 0.0, 0.004289553821491135, 0.40640992617980526, 7.004999999999997
4.450100199690585E-5, 0.015260543693866119, 1.0623831660524806E-5, 1.0071712679900948, -1.328438880293413E-4, 0.0, 2.5702172387895117E-7, -1.3258686630546234E-4, -12.103096111346103, 0.0, 0.028473028628742198, -12.074623082717347, 0.4012330491913423, 0.0, 0.004280088445590374, 0.4055131376369458, 7.004999999999997
4.459919838967538E-5, 0.015294188057058926, 1.0647274322479403E-5, 1.007107421300575, -1.3312761682008356E-4, 0.0, 2.576892074639183E-7, -1.3286992761261964E-4, -12.103096111346103, 0.0, 0.028473028628742198, -12.074623082717347, 0.40034963335623547, 0.0, 0.004270664750518114, 0.40462029810676664, 7.004999999999997
4.469739478244492E-5, 0.015327832420251736, 1.0670716984434E-5, 1.0070432237799194, -1.3341134561082587E-4, 0.0, 2.583566910488855E-7, -1.3315298891977697E-4, -12.103096111346103, 0.0, 0.028473028628742198, -12.074623082717347, 0.39947009910074843, 0.0, 0.004261282461566598, 0.4037313815623281, 7.004999999999997
4.4795591175214454E-5, 0.015361476783444546, 1.0694159646388599E-5, 1.0069786754281274, -1.3369507440156816E-4, 0.0, 2.590241746338527E-7, -1.334360502269343E-4, -12.103096111346103, 0.0, 0.028473028628742198, -12.074623082717347, 0.3985944208984549, 0.0, 0.004251941306436816, 0.4028463622049048, 7.004999999999997
4.4893787567984E-5, 0.015395121146637358, 1.0717602308343197E-5, 1.006913776245199, -1.3397880319231047E-4, 0.0, 2.5969165821881995E-7, -1.3371911153409164E-4, -12.103096111346103, 0.0, 0.028473028628742198, -12.074623082717347, 0.3977225734462652, 0.0, 0.004242641015212164, 0.4019652144614904, 7.004999999999997
4.4991983960753537E-5, 0.015428765509830168, 1.0741044970297796E-5, 1.0068485262311346, -1.3426253198305275E-4, 0.0, 2.6035914180378714E-7, -1.3400217284124897E-4, -12.103096111346103, 0.0, 0.028473028628742198, -12.074623082717347, 0.39685453166198853, 0.0, 0.0042333813203324425, 0.401087912982334, 7.004999999999997
4.509018035352308E-5, 0.01546240987302298, 1.0764487632252395E-5, 1.0067829253859342, -1.345462607737951E-4, 0.0, 2.6102662538875434E-7, -1.342852341484063E-4, -12.103096111346103, 0.0, 0.028473028628742198, -12.074623082717347, 0.39599027068192777, 0.0, 0.004224161956568196, 0.4002144326385089, 7.004999999999997
4.518837674629262E-5, 0.01549605423621579, 1.0787930294206992E-5, 1.0067169737095973, -1.3482998956453737E-4, 0.0, 2.6169410897372153E-7, -1.3456829545556364E-4, -12.103096111346103, 0.0, 0.028473028628742198, -12.074623082717347, 0.3951297658585057, 0.0, 0.004214982660995395, 0.39934474851951396, 7.004999999999997
4.5286573139062156E-5, 0.0155296985994086, 1.081137295616159E-5, 1.0066506712021244, -1.3511371835527966E-4, 0.0, 2.623615925586887E-7, -1.3485135676272097E-4, -12.103096111346103, 0.0, 0.028473028628742198, -12.074623082717347, 0.3942729927579217, 0.0, 0.004205843172970436, 0.398478835930905, 7.004999999999997
4.53847695318317E-5, 0.015563342962601413, 1.0834815618116189E-5, 1.0065840178635153, -1.3539744714602197E-4, 0.0, 2.6302907614365597E-7, -1.351344180698783E-4, -12.103096111346103, 0.0, 0.028473028628742198, -12.074623082717347, 0.39341992715783913, 0.0, 0.004196743234105472, 0.39761667039195747, 7.004999999999997
4.548296592460124E-5, 0.015596987325794223, 1.0858258280070788E-5, 1.0065170136937696, -1.3568117593676428E-4, 0.0, 2.6369655972862316E-7, -1.3541747937703563E-4, -12.103096111346103, 0.0, 0.028473028628742198, -12.074623082717347, 0.39257054504510275, 0.0, 0.004187682588244068, 0.39675822763335966, 7.004999999999997
4.5581162317370776E-5, 0.015630631688987033, 1.0881700942025384E-5, 1.006449658692888, -1.3596490472750656E-4, 0.0, 2.6436404331359036E-7, -1.3570054068419297E-4, -12.103096111346103, 0.0, 0.028473028628742198, -12.074623082717347, 0.3917248226134852, 0.0, 0.004178660981437155, 0.39590348359493516, 7.004999999999997
4.567935871014031E-5, 0.015664276052179838, 1.0905143603979981E-5, 1.0063819528608702, -1.3624863351824885E-4, 0.0, 2.650315268985575E-7, -1.3598360199135027E-4, -12.103096111346103, 0.0, 0.028473028628742198, -12.074623082717347, 0.3908827362614632, 0.0, 0.004169678161919315, 0.3950524144233953, 7.004999999999997
4.577755510290985E-5, 0.01569792041537265, 1.092858626593458E-5, 1.0063138961977163, -1.3653236230899116E-4, 0.0, 2.656990104835247E-7, -1.3626666329850763E-4, -12.103096111346103, 0.0, 0.028473028628742198, -12.074623082717347, 0.3900442625900214, 0.0, 0.004160733880085346, 0.3942049964701195, 7.004999999999997
4.587575149567939E-5, 0.015731564778565462, 1.0952028927889179E-5, 1.0062454887034262, -1.3681609109973344E-4, 0.0, 2.663664940684919E-7, -1.3654972460566494E-4, -12.103096111346103, 0.0, 0.028473028628742198, -12.074623082717347, 0.3892093784004861, 0.0, 0.004151827888467164, 0.393361206288966, 7.004999999999997
4.5973947888448934E-5, 0.015765209141758274, 1.0975471589843777E-5, 1.0061767303779998, -1.3709981989047575E-4, 0.0, 2.6703397765345913E-7, -1.368327859128223E-4, -12.103096111346103, 0.0, 0.028473028628742198, -12.074623082717347, 0.3883780606923845, 0.0, 0.004142959941710955, 0.3925210206341082, 7.004999999999997
4.6072144281218465E-5, 0.01579885350495108, 1.0998914251798374E-5, 1.0061076212214373, -1.3738354868121804E-4, 0.0, 2.677014612384263E-7, -1.371158472199796E-4, -12.103096111346103, 0.0, 0.028473028628742198, -12.074623082717347, 0.38755028666133373, 0.0, 0.004134129796554665, 0.3916844164579011, 7.004999999999997
4.617034067398801E-5, 0.015832497868143895, 1.1022356913752973E-5, 1.0060381612337386, -1.3766727747196035E-4, 0.0, 2.683689448233935E-7, -1.3739890852713693E-4, -12.103096111346103, 0.0, 0.028473028628742198, -12.074623082717347, 0.38672603369695424, 0.0, 0.00412533721180574, 0.39085137090877264, 7.004999999999997
4.626853706675755E-5, 0.015866142231336703, 1.1045799575707572E-5, 1.0059683504149037, -1.3795100626270263E-4, 0.0, 2.690364284083607E-7, -1.3768196983429427E-4, -12.103096111346103, 0.0, 0.028473028628742198, -12.074623082717347, 0.3859052793808124, 0.0, 0.004116581948319178, 0.39002186132914424, 7.004999999999997
4.636673345952709E-5, 0.015899786594529515, 1.106924223766217E-5, 1.0058981887649328, -1.3823473505344494E-4, 0.0, 2.697039119933279E-7, -1.3796503114145163E-4, -12.103096111346103, 0.0, 0.028473028628742198, -12.074623082717347, 0.385088001484387, 0.0, 0.004107863768975834, 0.3891958652533754, 7.004999999999997
4.646492985229663E-5, 0.015933430957722323, 1.1092684899616769E-5, 1.0058276762838254, -1.3851846384418725E-4, 0.0, 2.703713955782951E-7, -1.3824809244860893E-4, -12.103096111346103, 0.0, 0.028473028628742198, -12.074623082717347, 0.38427417796706326, 0.0, 0.0040991824386610275, 0.38837336040573683, 7.004999999999997
4.656312624506617E-5, 0.015967075320915135, 1.1116127561571366E-5, 1.0057568129715817, -1.3880219263492954E-4, 0.0, 2.710388791632623E-7, -1.3853115375576626E-4, -12.103096111346103, 0.0, 0.028473028628742198, -12.074623082717347, 0.38346378697415084, 0.0, 0.004090537724243395, 0.3875543246984068, 7.004999999999997
4.66613226378357E-5, 0.016000719684107944, 1.1139570223525963E-5, 1.005685598828202, -1.3908592142567182E-4, 0.0, 2.7170636274822944E-7, -1.3881421506292357E-4, -12.103096111346103, 0.0, 0.028473028628742198, -12.074623082717347, 0.382656806834928, 0.0, 0.004081929394554029, 0.3867387362294945, 7.004999999999997
4.675951903060524E-5, 0.016034364047300756, 1.1163012885480561E-5, 1.005614033853686, -1.3936965021641413E-4, 0.0, 2.723738463331967E-7, -1.3909727637008093E-4, -12.103096111346103, 0.0, 0.028473028628742198, -12.074623082717347, 0.38185321606070916, 0.0, 0.004073357220365864, 0.38592657328108754, 7.004999999999997
4.685771542337478E-5, 0.016068008410493564, 1.118645554743516E-5, 1.0055421180480342, -1.3965337900715641E-4, 0.0, 2.730413299181639E-7, -1.3938033767723823E-4, -12.103096111346103, 0.0, 0.028473028628742198, -12.074623082717347, 0.3810529933429387, 0.0, 0.004064820974373338, 0.3851178143173245, 7.004999999999997
4.695591181614432E-5, 0.016101652773686376, 1.1209898209389757E-5, 1.005469851411246, -1.3993710779789873E-4, 0.0, 2.737088135031311E-7, -1.3966339898439557E-4, -12.103096111346103, 0.0, 0.028473028628742198, -12.074623082717347, 0.3802561175513063, 0.0, 0.004056320431172297, 0.384312437982491, 7.004999999999997
4.7054108208913855E-5, 0.016135297136879185, 1.1233340871344356E-5, 1.0053972339433215, -1.40220836588641E-4, 0.0, 2.743762970880982E-7, -1.399464602915529E-4, -12.103096111346103, 0.0, 0.028473028628742198, -12.074623082717347, 0.37946256773188763, 0.0, 0.004047855367240153, 0.38351042309914024, 7.004999999999997
4.71523046016834E-5, 0.016168941500071997, 1.1256783533298954E-5, 1.0053242656442607, -1.4050456537938332E-4, 0.0, 2.7504378067306546E-7, -1.4022952159871023E-4, -12.103096111346103, 0.0, 0.028473028628742198, -12.074623082717347, 0.37867232310530774, 0.0, 0.004039425560916294, 0.3827117486662364, 7.004999999999998
4.7250500994452944E-5, 0.01620258586326481, 1.1280226195253553E-5, 1.005250946514064, -1.4078829417012563E-4, 0.0, 2.757112642580327E-7, -1.405125829058676E-4, -12.103096111346103, 0.0, 0.028473028628742198, -12.074623082717347, 0.377885363064927, 0.0, 0.0040310307923827355, 0.38191639385732207, 7.004999999999998
4.734869738722248E-5, 0.01623623022645762, 1.1303668857208151E-5, 1.005177276552731, -1.4107202296086791E-4, 0.0, 2.763787478429999E-7, -1.4079564421302492E-4, -12.103096111346103, 0.0, 0.028473028628742198, -12.074623082717347, 0.3771016671750503, 0.0, 0.0040226708436450175, 0.3811243380187076, 7.004999999999998
4.744689377999202E-5, 0.01626987458965043, 1.1327111519162748E-5, 1.0051032557602617, -1.4135575175161023E-4, 0.0, 2.770462314279671E-7, -1.4107870552018223E-4, -12.103096111346103, 0.0, 0.028473028628742198, -12.074623082717347, 0.3763212151691577, 0.0, 0.004014345498513326, 0.3803355606676833, 7.004999999999998
4.754509017276156E-5, 0.016303518952843238, 1.1350554181117347E-5, 1.0050288841366564, -1.416394805423525E-4, 0.0, 2.777137150129343E-7, -1.4136176682733956E-4, -12.103096111346103, 0.0, 0.028473028628742198, -12.074623082717347, 0.3755439869481576, 0.0, 0.004006054542583864, 0.3795500414907538, 7.004999999999998
4.76432865655311E-5, 0.01633716331603605, 1.1373996843071946E-5, 1.0049541616819144, -1.4192320933309482E-4, 0.0, 2.783811985979015E-7, -1.4164482813449692E-4, -12.103096111346103, 0.0, 0.028473028628742198, -12.074623082717347, 0.3747699625786617, 0.0, 0.003997797763220444, 0.37876776034189436, 7.004999999999998
4.774148295830063E-5, 0.01637080767922886, 1.1397439505026543E-5, 1.0048790883960368, -1.422069381238371E-4, 0.0, 2.7904868218286863E-7, -1.4192788944165422E-4, -12.103096111346103, 0.0, 0.028473028628742198, -12.074623082717347, 0.37399912229128013, 0.0, 0.003989574949536311, 0.3779886972408287, 7.004999999999998
4.783967935107018E-5, 0.01640445204242167, 1.1420882166981141E-5, 1.0048036642790228, -1.4249066691457941E-4, 0.0, 2.797161657678359E-7, -1.4221095074881156E-4, -12.103096111346103, 0.0, 0.028473028628742198, -12.074623082717347, 0.37323144647893886, 0.0, 0.00398138589237618, 0.37721283237132724, 7.004999999999998
4.793787574383971E-5, 0.01643809640561448, 1.1444324828935738E-5, 1.0047278893308724, -1.427743957053217E-4, 0.0, 2.80383649352803E-7, -1.4249401205596886E-4, -12.103096111346103, 0.0, 0.028473028628742198, -12.074623082717347, 0.3724669156952172, 0.0, 0.003973230384298519, 0.37644014607952797, 7.004999999999998
4.803607213660925E-5, 0.01647174076880729, 1.1467767490890337E-5, 1.0046517635515861, -1.43058124496064E-4, 0.0, 2.8105113293777026E-7, -1.4277707336312622E-4, -12.103096111346103, 0.0, 0.028473028628742198, -12.074623082717347, 0.37170551065270563, 0.0, 0.003965108219558011, 0.37567061887227576, 7.004999999999998
4.813426852937879E-5, 0.016505385132000103, 1.1491210152844935E-5, 1.0045752869411635, -1.433418532868063E-4, 0.0, 2.8171861652273746E-7, -1.4306013467028353E-4, -12.103096111346103, 0.0, 0.028473028628742198, -12.074623082717347, 0.3709472122213837, 0.0, 0.0039570191940882715, 0.3749042314154841, 7.004999999999998
4.8232464922148335E-5, 0.016539029495192915, 1.1514652814799534E-5, 1.004498459499605, -1.436255820775486E-4, 0.0, 2.823861001077047E-7, -1.4334319597744089E-4, -12.103096111346103, 0.0, 0.028473028628742198, -12.074623082717347, 0.37019200142701825, 0.0, 0.003948963105484744, 0.3741409645325151, 7.004999999999998
4.8330661314917866E-5, 0.01657267385838572, 1.1538095476754131E-5, 1.00442128122691, -1.439093108682909E-4, 0.0, 2.8305358369267184E-7, -1.436262572845982E-4, -12.103096111346103, 0.0, 0.028473028628742198, -12.074623082717347, 0.36943985944958074, 0.0, 0.00394093975298783, 0.37338079920258066, 7.004999999999998
4.842885770768741E-5, 0.016606318221578535, 1.156153813870873E-5, 1.0043437521230787, -1.441930396590332E-4, 0.0, 2.8372106727763904E-7, -1.4390931859175552E-4, -12.103096111346103, 0.0, 0.028473028628742198, -12.074623082717347, 0.3686907676216833, 0.0, 0.003932948937466197, 0.37262371655916154, 7.004999999999998
4.852705410045695E-5, 0.016639962584771344, 1.1584980800663328E-5, 1.0042658721881115, -1.4447676844977548E-4, 0.0, 2.8438855086260623E-7, -1.4419237989891286E-4, -12.103096111346103, 0.0, 0.028473028628742198, -12.074623082717347, 0.36794470742703533, 0.0, 0.003924990461400321, 0.37186969788844765, 7.004999999999998
4.862525049322649E-5, 0.016673606947964156, 1.1608423462617927E-5, 1.004187641422008, -1.447604972405178E-4, 0.0, 2.850560344475735E-7, -1.4447544120607022E-4, -12.103096111346103, 0.0, 0.028473028628742198, -12.074623082717347, 0.3672016604989169, 0.0, 0.003917064128866198, 0.3711187246277951, 7.004999999999998
4.872344688599602E-5, 0.016707251311156964, 1.1631866124572524E-5, 1.004109059824768, -1.4504422603126008E-4, 0.0, 2.857235180325406E-7, -1.4475850251322752E-4, -12.103096111346103, 0.0, 0.028473028628742198, -12.074623082717347, 0.36646160861867233, 0.0, 0.003909169745519273, 0.3703707783642036, 7.004999999999998
4.882164327876556E-5, 0.016740895674349773, 1.165530878652712E-5, 1.004030127396392, -1.4532795482200236E-4, 0.0, 2.863910016175078E-7, -1.4504156382038483E-4, -12.103096111346103, 0.0, 0.028473028628742198, -12.074623082717347, 0.36572453371422053, 0.0, 0.0039013071185785534, 0.3696258408328111, 7.004999999999998
4.89198396715351E-5, 0.016774540037542585, 1.167875144848172E-5, 1.00395084413688, -1.4561168361274467E-4, 0.0, 2.87058485202475E-7, -1.4532462512754216E-4, -12.103096111346103, 0.0, 0.028473028628742198, -12.074623082717347, 0.36499041785858427, 0.0, 0.0038934760568109196, 0.36888389391540716, 7.004999999999998
4.901803606430464E-5, 0.016808184400735397, 1.1702194110436318E-5, 1.0038712100462317, -1.4589541240348698E-4, 0.0, 2.877259687874422E-7, -1.4560768643469952E-4, -12.103096111346103, 0.0, 0.028473028628742198, -12.074623082717347, 0.3642592432684366, 0.0, 0.0038856763705156167, 0.3681449196389641, 7.004999999999998
4.911623245707419E-5, 0.01684182876392821, 1.1725636772390917E-5, 1.0037912251244472, -1.461791411942293E-4, 0.0, 2.8839345237240945E-7, -1.4589074774185685E-4, -12.103096111346103, 0.0, 0.028473028628742198, -12.074623082717347, 0.36353099230266506, 0.0, 0.00387790787150894, 0.3674089001741859, 7.004999999999998
4.9214428849843725E-5, 0.016875473127121017, 1.1749079434345515E-5, 1.0037108893715265, -1.4646286998497158E-4, 0.0, 2.8906093595737664E-7, -1.4617380904901418E-4, -12.103096111346103, 0.0, 0.028473028628742198, -12.074623082717347, 0.36280564746095273, 0.0, 0.0038701703731090983, 0.3666758178340737, 7.004999999999998
4.931262524261326E-5, 0.01690911749031383, 1.1772522096300112E-5, 1.0036302027874697, -1.4674659877571386E-4, 0.0, 2.8972841954234384E-7, -1.4645687035617151E-4, -12.103096111346103, 0.0, 0.028473028628742198, -12.074623082717347, 0.3620831913823764, 0.0, 0.003862463690121261, 0.3659456550725095, 7.004999999999998
4.94108216353828E-5, 0.016942761853506638, 1.1795964758254711E-5, 1.0035491653722766, -1.4703032756645617E-4, 0.0, 2.9039590312731103E-7, -1.4673993166332882E-4, -12.103096111346103, 0.0, 0.028473028628742198, -12.074623082717347, 0.3613636068440216, 0.0, 0.0038547876388227817, 0.3652183944828562, 7.004999999999998
4.9509018028152345E-5, 0.01697640621669945, 1.181940742020931E-5, 1.0034677771259473, -1.4731405635719848E-4, 0.0, 2.910633867122783E-7, -1.4702299297048618E-4, -12.103096111346103, 0.0, 0.028473028628742198, -12.074623082717347, 0.3606468767596136, 0.0, 0.0038471420369485983, 0.364494018796574, 7.004999999999998
4.960721442092188E-5, 0.01701005057989226, 1.1842850082163908E-5, 1.0033860380484818, -1.4759778514794077E-4, 0.0, 2.917308702972454E-7, -1.473060542776435E-4, -12.103096111346103, 0.0, 0.028473028628742198, -12.074623082717347, 0.3599329841781656, 0.0, 0.003839526703676809, 0.3637725108818542, 7.004999999999998
4.9705410813691414E-5, 0.017043694943085066, 1.1866292744118503E-5, 1.0033039481398802, -1.4788151393868305E-4, 0.0, 2.9239835388221256E-7, -1.4758911558480082E-4, -12.103096111346103, 0.0, 0.028473028628742198, -12.074623082717347, 0.35922191228264205, 0.0, 0.0038319414596144166, 0.36305385374226823, 7.004999999999998
4.980360720646095E-5, 0.01707733930627788, 1.1889735406073102E-5, 1.0032215074001423, -1.4816524272942533E-4, 0.0, 2.9306583746717975E-7, -1.4787217689195815E-4, -12.103096111346103, 0.0, 0.028473028628742198, -12.074623082717347, 0.3585136443886379, 0.0, 0.0038243861267832366, 0.36233803051543284, 7.004999999999998
4.9901803599230496E-5, 0.01711098366947069, 1.19131780680277E-5, 1.0031387158292682, -1.4844897152016764E-4, 0.0, 2.93733321052147E-7, -1.4815523819911548E-4, -12.103096111346103, 0.0, 0.028473028628742198, -12.074623082717347, 0.357808163943074, 0.0, 0.0038168605286059837, 0.3616250244716917, 7.004999999999998
4.9999999992000034E-5, 0.0171446280326635, 1.19366207299823E-5, 1.003055573427258, -1.4873270031090996E-4, 0.0, 2.944008046371142E-7, -1.4843829950627281E-4, -12.103096111346103, 0.0, 0.028473028628742198, -12.074623082717347, 0.35710545452290754, 0.0, 0.0038093644898925137, 0.36091481901281175, 7.004999999999998
