phi0, phi, rho, Z_fit_curve, F_id, F_fr, F_ex, F_total, mu_id, mu_fr, mu_ex, mu_kT, PV_id, PV_fr, PV_ex, PV_NkT, alpha
1.0000000000000005E-4, 0.034380052266560726, 2.387324146378431E-5, 1.0487764155607702, -2.77664138843586E-4, 4.4213872184024807E-4, 1.2780157773733305E-5, 1.772547407648014E-4, -10.512837542094836, -66.69283616745521, -1.6478135656683388, -78.85348727488028, 1.1179307079897705, -85.21309963946727, -2.1831475626507255, -86.27831649355579, 7.005263981481487
1.0581162324649302E-4, 0.036378116053707124, 2.5260664314385E-5, 1.0505050801554188, -2.9222180264213885E-4, 3.542427588159112E-4, 1.0619439208663919E-5, 7.264039537730858E-5, -10.472497750921915, -60.08169422243577, -1.4687789812798508, -72.02297095430448, 1.0957571059279672, -74.10518760357314, -1.889173277981563, -74.89860377509069, 7.005311853233221
1.1162324649298601E-4, 0.03837617984085352, 2.6648087164985692E-5, 1.0522667070343608, -3.0672411149549234E-4, 2.752296470764716E-4, 8.699450196240561E-6, -2.279501422744966E-5, -10.433038643830166, -53.88495946658999, -1.300713179058918, -65.61871128915108, 1.0771350356717946, -64.21326728742714, -1.627170014117279, -64.7633022653694, 7.005359724984954
1.1743486973947899E-4, 0.04037424362799993, 2.8035510015586382E-5, 1.0540772370170468, -3.211722726131473E-4, 2.0453701161662059E-4, 7.0053164632171926E-6, -1.0962994453752663E-4, -10.394439144358037, -48.08458774191169, -1.1431227940888413, -59.62214968003559, 1.0614706084729648, -55.38022857394605, -1.3929957751518782, -55.71175374015158, 7.005407596736688
1.2324649298597198E-4, 0.042372307415146325, 2.9422932866187073E-5, 1.0559513336833983, -3.3556746426540416E-4, 1.4162712183576434E-4, 5.522837444648734E-6, -1.884175049887637E-4, -10.356678611299873, -42.66309569049334, -0.9955299687878916, -54.01530427026303, 1.0482845102059137, -47.476590065098094, -1.1832351669666765, -47.611540721412545, 7.005455468488421
1.2905811623246496E-4, 0.04437037120229272, 3.081035571678776E-5, 1.057902452702307, -3.4991083638233496E-4, 8.598612206211634E-5, 4.238465006528446E-6, -2.5968624931702446E-4, -10.31973683163956, -37.60354840137978, -0.8574720108719125, -48.780757243578094, 1.0371861327933891, -40.39436726931206, -0.9950382579314689, -40.35221939402875, 7.005503340240153
1.3486973947895794E-4, 0.04636843498943912, 3.2197778567388454E-5, 1.059942908335106, -3.6420351114301003E-4, 3.7123279087536423E-5, 3.139282639429136E-6, -3.2394094941894775E-4, -10.283594013567555, -32.88954724207156, -0.7285010564212757, -43.90164231175209, 1.0278543952333519, -34.04252365036132, -0.8260010324789022, -33.84067028720839, 7.005551211991887
1.4068136272545094E-4, 0.048366498776585526, 3.3585201417989144E-5, 1.062083937196304, -3.7844658355509276E-4, -5.4297535418943245E-6, 2.2129851160991613E-6, -3.816633519833677E-4, -10.248230779580561, -28.505217872991686, -0.6081837380055077, -39.361632390274316, 1.020023319749819, -28.343546859788056, -0.6740754112027935, -27.997598950863754, 7.00559908374362
1.4649298597194392E-4, 0.050364562563731924, 3.4972624268589835E-5, 1.0643357593522855, -3.92641122024918E-4, -4.2119654732242544E-5, 1.447858606028413E-6, -4.333129181531944E-4, -10.21362815966331, -24.435198443235247, -0.4961008578190176, -35.144927460418955, 1.0134710425421998, -23.23083772930187, -0.5375006279623404, -22.754867314364425, 7.0056469554953535
1.523046092184369E-4, 0.05236262635087832, 3.6360047119190525E-5, 1.0667076368370936, -4.0678816891816846E-4, -7.337213879540628E-5, 8.327612400636949E-7, -4.793275464751623E-4, -10.179767584551746, -20.664627965928084, -0.39184706578159934, -31.23624261596755, 1.008011341715627, -18.64669497054753, -0.4147502605253754, -18.053433889017988, 7.005694827247087
1.5811623246492988E-4, 0.05436069013802472, 3.7747469969791216E-5, 1.0692079296628467, -4.208887411112585E-4, -9.959264239813538E-5, 3.5710411821716103E-7, -5.201242793924233E-4, -10.146630879077067, -17.179134871529723, -0.29503054255761524, -27.620796292875273, 1.0034870347351688, -14.540742352035359, -0.3044908883371588, -13.841746205315191, 7.00574269899882
1.639278557114229E-4, 0.05635875392517113, 3.913489282039191E-5, 1.0718441494008033, -4.3494383053354046E-4, -1.2116699575211489E-4, 1.0832753875977157E-8, -5.560999935326281E-4, -10.11420025558992, -13.964825737421096, -0.20527268744787772, -24.284298680174427, 0.9997647814346716, -10.868688581553412, -0.2055494929555788, -10.074473292768163, 7.005790570750554
1.6973947895791589E-4, 0.05835681771231753, 4.0522315670992603E-5, 1.0746230104075503, -4.489544047004419E-4, -1.384620782885817E-4, -2.155910523161516E-7, -5.876320740417986E-4, -10.082458307464195, -11.008274192125521, -0.122207811108551, -21.21294031041849, 0.996730955695814, -7.591340189321282, -0.11688750675905203, -6.711496740093422, 7.005838442502287
1.7555110220440886E-4, 0.06035488149946393, 4.1909738521593294E-5, 1.0775504787693, -4.629214072376457E-4, -1.5182645905856376E-4, -3.3120691557081327E-7, -6.15079073211853E-4, -10.05138800267974, -8.296509992518253, -0.04548283305149125, -18.393380827974383, 0.9942883381338189, -4.673808815789658, -0.037579970202557836, -3.717100447581561, 7.0058863142540195
1.8136272545090187E-4, 0.062352945286610326, 4.3297161372193984E-5, 1.0806318190357675, -4.768457583964202E-4, -1.6159102209767297E-4, -3.4457315366214024E-7, -6.387813536474493E-4, -10.02097267748343, -5.817008272387444, 0.025243016119262728, -15.812737933480989, 0.992353445615643, -2.0848693289450946, 0.03320134739876849, -1.0593145356671303, 7.005934186005753
1.8717434869739485E-4, 0.06435100907375672, 4.4684584222794675E-5, 1.0838716388136491, -4.907283555602087E-4, -1.6806957699202482E-4, -2.637836637704182E-7, -6.590617162153264E-4, -9.99119603012797, -3.557678960715289, 0.09029848778001158, -13.458576502797285, 0.9908543591845126, 0.20356398056486033, 0.0962017241725717, 1.290620064172742, 7.005982057757486
1.9298597194388782E-4, 0.06634907286090314, 4.6072007073395365E-5, 1.0872739312882584, -5.045700737425863E-4, -1.7155945487964114E-4, -9.648439593763656E-8, -6.762260130171191E-4, -9.962042114687756, -1.506856368058148, 0.15000060371385474, -11.318897878770606, 0.9897289453135371, 2.216867988172676, 0.15209481236823205, 3.3586917460931844, 7.00602992950922
1.987975951903808E-4, 0.06834713664804953, 4.7459429923996056E-5, 1.0908421157404404, -5.183717660766888E-4, -1.7234209011941388E-4, 1.501105704492678E-7, -6.905637456242501E-4, -9.933495334951298, 0.34671106059360424, 0.20465493993581294, -9.38212933416487, 0.9889233899856796, 3.978067155586975, 0.20149201592493327, 5.168482561725029, 7.006077801260953
2.046092184368738E-4, 0.07034513354009911, 4.8846852774596746E-5, 1.094581088788199, -5.321342642962208E-4, -1.7068358785754962E-4, 4.692033407936828E-7, -7.023486488112214E-4, -9.905540438389485, 2.0138708280812208, 0.25455590596116784, -7.637113704094421, 0.9883909833900979, 5.508130502193023, 0.24495030571996465, 6.7414717915198255, 7.006149327028537
2.1042084168336678E-4, 0.07234311298125387, 5.023427562519744E-5, 1.098491877471829, -5.458583792081491E-4, -1.6683527771906026E-4, 8.543969037533705E-7, -7.118392600213501E-4, -9.878162510199171, 3.505076304073928, 0.29998701956132484, -6.07309918631589, 0.9880911067704204, 6.826220595350938, 0.28297877383428177, 8.097290476161746, 7.006227023408953
2.1623246492985976E-4, 0.07434109242240863, 5.162169847579813E-5, 1.1025758932774608, -5.595449011571803E-4, -1.6103425384977516E-4, 1.299680207801446E-6, -7.192794747967086E-4, -9.851346967421422, 4.83039648238827, 0.3412211770513878, -4.679729307737935, 0.9879883833809618, 7.949903561863252, 0.3160441633889881, 9.253936108829661, 7.006304719789369
2.2204408817635274E-4, 0.0763390718635634, 5.300912132639882E-5, 1.106834627220876, -5.731946004821347E-4, -1.5350390153205323E-4, 1.7994136097164419E-6, -7.248990884016861E-4, -9.82507955313386, 5.9995255782201715, 0.37852091915329317, -3.4470330555210587, 0.9880519634732781, 8.895327238218778, 0.34457556098301306, 10.227954762861863, 7.006382416169784
2.2785571142284574E-4, 0.07833705130471816, 5.439654417699951E-5, 1.111269171178111, -5.868082279643078E-4, -1.4445441059521177E-4, 2.3483146888936117E-6, -7.28914323867515E-4, -9.799346330716482, 7.021792466866973, 0.41213869247836155, -2.3654151711360387, 0.9882549193722672, 9.677373125174517, 0.3689684006073837, 11.034596445332085, 7.0064601125502
2.3366733466933872E-4, 0.08033503074587292, 5.57839670276002E-5, 1.1158802477054115, -6.003865152679304E-4, -1.340832758395328E-4, 2.9414444214279515E-6, -7.315283466826028E-4, -9.774133678190386, 7.906169965517868, 0.44231710667268564, -1.4256466057689767, 0.9885737314651037, 10.309786685232199, 0.3895878982968702, 11.6879483151635, 7.006537808930616
2.394789579158317E-4, 0.08233301018702767, 5.717138987820089E-5, 1.1206682382855766, -6.139301753728241E-4, -1.2257578469042143E-4, 3.57419370798528E-6, -7.329317663515074E-4, -9.749428282628802, 8.661283959673101, 0.4692891872687958, -0.61885513546019, 0.9889878496491362, 10.80528964068872, 0.40677201363352444, 12.201049504132449, 7.006615505311031
2.4529058116232465E-4, 0.08433098962818243, 5.855881272880157E-5, 1.1256332100569748, -6.274399029993508E-4, -1.1010549229727897E-4, 4.2422702495285596E-6, -7.333031250430373E-4, -9.725217134639779, 9.295422375755557, 0.49327862428664204, 0.06348386562500484, 0.9894793177141922, 11.175677236918832, 0.42083401600581116, 12.585990570792019, 7.006693201691447
2.511022044088177E-4, 0.0863289690693372, 5.994623557940227E-5, 1.130774941080204, -6.409163750257582E-4, -9.683468428934675E-5, 4.94168576503857E-6, -7.328093735456991E-4, -9.701487522920049, 9.81654400146492, 0.5145000166269575, 0.6295564953901256, 0.9900324504538786, 11.431902886862877, 0.43206471910951766, 12.854000056571719, 7.006770898071863
2.5691382765531066E-4, 0.08832694851049196, 6.133365843000296E-5, 1.1360929441961154, -6.543602508980165E-4, -8.291482739871675E-5, 5.66874354541466E-6, -7.316063347466511E-4, -9.678227028879402, 10.232287155418366, 0.5331591122995851, 1.0872192390526687, 0.9906335551473132, 11.584152175721094, 0.44073443569425735, 13.015520166700687, 7.006848594452278
2.6272545090180364E-4, 0.09032492795164672, 6.272108128060365E-5, 1.1415864895276826, -6.67772173032248E-4, -6.848700815858286E-5, 6.420026337810397E-6, -7.298391548480573E-4, -9.655423521334999, 10.549978207618171, 0.5494530445294771, 1.4440077310226844, 0.9912706905320873, 11.641907854879566, 0.44709469536313745, 13.080273240905697, 7.006926290832694
2.685370741482966E-4, 0.09232290739280148, 6.410850413120434E-5, 1.147254625676957, -6.811527672098408E-4, -5.36823598825469E-5, 7.192384554712234E-6, -7.276427425324244E-4, -9.633065151275055, 10.77663995227459, 0.5635705637826093, 1.707145364988323, 0.9919334575802496, 11.614007172272123, 0.4513797608277889, 13.057320390804431, 7.00700398721311
2.743486973947896E-4, 0.09432088683395624, 6.549592698180503E-5, 1.1530961996671432, -6.945026429653477E-4, -3.862247812885006E-5, 7.982924802130877E-6, -7.251421962865344E-4, -9.611140346691325, 10.918999834507561, 0.5756922657539115, 1.883551753772205, 0.9926128173532506, 11.508692658300703, 0.4538079720275465, 12.955113447799087, 7.007081683593525
2.8016032064128257E-4, 0.096318866275111, 6.688334983240572E-5, 1.1591098756786216, -7.078223939672618E-4, -2.3419824851193385E-5, 8.788998721330579E-6, -7.22453220091311E-4, -9.58963780747979, 10.983498032445812, 0.5859908153593556, 1.9798510405232452, 0.9933009319957566, 11.333657300931588, 0.45458294264733107, 12.781541175685621, 7.007159379973941
2.859719438877756E-4, 0.09831684571626577, 6.827077268300641E-5, 1.165294152626589, -7.211125983917636E-4, -8.17812143566449E-6, 9.608192138582387E-6, -7.19682527682763E-4, -9.568546500408958, 10.976295396228714, 0.5946311667736545, 2.0023800627872115, 0.9939910255689607, 11.096084892000746, 0.4538946295852595, 12.543970547259674, 7.0072370763543566
2.917835671342686E-4, 0.10031482515742052, 6.96581955336071E-5, 1.1716473806267915, -7.343738192895347E-4, 7.007269178650525E-6, 1.0438314517485324E-5, -7.169282355870422E-4, -9.547855654155281, 10.903281245417467, 0.6017707795553876, 1.9571963710075502, 0.9946772619497685, 10.802686202365141, 0.4519202926525324, 12.249283757066161, 7.007314772734772
2.9759519038076156E-4, 0.10231280459857528, 7.10456183842078E-5, 1.1781677763947065, -7.4760660494573E-4, 2.2048971100018493E-5, 1.1277388708451037E-5, -7.142802451306512E-4, -9.527554754404994, 10.770081026309377, 0.6075598309007441, 1.8500861029914324, 0.9953546374556843, 10.459731540986022, 0.44882535909329196, 11.903911537628275, 7.007392469115188
3.0340681362725453E-4, 0.10431084222491777, 7.243304123480848E-5, 1.1848523051717856, -7.608114892331979E-4, 3.686723461200869E-5, 1.2123640990015536E-5, -7.118206136243073E-4, -9.507633539021947, 10.582063830638273, 0.6121414240670701, 1.6865717158654823, 0.996018886213811, 10.073080168161711, 0.44476420528215194, 11.513863259744966, 7.007461193518727
3.092184368737475E-4, 0.10630892092315747, 7.382046408540918E-5, 1.1916992333406016, -7.739889919590445E-4, 5.1389585637762045E-5, 1.2975491396686536E-5, -7.096239149174758E-4, -9.488081993280755, 10.344349777149297, 0.6156517930071737, 1.4719195770540694, 0.9966663965905251, 9.648206962626958, 0.43988086610438315, 11.084754225403767, 7.00752358476212
3.150300601202405E-4, 0.10830699962139717, 7.520788693600987E-5, 1.1987072438468929, -7.871396192046256E-4, 6.555048535137779E-5, 1.3831544328102132E-5, -7.077575895177833E-4, -9.468890345164763, 10.061817257518156, 0.6182205032551334, 1.2111474157832014, 0.9972941372467432, 9.190226683418514, 0.4343096809783341, 10.621830501720373, 7.007585976005513
3.2084168336673347E-4, 0.11030507831963686, 7.659530978661056E-5, 1.2058741539853781, -8.002638636590645E-4, 7.929099974913529E-5, 1.4690579434324465E-5, -7.062822844679984E-4, -9.450049060728238, 9.73911004807987, 0.619970649104154, 0.9090316366269793, 0.9978995915919414, 8.703916118189975, 0.4281758841864138, 10.12999159404022, 7.007648367248905
3.266533066132265E-4, 0.11230315701787656, 7.798273263721125E-5, 1.2131977101567555, -8.133622049463731E-4, 9.255847899551765E-5, 1.5551542772154544E-5, -7.052521831708695E-4, -9.431548839522254, 9.380644288829155, 0.6210190471168062, 0.5701144965909501, 0.9984806995844404, 8.193734368320017, 0.42159614609456425, 9.61381121406584, 7.007710758492297
3.324649298597195E-4, 0.11430123571611626, 7.937015548781194E-5, 1.2206755977575008, -8.264351099462771E-4, 1.0530624636074517E-4, 1.6413538227406356E-5, -7.047153253500549E-4, -9.41338061008368, 8.990615331141967, 0.6214764260078667, 0.19871114722959277, 0.9990358059731617, 7.6638414863192, 0.4146790709248618, 9.077556363278978, 7.007773149735689
3.3827655310621245E-4, 0.11629931441435597, 8.075757833841263E-5, 1.2283054502897104, -8.394830331088215E-4, 1.1749329656886728E-4, 1.7275819198135847E-5, -7.04713917333524E-4, -9.395535525486743, 8.573004455667597, 0.6214476129395448, -0.201083456719759, 0.9995636142000432, 7.118115651591346, 0.4075256559717175, 8.525204921820242, 7.007835540979081
3.4408817635270543E-4, 0.11829739311259566, 8.214500118901332E-5, 1.2360848577277335, -8.525064167628492E-4, 1.29084003377083E-4, 1.8137780533872635E-5, -7.052846328433884E-4, -9.378004958956636, 8.131585461824706, 0.6210317162691151, -0.625387780706574, 1.0000631452881497, 6.560169045625935, 0.4002297164963218, 7.9604619074631096, 7.007897932222473
3.498997995991984E-4, 0.12029547181083536, 8.353242403961401E-5, 1.2440113741773031, -8.655056914184363E-4, 1.4004783620924168E-4, 1.8998950725964402E-5, -7.064589044745144E-4, -9.360780499544525, 7.669931130335658, 0.6203223047882255, -1.0705270642681417, 1.0005337011302111, 5.99336256645888, 0.39287827997512503, 7.386774547612374, 7.007960323465865
3.557114228456914E-4, 0.12229355050907506, 8.49198468902147E-5, 1.2520825248619258, -8.784812760633681E-4, 1.5035908566842253E-4, 1.9858984344188386E-5, -7.082632060418247E-4, -9.343853947863556, 7.191419560218616, 0.6194075834934258, -1.5330268040023758, 1.000974831668726, 5.420819504111493, 0.3855519529025901, 6.80734628872676, 7.0080227147092575
3.6152304609218436E-4, 0.12429162920731476, 8.630726974081539E-5, 1.2602958124702481, -8.914335784537434E-4, 1.5999659775531755E-4, 2.07176547148515E-5, -7.107193259744303E-4, -9.327217311885201, 6.699240381661816, 0.6183705659269401, -2.009606364151209, 1.0013863055245298, 4.845438283231468, 0.37832526294067315, 6.225149851735963, 7.00808510595265
3.6733466933867734E-4, 0.12628970790555447, 8.769469259141608E-5, 1.2686487228972494, -9.043629953987849E-4, 1.6894351662114212E-4, 2.15748468356362E-5, -7.138446319326667E-4, -9.310862802795423, 6.196400846179932, 0.6172892431268213, -2.497172713346705, 1.0017680836866132, 4.2699043658481335, 0.3712669788587094, 5.6429394284289165, 7.008147497196042
3.731462925851704E-4, 0.12828778660379414, 8.908211544201677E-5, 1.2771387304110575, -9.172699130399456E-4, 1.7718703568593184E-4, 2.2430550522529622E-5, -7.176523268219479E-4, -9.294782830910163, 5.6857317954623445, 0.6162367492249774, -2.992814286084332, 1.0021202959244604, 3.6967013957379216, 0.3644404104062211, 5.0632621021000634, 7.008209888439435
3.7895791583166335E-4, 0.13028586530203384, 9.046953829261746E-5, 1.2857633022763435, -9.301547071243839E-4, 1.8471815695476058E-4, 2.3284853784197542E-5, -7.22151696375714E-4, -9.27897000164958, 5.169893510307286, 0.6152815237319039, -3.493794967475622, 1.002443219625661, 3.128121656036267, 0.3579036900031157, 4.488468565692462, 7.008272279682827
3.8476953907815633E-4, 0.13228394400027355, 9.185696114321815E-5, 1.2945199028642853, -9.430177432729001E-4, 1.915314583665349E-4, 2.413793641924578E-5, -7.273483484772225E-4, -9.263417111570494, 4.6513814410227985, 0.6144874705461936, -3.997548199869777, 1.0027372607976532, 2.5662759032083056, 0.3517100379070789, 3.9207232019370193, 7.008334670926219
3.905811623246493E-4, 0.13428202269851325, 9.324438399381884E-5, 1.3034059972781933, -9.55859377242401E-4, 1.9762486901185984E-4, 2.499006383184005E-5, -7.332444443886188E-4, -9.248117144456565, 4.132531820690587, 0.6139141137273063, -4.501671209910194, 1.0030029370034044, 2.0131026331380117, 0.3459080123250317, 3.3620135824867976, 7.008397062169611
3.963927855711423E-4, 0.13628010139675295, 9.463180684441953E-5, 1.3124190545230199, -9.68679955182987E-4, 2.0299945205838683E-4, 2.584158106122575E-5, -7.398389220531067E-4, -9.233063267465546, 3.615527162650018, 0.6136167500692741, -5.0039193546212895, 1.0032408620282078, 1.4703768286599856, 0.34054174576643026, 2.814159436471085, 7.008459453413003
4.0220440881763526E-4, 0.13827832750467087, 9.601922969502022E-5, 1.3215569195827024, -9.81479813889727E-4, 2.076591952239963E-4, 2.669290702073949E-5, -7.471277116345496E-4, -9.218248827333268, 3.1024016435798294, 0.6136465985131703, -5.502200585119042, 1.0034517320977843, 0.9397182323134508, 0.3356511687901609, 2.2788211332138766, 7.008524051333123
4.0801603206412824E-4, 0.14027679482842592, 9.740665254562091E-5, 1.3308173315493232, -9.942592810492103E-4, 2.116108086400168E-4, 2.7544528941940374E-5, -7.551039434566506E-4, -9.203667346633654, 2.5950463735330342, 0.6140509464360604, -5.994570026546047, 1.003636313488983, 0.4225991832252904, 0.33127222216936053, 1.7575077188932984, 7.008592260178798
4.138276553106212E-4, 0.14227526215218095, 9.87940753962216E-5, 1.3401971903699785, -0.001007018675480944, 2.1486352994850628E-4, 2.83969970195654E-5, -7.637581485021099E-4, -9.189312520094346, 2.095214554283004, 0.6148732928535695, -6.479224672842595, 1.003795431391756, -0.07964794720586356, 0.3274370583863005, 1.2515845425784342, 7.0086604690244725
4.1963927855711425E-4, 0.144273729475936, 1.001814982468223E-4, 1.3496940041693217, -0.0010197583073736798, 2.1742893647966883E-4, 2.925091925304723E-5, -7.730784516300407E-4, -9.175178210967388, 1.6045265273145084, 0.6161534885733965, -6.9544981949675355, 1.0039299598971447, -0.565823689888053, 0.32417423327238026, 0.7622805032843866, 7.008728677870148
4.254509018036072E-4, 0.14627219679969103, 1.0156892109742299E-4, 1.3593052949064397, -0.0010324784785167441, 2.1932076435732768E-4, 3.010695648038911E-5, -7.830507576679455E-4, -9.161258447454452, 1.1244747128122359, 0.6179278733366088, -7.418855861197841, 1.0040408129995426, -1.0348547551749188, 0.32150888852223747, 0.2906949463455219, 7.008796886715823
4.312625250501002E-4, 0.14827066412344608, 1.0295634394802368E-4, 1.3690285993521665, -0.0010451794825264414, 2.2055473438184635E-4, 3.096581760024665E-5, -7.936589305331274E-4, -9.147547419186077, 0.6564284409635383, 0.6202294099835519, -7.870889568133876, 1.0041289365136556, -1.485787627753809, 0.31946292573582663, -0.1621957655082042, 7.0088650955614975
4.370741482965932E-4, 0.1502691314472011, 1.0434376679862437E-4, 1.3788614697840842, -0.0010578616050676154, 2.211483845421371E-4, 3.1828254978107266E-5, -8.048849655360261E-4, -9.134039473754433, 0.20163867691844628, 0.6230878156809889, -8.309312981052871, 1.004195300817284, -1.9177824569662143, 0.31805517257607396, -0.5955319835794567, 7.008933304407172
4.4288577154308616E-4, 0.15226759877095616, 1.0573118964922506E-4, 1.3888014744208528, -0.0010705251240704322, 2.2112090901033803E-4, 3.269506003252451E-5, -8.167091550160589E-4, -9.120729113299063, -0.23875735929951772, 0.6265296902466834, -8.732956782253144, 1.0042408943402892, -2.330107222513307, 0.31730154157083856, -1.0085647866122927, 7.009001513252847
4.4869739478957914E-4, 0.1542660660947112, 1.0711861249982575E-4, 1.3988461976167046, -0.0010831703099424667, 2.2049300347409156E-4, 3.356705899739643E-5, -8.291102474593497E-4, -9.107610991145162, -0.6637316766003504, 0.6305786416076895, -9.140764026041692, 1.0042667177285292, -2.7221321574173536, 0.31721518203663657, -1.4006502576646205, 7.009069722098522
4.545090180360721E-4, 0.15626453341846624, 1.0850603535042644E-4, 1.4089932398362215, -0.0010957974257761562, 2.19286716663432E-4, 3.444510885634348E-5, -8.420656002446034E-4, -9.094679908493749, -1.0723610990676717, 0.6352554084283062, -9.531785599039619, 1.0042737786188238, -3.093324411893848, 0.31780662555552835, -1.7712440077345417, 7.009137930944196
4.6032064128256515E-4, 0.15826300074222127, 1.0989345820102713E-4, 1.41924021742877, -0.001108406727551704, 2.1752530793122586E-4, 3.533009344527725E-5, -8.555513261633034E-4, -9.081930811163414, -1.4638229533179912, 0.6405779799435191, -9.90517578444761, 1.0042630869674951, -3.44324294329873, 0.3190839253961754, -2.1198959309530485, 7.009206139789871
4.661322645290581E-4, 0.1602614680659763, 1.1128088105162782E-4, 1.4295847622212383, -0.0011209984643354913, 2.1523311074745624E-4, 3.622291971931164E-5, -8.695424338567137E-4, -9.069358786382981, -1.8373908557105496, 0.6465617130332502, -10.260187928973421, 1.0042356508808044, -3.7715336187212114, 0.3210527902335976, -2.4462451776278717, 7.009274348635546
4.719438877755511E-4, 0.16225993538973135, 1.1266830390222851E-4, 1.4400245209470293, -0.0011335728784740773, 2.124354019702057E-4, 3.712451418021477E-5, -8.840129623115194E-4, -9.056959059634641, -2.192430598108191, 0.6532194465731745, -10.596170211085749, 1.0041924729008176, -4.0779245179825265, 0.3237167124907414, -2.7500153326147854, 7.0093425574812205
4.777555110220441E-4, 0.16425840271348638, 1.140557267528292E-4, 1.4505571545285485, -0.0011461302057838582, 2.091582767569465E-4, 3.80358194606398E-5, -8.989361095540342E-4, -9.044726991547101, -2.5283961309271095, 0.6605616130968406, -10.912561509296577, 1.004134546704663, -4.362221425909575, 0.32707709159563236, -3.031009787635781, 7.009410766326895
4.8356713426853706E-4, 0.16625687003724143, 1.1544314960342989E-4, 1.4611803372297596, -0.0011586706757364393, 2.0542852898235983E-4, 3.8957791061440365E-5, -9.142843556802804E-4, -9.032658074838167, -2.844825642204593, 0.6685963478045343, -11.20888736916053, 1.0040628541793006, -4.624303503715194, 0.3311333524231011, -3.289107297142152, 7.00947897517257
4.8937875751503E-4, 0.16825533736099646, 1.1683057245403058E-4, 1.4718917556946942, -0.0011711945116398119, 2.0127353703042894E-4, 3.989139423839607E-5, -9.300295803585396E-4, -9.020747931306344, -3.141337731424824, 0.6773295949530088, -11.48475606770298, 1.00397836283762, -4.864119130186046, 0.3358830591663922, -3.5242577082133955, 7.009547184018245
4.951903807615231E-4, 0.17025380468475151, 1.1821799530463127E-4, 1.4826891078871756, -0.0011837019308153802, 1.9672115482956658E-4, 4.083760103476031E-5, -9.461431749385123E-4, -9.008992308870923, -3.4176276768413603, 0.6867652116615762, -11.739854773978413, 1.003882023544759, -5.08168190414105, 0.34132202486478186, -3.736477855765299, 7.009615392863919
5.01002004008016E-4, 0.17225205032436047, 1.1960541815523196E-4, 1.493570437571185, -0.00119619314477092, 1.9179960800312396E-4, 4.1797387456054585E-5, -9.625961492990604E-4, -8.99738707866007, -3.6734637950763296, 0.6969050691677932, -11.973945804499333, 1.0037747685266516, -5.277066800369898, 0.34744441679327337, -3.9258476150867243, 7.00968521099813
5.06813627254509E-4, 0.17424923188006836, 1.2099284100583265E-4, 1.5045347637430215, -0.0012086683593695287, 1.8653739500681712E-4, 4.277173078359259E-5, -9.793592335663591E-4, -8.985928232146447, -3.908683891724427, 0.7077491515679567, -12.186862972235962, 1.0036575096352722, -5.450406471805217, 0.35424285790608045, -4.092506104302367, 7.009762753717314
5.12625250501002E-4, 0.17624641343577627, 1.2238026385643334E-4, 1.515578218915437, -0.0012211277749946342, 1.8096319312826893E-4, 4.376160702328015E-5, -9.96402974830223E-4, -8.97461187832984, -4.12319180174827, 0.7192956520757985, -12.378508027938643, 1.0035311368475324, -5.601887691312296, 0.36170852450907137, -4.236648029997123, 7.009840296436498
5.18436873747495E-4, 0.17824359499148415, 1.2376768670703403E-4, 1.5266985342530497, -0.0012335715867111284, 1.751057692253107E-4, 4.476798848626394E-5, -0.0010136978289865966, -8.963434240966388, -4.31695401844942, 0.7315410668331233, -12.548847192521952, 1.003396516976681, -5.731747926974164, 0.3698312403237808, -4.358520169717661, 7.009917839155682
5.242484969939879E-4, 0.18024077654719203, 1.2515510955763472E-4, 1.537893445945862, -0.001245999984422684, 1.6899389508018606E-4, 4.579184149805041E-5, -0.0010312142478314473, -8.952391655843844, -4.489996409771317, 0.7444802863064162, -12.697907779250434, 1.003254492577233, -5.840272045160884, 0.3785995670940457, -4.458417985535167, 7.009995381874865
5.300601202404809E-4, 0.18223795810289992, 1.2654253240823541E-4, 1.5491606938410307, -0.0012584131530253301, 1.6265626724980907E-4, 4.6834124232784825E-5, -0.0010489227615296229, -8.941480568102454, -4.642401020750707, 0.758106684302294, -12.8257749044959, 1.0031058810259514, -5.927789136147894, 0.3880008918743812, -4.53668236329622, 7.0100729245940485
5.35871743486974E-4, 0.1842351396586078, 1.279299552588361E-4, 1.560498020065198, -0.001270811272557334, 1.561214312936938E-4, 4.789578466939407E-5, -0.0010667940565810927, -8.93069752960096, -4.774302960903696, 0.7724122046351042, -12.932588285816864, 1.0029514737630045, -5.994669457380764, 0.3980215111303012, -4.593696472537587, 7.010150467313232
5.416833667334669E-4, 0.18623232121431568, 1.293173781094368E-4, 1.5719031676477868, -0.0012831945183454678, 1.4941771026139126E-4, 4.897775866636027E-5, -0.0010847990494044625, -8.920039196327249, -4.885887375340172, 0.7873874454800904, -13.018539126136508, 1.0027920356788997, -6.041321489809645, 0.40864671177211115, -4.629882742410303, 7.0102280100324155
5.474949899799599E-4, 0.18822950277002357, 1.3070480096003749E-4, 1.5833738791551843, -0.0012955630611477043, 1.425731373259677E-4, 5.008096815195249E-5, -0.0011029089556564748, -8.909502325853184, -4.977386498436861, 0.803021741444054, -13.083867082798346, 1.002628304633891, -6.068189103075376, 0.41986084923425254, -4.645699949261414, 7.010305552751599
5.533066132264528E-4, 0.19022668432573145, 1.3209222381063818E-4, 1.5949078953451508, -0.0013079170672924204, 1.3561539244736606E-4, 5.120631942674749E-5, -0.0011210953554049103, -8.899083774833139, -5.049076788876916, 0.8193032433869053, -13.128857320278033, 1.0024609910979352, -6.07574882554259, 0.43164742270699386, -4.641640411793965, 7.010383095470783
5.591182364729459E-4, 0.19222386588143933, 1.3347964666123887E-4, 1.6065029538503206, -0.0013202566988141538, 1.2857174295623444E-4, 5.2354701575367036E-5, -0.001139330254269119, -8.888780496545799, -5.101276144882987, 0.8362189960260786, -13.153837645360033, 1.0022907778999908, -6.064507215478639, 0.4439891476190083, -4.6182272900176065, 7.010460638189967
5.649298597194388E-4, 0.19422104743714722, 1.3486706951183956E-4, 1.6181567878990422, -0.001332582113585981, 1.2146898794538378E-4, 5.352698498435765E-5, -0.001157586140642751, -8.878589538478732, -5.134341198469268, 0.8537550133559193, -13.159175723552073, 1.0021183200767465, -6.034998329858339, 0.4568680254640479, -4.576011984377551, 7.01053818090915
5.707414829659318E-4, 0.1962182289928551, 1.3625449236244025E-4, 1.6298671250814916, -0.001344893465448577, 1.1433340636188426E-4, 5.472401996321776E-5, -0.0011758360391099108, -8.86850803995528, -5.148664687574896, 0.8718963519142346, -13.145276375577957, 1.0019442448114317, -5.987781287545446, 0.47026541105945147, -4.51557163173613, 7.010615723628334
5.765531062124249E-4, 0.19821541054856298, 1.3764191521304094E-4, 1.6416316861682836, -0.0013571909043360046, 1.0719070869131816E-4, 5.5946635465594E-5, -0.0011940535601654833, -8.858533229803337, -5.144672904892674, 0.8906271819277348, -13.11257895273345, 1.0017691514542648, -5.923437923712772, 0.4841620773191549, -4.4375066950034014, 7.010693266347517
5.823647294589178E-4, 0.20021259210427086, 1.3902933806364163E-4, 1.6534481839885318, -0.0013694745763983037, 1.000659921291203E-4, 5.71956379077414E-5, -0.0012122129463477893, -8.848662424065493, -5.122823222277208, 0.9099308563678746, -13.061554789942878, 1.001593611616826, -5.84257053261335, 0.4985382776190663, -4.34243864344371, 7.010770809066701
5.881763527054108E-4, 0.20220977365997875, 1.4041676091424232E-4, 1.6653143223737235, -0.001381744624120929, 9.298369913497654E-5, 5.847181008135589E-5, -0.0012302891148909302, -8.83889302375019, -5.083601689574565, 0.9297899779484837, -12.992704735345699, 1.0014181693331707, -5.7457996959205815, 0.5133738058287839, -4.2310077208253825, 7.010848351785885
5.939879759519037E-4, 0.20420695521568663, 1.41804183764843E-4, 1.677227795173282, -0.0013940011864410997, 8.596757926760911E-5, 5.977591015795473E-5, -0.0012482576970018072, -8.82922251262333, -5.027520706749648, 0.9501864640964318, -12.906556755249671, 1.0012433412812505, -5.63376219402601, 0.5286480540796834, -4.103870798735015, 7.0109258945050685
5.997995991983969E-4, 0.20620413677139454, 1.4319160661544373E-4, 1.6891862853474617, -0.0014062443988611068, 7.904065419900638E-5, 6.11086707820075E-5, -0.0012660950738663111, -8.819648455039955, -4.95511676818514, 0.9711016099263301, -12.803663613272946, 1.0010696170585391, -5.5071089978084755, 0.5443400683359676, -3.9616993124843956, 7.011003437224252
6.056112224448897E-4, 0.2082012282479436, 1.445790294660444E-4, 1.7012064972148704, -0.0014184743935586437, 7.222518580916838E-5, 6.247079825007368E-5, -0.0012837784094856001, -8.810168493815556, -4.8669482780323365, 0.9925161492497632, -12.684600622576104, 1.000897459506425, -5.366503338513159, 0.5604286018316539, -3.8051772772485135, 7.011156446844314
6.114228456913828E-4, 0.2101983165073799, 1.459664523166451E-4, 1.7132681093684514, -0.0014306912994942133, 6.55426472626506E-5, 6.386297177324628E-5, -0.0013012856804444847, -8.800780348136502, -4.763593435510474, 1.014410313650137, -12.549963469976227, 1.0007273050783185, -5.212618853491237, 0.5768921664343076, -3.634999382052758, 7.011312151710837
6.172344689378758E-4, 0.21219540476681614, 1.4735387516724577E-4, 1.7253680943346879, -0.0014428952425156556, 5.9013696971979065E-5, 6.528584282021777E-5, -0.001318595702709589, -8.791481811509227, -4.645648189037345, 1.0367638896531415, -12.400366110875124, 1.0005595642467737, -5.046137805649049, 0.5937090819928834, -3.4518691594852107, 7.01146785657736
6.230460921843687E-4, 0.2141924930262524, 1.4874129801784646E-4, 1.737504084196913, -0.0014550863454598619, 5.265815535167118E-5, 6.67400345383777E-5, -0.0013356881555559624, -8.782270749747665, -4.513724258113955, 1.0595562740231184, -12.236438733823803, 1.0003946219453774, -4.8677493745638145, 0.6108575237246637, -3.2564972289721905, 7.011623561443882
6.288577154308617E-4, 0.2161895812856887, 1.5012872086844715E-4, 1.7496736969350675, -0.001467264728251722, 4.649498427079069E-5, 6.822614125033975E-5, -0.0013525436027166573, -8.773145098998562, -4.368447221852213, 1.0827665272153213, -12.058825793622677, 1.0002328380414625, -4.6781480172885015, 0.6283155676942309, -3.049599611632846, 7.011779266310405
6.346693386773547E-4, 0.218186669545125, 1.5151614371904787E-4, 1.7618745360740586, -0.0014794305080003578, 4.0542269112298424E-5, 6.974472802337382E-5, -0.0013691435108507143, -8.764102863804176, -4.210454673096811, 1.1063734250136865, -11.868184111874664, 1.000074547836026, -4.4780318969962964, 0.646061234434843, -2.8318961148050006, 7.011934971176927
6.404809619238478E-4, 0.22018375780456126, 1.5290356656964856E-4, 1.7741041904363797, -0.0014915837990926927, 3.481720334730982E-5, 7.129633030921805E-5, -0.0013854702654222428, -8.755142115201922, -4.040394437004779, 1.1303555083844694, -11.665181043814993, 0.9999200625875441, -4.26810137758455, 0.6640725307618246, -2.604108784318992, 7.01209067604345
6.462925851703407E-4, 0.22218084606399752, 1.5429098942024925E-4, 1.7863602340012685, -0.0015037247132844128, 2.9336075538123166E-5, 7.288145365187573E-5, -0.001401507184080528, -8.746260988860637, -3.858922853115135, 1.1546911315734367, -11.450492710395164, 0.999769670056524, -4.049057582617836, 0.6823274898226847, -2.3669604228214527, 7.012246380909972
6.521042084168337E-4, 0.2241779343234338, 1.5567841227084994E-4, 1.7986402258725027, -0.0015158533597883657, 2.411425868087294E-5, 7.450057346091533E-5, -0.0014172385276325784, -8.737457683252885, -3.6667031197231044, 1.1793585084782192, -11.22480229449211, 0.9996236350681023, -3.8216010167990255, 0.7008042094319331, -2.1211731723832536, 7.012402085776495
6.579158316633268E-4, 0.22617502258287006, 1.5706583512145063E-4, 1.8109417103563465, -0.0015279698453604473, 1.9166201802068815E-5, 7.615413484791626E-5, -0.0014326495086963917, -8.728730457862964, -3.464403699619641, 1.2043357573225089, -10.988798400157176, 0.9994822000899857, -3.5864302484693544, 0.7194808887317022, -1.867467159734331, 7.012557790643018
6.637274549098196E-4, 0.2281721108423063, 1.584532579720513E-4, 1.8232622171511061, -0.0015400742743830295, 1.4505423726169167E-5, 7.7842552523782E-5, -0.001447726298119021, -8.720077631430245, -3.2526967860819527, 1.2296009436621402, -10.743173473849046, 0.9993455858233539, -3.3442406515209817, 0.738335863221117, -1.606559202564213, 7.01271349550954
6.695390781563126E-4, 0.23016919910174258, 1.5984068082265199E-4, 1.8355992616492245, -0.001552166748945975, 1.0144508929267804E-5, 7.956621075453224E-5, -0.001462456029248221, -8.711497580227261, -3.0322568280933293, 1.2551321217515314, -10.488622286571298, 0.9992139918045797, -3.09572320521996, 0.7573476381956004, -1.3391615753093158, 7.012869200376063
6.753507014028055E-4, 0.23216628736117884, 1.6122810367325268E-4, 1.8479503453526218, -0.0015642473689252815, 6.095105398791422E-6, 8.132546337339346E-5, -0.0014768268001391271, -8.702988736372276, -2.80375911376502, 1.280907374298686, -10.225840475843524, 0.9990875970156612, -2.841563350495013, 0.7764949206348455, -1.0659808329360658, 7.0130249052425855
6.811623246492986E-4, 0.2341633756206151, 1.6261552652385337E-4, 1.8603129564017094, -0.0015763162320594159, 2.3679244193501088E-6, 8.312063384693642E-5, -0.001490827673779247, -8.694549586175864, -2.5678784109330315, 1.3069048506366556, -9.95552314647765, 0.9989665605015112, -2.5824399012775765, 0.7957566495776146, -0.7877166912892299, 7.013180610109107
6.869739478957916E-4, 0.2361604638800514, 1.6400294937445408E-4, 1.8726845702181423, -0.0015883734340233738, -1.027257795500376E-6, 8.495201539309067E-5, -0.001504448676411877, -8.686178668521054, -2.3252876639122357, 1.3331028033403336, -9.678363529101187, 0.9988510219924663, -2.319024009512004, 0.8151120250212993, -0.5050609625912622, 7.01333631497563
6.927855711422846E-4, 0.2381575521394877, 1.6539037222505478E-4, 1.8850626502612158, -0.0016004190685005137, -4.081596700774312E-6, 8.681987114890462E-5, -0.0015176807940384138, -8.677874573276668, -2.0766567453843088, 1.359479623315318, -9.395051695353894, 0.9987411025302939, -2.051978182503875, 0.8345405353811995, -0.21869654468508143, 7.013492019842153
6.985971943887776E-4, 0.24015464039892395, 1.6677779507565547E-4, 1.8974446488973553, -0.0016124532272522147, -6.787174323943831E-6, 8.872443438594066E-5, -0.0015305159671763354, -8.669635939743465, -1.8226512624466413, 1.3860138733871317, -9.106273328815194, 0.9986369050963225, -1.7819553513341042, 0.8540219835453663, 0.07070353721212601, 7.013647724708675
7.044088176352706E-4, 0.24215253648998195, 1.6816521792625616E-4, 1.9098106811677393, -0.0016244760001854028, -9.13699254939703E-6, 9.066590877124779E-5, -0.0015429470839496806, -8.661461455132581, -1.5639314157976432, 1.412684320418085, -8.812708550524588, 0.9985385152404138, -1.5095979890517879, 0.8735365115590223, 0.3624770376527119, 7.0137444072094794
7.102204408817636E-4, 0.2441506896183741, 1.6955264077685685E-4, 1.9221696615742074, -0.0016364874754179822, -1.1124964856371771E-5, 9.264446867189272E-5, -0.0015549679715885607, -8.653349853075987, -1.3011509110620936, 1.439469965978735, -8.51503079817337, 0.998446001709395, -1.2355372774118045, 0.8930646239715923, 0.6559733481731741, 7.0138223098666455
7.160320641282564E-4, 0.2461488427467662, 1.709400636274575E-4, 1.9345244830401978, -0.001648487739342227, -1.2745906581564527E-5, 9.466025950105193E-5, -0.0015665733864089013, -8.645299912168483, -1.0349559213192983, 1.466350075601044, -8.213905757903134, 0.9983594170739573, -0.9603923210076555, 0.9125872098789853, 0.9505543058479357, 7.013900212523812
7.218436873747495E-4, 0.2481469958751584, 1.723274864780582E-4, 1.946872564451651, -0.001660476876686171, -1.3995523778129502E-5, 9.671339810372241E-5, -0.001577759002346789, -8.637310454540852, -0.7659840998077393, 1.493304206640411, -7.9099903477278986, 0.9982787983528989, -0.684769407571678, 0.932085563693184, 1.245594954374669, 7.013978115180978
7.276553106212425E-4, 0.2501451490035506, 1.7371490932865892E-4, 1.9592113196133778, -0.001672454970573039, -1.4870400738558817E-5, 9.880397318015545E-5, -0.0015885213981176704, -8.629380344463764, -0.4948636418754278, 1.5203122347722695, -7.603931751588805, 0.998204167633856, -0.40926131334745536, 0.9515414046691155, 1.5404842588543548, 7.014056017838144
7.334669338677355E-4, 0.25214330213194275, 1.751023321792596E-4, 1.9715381587743652, -0.0016844221025787579, -1.5367986249645608E-5, 1.0093204574508601E-4, -0.0015988580430695701, -8.62150848698204, -0.22221239517677943, 1.547354379151, -7.296366503028742, 0.9981355326895192, -0.1344466523772332, 0.9709368952207597, 1.8346257754336137, 7.014133920495311
7.392785571142285E-4, 0.25414145526033494, 1.764897550298603E-4, 1.9838504902561354, -0.0016963783527876026, -1.5486578646102138E-5, 1.030976496209967E-4, -0.0016087672817989317, -8.61369382657892, 0.051362982779318944, 1.574411226255446, -6.987919617568332, 0.9980728875886663, 0.13911073132983373, 0.9902546580537757, 2.1274382768700404, 7.014211823152477
7.450901803607215E-4, 0.25613960838872707, 1.77877177880461E-4, 1.9961457221822891, -0.0017083237998460012, -1.5225309727292266E-5, 1.0530079196353483E-4, -0.001618248317596078, -8.605935345869838, 0.32526782074696536, 1.6014637524496118, -6.679203772701602, 0.9980162133012191, 0.41086232988362453, 1.00947779214671, 2.4183563352263024, 7.014289725809643
7.509018036072145E-4, 0.25813776151711926, 1.7926460073106168E-4, 2.008421264306399, -0.0017202585210145517, -1.4584127602030987E-5, 1.0754145381736915E-4, -0.0016273011947855584, -8.598232064325483, 0.5989201844092508, 1.6284933452814614, -6.370818534664188, 0.9979654782966473, 0.6802754968499404, 1.0285898876060326, 2.706830862647029, 7.014367628466809
7.567134268537074E-4, 0.2601359146455114, 1.8065202358166237E-4, 2.020674529935831, -0.0017321825922182882, -1.3563778521158095E-5, 1.0981959070075369E-4, -0.0016359267800250296, -8.590583037023555, 0.871751582550944, 1.6554818235477238, -6.063349630956923, 0.9979206391352022, 0.9468339328741702, 1.0475750394252055, 2.99232961132691, 7.014445531123976
7.625250501002004E-4, 0.2621340677739035, 1.8203944643226303E-4, 2.0329029379485974, -0.0017440960880952309, -1.2165787762241035E-5, 1.1213513321703954E-4, -0.0016441267426268956, -8.582987353429031, 1.143207629665668, 1.682411456148833, -5.7573682676486175, 0.9978816410512921, 1.2100381326180483, 1.0664178601742098, 3.2743376337351013, 7.014523433781142
7.683366733466933E-4, 0.2641322209022957, 1.8342686928286372E-4, 2.04510391490014, -0.0017559990820432683, -1.039243962371332E-5, 1.1448798769158269E-4, -0.0016519035339618196, -8.575444136202407, 1.4127486658971058, 1.7092649797600228, -5.453430490579254, 0.997848418528661, 1.4694057939631529, 1.0851034916465774, 3.5523577040303835, 7.014601336438308
7.741482965931863E-4, 0.26613037403068784, 1.8481429213346441E-4, 2.0572748972171255, -0.0017678916462654012, -8.246756588562527E-6, 1.1687803683231151E-4, -0.0016592603660081167, -8.567952540035627, 1.6798503352626062, 1.7360256153426452, -5.1520765894674785, 0.9978208958667796, 1.724472190495572, 1.103617615489974, 3.8259107017419836, 7.014679239095475
7.799599198396794E-4, 0.2681285271590801, 1.8620171498406513E-4, 2.06941333347473, -0.001779773851813392, -5.73247771373667E-6, 1.1930514041244492E-4, -0.001666201189101305, -8.560511750515285, 1.9440041229905047, 1.7626770835210928, -4.853830544040174, 0.9977989877381312, 1.9747905081439778, 1.1219464628463323, 4.094535958620104, 7.014757141752641
7.857715430861724E-4, 0.2701266802874722, 1.8758913783466582E-4, 2.0815166867540285, -0.0017916457686298574, -2.8540363020896405E-6, 1.2176913597376681E-4, -0.0016727306689446747, -8.553120983012727, 2.2047178529597757, 1.7892036188500304, -4.559199511241071, 0.9977825997360127, 2.2199321470017104, 1.140076823027291, 4.35779156965487, 7.014835044409807
7.915831663326653E-4, 0.2721248334158644, 1.889765606852665E-4, 2.0935824370759777, -0.001803507465588834, 3.834630886673609E-7, 1.242698395489074E-4, -0.0016788541629379882, -8.545779481600684, 2.4615161460760815, 1.8155899829963995, -4.268673352567531, 0.9977716289124816, 2.4594869891939957, 1.157996051250154, 4.615254669247078, 7.014912947066974
7.973947895791583E-4, 0.27412298654425654, 1.903639835358672E-4, 2.1056080839082325, -0.001815359010534869, 3.974268246171491E-6, 1.2680704640122007E-4, -0.0016845776958743757, -8.538486517996057, 2.713940840462525, 1.841821476859639, -3.9827242007152805, 0.9977659643062486, 2.6930636336907794, 1.1756920754577824, 4.8665216733445975, 7.01499084972414
8.032064128256514E-4, 0.2761202898575281, 1.917514063864679E-4, 2.117602867679355, -0.0018272004703206502, 7.912003460965131E-6, 1.293805317807376E-4, -0.0016899079350657506, -8.531241390528542, 2.961551374362383, 1.8678839516547114, -3.701806064553674, 0.9977654874601108, 2.9202895989727478, 1.1931534022475487, 5.111208488569358, 7.015103747804251
8.090180360721442E-4, 0.2781169026960142, 1.9313882923706856E-4, 2.1295623767589067, -0.00183903191084323, 1.218969419058166E-5, 1.3199005169477627E-4, -0.00169485216494472, -8.52404342313461, 3.2039251326256397, 1.8937638189822092, -3.4263544715705248, 0.9977700729278894, 3.140811494426977, 1.2103691219336687, 5.348950689176675, 7.015245079665505
8.148296593186372E-4, 0.28011351553450026, 1.9452625208766925E-4, 2.141474732246602, -0.0018508533970788721, 1.6799792177379534E-5, 1.3463534369184565E-4, -0.00169941826119666, -8.516891964376628, 3.4406577576169806, 1.919448059907895, -3.1567861468964113, 0.9977795887704909, 3.3542951613242797, 1.2273289127648754, 5.579403662748225, 7.015386411526758
8.206412825651302E-4, 0.2821101283729864, 1.9591367493826997E-4, 2.1533375378140693, -0.001862664993116548, 2.1734200976370236E-5, 1.3731612765748805E-4, -0.0017036146644696629, -8.50978638648661, 3.671363425414198, 1.9449242330762078, -2.893498728046068, 0.9977938970410766, 3.560425784214734, 1.2440230443217488, 5.802242725461203, 7.015527743388011
8.264529058116233E-4, 0.28410674121147245, 1.9730109778887066E-4, 2.1651484300685433, -0.0018744667621901309, 2.6984301840189532E-5, 1.400321066206854E-4, -0.00170745035371618, -8.502726084434379, 3.8956750881515783, 1.9701804818809647, -2.6368705144495848, 0.9978128542590756, 3.7589079736114193, 1.2604423801166658, 6.017163207873137, 7.0156690752492645
8.322645290581162E-4, 0.28610335404995857, 1.9868852063947135E-4, 2.176905081412542, -0.0018862587667093068, 3.2540979919614484E-5, 1.427829675696119E-4, -0.0017109348192072714, -8.495710475019665, 4.113244683325988, 1.9952055407145306, -2.387260251028095, 0.9978363118729826, 3.94946582073804, 1.276578379416684, 6.22388051191429, 7.015810407110518
8.380761523046092E-4, 0.28809996688844464, 2.0007594349007204E-4, 2.1886052029475684, -0.0018980410682892478, 3.8394650729537934E-5, 1.4556838227541743E-4, -0.0017140780352715378, -8.488738995987887, 4.323743310916501, 2.0199887403209957, -2.1450069448043894, 0.9978641167118172, 4.131842925194001, 1.2924230983144611, 6.422130140102532, 7.015951738971771
8.438877755511023E-4, 0.29009657972693076, 2.0146336634067273E-4, 2.200246547417404, -0.001909813727779075, 4.453528684052535E-5, 1.4838800812278752E-4, -0.0017168904328028897, -8.481811105169156, 4.526861379147037, 2.04452001227392, -1.9104297138025534, 0.9978961114252353, 4.305802396318285, 1.307969190067044, 6.611667697692314, 7.0160930708330245
8.496993987975952E-4, 0.2920931925654168, 2.0285078919127342E-4, 2.211826912186283, -0.001921576805289134, 5.095244475215052E-5, 1.5124148894622607E-4, -0.0017193828715780352, -8.474926279640279, 4.722308719670978, 2.0687898926014268, -1.6838276674256123, 0.9979321349120441, 4.471126829004997, 1.323209904723655, 6.792268868520241, 7.016234402694278
8.555110220440882E-4, 0.2940898054039029, 2.042382120418741E-4, 2.223344142247491, -0.0019333303602171359, 5.763529190212693E-5, 1.5412845587065748E-4, -0.001721566612431725, -8.468084014909298, 4.909814673055504, 2.092789524581355, -1.4654798173296806, 0.9979720227373342, 4.627618254834264, 1.338139088065307, 6.9637293655178425, 7.016375734555532
8.61322645290581E-4, 0.29608641824238896, 2.0562563489247477E-4, 2.2347961332576896, -0.0019450744512731748, 6.45726337774017E-5, 1.5704852815545277E-4, -0.0017234532893278024, -8.461283824122312, 5.089128145317107, 2.1165106607288853, -1.2556450181359464, 0.9980156075379869, 4.775098069197621, 1.352751179876334, 7.125864856491437, 7.016517066416785
8.671342685370741E-4, 0.298083031080875, 2.0701305774307546E-4, 2.2461808345924292, -0.0019568091365036577, 7.175294108217076E-5, 1.6000131404061047E-4, -0.00172505488136828, -8.454525237292152, 5.260017636295624, 2.1399456639962864, -1.0545619370581785, 0.9980627194166435, 4.913406935190848, 1.3670412115670654, 7.278510866055771, 7.016658398278039
8.729458917835671E-4, 0.30007964391936115, 2.0840048059367618E-4, 2.257496252417904, -0.0019685344733141935, 7.916437692670215E-5, 1.6298641159406642E-4, -0.001726383684781115, -8.447807800548647, 5.4222712407529725, 2.163087508209425, -0.8624490516484733, 0.9981131863242, 5.042404665104085, 1.3810048031707296, 7.421522654477721, 7.016799730139292
8.787575150300601E-4, 0.3020762567578473, 2.0978790344427687E-4, 2.2687404527745625, -0.00198025051849143, 8.679482399867947E-5, 1.6600340955911315E-4, -0.0017274522849213881, -8.441131075410109, 5.575696622811796, 2.185929777760697, -0.67950467489839, 0.9981668344306134, 5.161970080081302, 1.3946381597327473, 7.554775074125499, 7.016941062000545
8.845691382765532E-4, 0.30407286959633334, 2.1117532629487756E-4, 2.279911564667431, -0.0019919573282239293, 9.463191168235588E-5, 1.6905188820090343E-4, -0.0017282735283285877, -8.434494638075705, 5.72012096469665, 2.208466666578375, -0.5059070068630346, 0.9982234884843648, 5.272000848854067, 1.4079380671110044, 7.678162404329866, 7.0170823938617986
8.903807615230461E-4, 0.30606948243481946, 2.1256274914547825E-4, 2.291007783158516, -0.002003654958122044, 1.0266304308760056E-4, 1.7213142015098292E-4, -0.00172886049487142, -8.42789807873837, 5.855390890403907, 2.2306929763966514, -0.34181421200611267, 0.9982829721603443, 5.37241330613613, 1.4209018872102017, 7.791598165381728, 7.017223725723052
8.961923847695391E-4, 0.30806609527330553, 2.1395017199607894E-4, 2.302027372456925, -0.002015343463236871, 1.1087542195727692E-4, 1.752415712489826E-4, -0.001729226470018559, -8.421341000917934, 5.981372365117791, 2.252604114345015, -0.18736452152704136, 0.9983451083963681, 5.463142251428941, 1.433527552666933, 7.895014912363996, 7.017365057584305
9.02004008016032E-4, 0.31006282180723327, 2.1533759484667963E-4, 2.3129708242251352, -0.002027022898078294, 1.1925607941811302E-4, 1.7838190138053786E-4, -0.0017293849172676154, -8.414823020814197, 6.097950571145387, 2.2741960898766242, -0.042676359859841806, 0.998409719718334, 5.544140728962357, 1.4458135610035507, 7.988364009560731, 7.017512116537603
9.07815631262525E-4, 0.31205976436250016, 2.167250176972803E-4, 2.3238385444193113, -0.0020386933166321357, 1.277919005439371E-4, 1.815519653104194E-4, -0.0017293494507660363, -8.408343766679478, 6.205029761106899, 2.295465511059401, 0.09215150541670264, 0.9984766285541051, 5.615379789443565, 1.4577589682734193, 8.071615386146785, 7.017670056965784
9.13627254509018E-4, 0.3140567069177671, 2.1811244054788101E-4, 2.334624954771302, -0.0020503547723764552, 1.3646965069822486E-4, 1.8475131351014206E-4, -0.0017291338081563646, -8.401902878210503, 6.302533089035203, 2.31640958024715, 0.21703979100308562, 0.9985456575361416, 5.676848234217092, 1.4693633822124967, 8.144757273843215, 7.017827997393965
9.19438877755511E-4, 0.316053649473034, 2.194998633984817E-4, 2.345328626765325, -0.002062007318297014, 1.4527600163153015E-4, 1.8797949297917756E-4, -0.0017287518236747935, -8.395500005959173, 6.390402420288122, 2.3370260891503616, 0.331928503413232, 0.9986166297930323, 5.728552342651423, 1.4806269549152842, 8.20779592724121, 7.0179859378221465
9.25250501002004E-4, 0.31805059202830094, 2.208872862490824E-4, 2.355948216273964, -0.002073651006901945, 1.54197557296119E-4, 1.9123604805884286E-4, -0.0017282174015355175, -8.389134810761908, 6.468598120847921, 2.3573134133302935, 0.4367767233438864, 0.9986893692300682, 5.770515583303235, 1.4915503750574775, 8.260755327466454, 7.018143878250328
9.31062124248497E-4, 0.3200475345835678, 2.2227470909968309E-4, 2.366482466531338, -0.002085285890235629, 1.632208793566055E-4, 1.9452052123821608E-4, -0.0017275444896295421, -8.382806963187303, 6.537098826785151, 2.377270506132257, 0.5315623696563225, 0.998763700798785, 5.802778309539952, 1.5021348596787516, 8.303676869893026, 7.018301818678508
9.3687374749499E-4, 0.3220444771388348, 2.2366213195028378E-4, 2.376930211070505, -0.002096912019891828, 1.7233251236809053E-4, 1.9783245395126102E-4, -0.0017267470535612334, -8.376516143001822, 6.595901194620706, 2.3968968920779457, 0.6162819436192832, 0.9988394507557066, 5.825397440295423, 1.5123821455439381, 8.336619036467255, 7.0184597591066895
9.426853707414829E-4, 0.32404141969410166, 2.2504955480088447E-4, 2.3872903766198736, -0.002108529447026085, 1.8151900859473234E-4, 2.011713873643819E-4, -0.001725839051055889, -8.370262038652992, 6.645019633238867, 2.4161926597378613, 0.6909502542457544, 0.9989164469104821, 5.838446126549046, 1.5222944801019547, 8.359657053434258, 7.018617699534871
9.48496993987976E-4, 0.32603836224936855, 2.2643697765148516E-4, 2.397561985954282, -0.0021201382223674237, 1.907669524405602E-4, 2.0453686315378858E-4, -0.0017248344067619195, -8.364044346770095, 6.684486018113596, 2.4351584541025, 0.7556001253680995, 0.9989945188633322, 5.842013404236129, 1.5318746120588367, 8.372882535031131, 7.018775639963052
9.543086172344688E-4, 0.32803530480463544, 2.2782440050208582E-4, 2.407744160696391, -0.0021317383962293564, 2.000629844797746E-4, 2.0792842427187655E-4, -0.0017237469874669992, -8.357862771681873, 6.714349388413893, 2.4537954684678533, 0.8102820851215685, 0.9990734982320214, 5.83620383403574, 1.5411257815790123, 8.376403113721478, 7.018933580391233
9.601202404809618E-4, 0.33003224735990233, 2.292118233526865E-4, 2.4178361240630735, -0.002143330018520246, 2.0939382504513116E-4, 2.1134561570210312E-4, -0.0017225905777621107, -8.351717024950876, 6.734675627903445, 2.4721054358598162, 0.8550640387343299, 0.9991532188686145, 5.821137128962497, 1.5500517101368323, 8.370342057842329, 7.019091520819414
9.659318637274549E-4, 0.33202918991516933, 2.3059924620328723E-4, 2.4278372035532056, -0.00215491313875303, 2.187462973726002E-4, 2.1478798520156297E-4, -0.0017213788561680652, -8.345606824924362, 6.745547129989951, 2.4900906200089126, 0.890030924992044, 0.9992335170659283, 5.796947769956649, 1.5586565900285447, 8.354837876921822, 7.019249461247595
9.717434869739479E-4, 0.3340261324704362, 2.3198666905388792E-4, 2.437746833571526, -0.00216648780605433, 2.281073502630273E-4, 2.182550840308414E-4, -0.0017201253717496492, -8.339531896301258, 6.747062447934651, 2.5077538059015705, 0.9152843574576062, 0.9993142317539648, 5.763784610491154, 1.566945073568149, 8.330043915689304, 7.019407401675776
9.775551102204408E-4, 0.3360230750257031, 2.333740919044886E-4, 2.4475645579853653, -0.00217805406917297, 2.3746408025323E-4, 2.2174646767038705E-4, -0.0017188435212390218, -8.333491969714995, 6.739335930583505, 2.5250982899169725, 0.9309422506986434, 0.9993952046863809, 5.721810470429105, 1.5749222619749348, 8.296127936959314, 7.019565342103958
9.83366733466934E-4, 0.33802001758097006, 2.347615147550893E-4, 2.457290032608332, -0.0021896119764879362, 2.468037532698487E-4, 2.2526169652299107E-4, -0.001717546526684763, -8.327486781331862, 6.7224973444781355, 2.5421278695745015, 0.9371384326330634, 0.9994762806172354, 5.671201719949038, 1.5825936939751013, 8.253271694409646, 7.019723282532139
9.891783567134269E-4, 0.34001696013623695, 2.3614893760569E-4, 2.4669230276081597, -0.002201161576015776, 2.561138257506693E-4, 2.2880033660172022E-4, -0.0017162474136530178, -8.321516072464576, 6.696691482929869, 2.5588468329076304, 0.9340222432766109, 0.9995573074680852, 5.6121478540344665, 1.5899653341318036, 8.201670495494135, 7.019881222960319
9.949899799599198E-4, 0.3420139026915039, 2.3753636045629068E-4, 2.4764634298338426, -0.0022127029154174857, 2.6538196521609615E-4, 2.3236196020291034E-4, -0.0017149589899881604, -8.315579589200894, 6.662077762622712, 2.575259947478217, 0.9217581208143023, 0.9996381364855585, 5.544851058019189, 1.597043560915085, 8.14153275529066, 7.020039163388501
0.0010008016032064127, 0.3440108056527237, 2.3892378330689137E-4, 2.485911588630706, -0.002224236042004882, 2.7459607026841673E-4, 2.359461465636551E-4, -0.0017136938251627724, -8.309677082046779, 6.618829808571683, 2.5913724490534302, 0.900525175490593, 0.9997186223896805, 5.469525764965002, 1.6038351545322382, 8.073079541757167, 7.0201979260372545
0.0010066132264529059, 0.3460074611511491, 2.4031120615749206E-4, 2.4952694511964255, -0.002235761002746494, 2.837442900119509E-4, 2.3955248250331053E-4, -0.001712464230221305, -8.303808305584036, 6.567135027790553, 2.6071900299591055, 0.870516752075646, 0.9997986235129349, 5.3863982051140695, 1.6103472845304314, 7.996544113026147, 7.020361827564589
0.0010124248496993988, 0.3480041166495746, 2.4169862900809275E-4, 2.5045351327601297, -0.0022472778442729903, 2.928150428729648E-4, 2.4318056304877575E-4, -0.0017112822383412909, -8.297973018141985, 6.507194172512263, 2.6227188271271293, 0.831939981407084, 0.9998780019303921, 5.295705948211411, 1.6165874971863485, 7.9121714471966245, 7.020525729091924
0.0010182364729458917, 0.350000772148, 2.4308605185869344E-4, 2.5137090084169094, -0.0022587866128821544, 3.0179703480706036E-4, 2.468299920428239E-4, -0.0017101595860227886, -8.29217098148297, 6.439220893529201, 2.6379654098531082, 0.7850153218116309, 0.999956623580905, 5.197697439182689, 1.6225637026983648, 7.820217765335247, 7.020689630619258
0.0010240480961923846, 0.35199742764642544, 2.444734747092941E-4, 2.5227915802294127, -0.002270287354543443, 3.1067927687709017E-4, 2.5050038273532603E-4, -0.0017091076949214924, -8.28640196050141, 6.363441284155845, 2.652936767283325, 0.7299760908552512, 1.0000343583796654, 5.092631527610592, 1.6282841621972373, 7.720950048065986, 7.020853532146592
0.0010298597194388778, 0.3539940831448509, 2.458608975598948E-4, 2.5317834789879234, -0.0022817801149021258, 3.194511021964372E-4, 2.5419135835695356E-4, -0.0017081376543390397, -8.280665722936078, 6.280093415522834, 2.6676402956429364, 0.6670679881397302, 1.0001110803221749, 4.980776991614413, 1.6337574745854344, 7.614645546392627, 7.021017433673927
0.0010356713426853707, 0.3559907386432763, 2.472483204104955E-4, 2.5406854658640032, -0.002293264939283042, 3.2810218222117504E-4, 2.5790255267492103E-4, -0.0017072602043774771, -8.274962039095344, 6.189426863749824, 2.682083785224954, 0.5965486097925401, 1.000186667579933, 4.862412056626194, 1.6389925632229732, 7.501591287303909, 7.021181335201261
0.0010414829659318636, 0.3579873941417018, 2.486357432610962E-4, 2.5494984339528655, -0.0023047418726939847, 3.3662254237800705E-4, 2.6163361053065527E-4, -0.001706485719776286, -8.269290681595196, 6.091702229535033, 2.696275407152948, 0.5186869550014934, 1.0002610025877972, 4.737823909536148, 1.6439986624698237, 7.382083574466134, 7.021345236728595
0.0010472945891783565, 0.3599840496401272, 2.5002316611169687E-4, 2.558223409701497, -0.002316210959828717, 3.4500257702379383E-4, 2.6538418835879245E-4, -0.0017058241944372925, -8.263651425109666, 5.987190650866407, 2.7102236999373077, 0.43376292559717267, 1.0003339721233202, 4.607308208814357, 1.6487853041038867, 7.256427484909336, 7.021509138255929
0.0010531062124248495, 0.3619807051385526, 2.5141058896229753E-4, 2.5668615542196256, -0.0023276722450696788, 3.5323306372240636E-4, 2.691539546874442E-4, -0.0017052852266505446, -8.258044046133323, 5.876173309304381, 2.7239375558360237, 0.34206681890897794, 1.0004054673783962, 4.47116859100519, 1.6533623036225717, 7.124936361871129, 7.021673039783264
0.0010589178356713426, 0.3639773606369781, 2.5279801181289825E-4, 2.5754141644702253, -0.0023391257724903413, 3.613051768364449E-4, 2.72942590619548E-4, -0.0017048780050253542, -8.25246832275589, 5.758940930376251, 2.737426207036581, 0.24389881455821438, 1.0004753840228764, 4.329716174036571, 1.657739746442266, 6.987931304367407, 7.021836941310598
0.0010647294589178357, 0.3659740161354036, 2.5418543466349897E-4, 2.583882674336481, -0.002350571585857273, 3.692105004135648E-4, 2.7674979029460603E-4, -0.001704611295140092, -8.246924034448233, 5.635793278811456, 2.750699211677075, 0.1395684559385473, 1.0005436222609518, 4.183269058049788, 1.6619279740136006, 6.845740654187143, 7.022000842837933
0.0010705410821643284, 0.36797067163382896, 2.5557285751409963E-4, 2.5922686555628376, -0.002362009728631916, 3.7694104038244174E-4, 2.805752613313854E-4, -0.0017044934269099732, -8.24141096185997, 5.507038648937796, 2.7637664397149204, 0.02939412670026708, 1.0006100868799463, 4.032151823909255, 1.6659375698557402, 6.698699480520706, 7.022164744365267
0.0010763527054108216, 0.36996732713225444, 2.5696028036470035E-4, 2.600573818566562, -0.002373440243972092, 3.844892360214307E-4, 2.844187252504274E-4, -0.0017045322826912401, -8.235928886628027, 5.372993351011871, 2.776638058666514, -0.0862974770453565, 1.000674687292033, 3.87669503021408, 1.6697793455348362, 6.5471490629102345, 7.0223286458926015
0.0010821643286573145, 0.37196398263067987, 2.58347703215301E-4, 2.608800013117646, -0.0023848631747332327, 3.9184797073223837E-4, 2.882799178771312E-4, -0.0017047352861155477, -8.23047759119618, 5.233981193751111, 2.78932451922243, -0.20717187832333625, 1.0007373375688051, 3.717234708857142, 1.6734643265855123, 6.391436372878574, 7.022492547419936
0.0010879759519038077, 0.37396063812910535, 2.5973512606590173E-4, 2.616949228885826, -0.002396278563469396, 3.990105820733782E-4, 2.921585897243863E-4, -0.0017051093916632815, -8.225056858645054, 5.090332963877026, 2.801836540761891, -0.33288735410757225, 1.0007979564691551, 3.5541118600277977, 1.6770037384005432, 6.231913554763912, 7.02265644894727
0.0010937875751503004, 0.3759572936275308, 2.611225489165024E-4, 2.6250235958488313, -0.002407686452434023, 4.0597087108446527E-4, 2.960545063554373E-4, -0.0017056610749860927, -8.219666472532685, 4.942385902994761, 2.8141850967730093, -0.46309547286526637, 1.0008564674601939, 3.3876719467738456, 1.6804089920900511, 6.068937406192994, 7.022820350474604
0.0010995991983967935, 0.37795394912595626, 2.625099717671031E-4, 2.633025384564741, -0.002419086883580509, 4.1272311087650095E-4, 2.99967448726175E-4, -0.0017063963239701014, -8.214306216744987, 4.790483182349105, 2.8263814001969916, -0.5974416343079766, 1.0009127987318998, 3.2182643896753325, 1.6836916703291154, 5.902868858597807, 7.0229842520019385
0.0011054108216432864, 0.3799509838329499, 2.638973946177038E-4, 2.640967813894389, -0.0024304798985625483, 4.1926205449032555E-4, 3.038972135072059E-4, -0.0017073206305572922, -8.208975875356218, 4.63497337601135, 2.838436888707724, -0.7355656107419045, 1.000966883205208, 3.046242062094092, 1.6868635132015053, 5.734072458366774, 7.023171550322862
0.0011112224448897796, 0.38194804662946724, 2.652848174683045E-4, 2.64884354775419, -0.0024418655387343155, 4.2558294203342076E-4, 3.078436133853876E-4, -0.0017084389833080336, -8.203675232499007, 4.476209933069487, 2.850363209943227, -0.8771020895915056, 1.0010186585340244, 2.8719607864545735, 1.6899364040549938, 5.562915848910207, 7.023360581739604
0.0011170340681362725, 0.38394510942598453, 2.6667224031890515E-4, 2.656654482355588, -0.002453243845150449, 4.3168150706965336E-4, 3.118064773448487E-4, -0.00170975586072814, -8.198404072243724, 4.3145506490148735, 2.8621722066975592, -1.0216812166191995, 1.0010680671011505, 2.6957788317705345, 1.6929223553745691, 5.389769254129069, 7.023549613156348
0.0011228456913827654, 0.3859421722225018, 2.6805966316950587E-4, 2.664403450460994, -0.0024646148585658993, 4.375539822885962E-4, 3.1578565092751134E-4, -0.001711275225342094, -8.193162178487059, 4.150357137258433, 2.8738759020911098, -1.168929139233656, 1.001115056008366, 2.5180564131770495, 1.6958334946893434, 5.215004963749901, 7.023738644573092
0.0011286573146292583, 0.3879392350190191, 2.6944708602010654E-4, 2.67209342462083, -0.002475978619435608, 4.4319710443086087E-4, 3.1978099647297025E-4, -0.001713000518524136, -8.18794933484942, 3.9839943007612066, 2.8854864847267505, -1.318468549475449, 1.0011595770608257, 2.3391551934724797, 1.6986820505191835, 5.038996820910147, 7.023927675989835
0.0011344689378757513, 0.38993629781553635, 2.708345088707072E-4, 2.6797275165734655, -0.002487335167914059, 4.486081184922816E-4, 3.2379239333777646E-4, -0.0017149346560769753, -8.182765324581073, 3.815829804678877, 2.897016293850979, -1.469919226158089, 1.0012015867458717, 2.1594377874177337, 1.701480338378072, 4.862119712408864, 7.024116707406579
0.0011402805611222444, 0.3919333606120537, 2.722219317213079E-4, 2.6873089764957157, -0.00249868454385471, 4.5378478118336153E-4, 3.2781973809414865E-4, -0.0017170800245699443, -8.177609930476528, 3.6462335502655656, 2.9084778045275015, -1.6228985757858552, 1.0012410462066539, 1.9792672690625812, 1.7042407468397327, 4.684749061979921, 7.0243057388233225
0.001146092184368737, 0.39393042340857093, 2.736093545719086E-4, 2.694841192102434, -0.002510026786809294, 4.587253636762524E-4, 3.3186294470816466E-4, -0.0017194384784182774, -8.172482934797465, 3.4755771503833572, 2.919883612835475, -1.7770221716834524, 1.0012779212101919, 1.7990066822647586, 1.7069757236757634, 4.507260327021772, 7.024494770240066
0.0011519038076152302, 0.3959274862050883, 2.749967774225093E-4, 2.7023276875935855, -0.002521361936027049, 4.6342865360939414E-4, 3.359219446974018E-4, -0.0017220113377133268, -8.167384119203192, 3.3042334074423367, 2.9312464211078986, -1.9319042907617632, 1.001312182110876, 1.619018555279269, 1.7096977620802105, 4.330028499336361, 7.02468380165681
0.0011577154308617232, 0.3979245490016055, 2.7638420027310996E-4, 2.709772122448424, -0.0025326900304538194, 4.678939563834538E-4, 3.3999668726817386E-4, -0.0017247993867959086, -8.162313264689184, 3.13257579374359, 2.9425790232221147, -2.0871584478246876, 1.0013438038087008, 1.4396644192109544, 1.7124193869903583, 4.153427609886072, 7.0248728330735535
0.0011635270541082163, 0.39992161179812286, 2.777716231237107E-4, 2.717178290066942, -0.0025440111087311067, 4.721210957248853E-4, 3.440871394322998E-4, -0.0017278028735670439, -8.157270151532996, 2.9609779350631054, 2.9538942899455853, -2.2423979266367993, 1.0013727657029525, 1.261304331202507, 1.7151531415056158, 3.977830238273822, 7.025061864490297
0.0011693386773547094, 0.4019186745946402, 2.791590459743114E-4, 2.724550116256308, -0.0025553252091950456, 4.761104135520104E-4, 3.481932861037399E-4, -0.0017310215095335067, -8.152254559247467, 2.7898130976577904, 2.9652051543626388, -2.397236307346505, 1.0013990516413944, 1.0842964023620818, 1.7179115734274861, 3.8036070272907585, 7.025250895907041
0.0011751503006012022, 0.40391573739115744, 2.8054646882491206E-4, 2.731891657564774, -0.0025666323698753015, 4.7986276911272246E-4, 3.523151301749286E-4, -0.0017344544705812683, -8.147266266541006, 2.61945367916087, 2.9765245973795533, -2.551287990111191, 1.001422649864947, 0.9089963309623333, 1.7207072219172121, 3.631126202611135, 7.025439927323784
0.0011809619238476953, 0.4059128001876748, 2.819338916755128E-4, 2.7392070994598305, -0.0025779326284939364, 4.833795374371598E-4, 3.5645269257318825E-4, -0.0017381003984773997, -8.142305051284817, 2.450270703899199, 2.9878656333284677, -2.7041687141731283, 1.0014435529481422, 0.7357569412420385, 1.7235526042888738, 3.4607530983411263, 7.025628958740528
0.0011867735470941882, 0.407909862984192, 2.8332131452611344E-4, 2.746500754352458, -0.002589226022464238, 4.8666260707670717E-4, 3.6060601229709403E-4, -0.0017419574030844258, -8.137370690486586, 2.282633322828623, 2.999241295677731, -2.855496072087975, 1.0014617577356995, 0.5649277280670544, 1.7264602029447405, 3.2928496886185354, 7.025817990157272
0.0011925851703406814, 0.40990692578070936, 2.8470873737671416E-4, 2.7537770594691757, -0.0026005125888894903, 4.897143771686041E-4, 3.6477514643324434E-4, -0.0017460230652814532, -8.132462960270871, 2.1169083187041395, 3.0106646228562797, -3.0048900188214622, 1.0014772652748072, 0.3968544078870809, 1.72944245245766, 3.1277741254868014, 7.026007021574015
0.001198396793587174, 0.4119039885772266, 2.860961602273148E-4, 2.7610405745679683, -0.0026117923645617475, 4.925377538079062E-4, 3.6896017015344243E-4, -0.0017502944405951675, -8.12758163586538, 1.9534596166885616, 3.0221486442086767, -3.151973375082915, 1.0014900807440787, 0.23187847621968813, 1.732511726815976, 2.9658802836466838, 7.026196052990759
0.0012042084168336672, 0.41389910501652355, 2.8748358307791554E-4, 2.7683152112456324, -0.002623065385960587, 4.951361457390599E-4, 3.7316117669217164E-4, -0.0017547680635234923, -8.122726491593568, 1.792647800990359, 3.033706366086921, -3.2963723246307914, 1.0015002133785476, 0.07033677217288008, 1.735680326836411, 2.8075173122529415, 7.026423267130974
0.0012100200400801601, 0.4158934799864032, 2.888710059285162E-4, 2.775594085305663, -0.0026343316892518437, 4.975134594051682E-4, 3.7737827730555996E-4, -0.0017594399525359163, -8.117897300872853, 1.6348296375516942, 3.0453507580881487, -3.4377169053457552, 1.0015076763914041, -0.08743895013855846, 1.7389604677488488, 2.653029193870951, 7.026665027070607
0.0012158316633266533, 0.41788785495628283, 2.902584287791169E-4, 2.782874818351104, -0.002645591310286366, 4.996740933044946E-4, 3.816116012104317E-4, -0.0017643056157671255, -8.113093836218471, 1.4803576037166868, 3.057094739454132, -3.5756414931665494, 1.0015124868924006, -0.24112244220728676, 1.7423642669728887, 2.5027543115242428, 7.026906787010239
0.0012216432865731464, 0.41988222992616253, 2.9164585162971764E-4, 2.790162434435599, -0.002656844284598758, 5.016229317309807E-4, 3.858612955055042E-4, -0.0017693600573574185, -8.108315869252829, 1.3295794246536528, 3.0689511656330857, -3.7097852790798638, 1.0015146658029788, -0.3903933743006634, 1.7459037320786208, 2.357025023450518, 7.027148546949871
0.001227454909819639, 0.42187660489604206, 2.9303327448031825E-4, 2.797462066450863, -0.0026680906474061583, 5.033653378610052E-4, 3.901275250734706E-4, -0.0017745977844671745, -8.103563170719903, 1.1828376172020552, 3.080932815020778, -3.8397927386134625, 1.001514237768607, -0.5349377404043523, 1.7495907489521902, 2.2161672461846678, 7.027390306889503
0.001233266533066132, 0.42387097986592176, 2.9442069733091896E-4, 2.804778952939249, -0.0026793304336070346, 5.049071462103101E-4, 3.9441047246506597E-4, -0.0017800128149278518, -8.098835510504799, 1.0404690415685927, 3.093052375889876, -3.965314093156234, 1.0015112310680507, -0.6744482546254702, 1.7534370701705164, 2.080500046490264, 7.027632066829136
0.001239078156312625, 0.42586535483580135, 2.9580812018151963E-4, 2.812118434759883, -0.0026905636777800027, 5.062546544845406E-4, 3.9871033776495493E-4, -0.0017855986855264197, -8.094132657658033, 0.9028044608926634, 3.1053224335077854, -4.086005763370648, 1.001505677520074, -0.8086247391370132, 1.7574543035852859, 1.9503352418414641, 7.027873826768768
0.001244889779559118, 0.42785972980568104, 2.9719554303212034E-4, 2.819485951609585, -0.0027017904141826907, 5.074146148218855E-4, 4.030273384402614E-4, -0.0017913484609169451, -8.089454380424497, 0.7701681093796854, 3.1177554574652175, -4.201530813690558, 1.001497612387473, -0.9371745029792253, 1.7616539011350043, 1.8259770104201802, 7.0281155867084
0.001250701402805611, 0.42985410477556063, 2.98582965882721E-4, 2.826887038403182, -0.0027130106767506504, 5.083942244276524E-4, 4.0736170917102515E-4, -0.00179725474314716, -8.08480044627672, 0.642877269081444, 3.130363789215392, -4.311559388083873, 1.0014870742788926, -1.0598127116569147, 1.7660471478868618, 1.7077215103887304, 7.028357346648033
0.001256513026052104, 0.43184847974544033, 2.999703887333217E-4, 2.8343273215092974, -0.002724224499096297, 5.09201115658272E-4, 4.11713701664343E-4, -0.001803309681770636, -8.080170621952696, 0.5212418556258596, 3.143159629829605, -4.415769136611044, 1.0014741050479226, -1.17626274744001, 1.7706451513076509, 1.595856508791595, 7.028599106587665
0.0012623246492985969, 0.4338428547153199, 3.013578115839224E-4, 2.841812514851915, -0.002735431914507935, 5.098433454984626E-4, 4.1608358445080755E-4, -0.0018095049845543824, -8.075564673497317, 0.4055640135544174, 3.1561550279894384, -4.513845632078489, 1.001458749690668, -1.2862565595336006, 1.7754588307882049, 1.4906610208060334, 7.028840866527297
0.00126813627254509, 0.4358372296851996, 3.027452344345231E-4, 2.849348415871223, -0.0027466329559488116, 5.103293845294607E-4, 4.204716426652941E-4, -0.0018158319287504138, -8.070982366308115, 0.2961377209390317, 3.169361868208327, -4.605482777273885, 1.001441056240739, -1.389535004785849, 1.780498907406767, 1.392404958736495, 7.029082626466929
0.0012739478957915832, 0.4378316046550793, 3.041326572851238E-4, 2.8569409013547205, -0.002757827656056269, 5.106681053017592E-4, 4.2487817781078016E-4, -0.0018222813729398615, -8.066423465184428, 0.1932484044599409, 3.1827918593094804, -4.6903832015151945, 1.0014210756627908, -1.4858481774734116, 1.7857758939623012, 1.3013487920387754, 7.029324386406562
0.0012797595190380759, 0.4398259796249589, 3.055200801357245E-4, 2.8645959231344724, -0.0027690160471409335, 5.108687702344364E-4, 4.293035075070668E-4, -0.0018288437693963697, -8.061887734380253, 0.09717256423948493, 3.1964565231430466, -4.768258647130684, 1.0013988617440452, -1.5749557292837677, 1.7913000852540784, 1.2177432175713763, 7.029566146346194
0.001285571142284569, 0.4418203545948386, 3.069075029863252E-4, 2.8723195036570814, -0.0027801981611860127, 5.109410189570868E-4, 4.337479652234032E-4, -0.0018355091770021273, -8.057374937660327, 0.008177409490500059, 3.210367183573511, -4.838830344731347, 1.00137447098443, -1.6566271781635613, 1.7970815486415765, 1.1418288413163502, 7.029807906285826
0.001291382765531062, 0.4438147295647182, 3.0829492583692587E-4, 2.880117731428724, -0.0027913740298466474, 5.10894855189431E-4, 4.3821189999659026E-4, -0.0018422672746570695, -8.052884838359423, -0.0734794950863863, 3.224534955730634, -4.901829377817162, 1.001347962485176, -1.7306422064171312, 1.8031301148725507, 1.0738358708270723, 7.030049666225458
0.001297194388777555, 0.4458091045345979, 3.096823486875266E-4, 2.8879967563386533, -0.0028025436844493603, 5.107406331067224E-4, 4.4269567613389703E-4, -0.001849107375206327, -8.048417199444788, -0.14755057179571224, 3.2389707355350974, -4.956997035820366, 1.0013193978359367, -1.7967909475268653, 1.8094553691924635, 1.013983819378778, 7.030291426165091
0.001303006012024048, 0.4478033119519404, 3.1106977153812725E-4, 2.895953108196961, -0.002813707155991594, 5.104890432610781E-4, 4.4719967290178454E-4, -0.0018560184398255034, -8.043971783581119, -0.21379856114538182, 3.253685189509464, -5.00408515532836, 1.001288841001051, -1.8548742617410867, 1.8160666427424668, 0.96248122188073, 7.030515451561563
0.001308817635270541, 0.4497973629869151, 3.1245719438872797E-4, 2.903993561841629, -0.0028248644751413367, 5.101510980403817E-4, 4.517242842008496E-4, -0.001862989092897692, -8.039548353198533, -0.27199684143092956, 3.2686887448698845, -5.042856449881497, 1.001256358204343, -1.9047040000496003, 1.8229730042399552, 0.9195253622650564, 7.030722924717751
0.001314629258517034, 0.4517914140218897, 3.138446172393287E-4, 2.9121334127398786, -0.002836015672236843, 5.097381166953852E-4, 4.5626991822717857E-4, -0.0018700076373127442, -8.035146670562831, -0.3219297364892918, 3.2839915799193364, -5.073084827257606, 1.0012220178132396, -1.9461032564278982, 1.830183251961809, 0.8853020132174406, 7.03093039787394
0.001320440881763527, 0.4537854650568643, 3.1523204008992935E-4, 2.920379007183273, -0.0028471607772864566, 5.092617099475352E-4, 4.6083699712026727E-4, -0.0018770620702162275, -8.03076649784816, -0.36339281131802537, 3.2996036147367263, -5.094555694549459, 1.0011858902219692, -1.9789066080826343, 1.837705906024123, 0.8599851880357613, 7.031137871030128
0.00132625250501002, 0.4557795160918389, 3.1661946294053E-4, 2.9287367277514615, -0.002858299819968538, 5.087337641865378E-4, 4.6542595659857856E-4, -0.0018841400991806562, -8.02640759721192, -0.3961931552606748, 3.3155345021819627, -5.107066250401469, 1.0011480477340313, -2.0029603434233687, 1.8455492009751369, 0.8437369051662299, 7.031345344186317
0.0013320641282565126, 0.4577735671268135, 3.180068857911307E-4, 2.9372129879766575, -0.0028694328296314897, 5.081664253100693E-4, 4.700372455829242E-4, -0.001891229158736081, -8.022069730871669, -0.420149652969011, 3.331793619194925, -5.11042576477206, 1.0011085644440958, -2.01812267813123, 1.8537210786787799, 0.8367069648577462, 7.031552817342505
0.0013378757515030057, 0.4597676181617881, 3.193943086417314E-4, 2.9458142269145835, -0.0028805598352938987, 5.075720821560506E-4, 4.746713258074306E-4, -0.00189831642732919, -8.017752661183819, -0.4350932423032985, 3.3483900584383846, -5.1044558451516595, 1.0010675161195242, -2.0242639583206605, 1.8622291815397443, 0.8390327392318373, 7.031760290498694
0.0013436873747494987, 0.4617616691967627, 3.2078173149233206E-4, 2.954546903623788, -0.002891680865644779, 5.06963349628492E-4, 4.793286714199628E-4, -0.0019053888445945064, -8.013456150724256, -0.44086715927559256, 3.3653326202413143, -5.088990689895153, 1.0010249800813533, -2.021266851209453, 1.8710808460207473, 0.8508389747503611, 7.031967763654882
0.0013494989979959918, 0.4637557202317374, 3.221691543429328E-4, 2.9634174915591256, -0.002902795949043946, 5.063530514543071E-4, 4.840097685705417E-4, -0.0019124331290180721, -8.009179962370258, -0.4373271699420181, 3.3826298048902474, -5.0638773275311415, 1.0009810350853388, -2.009026522994669, 1.8802830965044481, 0.8722376084828243, 7.032175236811072
0.001355310621242485, 0.465749771266712, 3.235565771935335E-4, 2.972432472880824, -0.0029139051135224706, 5.057542026609962E-4, 4.88715114990593E-4, -0.0019194357958690136, -8.004923859384109, -0.4243417887809135, 3.400289805238771, -5.028975843052079, 1.000935761202539, -1.9874508037414784, 1.8898426394614214, 0.9033275967908824, 7.03238270996726
0.0013611222444889777, 0.46774382230168665, 3.2494400004413415E-4, 2.981598332691309, -0.002925008386783292, 5.051799917373673E-4, 4.934452195608451E-4, -0.0019263831754856159, -8.000687605497811, -0.40179248348731345, 3.4183204996674696, -4.9841595894328465, 1.0008892397001756, -1.9564603390832112, 1.8997658579635914, 0.9441947584670161, 7.032590183123449
0.0013669338677354708, 0.4697378733366613, 3.2633142289473487E-4, 2.9909215531960456, -0.00293610579620192, 5.046437625296427E-4, 4.982006018709633E-4, -0.0019332614318007812, -7.996470964999113, -0.3695738661871042, 3.4367294453845383, -4.929315385903059, 1.0008415529223469, -1.9159887288846082, 1.9100588065240311, 0.9949116304587575, 7.032797656279637
0.0013727454909819637, 0.47173192437163586, 3.2771884574533554E-4, 3.000408607799283, -0.002947197368827264, 5.041589958778986E-4, 5.029817917687998E-4, -0.0019400565811794612, -7.992273702818272, -0.3275938703334398, 3.455523872074694, -4.864343701201601, 1.000792784171243, -1.8659826521298688, 1.9207272062776406, 1.0555373381910633, 7.033005129435826
0.0013785571142284569, 0.47372597540661054, 3.2910626859593625E-4, 3.0100659551369677, -0.0029582831313825944, 5.037392910258592E-4, 5.077893289023286E-4, -0.0019467545114565804, -7.98809558461592, -0.2757739139728284, 3.474710675895287, -4.789158822823917, 1.0007430175884582, -1.8064019788072008, 1.93177644049252, 1.126117479149926, 7.033212602592014
0.0013843687374749498, 0.4757200264415851, 3.304936914465369E-4, 3.0199000330577377, -0.002969363110266609, 5.03398346795636E-4, 5.126237622527759E-4, -0.0019533410012176344, -7.9839363768716, -0.21404904827893828, 3.4942964138408548, -4.703689011449396, 1.0006923380367283, -1.737219867644092, 1.9432115504382454, 1.206684020689467, 7.033420075748203
0.0013901803607214427, 0.4777140774765598, 3.3188111429713763E-4, 3.0299172525474027, -0.0029804373315546295, 5.031499425937752E-4, 5.174856496603509E-4, -0.001959801739300146, -7.979795846972818, -0.142368091979864, 3.514287298453628, -4.607876640624569, 1.0006408309822992, -1.658422850501912, 1.9550372315846853, 1.2972552119384813, 7.033627548904391
0.0013959919839679356, 0.4797081285115344, 3.332685371477383E-4, 3.040123991611864, -0.0029915058209999336, 5.030079192073766E-4, 5.22375557342628E-4, -0.0019661223444494558, -7.975673763304544, -0.060693750923821156, 3.5346891929144455, -4.501678321452115, 1.0005885823779577, -1.5700109025287823, 1.9672578301660972, 1.3978355098756574, 7.03383502206058
0.0014018036072144288, 0.48170217659633074, 3.34655959998339E-4, 3.0505448637343946, -0.0030025686040351957, 5.02986159476082E-4, 5.272940594071903E-4, -0.0019722883851509415, -7.971569895339245, 0.030997276679089067, 3.555507606483148, -4.385065012297333, 1.000535678546538, -1.4719974988467328, 1.979877340075201, 1.5084155196517475, 7.034073595565615
0.001407615230460922, 0.48369621812517544, 3.3604338284893973E-4, 3.061208823661076, -0.0030136257057740497, 5.0309856881052E-4, 5.322417373573515E-4, -0.001978285399606469, -7.967484013726917, 0.1327142104067086, 3.5767476903276134, -4.258022113120882, 1.0004822060654612, -1.3644096565931536, 1.9928994001304872, 1.6289719494753743, 7.034381280956974
0.0014134268537074146, 0.48569025965402, 3.374308056995404E-4, 3.0720816745794224, -0.0030246771510128003, 5.033590555905548E-4, 5.372191795922172E-4, -0.0019840989158309147, -7.963415890385101, 0.24445211235454442, 3.5984142337156664, -4.120549544447547, 1.0004282516523435, -1.247287963205606, 2.006327291687691, 1.7594675800043984, 7.034688966348333
0.0014192384769539078, 0.48768430118286465, 3.388182285501411E-4, 3.083169600823947, -0.003035722964232231, 5.037815115027378E-4, 5.422269809030491E-4, -0.0019897144718270116, -7.95936529858935, 0.3661918268670675, 3.620511660582252, -3.97266181124509, 1.0003739020510303, -1.1206865906800094, 2.0201639366025606, 1.8998512478701959, 7.034996651739693
0.0014250501002004005, 0.4896783427117092, 3.402056514007417E-4, 3.094478722696799, -0.0030467631695995623, 5.043797917542586E-4, 5.472657419635387E-4, -0.001995117635883406, -7.95533201306293, 0.4978999362446775, 3.6430440264888, -3.8143880504490855, 1.0003192439194506, -0.9846732946159987, 2.0344118955695736, 2.0500578447582156, 7.035304337131052
0.0014308617234468936, 0.4916723842405538, 3.4159307425134244E-4, 3.106015090208018, -0.0030577977909705127, 5.051676952826656E-4, 5.523360688171096E-4, -0.0020002940268707414, -7.951315810066607, 0.6395287307081658, 3.666015015950304, -3.645772063523564, 1.0002643637181825, -0.8393294000950532, 2.0490733668034498, 2.2100083303111626, 7.035612022522411
0.0014366733466933865, 0.4936664257693984, 3.429804971019431E-4, 3.1177846768177986, -0.0030688268518915037, 5.061589449056603E-4, 5.574385723603613E-4, -0.002005229334627323, -7.947316467488011, 0.7910161946810015, 3.6894279401586014, -3.466872332758834, 1.0002093476004332, -0.6847497721378526, 2.0641501850952415, 2.379609760452764, 7.03591970791377
0.0014424849699398795, 0.4956604672982431, 3.443679199525438E-4, 3.1297933731763443, -0.003079850375601963, 5.07367167476791E-4, 5.625738678238608E-4, -0.0020099093403034285, -7.94333376493036, 0.952286008089385, 3.7132857350772963, -3.277762021880553, 1.0001542813034088, -0.5210427722067283, 2.0796438212155546, 2.5587553302015085, 7.03622739330513
0.0014482965931863724, 0.49765450882708767, 3.457553428031445E-4, 3.1420469808788845, -0.0030908683850367847, 5.088058740442686E-4, 5.677425742503682E-4, -0.002014319936743489, -7.939367483800695, 1.1232475634543895, 3.737590959944688, -3.07852896055337, 1.0000992500411234, -0.34833019994103176, 2.095555381701688, 2.7473244316539054, 7.036535078696489
0.0014541082164328655, 0.4996485503559323, 3.471427656537452E-4, 3.154551206242001, -0.0031018809028288846, 5.104884400537191E-4, 5.729453139714162E-4, -0.0020184471488039896, -7.935417407397345, 1.303795998581417, 3.762345796150212, -2.8692756127734165, 1.0000443383987072, -0.16674722040907083, 2.1118856089922406, 2.9451827268748696, 7.036842764087848
0.0014599198396793587, 0.501642591884777, 3.485301885043459E-4, 3.167311654101738, -0.0031128879513118756, 5.124280856025065E-4, 5.781827120825075E-4, -0.0020222771536284323, -7.931483320996513, 1.4938122452069866, 3.7875520465083516, -2.6501190294453805, 0.9999896302283701, 0.023557723492530238, 2.1286348819331002, 3.1521822354943008, 7.037150449479208
0.0014657314629258514, 0.5036366334136215, 3.499176113549466E-4, 3.180333821644215, -0.0031238895525228833, 5.146378557705084E-4, 5.834553959175588E-4, -0.0020257963008366298, -7.927565011938168, 1.6931630930056873, 3.813211134924595, -2.421190784158401, 0.9999352085468692, 0.2224230128544367, 2.1458032166483183, 3.3681614379042912, 7.037458134870567
0.0014715430861723445, 0.5056306749424663, 3.513050342055473E-4, 3.19362309227969, -0.0031348857282054708, 5.171306010507831E-4, 5.887639945231513E-4, -0.0020289911326338284, -7.923662269710438, 1.9017012700116216, 3.83932410646018, -2.1826368933808413, 0.9998811554351869, 0.42967396980444106, 2.1633902677817756, 3.592945392885723, 7.037765820261926
0.0014773547094188374, 0.5076247164713108, 3.5269245705614796E-4, 3.20718472955992, -0.0031458764998126606, 5.199189579130487E-4, 5.941091381332906E-4, -0.0020318484037699786, -7.919774886033357, 2.1192655386376447, 3.8658916277802136, -1.9346177197053036, 0.9998275519395154, 0.6451229889139957, 2.1813953300929922, 3.8263458708670686, 7.038073505653285
0.0014831663326653306, 0.5096187580001554, 3.540798799067487E-4, 3.221023871150397, -0.0031568618885101066, 5.230153294915607E-4, 5.994914576448727E-4, -0.002034355101375479, -7.9159026549412, 2.3456808077009823, 3.892913988009893, -1.6773078593787083, 0.9997744779744143, 0.8685696834278288, 2.199817340432075, 4.068161501691035, 7.038381191044645
0.0014889779559118235, 0.5116127995290001, 3.5546730275734935E-4, 3.235145522865409, -0.0031678419151793496, 5.26431866464866E-4, 6.049115840948221E-4, -0.002036498464621367, -7.912045372863345, 2.580758260404752, 3.9203910999764804, -1.410896012614986, 0.999722012228035, 1.0998010461086702, 2.2186548800695, 4.318177938278129, 7.038688876436004
0.0014947895791583164, 0.5136068410578447, 3.5685472560795006E-4, 3.2495545527707677, -0.0031788166004211977, 5.301804480997152E-4, 6.103701481389146E-4, -0.0020382660041846634, -7.908202838703986, 2.8242954985282553, 3.9483225018543844, -1.1355848383995069, 0.9996702320691561, 1.3385916250641123, 2.2379061773989166, 4.576168034459898, 7.038996561827363
0.0015006012024048096, 0.5156008555245835, 3.582421484585508E-4, 3.2642621008679384, -0.0031897859645592264, 5.342726635145512E-4, 6.158677795332274E-4, -0.002039645521512423, -7.904374853920088, 3.076076702660319, 3.9767073592046955, -0.8515907921708895, 0.9996192134566311, 1.584703714268454, 2.25756911100249, 4.841892038614482, 7.0393144312905696
0.0015064128256513025, 0.5175946354530707, 3.5962957130915144E-4, 3.2793221998618094, -0.0032007500276433508, 5.387197932006649E-4, 6.214051066195251E-4, -0.002040625127828488, -7.900561222598091, 3.335872807922805, 4.005544467402936, -0.5591439474097607, 0.9995690308505675, 1.837887558157122, 2.277641213069768, 5.115097801954859, 7.039720562709786
0.0015122244488977956, 0.519588415381558, 3.6101699415975216E-4, 3.2946838900761364, -0.0032117088094535434, 5.43532790742679E-4, 6.269827558125192E-4, -0.002041193262900337, -7.8967617515284845, 3.6034416967229244, 4.034832254476513, -0.25848780046633985, 0.9995197571263206, 2.097881572032056, 2.2981196731982054, 5.395521002224807, 7.040126694129003
0.001518036072144288, 0.5215821953100451, 3.6240441701035277E-4, 3.3103514314069855, -0.0032226623295036278, 5.487222648955514E-4, 6.326013510935318E-4, -0.0020413387135168604, -7.892976250279166, 3.8785284066628516, 4.06456878432813, 0.05012094055168804, 0.9994714634901899, 2.3644125760054227, 2.319001342539858, 5.682885381881733, 7.04053282554822
0.0015238476953907812, 0.5235759752385324, 3.637918398609535E-4, 3.326328917820966, -0.003233610607045198, 5.542984618639446E-4, 6.382615135064442E-4, -0.0020410506316781984, -7.889204531266324, 4.160865355303369, 4.0947517603573464, 0.36641258428964313, 0.9994242193981518, 2.6371960446453695, 2.340282738318818, 5.976903002266906, 7.0409389569674365
0.0015296593186372742, 0.5255697551670196, 3.6517926271155415E-4, 3.3426202720294995, -0.0032445536610715897, 5.602712480006489E-4, 6.439638606614631E-4, -0.0020403185524140166, -7.885446409824078, 4.450172580209586, 4.125378529471299, 0.6901046997307589, 0.9993780924762623, 2.9159363701891037, 2.3619600486959715, 6.277274511247718, 7.041345088386653
0.0015354709418837673, 0.5275635350955069, 3.6656668556215487E-4, 3.359229240287945, -0.0032554915103220096, 5.666500927896667E-4, 6.497090062431909E-4, -0.002039132411292277, -7.881701704271619, 4.746157995562574, 4.156446086494395, 1.0209023776913606, 0.9993331484441755, 3.2003271410192315, 2.384029138001604, 6.583689427379547, 7.04175121980587
0.0015412825651302605, 0.5295573150239943, 3.679541084127556E-4, 3.376159387329018, -0.003266424173285688, 5.734440522175144E-4, 6.554975595248168E-4, -0.0020374825615455117, -7.877970235978518, 5.048517664524049, 4.187951078964042, 1.3584985074119091, 0.9992894510407905, 3.490051434343385, 2.406485552318782, 6.89582643761115, 7.042157351225087
0.0015470941883767532, 0.5315510949524814, 3.6934153126335625E-4, 3.3934140914258677, -0.0032773516682061774, 5.806617525196123E-4, 6.613301248906489E-4, -0.0020353597908003007, -7.874251829427999, 5.356936087654097, 4.219889812318298, 1.7025740704030516, 0.999247061952526, 3.7847821234534775, 2.429324525418319, 7.213353710694851, 7.0425634826443035
0.0015529058116232463, 0.5335448748809688, 3.7072895411395697E-4, 3.4109965396145583, -0.003288274013085717, 5.883113743616886E-4, 6.672073013648371E-4, -0.0020327553373647167, -7.870546312277654, 5.671086507042891, 4.252258255472867, 2.0527984501285204, 0.999206040744512, 4.084182199102461, 2.452540985049617, 7.535929224801911, 7.04296961406352
0.0015587174348697392, 0.535538654809456, 3.7211637696455763E-4, 3.428909723057018, -0.003299191225689662, 5.96400637426886E-4, 6.731296821488493E-4, -0.002029660906121611, -7.866853515418298, 5.990631226778329, 4.285052046780341, 2.4088297580482383, 0.9991664447940274, 4.387905105740956, 2.4761295595742436, 7.8632011100377435, 7.043375745482737
0.0015645290581162324, 0.5375324347379433, 3.7350379981515835E-4, 3.447156432578147, -0.003310103323551027, 6.049367854714105E-4, 6.790978541666975E-4, -0.0020260686839167763, -7.863173273030153, 6.315221948644771, 4.318266500381159, 2.7703151759097175, 0.9991283292270365, 4.695595091379102, 2.500084584955471, 8.194808005485879, 7.043781876901954
0.0015703406813627253, 0.5395262146664305, 3.74891222665759E-4, 3.4657392543658148, -0.0033210103239750613, 6.139265718802245E-4, 6.851123976204018E-4, -0.0020219713544814555, -7.859505422636933, 6.6445001237348364, 4.351896612921792, 3.1368913139191723, 0.999091746857128, 5.006887571713095, 2.5244001120735295, 8.530379430561956, 7.0441880083211705
0.0015761523046092182, 0.5415199945949178, 3.7627864551635973E-4, 3.484660565846127, -0.0033319122440439554, 6.233762456602787E-4, 6.911738855539728E-4, -0.0020173621128330987, -7.855849805157363, 6.97809732003328, 4.385937070669475, 3.50818458543141, 0.9990567481274718, 5.321409508784167, 2.549069914401575, 8.869536171208255, 7.044594139740387
0.0015819639278557111, 0.543513774523405, 3.776660683669604E-4, 3.5039225317616527, -0.003342809100621562, 6.332915380205806E-4, 6.972828834277845E-4, -0.0020122346791786594, -7.852206264953938, 7.315635605368187, 4.4203822569945075, 3.8838115972175156, 0.9990233810557505, 5.638779803206895, 2.574087496009341, 9.211890680095209, 7.045000271159604
0.0015877755511022043, 0.5455075544518924, 3.790534912175611E-4, 3.523527100419564, -0.0033537009103582183, 6.436776494630758E-4, 7.034399487043036E-4, -0.0020065833121969134, -7.848574649879633, 7.656727945427549, 4.455226260217876, 4.263379555626534, 0.9989916911815329, 5.958609699911559, 2.5994460998906943, 9.557047490860553, 7.045406402578821
0.0015935871743486974, 0.5475013343803796, 3.8044091406816183E-4, 3.5434760001633236, -0.0033645876896956166, 6.545392374227021E-4, 7.096456304440859E-4, -0.002000402821833669, -7.844954811321587, 8.000978618317484, 4.49046288185124, 4.646486688740193, 0.9989617215169356, 6.280503208815572, 2.6251387166460702, 9.904603646884357, 7.0458125339980375
0.0015993987975951901, 0.5494951143088669, 3.818283369187625E-4, 3.563770736041377, -0.0033754694548717387, 6.658804045260314E-4, 7.159004689132565E-4, -0.0019936885814394456, -7.841346604242188, 8.347983643268666, 4.52608564518595, 5.032722684115906, 0.9989335125001705, 6.604057537889788, 2.651158093474222, 10.254149143785979, 7.046218665417253
0.0016052104208416833, 0.5514894403733452, 3.832157597693632E-4, 3.584345922852023, -0.003386346221925831, 6.777046874344439E-4, 7.222049952046146E-4, -0.001986436539293923, -7.837749887217649, 8.697331224891974, 4.562087804246694, 5.421669141805634, 0.9989071019518183, 6.928863540153963, 2.677496743484291, 10.605267385493345, 7.0465260738349125
0.0016110220440881762, 0.5534838294535147, 3.846031826199639E-4, 3.605261057155559, -0.0033972180067034555, 6.900150463213239E-4, 7.285597308699264E-4, -0.001978643229519239, -7.8341645224736665, 9.048602212956691, 4.598462353110813, 5.812900043477338, 0.9988825250343425, 7.254506174486971, 2.704146955336701, 10.957535654759804, 7.046822091137007
0.001616833667334669, 0.5554782185336843, 3.8599060547056454E-4, 3.626524619578973, -0.0034080848248615866, 7.02813854982276E-4, 7.349651875658706E-4, -0.0019703057823197145, -7.830590375918046, 9.401370576671209, 4.6352020355949275, 6.2059822362437, 0.9988598142148459, 7.5805649792772805, 2.7311008032090562, 11.310525596613049, 7.047118108439101
0.001622645290581162, 0.5574726076138539, 3.873780283211652E-4, 3.648137193034515, -0.0034189466918737085, 7.161028916552459E-4, 7.414218667141856E-4, -0.0019614219335098437, -7.827027317171242, 9.755203893979605, 4.672299355259458, 6.600475931923872, 0.998838999230025, 7.9066145592702455, 2.7583501570372717, 11.663803715407964, 7.047414125741195
0.001628456913827655, 0.5594669966940236, 3.887654511717659E-4, 3.6700991239302283, -0.003429803623035023, 7.298833304655306E-4, 7.479302591748213E-4, -0.0019519900334030171, -7.823475219593088, 10.109663855300715, 4.709746585801563, 6.995935221382995, 0.9988201070553004, 8.232225085302991, 2.785886693106603, 12.016931885360167, 7.04771014304329
0.0016342685370741479, 0.5614613857741931, 3.901528740223666E-4, 3.692410520262257, -0.0034406556334676255, 7.441557336330118E-4, 7.544908449348391E-4, -0.001942009054906435, -7.819933960307169, 10.464306782422133, 4.747535781762067, 7.3919086037323405, 0.9988031618763267, 8.556962807325974, 2.8137019049120755, 12.369467873986757, 7.048006160345383
0.001640080160320641, 0.5634557748543627, 3.915402968729673E-4, 3.7150712499857264, -0.0034515027381257575, 7.589200444107491E-4, 7.611040928124698E-4, -0.0019314786009059781, -7.81640342022227, 10.818684160994769, 4.785658789577739, 7.7879395301986305, 0.9987881850636985, 8.880390579282091, 2.841787114322293, 12.720965878525258, 7.048302177647478
0.0016458917835671342, 0.5654501639345324, 3.92927719723568E-4, 3.7380809396393175, -0.0034623449518010638, 7.741755807127992E-4, 7.677704601750709E-4, -0.0019203989109239927, -7.812883484050437, 11.172343187992798, 4.8241072589863245, 8.18356696282159, 0.998775195151141, 9.202068397358413, 2.870133483058244, 13.070977075488187, 7.048598194949572
0.001651703406813627, 0.567444553014702, 3.943151425741687E-4, 3.761438973262642, -0.0034731822891278918, 7.899210295699843E-4, 7.744903926751173E-4, -0.001908770866888232, -7.809374040322584, 11.524827332952274, 4.862872654724824, 8.578325947245437, 0.9987642078163478, 9.52155395011128, 2.898732024418091, 13.419050182250439, 7.048894212251666
0.00165751503006012, 0.5694389420948716, 3.957025654247694E-4, 3.785144491597009, -0.0034840147645885727, 8.06154442387963E-4, 7.812643240020043E-4, -0.0018965959982040759, -7.8058749814005886, 11.875676912819838, 4.901946268581787, 8.971748199900468, 0.9987552358653397, 9.838403180407738, 2.927573615315434, 13.764732031501769, 7.04919022955376
0.001663326653306613, 0.5714333311750411, 3.9708998827537006E-4, 3.809196391575796, -0.003494842392518788, 8.228732309138453E-4, 7.880926756497035E-4, -0.0018838764859656076, -7.802386203486401, 12.224429681486798, 4.9413192317531465, 9.363362709567175, 0.9987482892201202, 10.152170860538618, 2.9566490085815045, 14.107568158179985, 7.049486246855855
0.001669138276553106, 0.5734277202552108, 3.984774111259708E-4, 3.833593326122127, -0.0035056651871128485, 8.400741641536591E-4, 7.949758567038605E-4, -0.0018706151662631898, -7.798907606628561, 12.570621431279902, 4.980982527512876, 9.752696352045657, 0.998743374908761, 10.462411177203323, 2.9859488455344905, 14.447103397547743, 7.049782264157948
0.001674949899799599, 0.5754221093353803, 3.9986483397657144E-4, 3.8583337042531696, -0.003516483162429076, 8.577533660552583E-4, 8.019142636448151E-4, -0.0018568155327348124, -7.795439094724859, 12.913786609767971, 5.020927004186317, 10.13927451908181, 0.9987404970596756, 10.768678330239908, 3.0154636688138448, 14.782882495980337, 7.050078281460043
0.001680761523046092, 0.57741649841555, 4.0125225682717216E-4, 3.8834156914926297, -0.0035272963323951328, 8.759063140667545E-4, 8.089082801694784E-4, -0.0018424817381682002, -7.791980575522441, 13.253458948138562, 5.061143388436337, 10.522621760903629, 0.9987396568983672, 11.070527141118156, 3.045183935483297, 15.11445073337417, 7.050374298762137
0.001686573146292585, 0.5794108874957197, 4.026396796777729E-4, 3.9088372106221527, -0.003538104710813333, 8.945278386109923E-4, 8.159582770323349E-4, -0.0018276185951728308, -7.788531960614626, 13.589172103098987, 5.101622298816713, 10.90226244116466, 0.9987408527475109, 11.367513673093105, 3.0751000303573903, 15.44135455606861, 7.050670316064231
0.001692384769539078, 0.5814052765758891, 4.0402710252837354E-4, 3.93459594273979, -0.0035489083113660258, 9.136121234156747E-4, 8.230646119049157E-4, -0.0018122315760537577, -7.785093165434496, 13.920460311805497, 5.14235425964828, 11.277721405912837, 0.998744080030483, 11.659195862716926, 3.1052022796097267, 15.763142222271291, 7.0509663333663255
0.0016981963927855711, 0.5833996656560588, 4.0541452537897426E-4, 3.96068932867486, -0.003559707147620865, 9.331527067848455E-4, 8.302276292547275E-4, -0.0017963268115859243, -7.781664109245369, 14.24685905879868, 5.183329715142229, 11.648524664562643, 0.9987493312777936, 11.945134161515954, 3.1354809645858803, 16.07936445725816, 7.05126235066842
0.001704008016032064, 0.5853912293752318, 4.068019482295749E-4, 3.9871997127395957, -0.0035705012330361613, 9.531424838034042E-4, 8.374476602440086E-4, -0.0017799110889978875, -7.778244715128076, 14.56790575564416, 5.224539043826506, 12.014200084179278, 0.9987565961369861, 12.224892188596277, 3.1659263358770287, 16.389575120469445, 7.051676975143708
0.001709819639278557, 0.5873815216819565, 4.0818937108017564E-4, 4.014077966810561, -0.0035812905809661207, 9.735737094867525E-4, 8.44725022648922E-4, -0.0017629918488391016, -7.774834909965316, 14.883140431948036, 5.265972573205744, 12.374278095071844, 0.9987658613852232, 12.498037392860024, 3.1965286275842324, 16.693331881734064, 7.052144972846933
0.0017156312625250497, 0.5893718139886809, 4.0957679393077625E-4, 4.041282643951007, -0.0035920752046661466, 9.944380028921729E-4, 8.520600207988817E-4, -0.0017455771809841147, -7.771434624422528, 15.192106439342405, 5.3076205947146775, 12.728292409486164, 0.9987771109455968, 12.764141726428894, 3.2272780718350957, 16.990196909083224, 7.0526129705501575
0.0017214428857715428, 0.5913621062954055, 4.1096421678137697E-4, 4.068810245147347, -0.00360285511729806, 0.0010157263522380111, 8.59452945537376E-4, -0.0017276758195282627, -7.768043792925512, 15.494351165819873, 5.349473378902144, 13.07578075175707, 0.9987903259065211, 13.022782326583553, 3.25816491348754, 17.279737565951784, 7.053080968253383
0.001727254509018036, 0.5933523986021301, 4.123516396319777E-4, 4.096657043392298, -0.0036136303319352844, 0.0010374291209965802, 8.669040742032823E-4, -0.0017092971367417276, -7.764662353635506, 15.78942676207429, 5.39152119086711, 13.416285599129766, 0.9988054845436647, 13.273542208001748, 3.2891794250456114, 17.561527117430188, 7.053548965956607
0.0017330661322645287, 0.5953426909088546, 4.1373906248257835E-4, 4.124819087224864, -0.0036244008615680407, 0.0010595360549984223, 8.744136706341811E-4, -0.001690451135941906, -7.761290248420042, 16.076890878660983, 5.433754305919919, 13.749354936063606, 0.9988225623461795, 13.516010964057712, 3.3203119217577974, 17.83514544808007, 7.054016963659833
0.0017388777555110218, 0.5973329832155793, 4.1512648533317906E-4, 4.153292204659067, -0.0036351667191084226, 0.0010820362906277525, 8.819819851923205E-4, -0.0016711484432935242, -7.757927422822047, 16.3563074138717, 5.476163025483015, 14.074543016427665, 0.9988415320444441, 13.749785476926833, 3.3515527769115594, 18.1001797857903, 7.054484961363057
0.0017446893787575147, 0.5993232755223038, 4.1651390818377973E-4, 4.182072007485033, -0.0036459279173955183, 0.0011049183639484372, 8.896092548102471E-4, -0.0016514002986454113, -7.754573826024234, 16.627247272351, 5.518737693224651, 14.391411139468298, 0.9988623636427243, 13.974470636952523, 3.382892437325724, 18.356225437858445, 7.0549529590662825
0.0017505010020040079, 0.6013135678290283, 4.1790133103438045E-4, 4.211153895967698, -0.0036566844692004024, 0.0011281702210207412, 8.972957030633812E-4, -0.0016312185451230476, -7.751229410811582, 16.889289133488234, 5.56146871136111, 14.699528433931318, 0.998885024453448, 14.18968006972115, 3.414321438959719, 18.602886533044067, 7.055420956769508
0.0017563126252505008, 0.6033038601357529, 4.192887538849811E-4, 4.240533063925568, -0.0036674363872311357, 0.0011517792291697582, 9.050415402592597E-4, -0.0016106156178102848, -7.747894133529985, 17.142020230221423, 5.6043465572121045, 14.998472653784676, 0.9989094791354349, 14.395036872099412, 3.4458304227499585, 18.83977677388542, 7.055888954472732
0.0017621242484969937, 0.6052941524424775, 4.206761767355818E-4, 4.270204504218896, -0.0036781836841376383, 0.0011757321894448891, 9.128469635563095E-4, -0.001589604531146649, -7.744567954042193, 17.385037136950082, 5.647361799913611, 15.287830982640529, 0.9989356897345721, 14.590174355395657, 3.4774101505477275, 19.066520195521257, 7.056356952175958
0.0017679358717434866, 0.6072844447492021, 4.220635995861825E-4, 4.30016301462345, -0.0036889263725165566, 0.001200015350115602, 9.207121571022207E-4, -0.0015681988653046819, -7.7412508356803205, 17.61794656710177, 5.69050511732137, 15.567200848522521, 0.9989636157279744, 14.774736796602323, 3.5090515212165556, 19.28275193334065, 7.056824949879182
0.0017737474949899798, 0.6092747370559266, 4.234510224367832E-4, 4.330403204127435, -0.0036996644649160506, 0.001224614421289738, 9.28637292194931E-4, -0.0015464127514378534, -7.737942745195652, 17.84036617947616, 5.733767313124286, 15.83619074726579, 0.9989932140707378, 14.948380196675611, 3.540745586901941, 19.488118997524573, 7.0572929475824075
0.001779559118236473, 0.6112650293626513, 4.248384452873839E-4, 4.360919499613544, -0.0037103979738404946, 0.0012495145906679106, 9.366225274714743E-4, -0.0015242608557068937, -7.734643652704648, 18.051925393621847, 5.777139334063644, 16.09442107488116, 0.9990244392463493, 15.11077304611556, 3.572483569357859, 19.6822810546337, 7.057760945285632
0.0017853707414829658, 0.6132553216693758, 4.262258681379846E-4, 4.391706152983687, -0.0037211269117550854, 0.001274700540439766, 9.446680091171229E-4, -0.0015017583622081165, -7.731353531633295, 18.25226621286302, 5.820612287361586, 16.341524968475895, 0.9990572433185967, 15.261597096489494, 3.6042568764523173, 19.864911216168263, 7.058228942988857
0.0017911823647294588, 0.6152456139761003, 4.276132909885853E-4, 4.422757248662492, -0.0037318512910904313, 0.0013001564653097875, 9.527738711006262E-4, -0.0014789209546911541, -7.7280723586566875, 18.441044056136025, 5.8641774582648685, 16.577149155561443, 0.9990915759882935, 15.400548139126526, 3.636057118745161, 20.03569683370326, 7.058696940692083
0.0017969939879759517, 0.6172359062828249, 4.2900071383918597E-4, 4.454066711553111, -0.0037425711242469787, 0.001325866091688943, 9.609402354335828E-4, -0.0014557647971329413, -7.724800113637303, 18.617928596567133, 5.907826327746616, 16.800954810548163, 0.9991273846509824, 15.52733678886689, 3.667876126186349, 20.19434029959573, 7.059164938395307
0.0018028056112224448, 0.6192256093711239, 4.303881366897867E-4, 4.485624515218433, -0.0037532864235994283, 0.0013518126980673895, 9.691672124536414E-4, -0.0014323065130870116, -7.721536779558949, 18.782604608606885, 5.951550590307716, 17.012618419267064, 0.9991646144590405, 15.64168927468414, 3.6997059648779174, 20.340559853952527, 7.059627943726958
0.0018086172344689375, 0.6212146811539668, 4.317755595403873E-4, 4.517423980411365, -0.0037639972015009863, 0.0013779791365475802, 9.774549011339062E-4, -0.001408563163825871, -7.7182823424590135, 18.934772820859905, 5.995342171925187, 17.21183265021941, 0.9992032083851634, 15.743348234404849, 3.731538953942264, 20.474090396640367, 7.0600856000890655
0.0018144288577154305, 0.62320375293681, 4.33162982390988E-4, 4.549462663261096, -0.0037747034702875627, 0.0014043478555922917, 9.858033894170823E-4, -0.0013845522252862175, -7.7150367913567415, 19.07415077605595, 6.039193248076082, 17.39830723273141, 0.9992431072897764, 15.832073514881591, 3.7633676824296116, 20.59468430457563, 7.060543256451172
0.0018202404809619234, 0.6251928247196529, 4.345504052415887E-4, 4.5817339384056766, -0.003785405242281864, 0.00143090092392828, 9.942127545725238E-4, -0.0013602915637919155, -7.711800118179584, 19.200473697522202, 6.0830962618772935, 17.571769841084354, 0.9992842499902364, 15.907642977153252, 3.795185026310064, 20.702112253342978, 7.061000912813279
0.0018260521042084165, 0.627181896502496, 4.359378280921894E-4, 4.614231067017926, -0.0037961025297973605, 0.00145762005570782, 0.0010026830635817795, -0.001335799410521088, -7.7085723176859915, 19.313495360697654, 6.127043942288573, 17.731966985241282, 0.9993265733333586, 15.969853304932833, 3.8269841654854035, 20.79616404372321, 7.061458569175386
0.0018318637274549097, 0.629170968285339, 4.373252509427901E-4, 4.646947207309893, -0.00380679534514219, 0.0014844866368142196, 0.001011214373547186, -0.0013110943347882653, -7.7053533873861495, 19.412988971339228, 6.171029322416506, 17.878664906278527, 0.9993700122699704, 16.01852081837082, 3.8587586008718433, 20.876649431438675, 7.061916225537493
0.0018376753507014026, 0.631160040068182, 4.387126737933908E-4, 4.679875425442333, -0.003817483700622867, 0.0015114817524987112, 0.0010198067321260454, -0.0012861952160032608, -7.70214332745942, 19.498748047316592, 6.215045757838195, 18.011650477588983, 0.9994144999323835, 16.05348228959532, 3.8905021714673187, 20.943398960900375, 7.0623738818996
0.0018434869739478955, 0.6331491118510252, 4.401000966439915E-4, 4.713008706906692, -0.003828167608547984, 0.0015385862161123587, 0.0010284601779923727, -0.0012611212144466588, -7.698942140669712, 19.57058730619389, 6.259086945020299, 18.130732110437926, 0.9994599677140297, 16.074595762804247, 3.92220907147527, 20.996264801894732, 7.062831538261707
0.0018492985971943884, 0.6351381836338682, 4.4148751949459216E-4, 4.746339968287259, -0.003838847081231694, 0.0015657805991761142, 0.0010371747413211452, -0.0012358917407500059, -7.6957498322775075, 19.628343556624976, 6.303146939718014, 18.235740663966627, 0.9995063453520311, 16.08174137641251, 3.953873867381822, 21.035121589082777, 7.063289194623814
0.0018551102204408816, 0.6371272554167112, 4.428749423451929E-4, 4.779862069497824, -0.0038495221309971404, 0.0015930452626183866, 0.0010459504442996807, -0.0012105264240973579, -7.692566409949853, 19.671876593638324, 6.3472201754693565, 18.32653035896756, 0.9995535610117965, 16.074822187754354, 3.985491515091843, 21.059867263709005, 7.063746850985921
0.0018609218436873745, 0.6391163271995542, 4.4426236519579354E-4, 4.813567826428994, -0.0038601927701797135, 0.0016203603893241159, 0.0010547873016656488, -0.0011850450791959233, -7.689391883667947, 19.701070097074446, 6.391301482023665, 18.402979695332135, 0.9996015413737263, 16.05376499930863, 4.017057376964738, 21.070423917562515, 7.064204507348028
0.0018667334669338674, 0.6411053989823973, 4.4564978804639426E-4, 4.847450024011152, -0.0038708590111301974, 0.0016477060178895497, 0.0010636853212685725, -0.0011594676719823838, -7.686226265632048, 19.71583253376824, 6.435386103840234, 18.464992371890933, 0.9996502117224575, 16.01852118731245, 4.048567238893669, 21.066738637866216, 7.064662163710135
0.0018725450901803606, 0.6430944707652404, 4.4703721089699497E-4, 4.881501429742684, -0.0038815208662177883, 0.0016750620776213587, 0.001072644504658691, -0.0011338142839474319, -7.683069570163584, 19.716098061559965, 6.4794697185197325, 18.512498209808335, 0.9996994960387314, 15.96906753078985, 4.080017327282784, 21.048784354025273, 7.065119820072242
0.0018783567134268535, 0.6450835425480834, 4.4842463374759564E-4, 4.915714807589893, -0.0038921783478329773, 0.0017024084248202787, 0.0010816648477001596, -0.0011081050753218857, -7.6799218136058345, 19.701827435607303, 6.523548455251879, 18.545454077169637, 0.9997493170924936, 15.905407041409, 4.111404326013441, 21.016560684452067, 7.065577476434349
0.0018841683366733466, 0.6470726143309264, 4.4981205659819635E-4, 4.9500829323554285, -0.003902831468390273, 0.0017297248803191945, 0.001090746341210043, -0.0010823602468716942, -7.676783014221691, 19.6730089168308, 6.567618913203347, 18.56384481562533, 0.9997995965386842, 15.827569794098908, 4.142725393320722, 20.97009478379489, 7.066035132796456
0.0018899799599198395, 0.6490616861137695, 4.51199479448797E-4, 4.984598604452799, -0.00391348024033077, 0.0017569912682784405, 0.0010998889716248503, -0.0010566000004399445, -7.673653192089744, 19.629659180138358, 6.61167817982639, 18.567684167740232, 0.9998502550144729, 15.735613756094764, 4.173978178557511, 20.909442189559606, 7.066492789158563
0.0018957915831663325, 0.6510507578966125, 4.5258690229939773E-4, 5.019254665070321, -0.003924124676124648, 0.0017841874562096738, 0.0011090927216886523, -0.0010308444982412013, -7.670532368997117, 19.571824225903228, 6.6557238491846, 18.557015706049317, 0.9999012122397067, 15.629625617978448, 4.205160838956435, 20.83468766916607, 7.0669504455206695
0.0019016032064128254, 0.653040648077733, 4.539743251499984E-4, 5.053988066815862, -0.003934764788273426, 0.0018112933963270184, 0.0011183575711693969, -0.001005113820795378, -7.6674205683319245, 19.49958028923233, 6.699754040092118, 18.531913760902068, 0.9999523871173368, 15.509721621060853, 4.236272056171819, 20.74594606430001, 7.0673385768244295
0.0019074148296593183, 0.6550326865543317, 4.5536174800059906E-4, 5.088700053939817, -0.003945400589312115, 0.0018382891681367752, 0.0011276834976001043, -9.794279235966208E-4, -7.664317814972659, 19.413034750209913, 6.743767414249864, 18.492484349445956, 1.0000036978368094, 15.376048384516421, 4.267311052793212, 20.643363135152246, 7.067544204850028
0.0019132264529058115, 0.6570247250309303, 4.567491708511998E-4, 5.123530077903922, -0.003956032091811209, 0.0018651550222155144, 0.0011370704770431242, -9.538065925731587E-4, -7.661224135175222, 19.31232704371447, 6.787763194224028, 18.43886610254885, 1.000055061979595, 15.228783731003897, 4.298277608680273, 20.527116401494418, 7.067749832875627
0.0019190380761523044, 0.6590167635075291, 4.5813659370180044E-4, 5.158471302756027, -0.003966659308378544, 0.0018918714253823854, 0.001146518484882439, -9.282693981320644E-4, -7.65813955645988, 19.197629566816552, 6.831741181321452, 18.371231191641424, 1.0001063966246455, 15.068137508354619, 4.329172077163177, 20.397415982145787, 7.067955460901226
0.0019248496993987973, 0.6610088019841278, 4.5952401655240116E-4, 5.193517015348675, -0.003977282251660914, 0.0019184191070391599, 0.001156027496637374, -9.028356480047517E-4, -7.65506410749459, 19.06914858639753, 6.875701773324777, 18.289786252050874, 1.000157618457071, 14.894352410493207, 4.359995401086564, 20.254505429904334, 7.068161088926825
0.0019306613226452902, 0.6630008404607265, 4.609114394030018E-4, 5.228660642940611, -0.003987900934345642, 0.0019447791067648268, 0.0011655974888040363, -8.775243387941778E-4, -7.651997817977798, 18.927125142589123, 6.919645982074364, 18.194773306620323, 1.000208643877418, 14.707704793023025, 4.390749128670633, 20.09866256554346, 7.068366716952424
0.0019364729458917834, 0.6649928789373253, 4.6229886225360254E-4, 5.2638957711529315, -0.003998515369161883, 0.0019709328232440093, 0.0011752284397178805, -8.523541062170903E-4, -7.648940718519331, 18.77183595087954, 6.963575450883664, 18.086470683091814, 1.000259389112392, 14.508505486175052, 4.421435429190972, 19.930200304363336, 7.068572344978023
0.0019422845691382763, 0.666984917413924, 4.636862851042032E-4, 5.299216162299217, -0.004009125568881845, 0.0019968620643007196, 0.0011849203304418604, -8.273431741558923E-4, -7.645892840519245, 18.603594300619502, 7.007492471809341, 17.96519393172166, 1.0003097703276176, 14.297100603373382, 4.452057108489125, 19.749467482038042, 7.0687779730036215
0.0019480961923847692, 0.6689769558905228, 4.650737079548039E-4, 5.334615774096562, -0.0040197315463217555, 0.0020225490983505345, 0.0011946731456800724, -8.025093022987484E-4, -7.642854216046842, 18.422750949223268, 7.051400002650432, 17.831296735615513, 1.0003597037398144, 14.073872344055832, 4.482617624188884, 19.55684967178953, 7.0689836010292195
0.001953907815631262, 0.6709689943671214, 4.664611308054046E-4, 5.370088778704769, -0.004030333314342747, 0.002047976706962773, 0.0012044868747105378, -7.778697326856765E-4, -7.639824877716552, 18.229695013169575, 7.095301683803812, 17.685171819162402, 1.000409105732106, 13.839239792545557, 4.513121100759652, 19.3527699989777, 7.069189229054818
0.0019597194388777553, 0.6729610328437202, 4.678485536560053E-4, 5.405629582142069, -0.0040409308858515, 0.0020731282386821093, 0.0012143615123465581, -7.534411348388836E-4, -7.636804858563482, 18.02485485329185, 7.139201854872148, 17.527251849516077, 1.000457892969297, 13.593659710159235, 4.543572344303134, 19.13768994738154, 7.069394857080417
0.0019655310621242484, 0.6749530713203189, 4.69235976506606E-4, 5.441232844008596, -0.004051524273800734, 0.0020979876640978556, 0.0012242970599160644, -7.292395497935367E-4, -7.633794191918065, 17.80869895518059, 7.183105571028389, 17.358010334182882, 1.0005059825138816, 13.33762732142166, 4.573976857090513, 18.912110160932354, 7.069600485106016
0.001971342685370741, 0.6769451097969176, 4.706233993572067E-4, 5.476893497557171, -0.004062113491189581, 0.002122539632168019, 0.0012342935262660906, -7.0528033276962E-4, -7.630792911278939, 17.58173680339501, 7.227018619100009, 17.177962511150263, 1.0005532919437496, 13.07167709308937, 4.604340851798319, 18.676571236795688, 7.069806113131615
0.0019771543086172343, 0.6789371482735164, 4.720108222078074E-4, 5.512606770055527, -0.00407269855106365, 0.002146769527611392, 0.0012443509287899737, -6.815780946740624E-4, -7.6278010501860045, 17.344519748893475, 7.270947533419307, 16.987666232081647, 1.000599739469204, 12.796383505809082, 4.634671265494806, 18.431654510752914, 7.070011741157214
0.0019829659318637274, 0.680929186750115, 4.7339824505840806E-4, 5.548368203486689, -0.0040832794665150805, 0.002170663529666106, 0.0012544692944730443, -6.581466423887239E-4, -7.624818642091075, 17.09764187089415, 7.314899611368583, 16.787722840036814, 1.000645244052574, 12.512361819004038, 4.664975773314922, 18.177982836263716, 7.070217369182813
0.00198877755511022, 0.6829212252267138, 4.747856679090088E-4, 5.584173675494753, -0.004093856250682243, 0.002194208671984832, 0.0012646486609660737, -6.34998917740992E-4, -7.6218457202297, 16.841740828251417, 7.358882928557193, 16.578778036548016, 1.0006897255260416, 12.22026882458229, 4.695262801741488, 17.916221351839262, 7.070422997208412
0.0019945891783567133, 0.6849132637033125, 4.7617309075960945E-4, 5.62001942065217, -0.0041044289167494405, 0.00221739290357692, 0.0012748890776697747, -6.1214693551781E-4, -7.618882317490904, 16.577498705994003, 7.402906353803846, 16.361522742280588, 1.000733104711763, 11.920803595315551, 4.725541541701544, 17.64707824173414, 7.0706286252340105
0.0020004008016032064, 0.6869050379185963, 4.7756051361021016E-4, 5.655897606720828, -0.004114997477946246, 0.002240205151128105, 0.0012851906068496455, -5.896017199871206E-4, -7.615928466286859, 16.305642850727377, 7.446979563634227, 16.136693947849334, 1.0007753035414586, 11.614708220908751, 4.75582196114737, 17.371305485411163, 7.07082900696455
0.002006212424849699, 0.6888932446061266, 4.7894793646081077E-4, 5.691749478038787, -0.004125561947546828, 0.0022626353823598233, 0.0012955533247652473, -5.673732404287701E-4, -7.612984198423018, 16.026946696618662, 7.491113056507782, 15.905075554604037, 1.0008162451757099, 11.302768534207976, 4.786114817369834, 17.089699596668773, 7.070958563711789
0.0020120240480961922, 0.6908814512936571, 4.803353593114115E-4, 5.727632303398195, -0.004136122338868979, 0.0022846746704654475, 0.0013059773228196597, -5.454703455898269E-4, -7.610049544965731, 15.742230583807835, 7.535318166670436, 15.667499205285003, 1.0008558541253294, 10.985814829321926, 4.81643166892883, 16.803102352160945, 7.071088120459029
0.002017835671342685, 0.6928696579811876, 4.817227821620122E-4, 5.763543962544304, -0.0041466786652730086, 0.002306315259842817, 0.0013164627087292463, -5.23900696722368E-4, -7.6071245361133, 15.452362562479339, 7.57960707753194, 15.424845103779113, 1.0008940563692208, 10.66472256444586, 4.846784887099403, 16.51240150784009, 7.071217677206268
0.002023647294589178, 0.694857864668718, 4.8311020501261287E-4, 5.799482802029729, -0.00415723094016042, 0.0023275506328088724, 0.0013270096077113297, -5.026706996607011E-4, -7.604209201063135, 15.158259188426639, 7.62399283472153, 15.17804282198772, 1.0009307794758462, 10.340413055890265, 4.87718766699239, 16.218531502303588, 7.0713472339535075
0.0020294589178356712, 0.6968460713562484, 4.844976278632136E-4, 5.835447657863028, -0.004167779176972488, 0.0023483755773678894, 0.001337618163686237, -4.817854359302487E-4, -7.601303567881635, 14.860886306711537, 7.668489358684763, 14.928072097452256, 1.0009659527220054, 10.01385415977418, 4.907654038219826, 15.922474150678136, 7.071476790700747
0.002035270541082164, 0.698834278043779, 4.8588505071381425E-4, 5.8714378782251515, -0.004178323389188576, 0.0023687862562593587, 0.0013482885405037628, -4.612485924386789E-4, -7.598407663373404, 14.561259820686674, 7.713111456802116, 14.675963614026744, 1.0009995072118938, 9.68606093819508, 4.938198875064953, 15.625259320410503, 7.071606347447987
0.002041082164328657, 0.7008224847313094, 4.8727247356441497E-4, 5.907453346455895, -0.004188863590324223, 0.00238878027688072, 0.001359020923179334, -4.410623902737498E-4, -7.595521512950989, 14.260446449634713, 7.757874835055306, 14.42279977163177, 1.0010313759953962, 9.358096313977123, 4.968837906213319, 15.327965596098238, 7.071735904195226
0.00204689378757515, 0.7028106914188399, 4.886598964150157E-4, 5.943494504040473, -0.004199399793929257, 0.002408356762257924, 0.0013698155191485262, -4.212275125392573E-4, -7.5926451405041675, 13.959564472738379, 7.8027961092574, 14.169715441364033, 1.0010614941870772, 9.031071711358752, 4.999587724043094, 15.031720929495009, 7.071865460942465
0.0020527054108216434, 0.7047988981063704, 4.900473192656164E-4, 5.979562373815952, -0.004209932013585471, 0.0024275164231490898, 0.001380672559538998, -4.01743030906232E-4, -7.589778568272057, 13.659784457423166, 7.8478928156852845, 13.917898704658562, 1.0010897990816565, 8.70614768049526, 5.030465793315139, 14.737703272732281, 7.071995017689705
0.0020585170340681365, 0.7067871047939009, 4.914347421162171E-4, 6.015658583210552, -0.004220460262904327, 0.0024462616311016205, 0.0013915923004508834, -3.82606331357227E-4, -7.586921816713075, 13.362329973139467, 7.893183421281752, 13.668591577676981, 1.0011162302719094, 8.384534507219566, 5.061490459448395, 14.447141196919706, 7.072124574436945
0.002064328657314629, 0.7087753114814312, 4.928221649668177E-4, 6.0517853875459195, -0.004230984555524348, 0.0024645964924032704, 0.0014025750242582236, -3.6381303887766947E-4, -7.584074904378101, 13.068478290203092, 7.938687333243286, 13.423090718856985, 1.0011407297629167, 8.06749280780456, 5.092680956170819, 14.161314493557065, 7.072254131184184
0.002070140280561122, 0.7107635181689618, 4.942095878174184E-4, 6.0879456934059135, -0.004241504905108393, 0.0024825269231176783, 0.0014136210409189526, -3.4535694109028015E-4, -7.581237847783596, 12.779561059846476, 7.984424908097579, 13.182748119996363, 1.001163242086358, 7.756334104494838, 5.124057412675367, 13.881554759129939, 7.072383687931423
0.002075951903807615, 0.7127517248564922, 4.955970106680192E-4, 6.124143082014598, -0.0042520213253407525, 0.002500060724989428, 0.0014247306892964662, -3.272299110745891E-4, -7.578410661286366, 12.49696498024259, 8.030417460153172, 12.948971778852446, 1.0011837144129927, 7.452421387012324, 5.155640860157018, 13.609245961365195, 7.072513244678663
0.002081763527054108, 0.7147399315440227, 4.969844335186199E-4, 6.1603818326269675, -0.004262533829924088, 0.0025172076622430595, 0.0014359043384962328, -3.094218292050144E-4, -7.57559335695868, 12.22213244182707, 8.076687269385973, 12.723226354331297, 1.0012020966646964, 7.157169653311985, 5.187453237788411, 13.345824987882708, 7.072642801425903
0.002087575150300601, 0.7167281382315531, 4.983718563692205E-4, 6.196666945844527, -0.004273042432576113, 0.0025339795393422015, 0.0014471423892094132, -2.919205040430306E-4, -7.572785944465868, 11.956562156170127, 8.123257588696463, 12.507033800350316, 1.0012183416237033, 6.872046433707473, 5.21951739808407, 13.092782173402023, 7.072772358173141
0.002093386773547094, 0.7187163449190835, 4.997592792198212E-4, 6.23300416693337, -0.004283547147026263, 0.002550390279459247, 0.0014584452750658894, -2.7471159251879484E-4, -7.5699884309453696, 11.701809764001869, 8.170152650491877, 12.301973983342036, 1.0012324050406016, 6.598572294473171, 5.25185711160227, 12.851661810945057, 7.072901914920381
0.002099198396793587, 0.7207045516066141, 5.011467020704219E-4, 6.2694000090275495, -0.0042940479870120065, 0.0025664560040086215, 0.001469813464002101, -2.57778519020313E-4, -7.567200820886866, 11.459488424227317, 8.217397672654544, 12.109685275985546, 1.0012442457407487, 6.3383213220481665, 5.284497071034781, 12.624062638852218, 7.073031471667621
0.00210501002004008, 0.7226922554372881, 5.025341249210225E-4, 6.3061860229240665, -0.004304544966275168, 0.0025821951126974163, 0.001481247459626453, -2.4110239396479827E-4, -7.564423116015183, 11.231269382460559, 8.265018863791159, 11.931865130152243, 1.0012538257281518, 6.092921587466081, 5.317462894613458, 12.41163830775026, 7.073524431146248
0.002110821643286573, 0.7246798788108653, 5.039215477716233E-4, 6.343099960593236, -0.004315038098557965, 0.0025976283646174103, 0.00149274780260078, -2.2466193134640378E-4, -7.561655315173986, 11.018882517424654, 8.313043427802493, 11.770270629850776, 1.0012611102882079, 5.864055588303828, 5.3507811288358855, 12.21609782723869, 7.0740755350618985
0.002116633266533066, 0.7266675021844423, 5.05308970622224E-4, 6.380099046092255, -0.004325527397598932, 0.0026127789599179607, 0.001504315072023213, -2.0843336567510917E-4, -7.558897414213442, 10.824116864866786, 8.361499567684264, 11.626719018235663, 1.0012660680864909, 5.653460668716827, 5.384479250449763, 12.039205987185472, 7.0746266389775485
0.002122444889779559, 0.7286551255580195, 5.066963934728247E-4, 6.417193094036975, -0.004336012877128748, 0.0026276726221761137, 0.001515949886815332, -1.9239036815399402E-4, -7.556149405878453, 10.64882112047446, 8.410416488664657, 11.503088203159782, 1.0012686712669865, 5.462929418805891, 5.418585667795324, 11.882783757800262, 7.075177742893199
0.0021282565130260516, 0.7306427489315965, 5.080838163234253E-4, 6.45439280067103, -0.004346494550865772, 0.002642337681616702, 0.001527652907116872, -1.7650396215440622E-4, -7.553411279700797, 10.49490411668773, 8.45982440047274, 11.40131723731627, 1.0012688955460585, 5.2943100479038145, 5.453129721293211, 11.748708664643392, 7.075728846808849
0.0021340681362725447, 0.7326303723051736, 5.09471239174026E-4, 6.491709765992937, -0.0043569724325115515, 0.002656805158737896, 0.001539424835677955, -1.6074243809072186E-4, -7.550683021893151, 10.364335277019086, 8.509754518899731, 11.323406773853694, 1.0012667203047392, 5.149506736265326, 5.488141683259139, 11.63891513964746, 7.076279950724499
0.002139879759519038, 0.7346179956787507, 5.108586620246267E-4, 6.529156515534169, -0.004367446535746167, 0.00267110884880406, 0.0015512664192557368, -1.450712677057986E-4, -7.547964615246224, 10.259145044817977, 8.560239066515447, 11.27141949594823, 1.0012621286777674, 5.030479961176319, 5.523652756893557, 11.555394846646708, 7.076831054640149
0.002145691382765531, 0.7366056190523279, 5.122460848752275E-4, 6.566746521797313, -0.004377916874223358, 0.002685285406705429, 0.0015631784500142049, -1.2945301750866278E-4, -7.545256039028848, 10.181425284796108, 8.611311272533777, 11.247480518146098, 1.00125510763951, 4.93924679677602, 5.5596950744422635, 11.500196978712495, 7.077382158555799
0.002151503006012024, 0.7385932424259051, 5.136335077258282E-4, 6.604494225369308, -0.004388383461565636, 0.002699374432438173, 0.0015751617669163415, -1.1384726223839792E-4, -7.542557268891427, 10.13332965953074, 8.663005371857414, 11.253777762356357, 1.0012456480866943, 4.877881189297623, 5.596301694578742, 11.475428531875794, 7.077933262471449
0.002157314629258517, 0.740580865799482, 5.150209305764288E-4, 6.642415055589709, -0.004398846311359155, 0.0027134185571444647, 0.001587217257120993, -9.821049710767582E-5, -7.539868276772717, 10.117073978248746, 8.715356603224429, 11.292562304509168, 1.0012337449175812, 4.848514205139107, 5.633506598906108, 11.483254548798646, 7.078484366387099
0.00216312625250501, 0.7425684891730592, 5.164083534270295E-4, 6.680525450782625, -0.004409305437148488, 0.002727463529478946, 0.0015993458573723418, -8.249605030385965E-5, -7.53718903080947, 10.134936515879899, 8.768401206468166, 11.366148691483268, 1.0012193971082999, 4.853334250194732, 5.671344687613198, 11.5258983348738, 7.079035470302749
0.0021689378757515027, 0.7445561125466361, 5.177957762776301E-4, 6.718842878020496, -0.004419760852431311, 0.0027415583026639823, 0.0016115485553883369, -6.66539944060851E-5, -7.534519495251993, 10.18925830474902, 8.822176418820895, 11.47691522811984, 1.0012026077833494, 4.894587262098371, 5.7098517742022, 11.605641643938162, 7.079586574218399
0.0021747494989979954, 0.7465437359202133, 5.191831991282308E-4, 6.7573858523219315, -0.004430212570652996, 0.002755755121413017, 0.0016238263912363576, -5.06310580110636E-5, -7.531859630379574, 10.282443395927817, 8.876720470331955, 11.627304235816133, 1.001183384286233, 4.974576873975159, 5.749064579380647, 11.724824837592307, 7.080137678134049
0.0021805611222444885, 0.7485313592937904, 5.205706219788315E-4, 6.796173955372296, -0.004440660605200984, 0.0027701096098846634, 0.0016361804587159412, -3.437053664079315E-5, -7.529209392424573, 10.416959089187328, 8.932072578243714, 11.819822274896639, 1.0011617382412663, 5.095664546374446, 5.7890207239220635, 11.88584700850558, 7.080688782049699
0.0021863727454909817, 0.7505189826673676, 5.219580448294323E-4, 6.835227853498509, -0.004451104969399133, 0.0027846808593201544, 0.0016486119067135874, -1.7812203378930747E-5, -7.52656873349756, 10.595336132168109, 8.988272940442478, 12.057040339158329, 1.0011376856145058, 5.260269670590446, 5.829758720679226, 12.09116607695542, 7.081239885965349
0.0021921843687374744, 0.7525066060409445, 5.233454676800329E-4, 6.874569315145209, -0.004461545676501965, 0.0027995315163780177, 0.0016611219405672922, -8.922195586791304E-7, -7.523937601518484, 10.820168886657648, 9.045362727816276, 12.341594012791484, 1.0011112467686656, 5.470869639282457, 5.871317965508556, 12.343298851399593, 7.081790989880999
0.0021979959919839675, 0.7544942294145217, 5.247328905306336E-4, 6.914221227528742, -0.0044719827396887965, 0.0028147278713195334, 0.001673711823402993, 1.645695503693645E-5, -7.521315940151521, 11.094115462752137, 9.103384075666161, 12.676183598354543, 1.0010824465143613, 5.729999886781375, 5.9137387273243425, 12.644821060701732, 7.082342093796649
0.0022038076152304607, 0.7564770581144012, 5.261203133812343E-4, 6.954212617710027, -0.004482416172057808, 0.0028303399466960144, 0.0016863828774716233, 3.430665209602779E-5, -7.518703688745697, 11.419897817611067, 9.162380073976058, 13.063574202766262, 1.0010513141556725, 6.0402538945202116, 5.957062137031764, 12.998367345658714, 7.08289854130071
0.002209619238476954, 0.7584573633018084, 5.27507736231835E-4, 6.994566322087849, -0.004492845986619988, 0.0028464415858309167, 0.0016991364854649083, 5.273208465705892E-5, -7.516100782279511, 11.800301819825618, 9.222394756610388, 13.50659579416141, 1.0010178835317158, 6.4042831639401046, 6.001330175449151, 13.406631222961483, 7.083457801219725
0.0022154308617234465, 0.7604376684892152, 5.288951590824356E-4, 7.03530604993739, -0.004503272196293045, 0.0028631105415684033, 0.0017119740918143944, 7.181243708309637E-5, -7.513507151312123, 12.238177279164661, 9.283473089443827, 14.00814321715998, 1.0009821930517704, 6.824797155709708, 6.046585660214098, 13.872365008851775, 7.08401706113874
0.00222124248496994, 0.7624179736766225, 5.302825819330365E-4, 7.07645931513548, -0.004513694813895327, 0.002880428565062765, 0.0017248972039770605, 9.163095513109454E-5, -7.510922721937938, 12.736437938604908, 9.345660957284329, 14.571176173879731, 1.0009442857272532, 7.304563192572797, 6.092872231527393, 14.39837970978115, 7.084576321057755
0.0022270541082164324, 0.7643982788640294, 5.316700047836371E-4, 7.118054821764417, -0.004524113852139387, 0.0028984814943449067, 0.0017379073937029699, 1.1227503586486165E-4, -7.508347415750053, 13.29806142756324, 9.409005149672772, 15.198719161335486, 1.0009042091943952, 7.846406325213724, 6.1402343368257855, 14.987544871165492, 7.085135580976769
0.0022328657314629255, 0.7663785840514364, 5.330574276342378E-4, 7.160122475645494, -0.004534529323625979, 0.002917359342944792, 0.001751006298276625, 1.3383631757157843E-4, -7.505781149805107, 13.926089181329553, 9.473553345513743, 15.89386137709615, 1.0008620157365011, 8.4532091655828, 6.188717214352854, 15.642788395774874, 7.085694840895784
0.0022386773547094186, 0.7683588892388435, 5.344448504848385E-4, 7.202693394809103, -0.004544941240837566, 0.0029371563883628937, 0.0017641956217402943, 1.5641076921912855E-4, -7.503223836598918, 14.623626315575805, 9.539354096438661, 16.659756575293958, 1.000817762294736, 9.127911676921585, 6.2383668755124075, 16.36709631469413, 7.086254100814799
0.0022444889779559118, 0.7703391944262507, 5.358322733354392E-4, 7.24579991883229, -0.004555349616132027, 0.0029579712602787467, 0.0017774771360934416, 1.8009878020919246E-4, -7.500675384043911, 15.393841464901678, 9.606456808975505, 17.49962288970281, 1.000771510477704, 9.873510929627985, 6.2892300860888195, 17.163512526121842, 7.086813360733814
0.0022503006012024045, 0.7723194996136575, 5.372196961860398E-4, 7.2894756170944675, -0.004565754461736276, 0.002979907028596074, 0.0017908526824671755, 2.0500524930611164E-4, -7.498135695457242, 16.2399665788337, 9.674911725438024, 18.416742608662243, 1.0007233265603532, 10.69306081616016, 6.341354346248039, 18.035138488855143, 7.087372620652828
0.002256112224448897, 0.7742998048010645, 5.386071190366404E-4, 7.33375529579007, -0.004576155789739927, 0.0030030712910074087, 0.0018043241722644765, 2.3123967352667307E-4, -7.495604669551546, 17.165296675978816, 9.74476990353726, 19.414461910075897, 1.0006732814805481, 11.589671726240423, 6.3947878693381695, 18.985132877180323, 7.087931880571843
0.0022619238476953908, 0.7762801099884717, 5.399945418872413E-4, 7.378675003611988, -0.004586553612088848, 0.0030275762604841105, 0.0018178935882833258, 2.5891623664620056E-4, -7.493082200436189, 18.173189555875233, 9.816083194635413, 20.49619054973379, 1.0006214508251352, 12.56651018111164, 6.449579559376579, 20.016711191032666, 7.0884911404908575
0.0022677354709418835, 0.7782604151758786, 5.413819647378419E-4, 7.424272036195362, -0.004596947940578813, 0.003053538851925275, 0.0018315629857968418, 2.8815389712111283E-4, -7.490568177622134, 19.26706546541663, 9.888904220721065, 21.665401508459514, 1.0005679148127762, 13.62679842511373, 6.505778987349546, 21.133145327261, 7.089050400409873
0.0022735470941883766, 0.7802407203632857, 5.427693875884426E-4, 7.470584939107994, -0.00460733878684913, 0.003081080768751576, 0.001845334493609213, 3.1907647548301554E-4, -7.488062486037841, 20.45040672422321, 9.963286349971025, 22.925630588222937, 1.00051275826585, 14.773813977456475, 6.5634363661535025, 22.337763101995144, 7.089609660328887
0.002279358717434869, 0.7822210255506926, 5.441568104390432E-4, 7.517653509394677, -0.004617726162376263, 0.003110328588565636, 0.0018592103150690542, 3.5181274124429507E-4, -7.4855650060490735, 21.7267572998926, 10.039283670948775, 24.280475964700614, 1.0004560705786973, 16.010889136713455, 6.622602524260594, 23.633947731487023, 7.090168920247902
0.0022851703406813625, 0.7842013307380998, 5.45544233289644E-4, 7.565518795646312, -0.004628110078467527, 0.003141413848608998, 0.0018731927290558392, 3.864964991810993E-4, -7.483075613489698, 23.09972233971365, 10.116950965302859, 25.733597691559897, 1.0003979456750995, 17.341410443231485, 6.683328877941684, 25.02513726691107, 7.090728180166916
0.002290981963927855, 0.7861816359255068, 5.469316561402446E-4, 7.614223096389651, -0.004638490546254899, 0.003174473129939237, 0.0018872840909168465, 4.232666745620506E-4, -7.4805941796976, 24.572967655109743, 10.1963436791614, 27.28871715465335, 1.0003384819611245, 18.768818097664422, 6.745667402283201, 26.514823982060108, 7.091287440085932
0.0022967935871743483, 0.7881619411129139, 5.483190789908454E-4, 7.663809956931345, -0.004648867576688721, 0.0032096481415351263, 0.0019014868333709078, 4.6226739821975116E-4, -7.478120571560948, 26.150219154483725, 10.2775178928637, 28.949616475590094, 1.0002777822675135, 20.29660532904047, 6.809670600607336, 28.106553711714486, 7.091846700004946
0.0023026052104208414, 0.7901379299123241, 5.497065018414461E-4, 7.71450433503469, -0.004659241180531603, 0.0032470858030757555, 0.0019158034673646684, 5.036480898947815E-4, -7.475654651572074, 27.835262231596253, 10.360530289442746, 30.720137868981407, 1.0002159537850475, 21.92831772175612, 6.875391472734242, 29.803925147815427, 7.09258956400455
0.0023084168336673346, 0.7921086062341999, 5.510939246920468E-4, 7.766395425665905, -0.004669611368352337, 0.003286938327060618, 0.0019302365828880452, 5.475635415699287E-4, -7.473196277889663, 29.631941097682727, 10.44543812121761, 32.6041829410477, 1.0001531079917576, 23.667552488431827, 6.9428834814315366, 31.61058907794005, 7.093558402257187
0.0023142284569138273, 0.7940792825560755, 5.524813475426474E-4, 7.81930933770127, -0.0046799781505200005, 0.0033293632999571443, 0.0019447888497399202, 5.941739991834893E-4, -7.470745304410887, 31.544158068600737, 10.532299175187731, 34.60571193927871, 1.000089360570705, 25.5179577004514, 7.012200517757857, 33.53024757866947, 7.094527240509824
0.0023200400801603204, 0.7960499588779513, 5.538687703932481E-4, 7.8732945372348695, -0.004690341537198035, 0.0033745237622344604, 0.001959463018241653, 6.436452432652118E-4, -7.468301580851785, 33.575872793537, 10.621171736655214, 36.72874294927622, 1.0000248313196056, 27.483231462922635, 7.083396864729451, 35.56665315893071, 7.095496078762461
0.0023258517034068136, 0.798020635199827, 5.552561932438488E-4, 7.92840069374688, -0.004700701538338492, 0.003422588287388173, 0.0019742619199071, 6.961486689718299E-4, -7.465864952837325, 35.73110143581893, 10.712114551202285, 38.97735103390293, 0.9999596440512486, 29.567121044365482, 7.156527159419563, 37.72360784752823, 7.096464917015098
0.0023316633266533067, 0.7999913115217028, 5.566436160944495E-4, 7.9846786655566575, -0.004711058163676479, 0.003473731059748353, 0.0019891884680505734, 7.518613641011029E-4, -7.4634352620010835, 38.01391579350279, 10.805186785136792, 41.35566731644433, 0.9998939264847877, 31.77342194912725, 7.231646353635547, 40.004962229091774, 7.097433755267735
0.002337474949899799, 0.8019619878435783, 5.580310389450502E-4, 8.042180483013453, -0.004721411422724726, 0.0035281319509321563, 0.0020042456583436175, 8.109661865400852E-4, -7.461012346095258, 40.42844237249315, 10.900447984236676, 43.867878010663524, 0.9998278101270325, 34.10597694547669, 7.308809672983208, 42.41461442863554, 7.0984025935203725
0.0023432865731462926, 0.8039326641654543, 5.59418461795651E-4, 8.100959329465695, -0.004731761324768175, 0.003585976595219087, 0.0020194365693098626, 8.736518397052251E-4, -7.458596039109604, 42.97886139489781, 10.997958030657696, 46.51822338639619, 0.9997614301450173, 36.568675031529274, 7.388072574200345, 44.95650903592421, 7.099371431773009
0.0023490981963927853, 0.8059033404873298, 5.608058846462516E-4, 8.16106951983511, -0.0047421078788588925, 0.003647456463281351, 0.002034764362766478, 9.4011294716978E-4, -7.456186171402861, 45.669405754915715, 11.09777709834729, 49.31099668185578, 0.9996949252267617, 39.16545035226847, 7.469490701085289, 47.63463597861032, 7.100340270025646
0.002354909819639278, 0.8078740168092055, 5.621933074968522E-4, 8.222566476927568, -0.004752451093811213, 0.0037127689344771397, 0.00205023228418702, 0.0010105501248478532, -7.45378256984216, 48.50435991806727, 11.19996560650264, 52.250542954450424, 0.9996284374345896, 41.90028106304119, 7.553119838601892, 50.4530293388094, 7.101309108278283
0.002360721442885771, 0.8098446931310812, 5.635807303474529E-4, 8.285506705110038, -0.004762790978196884, 0.0037821173676810815, 0.0020658436630192623, 0.0010851700525069674, -7.4513850579554, 51.48805875352672, 11.30458417135532, 55.34125786694189, 0.9995621120455642, 44.77718812927851, 7.639015865381392, 53.41576610671448, 7.10227794653092
0.0023665330661322643, 0.811815369452957, 5.649681531980536E-4, 8.349947761400017, -0.004773127540340564, 0.003855711170325904, 0.0020816019129170638, 0.0011641855429083137, -7.448993456094511, 54.62488631499321, 11.411693556028737, 58.58758641463064, 0.9994960973818062, 47.800234078402, 7.727234704438667, 56.52696487991522, 7.103246784783558
0.0023723446893787574, 0.8137860457748327, 5.663555760486544E-4, 8.41594822407069, -0.0047834607883156174, 0.003933765865724581, 0.0020975105319116227, 0.0012478156092949888, -7.446607581608373, 57.91927455350575, 11.521354618653593, 61.99402159044311, 0.9994305446317401, 50.97352168713575, 7.817832272240905, 59.79078450394573, 7.104215623036194
0.00237815631262525, 0.8157567220967082, 5.67742998899255E-4, 8.483567658235188, -0.004793790729939951, 0.0040165031585992494, 0.0021135731025033744, 0.0013362855311296329, -7.444227249029522, 61.37570197190912, 11.633628258624686, 65.56510298129226, 0.9993656076577347, 54.30119261400162, 7.910864426043417, 63.21142264754894, 7.1051844612888315
0.0023839679358717437, 0.8177273984185842, 5.691304217498558E-4, 8.552866578805151, -0.004804117372772405, 0.00410415099882222, 0.002129793291682669, 0.0014298269177182021, -7.441852270272444, 64.99869221114159, 11.748575360733353, 69.30541530154795, 0.9993014427931878, 57.78742596709942, 8.006386909210452, 66.79311431907361, 7.106153299541468
0.002389779559118236, 0.8196980747404597, 5.705178446004564E-4, 8.623906410402014, -0.004814440724109023, 0.004196943642924111, 0.0021461748508723733, 0.0015286777696665865, -7.4394824548426115, 68.79281257730504, 11.866256737665063, 73.21958686008162, 0.9992382086287648, 61.43643681685305, 8.104455295020658, 70.5401303204932, 7.107122137794105
0.002395591182364729, 0.8216687510623355, 5.719052674510571E-4, 8.69674944416829, -0.004824760790980201, 0.00429512171349522, 0.0021627216157790174, 0.0016330825382855352, -7.43711761005909, 72.76267249945973, 11.986733070325995, 77.31228795977299, 0.9991760657866168, 65.25247464337373, 8.205124928442427, 74.45677563766401, 7.108090976046743
0.002401402805611222, 0.8236334963868568, 5.732926903016577E-4, 8.77161724785492, -0.00483507758014745, 0.004398932256815868, 0.0021794375061765514, 0.0017432921828177683, -7.434757541290632, 76.91292191968297, 12.110064846152834, 81.58822922463276, 0.9991151766805433, 69.2398217193277, 8.30845086598894, 78.54738776213222, 7.109213922886925
0.0024072144288577154, 0.8255796014339788, 5.746801131522586E-4, 8.848915521186882, -0.004845391098101132, 0.004508628797625036, 0.0021963265255871, 0.00185956422508049, -7.432402052202624, 81.24824961906421, 12.236312295613944, 86.05215986267878, 0.999055705267001, 73.4027914338242, 8.414487813921475, 82.81633495326902, 7.11082121100225
0.002413026052104208, 0.8275257064811006, 5.760675360028592E-4, 8.928212247887132, -0.004855701351058136, 0.004624471392016716, 0.0022133927608855575, 0.001982162801834164, -7.430050945019655, 85.77338147110262, 12.365535326316625, 90.7088658522834, 0.9989978167804475, 77.74572654698665, 8.52329006416637, 87.26801442783456, 7.112428499117575
0.002418837675350701, 0.8294718115282226, 5.774549588534599E-4, 9.009572693675182, -0.004866008344960145, 0.004746726677398172, 0.002230640381792437, 0.002111358714227407, -7.42770402079968, 90.49307862714026, 12.497793455363333, 95.56316806171417, 0.998941677458124, 82.27299738163009, 8.634911428648406, 91.90685048775217, 7.1140357872329005
0.002424649298597194, 0.8314179165753444, 5.788423817040605E-4, 9.093062726200515, -0.004876312085472174, 0.004875667920519078, 0.00224807364030305, 0.0022474294753465074, -7.425361079724503, 95.41213562803947, 12.633145739263535, 100.61992028772647, 0.998887454249019, 86.98899994442634, 8.749405171261378, 96.73729257009067, 7.115643075348226
0.0024304609218436875, 0.8333640216224665, 5.802298045546613E-4, 9.178748751704006, -0.004886612577981526, 0.0050115750620243205, 0.002265696869982403, 0.0023906593539990695, -7.4230219214000694, 100.53537844826143, 12.771650701970223, 105.8840072290257, 0.9988353145137312, 91.89815398532504, 8.866823938165195, 101.76381323824312, 7.117250363463551
0.00243627254509018, 0.8353101266695883, 5.816172274052619E-4, 9.266697647697583, -0.004896909827597304, 0.0051547347589817605, 0.0022835144851800493, 0.0025413394165560987, -7.420686345176795, 105.86766246006331, 12.913366260510166, 111.36034237530698, 0.998785425705279, 97.00490098035561, 8.987219685782021, 106.99090609176766, 7.118857651578876
0.002442084168336673, 0.8372562317167102, 5.830046502558626E-4, 9.356976692063654, -0.004907203839150252, 0.005305440424015373, 0.0023015309801373562, 0.0026997675649695907, -7.418354150479613, 111.4138703284811, 13.058349648565466, 117.05386582641009, 0.998737955040699, 102.31370205077184, 9.110643606894467, 112.42308361260655, 7.120464939694202
0.002447895791583166, 0.839202336763832, 5.843920731064634E-4, 9.449653487857177, -0.004917494617193056, 0.005463992261747208, 0.002319750927983144, 0.002866248572525265, -7.416025137156353, 117.17890982694891, 13.206657337623627, 122.969542027265, 0.9986930691551079, 107.82903580709412, 9.237146054467436, 118.06487493058606, 7.122072227809527
0.0024537074148296588, 0.8411484418109538, 5.85779495957064E-4, 9.54479588425147, -0.004927782166001178, 0.005630697302219545, 0.0023381789796222963, 0.0030410941157992255, -7.4136991058395605, 123.16771157873654, 13.35834495597322, 129.1123574285641, 0.9986509337432025, 113.55539612372057, 9.366776463460335, 123.92082352068877, 7.123679515924852
0.002459519038076152, 0.8430945468580758, 5.871669188076647E-4, 9.642471893297625, -0.004938066489574301, 0.0058058694305422875, 0.002356819862503634, 0.00322462280345448, -7.41137585832435, 129.38522671890152, 13.513467205386124, 135.48731806599838, 0.9986117131856829, 119.4972898400119, 9.499583270491547, 129.99548482375343, 7.125286804040178
0.0024653306613226446, 0.8450406519051976, 5.885543416582653E-4, 9.742749602117328, -0.0049483475916381045, 0.005989829414291492, 0.002375678379280377, 0.0034171602019412717, -7.409055197962648, 135.83642447660358, 13.672077775347297, 142.0994470541569, 0.9985755701598358, 125.65923438500556, 9.635613831190758, 136.2934237865121, 7.126894092155502
0.002471142284569138, 0.8469867569523197, 5.899417645088661E-4, 9.845697080865648, -0.004958625475646756, 0.0061829049264083835, 0.002394759406343816, 0.0036190388571064602, -7.406736930072806, 142.52628967729405, 13.834229254940617, 148.95378200176395, 0.9985426652358486, 132.04575532903388, 9.774914335378204, 142.8192123292483, 7.128501380270828
0.002476953907815631, 0.8489328619994415, 5.913291873594667E-4, 9.951382286172702, -0.004968900144785943, 0.006385430565279293, 0.0024140678922279224, 0.0038305983127173704, -7.404420862366528, 149.45982016456654, 13.999973042403216, 156.05537234413922, 0.9985131564566742, 138.66138385907496, 9.917529720084307, 149.57742673515853, 7.1301086683861525
0.002482765531062124, 0.8508789670465634, 5.927166102100674E-4, 10.059872959611312, -0.004979171601976412, 0.006597747870921822, 0.0024336088559063773, 0.0040521851248396246, -7.402106805391499, 156.64202413679257, 14.169359252069224, 163.40927658367724, 0.998487198902931, 145.5106541747065, 10.063503580091565, 156.57264495392846, 7.131715956501478
0.002488577154308617, 0.8528250720936853, 5.941040330606682E-4, 10.171236521702667, -0.004989439849878461, 0.00682020533727723, 0.002453387384926342, 0.004284152872315872, -7.399794572991161, 164.07791740549132, 14.342436619029609, 171.02055945160345, 0.9984649442421664, 152.59810081151647, 10.212878076416906, 163.8094438322648, 7.133323244616803
0.0024943887775551103, 0.8547711771408073, 5.954914559112689E-4, 10.285539960690585, -0.004999704890896482, 0.007053158421328476, 0.0024734086334471383, 0.004526862163817924, -7.39748398278489, 171.77252055739038, 14.51925240096522, 178.8942889754635, 0.9984465402576799, 159.9282558726265, 10.365693842073506, 171.29239625495322, 7.134930532732128
0.0025002004008016026, 0.8567160551524328, 5.968788787618695E-4, 10.402879038018, -0.005009966727184833, 0.007296969547001098, 0.0024936778201076204, 0.0047806806399002255, -7.39517485666057, 179.7308560430969, 14.699852277809287, 187.03553346456704, 0.9984321303670389, 167.50564619459715, 10.521989885894266, 179.0260682112195, 7.136565001010249
0.0025060120240480957, 0.8586265761701632, 5.982663016124702E-4, 10.52411374595249, -0.005020225360653992, 0.007552008106257446, 0.002514200225770813, 0.0050459829713904725, -7.392867021288714, 187.95794516991702, 14.884280248507876, 195.44935839705062, 0.9984218531193687, 175.33479042109866, 10.681803493600496, 187.01501576770588, 7.138960513846621
0.002511823647294589, 0.8605370971878936, 5.996537244630709E-4, 10.648490428284276, -0.0050304807929775295, 0.007818650455213572, 0.002534981191118224, 0.005323150853365988, -7.390560308655796, 196.45880500754043, 15.072578525293583, 204.14082322422453, 0.998415841674654, 183.4201959966244, 10.845170126574736, 195.26378196490055, 7.1413560266829945
0.002517635270541082, 0.8624476182056241, 6.010411473136716E-4, 10.77607313693079, -0.005040733025600064, 0.008097279905740606, 0.0025560261140908924, 0.005612572994198928, -7.388254556611775, 205.23844520698586, 15.264787425368636, 213.11497807592886, 0.998414223270284, 191.7663560797588, 11.012123318235632, 203.77689362150494, 7.143751539519367
0.0025234468937875747, 0.8643581392233544, 6.024285701642723E-4, 10.906924857157719, -0.005050982059745467, 0.008388286713410409, 0.0025773404471964856, 0.005914645100869365, -7.38594960944192, 214.30186472217125, 15.460945259627888, 222.3768603724152, 0.9984171186635348, 200.3777463638353, 11.182694567610262, 212.55885805015393, 7.14614705235574
0.0025292585170340683, 0.866268660241085, 6.038159930148731E-4, 11.041107364118034, -0.00506122789642645, 0.00869206806014411, 0.002598929694633989, 0.006229769858345335, -7.383645318454263, 223.654048445324, 15.661088219015024, 231.93149134583234, 0.998424641560496, 209.2588218188408, 11.356913230774902, 221.61415969113426, 7.148542565192113
0.002535070140280561, 0.8681791812588152, 6.052034158654737E-4, 11.178681073386542, -0.005071470536454691, 0.009009028031927713, 0.002620799409275232, 0.006558356904772467, -7.381341542586546, 233.2999637451988, 15.865250257877715, 241.78387246043516, 0.9984368980262062, 218.41401334281332, 11.534806409461318, 230.94725665020604, 7.150938078028486
0.002540881763527054, 0.8700897022765457, 6.065908387160744E-4, 11.319704885341707, -0.005081709980451688, 0.009339577592825776, 0.0026429551894833203, 0.006900822801839013, -7.3790381490377746, 243.24455690987028, 16.07346297446644, 251.93898173538764, 0.9984539858710929, 227.84772432236508, 11.71639883700359, 240.5625771453588, 7.153333590864858
0.0025466933867735464, 0.872000223294276, 6.07978261566675E-4, 11.464236023513877, -0.005091946228860908, 0.00968413455236572, 0.0026654026757551574, 0.007257590999270036, -7.376735013912104, 253.4927494966306, 16.28575548889131, 262.40176997153145, 0.998475994027019, 237.56432710960144, 11.901712761957645, 250.4645158654912, 7.155729103701232
0.0025525050100200395, 0.8739107443120064, 6.093656844172757E-4, 11.612329866469736, -0.00510217928196043, 0.010043123529321463, 0.0026881475471982053, 0.00762909179455562, -7.374432022892227, 264.04943457929977, 16.502154317886383, 273.17715687389114, 0.9985030018943134, 247.56815940062685, 12.090767828722939, 260.6574302308473, 7.158124616537604
0.0025583166332665327, 0.8758212653297368, 6.107531072678765E-4, 11.764039773266632, -0.005112409139876788, 0.010416975909208759, 0.002711195517833054, 0.008015762287126194, -7.372129071925404, 274.9194729020005, 16.722683246904317, 284.270027077078, 0.9985350786779007, 257.8635205290233, 12.283580955699888, 271.1456365635632, 7.160520129373977
0.0025641282565130254, 0.8777317863474671, 6.121405301184771E-4, 11.91941690215117, -0.005122635802599673, 0.01080612979655271, 0.0027345523327068078, 0.008418046326632123, -7.369826067936728, 286.1076889308037, 16.94736319908617, 295.6852260620724, 0.9985722826972501, 268.4546676638387, 12.480166210548997, 281.93340615724946, 7.16291564221035
0.002569939879759519, 0.8796423073651977, 6.135279529690779E-4, 12.078510022598493, -0.005132859269997639, 0.011211029962133523, 0.002758223763834, 0.008836394455968843, -7.367522929562052, 297.61886679882383, 17.176212101375814, 307.42755597075427, 0.998614660678008, 279.34581190722616, 12.680534682790427, 293.0249612508129, 7.165311155046723
0.0025757515030060117, 0.8815528283829279, 6.149153758196785E-4, 12.241365320251134, -0.005143079541835016, 0.011632127784007906, 0.0027822156059442715, 0.009271263848077638, -7.3652195879005165, 309.4577461632048, 17.409244747605662, 319.50177132305794, 0.9986622470256658, 290.54111431202955, 12.88469435360129, 304.4244709128688, 7.167706667883095
0.002581563126252505, 0.8834633494006584, 6.163027986702792E-4, 12.408026194789272, -0.005153296617789565, 0.012069881182558362, 0.0028065336720378697, 0.009723118236792061, -7.362915987294014, 321.62901793742185, 17.64647265844512, 331.912574608743, 0.9987150630731095, 302.04468178220714, 13.09264996269689, 316.1360468081709, 7.170102180719469
0.0025873747494989975, 0.8853738704183887, 6.176902215208798E-4, 12.578533050418628, -0.005163510497471417, 0.012524754550515382, 0.002831183788747138, 0.010192427841758445, -7.360612086125526, 334.1373199373025, 17.88790393829558, 344.66461178889034, 0.9987731163110544, 313.860562892846, 13.304402872379102, 328.16373888100685, 7.172497693555841
0.002593186372745491, 0.8872843914361193, 6.190776443714806E-4, 12.752923079013271, -0.005173721180443365, 0.012997218675394606, 0.0028561717914916684, 0.010679669286428606, -7.358307857640637, 346.98723240778855, 18.133543129170043, 357.7624676792684, 0.9988363995970665, 325.9927436008312, 13.51995092880655, 340.5115309292083, 7.174893206392214
0.002598997995991984, 0.8891949124538495, 6.204650672220813E-4, 12.93123003544315, -0.005183928666241616, 0.013487750657226627, 0.00288150351943961, 0.011185325510457034, -7.356003290795984, 360.1832734512257, 18.38339106119166, 371.2106612211454, 0.9989048903380003, 338.44514286216065, 13.739288320096904, 353.18333607206733, 7.177288719228587
0.0026048096192384765, 0.8910269294733544, 6.21852490072682E-4, 13.114643752769553, -0.005194132954398635, 0.013996833818669785, 0.0029071848102446562, 0.011709885674527243, -7.353698391126337, 373.7298943359071, 18.637444700065465, 385.0136406450956, 0.9989785496567523, 351.2216081392339, 13.962405431661368, 366.182992120783, 7.180703600678729
0.0026106212424849696, 0.8928425914932288, 6.232399129232827E-4, 13.302280141164374, -0.005204334044466615, 0.014524957608813338, 0.002933221494580196, 0.012253845058882717, -7.351393181638323, 387.631474705992, 18.89569699127571, 399.17577851554717, 0.9990573215328994, 364.325910816984, 14.18928869848516, 379.5142568369908, 7.184330850590074
0.0026164328657314628, 0.8946582535131032, 6.246273357738834E-4, 13.493920362809149, -0.005214531936042119, 0.015072617500862862, 0.0029596193904539714, 0.012817704955299547, -7.349087703730944, 401.8923176678992, 19.158136700863974, 413.7013666645141, 0.999141131918017, 377.76174150253075, 14.41992045423246, 393.1808030881234, 7.18795810050142
0.0026222444889779555, 0.8964739155329775, 6.26014758624484E-4, 13.689582037470245, -0.005224726628792678, 0.015640314882297446, 0.002986384297288036, 0.013401972550738606, -7.346782018134259, 416.51664477243713, 19.42474825316147, 428.5946110074411, 0.9992298878354198, 391.53270522976044, 14.654278777569724, 407.1862138952289, 7.191585350412764
0.0026280561122244486, 0.8982895775528519, 6.274021814750847E-4, 13.889278104550613, -0.005234918122483945, 0.016228556937790017, 0.0030135219897931, 0.014007160805128649, -7.344476205880468, 431.50859087843725, 19.695511564834504, 443.8596262377482, 0.9993234764479111, 405.64231655399186, 14.892337335015906, 421.5339773657657, 7.195212600324109
0.0026338677354709418, 0.9001052395727264, 6.287896043256855E-4, 14.093016548791638, -0.005245106417008535, 0.016837856526230155, 0.0030410382115928503, 0.014633788320814745, -7.342170369295485, 446.8721988970993, 19.97040187577839, 459.5004304039158, 0.9994217641072147, 420.09399453367456, 15.13406522092217, 436.22748151903716, 7.198839850235454
0.002639679358717435, 0.9019209015926007, 6.301770271762862E-4, 14.300800117234758, -0.0052552915124166565, 0.017468732048303792, 0.0030689386686035824, 0.015282379204510477, -7.3398646330184745, 462.61141442936, 20.249389576549287, 475.5209393727049, 0.9995245953777177, 434.8910576169606, 15.379426794257837, 451.2700090063788, 7.202467100146799
0.0026454909819639276, 0.9037365636124751, 6.315644500268868E-4, 14.51262602722636, -0.005265473408947318, 0.018121707308594637, 0.003097229022211212, 0.015953462921828532, -7.337559145046673, 478.73008026849106, 20.532440032197858, 491.9249611557173, 0.9996317920352936, 450.0367183988938, 15.628381511995592, 466.66473170304727, 7.206094350058144
0.0026513026052104203, 0.9055522256323494, 6.329518728774874E-4, 14.728485664816617, -0.005275652107061817, 0.018797311368423664, 0.003125914882141423, 0.016647574143512145, -7.335254077807621, 495.23193080114544, 20.819513402645544, 508.716190125688, 0.9997431520417307, 465.5340782883336, 15.880883759398616, 482.4147051994646, 7.209721599969488
0.0026571142284569135, 0.907367887652224, 6.343392957280882E-4, 14.948364273979678, -0.005285827607478089, 0.019496078392002403, 0.003155001799140189, 0.01736525258367294, -7.332949629258044, 512.1205862696714, 21.110564459614128, 525.8982011003835, 0.9998584484932636, 481.38612204319617, 16.136882677029764, 498.52286316906196, 7.213348849880833
0.002662925851703406, 0.9091835496720982, 6.357267185786888E-4, 15.172240636087736, -0.005295999911207237, 0.02021854748376839, 0.0031844952573523155, 0.018107042829939246, -7.330646024010202, 529.3995469247674, 21.405542399751255, 543.4744433008719, 0.9999774285444517, 497.5957122063343, 16.39632198429982, 514.9920116195017, 7.216976099792178
0.0026687374749498993, 0.9109992116919726, 6.371141414292895E-4, 15.400086739169637, -0.005306169019591123, 0.020965262517755434, 0.003214400666464612, 0.0188734941645734, -7.328343514484667, 547.0721870438541, 21.704390654336798, 561.4482341839216, 1.0000998123066145, 514.1655834159353, 16.659139799829806, 531.8248230283743, 7.220603349703523
0.0026745490981963924, 0.9128148737118471, 6.385015642798903E-4, 15.631867437692563, -0.005316334934341764, 0.021736771958455137, 0.003244723353555634, 0.019665160377591917, -7.32604238209215, 565.1417488322303, 22.007046695284306, 579.8227531446871, 1.0002252917194092, 531.0983366082208, 16.92526845842897, 549.0238303577546, 7.2242305996148675
0.0026803607214428856, 0.9146305357317215, 6.39888987130491E-4, 15.867540101435225, -0.005326497657582387, 0.02253362867379849, 0.0032754685547166096, 0.02048259957089016, -7.323742938445467, 583.6113361869568, 22.313441837151807, 598.6010350857823, 1.0003535293941443, 548.3964330912685, 17.194634324297002, 566.591420945145, 7.227857849526212
0.0026861723446893783, 0.9164461977515959, 6.412764099810916E-4, 16.107054254109244, -0.005336657191890335, 0.023356389738271588, 0.003306641406350952, 0.021326373952735622, -7.321445526597628, 602.4839083445019, 22.623501035828646, 617.78596385335, 1.0004841574331447, 566.062188513953, 17.46715760125813, 584.529830272256, 7.231485099437557
0.0026919839679358714, 0.9182618597714702, 6.426638328316923E-4, 16.35035120141947, -0.005346813540341378, 0.02420561622812656, 0.003338246936207878, 0.022197049624054443, -7.319150522309271, 621.7622733879437, 22.937142683079326, 637.3802655487834, 1.000616776221216, 584.0977667025865, 17.742752139116455, 602.8411356178983, 7.235112349348902
0.0026977955911823646, 0.9200775217913447, 6.44051255682293E-4, 16.597363647852035, -0.005356966706556013, 0.025081873006740807, 0.003370290054145908, 0.023095196354368852, -7.316858335348385, 641.449081627023, 23.25427839752145, 657.3865016893399, 1.0007509531871446, 602.5051733814446, 18.021325236712066, 621.5272495714283, 7.2387395992602475
0.0027036072144288577, 0.9217650543468519, 6.454386785328937E-4, 16.84912341463314, -0.005367116694747728, 0.025985728501538574, 0.003402775542575731, 0.024021387349417722, -7.31456941081753, 661.5468188439114, 23.574812811371146, 677.8070622444685, 1.0008862215399617, 621.28624976769, 18.302777441085674, 640.58991343024, 7.243289080671629
0.00270941883767535, 0.9233742855630233, 6.468261013834943E-4, 17.1051235972227, -0.005377263509772823, 0.026917754470389355, 0.0034357080466205225, 0.02497619900715975, -7.312284230512487, 682.0577994066457, 23.898643353776873, 698.6441585299289, 1.0010220789753494, 640.4426660457392, 18.58700234350858, 660.0306904683614, 7.248402147999702
0.0027152304609218436, 0.9249835167791949, 6.482135242340952E-4, 17.36459380839551, -0.005387407157182158, 0.027878525759291506, 0.003469092063972723, 0.025960210666070793, -7.310003314310836, 702.9841592432817, 24.225660029615938, 719.8998159584837, 1.001157986354275, 659.9759147111552, 18.873886371280637, 679.8509590687044, 7.253515215327774
0.0027210420841683363, 0.9265927479953663, 6.496009470846958E-4, 17.627428322646665, -0.0053975476432754025, 0.028868620049781413, 0.0035029319344329624, 0.026974004340914348, -7.3077272215930185, 724.3278486841405, 24.555745194837524, 741.5758666574657, 1.0012933663521262, 679.8873037937133, 19.163308576397306, 700.0519057365815, 7.258628282655846
0.0027268537074148294, 0.9282019792115378, 6.509883699352965E-4, 17.893510725894885, -0.005407684975156318, 0.029888617596494527, 0.003537231829138343, 0.028018164450447358, -7.305456552694666, 746.0906251562999, 24.8887733273217, 763.673941930909, 1.0014276020772563, 700.1779499429698, 19.455140420039626, 720.6345179651134, 7.263741349983918
0.002732665330661322, 0.9298112104277092, 6.523757927858971E-4, 18.16271346244139, -0.005417819160790932, 0.030939100954004317, 0.0035719957394800828, 0.029093277532641793, -7.3031919503895635, 768.2740457484973, 25.224610793873534, 786.1954645924566, 1.0015600356624434, 720.8487713956855, 19.74924555350145, 741.5995769854039, 7.26885441731199
0.0027384769539078157, 0.9314204416438809, 6.537632156364979E-4, 18.43489736868287, -0.005427950209067438, 0.03202065469405824, 0.0036072274656769876, 0.030199931950654957, -7.300934101407132, 790.8794596248013, 25.5631156131637, 809.1416411362496, 1.001689966823495, 741.9004808015843, 20.04547959541219, 762.9476503635315, 7.273967484640062
0.0027442885771543084, 0.9330296728600523, 6.551506384870985E-4, 18.70991119454993, -0.005438078129858118, 0.03313386511145211, 0.0036429306050320687, 0.03133871758657847, -7.298683737980999, 813.908000300953, 25.90413721422507, 832.5134537771289, 1.0018166513889284, 763.3335779238854, 20.34368990481776, 784.6790844800965, 7.279080551968134
0.002750100200400801, 0.9346389040762237, 6.565380613376992E-4, 18.987591111428628, -0.005448202934083718, 0.03427931991957678, 0.0036791085398357737, 0.032510225525321346, -7.296441639431243, 837.3605777728916, 26.247516190954883, 856.3116523239421, 1.0019392997986614, 785.148342202371, 20.643715350620397, 806.7939968523284, 7.284193619296206
0.0027559118236472947, 0.9362481352923954, 6.579254841883E-4, 19.267760207509127, -0.005458324633779812, 0.03545760793459607, 0.0037157644249490307, 0.033715047725671354, -7.2942086337815235, 861.237870500573, 26.59308405243577, 880.5367459186895, 1.0020570755698792, 807.3448251835321, 20.945386077135016, 829.2922683358421, 7.289306686624278
0.002761723446893787, 0.9378573665085668, 6.593129070389006E-4, 19.550227968766194, -0.0054684432421654924, 0.036669318748870694, 0.003752901175010037, 0.03495377668168942, -7.291985599409141, 885.540317240376, 26.940662968523252, 905.188994609323, 1.0021690937324035, 829.922842809973, 21.248523265290338, 852.1735351688678, 7.29441975395235
0.00276753507014028, 0.9394665977247383, 6.607003298895013E-4, 19.834789746750175, -0.005478558773714439, 0.03791504239215726, 0.0037905214513090923, 0.036227005069818574, -7.28977346672812, 910.2681087347524, 27.290065511730216, 930.2684007791802, 1.0022744192335824, 852.8819675798081, 21.552938890432724, 875.437180888799, 7.2995328212804225
0.002773346693386773, 0.9410758289409097, 6.620877527401019E-4, 20.12122621211529, -0.005488671244228411, 0.03919536898204967, 0.003828627648277072, 0.03753532538611637, -7.287573219909902, 935.4211792451013, 27.641094394132168, 955.7747004193972, 1.0023720653081305, 876.2215205596226, 21.858435475534147, 899.0823281005113, 7.304645888608494
0.0027791583166332664, 0.9426850601570814, 6.634751755907027E-4, 20.40930279405802, -0.005498780670912808, 0.04051088836195049, 0.003867221879639171, 0.03887932957063356, -7.285385898638298, 960.9991979333522, 27.99354220022084, 981.7073542352817, 1.0024609918156715, 899.9405632589155, 22.1648058406485, 923.1078300917919, 7.309758955936567
0.002784969939879759, 0.9442942913732528, 6.648625984413034E-4, 20.698769104688836, -0.005508887072455044, 0.04186218972748179, 0.0039063059641577524, 0.040259608619209075, -7.2832125999007, 987.0015600878708, 28.347191115047178, 1008.065538602858, 1.0025401035451225, 924.0378893600797, 22.47183284806743, 947.5122623114961, 7.3148720232646385
0.0027907815631262522, 0.9459035225894243, 6.662500212919041E-4, 20.9893583491139, -0.005518990469105348, 0.04324986124003516, 0.0039458814110240326, 0.041676752181984966, -7.281054479812735, 1013.4273782008773, 28.701812648095544, 1034.8481363692454, 1.0026082484880465, 948.512016312902, 22.77928914352184, 972.2939137049506, 7.319985090592711
0.002796593186372745, 0.9475127538055957, 6.676374441425047E-4, 21.28078672020638, -0.005529090882760204, 0.04467448962807197, 0.003985949404847089, 0.04313134815019737, -7.278912755483284, 1040.2754728814093, 29.057167352443436, 1062.0537274791939, 1.0026642160744101, 973.3611767765067, 23.08693689305611, 997.450777886404, 7.325098157920783
0.0028024048096192385, 0.9489159424465798, 6.690248669931055E-4, 21.572897971214843, -0.005539188337047907, 0.04613665977622361, 0.004026510790255733, 0.04462398222939612, -7.276788706913284, 1067.544363609801, 29.413004539094366, 1089.6805794417346, 1.0027067353764407, 998.5833099144695, 23.394527515433563, 1022.9805441650848, 7.33032503830707
0.002808216432865731, 0.9500272374393813, 6.704122898437061E-4, 21.865434631272365, -0.0055492828574176135, 0.047636954300294576, 0.004067566056098704, 0.04615523749903616, -7.27468367893655, 1095.2322593343508, 29.769061987205784, 1117.7266376428577, 1.0027344732744161, 1024.1760525464347, 23.70180141081185, 1048.8805884306685, 7.335713153859161
0.0028140280561122243, 0.9511385324321829, 6.717997126943068E-4, 22.157853107295523, -0.005559374471230297, 0.04917595311066947, 0.004109115319254508, 0.04772569395858284, -7.272599083191437, 1123.337048910115, 30.12506564910917, 1146.189515476058, 1.002746032593113, 1050.1367301522441, 24.00848768456291, 1075.1479638695905, 7.341101269411253
0.002819839679358717, 0.9522498274249845, 6.731871355449076E-4, 22.449795186341362, -0.005569463207853119, 0.05075423296056414, 0.004151158307984959, 0.049335928060678214, -7.2705364001376465, 1151.8562913604462, 30.480729350840427, 1175.0664843119596, 1.0027399501968677, 1076.4623477143284, 24.314303867048572, 1101.7793915324107, 7.346489384963345
0.00282565130260521, 0.9533611224177861, 6.745745583955083E-4, 22.740882380679977, -0.0055795490987560915, 0.052372366982183394, 0.004193694344935883, 0.050986512228405445, -7.268497181107715, 1180.787205993517, 30.835754487822417, 1204.3544633009217, 1.002714695051953, 1103.149580425852, 24.61895562883389, 1128.7712507503652, 7.351877500515437
0.002831462925851703, 0.9544724174105877, 6.759619812461089E-4, 23.030715226355824, -0.005589632177611829, 0.054030924208632314, 0.00423672232966088, 0.05267801436072972, -7.266483050399925, 1210.1266623289116, 31.189829715650216, 1234.050008993515, 1.002668666250714, 1130.194764222707, 24.922136491468212, 1156.1195693797072, 7.3572656160675285
0.0028372745490981956, 0.9555837124033892, 6.773494040967095E-4, 23.318872564155754, -0.005599712480398722, 0.05573046908063617, 0.004280240720718309, 0.0544109973209288, -7.264495707408994, 1239.8711698765208, 31.54263063620181, 1264.149304805925, 1.0026001910015327, 1157.5938861828024, 25.223527533976018, 1183.820013908431, 7.36265373161962
0.002843086172344689, 0.956695007396191, 6.787368269473103E-4, 23.60491080331485, -0.005609790045506014, 0.05747156094052741, 0.004324247517354385, 0.05618601841236881, -7.262536928798508, 1270.0168677357433, 31.893819478535303, 1294.6481502854874, 1.0025075225783662, 1185.3425747568112, 25.52279709449415, 1211.8678793739011, 7.368041847171712
0.002848897795591182, 0.9578063023889924, 6.801242497979109E-4, 23.888363167876378, -0.005619864913842877, 0.05925475351101994, 0.0043687402407195375, 0.05800362883788779, -7.2606085707123915, 1300.5595140200517, 32.243044775098284, 1325.5419502253567, 1.0023888382356605, 1213.4360898389161, 25.81960046765351, 1240.2580791457376, 7.373429962723804
0.002854709418837675, 0.958917597381794, 6.815116726485116E-4, 24.168738924505305, -0.005629937128950177, 0.06108059435898383, 0.004413715914643124, 0.05986437314455628, -7.258712571029222, 1331.494475114296, 32.58994103262839, 1356.8257035763206, 1.0022422370827817, 1241.8693126844134, 26.113579597041518, 1268.98513451914, 7.378818078275895
0.002860521042084168, 0.9600288923745957, 6.828990954991124E-4, 24.445522592599445, -0.005640006737115538, 0.0629496243441281, 0.004459171045927635, 0.06176878865293389, -7.256850951656166, 1362.8167147567035, 32.93412839832799, 1388.4939922040287, 1.0020657379221234, 1270.6367356660592, 26.40436276337932, 1298.0431641680234, 7.384206193827987
0.0028663326653306613, 0.9611401873673973, 6.842865183497131E-4, 24.718173135192046, -0.005650073787491345, 0.06486237705373554, 0.0045051016042192416, 0.0637174048705802, -7.255025820866756, 1394.5207829421568, 33.275212320625286, 1420.5409694414166, 1.0018572770460454, 1299.7324518638777, 26.69156426763697, 1327.4258734078912, 7.389594309380079
0.0028721442885771536, 0.9622514823601988, 6.856739412003137E-4, 24.986123131293425, -0.005660138332216369, 0.06681937821955586, 0.004551503001340773, 0.06571074288861922, -7.253239375676018, 1426.6008046435832, 33.6127832048895, 1452.9603484739882, 1.001614706000114, 1329.150144490764, 26.974784109615307, 1357.12654330766, 7.39498242493217
0.0028779559118236467, 0.9633627773530004, 6.870613640509144E-4, 25.248777928874915, -0.0056702004265405705, 0.06882114512068682, 0.004598370070207691, 0.0677493147643986, -7.251493904269324, 1459.050468365108, 33.94641606404107, 1485.745390524925, 1.0013357892955461, 1358.8830761617137, 27.253607661752664, 1387.1380196127423, 7.400370540484262
0.00288376753507014, 0.964474072345802, 6.884487869015151E-4, 25.50551477809495, -0.005680260128953302, 0.07086818597031197, 0.0046456970432131595, 0.06983362288460881, -7.249791788460916, 1491.8630144985684, 34.275670163786394, 1518.8888928742726, 1.0010182020952618, 1388.9240779812035, 27.527605338046865, 1417.4527015216704, 7.405758656036354
0.002889579158316633, 0.9655853673386036, 6.898362097521158E-4, 25.755681945131073, -0.005690317501314754, 0.07296099928544919, 0.004693477530131274, 0.07196415931431943, -7.248135506207106, 1525.0312235091087, 34.60008866248666, 1552.383176665765, 1.0006595278481503, 1419.2655384754585, 27.796332258023906, 1448.0625302616297, 7.411146771588446
0.0028953907815631257, 0.966696662331405, 6.912236326027164E-4, 25.998597804980818, -0.00570037260899129, 0.07510007324038526, 0.004741704495522692, 0.07414140512696576, -7.246527634156383, 1558.5474039297426, 34.91919824597312, 1586.2200745416292, 1.0002572558903409, 1449.8993923483022, 28.059327906082697, 1478.9589775102738, 7.416534887140537
0.0029012024048096193, 0.9677213445630664, 6.926110554533173E-4, 26.23299483239316, -0.0057104255209943465, 0.07728588500388867, 0.004790370235617347, 0.07636582971849748, -7.244970850248239, 1592.403380171345, 35.23250875659825, 1620.390918077583, 0.9998087790010299, 1480.817109066699, 28.31611578553597, 1510.1330336311446, 7.421513000218545
0.002907014028056112, 0.968414011210356, 6.939984783039179E-4, 26.456545752793318, -0.005720476310122385, 0.07951890005842444, 0.004839466354685795, 0.07863789010300337, -7.243467936357986, 1626.5904801425854, 35.539512817082986, 1654.8865250226531, 0.9993113909149139, 1512.0096812728777, 28.566203067884256, 1541.5751957309972, 7.424919437145898
0.002912825651302605, 0.9691066778576456, 6.953859011545186E-4, 26.670594613107824, -0.005730525053107036, 0.08179957150344563, 0.004888983740894304, 0.08095803019123338, -7.242021780984423, 1661.0995226767573, 35.83968544878653, 1689.6971863451593, 0.9987622837958622, 1543.4676130167577, 28.809080236950432, 1573.2754555381034, 7.42832587407325
0.002918637274549098, 0.9697993445049352, 6.967733240051192E-4, 26.874330696115067, -0.005740571830763354, 0.08412833933923025, 0.004938912541599727, 0.08332668005012778, -7.240635381981321, 1695.9208047811053, 36.13248368448641, 1724.8126530829068, 0.9981585456707888, 1575.1809078291776, 29.044220728019614, 1605.2232871020765, 7.431732311000603
0.002924448897795591, 0.9704920111522249, 6.9816074685572E-4, 27.066908544347825, -0.005750616728143018, 0.08650562973469533, 0.00498924213813301, 0.08574425514472495, -7.239311849343999, 1731.0440886720799, 36.41734617561163, 1760.222122999059, 0.9974971578106583, 1607.1390565941704, 29.27108056185023, 1637.4076343144861, 7.435138747927956
0.0029302605210420837, 0.9711846777995146, 6.995481697063206E-4, 27.247446924306132, -0.0057606598346918204, 0.08893185427599093, 0.005039961120011371, 0.08821115556125392, -7.238054408036105, 1766.458588630287, 36.69369279350225, 1795.9142270172295, 0.9967749920754259, 1639.3310252584527, 29.48909797320959, 1669.8168982252948, 7.438545184855308
0.0029360721442885764, 0.9718773444468041, 7.009355925569213E-4, 27.415027768656728, -0.005770701244411883, 0.09140740919680468, 0.005091057258606035, 0.09072776521097836, -7.2368664008624455, 1802.1529576576993, 36.96092422557166, 1831.8770154830954, 0.9959888082176352, 1671.745242359119, 29.697693034764917, 1702.4389242028176, 7.4419516217826605
0.00294188376753507, 0.9725700110940938, 7.023230154075221E-4, 27.568695095138537, -0.005780741056025919, 0.0939326745911444, 0.0051425174802526286, 0.09329445101545275, -7.235751291397588, 1838.1152739206734, 37.218421565194184, 1868.0979441949942, 0.9951352511310657, 1704.3695863517703, 29.896267275164707, 1735.2609888784739, 7.445358058710013
0.0029476953907815627, 0.9732626777413834, 7.037104382581227E-4, 27.70745390193406, -0.005790779373148099, 0.09650801360527339, 0.005194327838756951, 0.09591156207088858, -7.234712666955931, 1874.333027017537, 37.4655458960345, 1904.563860246898, 0.9942108480652089, 1737.1913727823699, 30.084203292087423, 1768.269786922796, 7.448764495637366
0.002953507014028056, 0.973955344388673, 7.050978611087234E-4, 27.830269039142877, -0.005800816304457224, 0.09913377161194603, 0.005246473487363845, 0.09857942879482096, -7.233754241613223, 1910.7931040199123, 37.70163787063575, 1941.2609876493932, 0.9932120057893621, 1770.1973412472607, 30.26086435997145, 1801.4514176135249, 7.4521709325647185
0.0029593186372745485, 0.9746480110359627, 7.06485283959324E-4, 27.936064056550094, -0.005810851963874677, 0.1018102753646275, 0.005298938650099672, 0.10129836205079812, -7.232879859281064, 1947.4817753293469, 37.92601728283986, 1978.1749127530418, 0.9921350077083473, 1803.3736421859971, 30.425594032120376, 1834.791371226039, 7.4555773694920715
0.002965130260521042, 0.9753406776832524, 7.078727068099248E-4, 28.023720026703813, -0.005820886470746928, 0.10453783213195322, 0.005351706592538585, 0.10406865225367312, -7.232093496822548, 1984.3846803101155, 38.13798263460757, 2015.2905694487715, 0.9909760109412663, 1836.7058234672518, 30.577715737672943, 1868.2745152168382, 7.4589838064194245
0.002970941883767535, 0.976033344330542, 7.092601296605254E-4, 28.09207434264681, -0.005830919950031977, 0.10731672881203735, 0.005404759591950414, 0.1068905684539061, -7.23139926722998, 2021.4868127358689, 38.336810696537285, 2052.5922241644307, 0.9897310433414607, 1870.1788168057965, 30.716532372789825, 1901.8850802212526, 7.462390243346777
0.0029767535070140275, 0.9767260109778316, 7.106475525111262E-4, 28.139919490924513, -0.005840952532490742, 0.1101472310268008, 0.005458078906854791, 0.10976435740113288, -7.230801422842302, 2058.7725060016032, 38.52175606270747, 2090.0634606419085, 0.9883960004813989, 1903.7769239615507, 30.841325886640217, 1935.6066458491575, 7.46579668027413
0.0029825651302605206, 0.9774186776251212, 7.120349753617269E-4, 28.1660017985414, -0.005850984354882356, 0.11302958219503978, 0.005511644745933575, 0.11269024258609761, -7.230304358623773, 2096.225418148622, 38.692050698814036, 2127.6871644887174, 0.9869666425794315, 1937.4838027699407, 30.951356861220514, 1969.4221262736369, 7.469203117201482
0.0029883767535070138, 0.978111344272411, 7.134223982123276E-4, 28.169020154018654, -0.005861015560164613, 0.11596400258530082, 0.005565436236309562, 0.11566842326143956, -7.229912615487527, 2133.828516660793, 38.84690348517225, 2165.445507530258, 0.9854385913865062, 1971.2824529601298, 31.045864086556136, 2003.3137556378615, 7.472609554128835
0.0029941883767535065, 0.9788040109197006, 7.148098210629282E-4, 28.147624701618042, -0.0058710462976985615, 0.11895068834657252, 0.00561943139122012, 0.11869907344018316, -7.229630883677326, 2171.5640630481976, 38.98549975222118, 2203.3199319172845, 0.9838073270180245, 2005.155201779767, 31.12406412887737, 2037.263073236081, 7.476015991056187
0.0029999999999999996, 0.9794966775669902, 7.161972439135289E-4, 28.100415509208688, -0.005881076723458271, 0.12198981051822955, 0.005673607076989162, 0.12178234087178907, -7.229464006193471, 2209.4135972276736, 39.107000811208934, 2241.2911340336864, 0.9820681847462797, 2039.0836894335046, 31.185150894575948, 2071.250908513784, 7.47942242798354
