phi0, phi, rho, Z_fit_curve, F_id, F_fr, F_ex, F_total, mu_id, mu_fr, mu_ex, mu_kT, PV_id, PV_fr, PV_ex, PV_NkT, alpha
2.2242475987415737, 0.0, 0.531, 2.9851373587130117, -0.9602908932828678, 0.0, -0.7963666882396359, -1.756657581522508, 0.08047456187763619, 0.0, 11.007542528723528, 11.088017090601166, 1.8889319880223963, 0.0, 12.507291470794407, 14.396223458816813, 0.5000000000000001
2.233481404804229, 0.0, 0.5332044088176353, 2.998318597586916, -0.9601134944490693, 0.0, -0.7721015644288229, -1.7322150588778964, 0.08047456187763619, 0.0, 11.007542528723528, 11.088017090601166, 1.8811226408725041, 0.0, 12.455583001871405, 14.336705642743919, 0.5000000000000001
2.2427152108668844, 0.0, 0.5354088176352706, 3.0115406836862, -0.959936095615271, 0.0, -0.74783644061801, -1.7077725362332847, 0.08047456187763619, 0.0, 11.007542528723528, 11.088017090601166, 1.8733775997002136, 0.0, 12.404300325729867, 14.277677925430092, 0.5000000000000001
2.25194901692954, 0.0, 0.5376132264529059, 3.024803617010863, -0.9597586967814726, 0.0, -0.7235713168071953, -1.6833300135886722, 0.08047456187763619, 0.0, 11.007542528723528, 11.088017090601166, 1.8656960734721726, 0.0, 12.353438204656232, 14.219134278128415, 0.5000000000000001
2.2611828229921955, 0.0, 0.5398176352705412, 3.0381073975609056, -0.9595812979476742, 0.0, -0.6993061929963815, -1.6588874909440605, 0.08047456187763619, 0.0, 11.007542528723528, 11.088017090601166, 1.858077284076142, 0.0, 12.30299148649222, 14.16106877056837, 0.5000000000000001
2.270416629054851, 0.0, 0.5420220440881764, 3.051452025336328, -0.9594038991138758, 0.0, -0.6750410691855686, -1.6344449682994489, 0.08047456187763619, 0.0, 11.007542528723528, 11.088017090601166, 1.8505204660582406, 0.0, 12.252955102895054, 14.103475568953305, 0.5000000000000001
2.2796504351175058, 0.0, 0.5442264529058116, 3.064837500337128, -0.9592265002800774, 0.0, -0.6507759453747566, -1.610002445654838, 0.08047456187763619, 0.0, 11.007542528723528, 11.088017090601166, 1.8430248663665822, 0.0, 12.203324067639986, 14.046348934006579, 0.5000000000000001
2.288884241180161, 0.0, 0.5464308617234469, 3.0782638225633088, -0.959049101446279, 0.0, -0.6265108215639428, -1.5855599230102264, 0.08047456187763619, 0.0, 11.007542528723528, 11.088017090601166, 1.835589744101113, 0.0, 12.15409347496387, 13.989683219064993, 0.5000000000000001
2.298118047242817, 0.0, 0.5486352705410822, 3.091730992014868, -0.9588717026124807, 0.0, -0.602245697753129, -1.5611174003656139, 0.08047456187763619, 0.0, 11.007542528723528, 11.088017090601166, 1.8282143702694837, 0.0, 12.105258497948718, 13.933472868218212, 0.5000000000000001
2.307351853305472, 0.0, 0.5508396793587175, 3.105239008691807, -0.9586943037786823, 0.0, -0.5779805739423152, -1.5366748777210022, 0.08047456187763619, 0.0, 11.007542528723528, 11.088017090601166, 1.8208980275487825, 0.0, 12.056814386944044, 13.877712414492837, 0.5000000000000001
2.3165856593681275, 0.0, 0.5530440881763528, 3.118787872594125, -0.9585169049448838, 0.0, -0.5537154501315023, -1.5122323550763905, 0.08047456187763619, 0.0, 11.007542528723528, 11.088017090601166, 1.8136400100529637, 0.0, 12.008756468026927, 13.8223964780799, 0.5000000000000001
2.325819465430783, 0.0, 0.555248496993988, 3.132377583721823, -0.9583395061110854, 0.0, -0.5294503263206884, -1.4877898324317789, 0.08047456187763619, 0.0, 11.007542528723528, 11.088017090601166, 1.8064396231058195, 0.0, 11.96108014149877, 13.7675197646046, 0.5000000000000001
2.335053271493438, 0.0, 0.5574529058116233, 3.1460081420748995, -0.958162107277287, 0.0, -0.5051852025098755, -1.4633473097871672, 0.08047456187763619, 0.0, 11.007542528723528, 11.088017090601166, 1.7992961830193384, 0.0, 11.913780880417741, 13.71307706343709, 0.5000000000000001
2.344287077556094, 0.0, 0.5596573146292586, 3.1596795476533557, -0.9579847084434886, 0.0, -0.48092007869906084, -1.4389047871425538, 0.08047456187763619, 0.0, 11.007542528723528, 11.088017090601166, 1.7922090168772984, 0.0, 11.866854229165867, 13.659063246043175, 0.5000000000000001
2.3535208836187493, 0.0, 0.5618617234468939, 3.173391800457191, -0.9578073096096902, 0.0, -0.4566549548882479, -1.414462264497942, 0.08047456187763619, 0.0, 11.007542528723528, 11.088017090601166, 1.7851774623239596, 0.0, 11.820295802049879, 13.605473264373847, 0.5000000000000001
2.3627546896814042, 0.0, 0.5640661322645291, 3.187144900486405, -0.9576299107758919, 0.0, -0.4323898310774359, -1.3900197418533322, 0.08047456187763619, 0.0, 11.007542528723528, 11.088017090601166, 1.7782008673577068, 0.0, 11.77410128193486, 13.552302149292576, 0.5000000000000001
2.3719884957440596, 0.0, 0.5662705410821643, 3.200938847740999, -0.9574525119420935, 0.0, -0.4081247072666221, -1.3655772192087205, 0.08047456187763619, 0.0, 11.007542528723528, 11.088017090601166, 1.771278590129513, 0.0, 11.728266418909799, 13.499545009039322, 0.5000000000000001
2.381222301806715, 0.0, 0.5684749498997996, 3.2147736422209725, -0.957275113108295, 0.0, -0.3838595834558092, -1.341134696564108, 0.08047456187763619, 0.0, 11.007542528723528, 11.088017090601166, 1.7644099987460962, 0.0, 11.682787028984215, 13.44719702773032, 0.5000000000000001
2.3904561078693707, 0.0, 0.5706793587174349, 3.228649283926325, -0.9570977142744966, 0.0, -0.3595944596449945, -1.3166921739194954, 0.08047456187763619, 0.0, 11.007542528723528, 11.088017090601166, 1.7575944710776323, 0.0, 11.637658992814957, 13.3952534638926, 0.5000000000000001
2.399689913932026, 0.0, 0.5728837675350702, 3.242565772857057, -0.9569203154406982, 0.0, -0.33532933583418156, -1.2922496512748838, 0.08047456187763619, 0.0, 11.007542528723528, 11.088017090601166, 1.7508313945699123, 0.0, 11.592878254462438, 13.343709649032359, 0.5000000000000001
2.4089237199946814, 0.0, 0.5750881763527055, 3.256523109013168, -0.9567429166068999, 0.0, -0.31106421202336776, -1.2678071286302721, 0.08047456187763619, 0.0, 11.007542528723528, 11.088017090601166, 1.744120166060816, 0.0, 11.54844082017543, 13.292560986236255, 0.5000000000000001
2.4181575260573367, 0.0, 0.5772925851703408, 3.2705212923946583, -0.9565655177731015, 0.0, -0.28679908821255484, -1.2433646059856605, 0.08047456187763619, 0.0, 11.007542528723528, 11.088017090601166, 1.7374601916009926, 0.0, 11.504342757203736, 13.241802948804738, 0.5000000000000001
2.427391332119992, 0.0, 0.579496993987976, 3.284560323001528, -0.9563881189393031, 0.0, -0.26253396440174104, -1.2189220833410488, 0.08047456187763619, 0.0, 11.007542528723528, 11.088017090601166, 1.730850886278634, 0.0, 11.460580192637948, 13.191431078916592, 0.5000000000000001
2.436625138182648, 0.0, 0.5817014028056113, 3.2986402008337774, -0.9562107201055047, 0.0, -0.23826884059092723, -1.1944795606964362, 0.08047456187763619, 0.0, 11.007542528723528, 11.088017090601166, 1.724291674048232, 0.0, 11.417149312275587, 13.141440986323827, 0.5000000000000001
2.445858944245303, 0.0, 0.5839058116232466, 3.3127609258914053, -0.9560333212717063, 0.0, -0.21400371678011343, -1.1700370380518246, 0.08047456187763619, 0.0, 11.007542528723528, 11.088017090601166, 1.7177819875632145, 0.0, 11.374046359512928, 13.091828347076152, 0.5000000000000001
2.455092750307958, 0.0, 0.5861102204408818, 3.3269224981744125, -0.9558559224379078, 0.0, -0.1897385929693014, -1.1455945154072138, 0.08047456187763619, 0.0, 11.007542528723528, 11.088017090601166, 1.711321268012358, 0.0, 11.33126763426183, 13.042588902274197, 0.5000000000000001
2.4643265563706134, 0.0, 0.5883146292585171, 3.3411249176827993, -0.9556785236041094, 0.0, -0.16547346915848848, -1.1211519927626021, 0.08047456187763619, 0.0, 11.007542528723528, 11.088017090601166, 1.7049089649598776, 0.0, 11.28880949189091, 12.993718456850798, 0.5000000000000001
2.4735603624332687, 0.0, 0.5905190380761524, 3.355368184416566, -0.9555011247703111, 0.0, -0.14120834534767468, -1.0967094701179905, 0.08047456187763619, 0.0, 11.007542528723528, 11.088017090601166, 1.6985445361891016, 0.0, 11.24666834219047, 12.945212878379579, 0.5000000000000001
2.4827941684959245, 0.0, 0.5927234468937876, 3.369652298375711, -0.9553237259365127, 0.0, -0.11694322153685999, -1.072266947473377, 0.08047456187763619, 0.0, 11.007542528723528, 11.088017090601166, 1.692227447549629, 0.0, 11.204840648360452, 12.89706809591009, 0.5000000000000001
2.49202797455858, 0.0, 0.5949278557114229, 3.3839772595602358, -0.9551463271027143, 0.0, -0.09267809772604707, -1.0478244248287654, 0.08047456187763619, 0.0, 11.007542528723528, 11.088017090601166, 1.6859571728078926, 0.0, 11.16332292602098, 12.849280098828881, 0.5000000000000001
2.501261780621235, 0.0, 0.5971322645290582, 3.3983430679701403, -0.9549689282689159, 0.0, -0.06841297391523327, -1.0233819021841537, 0.08047456187763619, 0.0, 11.007542528723528, 11.088017090601166, 1.679733193501023, 0.0, 11.122111742244739, 12.801844935745772, 0.5000000000000001
2.5104955866838905, 0.0, 0.5993366733466935, 3.4127497236054234, -0.9547915294351175, 0.0, -0.04414785010442035, -0.998939379539542, 0.08047456187763619, 0.0, 11.007542528723528, 11.088017090601166, 1.6735549987939449, 0.0, 11.081203714610751, 12.754758713404705, 0.5000000000000001
2.519729392746546, 0.0, 0.6015410821643288, 3.4271972264660864, -0.954614130601319, 0.0, -0.019882726293607433, -0.9744968568949304, 0.08047456187763619, 0.0, 11.007542528723528, 11.088017090601166, 1.6674220853396131, 0.0, 11.040595510278953, 12.708017595618575, 0.5000000000000001
2.5289631988092016, 0.0, 0.6037454909819641, 3.441685576552128, -0.9544367317675208, 0.0, 0.004382397517207259, -0.9500543342503178, 0.08047456187763619, 0.0, 11.007542528723528, 11.088017090601166, 1.6613339571423087, 0.0, 11.00028384508503, 12.66161780222735, 0.5000000000000001
2.538197004871857, 0.0, 0.6059498997995993, 3.4562147738635494, -0.9542593329337223, 0.0, 0.028647521328021064, -0.9256118116057062, 0.08047456187763619, 0.0, 11.007542528723528, 11.088017090601166, 1.6552901254239232, 0.0, 10.960265482655043, 12.615555608078974, 0.5000000000000001
2.547430810934512, 0.0, 0.6081543086172345, 3.470784818400349, -0.9540819340999239, 0.0, 0.05291264513883309, -0.9011692889610954, 0.08047456187763619, 0.0, 11.007542528723528, 11.088017090601166, 1.6492901084931453, 0.0, 10.92053723353925, 12.569827342032404, 0.5000000000000001
2.556664616997167, 0.0, 0.6103587174348698, 3.485395710162529, -0.9539045352661255, 0.0, 0.07717776894964601, -0.8767267663164837, 0.08047456187763619, 0.0, 11.007542528723528, 11.088017090601166, 1.6433334316174868, 0.0, 10.881095954364767, 12.524429385982263, 0.5000000000000001
2.5658984230598225, 0.0, 0.6125631262525051, 3.500047449150088, -0.9537271364323271, 0.0, 0.10144289276045981, -0.852284243671872, 0.08047456187763619, 0.0, 11.007542528723528, 11.088017090601166, 1.6374196268980705, 0.0, 10.841938547006476, 12.479358173904556, 0.5000000000000001
2.575132229122478, 0.0, 0.6147675350701404, 3.514740035363026, -0.9535497375985287, 0.0, 0.12570801657127273, -0.8278417210272604, 0.08047456187763619, 0.0, 11.007542528723528, 11.088017090601166, 1.6315482331471116, 0.0, 10.803061957775794, 12.434610190922916, 0.5000000000000001
2.5843660351851336, 0.0, 0.6169719438877757, 3.5294734688013443, -0.9533723387647304, 0.0, 0.14997314038208742, -0.8033991983826478, 0.08047456187763619, 0.0, 11.007542528723528, 11.088017090601166, 1.6257187957680255, 0.0, 10.764463176626819, 12.390181972394853, 0.5000000000000001
2.593599841247789, 0.0, 0.6191763527054109, 3.544247749465041, -0.953194939930932, 0.0, 0.17423826419290034, -0.7789566757380362, 0.08047456187763619, 0.0, 11.007542528723528, 11.088017090601166, 1.6199308666380972, 0.0, 10.726139236379451, 12.346070103017556, 0.5000000000000001
2.6028336473104443, 0.0, 0.6213807615230462, 3.5590628773541173, -0.9530175410971335, 0.0, 0.19850338800371414, -0.7545141530934245, 0.08047456187763619, 0.0, 11.007542528723528, 11.088017090601166, 1.6141840039936475, 0.0, 10.688087211959024, 12.302271215952679, 0.5000000000000001
2.6120674533730996, 0.0, 0.6235851703406815, 3.573918852468573, -0.9528401422633351, 0.0, 0.22276851181452706, -0.730071630448812, 0.08047456187763619, 0.0, 11.007542528723528, 11.088017090601166, 1.6084777723176353, 0.0, 10.650304219652094, 12.258781991969737, 0.5000000000000001
2.621301259435755, 0.0, 0.6257895791583168, 3.5888156748084077, -0.9526627434295367, 0.0, 0.24703363562533998, -0.7056291078042003, 0.08047456187763619, 0.0, 11.007542528723528, 11.088017090601166, 1.6028117422296362, 0.0, 10.61278741637794, 12.215599158607583, 0.5000000000000001
2.6305350654984103, 0.0, 0.627993987975952, 3.6037533443736214, -0.9524853445957383, 0.0, 0.2712987594361538, -0.6811865851595886, 0.08047456187763619, 0.0, 11.007542528723528, 11.088017090601166, 1.5971854903781366, 0.0, 10.575533998975402, 12.172719489353547, 0.5000000000000001
2.6397688715610657, 0.0, 0.6301983967935872, 3.618731861164215, -0.95230794576194, 0.0, 0.2955638832469667, -0.656744062514977, 0.08047456187763619, 0.0, 11.007542528723528, 11.088017090601166, 1.5915985993350896, 0.0, 10.53854120350471, 12.130139802839809, 0.5000000000000001
2.649002677623721, 0.0, 0.6324028056112225, 3.6337512251801876, -0.9521305469281416, 0.0, 0.3198290070577805, -0.6323015398703653, 0.08047456187763619, 0.0, 11.007542528723528, 11.088017090601166, 1.586050657492676, 0.0, 10.501806304563893, 12.087856962056577, 0.5000000000000001
2.6582364836863763, 0.0, 0.6346072144288578, 3.64881143642154, -0.9519531480943432, 0.0, 0.3440941308685934, -0.6078590172257536, 0.08047456187763619, 0.0, 11.007542528723528, 11.088017090601166, 1.5805412589622172, 0.0, 10.465326614619439, 12.045867873581663, 0.5000000000000001
2.6674702897490317, 0.0, 0.6368116232464931, 3.6639124948882706, -0.9517757492605448, 0.0, 0.3683592546794072, -0.583416494581142, 0.08047456187763619, 0.0, 11.007542528723528, 11.088017090601166, 1.5750700034751857, 0.0, 10.429099483350871, 12.004169486826065, 0.5000000000000001
2.6767040958116874, 0.0, 0.6390160320641284, 3.679054400580382, -0.9515983504267463, 0.0, 0.392624378490221, -0.5589739719365294, 0.08047456187763619, 0.0, 11.007542528723528, 11.088017090601166, 1.5696364962862688, 0.0, 10.393122297008874, 11.962758793295151, 0.5000000000000001
2.685937901874343, 0.0, 0.6412204408817637, 3.6942371534978715, -0.9514209515929479, 0.0, 0.41688950230103483, -0.5345314492919178, 0.08047456187763619, 0.0, 11.007542528723528, 11.088017090601166, 1.564240348078427, 0.0, 10.357392477786668, 11.921632825865103, 0.5000000000000001
2.695171707936998, 0.0, 0.643424849699399, 3.709460753640741, -0.9512435527591496, 0.0, 0.44115462611184775, -0.5100889266473061, 0.08047456187763619, 0.0, 11.007542528723528, 11.088017090601166, 1.5588811748699072, 0.0, 10.321907483204303, 11.880788658074218, 0.5000000000000001
2.7044055139996535, 0.0, 0.6456292585170342, 3.7247252010089893, -0.9510661539253512, 0.0, 0.46541974992266155, -0.48564640400269443, 0.08047456187763619, 0.0, 11.007542528723528, 11.088017090601166, 1.5535585979231592, 0.0, 10.286664805505566, 11.840223403428734, 0.5000000000000001
2.713639320062309, 0.0, 0.6478336673346695, 3.740030495602617, -0.9508887550915528, 0.0, 0.48968487373347447, -0.46120388135808277, 0.08047456187763619, 0.0, 11.007542528723528, 11.088017090601166, 1.5482722436556127, 0.0, 10.2516619710672, 11.799934214722821, 0.5000000000000001
2.7228731261249646, 0.0, 0.6500380761523048, 3.755376637421624, -0.9507113562577544, 0.0, 0.5139499975442892, -0.4367613587134693, 0.08047456187763619, 0.0, 11.007542528723528, 11.088017090601166, 1.5430217435522697, 0.0, 10.21689653982015, 11.759918283372429, 0.5000000000000001
2.7321069321876195, 0.0, 0.65224248496994, 3.7707636264660103, -0.950533957423956, 0.0, 0.5382151213551012, -0.41231883606885944, 0.08047456187763619, 0.0, 11.007542528723528, 11.088017090601166, 1.5378067340800698, 0.0, 10.182366104682542, 11.72017283876262, 0.5000000000000001
2.741340738250275, 0.0, 0.6544468937875753, 3.7861914627357756, -0.9503565585901576, 0.0, 0.5624802451659141, -0.3878763134242478, 0.08047456187763619, 0.0, 11.007542528723528, 11.088017090601166, 1.5326268566039836, 0.0, 10.148068291004115, 11.680695147608107, 0.5000000000000001
2.75057454431293, 0.0, 0.6566513026052105, 3.8016601462309207, -0.9501791597563591, 0.0, 0.5867453689767279, -0.3634337907796361, 0.08047456187763619, 0.0, 11.007542528723528, 11.088017090601166, 1.5274817573047994, 0.0, 10.114000756021849, 11.641482513326656, 0.5000000000000001
2.7598083503755855, 0.0, 0.6588557114228458, 3.817169676951445, -0.9500017609225608, 0.0, 0.6110104927875408, -0.33899126813502356, 0.08047456187763619, 0.0, 11.007542528723528, 11.088017090601166, 1.5223710870985596, 0.0, 10.080161188326525, 11.602532275425093, 0.5000000000000001
2.7690421564382413, 0.0, 0.6610601202404811, 3.832720054897348, -0.9498243620887624, 0.0, 0.6352756165983555, -0.314548745490411, 0.08047456187763619, 0.0, 11.007542528723528, 11.088017090601166, 1.517294501557607, 0.0, 10.046547307339951, 11.563841808897566, 0.5000000000000001
2.7782759625008966, 0.0, 0.6632645290581164, 3.848311280068631, -0.949646963254964, 0.0, 0.6595407404091684, -0.29010622284579934, 0.08047456187763619, 0.0, 11.007542528723528, 11.088017090601166, 1.5122516608332086, 0.0, 10.013156862802626, 11.525408523635843, 0.5000000000000001
2.787509768563552, 0.0, 0.6654689378757517, 3.8639433524652933, -0.9494695644211656, 0.0, 0.6838058642199822, -0.2656637002011877, 0.08047456187763619, 0.0, 11.007542528723528, 11.088017090601166, 1.5072422295797145, 0.0, 9.97998763427156, 11.487229863851281, 0.5000000000000001
2.7967435746262073, 0.0, 0.667673346693387, 3.879616272087335, -0.9492921655873672, 0.0, 0.7080709880307952, -0.24122117755657602, 0.08047456187763619, 0.0, 11.007542528723528, 11.088017090601166, 1.5022658768802206, 0.0, 9.947037430628066, 11.449303307508295, 0.5000000000000001
2.8059773806888626, 0.0, 0.6698777555110222, 3.8953300389347554, -0.9491147667535688, 0.0, 0.732336111841609, -0.21677865491196435, 0.08047456187763619, 0.0, 11.007542528723528, 11.088017090601166, 1.4973222761736993, 0.0, 9.914304089595273, 11.411626365768981, 0.5000000000000001
2.815211186751518, 0.0, 0.6720821643286574, 3.9110846530075545, -0.9489373679197705, 0.0, 0.7566012356524219, -0.1923361322673527, 0.08047456187763619, 0.0, 11.007542528723528, 11.088017090601166, 1.4924111051835627, 0.0, 9.88178547726511, 11.37419658244868, 0.5000000000000001
2.8244449928141733, 0.0, 0.6742865731462927, 3.9268801143057344, -0.948759969085972, 0.0, 0.7808663594632357, -0.16789360962274102, 0.08047456187763619, 0.0, 11.007542528723528, 11.088017090601166, 1.4875320458476302, 0.0, 9.84947948763459, 11.337011533482228, 0.5000000000000001
2.8336787988768286, 0.0, 0.676490981963928, 3.9427164228292924, -0.9485825702521736, 0.0, 0.8051314832740486, -0.14345108697812936, 0.08047456187763619, 0.0, 11.007542528723528, 11.088017090601166, 1.4826847842494608, 0.0, 9.817384042151152, 11.300068826400622, 0.5000000000000001
2.842912604939484, 0.0, 0.6786953907815633, 3.9585935785782302, -0.9484051714183752, 0.0, 0.8293966070848615, -0.1190085643335177, 0.08047456187763619, 0.0, 11.007542528723528, 11.088017090601166, 1.4778690105510286, 0.0, 9.785497089266872, 11.26336609981791, 0.5000000000000001
2.8521464110021393, 0.0, 0.6808997995991986, 3.974511581552547, -0.9482277725845768, 0.0, 0.8536617308956753, -0.09456604168890603, 0.08047456187763619, 0.0, 11.007542528723528, 11.088017090601166, 1.473084418926701, 0.0, 9.753816604001313, 11.226901022928024, 0.5000000000000001
2.861380217064795, 0.0, 0.6831042084168338, 3.990470431752244, -0.9480503737507784, 0.0, 0.87792685470649, -0.07012351904429259, 0.08047456187763619, 0.0, 11.007542528723528, 11.088017090601166, 1.4683307074985001, 0.0, 9.722340587512864, 11.190671295011372, 0.5000000000000001
2.8706140231274504, 0.0, 0.6853086172344691, 4.00647012917732, -0.9478729749169801, 0.0, 0.9021919785173029, -0.04568099639968093, 0.08047456187763619, 0.0, 11.007542528723528, 11.088017090601166, 1.4636075782726101, 0.0, 9.69106706667833, 11.154674644950948, 0.5000000000000001
2.8798478291901057, 0.0, 0.6875130260521044, 4.022510673827775, -0.9476955760831817, 0.0, 0.9264571023281167, -0.021238473755069265, 0.08047456187763619, 0.0, 11.007542528723528, 11.088017090601166, 1.4589147370771076, 0.0, 9.659994093680636, 11.118908830757752, 0.5000000000000001
2.889081635252761, 0.0, 0.6897174348697397, 4.038592065703609, -0.9475181772493833, 0.0, 0.9507222261389296, 0.003204048889542399, 0.08047456187763619, 0.0, 11.007542528723528, 11.088017090601166, 1.4542518935008852, 0.0, 9.629119745604404, 11.083371639105296, 0.5000000000000001
2.898315441315416, 0.0, 0.6919218436873749, 4.054714304804822, -0.9473407784155848, 0.0, 0.9749873499497417, 0.027646571534152287, 0.08047456187763619, 0.0, 11.007542528723528, 11.088017090601166, 1.449618760833745, 0.0, 9.598442124039293, 11.048060884873047, 0.5000000000000001
2.907549247378072, 0.0, 0.6941262525050103, 4.070877391131416, -0.9471633795817864, 0.0, 0.9992524737605573, 0.052089094178766615, 0.08047456187763619, 0.0, 11.007542528723528, 11.088017090601166, 1.4450150560076283, 0.0, 9.56795935469087, 11.012974410698506, 0.5000000000000001
2.916783053440727, 0.0, 0.6963306613226454, 4.087081324683387, -0.946985980747988, 0.0, 1.0235175975713693, 0.07653161682337739, 0.08047456187763619, 0.0, 11.007542528723528, 11.088017090601166, 1.4404404995389697, 0.0, 9.537669586998904, 10.978110086537882, 0.5000000000000001
2.9260168595033824, 0.0, 0.6985350701402807, 4.103326105460739, -0.9468085819141897, 0.0, 1.047782721382183, 0.10097413946798905, 0.08047456187763619, 0.0, 11.007542528723528, 11.088017090601166, 1.435894815472134, 0.0, 9.50757099376285, 10.94346580923499, 0.5000000000000001
2.9352506655660378, 0.0, 0.700739478957916, 4.119611733463469, -0.9466311830803913, 0.0, 1.072047845192996, 0.12541666211260072, 0.08047456187763619, 0.0, 11.007542528723528, 11.088017090601166, 1.431377731323927, 0.0, 9.477661770774425, 10.90903950209836, 0.5000000000000001
2.944484471628693, 0.0, 0.7029438877755513, 4.13593820869158, -0.9464537842465929, 0.0, 1.0963129690038098, 0.14985918475721238, 0.08047456187763619, 0.0, 11.007542528723528, 11.088017090601166, 1.426888978029148, 0.0, 9.447940136457106, 10.87482911448626, 0.5000000000000001
2.953718277691349, 0.0, 0.7051482965931866, 4.152305531145069, -0.9462763854127945, 0.0, 1.1205780928146236, 0.17430170740182493, 0.08047456187763619, 0.0, 11.007542528723528, 11.088017090601166, 1.4224282898871632, 0.0, 9.41840433151236, 10.84083262139953, 0.5000000000000001
2.962952083754004, 0.0, 0.7073527054108218, 4.168713700823938, -0.946098986578996, 0.0, 1.1448432166254374, 0.1987442300464366, 0.08047456187763619, 0.0, 11.007542528723528, 11.088017090601166, 1.417995404509479, 0.0, 9.389052618572515, 10.807048023082002, 0.5000000000000001
2.9721858898166595, 0.0, 0.7095571142284571, 4.185162717728185, -0.9459215877451976, 0.0, 1.1691083404362503, 0.22318675269104826, 0.08047456187763619, 0.0, 11.007542528723528, 11.088017090601166, 1.4135900627682916, 0.0, 9.359883281860096, 10.773473344628394, 0.5000000000000001
2.9814196958793144, 0.0, 0.7117615230460923, 4.201652581857812, -0.9457441889113993, 0.0, 1.1933734642470624, 0.24762927533565904, 0.08047456187763619, 0.0, 11.007542528723528, 11.088017090601166, 1.409212008745995, 0.0, 9.330894626853476, 10.74010663559948, 0.5000000000000001
2.99065350194197, 0.0, 0.7139659318637277, 4.21818329321282, -0.9455667900776009, 0.0, 1.217638588057877, 0.2720717979802725, 0.08047456187763619, 0.0, 11.007542528723528, 11.088017090601166, 1.4048609896856201, 0.0, 9.302084979958746, 10.706945969644373, 0.5000000000000001
2.9998873080046256, 0.0, 0.7161703406813629, 4.2347548517932045, -0.9453893912438025, 0.0, 1.24190371186869, 0.29651432062488414, 0.08047456187763619, 0.0, 11.007542528723528, 11.088017090601166, 1.4005367559421948, 0.0, 9.273452688187621, 10.673989444129823, 0.5000000000000001
3.009121114067281, 0.0, 0.7183747494989982, 4.25136725759897, -0.9452119924100041, 0.0, 1.2661688356795038, 0.3209568432694958, 0.08047456187763619, 0.0, 11.007542528723528, 11.088017090601166, 1.3962390609349937, 0.0, 9.244996118841302, 10.641235179776302, 0.5000000000000001
3.0183549201299362, 0.0, 0.7205791583166334, 4.268020510630114, -0.9450345935762057, 0.0, 1.2904339594903167, 0.34539936591410747, 0.08047456187763619, 0.0, 11.007542528723528, 11.088017090601166, 1.3919676611006684, 0.0, 9.216713659200105, 10.60868132030078, 0.5000000000000001
3.0275887261925916, 0.0, 0.7227835671342687, 4.284714610886638, -0.9448571947424073, 0.0, 1.3146990833011305, 0.36984188855871913, 0.08047456187763619, 0.0, 11.007542528723528, 11.088017090601166, 1.3877223158472345, 0.0, 9.188603716218811, 10.576326032066053, 0.5000000000000001
3.036822532255247, 0.0, 0.724987975951904, 4.301449558368541, -0.9446797959086088, 0.0, 1.3389642071119434, 0.3942844112033299, 0.08047456187763619, 0.0, 11.007542528723528, 11.088017090601166, 1.3835027875088972, 0.0, 9.160664716227545, 10.54416750373645, 0.5000000000000001
3.0460563383179027, 0.0, 0.7271923847695393, 4.318225353075824, -0.9445023970748105, 0.0, 1.3632293309227572, 0.41872693384794424, 0.08047456187763619, 0.0, 11.007542528723528, 11.088017090601166, 1.379308841301699, 0.0, 9.132895104638099, 10.512203945939804, 0.5000000000000001
3.055290144380558, 0.0, 0.7293967935871746, 4.335041995008485, -0.9443249982410121, 0.0, 1.387494454733571, 0.443169456492555, 0.08047456187763619, 0.0, 11.007542528723528, 11.088017090601166, 1.3751402452799721, 0.0, 9.105293345655596, 10.480433590935576, 0.5000000000000001
3.0645239504432134, 0.0, 0.7316012024048099, 4.351899484166527, -0.9441475994072137, 0.0, 1.4117595785443848, 0.46761197913716757, 0.08047456187763619, 0.0, 11.007542528723528, 11.088017090601166, 1.370996770293578, 0.0, 9.077857921995355, 10.44885469228894, 0.5000000000000001
3.0737577565058687, 0.0, 0.7338056112224451, 4.368797820549947, -0.9439702005734153, 0.0, 1.4360247023551986, 0.49205450178177834, 0.08047456187763619, 0.0, 11.007542528723528, 11.088017090601166, 1.3668781899459164, 0.0, 9.050587334604847, 10.41746552455077, 0.5000000000000001
3.0829915625685236, 0.0, 0.7360100200400803, 4.385737004158745, -0.9437928017396169, 0.0, 1.4602898261660107, 0.5164970244263891, 0.08047456187763619, 0.0, 11.007542528723528, 11.088017090601166, 1.362784280552691, 0.0, 9.02348010239068, 10.386264382943379, 0.5000000000000001
3.09222536863118, 0.0, 0.7382144288577157, 4.402717034992924, -0.9436154029058185, 0.0, 1.4845549499768262, 0.5409395470710034, 0.08047456187763619, 0.0, 11.007542528723528, 11.088017090601166, 1.3587148211014122, 0.0, 8.99653476195044, 10.35524958305186, 0.5000000000000001
3.1014591746938347, 0.0, 0.7404188376753509, 4.419737913052481, -0.9434380040720202, 0.0, 1.5088200737876383, 0.5653820697156142, 0.08047456187763619, 0.0, 11.007542528723528, 11.088017090601166, 1.354669593211626, 0.0, 8.96974986730936, 10.324419460520994, 0.5000000000000001
3.11069298075649, 0.0, 0.7426232464929862, 4.436799638337419, -0.9432606052382217, 0.0, 1.5330851975984503, 0.589824592360225, 0.08047456187763619, 0.0, 11.007542528723528, 11.088017090601166, 1.3506483810958452, 0.0, 8.943123989661634, 10.293772370757488, 0.5000000000000001
3.1199267868191454, 0.0, 0.7448276553106215, 4.453902210847736, -0.9430832064044233, 0.0, 1.557350321409264, 0.6142671150048375, 0.08047456187763619, 0.0, 11.007542528723528, 11.088017090601166, 1.346650971521182, 0.0, 8.916655717116365, 10.263306688637554, 0.5000000000000001
3.1291605928818007, 0.0, 0.7470320641282567, 4.471045630583432, -0.9429058075706249, 0.0, 1.581615445220078, 0.6387096376494483, 0.08047456187763619, 0.0, 11.007542528723528, 11.088017090601166, 1.3426771537716555, 0.0, 8.890343654447989, 10.233020808219653, 0.5000000000000001
3.1383943989444565, 0.0, 0.749236472945892, 4.488229897544507, -0.9427284087368265, 0.0, 1.6058805690308917, 0.6631521602940609, 0.08047456187763619, 0.0, 11.007542528723528, 11.088017090601166, 1.3387267196111636, 0.0, 8.86418642285111, 10.20291314246228, 0.5000000000000001
3.147628205007112, 0.0, 0.7514408817635273, 4.505455011730961, -0.9425510099030281, 0.0, 1.6301456928417055, 0.6875946829386734, 0.08047456187763619, 0.0, 11.007542528723528, 11.088017090601166, 1.3347994632471116, 0.0, 8.838182659699662, 10.17298212294678, 0.5000000000000001
3.156862011069767, 0.0, 0.7536452905811626, 4.522720973142795, -0.9423736110692298, 0.0, 1.6544108166525193, 0.7120372055832842, 0.08047456187763619, 0.0, 11.007542528723528, 11.088017090601166, 1.3308951812946725, 0.0, 8.812331018310262, 10.143226199604943, 0.5000000000000001
3.166095817132422, 0.0, 0.7558496993987978, 4.540027781780007, -0.9421962122354314, 0.0, 1.6786759404633314, 0.736479728227895, 0.08047456187763619, 0.0, 11.007542528723528, 11.088017090601166, 1.3270136727416788, 0.0, 8.78663016770976, 10.113643840451445, 0.5000000000000001
3.175329623195078, 0.0, 0.7580541082164332, 4.557375437642602, -0.942018813401633, 0.0, 1.7029410642741452, 0.7609222508725075, 0.08047456187763619, 0.0, 11.007542528723528, 11.088017090601166, 1.3231547389141225, 0.0, 8.761078792406785, 10.084233531320914, 0.5000000000000001
3.184563429257733, 0.0, 0.7602585170340683, 4.574763940730572, -0.9418414145678345, 0.0, 1.727206188084959, 0.7853647735171201, 0.08047456187763619, 0.0, 11.007542528723528, 11.088017090601166, 1.3193181834422587, 0.0, 8.735675592167315, 10.054993775609582, 0.5000000000000001
3.1937972353203885, 0.0, 0.7624629258517036, 4.592193291043923, -0.9416640157340361, 0.0, 1.7514713118957728, 0.8098072961617326, 0.08047456187763619, 0.0, 11.007542528723528, 11.088017090601166, 1.3155038122272937, 0.0, 8.710419281794108, 10.025923094021408, 0.5000000000000001
3.203031041383044, 0.0, 0.7646673346693389, 4.609663488582653, -0.9414866169002377, 0.0, 1.7757364357065848, 0.8342498188063434, 0.08047456187763619, 0.0, 11.007542528723528, 11.088017090601166, 1.3117114334086526, 0.0, 8.685308590909958, 9.99702002431862, 0.5000000000000001
3.212264847445699, 0.0, 0.7668717434869742, 4.627174533346762, -0.9413092180664394, 0.0, 1.8000015595173986, 0.858692341450956, 0.08047456187763619, 0.0, 11.007542528723528, 11.088017090601166, 1.3079408573318094, 0.0, 8.660342263744704, 9.96828312107652, 0.5000000000000001
3.2214986535083545, 0.0, 0.7690761523046095, 4.644726425336251, -0.941131819232641, 0.0, 1.8242666833282124, 0.8831348640955667, 0.08047456187763619, 0.0, 11.007542528723528, 11.088017090601166, 1.3041918965166708, 0.0, 8.635519058925869, 9.939710955442548, 0.5000000000000001
3.2307324595710103, 0.0, 0.7712805611222447, 4.6623191645511195, -0.9409544203988426, 0.0, 1.8485318071390262, 0.9075773867401793, 0.08047456187763619, 0.0, 11.007542528723528, 11.088017090601166, 1.3004643656265018, 0.0, 8.610837749272926, 9.911302114899435, 0.5000000000000001
3.2399662656336656, 0.0, 0.77348496993988, 4.679952750991367, -0.9407770215650442, 0.0, 1.87279693094984, 0.9320199093847918, 0.08047456187763619, 0.0, 11.007542528723528, 11.088017090601166, 1.2967580814373854, 0.0, 8.586297121595056, 9.883055203032448, 0.5000000000000001
3.249200071696321, 0.0, 0.7756893787575153, 4.697627184656994, -0.9405996227312458, 0.0, 1.8970620547606538, 0.9564624320294026, 0.08047456187763619, 0.0, 11.007542528723528, 11.088017090601166, 1.2930728628081976, 0.0, 8.561895976492362, 9.854968839300566, 0.5000000000000001
3.2584338777589763, 0.0, 0.7778937875751506, 4.715342465548, -0.9404222238974473, 0.0, 1.9213271785714658, 0.9809049546740152, 0.08047456187763619, 0.0, 11.007542528723528, 11.088017090601166, 1.2894085306510983, 0.0, 8.537633128160472, 9.827041658811577, 0.5000000000000001
3.267667683821631, 0.0, 0.7800981963927858, 4.733098593664384, -0.940244825063649, 0.0, 1.9455923023822779, 1.005347477318626, 0.08047456187763619, 0.0, 11.007542528723528, 11.088017090601166, 1.2857649079025204, 0.0, 8.513507404198439, 9.799272312100967, 0.5000000000000001
3.276901489884287, 0.0, 0.782302605210421, 4.750895569006149, -0.9400674262298506, 0.0, 1.9698574261930935, 1.0297899999632385, 0.08047456187763619, 0.0, 11.007542528723528, 11.088017090601166, 1.282141819494648, 0.0, 8.489517645419904, 9.771659464914558, 0.5000000000000001
3.2861352959469423, 0.0, 0.7845070140280563, 4.768733391573292, -0.9398900273960522, 0.0, 1.9941225500039055, 1.0542325226078493, 0.08047456187763619, 0.0, 11.007542528723528, 11.088017090601166, 1.2785390923273776, 0.0, 8.465662705667427, 9.744201797994812, 0.5000000000000001
3.2953691020095977, 0.0, 0.7867114228456916, 4.786612061365815, -0.9397126285622538, 0.0, 2.0183876738147193, 1.0786750452524618, 0.08047456187763619, 0.0, 11.007542528723528, 11.088017090601166, 1.2749565552407505, 0.0, 8.441941451629962, 9.716898006870718, 0.5000000000000001
3.304602908072253, 0.0, 0.7889158316633269, 4.804531578383719, -0.9395352297284554, 0.0, 2.042652797625533, 1.1031175678970726, 0.08047456187763619, 0.0, 11.007542528723528, 11.088017090601166, 1.2713940389878458, 0.0, 8.41835276266336, 9.689746801651212, 0.5000000000000001
3.3138367141349083, 0.0, 0.7911202404809622, 4.822491942627001, -0.939357830894657, 0.0, 2.066917921436347, 1.1275600905416852, 0.08047456187763619, 0.0, 11.007542528723528, 11.088017090601166, 1.2678513762081274, 0.0, 8.394895530613908, 9.662746906822044, 0.5000000000000001
3.323070520197564, 0.0, 0.7933246492985975, 4.840493154095661, -0.9391804320608585, 0.0, 2.0911830452471607, 1.1520026131862977, 0.08047456187763619, 0.0, 11.007542528723528, 11.088017090601166, 1.2643284014012366, 0.0, 8.371568659644785, 9.635897061046029, 0.5000000000000001
3.332304326260219, 0.0, 0.7955290581162326, 4.8585352127897, -0.9390030332270602, 0.0, 2.1154481690579727, 1.1764451358309085, 0.08047456187763619, 0.0, 11.007542528723528, 11.088017090601166, 1.2608249509012197, 0.0, 8.348371066065416, 9.609196016966642, 0.5000000000000001
3.3415381323228748, 0.0, 0.797733466933868, 4.876618118709121, -0.9388256343932618, 0.0, 2.1397132928687865, 1.200887658475521, 0.08047456187763619, 0.0, 11.007542528723528, 11.088017090601166, 1.2573408628511793, 0.0, 8.325301678163639, 9.582642541014826, 0.5000000000000001
3.3507719383855297, 0.0, 0.7999378757515032, 4.89474187185392, -0.9386482355594634, 0.0, 2.1639784166795986, 1.2253301811201318, 0.08047456187763619, 0.0, 11.007542528723528, 11.088017090601166, 1.2538759771783536, 0.0, 8.30235943604068, 9.55623541321904, 0.5000000000000001
3.3600057444481854, 0.0, 0.8021422845691386, 4.912906472224099, -0.938470836725665, 0.0, 2.188243540490414, 1.2497727037647444, 0.08047456187763619, 0.0, 11.007542528723528, 11.088017090601166, 1.2504301355695948, 0.0, 8.279543291448805, 9.529973427018406, 0.5000000000000001
3.369239550510841, 0.0, 0.8043466933867738, 4.931111919819655, -0.9382934378918666, 0.0, 2.212508664301228, 1.274215226409357, 0.08047456187763619, 0.0, 11.007542528723528, 11.088017090601166, 1.2470031814472622, 0.0, 8.256852207631686, 9.503855389078954, 0.5000000000000001
3.378473356573496, 0.0, 0.8065511022044091, 4.949358214640592, -0.9381160390580683, 0.0, 2.23677378811204, 1.2986577490539677, 0.08047456187763619, 0.0, 11.007542528723528, 11.088017090601166, 1.2435949599455018, 0.0, 8.234285159167344, 9.477880119112854, 0.5000000000000001
3.3877071626361515, 0.0, 0.8087555110220443, 4.9676453566869085, -0.9379386402242699, 0.0, 2.261038911922854, 1.3231002716985802, 0.08047456187763619, 0.0, 11.007542528723528, 11.088017090601166, 1.2402053178869195, 0.0, 8.211841131813697, 9.452046449700623, 0.5000000000000001
3.396940968698807, 0.0, 0.8109599198396796, 4.9859733459586035, -0.9377612413904715, 0.0, 2.2853040357336676, 1.347542794343191, 0.08047456187763619, 0.0, 11.007542528723528, 11.088017090601166, 1.2368341037596313, 0.0, 8.189519122356598, 9.426353226116236, 0.5000000000000001
3.406174774761462, 0.0, 0.8131643286573149, 5.004342182455678, -0.937583842556673, 0.0, 2.3095691595444796, 1.3719853169878036, 0.08047456187763619, 0.0, 11.007542528723528, 11.088017090601166, 1.2334811676946889, 0.0, 8.167318138460361, 9.400799306155056, 0.5000000000000001
3.415408580824117, 0.0, 0.8153687374749501, 5.022751866178131, -0.9374064437228746, 0.0, 2.3338342833552916, 1.3964278396324143, 0.08047456187763619, 0.0, 11.007542528723528, 11.088017090601166, 1.2301463614438708, 0.0, 8.14523719852071, 9.375383559964588, 0.5000000000000001
3.4246423868867732, 0.0, 0.8175731462925855, 5.041202397125966, -0.9372290448890762, 0.0, 2.358099407166107, 1.4208703622770287, 0.08047456187763619, 0.0, 11.007542528723528, 11.088017090601166, 1.2268295383578316, 0.0, 8.123275331520096, 9.350104869877935, 0.5000000000000001
3.4338761929494286, 0.0, 0.8197775551102208, 5.059693775299179, -0.9370516460552778, 0.0, 2.382364530976921, 1.4453128849216395, 0.08047456187763619, 0.0, 11.007542528723528, 11.088017090601166, 1.2235305533646064, 0.0, 8.101431576885371, 9.324962130249984, 0.5000000000000001
3.443109999012084, 0.0, 0.821981963927856, 5.07822600069777, -0.9368742472214795, 0.0, 2.406629654787735, 1.469755407566252, 0.08047456187763619, 0.0, 11.007542528723528, 11.088017090601166, 1.2202492629484583, 0.0, 8.079704984347725, 9.29995424729619, 0.5000000000000001
3.452343805074739, 0.0, 0.8241863727454912, 5.0967990733217405, -0.9366968483876811, 0.0, 2.430894778598547, 1.494197930210861, 0.08047456187763619, 0.0, 11.007542528723528, 11.088017090601166, 1.2169855251290669, 0.0, 8.058094613804887, 9.27508013893396, 0.5000000000000001
3.4615776111373946, 0.0, 0.8263907815631265, 5.115412993171091, -0.9365194495538827, 0.0, 2.4551599024093607, 1.5186404528554753, 0.08047456187763619, 0.0, 11.007542528723528, 11.088017090601166, 1.2137391994410496, 0.0, 8.03659953518553, 9.250338734626586, 0.5000000000000001
3.47081141720005, 0.0, 0.8285951903807618, 5.134067760245821, -0.9363420507200843, 0.0, 2.4794250262201745, 1.543082975500086, 0.08047456187763619, 0.0, 11.007542528723528, 11.088017090601166, 1.21051014691381, 0.0, 8.01521882831584, 9.225728975229655, 0.5000000000000001
3.4800452232627053, 0.0, 0.8307995991983971, 5.15276337454593, -0.9361646518862858, 0.0, 2.5036901500309883, 1.5675254981446987, 0.08047456187763619, 0.0, 11.007542528723528, 11.088017090601166, 1.2072982300517072, 0.0, 7.993951582788202, 9.201249812839915, 0.5000000000000001
3.4892790293253606, 0.0, 0.8330040080160324, 5.171499836071418, -0.9359872530524874, 0.0, 2.5279552738418003, 1.5919680207893094, 0.08047456187763619, 0.0, 11.007542528723528, 11.088017090601166, 1.204103312814538, 0.0, 7.972796897831982, 9.176900210646526, 0.5000000000000001
3.4985128353880155, 0.0, 0.8352084168336675, 5.190277144822285, -0.9358098542186891, 0.0, 2.552220397652614, 1.6164105434339202, 0.08047456187763619, 0.0, 11.007542528723528, 11.088017090601166, 1.200925260598332, 0.0, 7.951753882186349, 9.152679142784686, 0.5000000000000001
3.5077466414506717, 0.0, 0.8374128256513029, 5.209095300798532, -0.9356324553848907, 0.0, 2.5764855214634297, 1.6408530660785345, 0.08047456187763619, 0.0, 11.007542528723528, 11.088017090601166, 1.1977639402164462, 0.0, 7.930821653975101, 9.128585594191554, 0.5000000000000001
3.516980447513327, 0.0, 0.8396172344689382, 5.227954304000159, -0.9354550565510923, 0.0, 2.6007506452742417, 1.6652955887231453, 0.08047456187763619, 0.0, 11.007542528723528, 11.088017090601166, 1.1946192198809606, 0.0, 7.909999340583485, 9.104618560464452, 0.5000000000000001
3.5262142535759824, 0.0, 0.8418216432865735, 5.246854154427165, -0.9352776577172939, 0.0, 2.6250157690850555, 1.6897381113677579, 0.08047456187763619, 0.0, 11.007542528723528, 11.088017090601166, 1.191490969184363, 0.0, 7.889286078536912, 9.08077704772128, 0.5000000000000001
3.5354480596386373, 0.0, 0.8440260521042087, 5.265794852079548, -0.9351002588834955, 0.0, 2.6492808928958675, 1.7141806340123686, 0.08047456187763619, 0.0, 11.007542528723528, 11.088017090601166, 1.1883790590815235, 0.0, 7.868681013381616, 9.057060072463146, 0.5000000000000001
3.544681865701293, 0.0, 0.8462304609218441, 5.284776396957314, -0.934922860049697, 0.0, 2.6735460167066813, 1.7386231566569812, 0.08047456187763619, 0.0, 11.007542528723528, 11.088017090601166, 1.1852833618719492, 0.0, 7.848183299567151, 9.033466661439107, 0.5000000000000001
3.553915671763948, 0.0, 0.8484348697394792, 5.3037987890604565, -0.9347454612158987, 0.0, 2.697811140517495, 1.763065679301592, 0.08047456187763619, 0.0, 11.007542528723528, 11.088017090601166, 1.1822037511823167, 0.0, 7.827792100330733, 9.009995851513056, 0.5000000000000001
3.5631494778266037, 0.0, 0.8506392785571145, 5.322862028388979, -0.9345680623821003, 0.0, 2.722076264328309, 1.7875082019462045, 0.08047456187763619, 0.0, 11.007542528723528, 11.088017090601166, 1.1791401019492735, 0.0, 7.807506587583362, 8.986646689532641, 0.5000000000000001
3.572383283889259, 0.0, 0.8528436873747498, 5.34196611494288, -0.9343906635483019, 0.0, 2.7463413881391228, 1.811950724590817, 0.08047456187763619, 0.0, 11.007542528723528, 11.088017090601166, 1.1760922904025108, 0.0, 7.7873259417977385, 8.963418232200256, 0.5000000000000001
3.581617089951914, 0.0, 0.855048096192385, 5.361111048722161, -0.9342132647145035, 0.0, 2.770606511949935, 1.836393247235426, 0.08047456187763619, 0.0, 11.007542528723528, 11.088017090601166, 1.173060194048094, 0.0, 7.767249351897893, 8.940309545945993, 0.5000000000000001
3.5908508960145697, 0.0, 0.8572525050100204, 5.380296829726822, -0.9340358658807051, 0.0, 2.7948716357607486, 1.8608357698800404, 0.08047456187763619, 0.0, 11.007542528723528, 11.088017090601166, 1.170043691652051, 0.0, 7.7472760151505184, 8.917319706802575, 0.5000000000000001
3.6000847020772255, 0.0, 0.8594569138276557, 5.399523457956862, -0.9338584670469067, 0.0, 2.8191367595715624, 1.885278292524653, 0.08047456187763619, 0.0, 11.007542528723528, 11.088017090601166, 1.1670426632242157, 0.0, 7.727405137057987, 8.894447800282208, 0.5000000000000001
3.609318508139881, 0.0, 0.8616613226452909, 5.418790933412282, -0.9336810682131083, 0.0, 2.843401883382376, 1.9097208151692637, 0.08047456187763619, 0.0, 11.007542528723528, 11.088017090601166, 1.1640569900023168, 0.0, 7.707635931253001, 8.871692921255324, 0.5000000000000001
3.6185523142025358, 0.0, 0.8638657314629261, 5.4380992560930785, -0.93350366937931, 0.0, 2.8676670071931882, 1.9341633378138745, 0.08047456187763619, 0.0, 11.007542528723528, 11.088017090601166, 1.1610865544363111, 0.0, 7.687967619394858, 8.849054173831176, 0.5000000000000001
3.6277861202651915, 0.0, 0.8660701402805615, 5.457448425999257, -0.9333262705455115, 0.0, 2.891932131004004, 1.958605860458487, 0.08047456187763619, 0.0, 11.007542528723528, 11.088017090601166, 1.158131240172956, 0.0, 7.668399431067296, 8.826530671240258, 0.5000000000000001
3.6370199263278464, 0.0, 0.8682745490981967, 5.476838443130814, -0.9331488717117131, 0.0, 2.916197254814816, 1.9830483831030978, 0.08047456187763619, 0.0, 11.007542528723528, 11.088017090601166, 1.1551909320406173, 0.0, 7.648930603677906, 8.80412153571853, 0.5000000000000001
3.6462537323905018, 0.0, 0.870478957915832, 5.496269307487749, -0.9329714728779147, 0.0, 2.940462378625628, 2.0074909057477104, 0.08047456187763619, 0.0, 11.007542528723528, 11.088017090601166, 1.1522655160343078, 0.0, 7.62956038235906, 8.781825898393373, 0.5000000000000001
3.6554875384531575, 0.0, 0.8726833667334672, 5.515741019070065, -0.9327940740441163, 0.0, 2.9647275024364435, 2.031933428392323, 0.08047456187763619, 0.0, 11.007542528723528, 11.088017090601166, 1.1493548793009518, 0.0, 7.61028801987035, 8.759642899171308, 0.5000000000000001
3.6647213445158133, 0.0, 0.8748877755511026, 5.535253577877761, -0.9326166752103179, 0.0, 2.9889926262472573, 2.0563759510369355, 0.08047456187763619, 0.0, 11.007542528723528, 11.088017090601166, 1.146458910124874, 0.0, 7.591112776502504, 8.737571686627385, 0.5000000000000001
3.673955150578468, 0.0, 0.8770921843687378, 5.554806983910835, -0.9324392763765196, 0.0, 3.0132577500580693, 2.0808184736815463, 0.08047456187763619, 0.0, 11.007542528723528, 11.088017090601166, 1.1435774979135058, 0.0, 7.57203391998273, 8.715611417896243, 0.5000000000000001
3.6831889566411236, 0.0, 0.8792965931863731, 5.574401237169289, -0.9322618775427212, 0.0, 3.037522873868883, 2.105260996326157, 0.08047456187763619, 0.0, 11.007542528723528, 11.088017090601166, 1.1407105331833065, 0.0, 7.553050725381515, 8.693761258564827, 0.5000000000000001
3.692422762703779, 0.0, 0.8815010020040084, 5.594036337653121, -0.9320844787089227, 0.0, 3.061787997679697, 2.1297035189707696, 0.08047456187763619, 0.0, 11.007542528723528, 11.088017090601166, 1.137857907545897, 0.0, 7.5341624750207945, 8.672020382566698, 0.5000000000000001
3.7016565687664347, 0.0, 0.8837054108216437, 5.6137122853623325, -0.9319070798751243, 0.0, 3.0860531214905107, 2.154146041615382, 0.08047456187763619, 0.0, 11.007542528723528, 11.088017090601166, 1.1350195136944006, 0.0, 7.515368458383518, 8.650387972077926, 0.5000000000000001
3.71089037482909, 0.0, 0.885909819639279, 5.633429080296924, -0.9317296810413259, 0.0, 3.1103182453013245, 2.1785885642599947, 0.08047456187763619, 0.0, 11.007542528723528, 11.088017090601166, 1.132195245389987, 0.0, 7.496667972024553, 8.628863217414546, 0.5000000000000001
3.720124180891745, 0.0, 0.8881142284569141, 5.653186722456894, -0.9315522822075275, 0.0, 3.1345833691121365, 2.2030310869046055, 0.08047456187763619, 0.0, 11.007542528723528, 11.088017090601166, 1.129384997448617, 0.0, 7.4780603194829105, 8.607445316931534, 0.5000000000000001
3.7293579869544002, 0.0, 0.8903186372745494, 5.672985211842244, -0.9313748833737292, 0.0, 3.1588484929229486, 2.2274736095492162, 0.08047456187763619, 0.0, 11.007542528723528, 11.088017090601166, 1.126588665727985, 0.0, 7.459544811195294, 8.586133476923285, 0.5000000000000001
3.7385917930170556, 0.0, 0.8925230460921847, 5.692824548452974, -0.9311974845399308, 0.0, 3.1831136167337624, 2.251916132193829, 0.08047456187763619, 0.0, 11.007542528723528, 11.088017090601166, 1.1238061471146537, 0.0, 7.441120764410909, 8.56492691152557, 0.5000000000000001
3.747825599079712, 0.0, 0.8947274549098201, 5.712704732289083, -0.9310200857061324, 0.0, 3.207378740544578, 2.2763586548384414, 0.08047456187763619, 0.0, 11.007542528723528, 11.088017090601166, 1.1210373395113795, 0.0, 7.422787503107543, 8.543824842618928, 0.5000000000000001
3.7570594051423667, 0.0, 0.8969318637274553, 5.732625763350569, -0.930842686872334, 0.0, 3.23164386435539, 2.300801177483052, 0.08047456187763619, 0.0, 11.007542528723528, 11.088017090601166, 1.1182821418246265, 0.0, 7.404544357908886, 8.522826499733519, 0.5000000000000001
3.766293211205022, 0.0, 0.8991362725450905, 5.752587641637437, -0.9306652880385355, 0.0, 3.2559089881662038, 2.3252437001276647, 0.08047456187763619, 0.0, 11.007542528723528, 11.088017090601166, 1.115540453952259, 0.0, 7.386390666003049, 8.501931119955314, 0.5000000000000001
3.7755270172676774, 0.0, 0.9013406813627258, 5.772590367149683, -0.9304878892047371, 0.0, 3.2801741119770176, 2.3496862227722755, 0.08047456187763619, 0.0, 11.007542528723528, 11.088017090601166, 1.112812176771423, 0.0, 7.368325771062304, 8.481137947833734, 0.5000000000000001
3.7847608233303327, 0.0, 0.9035450901803611, 5.792633939887309, -0.9303104903709388, 0.0, 3.3044392357878296, 2.374128745416888, 0.08047456187763619, 0.0, 11.007542528723528, 11.088017090601166, 1.110097212126596, 0.0, 7.350349023163983, 8.460446235290584, 0.5000000000000001
3.7939946293929885, 0.0, 0.9057494989979964, 5.812718359850313, -0.9301330915371404, 0.0, 3.328704359598645, 2.3985712680615006, 0.08047456187763619, 0.0, 11.007542528723528, 11.088017090601166, 1.1073954628178173, 0.0, 7.332459778712526, 8.43985524153035, 0.5000000000000001
3.8032284354556434, 0.0, 0.9079539078156316, 5.832843627038697, -0.929955692703342, 0.0, 3.352969483409457, 2.4230137907061113, 0.08047456187763619, 0.0, 11.007542528723528, 11.088017090601166, 1.1047068325890894, 0.0, 7.3146574003626865, 8.419364232951782, 0.5000000000000001
3.812462241518299, 0.0, 0.910158316633267, 5.853009741452461, -0.9297782938695436, 0.0, 3.377234607220271, 2.447456313350724, 0.08047456187763619, 0.0, 11.007542528723528, 11.088017090601166, 1.1020312261169434, 0.0, 7.296941256943828, 8.398972483060778, 0.5000000000000001
3.821696047580954, 0.0, 0.9123627254509021, 5.873216703091604, -0.9296008950357452, 0.0, 3.401499731031083, 2.4718988359953347, 0.08047456187763619, 0.0, 11.007542528723528, 11.088017090601166, 1.099368548999177, 0.0, 7.279310723385344, 8.378679272384527, 0.5000000000000001
3.83092985364361, 0.0, 0.9145671342685375, 5.893464511956126, -0.9294234962019468, 0.0, 3.4257648548418986, 2.496341358639947, 0.08047456187763619, 0.0, 11.007542528723528, 11.088017090601166, 1.096718707743747, 0.0, 7.261765180643123, 8.358483888386877, 0.5000000000000001
3.840163659706265, 0.0, 0.9167715430861727, 5.913753168046027, -0.9292460973681484, 0.0, 3.4500299786527107, 2.5207838812845598, 0.08047456187763619, 0.0, 11.007542528723528, 11.088017090601166, 1.0940816097578332, 0.0, 7.244304015627118, 8.338385625384957, 0.5000000000000001
3.8493974657689205, 0.0, 0.918975951903808, 5.934082671361308, -0.92906869853435, 0.0, 3.4742951024635245, 2.5452264039291705, 0.08047456187763619, 0.0, 11.007542528723528, 11.088017090601166, 1.0914571633370467, 0.0, 7.22692662112991, 8.318383784466961, 0.5000000000000001
3.858631271831576, 0.0, 0.9211803607214433, 5.954453021901967, -0.9288912997005516, 0.0, 3.4985602262743383, 2.569668926573783, 0.08047456187763619, 0.0, 11.007542528723528, 11.088017090601166, 1.088845277654804, 0.0, 7.2096323957563415, 8.298477673411151, 0.5000000000000001
3.867865077894231, 0.0, 0.9233847695390786, 5.974864219668007, -0.9287139008667532, 0.0, 3.522825350085152, 2.594111449218394, 0.08047456187763619, 0.0, 11.007542528723528, 11.088017090601166, 1.0862458627518479, 0.0, 7.192420743854126, 8.278666606605979, 0.5000000000000001
3.8770988839568865, 0.0, 0.9255891783567138, 5.995316264659426, -0.9285365020329548, 0.0, 3.547090473895964, 2.6185539718630064, 0.08047456187763619, 0.0, 11.007542528723528, 11.088017090601166, 1.083658829525918, 0.0, 7.175291075445466, 8.25894990497139, 0.5000000000000001
3.886332690019542, 0.0, 0.927793587174349, 6.015809156876223, -0.9283591031991564, 0.0, 3.571355597706778, 2.642996494507617, 0.08047456187763619, 0.0, 11.007542528723528, 11.088017090601166, 1.0810840897215714, 0.0, 7.158242806159639, 8.239326895881216, 0.5000000000000001
3.8955664960821976, 0.0, 0.9299979959919844, 6.0363428963184, -0.928181704365358, 0.0, 3.5956207215175917, 2.6674390171522298, 0.08047456187763619, 0.0, 11.007542528723528, 11.088017090601166, 1.0785215559201458, 0.0, 7.1412753571665455, 8.219796913086697, 0.5000000000000001
3.9048003021448525, 0.0, 0.9322024048096196, 6.0569174829859564, -0.9280043055315597, 0.0, 3.6198858453284037, 2.6918815397968405, 0.08047456187763619, 0.0, 11.007542528723528, 11.088017090601166, 1.0759711415298658, 0.0, 7.1243881551112, 8.200359296641071, 0.5000000000000001
3.9140341082075083, 0.0, 0.934406813627255, 6.077532916878893, -0.9278269066977612, 0.0, 3.6441509691392193, 2.716324062441453, 0.08047456187763619, 0.0, 11.007542528723528, 11.088017090601166, 1.0734327607760887, 0.0, 7.107580632049143, 8.181013392825237, 0.5000000000000001
3.923267914270163, 0.0, 0.9366112224448901, 6.098189197997208, -0.9276495078639628, 0.0, 3.6684160929500313, 2.740766585086064, 0.08047456187763619, 0.0, 11.007542528723528, 11.088017090601166, 1.0709063286916893, 0.0, 7.090852225382775, 8.16175855407447, 0.5000000000000001
3.932501720332819, 0.0, 0.9388156312625254, 6.118886326340901, -0.9274721090301644, 0.0, 3.692681216760845, 2.7652091077306764, 0.08047456187763619, 0.0, 11.007542528723528, 11.088017090601166, 1.0683917611075784, 0.0, 7.074202377798577, 8.14259413890616, 0.5000000000000001
3.9417355263954743, 0.0, 0.9410200400801607, 6.139624301909976, -0.927294710196366, 0.0, 3.716946340571659, 2.789651630375289, 0.08047456187763619, 0.0, 11.007542528723528, 11.088017090601166, 1.0658889746433562, 0.0, 7.057630537205228, 8.12351951184859, 0.5000000000000001
3.9509693324581296, 0.0, 0.943224448897796, 6.160403124704429, -0.9271173113625677, 0.0, 3.7412114643824728, 2.8140941530199015, 0.08047456187763619, 0.0, 11.007542528723528, 11.088017090601166, 1.063397886698096, 0.0, 7.04113615667257, 8.104534043370672, 0.5000000000000001
3.960203138520785, 0.0, 0.9454288577154313, 6.18122279472426, -0.9269399125287693, 0.0, 3.765476588193285, 2.8385366756645123, 0.08047456187763619, 0.0, 11.007542528723528, 11.088017090601166, 1.0609184154412565, 0.0, 7.024718694371444, 8.085637109812707, 0.5000000000000001
3.96943694458344, 0.0, 0.9476332665330665, 6.202083311969471, -0.9267625136949709, 0.0, 3.789741712004097, 2.862979198309123, 0.08047456187763619, 0.0, 11.007542528723528, 11.088017090601166, 1.058450479803722, 0.0, 7.0083776135143605, 8.066828093318088, 0.5000000000000001
3.978670750646096, 0.0, 0.9498376753507018, 6.222984676440063, -0.9265851148611725, 0.0, 3.8140068358149124, 2.8874217209537374, 0.08047456187763619, 0.0, 11.007542528723528, 11.088017090601166, 1.0559939994689655, 0.0, 6.992112382296989, 8.04810638176596, 0.5000000000000001
3.987904556708751, 0.0, 0.952042084168337, 6.243926888136032, -0.926407716027374, 0.0, 3.8382719596257244, 2.911864243598348, 0.08047456187763619, 0.0, 11.007542528723528, 11.088017090601166, 1.0535488948643381, 0.0, 6.975922473840479, 8.029471368704822, 0.5000000000000001
3.9971383627714068, 0.0, 0.9542464929859724, 6.264909947057382, -0.9262303171935756, 0.0, 3.86253708343654, 2.9363067662429607, 0.08047456187763619, 0.0, 11.007542528723528, 11.088017090601166, 1.0511150871524735, 0.0, 6.959807366134549, 8.010922453287028, 0.5000000000000001
4.006372168834062, 0.0, 0.9564509018036076, 6.28593385320411, -0.9260529183597772, 0.0, 3.886802207247354, 2.9607492888875715, 0.08047456187763619, 0.0, 11.007542528723528, 11.088017090601166, 1.048692498222818, 0.0, 6.943766541981401, 7.992459040204225, 0.5000000000000001
4.015605974896717, 0.0, 0.9586553106212429, 6.306998606576219, -0.9258755195259789, 0.0, 3.911067331058166, 2.9851918115321823, 0.08047456187763619, 0.0, 11.007542528723528, 11.088017090601166, 1.0462810506832723, 0.0, 6.9277994889403836, 7.974080539623661, 0.5000000000000001
4.024839780959373, 0.0, 0.9608597194388782, 6.3281042071737055, -0.9256981206921805, 0.0, 3.9353324548689796, 3.009634334176795, 0.08047456187763619, 0.0, 11.007542528723528, 11.088017090601166, 1.043880667851949, 0.0, 6.911905699273408, 7.955786367125363, 0.5000000000000001
4.034073587022028, 0.0, 0.9630641282565134, 6.349250654996572, -0.9255207218583821, 0.0, 3.9595975786797917, 3.0340768568214056, 0.08047456187763619, 0.0, 11.007542528723528, 11.088017090601166, 1.0414912737490478, 0.0, 6.896084669891154, 7.937575943640208, 0.5000000000000001
4.0433073930846835, 0.0, 0.9652685370741487, 6.370437950044818, -0.9253433230245837, 0.0, 3.9838627024906055, 3.058519379466018, 0.08047456187763619, 0.0, 11.007542528723528, 11.088017090601166, 1.039112793088835, 0.0, 6.880335902299965, 7.919448695388805, 0.5000000000000001
4.052541199147338, 0.0, 0.9674729458917839, 6.391666092318442, -0.9251659241907852, 0.0, 4.0081278263014175, 3.082961902110629, 0.08047456187763619, 0.0, 11.007542528723528, 11.088017090601166, 1.0367451512717392, 0.0, 6.864658902549506, 7.901404053821251, 0.5000000000000001
4.061775005209994, 0.0, 0.9696773547094193, 6.412935081817447, -0.9249885253569868, 0.0, 4.032392950112233, 3.1074044247552415, 0.08047456187763619, 0.0, 11.007542528723528, 11.088017090601166, 1.0343882743765485, 0.0, 6.849053181181109, 7.883441455557663, 0.5000000000000001
4.071008811272649, 0.0, 0.9718817635270545, 6.43424491854183, -0.9248111265231885, 0.0, 4.056658073923045, 3.1318469473998523, 0.08047456187763619, 0.0, 11.007542528723528, 11.088017090601166, 1.0320420891527216, 0.0, 6.833518253176846, 7.865560342329574, 0.5000000000000001
4.080242617335305, 0.0, 0.9740861723446899, 6.455595602491595, -0.9246337276893901, 0.0, 4.080923197733859, 3.156289470044465, 0.08047456187763619, 0.0, 11.007542528723528, 11.088017090601166, 1.0297065230127946, 0.0, 6.818053637909271, 7.847760160922071, 0.5000000000000001
4.08947642339796, 0.0, 0.976290581162325, 6.476987133666736, -0.9244563288555917, 0.0, 4.105188321544671, 3.1807319926890756, 0.08047456187763619, 0.0, 11.007542528723528, 11.088017090601166, 1.0273815040248995, 0.0, 6.80265885909186, 7.8300403631167645, 0.5000000000000001
4.098710229460616, 0.0, 0.9784949899799604, 6.498419512067258, -0.9242789300217933, 0.0, 4.129453445355488, 3.2051745153336917, 0.08047456187763619, 0.0, 11.007542528723528, 11.088017090601166, 1.025066960905374, 0.0, 6.7873334447301, 7.81240040563548, 0.5000000000000001
4.107944035523271, 0.0, 0.9806993987975956, 6.519892737693158, -0.9241015311879949, 0.0, 4.1537185691663, 3.2296170379783025, 0.08047456187763619, 0.0, 11.007542528723528, 11.088017090601166, 1.0227628230114825, 0.0, 6.772076927073275, 7.794839750084763, 0.5000000000000001
4.117177841585926, 0.0, 0.9829038076152309, 6.541406810544438, -0.9239241323541965, 0.0, 4.177983692977112, 3.2540595606229132, 0.08047456187763619, 0.0, 11.007542528723528, 11.088017090601166, 1.0204690203342235, 0.0, 6.756888842566854, 7.777357862901082, 0.5000000000000001
4.126411647648582, 0.0, 0.9851082164328662, 6.5629617306210974, -0.9237467335203982, 0.0, 4.202248816787928, 3.278502083267526, 0.08047456187763619, 0.0, 11.007542528723528, 11.088017090601166, 1.0181854834912414, 0.0, 6.741768731805548, 7.759954215296794, 0.5000000000000001
4.135645453711237, 0.0, 0.9873126252505015, 6.584557497923136, -0.9235693346865997, 0.0, 4.22651394059874, 3.3029446059121366, 0.08047456187763619, 0.0, 11.007542528723528, 11.088017090601166, 1.0159121437198326, 0.0, 6.726716139487002, 7.74262828320684, 0.5000000000000001
4.144879259773893, 0.0, 0.9895170340681367, 6.606194112450555, -0.9233919358528013, 0.0, 4.250779064409554, 3.327387128556749, 0.08047456187763619, 0.0, 11.007542528723528, 11.088017090601166, 1.0136489328700387, 0.0, 6.711730614366073, 7.725379547236117, 0.5000000000000001
4.1541130658365475, 0.0, 0.9917214428857719, 6.627871574203351, -0.9232145370190029, 0.0, 4.275044188220366, 3.35182965120136, 0.08047456187763619, 0.0, 11.007542528723528, 11.088017090601166, 1.0113957833978409, 0.0, 6.696811709209754, 7.708207492607601, 0.5000000000000001
4.163346871899203, 0.0, 0.9939258517034073, 6.6495898831815285, -0.9230371381852045, 0.0, 4.29930931203118, 3.3762721738459724, 0.08047456187763619, 0.0, 11.007542528723528, 11.088017090601166, 1.009152628358438, 0.0, 6.681958980752672, 7.691111609111116, 0.5000000000000001
4.172580677961858, 0.0, 0.9961302605210425, 6.671349039385084, -0.9228597393514061, 0.0, 4.323574435841992, 3.400714696490583, 0.08047456187763619, 0.0, 11.007542528723528, 11.088017090601166, 1.006919401399617, 0.0, 6.667171989653191, 7.674091391052813, 0.5000000000000001
4.181814484024515, 0.0, 0.9983346693386779, 6.69314904281402, -0.9226823405176077, 0.0, 4.347839559652809, 3.4251572191351976, 0.08047456187763619, 0.0, 11.007542528723528, 11.088017090601166, 1.0046960367552098, 0.0, 6.6524503004500914, 7.657146337205306, 0.5000000000000001
4.19104829008717, 0.0, 1.000539078156313, 6.714989893468332, -0.9225049416838094, 0.0, 4.372104683463621, 3.4495997417798083, 0.08047456187763619, 0.0, 11.007542528723528, 11.088017090601166, 1.0024824692386392, 0.0, 6.637793481519825, 7.640275950758469, 0.5000000000000001
4.2002820961498255, 0.0, 1.0027434869739484, 6.736871591348028, -0.922327542850011, 0.0, 4.396369807274437, 3.474042264424421, 0.08047456187763619, 0.0, 11.007542528723528, 11.088017090601166, 1.0002786342365455, 0.0, 6.623201105034327, 7.623479739270878, 0.5000000000000001
4.20951590221248, 0.0, 1.0049478957915836, 6.7587941364531, -0.9221501440162125, 0.0, 4.420634931085249, 3.4984847870690317, 0.08047456187763619, 0.0, 11.007542528723528, 11.088017090601166, 0.9980844677025023, 0.0, 6.608672746919393, 7.606757214621902, 0.5000000000000001
4.218749708275135, 0.0, 1.0071523046092188, 6.7807575287835515, -0.9219727451824141, 0.0, 4.444900054896061, 3.5229273097136424, 0.08047456187763619, 0.0, 11.007542528723528, 11.088017090601166, 0.9958999061508095, 0.0, 6.594207986813595, 7.590107892964411, 0.5000000000000001
4.227983514337791, 0.0, 1.0093567134268542, 6.802761768339384, -0.9217953463486157, 0.0, 4.4691651787068745, 3.547369832358255, 0.08047456187763619, 0.0, 11.007542528723528, 11.088017090601166, 0.9937248866503718, 0.0, 6.579806408027736, 7.573531294678113, 0.5000000000000001
4.237217320400446, 0.0, 1.0115611222444894, 6.8248068551205945, -0.9216179475148174, 0.0, 4.4934303025176865, 3.5718123550028658, 0.08047456187763619, 0.0, 11.007542528723528, 11.088017090601166, 0.9915593468186561, 0.0, 6.565467597504843, 7.557026944323504, 0.5000000000000001
4.246451126463102, 0.0, 1.0137655310621247, 6.846892789127185, -0.921440548681019, 0.0, 4.517695426328502, 3.5962548776474783, 0.08047456187763619, 0.0, 11.007542528723528, 11.088017090601166, 0.9894032248157253, 0.0, 6.5511911457806695, 7.5405943705964, 0.5000000000000001
4.255684932525757, 0.0, 1.01596993987976, 6.8690195703591534, -0.9212631498472206, 0.0, 4.541960550139314, 3.620697400292089, 0.08047456187763619, 0.0, 11.007542528723528, 11.088017090601166, 0.9872564593383545, 0.0, 6.536976646944729, 7.524233106283089, 0.5000000000000001
4.264918738588412, 0.0, 1.0181743486973953, 6.891187198816504, -0.9210857510134222, 0.0, 4.566225673950128, 3.6451399229367016, 0.08047456187763619, 0.0, 11.007542528723528, 11.088017090601166, 0.9851189896142181, 0.0, 6.522823698601807, 7.507942688216031, 0.5000000000000001
4.274152544651067, 0.0, 1.0203787575150305, 6.913395674499231, -0.9209083521796237, 0.0, 4.59049079776094, 3.6695824455813124, 0.08047456187763619, 0.0, 11.007542528723528, 11.088017090601166, 0.9829907553961577, 0.0, 6.508731901834012, 7.4917226572301745, 0.5000000000000001
4.283386350713724, 0.0, 1.0225831663326659, 6.93564499740734, -0.9207309533458253, 0.0, 4.614755921571757, 3.6940249682259285, 0.08047456187763619, 0.0, 11.007542528723528, 11.088017090601166, 0.9808716969565191, 0.0, 6.49470086116327, 7.475572558119795, 0.5000000000000001
4.292620156776379, 0.0, 1.024787575150301, 6.957935167540826, -0.9205535545120269, 0.0, 4.639021045382569, 3.7184674908705375, 0.08047456187763619, 0.0, 11.007542528723528, 11.088017090601166, 0.9787617550815675, 0.0, 6.480730184514355, 7.459491939595928, 0.5000000000000001
4.301853962839034, 0.0, 1.0269919839679362, 6.9802661848996905, -0.9203761556782286, 0.0, 4.663286169193381, 3.7429100135151483, 0.08047456187763619, 0.0, 11.007542528723528, 11.088017090601166, 0.9766608710659691, 0.0, 6.466819483178342, 7.443480354244317, 0.5000000000000001
4.3110877689016895, 0.0, 1.0291963927855716, 7.002638049483937, -0.9201987568444302, 0.0, 4.687551293004195, 3.767352536159761, 0.08047456187763619, 0.0, 11.007542528723528, 11.088017090601166, 0.9745689867073482, 0.0, 6.452968371776571, 7.4275373584839235, 0.5000000000000001
4.320321574964345, 0.0, 1.031400801603207, 7.025050761293563, -0.9200213580106318, 0.0, 4.711816416815011, 3.791795058804375, 0.08047456187763619, 0.0, 11.007542528723528, 11.088017090601166, 0.9724860443009119, 0.0, 6.439176468225056, 7.4116625125259725, 0.5000000000000001
4.329555381027, 0.0, 1.0336052104208422, 7.047504320328565, -0.9198439591768334, 0.0, 4.736081540625823, 3.816237581448986, 0.08047456187763619, 0.0, 11.007542528723528, 11.088017090601166, 0.9704119866341446, 0.0, 6.425443393699354, 7.3958553803335025, 0.5000000000000001
4.338789187089655, 0.0, 1.0358096192384774, 7.069998726588948, -0.919666560343035, 0.0, 4.760346664436635, 3.840680104093595, 0.08047456187763619, 0.0, 11.007542528723528, 11.088017090601166, 0.9683467569815682, 0.0, 6.41176877259987, 7.380115529581443, 0.5000000000000001
4.348022993152311, 0.0, 1.0380140280561128, 7.092533980074711, -0.9194891615092365, 0.0, 4.784611788247449, 3.8651226267382093, 0.08047456187763619, 0.0, 11.007542528723528, 11.088017090601166, 0.9662902990995719, 0.0, 6.398152232517625, 7.364442531617202, 0.5000000000000001
4.357256799214966, 0.0, 1.040218436873748, 7.115110080785851, -0.9193117626754382, 0.0, 4.808876912058261, 3.8895651493828183, 0.08047456187763619, 0.0, 11.007542528723528, 11.088017090601166, 0.9642425572213063, 0.0, 6.384593404200448, 7.348835961421759, 0.5000000000000001
4.366490605277622, 0.0, 1.0424228456913833, 7.137727028722374, -0.9191343638416398, 0.0, 4.833142035869074, 3.9140076720274326, 0.08047456187763619, 0.0, 11.007542528723528, 11.088017090601166, 0.9622034760516412, 0.0, 6.371091921519587, 7.333295397571233, 0.5000000000000001
4.375724411340277, 0.0, 1.0446272545090185, 7.160384823884273, -0.9189569650078414, 0.0, 4.85740715967989, 3.938450194672045, 0.08047456187763619, 0.0, 11.007542528723528, 11.088017090601166, 0.9601730007621901, 0.0, 6.3576474214367655, 7.317820422198961, 0.5000000000000001
4.384958217402932, 0.0, 1.0468316633266537, 7.183083466271552, -0.918779566174043, 0.0, 4.881672283490702, 3.962892717316656, 0.08047456187763619, 0.0, 11.007542528723528, 11.088017090601166, 0.9581510769863949, 0.0, 6.34425954397164, 7.30241062095804, 0.5000000000000001
4.394192023465588, 0.0, 1.049036072144289, 7.205822955884212, -0.9186021673402446, 0.0, 4.905937407301516, 3.9873352399612685, 0.08047456187763619, 0.0, 11.007542528723528, 11.088017090601166, 0.9561376508146732, 0.0, 6.330927932169663, 7.287065582984342, 0.5000000000000001
4.403425829528244, 0.0, 1.0512404809619245, 7.228603292722251, -0.9184247685064462, 0.0, 4.930202531112331, 4.011777762605881, 0.08047456187763619, 0.0, 11.007542528723528, 11.088017090601166, 0.9541326687896274, 0.0, 6.317652232070368, 7.271784900860001, 0.5000000000000001
4.412659635590899, 0.0, 1.0534448897795596, 7.251424476785668, -0.9182473696726479, 0.0, 4.9544676549231434, 4.036220285250492, 0.08047456187763619, 0.0, 11.007542528723528, 11.088017090601166, 0.9521360779013145, 0.0, 6.30443209267604, 7.25656817057736, 0.5000000000000001
4.421893441653554, 0.0, 1.0556492985971948, 7.274286508074463, -0.9180699708388494, 0.0, 4.9787327787339555, 4.060662807895103, 0.08047456187763619, 0.0, 11.007542528723528, 11.088017090601166, 0.9501478255825726, 0.0, 6.291267165920777, 7.241414991503355, 0.5000000000000001
4.431127247716209, 0.0, 1.0578537074148302, 7.2971893865886415, -0.917892572005051, 0.0, 5.002997902544769, 4.085105330539715, 0.08047456187763619, 0.0, 11.007542528723528, 11.088017090601166, 0.948167859704408, 0.0, 6.278157106639946, 7.226324966344359, 0.5000000000000001
4.440361053778864, 0.0, 1.0600581162324654, 7.320133112328195, -0.9177151731712526, 0.0, 5.027263026355581, 4.109547853184326, 0.08047456187763619, 0.0, 11.007542528723528, 11.088017090601166, 0.9461961285714403, 0.0, 6.26510157254002, 7.211297701111466, 0.5000000000000001
4.44959485984152, 0.0, 1.0622625250501008, 7.343117685293131, -0.9175377743374542, 0.0, 5.051528150166397, 4.1339903758289385, 0.08047456187763619, 0.0, 11.007542528723528, 11.088017090601166, 0.9442325809174016, 0.0, 6.252100224168781, 7.196332805086188, 0.5000000000000001
4.458828665904175, 0.0, 1.064466933867736, 7.366143105483444, -0.9173603755036558, 0.0, 5.075793273977209, 4.158432898473549, 0.08047456187763619, 0.0, 11.007542528723528, 11.088017090601166, 0.9422771659006949, 0.0, 6.239152724885907, 7.181429890786607, 0.5000000000000001
4.468062471966831, 0.0, 1.0666713426853711, 7.389209372899137, -0.9171829766698574, 0.0, 5.100058397788023, 4.182875421118162, 0.08047456187763619, 0.0, 11.007542528723528, 11.088017090601166, 0.9403298331000042, 0.0, 6.226258740833905, 7.166588573933914, 0.5000000000000001
4.4772962780294865, 0.0, 1.0688757515030065, 7.41231648754021, -0.9170055778360591, 0.0, 5.1243235215988365, 4.207317943762774, 0.08047456187763619, 0.0, 11.007542528723528, 11.088017090601166, 0.9383905325099623, 0.0, 6.213417940909429, 7.151808473419396, 0.5000000000000001
4.486530084092142, 0.0, 1.071080160320642, 7.435464449406663, -0.9168281790022607, 0.0, 5.148588645409652, 4.231760466407387, 0.08047456187763619, 0.0, 11.007542528723528, 11.088017090601166, 0.9364592145368693, 0.0, 6.200629996734929, 7.137089211271804, 0.5000000000000001
4.495763890154797, 0.0, 1.073284569138277, 7.458653258498494, -0.9166507801684622, 0.0, 5.172853769220464, 4.256202989051998, 0.08047456187763619, 0.0, 11.007542528723528, 11.088017090601166, 0.9345358299944659, 0.0, 6.187894582630663, 7.122430412625134, 0.5000000000000001
4.504997696217452, 0.0, 1.0754889779559123, 7.481882914815703, -0.9164733813346638, 0.0, 5.197118893031276, 4.2806455116966085, 0.08047456187763619, 0.0, 11.007542528723528, 11.088017090601166, 0.9326203300997563, 0.0, 6.175211375587041, 7.107831705686802, 0.5000000000000001
4.514231502280108, 0.0, 1.0776933867735476, 7.505153418358294, -0.9162959825008654, 0.0, 5.22138401684209, 4.305088034341221, 0.08047456187763619, 0.0, 11.007542528723528, 11.088017090601166, 0.9307126664688855, 0.0, 6.162580055237326, 7.0932927217062165, 0.5000000000000001
4.523465308342764, 0.0, 1.079897795591183, 7.528464769126264, -0.916118583667067, 0.0, 5.2456491406529056, 4.329530556985834, 0.08047456187763619, 0.0, 11.007542528723528, 11.088017090601166, 0.9288127911130647, 0.0, 6.150000303830655, 7.078813094943725, 0.5000000000000001
4.5326991144054185, 0.0, 1.0821022044088182, 7.551816967119611, -0.9159411848332687, 0.0, 5.269914264463718, 4.353973079630444, 0.08047456187763619, 0.0, 11.007542528723528, 11.088017090601166, 0.9269206564345474, 0.0, 6.137471806205396, 7.064392462639948, 0.5000000000000001
4.541932920468073, 0.0, 1.0843066132264534, 7.575210012338338, -0.9157637859994703, 0.0, 5.29417938827453, 4.378415602275055, 0.08047456187763619, 0.0, 11.007542528723528, 11.088017090601166, 0.925036215222654, 0.0, 6.124994249762825, 7.0500304649854835, 0.5000000000000001
4.551166726530729, 0.0, 1.0865110220440888, 7.5986439047824454, -0.9155863871656719, 0.0, 5.318444512085343, 4.402858124919668, 0.08047456187763619, 0.0, 11.007542528723528, 11.088017090601166, 0.9231594206498456, 0.0, 6.112567324441128, 7.035726745090979, 0.5000000000000001
4.560400532593385, 0.0, 1.088715430861724, 7.62211864445193, -0.9154089883318735, 0.0, 5.342709635896159, 4.427300647564282, 0.08047456187763619, 0.0, 11.007542528723528, 11.088017090601166, 0.9212902262678454, 0.0, 6.10019072268972, 7.021480948957571, 0.5000000000000001
4.569634338656041, 0.0, 1.0909198396793593, 7.645634231346797, -0.915231589498075, 0.0, 5.366974759706973, 4.4517431702088945, 0.08047456187763619, 0.0, 11.007542528723528, 11.088017090601166, 0.9194285860038063, 0.0, 6.087864139443871, 7.007292725447683, 0.5000000000000001
4.578868144718696, 0.0, 1.0931242484969945, 7.669190665467041, -0.9150541906642766, 0.0, 5.391239883517785, 4.476185692853505, 0.08047456187763619, 0.0, 11.007542528723528, 11.088017090601166, 0.917574454156526, 0.0, 6.0755872720996456, 6.993161726256177, 0.5000000000000001
4.5881019507813505, 0.0, 1.0953286573146297, 7.692787946812665, -0.9148767918304783, 0.0, 5.415505007328597, 4.500628215498114, 0.08047456187763619, 0.0, 11.007542528723528, 11.088017090601166, 0.9157277853927064, 0.0, 6.0633598204891275, 6.979087605881839, 0.5000000000000001
4.597335756844006, 0.0, 1.097533066132265, 7.716426075383668, -0.9146993929966799, 0.0, 5.439770131139411, 4.525070738142729, 0.08047456187763619, 0.0, 11.007542528723528, 11.088017090601166, 0.9138885347432593, 0.0, 6.051181486855969, 6.9650700215992325, 0.5000000000000001
4.606569562906661, 0.0, 1.0997374749499003, 7.74010505118005, -0.9145219941628815, 0.0, 5.464035254950223, 4.549513260787338, 0.08047456187763619, 0.0, 11.007542528723528, 11.088017090601166, 0.9120566575996569, 0.0, 6.039051975831218, 6.95110863343088, 0.5000000000000001
4.615803368969317, 0.0, 1.1019418837675357, 7.763824874201813, -0.9143445953290831, 0.0, 5.488300378761038, 4.573955783431952, 0.08047456187763619, 0.0, 11.007542528723528, 11.088017090601166, 0.910232109710324, 0.0, 6.026970994409435, 6.937203104119764, 0.5000000000000001
4.625037175031972, 0.0, 1.1041462925851708, 7.7875855444489535, -0.9141671964952847, 0.0, 5.51256550257185, 4.598398306076561, 0.08047456187763619, 0.0, 11.007542528723528, 11.088017090601166, 0.9084148471770757, 0.0, 6.014938251925103, 6.923353099102183, 0.5000000000000001
4.634270981094627, 0.0, 1.106350701402806, 7.811387061921472, -0.9139897976614864, 0.0, 5.536830626382662, 4.622840828721172, 0.08047456187763619, 0.0, 11.007542528723528, 11.088017090601166, 0.9066048264515961, 0.0, 6.002953460029312, 6.909558286480913, 0.5000000000000001
4.643504787157283, 0.0, 1.1085551102204416, 7.835229426619376, -0.9138123988276878, 0.0, 5.56109575019348, 4.647283351365788, 0.08047456187763619, 0.0, 11.007542528723528, 11.088017090601166, 0.9048020043319601, 0.0, 5.991016332666728, 6.895818336998692, 0.5000000000000001
4.652738593219939, 0.0, 1.1107595190380768, 7.859112638542653, -0.9136349999938895, 0.0, 5.5853608740042935, 4.6717258740104, 0.08047456187763619, 0.0, 11.007542528723528, 11.088017090601166, 0.9030063379591968, 0.0, 5.979126586052839, 6.882132924012041, 0.5000000000000001
4.661972399282594, 0.0, 1.112963927855712, 7.883036697691311, -0.9134576011600911, 0.0, 5.6096259978151055, 4.696168396655011, 0.08047456187763619, 0.0, 11.007542528723528, 11.088017090601166, 0.9012177848138915, 0.0, 5.967283938651458, 6.8685017234653545, 0.5000000000000001
4.671206205345249, 0.0, 1.1151683366733471, 7.907001604065347, -0.9132802023262927, 0.0, 5.6338911216259175, 4.720610919299622, 0.08047456187763619, 0.0, 11.007542528723528, 11.088017090601166, 0.8994363027128306, 0.0, 5.955488111152502, 6.854924413865337, 0.5000000000000001
4.680440011407905, 0.0, 1.1173727454909825, 7.931007357664766, -0.9131028034924943, 0.0, 5.658156245436731, 4.7450534419442345, 0.08047456187763619, 0.0, 11.007542528723528, 11.088017090601166, 0.8976618498056852, 0.0, 5.943738826450038, 6.841400676255728, 0.5000000000000001
4.689673817470561, 0.0, 1.119577154308618, 7.955053958489564, -0.9129254046586959, 0.0, 5.682421369247547, 4.769495964588847, 0.08047456187763619, 0.0, 11.007542528723528, 11.088017090601166, 0.895894384571734, 0.0, 5.932035809620582, 6.827930194192321, 0.5000000000000001
4.6989076235332154, 0.0, 1.121781563126253, 7.979141406539738, -0.9127480058248976, 0.0, 5.706686493058359, 4.793938487233458, 0.08047456187763619, 0.0, 11.007542528723528, 11.088017090601166, 0.8941338658166246, 0.0, 5.9203787879016545, 6.8145126537182845, 0.5000000000000001
4.70814142959587, 0.0, 1.1239859719438883, 8.003269701815292, -0.9125706069910992, 0.0, 5.730951616869171, 4.818381009878069, 0.08047456187763619, 0.0, 11.007542528723528, 11.088017090601166, 0.8923802526691726, 0.0, 5.908767490670588, 6.801147743339765, 0.5000000000000001
4.717375235658526, 0.0, 1.1261903807615237, 8.027438844316226, -0.9123932081573007, 0.0, 5.755216740679985, 4.842823532522681, 0.08047456187763619, 0.0, 11.007542528723528, 11.088017090601166, 0.8906335045781993, 0.0, 5.897201649423583, 6.787835154001787, 0.5000000000000001
4.726609041721181, 0.0, 1.1283947895791588, 8.051648834042538, -0.9122158093235023, 0.0, 5.779481864490797, 4.867266055167292, 0.08047456187763619, 0.0, 11.007542528723528, 11.088017090601166, 0.8888935813094064, 0.0, 5.8856809977550215, 6.774574579064432, 0.5000000000000001
4.735842847783837, 0.0, 1.1305991983967942, 8.075899670994232, -0.9120384104897039, 0.0, 5.803746988301612, 4.8917085778119045, 0.08047456187763619, 0.0, 11.007542528723528, 11.088017090601166, 0.8871604429422852, 0.0, 5.874205271336996, 6.761365714279286, 0.5000000000000001
4.745076653846493, 0.0, 1.1328036072144294, 8.100191355171305, -0.9118610116559055, 0.0, 5.828012112112426, 4.916151100456517, 0.08047456187763619, 0.0, 11.007542528723528, 11.088017090601166, 0.8854340498670652, 0.0, 5.8627742078991085, 6.748208257766178, 0.5000000000000001
4.7543104599091475, 0.0, 1.1350080160320646, 8.124523886573755, -0.9116836128221071, 0.0, 5.852277235923238, 4.940593623101128, 0.08047456187763619, 0.0, 11.007542528723528, 11.088017090601166, 0.8837143627816956, 0.0, 5.851387547208484, 6.735101909990184, 0.5000000000000001
4.763544265971803, 0.0, 1.1372124248497, 8.148897265201587, -0.9115062139883088, 0.0, 5.876542359734054, 4.96503614574574, 0.08047456187763619, 0.0, 11.007542528723528, 11.088017090601166, 0.8820013426888624, 0.0, 5.840045031050016, 6.722046373738883, 0.5000000000000001
4.772778072034458, 0.0, 1.1394168336673351, 8.173311491054795, -0.9113288151545104, 0.0, 5.900807483544866, 4.989478668390351, 0.08047456187763619, 0.0, 11.007542528723528, 11.088017090601166, 0.8802949508930422, 0.0, 5.828746403206861, 6.709041354099908, 0.5000000000000001
4.782011878097114, 0.0, 1.1416212424849705, 8.197766564133385, -0.911151416320712, 0.0, 5.92507260735568, 5.013921191034964, 0.08047456187763619, 0.0, 11.007542528723528, 11.088017090601166, 0.8785951489975864, 0.0, 5.817491409441134, 6.696086558438725, 0.5000000000000001
4.791245684159769, 0.0, 1.1438256513026057, 8.222262484437353, -0.9109740174869135, 0.0, 5.949337731166492, 5.0383637136795745, 0.08047456187763619, 0.0, 11.007542528723528, 11.088017090601166, 0.8769018989018432, 0.0, 5.806279797474849, 6.683181696376696, 0.5000000000000001
4.800479490222424, 0.0, 1.146030060120241, 8.2467992519667, -0.9107966186531151, 0.0, 5.973602854977304, 5.062806236324185, 0.08047456187763619, 0.0, 11.007542528723528, 11.088017090601166, 0.875215162798309, 0.0, 5.795111316971058, 6.670326479769372, 0.5000000000000001
4.80971329628508, 0.0, 1.1482344689378765, 8.271376866721429, -0.9106192198193167, 0.0, 5.997867978788121, 5.087248758968801, 0.08047456187763619, 0.0, 11.007542528723528, 11.088017090601166, 0.8735349031698156, 0.0, 5.783985719515229, 6.657520622685049, 0.5000000000000001
4.818947102347735, 0.0, 1.1504388777555117, 8.295995328701537, -0.9104418209855184, 0.0, 6.022133102598933, 5.11169128161341, 0.08047456187763619, 0.0, 11.007542528723528, 11.088017090601166, 0.8718610827867488, 0.0, 5.7729027585968264, 6.64476384138358, 0.5000000000000001
4.82818090841039, 0.0, 1.1526432865731469, 8.320654637907019, -0.91026442215172, 0.0, 6.046398226409745, 5.136133804258021, 0.08047456187763619, 0.0, 11.007542528723528, 11.088017090601166, 0.8701936647042976, 0.0, 5.761862189591097, 6.6320558542954, 0.5000000000000001
4.837414714473046, 0.0, 1.154847695390782, 8.345354794337883, -0.9100870233179216, 0.0, 6.070663350220559, 5.160576326902634, 0.08047456187763619, 0.0, 11.007542528723528, 11.088017090601166, 0.8685326122597365, 0.0, 5.750863769741079, 6.6193963820008195, 0.5000000000000001
4.846648520535702, 0.0, 1.1570521042084174, 8.370095797994129, -0.9099096244841232, 0.0, 6.0949284740313745, 5.185018849547248, 0.08047456187763619, 0.0, 11.007542528723528, 11.088017090601166, 0.8668778890697388, 0.0, 5.739907258139805, 6.606785147209549, 0.5000000000000001
4.8558823265983575, 0.0, 1.1592565130260528, 8.394877648875754, -0.9097322256503247, 0.0, 6.119193597842188, 5.209461372191861, 0.08047456187763619, 0.0, 11.007542528723528, 11.088017090601166, 0.8652294590277197, 0.0, 5.728992415712719, 6.594221874740444, 0.5000000000000001
4.865116132661012, 0.0, 1.161460921843688, 8.419700346982756, -0.9095548268165263, 0.0, 6.143458721653, 5.233903894836471, 0.08047456187763619, 0.0, 11.007542528723528, 11.088017090601166, 0.8635872863012102, 0.0, 5.718119005200281, 6.581706291501495, 0.5000000000000001
4.874349938723667, 0.0, 1.1636653306613232, 8.444563892315136, -0.909377427982728, 0.0, 6.167723845463812, 5.258346417481082, 0.08047456187763619, 0.0, 11.007542528723528, 11.088017090601166, 0.8619513353292602, 0.0, 5.707286791140773, 6.569238126470038, 0.5000000000000001
4.883583744786323, 0.0, 1.1658697394789586, 8.4694682848729, -0.9092000291489296, 0.0, 6.191988969274628, 5.282788940125695, 0.08047456187763619, 0.0, 11.007542528723528, 11.088017090601166, 0.8603215708198719, 0.0, 5.696495539853312, 6.5568171106731885, 0.5000000000000001
4.892817550848978, 0.0, 1.1680741482965937, 8.49441352465604, -0.9090226303151312, 0.0, 6.21625409308544, 5.307231462770305, 0.08047456187763619, 0.0, 11.007542528723528, 11.088017090601166, 0.8586979577474632, 0.0, 5.685745019421039, 6.544442977168507, 0.5000000000000001
4.902051356911634, 0.0, 1.1702785571142291, 8.51939961166456, -0.9088452314813328, 0.0, 6.240519216896254, 5.331673985414918, 0.08047456187763619, 0.0, 11.007542528723528, 11.088017090601166, 0.8570804613503561, 0.0, 5.675034999674506, 6.532115461024866, 0.5000000000000001
4.911285162974289, 0.0, 1.1724829659318643, 8.544426545898459, -0.9086678326475344, 0.0, 6.264784340707066, 5.356116508059529, 0.08047456187763619, 0.0, 11.007542528723528, 11.088017090601166, 0.855469047128298, 0.0, 5.6643652521752506, 6.519834299303553, 0.5000000000000001
4.9205189690369435, 0.0, 1.1746873747494995, 8.569494327357736, -0.9084904338137361, 0.0, 6.289049464517878, 5.380559030704138, 0.08047456187763619, 0.0, 11.007542528723528, 11.088017090601166, 0.8538636808400072, 0.0, 5.653735550199554, 6.507599231039565, 0.5000000000000001
4.9297527750996, 0.0, 1.1768917835671349, 8.594602956042396, -0.9083130349799375, 0.0, 6.313314588328695, 5.405001553348754, 0.08047456187763619, 0.0, 11.007542528723528, 11.088017090601166, 0.8522643285007485, 0.0, 5.643145668722376, 6.495409997223129, 0.5000000000000001
4.938986581162255, 0.0, 1.17909619238477, 8.619752431952431, -0.9081356361461392, 0.0, 6.337579712139507, 5.429444075993365, 0.08047456187763619, 0.0, 11.007542528723528, 11.088017090601166, 0.8506709563799352, 0.0, 5.632595384401492, 6.483266340781432, 0.5000000000000001
4.948220387224911, 0.0, 1.1813006012024054, 8.644942755087849, -0.9079582373123408, 0.0, 6.361844835950321, 5.453886598637977, 0.08047456187763619, 0.0, 11.007542528723528, 11.088017090601166, 0.8490835309987567, 0.0, 5.6220844755617705, 6.471168006560531, 0.5000000000000001
4.957454193287566, 0.0, 1.1835050100200406, 8.670173925448644, -0.9077808384785424, 0.0, 6.386109959761133, 5.478329121282588, 0.08047456187763619, 0.0, 11.007542528723528, 11.088017090601166, 0.8475020191278346, 0.0, 5.611612722179664, 6.459114741307503, 0.5000000000000001
4.966687999350221, 0.0, 1.1857094188376758, 8.695445943034816, -0.907603439644744, 0.0, 6.410375083571945, 5.502771643927199, 0.08047456187763619, 0.0, 11.007542528723528, 11.088017090601166, 0.8459263877849037, 0.0, 5.601179905867845, 6.4471062936527535, 0.5000000000000001
4.975921805412877, 0.0, 1.1879138276553114, 8.720758807846375, -0.9074260408109456, 0.0, 6.434640207382762, 5.527214166571813, 0.08047456187763619, 0.0, 11.007542528723528, 11.088017090601166, 0.844356604232519, 0.0, 5.590785809860032, 6.435142414092555, 0.5000000000000001
4.985155611475532, 0.0, 1.1901182364729466, 8.746112519883308, -0.9072486419771473, 0.0, 6.4589053311935745, 5.551656689216424, 0.08047456187763619, 0.0, 11.007542528723528, 11.088017090601166, 0.8427926359757895, 0.0, 5.580430218995977, 6.423222854971771, 0.5000000000000001
4.994389417538187, 0.0, 1.1923226452905817, 8.77150707914562, -0.9070712431433489, 0.0, 6.4831704550043865, 5.576099211861035, 0.08047456187763619, 0.0, 11.007542528723528, 11.088017090601166, 0.8412344507601339, 0.0, 5.5701129197066095, 6.411347370466747, 0.5000000000000001
5.003623223600842, 0.0, 1.194527054108217, 8.796942485633311, -0.9068938443095504, 0.0, 6.5074355788151985, 5.600541734505645, 0.08047456187763619, 0.0, 11.007542528723528, 11.088017090601166, 0.8396820165690653, 0.0, 5.559833699999365, 6.399515716568436, 0.5000000000000001
5.012857029663498, 0.0, 1.1967314629258523, 8.822418739346382, -0.906716445475752, 0.0, 6.531700702626014, 5.624984257150258, 0.08047456187763619, 0.0, 11.007542528723528, 11.088017090601166, 0.8381353016219967, 0.0, 5.549592349443661, 6.387727651065663, 0.5000000000000001
5.0220908357261544, 0.0, 1.1989358717434877, 8.847935840284835, -0.9065390466419536, 0.0, 6.55596582643683, 5.649426779794872, 0.08047456187763619, 0.0, 11.007542528723528, 11.088017090601166, 0.8365942743720735, 0.0, 5.5393886591565344, 6.375982933528612, 0.5000000000000001
5.031324641788809, 0.0, 1.2011402805611229, 8.873493788448663, -0.9063616478081552, 0.0, 6.580230950247642, 5.673869302439483, 0.08047456187763619, 0.0, 11.007542528723528, 11.088017090601166, 0.8350589035040286, 0.0, 5.529222421788449, 6.364281325292483, 0.5000000000000001
5.040558447851464, 0.0, 1.203344689378758, 8.899092583837872, -0.9061842489743568, 0.0, 6.604496074058454, 5.698311825084094, 0.08047456187763619, 0.0, 11.007542528723528, 11.088017090601166, 0.83352915793206, 0.0, 5.51909343150924, 6.352622589441304, 0.5000000000000001
5.04979225391412, 0.0, 1.2055490981963934, 8.924732226452463, -0.9060068501405585, 0.0, 6.628761197869269, 5.722754347728706, 0.08047456187763619, 0.0, 11.007542528723528, 11.088017090601166, 0.832005006797734, 0.0, 5.509001483994224, 6.341006490791963, 0.5000000000000001
5.059026059976775, 0.0, 1.2077535070140286, 8.950412716292428, -0.9058294513067601, 0.0, 6.653026321680081, 5.747196870373317, 0.08047456187763619, 0.0, 11.007542528723528, 11.088017090601166, 0.8304864194679105, 0.0, 5.49894637641047, 6.329432795878385, 0.5000000000000001
5.068259866039431, 0.0, 1.209957915831664, 8.976134053357777, -0.9056520524729617, 0.0, 6.677291445490895, 5.77163939301793, 0.08047456187763619, 0.0, 11.007542528723528, 11.088017090601166, 0.828973365532689, 0.0, 5.488927907403197, 6.317901272935891, 0.5000000000000001
5.077493672102086, 0.0, 1.2121623246492992, 9.001896237648502, -0.9054746536391632, 0.0, 6.701556569301707, 5.7960819156625405, 0.08047456187763619, 0.0, 11.007542528723528, 11.088017090601166, 0.8274658148033808, 0.0, 5.478945877082347, 6.306411691885732, 0.5000000000000001
5.0867274781647405, 0.0, 1.2143667334669344, 9.027699269164607, -0.9052972548053648, 0.0, 6.725821693112519, 5.820524438307151, 0.08047456187763619, 0.0, 11.007542528723528, 11.088017090601166, 0.8259637373104997, 0.0, 5.469000087009273, 6.294963824319777, 0.5000000000000001
5.095961284227396, 0.0, 1.2165711422845698, 9.053543147906094, -0.9051198559715665, 0.0, 6.750086816923335, 5.844966960951764, 0.08047456187763619, 0.0, 11.007542528723528, 11.088017090601166, 0.8244671033017764, 0.0, 5.459090340183606, 6.283557443485387, 0.5000000000000001
5.105195090290052, 0.0, 1.2187755511022051, 9.07942787387296, -0.9049424571377681, 0.0, 6.774351940734149, 5.869409483596378, 0.08047456187763619, 0.0, 11.007542528723528, 11.088017090601166, 0.822975883240195, 0.0, 5.449216441030242, 6.272192324270442, 0.5000000000000001
5.114428896352708, 0.0, 1.2209799599198403, 9.105353447065202, -0.9047650583039697, 0.0, 6.798617064544962, 5.893852006240991, 0.08047456187763619, 0.0, 11.007542528723528, 11.088017090601166, 0.8214900478020482, 0.0, 5.439378195386474, 6.260868243188526, 0.5000000000000001
5.123662702415363, 0.0, 1.2231843687374755, 9.131319867482825, -0.9045876594701713, 0.0, 6.822882188355776, 5.9182945288856015, 0.08047456187763619, 0.0, 11.007542528723528, 11.088017090601166, 0.8200095678750167, 0.0, 5.429575410489264, 6.249584978364284, 0.5000000000000001
5.132896508478018, 0.0, 1.2253887775551107, 9.157327135125826, -0.9044102606363729, 0.0, 6.847147312166588, 5.9427370515302105, 0.08047456187763619, 0.0, 11.007542528723528, 11.088017090601166, 0.8185344145562672, 0.0, 5.419807894962658, 6.23834230951893, 0.5000000000000001
5.142130314540674, 0.0, 1.2275931863727463, 9.18337524999421, -0.9042328618025745, 0.0, 6.871412435977404, 5.967179574174827, 0.08047456187763619, 0.0, 11.007542528723528, 11.088017090601166, 0.8170645591505709, 0.0, 5.410075458805328, 6.227140017955904, 0.5000000000000001
5.151364120603329, 0.0, 1.2297975951903815, 9.209464212087969, -0.904055462968776, 0.0, 6.895677559788216, 5.991622096819437, 0.08047456187763619, 0.0, 11.007542528723528, 11.088017090601166, 0.8155999731684443, 0.0, 5.400377913378256, 6.215977886546705, 0.5000000000000001
5.160597926665984, 0.0, 1.2320020040080166, 9.23559402140711, -0.9038780641349777, 0.0, 6.919942683599028, 6.016064619464048, 0.08047456187763619, 0.0, 11.007542528723528, 11.088017090601166, 0.8141406283243073, 0.0, 5.390715071392542, 6.204855699716854, 0.5000000000000001
5.16983173272864, 0.0, 1.234206412825652, 9.261764677951632, -0.9037006653011793, 0.0, 6.9442078074098434, 6.040507142108661, 0.08047456187763619, 0.0, 11.007542528723528, 11.088017090601166, 0.8126864965346625, 0.0, 5.381086746897346, 6.1937732434320125, 0.5000000000000001
5.179065538791296, 0.0, 1.2364108216432874, 9.28797618172153, -0.9035232664673809, 0.0, 6.968472931220657, 6.064949664753273, 0.08047456187763619, 0.0, 11.007542528723528, 11.088017090601166, 0.811237549916294, 0.0, 5.3714927552679645, 6.182730305184263, 0.5000000000000001
5.1882993448539505, 0.0, 1.2386152304609226, 9.314228532716808, -0.9033458676335825, 0.0, 6.992738055031469, 6.089392187397884, 0.08047456187763619, 0.0, 11.007542528723528, 11.088017090601166, 0.8097937607844853, 0.0, 5.36193291319403, 6.17172667397852, 0.5000000000000001
5.197533150916605, 0.0, 1.2408196392785578, 9.340521730937464, -0.9031684687997841, 0.0, 7.017003178842281, 6.113834710042495, 0.08047456187763619, 0.0, 11.007542528723528, 11.088017090601166, 0.8083551016512553, 0.0, 5.35240703866783, 6.16076214031909, 0.5000000000000001
5.20676695697926, 0.0, 1.243024048096193, 9.366855776383499, -0.9029910699659858, 0.0, 7.041268302653093, 6.138277232687106, 0.08047456187763619, 0.0, 11.007542528723528, 11.088017090601166, 0.8069215452236146, 0.0, 5.342914950972759, 6.149836496196377, 0.5000000000000001
5.216000763041917, 0.0, 1.2452284569138283, 9.393230669054915, -0.9028136711321872, 0.0, 7.065533426463911, 6.16271975533172, 0.08047456187763619, 0.0, 11.007542528723528, 11.088017090601166, 0.8054930644018385, 0.0, 5.333456470671889, 6.138949535073732, 0.5000000000000001
5.225234569104573, 0.0, 1.2474328657314637, 9.419646408951712, -0.9026362722983889, 0.0, 7.0897985502747245, 6.1871622779763324, 0.08047456187763619, 0.0, 11.007542528723528, 11.088017090601166, 0.8040696322777616, 0.0, 5.324031419596672, 6.128101051874438, 0.5000000000000001
5.234468375167228, 0.0, 1.249637274549099, 9.446102996073886, -0.9024588734645905, 0.0, 7.1140636740855365, 6.211604800620943, 0.08047456187763619, 0.0, 11.007542528723528, 11.088017090601166, 0.8026512221330857, 0.0, 5.31463962083574, 6.1172908429688295, 0.5000000000000001
5.2437021812298825, 0.0, 1.251841683366734, 9.472600430421437, -0.9022814746307921, 0.0, 7.1383287978963486, 6.236047323265554, 0.08047456187763619, 0.0, 11.007542528723528, 11.088017090601166, 0.8012378074377088, 0.0, 5.305280898723838, 6.106518706161552, 0.5000000000000001
5.252935987292537, 0.0, 1.2540460921843692, 9.49913871199437, -0.9021040757969937, 0.0, 7.162593921707162, 6.260489845910165, 0.08047456187763619, 0.0, 11.007542528723528, 11.088017090601166, 0.799829361848072, 0.0, 5.295955078830882, 6.095784440678957, 0.5000000000000001
5.262169793355193, 0.0, 1.2562505010020046, 9.525717840792684, -0.9019266769631953, 0.0, 7.186859045517976, 6.284932368554777, 0.08047456187763619, 0.0, 11.007542528723528, 11.088017090601166, 0.7984258592055217, 0.0, 5.286661987951105, 6.085087847156632, 0.5000000000000001
5.271403599417849, 0.0, 1.25845490981964, 9.552337816816376, -0.901749278129397, 0.0, 7.21112416932879, 6.30937489119939, 0.08047456187763619, 0.0, 11.007542528723528, 11.088017090601166, 0.7970272735346905, 0.0, 5.277401454092354, 6.0744287276270486, 0.5000000000000001
5.280637405480504, 0.0, 1.2606593186372752, 9.578998640065446, -0.9015718792955986, 0.0, 7.235389293139602, 6.333817413844001, 0.08047456187763619, 0.0, 11.007542528723528, 11.088017090601166, 0.7956335790418954, 0.0, 5.268173306465462, 6.063806885507361, 0.5000000000000001
5.289871211543159, 0.0, 1.2628637274549104, 9.605700310539895, -0.9013944804618002, 0.0, 7.259654416950414, 6.358259936488611, 0.08047456187763619, 0.0, 11.007542528723528, 11.088017090601166, 0.7942447501135508, 0.0, 5.258977375473757, 6.053222125587312, 0.5000000000000001
5.2991050176058145, 0.0, 1.2650681362725458, 9.632442828239727, -0.9012170816280017, 0.0, 7.28391954076123, 6.382702459133224, 0.08047456187763619, 0.0, 11.007542528723528, 11.088017090601166, 0.7928607613145999, 0.0, 5.24981349270267, 6.042674254017275, 0.5000000000000001
5.308338823668471, 0.0, 1.2672725450901812, 9.659226193164937, -0.9010396827942033, 0.0, 7.308184664572045, 6.40714498177784, 0.08047456187763619, 0.0, 11.007542528723528, 11.088017090601166, 0.7914815873869624, 0.0, 5.240681490909455, 6.032163078296421, 0.5000000000000001
5.317572629731126, 0.0, 1.2694769539078163, 9.686050405315523, -0.9008622839604049, 0.0, 7.332449788382859, 6.431587504422449, 0.08047456187763619, 0.0, 11.007542528723528, 11.088017090601166, 0.790107203247998, 0.0, 5.231581204013016, 6.021688407261018, 0.5000000000000001
5.326806435793781, 0.0, 1.2716813627254515, 9.71291546469149, -0.9006848851266065, 0.0, 7.356714912193671, 6.45603002706706, 0.08047456187763619, 0.0, 11.007542528723528, 11.088017090601166, 0.7887375839889847, 0.0, 5.222512467083834, 6.011250051072823, 0.5000000000000001
5.336040241856437, 0.0, 1.273885771543087, 9.739821371292837, -0.9005074862928082, 0.0, 7.380980036004485, 6.480472549711674, 0.08047456187763619, 0.0, 11.007542528723528, 11.088017090601166, 0.7873727048736151, 0.0, 5.213475116334006, 6.000847821207625, 0.5000000000000001
5.3452740479190926, 0.0, 1.2760901803607223, 9.766768125119565, -0.9003300874590098, 0.0, 7.405245159815299, 6.504915072356287, 0.08047456187763619, 0.0, 11.007542528723528, 11.088017090601166, 0.7860125413365067, 0.0, 5.204468989107386, 5.990481530443897, 0.5000000000000001
5.3545078539817474, 0.0, 1.2782945891783575, 9.79375572617167, -0.9001526886252114, 0.0, 7.429510283626111, 6.5293575950008975, 0.08047456187763619, 0.0, 11.007542528723528, 11.088017090601166, 0.7846570689817283, 0.0, 5.195493923869824, 5.980150992851557, 0.5000000000000001
5.363741660044402, 0.0, 1.2804989979959926, 9.820784174449152, -0.899975289791413, 0.0, 7.453775407436923, 6.5538001176455065, 0.08047456187763619, 0.0, 11.007542528723528, 11.088017090601166, 0.7833062635813414, 0.0, 5.186549760199512, 5.969856023780857, 0.5000000000000001
5.372975466107057, 0.0, 1.2827034068136278, 9.847853469952014, -0.8997978909576145, 0.0, 7.4780405312477365, 6.578242640290117, 0.08047456187763619, 0.0, 11.007542528723528, 11.088017090601166, 0.7819601010739563, 0.0, 5.177636338777416, 5.959596439851376, 0.5000000000000001
5.382209272169713, 0.0, 1.2849078156312632, 9.874963612680261, -0.8996204921238162, 0.0, 7.50230565505855, 6.60268516293473, 0.08047456187763619, 0.0, 11.007542528723528, 11.088017090601166, 0.7806185575633041, 0.0, 5.16875350137783, 5.949372058941138, 0.5000000000000001
5.391443078232369, 0.0, 1.2871122244488986, 9.902114602633883, -0.8994430932900178, 0.0, 7.526570778869364, 6.627127685579344, 0.08047456187763619, 0.0, 11.007542528723528, 11.088017090601166, 0.7792816093168222, 0.0, 5.1599010908590035, 5.93918270017583, 0.5000000000000001
5.400676884295025, 0.0, 1.2893166332665338, 9.929306439812883, -0.8992656944562194, 0.0, 7.55083590268018, 6.651570208223957, 0.08047456187763619, 0.0, 11.007542528723528, 11.088017090601166, 0.7779492327642551, 0.0, 5.151078951153881, 5.92902818391814, 0.5000000000000001
5.4099106903576795, 0.0, 1.291521042084169, 9.956539124217265, -0.899088295622421, 0.0, 7.575101026490992, 6.6760127308685675, 0.08047456187763619, 0.0, 11.007542528723528, 11.088017090601166, 0.7766214044962692, 0.0, 5.142286927260926, 5.9189083317571995, 0.5000000000000001
5.419144496420335, 0.0, 1.2937254509018044, 9.983812655847025, -0.8989108967886226, 0.0, 7.5993661503018055, 6.70045525351318, 0.08047456187763619, 0.0, 11.007542528723528, 11.088017090601166, 0.7752981012630812, 0.0, 5.133524865235042, 5.9088229664981275, 0.5000000000000001
5.42837830248299, 0.0, 1.2959298597194395, 10.011127034702163, -0.8987334979548242, 0.0, 7.6236312741126175, 6.724897776157791, 0.08047456187763619, 0.0, 11.007542528723528, 11.088017090601166, 0.7739792999731023, 0.0, 5.124792612178598, 5.8987719121517035, 0.5000000000000001
5.437612108545646, 0.0, 1.298134268537075, 10.038482260782684, -0.8985560991210257, 0.0, 7.647896397923431, 6.749340298802403, 0.08047456187763619, 0.0, 11.007542528723528, 11.088017090601166, 0.7726649776915938, 0.0, 5.1160900162325165, 5.888754993924115, 0.5000000000000001
5.446845914608301, 0.0, 1.30033867735471, 10.06587833408858, -0.8983787002872274, 0.0, 7.672161521734245, 6.773782821447014, 0.08047456187763619, 0.0, 11.007542528723528, 11.088017090601166, 0.7713551116393388, 0.0, 5.107416926567492, 5.878772038206835, 0.5000000000000001
5.456079720670956, 0.0, 1.3025430861723453, 10.093315254619856, -0.898201301453429, 0.0, 7.696426645545057, 6.798225344091625, 0.08047456187763619, 0.0, 11.007542528723528, 11.088017090601166, 0.7700496791913247, 0.0, 5.098773193375256, 5.868822872566584, 0.5000000000000001
5.465313526733612, 0.0, 1.3047474949899809, 10.12079302237652, -0.8980239026196306, 0.0, 7.720691769355873, 6.822667866736239, 0.08047456187763619, 0.0, 11.007542528723528, 11.088017090601166, 0.7687486578754419, 0.0, 5.090158667859967, 5.858907325735413, 0.5000000000000001
5.474547332796267, 0.0, 1.306951903807616, 10.148311637358553, -0.8978465037858322, 0.0, 7.744956893166685, 6.84711038938085, 0.08047456187763619, 0.0, 11.007542528723528, 11.088017090601166, 0.7674520253711938, 0.0, 5.08157320222967, 5.849025227600867, 0.5000000000000001
5.483781138858922, 0.0, 1.3091563126252512, 10.175871099565967, -0.8976691049520338, 0.0, 7.769222016977497, 6.871552912025461, 0.08047456187763619, 0.0, 11.007542528723528, 11.088017090601166, 0.7661597595084201, 0.0, 5.073016649687833, 5.8391764091962575, 0.5000000000000001
5.493014944921578, 0.0, 1.3113607214428864, 10.203471408998762, -0.8974917061182354, 0.0, 7.793487140788312, 6.895995434670073, 0.08047456187763619, 0.0, 11.007542528723528, 11.088017090601166, 0.7648718382660336, 0.0, 5.064488864424998, 5.8293607026910355, 0.5000000000000001
5.502248750984234, 0.0, 1.3135651302605218, 10.231112565656936, -0.897314307284437, 0.0, 7.817752264599126, 6.920437957314686, 0.08047456187763619, 0.0, 11.007542528723528, 11.088017090601166, 0.7635882397707688, 0.0, 5.055989701610483, 5.819577941381255, 0.5000000000000001
5.5114825570468895, 0.0, 1.3157695390781572, 10.258794569540491, -0.8971369084506386, 0.0, 7.842017388409942, 6.9448804799592985, 0.08047456187763619, 0.0, 11.007542528723528, 11.088017090601166, 0.7623089422959445, 0.0, 5.04751901738419, 5.809827959680139, 0.5000000000000001
5.520716363109544, 0.0, 1.3179739478957924, 10.286517420649423, -0.8969595096168402, 0.0, 7.866282512220754, 6.969323002603909, 0.08047456187763619, 0.0, 11.007542528723528, 11.088017090601166, 0.7610339242602374, 0.0, 5.039076668848495, 5.800110593108737, 0.5000000000000001
5.529950169172199, 0.0, 1.3201783567134275, 10.314281118983732, -0.8967821107830418, 0.0, 7.890547636031566, 6.99376552524852, 0.08047456187763619, 0.0, 11.007542528723528, 11.088017090601166, 0.759763164226468, 0.0, 5.030662514060197, 5.7904256782866685, 0.5000000000000001
5.539183975234855, 0.0, 1.322382765531063, 10.342085664543426, -0.8966047119492434, 0.0, 7.91481275984238, 7.018208047893133, 0.08047456187763619, 0.0, 11.007542528723528, 11.088017090601166, 0.7584966409004, 0.0, 5.0222764120225705, 5.780773052922974, 0.5000000000000001
5.54841778129751, 0.0, 1.324587174348698, 10.369931057328495, -0.896427313115445, 0.0, 7.939077883653192, 7.042650570537743, 0.08047456187763619, 0.0, 11.007542528723528, 11.088017090601166, 0.7572343331295508, 0.0, 5.013918222677495, 5.77115255580705, 0.5000000000000001
5.557651587360166, 0.0, 1.3267915831663335, 10.397817297338946, -0.8962499142816467, 0.0, 7.9633430074640055, 7.067093093182356, 0.08047456187763619, 0.0, 11.007542528723528, 11.088017090601166, 0.7559762199020134, 0.0, 5.005587806897651, 5.761564026799669, 0.5000000000000001
5.566885393422821, 0.0, 1.3289959919839687, 10.425744384574774, -0.8960725154478483, 0.0, 7.987608131274819, 7.091535615826967, 0.08047456187763619, 0.0, 11.007542528723528, 11.088017090601166, 0.7547222803452908, 0.0, 4.997285026478803, 5.752007306824098, 0.5000000000000001
5.5761191994854755, 0.0, 1.3312004008016038, 10.45371231903598, -0.8958951166140499, 0.0, 8.011873255085632, 7.1159781384715775, 0.08047456187763619, 0.0, 11.007542528723528, 11.088017090601166, 0.7534724937251417, 0.0, 4.9890097441321535, 5.7424822378573, 0.5000000000000001
5.585353005548132, 0.0, 1.3334048096192392, 10.48172110072257, -0.8957177177802514, 0.0, 8.036138378896446, 7.140420661116194, 0.08047456187763619, 0.0, 11.007542528723528, 11.088017090601166, 0.7522268394444376, 0.0, 4.980761823476779, 5.732988662921221, 0.5000000000000001
5.594586811610787, 0.0, 1.3356092184368744, 10.509770729634536, -0.895540318946453, 0.0, 8.06040350270726, 7.164863183760803, 0.08047456187763619, 0.0, 11.007542528723528, 11.088017090601166, 0.7509852970420321, 0.0, 4.972541129032139, 5.723526426074176, 0.5000000000000001
5.603820617673443, 0.0, 1.3378136272545098, 10.537861205771883, -0.8953629201126546, 0.0, 8.084668626518074, 7.189305706405417, 0.08047456187763619, 0.0, 11.007542528723528, 11.088017090601166, 0.7497478461916387, 0.0, 4.9643475262106564, 5.714095372402298, 0.5000000000000001
5.613054423736098, 0.0, 1.340018036072145, 10.565992529134608, -0.8951855212788562, 0.0, 8.108933750328887, 7.213748229050026, 0.08047456187763619, 0.0, 11.007542528723528, 11.088017090601166, 0.7485144667007234, 0.0, 4.956180881310366, 5.704695348011094, 0.5000000000000001
5.622288229798753, 0.0, 1.3422224448897802, 10.594164699722711, -0.8950081224450579, 0.0, 8.133198874139698, 7.238190751694637, 0.08047456187763619, 0.0, 11.007542528723528, 11.088017090601166, 0.7472851385094056, 0.0, 4.948041061507657, 5.695326200017066, 0.5000000000000001
5.631522035861409, 0.0, 1.3444268537074158, 10.622377717536198, -0.8948307236112595, 0.0, 8.157463997950515, 7.262633274339253, 0.08047456187763619, 0.0, 11.007542528723528, 11.088017090601166, 0.7460598416893701, 0.0, 4.939927934850055, 5.685987776539428, 0.5000000000000001
5.640755841924064, 0.0, 1.346631262525051, 10.65063158257506, -0.8946533247774611, 0.0, 8.181729121761329, 7.2870757969838635, 0.08047456187763619, 0.0, 11.007542528723528, 11.088017090601166, 0.7448385564427914, 0.0, 4.931841370249105, 5.676679926691901, 0.5000000000000001
5.649989647986719, 0.0, 1.3488356713426861, 10.678926294839302, -0.8944759259436627, 0.0, 8.205994245572139, 7.311518319628474, 0.08047456187763619, 0.0, 11.007542528723528, 11.088017090601166, 0.7436212631012662, 0.0, 4.9237812374733085, 5.667402500574577, 0.5000000000000001
5.659223454049374, 0.0, 1.3510400801603213, 10.707261854328921, -0.8942985271098642, 0.0, 8.230259369382953, 7.335960842273083, 0.08047456187763619, 0.0, 11.007542528723528, 11.088017090601166, 0.7424079421247582, 0.0, 4.91574740714112, 5.658155349265882, 0.5000000000000001
5.66845726011203, 0.0, 1.3532444889779567, 10.735638261043924, -0.8941211282760659, 0.0, 8.254524493193767, 7.360403364917698, 0.08047456187763619, 0.0, 11.007542528723528, 11.088017090601166, 0.7411985741005527, 0.0, 4.907739750714043, 5.6489383248146, 0.5000000000000001
5.677691066174686, 0.0, 1.355448897795592, 10.764055514984307, -0.8939437294422674, 0.0, 8.278789617004584, 7.384845887562312, 0.08047456187763619, 0.0, 11.007542528723528, 11.088017090601166, 0.7399931397422206, 0.0, 4.899758140489763, 5.639751280231988, 0.5000000000000001
5.686924872237341, 0.0, 1.3576533066132273, 10.792513616150064, -0.8937663306084691, 0.0, 8.303054740815394, 7.409288410206923, 0.08047456187763619, 0.0, 11.007542528723528, 11.088017090601166, 0.7387916198885943, 0.0, 4.891802449595364, 5.630594069483962, 0.5000000000000001
5.696158678299996, 0.0, 1.3598577154308624, 10.821012564541203, -0.8935889317746707, 0.0, 8.327319864626208, 7.4337309328515335, 0.08047456187763619, 0.0, 11.007542528723528, 11.088017090601166, 0.7375939955027507, 0.0, 4.883872551980596, 5.621466547483351, 0.5000000000000001
5.705392484362652, 0.0, 1.3620621242484978, 10.849552360157723, -0.8934115329408723, 0.0, 8.351584988437022, 7.458173455496146, 0.08047456187763619, 0.0, 11.007542528723528, 11.088017090601166, 0.7364002476710075, 0.0, 4.875968322411233, 5.612368570082245, 0.5000000000000001
5.714626290425307, 0.0, 1.364266533066133, 10.87813300299962, -0.8932341341070739, 0.0, 8.375850112247832, 7.482615978140757, 0.08047456187763619, 0.0, 11.007542528723528, 11.088017090601166, 0.7352103576019268, 0.0, 4.868089636462474, 5.603299994064404, 0.5000000000000001
5.723860096487963, 0.0, 1.3664709418837684, 10.906754493066899, -0.8930567352732754, 0.0, 8.40011523605865, 7.507058500785369, 0.08047456187763619, 0.0, 11.007542528723528, 11.088017090601166, 0.7340243066253284, 0.0, 4.860236370512402, 5.594260677137735, 0.5000000000000001
5.733093902550618, 0.0, 1.3686753507014036, 10.935416830359554, -0.8928793364394771, 0.0, 8.42438035986946, 7.53150102342998, 0.08047456187763619, 0.0, 11.007542528723528, 11.088017090601166, 0.7328420761913148, 0.0, 4.852408401735542, 5.58525047792686, 0.5000000000000001
5.7423277086132725, 0.0, 1.3708797595190387, 10.964120014877587, -0.8927019376056787, 0.0, 8.448645483680274, 7.555943546074591, 0.08047456187763619, 0.0, 11.007542528723528, 11.088017090601166, 0.7316636478693028, 0.0, 4.844605608096436, 5.576269255965744, 0.5000000000000001
5.751561514675928, 0.0, 1.3730841683366741, 10.992864046621003, -0.8925245387718803, 0.0, 8.472910607491087, 7.5803860687192035, 0.08047456187763619, 0.0, 11.007542528723528, 11.088017090601166, 0.7304890033470663, 0.0, 4.836827868343315, 5.5673168716903865, 0.5000000000000001
5.760795320738583, 0.0, 1.3752885771543093, 11.021648925589798, -0.8923471399380819, 0.0, 8.497175731301898, 7.604828591363814, 0.08047456187763619, 0.0, 11.007542528723528, 11.088017090601166, 0.7293181244297879, 0.0, 4.829075062001813, 5.558393186431604, 0.5000000000000001
5.77002912680124, 0.0, 1.3774929859719447, 11.050474651783972, -0.8921697411042835, 0.0, 8.521440855112715, 7.629271114008429, 0.08047456187763619, 0.0, 11.007542528723528, 11.088017090601166, 0.7281509930391188, 0.0, 4.8213470693687395, 5.549498062407862, 0.5000000000000001
5.779262932863895, 0.0, 1.3796973947895799, 11.079341225203523, -0.8919923422704851, 0.0, 8.545705978923529, 7.653713636653039, 0.08047456187763619, 0.0, 11.007542528723528, 11.088017090601166, 0.7269875912122493, 0.0, 4.813643771505936, 5.54063136271819, 0.5000000000000001
5.78849673892655, 0.0, 1.381901803607215, 11.108248645848454, -0.8918149434366868, 0.0, 8.569971102734339, 7.67815615929765, 0.08047456187763619, 0.0, 11.007542528723528, 11.088017090601166, 0.7258279011009864, 0.0, 4.805965050234163, 5.531792951335153, 0.5000000000000001
5.797730544989206, 0.0, 1.3841062124248507, 11.137196913718768, -0.8916375446028884, 0.0, 8.594236226545156, 7.702598681942266, 0.08047456187763619, 0.0, 11.007542528723528, 11.088017090601166, 0.7246719049708413, 0.0, 4.79831078812705, 5.5229826930978945, 0.5000000000000001
5.806964351051861, 0.0, 1.3863106212424858, 11.166186028814458, -0.8914601457690899, 0.0, 8.61850135035597, 7.727041204586875, 0.08047456187763619, 0.0, 11.007542528723528, 11.088017090601166, 0.7235195852001262, 0.0, 4.790680868505124, 5.5142004537052545, 0.5000000000000001
5.816198157114516, 0.0, 1.388515030060121, 11.195215991135527, -0.8912827469352915, 0.0, 8.64276647416678, 7.751483727231486, 0.08047456187763619, 0.0, 11.007542528723528, 11.088017090601166, 0.7223709242790571, 0.0, 4.783075175429874, 5.5054460997089345, 0.5000000000000001
5.825431963177171, 0.0, 1.3907194388777562, 11.224286800681975, -0.8911053481014931, 0.0, 8.667031597977594, 7.775926249876097, 0.08047456187763619, 0.0, 11.007542528723528, 11.088017090601166, 0.7212259048088692, 0.0, 4.775493593697876, 5.49671949850675, 0.5000000000000001
5.834665769239827, 0.0, 1.3929238476953916, 11.253398457453805, -0.8909279492676947, 0.0, 8.691296721788408, 7.800368772520709, 0.08047456187763619, 0.0, 11.007542528723528, 11.088017090601166, 0.720084509500936, 0.0, 4.7679360088349805, 5.4880205183359205, 0.5000000000000001
5.8438995753024825, 0.0, 1.395128256513027, 11.282550961451015, -0.8907505504338964, 0.0, 8.715561845599222, 7.824811295165322, 0.08047456187763619, 0.0, 11.007542528723528, 11.088017090601166, 0.7189467211759013, 0.0, 4.76040230709055, 5.479349028266455, 0.5000000000000001
5.853133381365137, 0.0, 1.3973326653306621, 11.3117443126736, -0.890573151600098, 0.0, 8.739826969410036, 7.849253817809933, 0.08047456187763619, 0.0, 11.007542528723528, 11.088017090601166, 0.7178125227628163, 0.0, 4.752892375431751, 5.470704898194571, 0.5000000000000001
5.862367187427793, 0.0, 1.3995370741482973, 11.340978511121566, -0.8903957527662996, 0.0, 8.76409209322085, 7.873696340454547, 0.08047456187763619, 0.0, 11.007542528723528, 11.088017090601166, 0.7166818972982851, 0.0, 4.745406101537899, 5.462087998836188, 0.5000000000000001
5.871600993490449, 0.0, 1.4017414829659327, 11.370253556794912, -0.8902183539325011, 0.0, 8.788357217031663, 7.89813886309916, 0.08047456187763619, 0.0, 11.007542528723528, 11.088017090601166, 0.7155548279256208, 0.0, 4.737943373794865, 5.45349820172049, 0.5000000000000001
5.880834799553104, 0.0, 1.4039458917835679, 11.399569449693637, -0.8900409550987027, 0.0, 8.812622340842477, 7.92258138574377, 0.08047456187763619, 0.0, 11.007542528723528, 11.088017090601166, 0.7144312978940063, 0.0, 4.730504081289524, 5.444935379183535, 0.5000000000000001
5.89006860561576, 0.0, 1.4061503006012033, 11.42892618981774, -0.8898635562649043, 0.0, 8.836887464653291, 7.947023908388383, 0.08047456187763619, 0.0, 11.007542528723528, 11.088017090601166, 0.7133112905576647, 0.0, 4.723088113804259, 5.436399404361929, 0.5000000000000001
5.8993024116784145, 0.0, 1.4083547094188384, 11.458323777167225, -0.8896861574311059, 0.0, 8.861152588464101, 7.971466431032994, 0.08047456187763619, 0.0, 11.007542528723528, 11.088017090601166, 0.712194789375038, 0.0, 4.715695361811522, 5.427890151186563, 0.5000000000000001
5.908536217741069, 0.0, 1.4105591182364736, 11.487762211742085, -0.8895087585973076, 0.0, 8.885417712274915, 7.995908953677603, 0.08047456187763619, 0.0, 11.007542528723528, 11.088017090601166, 0.7110817779079717, 0.0, 4.708325716468435, 5.4194074943764114, 0.5000000000000001
5.917770023803725, 0.0, 1.412763527054109, 11.517241493542329, -0.8893313597635092, 0.0, 8.909682836085729, 8.020351476322217, 0.08047456187763619, 0.0, 11.007542528723528, 11.088017090601166, 0.7099722398209086, 0.0, 4.700979069611459, 5.410951309432372, 0.5000000000000001
5.927003829866381, 0.0, 1.4149679358717444, 11.54676162256795, -0.8891539609297108, 0.0, 8.933947959896543, 8.04479399896683, 0.08047456187763619, 0.0, 11.007542528723528, 11.088017090601166, 0.7088661588800896, 0.0, 4.693655313751094, 5.402521472631188, 0.5000000000000001
5.936237635929036, 0.0, 1.4171723446893796, 11.576322598818951, -0.8889765620959124, 0.0, 8.958213083707356, 8.06923652161144, 0.08047456187763619, 0.0, 11.007542528723528, 11.088017090601166, 0.7077635189527625, 0.0, 4.686354342066636, 5.394117861019403, 0.5000000000000001
5.945471441991691, 0.0, 1.4193767535070148, 11.605924422295331, -0.888799163262114, 0.0, 8.982478207518167, 8.093679044256051, 0.08047456187763619, 0.0, 11.007542528723528, 11.088017090601166, 0.706664304006396, 0.0, 4.679076048400992, 5.3857403524073915, 0.5000000000000001
5.954705248054346, 0.0, 1.42158116232465, 11.635567092997087, -0.8886217644283156, 0.0, 9.00674333132898, 8.11812156690066, 0.08047456187763619, 0.0, 11.007542528723528, 11.088017090601166, 0.7055684981079046, 0.0, 4.671820327255521, 5.37738882536343, 0.5000000000000001
5.963939054117003, 0.0, 1.4237855711422855, 11.66525061092423, -0.8884443655945171, 0.0, 9.031008455139798, 8.142564089545278, 0.08047456187763619, 0.0, 11.007542528723528, 11.088017090601166, 0.704476085422877, 0.0, 4.664587073784952, 5.369063159207832, 0.5000000000000001
5.973172860179658, 0.0, 1.4259899799599207, 11.694974976076747, -0.8882669667607188, 0.0, 9.055273578950612, 8.167006612189889, 0.08047456187763619, 0.0, 11.007542528723528, 11.088017090601166, 0.7033870502148155, 0.0, 4.657376183792325, 5.360763234007144, 0.5000000000000001
5.982406666242313, 0.0, 1.428194388777556, 11.724740188454643, -0.8880895679269204, 0.0, 9.079538702761422, 8.1914491348345, 0.08047456187763619, 0.0, 11.007542528723528, 11.088017090601166, 0.7023013768443781, 0.0, 4.650187553723989, 5.352488930568371, 0.5000000000000001
5.991640472304968, 0.0, 1.430398797595191, 11.754546248057917, -0.887912169093122, 0.0, 9.103803826572236, 8.21589165747911, 0.08047456187763619, 0.0, 11.007542528723528, 11.088017090601166, 0.7012190497686311, 0.0, 4.643021080664642, 5.344240130433278, 0.5000000000000001
6.000874278367624, 0.0, 1.4326032064128265, 11.784393154886574, -0.8877347702593236, 0.0, 9.12806895038305, 8.240334180123723, 0.08047456187763619, 0.0, 11.007542528723528, 11.088017090601166, 0.7001400535403075, 0.0, 4.635876662332429, 5.33601671587274, 0.5000000000000001
6.010108084430279, 0.0, 1.4348076152304619, 11.814280908940612, -0.8875573714255252, 0.0, 9.152334074193863, 8.264776702768335, 0.08047456187763619, 0.0, 11.007542528723528, 11.088017090601166, 0.6990643728070713, 0.0, 4.628754197074065, 5.32781856988114, 0.5000000000000001
6.019341890492934, 0.0, 1.437012024048097, 11.844209510220026, -0.8873799725917269, 0.0, 9.176599198004677, 8.289219225412946, 0.08047456187763619, 0.0, 11.007542528723528, 11.088017090601166, 0.6979919923107903, 0.0, 4.621653583860021, 5.3196455761708155, 0.5000000000000001
6.028575696555589, 0.0, 1.4392164328657322, 11.874178958724817, -0.8872025737579284, 0.0, 9.200864321815487, 8.313661748057557, 0.08047456187763619, 0.0, 11.007542528723528, 11.088017090601166, 0.6969228968868137, 0.0, 4.6145747222797455, 5.311497619166562, 0.5
6.037809502618245, 0.0, 1.4414208416833676, 11.904189254454991, -0.88702517492413, 0.0, 9.225129445626301, 8.33810427070217, 0.08047456187763619, 0.0, 11.007542528723528, 11.088017090601166, 0.6958570714632579, 0.0, 4.607517512536925, 5.303374584000187, 0.5
6.047043308680902, 0.0, 1.443625250501003, 11.934240397410544, -0.8868477760903316, 0.0, 9.249394569437118, 8.362546793346784, 0.08047456187763619, 0.0, 11.007542528723528, 11.088017090601166, 0.6947945010602983, 0.0, 4.600481855444809, 5.295276356505109, 0.5
6.056277114743557, 0.0, 1.4458296593186382, 11.964332387591476, -0.8866703772565332, 0.0, 9.273659693247932, 8.386989315991396, 0.08047456187763619, 0.0, 11.007542528723528, 11.088017090601166, 0.6937351707894671, 0.0, 4.5934676524215465, 5.287202823211017, 0.5
6.0655109208062115, 0.0, 1.4480340681362733, 11.994465224997784, -0.8864929784227348, 0.0, 9.297924817058743, 8.411431838636005, 0.08047456187763619, 0.0, 11.007542528723528, 11.088017090601166, 0.6926790658529581, 0.0, 4.586474805485596, 5.279153871338558, 0.5
6.074744726868866, 0.0, 1.4502384769539085, 12.024638909629473, -0.8863155795889365, 0.0, 9.322189940869556, 8.435874361280618, 0.08047456187763619, 0.0, 11.007542528723528, 11.088017090601166, 0.6916261715429376, 0.0, 4.579503217251148, 5.2711293887940895, 0.5
6.083978532931522, 0.0, 1.452442885771544, 12.054853441486543, -0.8861381807551381, 0.0, 9.34645506468037, 8.46031688392523, 0.08047456187763619, 0.0, 11.007542528723528, 11.088017090601166, 0.6905764732408617, 0.0, 4.572552790923621, 5.263129264164486, 0.5
6.093212338994178, 0.0, 1.4546472945891793, 12.085108820568994, -0.8859607819213396, 0.0, 9.370720188491184, 8.484759406569843, 0.08047456187763619, 0.0, 11.007542528723528, 11.088017090601166, 0.6895299564167998, 0.0, 4.565623430295166, 5.255153386711968, 0.5
6.102446145056833, 0.0, 1.4568517034068145, 12.11540504687682, -0.8857833830875412, 0.0, 9.394985312301998, 8.509201929214452, 0.08047456187763619, 0.0, 11.007542528723528, 11.088017090601166, 0.6884866066287642, 0.0, 4.558715039740239, 5.247201646369006, 0.5
6.111679951119488, 0.0, 1.4590561122244496, 12.145742120410027, -0.8856059842537428, 0.0, 9.419250436112808, 8.533644451859065, 0.08047456187763619, 0.0, 11.007542528723528, 11.088017090601166, 0.6874464095220454, 0.0, 4.5518275242111965, 5.239273933733245, 0.5
6.120913757182143, 0.0, 1.4612605210420848, 12.176120041168613, -0.8854285854199445, 0.0, 9.443515559923622, 8.558086974503674, 0.08047456187763619, 0.0, 11.007542528723528, 11.088017090601166, 0.6864093508285544, 0.0, 4.544960789233939, 5.231370140062497, 0.5
6.130147563244799, 0.0, 1.4634649298597204, 12.206538809152581, -0.8852511865861461, 0.0, 9.467780683734436, 8.58252949714829, 0.08047456187763619, 0.0, 11.007542528723528, 11.088017090601166, 0.6853754163661693, 0.0, 4.538114740903587, 5.223490157269759, 0.5
6.139381369307455, 0.0, 1.4656693386773556, 12.236998424361927, -0.8850737877523477, 0.0, 9.492045807545253, 8.606972019792902, 0.08047456187763619, 0.0, 11.007542528723528, 11.088017090601166, 0.6843445920380903, 0.0, 4.531289285880208, 5.2156338779183, 0.5
6.14861517537011, 0.0, 1.4678737474949908, 12.267498886796647, -0.8848963889185493, 0.0, 9.516310931356063, 8.631414542437511, 0.08047456187763619, 0.0, 11.007542528723528, 11.088017090601166, 0.6833168638321977, 0.0, 4.524484331384565, 5.207801195216766, 0.5
6.157848981432766, 0.0, 1.4700781563126262, 12.298040196456753, -0.8847189900847509, 0.0, 9.540576055166877, 8.655857065082124, 0.08047456187763619, 0.0, 11.007542528723528, 11.088017090601166, 0.6822922178204177, 0.0, 4.517699785193924, 5.199992003014344, 0.5
6.1670827874954215, 0.0, 1.4722825651302616, 12.32862235334224, -0.8845415912509524, 0.0, 9.564841178977694, 8.680299587726736, 0.08047456187763619, 0.0, 11.007542528723528, 11.088017090601166, 0.681270640158093, 0.0, 4.510935555637874, 5.19220619579597, 0.5
6.176316593558076, 0.0, 1.4744869739478967, 12.359245357453098, -0.884364192417154, 0.0, 9.589106302788505, 8.704742110371349, 0.08047456187763619, 0.0, 11.007542528723528, 11.088017090601166, 0.6802521170833591, 0.0, 4.504191551594212, 5.184443668677574, 0.5
6.185550399620731, 0.0, 1.476691382765532, 12.38990920878934, -0.8841867935833556, 0.0, 9.613371426599318, 8.729184633015958, 0.08047456187763619, 0.0, 11.007542528723528, 11.088017090601166, 0.6792366349165266, 0.0, 4.4974676824848405, 5.17670431740137, 0.5
6.194784205683386, 0.0, 1.478895791583167, 12.420613907350958, -0.8840093947495573, 0.0, 9.637636550410129, 8.75362715566057, 0.08047456187763619, 0.0, 11.007542528723528, 11.088017090601166, 0.6782241800594688, 0.0, 4.490763858271719, 5.16898803833119, 0.5
6.204018011746042, 0.0, 1.4811002004008025, 12.451359453137961, -0.8838319959157589, 0.0, 9.661901674220942, 8.778069678305183, 0.08047456187763619, 0.0, 11.007542528723528, 11.088017090601166, 0.6772147389950142, 0.0, 4.484079989452841, 5.161294728447858, 0.5
6.213251817808698, 0.0, 1.4833046092184379, 12.482145846150342, -0.8836545970819605, 0.0, 9.686166798031756, 8.802512200949796, 0.08047456187763619, 0.0, 11.007542528723528, 11.088017090601166, 0.6762082982863455, 0.0, 4.477415987058255, 5.153624285344604, 0.5
6.222485623871353, 0.0, 1.485509018036073, 12.512973086388099, -0.8834771982481621, 0.0, 9.71043192184257, 8.826954723594405, 0.08047456187763619, 0.0, 11.007542528723528, 11.088017090601166, 0.6752048445764035, 0.0, 4.470771762646113, 5.1459766072225195, 0.5
6.2317194299340075, 0.0, 1.4877134268537082, 12.543841173851238, -0.8832997994143637, 0.0, 9.734697045653384, 8.851397246239017, 0.08047456187763619, 0.0, 11.007542528723528, 11.088017090601166, 0.6742043645872957, 0.0, 4.46414722829876, 5.138351592886059, 0.5
6.240953235996663, 0.0, 1.4899178356713434, 12.574750108539751, -0.8831224005805653, 0.0, 9.758962169464198, 8.87583976888363, 0.08047456187763619, 0.0, 11.007542528723528, 11.088017090601166, 0.6732068451197105, 0.0, 4.457542296618853, 5.130749141738566, 0.5
6.250187042059319, 0.0, 1.4921222444889788, 12.60569989045365, -0.8829450017467669, 0.0, 9.783227293275012, 8.900282291528242, 0.08047456187763619, 0.0, 11.007542528723528, 11.088017090601166, 0.6722122730523378, 0.0, 4.450956880725522, 5.123169153777863, 0.5
6.259420848121975, 0.0, 1.4943266533066142, 12.636690519592928, -0.8827676029129685, 0.0, 9.807492417085825, 8.924724814172855, 0.08047456187763619, 0.0, 11.007542528723528, 11.088017090601166, 0.6712206353412923, 0.0, 4.444390894250561, 5.115611529591856, 0.5
6.26865465418463, 0.0, 1.4965310621242494, 12.667721995957582, -0.8825902040791701, 0.0, 9.83175754089664, 8.949167336817467, 0.08047456187763619, 0.0, 11.007542528723528, 11.088017090601166, 0.6702319190195443, 0.0, 4.437844251334645, 5.108076170354192, 0.5
6.277888460247285, 0.0, 1.4987354709418845, 12.698794319547613, -0.8824128052453717, 0.0, 9.85602266470745, 8.973609859462076, 0.08047456187763619, 0.0, 11.007542528723528, 11.088017090601166, 0.6692461111963541, 0.0, 4.431316866623596, 5.100562977819953, 0.5
6.28712226630994, 0.0, 1.50093987975952, 12.72990749036303, -0.8822354064115733, 0.0, 9.880287788518263, 8.998052382106689, 0.08047456187763619, 0.0, 11.007542528723528, 11.088017090601166, 0.6682631990567114, 0.0, 4.424808655264666, 5.09307185432138, 0.5
6.296356072372596, 0.0, 1.5031442885771553, 12.761061508403825, -0.8820580075777749, 0.0, 9.90455291232908, 9.022494904751301, 0.08047456187763619, 0.0, 11.007542528723528, 11.088017090601166, 0.6672831698607808, 0.0, 4.418319532902868, 5.085602702763652, 0.5
6.305589878435251, 0.0, 1.5053486973947905, 12.792256373669995, -0.8818806087439766, 0.0, 9.92881803613989, 9.046937427395914, 0.08047456187763619, 0.0, 11.007542528723528, 11.088017090601166, 0.6663060109433511, 0.0, 4.4118494156773265, 5.078155426620681, 0.5
6.314823684497906, 0.0, 1.5075531062124257, 12.823492086161545, -0.8817032099101781, 0.0, 9.953083159950705, 9.071379950040523, 0.08047456187763619, 0.0, 11.007542528723528, 11.088017090601166, 0.6653317097132888, 0.0, 4.405398220217664, 5.070729929930955, 0.5
6.324057490560562, 0.0, 1.509757515030061, 12.854768645878478, -0.8815258110763797, 0.0, 9.977348283761518, 9.095822472685136, 0.08047456187763619, 0.0, 11.007542528723528, 11.088017090601166, 0.6643602536529988, 0.0, 4.398965863640423, 5.063326117293425, 0.5
6.333291296623218, 0.0, 1.5119619238476965, 12.88608605282079, -0.8813484122425813, 0.0, 10.001613407572336, 9.120264995329752, 0.08047456187763619, 0.0, 11.007542528723528, 11.088017090601166, 0.6633916303178872, 0.0, 4.392552263545515, 5.055943893863406, 0.5
6.342525102685873, 0.0, 1.5141663326653316, 12.917444306988479, -0.8811710134087829, 0.0, 10.025878531383146, 9.14470751797436, 0.08047456187763619, 0.0, 11.007542528723528, 11.088017090601166, 0.6624258273358304, 0.0, 4.386157338012705, 5.048583165348538, 0.5
6.351758908748528, 0.0, 1.5163707414829668, 12.948843408381546, -0.8809936145749845, 0.0, 10.05014365519396, 9.169150040618973, 0.08047456187763619, 0.0, 11.007542528723528, 11.088017090601166, 0.6614628324066482, 0.0, 4.379781005598117, 5.041243838004768, 0.5
6.360992714811183, 0.0, 1.518575150300602, 12.980283356999994, -0.8808162157411862, 0.0, 10.07440877900477, 9.193592563263582, 0.08047456187763619, 0.0, 11.007542528723528, 11.088017090601166, 0.6605026333015815, 0.0, 4.373423185330783, 5.033925818632367, 0.5
6.370226520873839, 0.0, 1.5207795591182374, 13.01176415284382, -0.8806388169073878, 0.0, 10.098673902815584, 9.218035085908195, 0.08047456187763619, 0.0, 11.007542528723528, 11.088017090601166, 0.6595452178627749, 0.0, 4.367083796709211, 5.026629014571988, 0.5
6.379460326936495, 0.0, 1.5229839679358728, 13.043285795913029, -0.8804614180735894, 0.0, 10.122939026626401, 9.242477608552807, 0.08047456187763619, 0.0, 11.007542528723528, 11.088017090601166, 0.6585905740027633, 0.0, 4.36076275969799, 5.019353333700756, 0.5
6.38869413299915, 0.0, 1.525188376753508, 13.074848286207613, -0.8802840192397909, 0.0, 10.147204150437211, 9.26692013119742, 0.08047456187763619, 0.0, 11.007542528723528, 11.088017090601166, 0.6576386897039639, 0.0, 4.354459994724423, 5.0120986844283895, 0.5
6.3979279390618045, 0.0, 1.527392785571143, 13.106451623727578, -0.8801066204059925, 0.0, 10.171469274248025, 9.291362653842029, 0.08047456187763619, 0.0, 11.007542528723528, 11.088017090601166, 0.6566895530181707, 0.0, 4.348175422675183, 5.004864975693357, 0.5
6.40716174512446, 0.0, 1.5295971943887785, 13.138095808472922, -0.8799292215721941, 0.0, 10.195734398058839, 9.315805176486641, 0.08047456187763619, 0.0, 11.007542528723528, 11.088017090601166, 0.6557431520660555, 0.0, 4.341908964893009, 4.997652116959068, 0.5
6.416395551187117, 0.0, 1.531801603206414, 13.16978084044365, -0.8797518227383957, 0.0, 10.219999521869656, 9.340247699131258, 0.08047456187763619, 0.0, 11.007542528723528, 11.088017090601166, 0.6547994750366721, 0.0, 4.335660543173416, 4.990460018210092, 0.5
6.425629357249772, 0.0, 1.534006012024049, 13.20150671963975, -0.8795744239045974, 0.0, 10.244264645680467, 9.364690221775867, 0.08047456187763619, 0.0, 11.007542528723528, 11.088017090601166, 0.6538585101869652, 0.0, 4.3294300797614556, 4.983288589948423, 0.5
6.434863163312427, 0.0, 1.5362104208416842, 13.233273446061231, -0.879397025070799, 0.0, 10.26852976949128, 9.389132744420479, 0.08047456187763619, 0.0, 11.007542528723528, 11.088017090601166, 0.6529202458412825, 0.0, 4.323217497348473, 4.976137743189759, 0.5
6.444096969375082, 0.0, 1.5384148296593194, 13.265081019708093, -0.8792196262370006, 0.0, 10.29279489330209, 9.413575267065088, 0.08047456187763619, 0.0, 11.007542528723528, 11.088017090601166, 0.6519846703908926, 0.0, 4.317022719068924, 4.9690073894598195, 0.5
6.453330775437738, 0.0, 1.540619238476955, 13.296929440580339, -0.8790422274032021, 0.0, 10.317060017112908, 9.438017789709704, 0.08047456187763619, 0.0, 11.007542528723528, 11.088017090601166, 0.6510517722935055, 0.0, 4.310845668497196, 4.961897440790705, 0.5
6.462564581500393, 0.0, 1.5428236472945902, 13.328818708677957, -0.8788648285694037, 0.0, 10.341325140923722, 9.462460312354313, 0.08047456187763619, 0.0, 11.007542528723528, 11.088017090601166, 0.6501215400727994, 0.0, 4.304686269644473, 4.954807809717276, 0.5
6.471798387563048, 0.0, 1.5450280561122254, 13.360748824000954, -0.8786874297356053, 0.0, 10.365590264734532, 9.486902834998926, 0.08047456187763619, 0.0, 11.007542528723528, 11.088017090601166, 0.649193962317948, 0.0, 4.298544446955613, 4.947738409273564, 0.5
6.481032193625703, 0.0, 1.5472324649298606, 13.392719786549332, -0.878510030901807, 0.0, 10.389855388545346, 9.511345357643535, 0.08047456187763619, 0.0, 11.007542528723528, 11.088017090601166, 0.6482690276831553, 0.0, 4.292420125306056, 4.940689152989215, 0.5
6.490265999688358, 0.0, 1.5494368737474957, 13.424731596323092, -0.8783326320680086, 0.0, 10.414120512356156, 9.535787880288147, 0.08047456187763619, 0.0, 11.007542528723528, 11.088017090601166, 0.647346724887193, 0.0, 4.286313229998774, 4.93365995488597, 0.5
6.4994998057510145, 0.0, 1.5516412825651313, 13.456784253322233, -0.8781552332342102, 0.0, 10.438385636166974, 9.560230402932763, 0.08047456187763619, 0.0, 11.007542528723528, 11.088017090601166, 0.6464270427129409, 0.0, 4.280223686761218, 4.9266507294741615, 0.5
6.508733611813669, 0.0, 1.5538456913827665, 13.488877757546748, -0.8779778344004118, 0.0, 10.462650759977787, 9.584672925577372, 0.08047456187763619, 0.0, 11.007542528723528, 11.088017090601166, 0.6455099700069336, 0.0, 4.274151421742321, 4.9196613917492575, 0.5
6.517967417876325, 0.0, 1.5560501002004017, 13.52101210899664, -0.8778004355666134, 0.0, 10.486915883788601, 9.609115448221985, 0.08047456187763619, 0.0, 11.007542528723528, 11.088017090601166, 0.6445954956789081, 0.0, 4.268096361509502, 4.912691857188413, 0.5
6.52720122393898, 0.0, 1.5582545090180369, 13.553187307671916, -0.877623036732815, 0.0, 10.511181007599411, 9.633557970866594, 0.08047456187763619, 0.0, 11.007542528723528, 11.088017090601166, 0.6436836087013578, 0.0, 4.262058433045713, 4.905742041747073, 0.5
6.536435030001637, 0.0, 1.5604589178356725, 13.585403353572575, -0.8774456378990165, 0.0, 10.535446131410229, 9.65800049351121, 0.08047456187763619, 0.0, 11.007542528723528, 11.088017090601166, 0.6427742981090887, 0.0, 4.2560375637464976, 4.898811861855589, 0.5
6.545668836064292, 0.0, 1.5626633266533076, 13.617660246698607, -0.8772682390652182, 0.0, 10.559711255221043, 9.682443016155823, 0.08047456187763619, 0.0, 11.007542528723528, 11.088017090601166, 0.6418675529987804, 0.0, 4.250033681417088, 4.891901234415871, 0.5
6.5549026421269465, 0.0, 1.5648677354709428, 13.64995798705002, -0.8770908402314198, 0.0, 10.583976379031853, 9.706885538800432, 0.08047456187763619, 0.0, 11.007542528723528, 11.088017090601166, 0.6409633625285497, 0.0, 4.244046714269515, 4.885010076798067, 0.5
6.564136448189601, 0.0, 1.567072144288578, 13.682296574626811, -0.8769134413976214, 0.0, 10.608241502842667, 9.731328061445044, 0.08047456187763619, 0.0, 11.007542528723528, 11.088017090601166, 0.6400617159175186, 0.0, 4.238076590919745, 4.878138306837267, 0.5
6.573370254252258, 0.0, 1.5692765531062136, 13.714676009428988, -0.876736042563823, 0.0, 10.632506626653484, 9.755770584089657, 0.08047456187763619, 0.0, 11.007542528723528, 11.088017090601166, 0.639162602445386, 0.0, 4.232123240384847, 4.871285842830235, 0.5
6.582604060314913, 0.0, 1.5714809619238488, 13.747096291456536, -0.8765586437300246, 0.0, 10.656771750464294, 9.78021310673427, 0.08047456187763619, 0.0, 11.007542528723528, 11.088017090601166, 0.6382660114520033, 0.0, 4.226186592080179, 4.864452603532185, 0.5
6.591837866377568, 0.0, 1.573685370741484, 13.779557420709464, -0.8763812448962263, 0.0, 10.681036874275108, 9.804655629378878, 0.08047456187763619, 0.0, 11.007542528723528, 11.088017090601166, 0.6373719323369522, 0.0, 4.220266575816595, 4.85763850815355, 0.5
6.601071672440223, 0.0, 1.5758897795591191, 13.812059397187774, -0.8762038460624278, 0.0, 10.705301998085918, 9.82909815202349, 0.08047456187763619, 0.0, 11.007542528723528, 11.088017090601166, 0.636480354559127, 0.0, 4.214363121797683, 4.850843476356813, 0.5
6.6103054785028785, 0.0, 1.5780941883767543, 13.844602220891462, -0.8760264472286294, 0.0, 10.729567121896732, 9.853540674668103, 0.08047456187763619, 0.0, 11.007542528723528, 11.088017090601166, 0.635591267636321, 0.0, 4.208476160617017, 4.84406742825334, 0.5
6.619539284565535, 0.0, 1.58029859719439, 13.877185891820535, -0.875849048394831, 0.0, 10.75383224570755, 9.877983197312716, 0.08047456187763619, 0.0, 11.007542528723528, 11.088017090601166, 0.6347046611448155, 0.0, 4.202605623255443, 4.837310284400261, 0.5
6.62877309062819, 0.0, 1.582503006012025, 13.90981040997498, -0.8756716495610326, 0.0, 10.778097369518363, 9.902425719957328, 0.08047456187763619, 0.0, 11.007542528723528, 11.088017090601166, 0.6338205247189721, 0.0, 4.196751441078377, 4.830571965797352, 0.5
6.638006896690845, 0.0, 1.5847074148296603, 13.942475775354806, -0.8754942507272343, 0.0, 10.802362493329174, 9.926868242601937, 0.08047456187763619, 0.0, 11.007542528723528, 11.088017090601166, 0.632938848050829, 0.0, 4.1909135458331335, 4.823852393883966, 0.5
6.6472407027535, 0.0, 1.5869118236472954, 13.97518198796001, -0.8753168518934359, 0.0, 10.826627617139987, 9.95131076524655, 0.08047456187763619, 0.0, 11.007542528723528, 11.088017090601166, 0.6320596208897004, 0.0, 4.18509186964627, 4.817151490535973, 0.5
6.656474508816155, 0.0, 1.5891162324649306, 14.007929047790594, -0.8751394530596375, 0.0, 10.850892740950798, 9.975753287891159, 0.08047456187763619, 0.0, 11.007542528723528, 11.088017090601166, 0.6311828330417786, 0.0, 4.179286345020955, 4.810469178062737, 0.5
6.665708314878811, 0.0, 1.5913206412825662, 14.040716954846564, -0.8749620542258391, 0.0, 10.875157864761615, 10.000195810535775, 0.08047456187763619, 0.0, 11.007542528723528, 11.088017090601166, 0.6303084743697411, 0.0, 4.1734969048343675, 4.803805379204111, 0.5
6.674942120941466, 0.0, 1.5935250501002014, 14.073545709127906, -0.8747846553920406, 0.0, 10.899422988572429, 10.024638333180384, 0.08047456187763619, 0.0, 11.007542528723528, 11.088017090601166, 0.62943653479236, 0.0, 4.167723482335103, 4.7971600171274655, 0.5
6.684175927004121, 0.0, 1.5957294589178366, 14.10641531063463, -0.8746072565582422, 0.0, 10.923688112383239, 10.049080855824997, 0.08047456187763619, 0.0, 11.007542528723528, 11.088017090601166, 0.6285670042841126, 0.0, 4.16196601114061, 4.7905330154247245, 0.5
6.693409733066776, 0.0, 1.5979338677354717, 14.13932575936673, -0.8744298577244438, 0.0, 10.947953236194053, 10.073523378469606, 0.08047456187763619, 0.0, 11.007542528723528, 11.088017090601166, 0.6276998728747997, 0.0, 4.156224425234643, 4.783924298109445, 0.5
6.702643539129434, 0.0, 1.6001382765531074, 14.172277055324217, -0.8742524588906454, 0.0, 10.97221836000487, 10.097965901114225, 0.08047456187763619, 0.0, 11.007542528723528, 11.088017090601166, 0.6268351306491623, 0.0, 4.150498658964745, 4.77733378961391, 0.5
6.711877345192089, 0.0, 1.6023426853707425, 14.205269198507075, -0.874075060056847, 0.0, 10.996483483815684, 10.122408423758834, 0.08047456187763619, 0.0, 11.007542528723528, 11.088017090601166, 0.6259727677465059, 0.0, 4.144788647039745, 4.770761414786253, 0.5
6.7211111512547435, 0.0, 1.6045470941883777, 14.238302188915315, -0.8738976612230487, 0.0, 11.020748607626494, 10.146850946403443, 0.08047456187763619, 0.0, 11.007542528723528, 11.088017090601166, 0.6251127743603238, 0.0, 4.139094324527266, 4.764207098887592, 0.5
6.730344957317398, 0.0, 1.6067515030060129, 14.271376026548932, -0.8737202623892503, 0.0, 11.045013731437308, 10.171293469048056, 0.08047456187763619, 0.0, 11.007542528723528, 11.088017090601166, 0.6242551407379259, 0.0, 4.133415626851278, 4.7576707675892065, 0.5
6.739578763380053, 0.0, 1.608955911823648, 14.304490711407931, -0.8735428635554519, 0.0, 11.069278855248118, 10.195735991692665, 0.08047456187763619, 0.0, 11.007542528723528, 11.088017090601166, 0.6233998571800706, 0.0, 4.1277524897896445, 4.751152346969718, 0.5
6.74881256944271, 0.0, 1.6111603206412837, 14.337646243492314, -0.8733654647216534, 0.0, 11.093543979058936, 10.220178514337281, 0.08047456187763619, 0.0, 11.007542528723528, 11.088017090601166, 0.6225469140405986, 0.0, 4.12210484947171, 4.744651763512311, 0.5
6.758046375505365, 0.0, 1.6133647294589188, 14.37084262280207, -0.873188065887855, 0.0, 11.11780910286975, 10.24462103698189, 0.08047456187763619, 0.0, 11.007542528723528, 11.088017090601166, 0.6216963017260707, 0.0, 4.116472642375897, 4.738168944101971, 0.5
6.76728018156802, 0.0, 1.615569138276554, 14.404079849337208, -0.8730106670540567, 0.0, 11.14207422668056, 10.269063559626503, 0.08047456187763619, 0.0, 11.007542528723528, 11.088017090601166, 0.6208480106954077, 0.0, 4.110855805327322, 4.7317038160227325, 0.5
6.776513987630676, 0.0, 1.6177735470941896, 14.437357923097728, -0.8728332682202583, 0.0, 11.166339350491377, 10.293506082271119, 0.08047456187763619, 0.0, 11.007542528723528, 11.088017090601166, 0.6200020314595334, 0.0, 4.105254275495431, 4.725256306954968, 0.5
6.7857477936933295, 0.0, 1.6199779559118244, 14.470676844083615, -0.8726558693864599, 0.0, 11.190604474302184, 10.317948604915724, 0.08047456187763619, 0.0, 11.007542528723528, 11.088017090601166, 0.619158354581022, 0.0, 4.099667990391668, 4.718826344972693, 0.5
6.794981599755987, 0.0, 1.62218236472946, 14.504036612294895, -0.8724784705526615, 0.0, 11.214869598113005, 10.34239112756034, 0.08047456187763619, 0.0, 11.007542528723528, 11.088017090601166, 0.6183169706737454, 0.0, 4.094096887867134, 4.712413858540883, 0.5
6.804215405818642, 0.0, 1.6243867735470952, 14.537437227731546, -0.8723010717188631, 0.0, 11.239134721923815, 10.366833650204953, 0.08047456187763619, 0.0, 11.007542528723528, 11.088017090601166, 0.6174778704025271, 0.0, 4.088540906110302, 4.706018776512832, 0.5
6.813449211881297, 0.0, 1.6265911823647303, 14.570878690393581, -0.8721236728850648, 0.0, 11.263399845734629, 10.391276172849562, 0.08047456187763619, 0.0, 11.007542528723528, 11.088017090601166, 0.6166410444827954, 0.0, 4.082999983644715, 4.6996410281275125, 0.5
6.8226830179439535, 0.0, 1.628795591182366, 14.604361000281, -0.8719462740512662, 0.0, 11.287664969545446, 10.415718695494178, 0.08047456187763619, 0.0, 11.007542528723528, 11.088017090601166, 0.6158064836802413, 0.0, 4.077474059326723, 4.693280543006967, 0.5
6.831916824006607, 0.0, 1.6310000000000007, 14.637884157393781, -0.8717688752174679, 0.0, 11.311930093356253, 10.440161218138783, 0.08047456187763619, 0.0, 11.007542528723528, 11.088017090601166, 0.6149741788104794, 0.0, 4.071963072343242, 4.686937251153724, 0.5
