phi0, phi, rho, Z_fit_curve, F_id, F_fr, F_ex, F_total, mu_id, mu_fr, mu_ex, mu_kT, PV_id, PV_fr, PV_ex, PV_NkT, alpha
1.0000000000000005E-4, 0.019150209297619243, 2.387324146378431E-5, 1.1849650073838658, -3.4506993172293214E-4, 0.0, 2.278273305669964E-4, -1.1724260115586412E-4, -8.992292922356201, 0.0, -8.684069500740055, -17.676362423096418, 5.461962577317059, 0.0, -18.227278407356707, -12.765315830042809, 5.918999999999985
1.136272545090181E-4, 0.021984287635313047, 2.7126508837606623E-5, 1.2281924636312027, -3.7430643168071085E-4, 0.0, 2.0025014183163464E-4, -1.7405628984900497E-4, -8.981333803491944, 0.0, -8.269522527244744, -17.250856330736852, 4.8172141011242955, 0.0, -15.651605604371843, -10.834391503250336, 5.918999999999985
1.2725450901803612E-4, 0.024809642142579108, 3.0379776211428932E-5, 1.2755816445658916, -4.035073191973583E-4, 0.0, 1.740210142110213E-4, -2.2948630498626646E-4, -8.97039958434311, 0.0, -7.8553266033098526, -16.825726187653125, 4.3117034959803755, 0.0, -13.583512782165057, -9.271809286187167, 5.918999999999986
1.408817635270542E-4, 0.0276262762165686, 3.363304358525125E-5, 1.3270814610840789, -4.3267267527830674E-4, 0.0, 1.4913880564707468E-4, -2.83533869631162E-4, -8.959490264909697, 0.0, -7.441481728935376, -16.400971993845236, 3.905021214153774, 0.0, -11.875775796584815, -7.970754582433289, 5.918999999999986
1.545090180360722E-4, 0.030434193254432647, 3.688631095907355E-5, 1.3826410649922678, -4.6180258092898757E-4, 0.0, 1.2560237408171357E-4, -3.3620020684720444E-4, -8.948605845191706, 0.0, -7.02798790412132, -15.976593749313185, 3.571013735128242, 0.0, -10.433109501156954, -6.862095766030756, 5.918999999999986
1.6813627254509027E-4, 0.03323339665332243, 4.013957833289587E-5, 1.4422098490073212, -4.908971171548329E-4, 0.0, 1.034105774568561E-4, -3.874865396979079E-4, -8.937746325189135, 0.0, -6.614845128867677, -15.552591454056975, 3.292006391284335, 0.0, -9.191119762328569, -5.899113371046116, 5.918999999999986
1.817635270541083E-4, 0.03602388981038906, 4.339284570671818E-5, 1.5057374467564582, -5.199563649612743E-4, 0.0, 8.256227371442099E-5, -4.3739409124678483E-4, -8.926911704901988, 0.0, -6.202053403174454, -15.128965108076605, 3.055624966592997, 0.0, -8.104723586928696, -5.049098620337441, 5.918999999999986
1.9539078156312635E-4, 0.038805676122783704, 4.664611308054049E-5, 1.573173732777258, -5.489804053537439E-4, 0.0, 6.305632079632679E-5, -4.85924084557349E-4, -8.916101984330263, 0.0, -5.789612727041647, -14.705714711372071, 2.852947334009699, 0.0, -7.141414980906872, -4.288467646898794, 5.918999999999986
2.090180360721444E-4, 0.04157875898765752, 4.98993804543628E-5, 1.644468822517657, -5.77969319337673E-4, 0.0, 4.4891576644491835E-5, -5.330777426931137E-4, -8.90531716347396, 0.0, -5.377523100469258, -14.282840263943378, 2.6773781340413003, 0.0, -6.27716506467258, -3.5997869306327908, 5.918999999999987
2.2264529058116242E-4, 0.044343141802161624, 5.315264782818511E-5, 1.71957307233595, -6.069231879184938E-4, 0.0, 2.8066899200834752E-5, -5.78856288717592E-4, -8.894557242333079, 0.0, -4.965784523457287, -13.860341765790524, 2.5239367126691445, 0.0, -5.49382781664487, -2.969891103977147, 5.918999999999987
2.362725450901805E-4, 0.047098827963447214, 5.6405915202007426E-5, 1.7984370795007896, -6.358420921016378E-4, 0.0, 1.258114640727396E-5, -6.232609456942977E-4, -8.883822220907618, 0.0, -4.55439699600573, -13.438219216913508, 2.3887914726116892, 0.0, -4.77744357475934, -2.388652102148984, 5.918999999999987
2.498997995991985E-4, 0.049845820868665396, 5.965918257582973E-5, 1.8810116821911875, -6.647261128925373E-4, 0.0, -1.5668237942721024E-6, -6.662929366867434E-4, -8.87311209919758, 0.0, -4.143360518114593, -13.016472617312333, 2.268946577983216, 0.0, -4.117097607249521, -1.8481510292675678, 5.918999999999987
2.6352705410821655E-4, 0.052584123914967335, 6.291244994965204E-5, 1.9672479594965127, -6.935753312966234E-4, 0.0, -1.4378153461884686E-5, -7.079534847584428E-4, -8.862426877202967, 0.0, -3.732675089783873, -12.595101966986997, 2.1620258638948924, 0.0, -3.5041328302884738, -1.3421069663947753, 5.918999999999987
2.7715430861723463E-4, 0.055313740499504195, 6.616571732347436E-5, 2.057097231416493, -7.223898283193286E-4, 0.0, -2.5853984653645483E-5, -7.482438129729092E-4, -8.851766554923772, 0.0, -3.3223407110135685, -12.174107265937499, 2.0661204950672674, 0.0, -2.9315947824649635, -0.8654742873988347, 5.918999999999987
2.907815631262527E-4, 0.05803467401942709, 6.941898469729668E-5, 2.150511058861213, -7.511696849660844E-4, 0.0, -3.5995459427635967E-5, -7.871651443936559E-4, -8.841131132360001, 0.0, -2.9123573818036816, -11.753488514163838, 1.9796794606150978, 0.0, -2.39383266432769, -0.41415320371367353, 5.918999999999988
3.044088176352707E-4, 0.06074692787188717, 7.267225207111898E-5, 2.2474412436511173, -7.799149822423222E-4, 0.0, -4.480371984193763E-5, -8.247187020841958E-4, -8.83052060951165, 0.0, -2.5027251021542156, -11.333245711666022, 1.901429481687903, 0.0, -1.8862075378149195, 0.015221943871945027, 5.918999999999988
3.180360721442887E-4, 0.06345050545403563, 7.592551944494129E-5, 2.3478398285170083, -8.086258011534743E-4, 0.0, -5.227990795463193E-5, -8.609057091080428E-4, -8.819934986378723, 0.0, -2.093443872065163, -10.913378858444043, 1.8303155099628046, 0.0, -1.4048755443562742, 0.42543996560553854, 5.918999999999988
3.316633266533068E-4, 0.06614541016302358, 7.91787868187636E-5, 2.451659097100045, -8.373022227049725E-4, 0.0, -5.8425165823800414E-5, -8.957273885287099E-4, -8.809374262961217, 0.0, -1.6845136915365275, -10.4938879544979, 1.7654558947869243, 0.0, -0.946624565279355, 0.8188313295066183, 5.918999999999988
3.452905811623248E-4, 0.06883164539600217, 8.243205419258591E-5, 2.5588515739517472, -8.659443279022483E-4, 0.0, -6.324063550752453E-5, -9.291849634097104E-4, -8.798838439259134, 0.0, -1.275934560568311, -10.0747729998276, 1.7061081665738775, 0.0, -0.5087495604253387, 1.197358606147627, 5.918999999999988
3.589178356713428E-4, 0.07150921455012255, 8.568532156640822E-5, 2.66937002453399, -8.945521977507336E-4, 0.0, -6.672745906388588E-5, -9.612796568145576E-4, -8.788327515272474, 0.0, -0.8677064791605119, -9.656033994433137, 1.6516426149374448, 0.0, -0.08895630533791075, 1.5626863095986603, 5.918999999999988
3.725450901803609E-4, 0.0741781210225359, 8.893858894023054E-5, 2.78316745521901, -9.231259132558606E-4, 0.0, -6.888677855096602E-5, -9.920126918067653E-4, -8.777841491001233, 0.0, -0.45982944731312797, -9.237670938314514, 1.601521665707151, 0.0, 0.3147137444757596, 1.9162354101820682, 5.918999999999988
3.861723446893789E-4, 0.07683836821039332, 9.219185631405283E-5, 2.9001971132893973, -9.516655554230605E-4, 0.0, -6.971973602684619E-5, -0.001021385291449846, -8.767380366445416, 0.0, -0.05230346502616306, -8.81968383147173, 1.5552836244085981, 0.0, 0.7039426809386709, 2.2592263053464587, 5.918999999999988
3.9979959919839695E-4, 0.07948995951084599, 9.544512368787515E-5, 3.020412486938106, -9.801712052577656E-4, 0.0, -6.922747354960816E-5, -0.0010493986788073135, -8.756944141605022, 0.0, 0.35487146770038647, -8.402072673904785, 1.5125297443854624, 0.0, 1.08018325812769, 2.5927130025123697, 5.918999999999988
4.1342685370741503E-4, 0.08213289832104506, 9.869839106169747E-5, 3.1437673052684447, -0.0010086429437654073, 0.0, -6.74111331773332E-5, -0.0010760540769426804, -8.746532816480046, 0.0, 0.7616953508665188, -7.984837465613678, 1.4729138524620369, 0.0, 1.4446966891071162, 2.9176105415683935, 5.918999999999988
4.270541082164331E-4, 0.08476718803814168, 1.0195165843551978E-4, 3.2702155382940794, -0.0010370808519514175, 0.0, -6.427185696810281E-5, -0.0011013527089194614, -8.736146391070495, 0.0, 1.168168184472234, -7.567978206598412, 1.4361339608703048, 0.0, 1.798583206202872, 3.2347171670724477, 5.918999999999988
4.406813627254512E-4, 0.08739283205928697, 1.052049258093421E-4, 3.3997113969390367, -0.0010654850108212282, 0.0, -5.9810786979998826E-5, -0.0011252957978011686, -8.725784865376365, 0.0, 1.5742899685175318, -7.151494896858983, 1.4019254354906863, 0.0, 2.1428069511575947, 3.5447323866475764, 5.918999999999988
4.5430861723446916E-4, 0.09000983378163206, 1.084581931831644E-4, 3.5322093330376982, -0.001093855501380271, 0.0, -5.40290652711023E-5, -0.0011478845666513153, -8.71544823939766, 0.0, 1.9800607030024109, -6.735387536395397, 1.3700553936286237, 0.0, 2.4782163857165593, 3.848271779344499, 5.918999999999988
4.6793587174348724E-4, 0.09261819660232819, 1.1171146055698671E-4, 3.6676640393348108, -0.001122192404633978, 0.0, -4.6927833899495076E-5, -0.0011691202385334149, -8.70513651313437, 0.0, 2.3854803879268744, -6.319656125207646, 1.3403180806807407, 0.0, 2.805561135824321, 4.14587921650439, 5.918999999999989
4.815631262525053E-4, 0.09521792391852645, 1.1496472793080903E-4, 3.8060304494854713, -0.0011504958015877804, 0.0, -3.850823492325864E-5, -0.0011890040365109818, -8.694849686586506, 0.0, 2.790549023290921, -5.904300663295735, 1.3125310317865273, 0.0, 3.1255059758828034, 4.438037007668684, 5.918999999999989
4.951903807615233E-4, 0.09780901912737795, 1.1821799530463133E-4, 3.947263738055136, -0.0011787657732471102, 0.0, -2.877141040047417E-5, -0.0012075371836475278, -8.684587759754066, 0.0, 3.1952666090945465, -5.489321150659667, 1.2865318672502208, 0.0, 3.438642503993917, 4.7251743712435115, 5.918999999999989
5.088176352705413E-4, 0.10039148562603391, 1.2147126267845364E-4, 4.091319320519626, -0.0012070024006173997, 0.0, -1.7718502389223385E-5, -0.001224720903006567, -8.674350732637047, 0.0, 3.5996331453377586, -5.0747175872994355, 1.2621756029165194, 0.0, 3.745498941070252, 5.007674543986162, 5.918999999999989
5.224448897795594E-4, 0.10296532681164544, 1.2472453005227596E-4, 4.238152853265114, -0.0012352057647040807, 0.0, -5.350652947587899E-6, -0.0012405564176516126, -8.664138605235449, 0.0, 4.003648632020555, -4.660489973215041, 1.2393323814771657, 0.0, 4.046548396367996, 5.2858807778445644, 5.918999999999989
5.360721442885774E-4, 0.10553054608136368, 1.2797779742609826E-4, 4.387720233588132, -0.0012633759465125842, 0.0, 8.33099586635092E-6, -0.001255044950646178, -8.653951377549273, 0.0, 4.407313069142928, -4.24663830840649, 1.2178855498062722, 0.0, 4.342215872332975, 5.56010142213867, 5.918999999999989
5.496993987975955E-4, 0.10808714683233983, 1.3123106479992057E-4, 4.539977599695572, -0.0012915130270483425, 0.0, 2.332530199451154E-5, -0.001268187725053776, -8.643789049578517, 0.0, 4.810626456704889, -3.833162592873772, 1.1977300222771263, 0.0, 4.632884227530157, 5.830614249806721, 5.91899999999999
5.633266533066135E-4, 0.11063513246172499, 1.344843321737429E-4, 4.694881330704684, -0.0013196170873167874, 0.0, 3.9631123378812484E-5, -0.0012799859639379206, -8.633651621323187, 0.0, 5.213588794706431, -3.4200628266168978, 1.1787708816338758, 0.0, 4.918899274089172, 6.097670155722502, 5.91899999999999
5.769539078156316E-4, 0.11317450636667034, 1.377375995475652E-4, 4.852388046643074, -0.0013476882083233509, 0.0, 5.7247317961172666E-5, -0.0012904408903621244, -8.623539092783277, 0.0, 5.616200083147559, -3.0073390096358623, 1.1609221781418824, 0.0, 5.200574152760968, 6.361496330902315, 5.91899999999999
5.905811623246496E-4, 0.11570527194432696, 1.409908669213875E-4, 5.0124546084487065, -0.0013757264710734642, 0.0, 7.617274368350954E-5, -0.0012995537273899013, -8.61345146395879, 0.0, 6.018460322028263, -2.594991141930666, 1.1441058949907794, 0.0, 5.478193102265855, 6.622298997256117, 5.91899999999999
6.042084168336676E-4, 0.1182274325918461, 1.4424413429520982E-4, 5.175038117969908, -0.0014037319565725597, 0.0, 9.640625848774266E-5, -0.001307325698084764, -8.603388734849723, 0.0, 6.420369511348556, -2.183019223501313, 1.128251053702677, 0.0, 5.752014718560672, 6.880265772262835, 5.91899999999999
6.178356713426857E-4, 0.12074099170637884, 1.4749740166903214E-4, 5.3400959179653595, -0.001431704745826069, 0.0, 1.1794672031579007E-4, -0.0013137580255102265, -8.593350905456077, 0.0, 6.821927651108433, -1.7714232543477915, 1.1132929379294223, 0.0, 6.022274782778932, 7.135567720707851, 5.91899999999999
6.314629258517037E-4, 0.12324595268507635, 1.5075066904285446E-4, 5.507585592104102, -0.0014596449198394236, 0.0, 1.407929871095701E-4, -0.0013188519327298016, -8.583337975777857, 0.0, 7.223134741307889, -1.3602032344701127, 1.099172417754691, 0.0, 6.289188723001685, 7.388361140755888, 5.918999999999991
6.450901803607219E-4, 0.12574231892508977, 1.5400393641667678E-4, 5.677464964965531, -0.001487552559618056, 0.0, 1.6494391681100187E-4, -0.0013226086428070026, -8.573349945815057, 0.0, 7.62399078194693, -0.9493591638682696, 1.0858353596390695, 0.0, 6.552953764005221, 7.638789123643813, 5.918999999999991
6.587174348697398E-4, 0.12823009382357026, 1.5725720379049907E-4, 5.849692102039404, -0.001515427746167397, 0.0, 1.9039836736200306E-4, -0.001325029378805343, -8.563386815567679, 0.0, 8.024495773025548, -0.5388910425422728, 1.07323210960587, 0.0, 6.813750810170585, 7.88698291977599, 5.918999999999991
6.723446893787578E-4, 0.13070928077766894, 1.6051047116432136E-4, 6.024225309725838, -0.0015432705604928791, 0.0, 2.1715519670449253E-4, -0.001326115363788336, -8.553448585035722, 0.0, 8.424649714543753, -0.12879887049211175, 1.061317039276523, 0.0, 7.071746099413364, 8.13306313868943, 5.91899999999999
6.859719438877759E-4, 0.13317988318453702, 1.637637385381437E-4, 6.201023135335306, -0.0015710810835999347, 0.0, 2.4521326278038923E-4, -0.001325867820819495, -8.543535254219186, 0.0, 8.824452606501541, 0.2809173522822139, 1.0500481460156565, 0.0, 7.327092659975441, 8.37714080599065, 5.91899999999999
6.99599198396794E-4, 0.1356419044413256, 1.67017005911966E-4, 6.380044367088633, -0.0015988593964939939, 0.0, 2.745714235316111E-4, -0.0013242879729623333, -8.533646823118076, 0.0, 9.223904448898912, 0.6902576257806967, 1.039386699808004, 0.0, 7.579931596958692, 8.619318296766261, 5.91899999999999
7.13226452905812E-4, 0.13809534794518583, 1.7027027328578832E-4, 6.561248034117015, -0.00162660558018049, 0.0, 3.0522853690007675E-4, -0.001321377043280364, -8.523783291732386, 0.0, 9.623005241735864, 1.0992219500033402, 1.0292969306170028, 0.0, 7.830393231371795, 8.859690161988368, 5.918999999999991
7.268537074148301E-4, 0.1405402170932689, 1.7352354065961064E-4, 6.7445934064619975, -0.0016543197156648542, 0.0, 3.3718346082770495E-4, -0.0013171362548371006, -8.513944660062117, 0.0, 10.021754985012404, 1.5078103249501487, 1.0197457509122685, 0.0, 8.078598111046036, 9.098343861957888, 5.918999999999991
7.40480961923848E-4, 0.14297651528272584, 1.7677680803343293E-4, 6.930039995075484, -0.001682001883952518, 0.0, 3.704350532564133E-4, -0.0013115668306960563, -8.504130928107271, 0.0, 10.420153678728521, 1.9160227506211105, 1.0107025088354809, 0.0, 8.324657909926344, 9.335360418761413, 5.918999999999991
7.541082164328662E-4, 0.14540424591070797, 1.8003007540725525E-4, 7.117547551819739, -0.0017096521660489139, 0.0, 4.049821721281216E-4, -0.0013046699939207446, -8.494342095867845, 0.0, 10.818201322884226, 2.3238592270162397, 1.0021387681290286, 0.0, 8.568676229857461, 9.570814997986083, 5.918999999999991
7.677354709418842E-4, 0.1478234123743663, 1.8328334278107757E-4, 7.307076069467386, -0.0017372706429594732, 0.0, 4.4082367538474755E-4, -0.0012964469675746787, -8.484578163343844, 0.0, 11.215897917479511, 2.731319754135527, 0.9940281115021604, 0.0, 8.81074931698018, 9.804777428481946, 5.918999999999991
7.813627254509023E-4, 0.1502340180708521, 1.865366101548999E-4, 7.498585781701405, -0.0017648573956896283, 0.0, 4.7795842096821E-4, -0.0012868989747213712, -8.474839130535264, 0.0, 11.61324346251438, 3.1384043319789785, 0.9863459645733665, 0.0, 9.050966703162349, 10.037312667735325, 5.918999999999991
7.949899799599202E-4, 0.15263606639731636, 1.8978987752872218E-4, 7.692037163115134, -0.00179241250524481, 0.0, 5.163852668204266E-4, -0.0012760272384243364, -8.465124997442105, 0.0, 12.010237957988824, 3.5451129605465836, 0.9790694379199791, 0.0, 9.289411781459581, 10.268481219379177, 5.918999999999992
8.086172344689382E-4, 0.15502956075091032, 1.9304314490254447E-4, 7.887390929212265, -0.0018199360526304502, 0.0, 5.561030708833164E-4, -0.0012638329817470876, -8.455435764064369, 0.0, 12.406881403902855, 3.95144563983835, 0.9721771850990067, 0.0, 9.526162323388194, 10.498339508486826, 5.918999999999992
8.222444889779564E-4, 0.15741450452878522, 1.9629641227636682E-4, 8.084608036406863, -0.0018474281188519824, 0.0, 5.971106910987994E-4, -0.0012503174277531373, -8.445771430402054, 0.0, 12.803173800256477, 4.357402369854287, 0.9656492747862707, 0.0, 9.76129094476076, 10.72694021954666, 5.918999999999992
8.358717434869743E-4, 0.15979090112809205, 1.995496796501891E-4, 8.283649682023327, -0.0018748887849148364, 0.0, 6.394069854087917E-4, -0.0012354817995059997, -8.436131996455162, 0.0, 13.199115147049671, 4.7629831505943745, 0.9594670754226738, 0.0, 9.994865525954447, 10.954332601376763, 5.918999999999992
8.494989979959925E-4, 0.16215875394598206, 2.0280294702401143E-4, 8.48447730429644, -0.001902318131824445, 0.0, 6.829908117552135E-4, -0.001219327320069187, -8.426517462223691, 0.0, 13.594705444282454, 5.168187982058631, 0.9536131509631798, 0.0, 10.226949591728946, 11.180562742691775, 5.918999999999992
8.631262525050105E-4, 0.16451806637960634, 2.0605621439783375E-4, 8.687052582371326, -0.0019297162405862399, 0.0, 7.278610280799824E-4, -0.0012018552125062124, -8.416927827707644, 0.0, 13.989944691954818, 5.573016864247044, 0.9480711665014178, 0.0, 10.457602655064354, 11.405673821565424, 5.918999999999991
8.767535070140286E-4, 0.16686884182611608, 2.0930948177165607E-4, 8.891337436303475, -0.0019570831922056525, 0.0, 7.740164923250173E-4, -0.0011830666998805905, -8.407363092907017, 0.0, 14.38483289006677, 5.977469797159621, 0.9428258026954828, 0.0, 10.686880528933784, 11.629706331628922, 5.918999999999992
8.903807615230465E-4, 0.16921108368266236, 2.1256274914547836E-4, 9.097294027058725, -0.0019844190676881145, 0.0, 8.214560624322354E-4, -0.0011629630052558354, -8.39782325782181, 0.0, 14.779370038618298, 6.381546780796352, 0.9378626780519961, 0.0, 10.914835609445907, 11.852698287497564, 5.918999999999992
9.040080160320647E-4, 0.17154479534639644, 2.1581601651930068E-4, 9.30488475651329, -0.002011723948039059, 0.0, 8.70178596343558E-4, -0.0011415453516954576, -8.38830832245203, 0.0, 15.173556137609413, 6.78524781515725, 0.9331682782392271, 0.0, 11.141517133378525, 12.074685411617418, 5.918999999999992
9.176352705410827E-4, 0.17386998021446937, 2.19069283893123E-4, 9.514072267453725, -0.002038997914263916, 0.0, 9.201829520009006E-4, -0.0011188149622629725, -8.378818286797669, 0.0, 15.567391187040107, 7.188572900242306, 0.928729891698587, 0.0, 11.366971412765276, 12.295701304463535, 5.918999999999992
9.312625250501007E-4, 0.17618664168403234, 2.223225512669453E-4, 9.724819443576953, -0.0020662410473681185, 0.0, 9.714679873461838E-4, -0.0010947730600218922, -8.36935315085873, 0.0, 15.960875186910384, 7.591522036051525, 0.9245355509093525, 0.0, 11.591242048885935, 12.515777599794967, 5.918999999999992
9.448897795591187E-4, 0.1784947831522365, 2.255758186407676E-4, 9.93708940949025, -0.002093453428357098, 0.0, 0.0010240325603213243, -0.0010694208680357316, -8.359912914635213, 0.0, 16.354008137220248, 7.994095222584902, 0.9205739787358763, 0.0, 11.814370127739675, 12.734944106475234, 5.918999999999992
9.585170340681369E-4, 0.18079440801623298, 2.2882908601458993E-4, 10.150845530711255, -0.002120635138236286, 0.0, 0.001077875528868243, -0.0010427596093680017, -8.350497578127118, 0.0, 16.746790037969692, 8.396292459842446, 0.9168345393514965, 0.0, 12.036394398843996, 12.953228938195183, 5.9189999999999925
9.721442885771548E-4, 0.18308551967317296, 2.3208235338841222E-4, 10.36605141366796, -0.002147786258011115, 0.0, 0.0011329957509288557, -0.0010147905070822182, -8.341107141334446, 0.0, 17.139220889158715, 8.798113747824141, 0.9133071932900709, 0.0, 12.257351438995572, 13.17065863228534, 5.9189999999999925
9.85771543086173E-4, 0.18536812152020757, 2.3533562076223454E-4, 10.58267090569872, -0.0021749068686870163, 0.0, 0.001189392084445084, -9.855147842418915E-4, -8.331741604257195, 0.0, 17.531300690787326, 9.199559086530005, 0.909982456225679, 0.0, 12.477275802448148, 13.387258258673524, 5.9189999999999925
9.99398797595191E-4, 0.18764221695448796, 2.3858888813605686E-4, 10.800668095052245, -0.0022019970512694212, 0.0, 0.0012470633873588426, -9.549336639105379E-4, -8.322400966895367, 0.0, 17.92302944285552, 9.600628475960026, 0.906851361124695, 0.0, 12.696200158803968, 13.603051519928364, 5.9189999999999925
0.001013026052104209, 0.18990780937316526, 2.4184215550987918E-4, 11.020007310887605, -0.0022290568867637628, 0.0, 0.0013060085176120528, -9.230483691516699E-4, -8.313085229248959, 0.0, 18.314407145363298, 10.001321916114208, 0.903905423452639, 0.0, 12.914155419775682, 13.818060843228027, 5.9189999999999925
0.0010266533066132268, 0.1921649021733906, 2.4509542288370144E-4, 11.240653123274226, -0.002256086456175471, 0.0, 0.0013662263331466321, -8.898601230287997E-4, -8.303794391317975, 0.0, 18.705433798310647, 10.401639406992544, 0.9011366091519569, 0.0, 13.131170855852881, 14.03230746500455, 5.918999999999992
0.0010402805611222448, 0.1944134987523152, 2.4834869025752373E-4, 11.46257034319189, -0.0022830858405099796, 0.0, 0.001427715691904499, -8.553701486054415E-4, -8.294528453102412, 0.0, 19.096109401697586, 10.80158094859505, 0.8985373051367269, 0.0, 13.347274203798866, 14.245811508935313, 5.9189999999999925
0.001053907815631263, 0.19665360250709024, 2.516019576313461E-4, 11.685724022530755, -0.00231005512077272, 0.0, 0.0014904754518275743, -8.195796689451072E-4, -8.285287414602271, 0.0, 19.486433955524117, 11.20114654092172, 0.8961002920763639, 0.0, 13.562491765807698, 14.45859205788378, 5.9189999999999925
0.001067535070140281, 0.19888521683486673, 2.5485522500516837E-4, 11.910079454091305, -0.0023369943779691232, 0.0, 0.001554504470857773, -7.824899071113109E-4, -8.276071275817552, 0.0, 19.876407459790222, 11.600336183972544, 0.8938187192638875, 0.0, 13.776848501066704, 14.670667220330312, 5.9189999999999925
0.001081162324649299, 0.20110834513279588, 2.581084923789907E-4, 12.13560217158441, -0.0023639036931046207, 0.0, 0.0016198016069370147, -7.441020861675686E-4, -8.266880036748255, 0.0, 20.26602991449591, 11.999149877747527, 0.8916860813847703, 0.0, 13.990368110394567, 14.882054191779066, 5.9189999999999925
0.001094789579158317, 0.2033229907980289, 2.61361759752813E-4, 12.362257949631285, -0.002390783147184645, 0.0, 0.0016863657180072184, -7.044174291773893E-4, -8.25771369739438, 0.0, 20.655301319641186, 12.397587622246679, 0.8896961970208007, 0.0, 14.20307311455822, 15.092769311578747, 5.9189999999999925
0.0011084168336673353, 0.2055291572277169, 2.6461502712663536E-4, 12.590012803763512, -0.0024176328212146296, 0.0, 0.0017541956620103036, -6.63437159204288E-4, -8.248572257755928, 0.0, 21.044221675226044, 12.79564941746999, 0.8878431887396178, 0.0, 14.41498492681263, 15.302828115551979, 5.9189999999999925
0.0011220440881763534, 0.20772684781901096, 2.6786829450045765E-4, 12.818832990423013, -0.002444452796200003, 0.0, 0.0018232902968881863, -6.211624993117789E-4, -8.239455717832897, 0.0, 21.432790981250484, 13.193335263417463, 0.8861214646351316, 0.0, 14.626123920154637, 15.512245384789509, 5.918999999999993
0.0011356713426853712, 0.20991606596906223, 2.7112156187427994E-4, 13.048685006962096, -0.0024712431531461986, 0.0, 0.0018936484805827855, -5.775946725633768E-4, -8.230364077625287, 0.0, 21.82100923771449, 13.590645160089082, 0.8845257011969619, 0.0, 14.83650948973474, 15.721035190931444, 5.918999999999993
0.0011492985971943892, 0.21209681507502198, 2.7437482924810223E-4, 13.279535591643402, -0.0024980039730586484, 0.0, 0.001965269071036022, -5.327349020225901E-4, -8.2212973371331, 0.0, 22.2088764446181, 13.987579107484875, 0.8830508273985624, 0.0, 15.046160110828833, 15.929210938227142, 5.918999999999993
0.0011629258517034074, 0.21426909853404133, 2.776280966219246E-4, 13.51135172363994, -0.002524735336942784, 0.0, 0.002038150926189813, -4.8658441075293544E-4, -8.212255496356335, 0.0, 22.596392601961288, 14.38413710560483, 0.8816920099041056, 0.0, 15.255093392733997, 16.13678540263785, 5.9189999999999925
0.0011765531062124255, 0.21643291974327136, 2.8088136399574687E-4, 13.744100623035083, -0.0025514373258040367, 0.0, 0.002112292903986076, -4.3914442181792524E-4, -8.203238555294993, 0.0, 22.98355770974406, 14.780319154448947, 0.8804446393033873, 0.0, 15.463326128918855, 16.343770768221994, 5.9189999999999925
0.0011901803607214435, 0.2185882820998632, 2.841346313695692E-4, 13.977749750822555, -0.00257811002064784, 0.0, 0.0021876938623667315, -3.904161582810738E-4, -8.194246513949071, 0.0, 23.370371767966407, 15.176125254017215, 0.8793043172923848, 0.0, 15.670874343728693, 16.550178661020833, 5.9189999999999925
0.0012038076152304615, 0.2207351890009681, 2.873878987433915E-4, 14.212266808906437, -0.0026047535024796235, 0.0, 0.0022643526592736954, -3.4040084320589327E-4, -8.185279372318572, 0.0, 23.75683477662835, 15.571555404309652, 0.8782668447244985, 0.0, 15.87775333591837, 16.756020180642622, 5.9189999999999925
0.0012174348697394795, 0.22287364384373712, 2.906411661172138E-4, 14.447619740101167, -0.0026313678523048195, 0.0, 0.0023422681526488885, -2.8909969965589807E-4, -8.176337130403494, 0.0, 24.142946735729865, 15.966609605326244, 0.8773282104643043, 0.0, 16.08397771926141, 16.961305929725473, 5.918999999999994
0.0012310621242484973, 0.22500365002532144, 2.938944334910361E-4, 14.683776728131555, -0.0026579531511288605, 0.0, 0.002421439200434227, -2.3651395069460045E-4, -8.16741978820384, 0.0, 24.52870764527096, 16.361287857066998, 0.8764845809815982, 0.0, 16.289561460462117, 17.166046041443476, 5.918999999999994
0.0012446893787575154, 0.22712521094287225, 2.971477008648584E-4, 14.920706197632756, -0.0026845094799571785, 0.0, 0.0025018646605716316, -1.8264481938551306E-4, -8.158527345719607, 0.0, 24.91411750525164, 16.75559015953191, 0.8757322906289927, 0.0, 16.494517914577134, 17.370250205205895, 5.918999999999994
0.0012583166332665338, 0.2292383299935407, 3.004009682386808E-4, 15.158376814150282, -0.002711036919795205, 0.0, 0.0025835433910030227, -1.2749352879214924E-4, -8.149659802950795, 0.0, 25.29917631567192, 17.149516512721004, 0.8750678325512834, 0.0, 16.69885985813543, 17.57392769068648, 5.918999999999994
0.0012719438877755518, 0.23134301057447784, 3.036542356125031E-4, 15.39675748414001, -0.0027375355516483717, 0.0, 0.002666474249670314, -7.10613019780263E-5, -8.140817159897406, 0.0, 25.68388407653177, 17.54306691663424, 0.874487850179167, 0.0, 16.902599520129154, 17.7770873703081, 5.918999999999993
0.0012855711422845697, 0.23343925608283486, 3.0690750298632537E-4, 15.635817354968175, -0.0027640054565221095, 0.0, 0.0027506560945154248, -1.3349362006653262E-5, -8.13199941655944, 0.0, 26.068240787831193, 17.936241371271635, 0.8739891292639674, 0.0, 17.1057486110336, 17.97973774029735, 5.918999999999993
0.0012991983967935877, 0.23552706991576297, 3.1016077036014766E-4, 15.875525814911361, -0.0027904467154218518, 0.0, 0.0028360877834802756, 4.5641068058455483E-5, -8.123206572936894, 0.0, 26.452246449570204, 18.32903987663319, 0.8735685904136625, 0.0, 17.30831835000071, 18.18188694041415, 5.918999999999994
0.0013128256513026057, 0.23760645547041323, 3.1341403773396995E-4, 16.115852493156524, -0.0028168594093530295, 0.0, 0.002922768174506784, 1.0590876515378592E-4, -8.11443862902977, 0.0, 26.835901061748803, 18.721462432718916, 0.8732232820937416, 0.0, 17.51031949035898, 18.383542772452508, 5.918999999999994
0.001326452905811624, 0.23967741614393695, 3.166673051077923E-4, 16.35676725980097, -0.0028432436193210745, 0.0, 0.0030106961255368715, 1.6745250621582805E-4, -8.105695584838069, 0.0, 27.219204624366988, 19.1135090395288, 0.8729503740595354, 0.0, 17.71176234354156, 18.584712717600876, 5.918999999999994
0.001340080160320642, 0.24173995533348505, 3.1992057248161464E-4, 16.598240225852372, -0.0028695994263314185, 0.0, 0.0030998704945124516, 2.3027106818106357E-4, -8.096977440361789, 0.0, 27.60215713742475, 19.505179697062843, 0.8727471511892271, 0.0, 17.912656801554366, 18.78540395274338, 5.918999999999994
0.00135370741482966, 0.24379407643620885, 3.2317383985543694E-4, 16.84024174322873, -0.0028959269113894934, 0.0, 0.003190290139375445, 2.9436322798598086E-4, -8.088284195600933, 0.0, 27.984758600922095, 19.896474405321044, 0.8726110076893703, 0.0, 18.113012358087172, 18.985623365776334, 5.918999999999994
0.001367334669338678, 0.24583978284925936, 3.2642710722925923E-4, 17.08274240475845, -0.0029222261555007316, 0.0, 0.003281953918067771, 3.5972776256706923E-4, -8.079615850555497, 0.0, 28.367009014859025, 20.287393164303413, 0.8725394416468962, 0.0, 18.312838128362277, 19.185377570008963, 5.918999999999994
0.0013809619238476958, 0.24787707796978783, 3.296803746030815E-4, 17.32571304418026, -0.002948497239670564, 0.0, 0.0033748606885313447, 4.263634488608111E-4, -8.070972405225483, 0.0, 28.748908379235527, 20.677935974009927, 0.8725300499036858, 0.0, 18.51214286780796, 19.38467291771144, 5.918999999999995
0.001394589178356714, 0.24990596519494546, 3.3293364197690387E-4, 17.569124736143262, -0.0029747402449044223, 0.0, 0.003469009308708091, 4.942690638036972E-4, -8.062353859610893, 0.0, 29.130456694051627, 21.068102834440623, 0.8725805232316335, 0.0, 18.710934989637206, 19.58351551286864, 5.918999999999994
0.001408216432865732, 0.25192644792188323, 3.3618690935072616E-4, 17.81294879620691, -0.0030009552522077395, 0.0, 0.0035643986365399213, 5.634433843322121E-4, -8.053760213711723, 0.0, 29.511653959307303, 21.457893745595467, 0.8726886417878827, 0.0, 18.909222581405636, 19.78191122319332, 5.918999999999994
0.0014218436873747501, 0.2539385295477525, 3.3944017672454845E-4, 18.057156780841023, -0.003027142342585946, 0.0, 0.0036610275299687593, 6.338851873828421E-4, -8.045191467527975, 0.0, 29.892500175002564, 21.847308707474475, 0.8728522708313617, 0.0, 19.107013420617452, 19.979865691448616, 5.918999999999994
0.0014354709418837681, 0.25594221346970425, 3.426934440983708E-4, 18.301720487425772, -0.003053301597044474, 0.0, 0.0037588948469365214, 7.055932498920749E-4, -8.036647621059648, 0.0, 30.272995341137403, 22.236347720077642, 0.8730693566833464, 0.0, 19.304314989442307, 20.17738434612546, 5.918999999999994
0.0014490981963927862, 0.25793750308488955, 3.459467114721931E-4, 18.546611954251684, -0.0030794330965887564, 0.0, 0.0038579994453851263, 7.785663487963974E-4, -8.028128674306746, 0.0, 30.653139457711834, 22.62501078340497, 0.8733379229159263, 0.0, 19.501134488601934, 20.374472411517665, 5.918999999999994
0.0014627254509018044, 0.2599244017904599, 3.4919997884601543E-4, 18.791803460519645, -0.003105536922224225, 0.0, 0.003958340183256495, 8.528032610322976E-4, -8.019634627269264, 0.0, 31.032932524725844, 23.013297897456464, 0.8736560667535265, 0.0, 19.697478850480405, 20.571134917233742, 5.918999999999995
0.0014763527054108224, 0.2619029129835661, 3.524532462198377E-4, 19.037267526340916, -0.003131613154956309, 0.0, 0.004059915918492541, 9.283027635362583E-4, -8.011165479947206, 0.0, 31.41237454217944, 23.401209062232113, 0.8740219556737155, 0.0, 19.893354751508465, 20.76737670718198, 5.918999999999995
0.0014899799599198402, 0.2638730400613594, 3.5570651359366E-4, 19.28297691273709, -0.0031576618757904427, 0.0, 0.004162725509035184, 0.0010050636332447679, -8.002721232340567, 0.0, 31.791465510072605, 23.788744277731922, 0.8744338241945669, 0.0, 20.088768623868106, 20.963202448062486, 5.918999999999994
0.0015036072144288583, 0.26583478642099106, 3.589597809674823E-4, 19.528904621640137, -0.0031836831657320566, 0.0, 0.004266767812826346, 0.0010830846470943145, -7.994301884449352, 0.0, 32.17020542840536, 24.1759035439559, 0.8748899708366922, 0.0, 20.283726666560824, 21.158616637397333, 5.918999999999994
0.0015172344689378763, 0.2677881554596121, 3.622130483413046E-4, 19.775023895892378, -0.0032096771057865832, 0.0, 0.00437204168780794, 0.0011623645820213824, -7.985907436273559, 0.0, 32.5485942971777, 24.562686860904027, 0.8753887552490115, 0.0, 20.478234855879304, 21.353623611128125, 5.918999999999994
0.0015308617234468947, 0.2697331505743738, 3.65466315715127E-4, 20.021308219246496, -0.0032356437769594554, 0.0, 0.004478545991921896, 0.001242902214962465, -7.9775378878131855, 0.0, 32.926632116389634, 24.94909422857633, 0.8759285954880234, 0.0, 20.672298955319807, 21.548227550807646, 5.918999999999994
0.0015444889779559125, 0.2716697751624271, 3.687195830889493E-4, 20.26773131636552, -0.0032615832602561024, 0.0, 0.004586279583110117, 0.0013246963228540402, -7.969193239068236, 0.0, 33.30431888604113, 25.335125646972784, 0.8765079654411092, 0.0, 20.865924524969913, 21.742432490410838, 5.918999999999995
0.0015581162324649306, 0.2735980326209233, 3.719728504627716E-4, 20.51426715282285, -0.0032874956366819577, 0.0, 0.00469524131931453, 0.0014077456826325973, -7.960873490038709, 0.0, 33.68165460613222, 25.72078111609339, 0.8771253923850559, 0.0, 21.059116930403526, 21.9362423227884, 5.918999999999995
0.0015717434869739486, 0.27551792634701355, 3.752261178365939E-4, 20.760889935102238, -0.0033133809872424526, 0.0, 0.004805430058477052, 0.0014920490712346242, -7.952578640724602, 0.0, 34.058639276662895, 26.106060635938174, 0.8777794546715889, 0.0, 21.251881351113177, 22.129660805784585, 5.918999999999995
0.0015853707414829664, 0.27742945973784894, 3.7847938521041617E-4, 21.007574110597798, -0.0033392393929430188, 0.0, 0.004916844658539602, 0.001577605265596608, -7.944308691125919, 0.0, 34.43527289763313, 26.49096420650711, 0.878468779532261, 0.0, 21.44422278850744, 22.32269156803953, 5.918999999999994
0.0015989979959919846, 0.2793326361905807, 3.817326525842385E-4, 21.254294367614015, -0.003365070934789089, 0.0, 0.005029483977444099, 0.0016644130426550336, -7.936063641242657, 0.0, 34.81155546904298, 26.87549182780021, 0.8791920409955933, 0.0, 21.636146073499532, 22.51533811449495, 5.918999999999994
0.0016126252505010027, 0.28122745910235986, 3.849859199580608E-4, 21.5010256353657, -0.003390875693786094, 0.0, 0.005143346873132462, 0.0017524711793463921, -7.9278434910748175, 0.0, 35.187486990892396, 27.259643499817468, 0.8799479579098244, 0.0, 21.827655873710853, 22.707603831620506, 5.918999999999994
0.001626252505010021, 0.2831139318703376, 3.8823918733188315E-4, 21.747743083978055, -0.003416653750939467, 0.0, 0.005258432203546609, 0.0018417784526071645, -7.919648240622399, 0.0, 35.563067463181405, 27.643419222558897, 0.8807352920650613, 0.0, 22.01875670031274, 22.899491992377637, 5.918999999999995
0.0016398797595190387, 0.28499205789166515, 3.9149245470570545E-4, 21.99442212448661, -0.003442405187254637, 0.0, 0.005374738826628455, 0.0019323336393738395, -7.911477889885404, 0.0, 35.93829688590998, 28.026818996024463, 0.8815528464090612, 0.0, 22.20945291452673, 23.091005760935623, 5.918999999999995
0.001653507014028057, 0.2868618405634937, 3.947457220795278E-4, 22.241038408837273, -0.003468130083737039, 0.0, 0.005492265600319923, 0.002024135516582906, -7.9033324388638295, 0.0, 36.31317525907815, 28.40984282021422, 0.882399463351259, 0.0, 22.39974873380369, 23.28214819715479, 5.918999999999995
0.001667134268537075, 0.28872328328297414, 3.979989894533501E-4, 22.487567829886306, -0.0034938285213921023, 0.0, 0.005611011382562929, 0.0021171828611708477, -7.895211887557678, 0.0, 36.68770258268591, 28.79249069512812, 0.8832740231499356, 0.0, 22.58964823769968, 23.47292226084945, 5.918999999999995
0.001680761523046093, 0.29057638944725794, 4.012522568271724E-4, 22.733986521400336, -0.00351950058122526, 0.0, 0.005730975031299392, 0.002211474450074152, -7.887116235966948, 0.0, 37.06187885673324, 29.174762620766185, 0.8841754423778815, 0.0, 22.779155373466104, 23.663330815843832, 5.918999999999994
0.0016943887775551108, 0.292421162453496, 4.0450552420099467E-4, 22.980270858056333, -0.0035451463442419434, 0.0, 0.00585215540447123, 0.0023070090602293055, -7.87904548409164, 0.0, 37.43570408122015, 29.556658597128397, 0.8851026724620785, 0.0, 22.968273961370038, 23.85337663383195, 5.918999999999994
0.001708016032064129, 0.2942576056988396, 4.07758791574817E-4, 23.22639745544164, -0.003570765891447585, 0.0, 0.005974551360020365, 0.0024037854685728, -7.870999631931753, 0.0, 37.80917825614665, 29.938178624214792, 0.8860546982932963, 0.0, 23.157007699759923, 24.04306239805307, 5.918999999999995
0.0017216432865731473, 0.29608572258043986, 4.1101205894863936E-4, 23.472343170053943, -0.0035963593038476167, 0.0, 0.006098161755888715, 0.0025018024520411172, -7.8629786794872905, 0.0, 38.182301381512744, 30.319322702025342, 0.887030536901717, 0.0, 23.345360169890657, 24.232390706792216, 5.918999999999995
0.0017352705410821653, 0.29790551649544794, 4.1426532632246165E-4, 23.718085099301312, -0.0036219266624474694, 0.0, 0.006222985450018193, 0.0026010587875707424, -7.854982626758248, 0.0, 38.5550734573184, 30.700090830560054, 0.8880292361949712, 0.0, 23.533334840521263, 24.42136407671608, 5.918999999999995
0.0017488977955911831, 0.29971699084101483, 4.1751859369628394E-4, 23.963600581502128, -0.0036474680482525747, 0.0, 0.006349021300350718, 0.002701553252098162, -7.847011473744627, 0.0, 38.92749448356365, 31.08048300981891, 0.8890498737551608, 0.0, 23.720935072297785, 24.60998494605278, 5.918999999999996
0.0017625250501002011, 0.3015201490142919, 4.2077186107010624E-4, 24.20886719588519, -0.0036729835422683647, 0.0, 0.006476268164828214, 0.0028032846225598674, -7.83906522044643, 0.0, 39.29956446024848, 31.46049923980194, 0.8900915556916876, 0.0, 23.908164121932657, 24.798255677624187, 5.918999999999995
0.0017761523046092192, 0.30331499441243026, 4.2402512844392853E-4, 24.4538627625896, -0.003698473225500272, 0.0, 0.006604724901392597, 0.002906251675892344, -7.831143866863654, 0.0, 39.671283387372895, 31.840139520509126, 0.8911534155469186, 0.0, 24.095025146191844, 24.9861785617386, 5.918999999999995
0.0017897795591182374, 0.30510153043258104, 4.272783958177509E-4, 24.698565342664867, -0.0037239371789537287, 0.0, 0.0067343903679857875, 0.003010453189032077, -7.823247412996299, 0.0, 40.04265126493689, 32.219403851940484, 0.8922346132517988, 0.0, 24.281521205699732, 25.173755818951378, 5.918999999999996
0.0018034068136272554, 0.30687976047189525, 4.305316631915732E-4, 24.94295323807083, -0.0037493754836341645, 0.0, 0.0068652634225497, 0.0031158879389155524, -7.815375858844367, 0.0, 40.41366809294047, 32.59829223409599, 0.8933343341288466, 0.0, 24.467655268571562, 25.36098960270026, 5.918999999999996
0.0018170340681362735, 0.3086496879275243, 4.337849305653955E-4, 25.18700499167767, -0.0037747882205470124, 0.0, 0.006997342923026254, 0.0032225547024792595, -7.807529204407857, 0.0, 40.78433387138364, 32.97680466697567, 0.8944517879400128, 0.0, 24.653430213882412, 25.547882001822273, 5.918999999999996
0.0018306613226452915, 0.31041131619661905, 4.370381979392178E-4, 25.43069938726596, -0.003800175470697705, 0.0, 0.007130627727357369, 0.003330452256659681, -7.7997074496867675, 0.0, 41.15464860026638, 33.3549411505795, 0.8955862079770494, 0.0, 24.838848834981146, 25.734435042958047, 5.918999999999996
0.0018442885771543093, 0.31216464867633087, 4.402914653130401E-4, 25.674015449526625, -0.003825537315091672, 0.0, 0.007265116693484962, 0.003439579378393306, -7.791910594681102, 0.0, 41.52461227958869, 33.73270168490748, 0.8967368501922091, 0.0, 25.02391384265764, 25.920650692849712, 5.918999999999995
0.0018579158316633275, 0.3139096887638108, 4.4354473268686244E-4, 25.91693244406093, -0.003850873834734348, 0.0, 0.007400808679350956, 0.0035499348446166217, -7.784138639390858, 0.0, 41.89422490935061, 34.110086269959645, 0.8979029923672199, 0.0, 25.208627868170453, 26.106530860537536, 5.918999999999995
0.0018715430861723456, 0.31564643985621, 4.4679800006068473E-4, 26.15942987738053, -0.0038761851106311625, 0.0, 0.007537702542897264, 0.0036615174322661174, -7.776391583816036, 0.0, 42.2634864895521, 34.487094905735965, 0.8990839333185379, 0.0, 25.392993466142233, 26.292077399460634, 5.918999999999996
0.0018851703406813636, 0.3173749053506797, 4.50051267434507E-4, 26.401487496907393, -0.003901471223787549, 0.0, 0.007675797142065809, 0.003774325918278275, -7.7686694279566355, 0.0, 42.632397020193174, 34.86372759223644, 0.9002789921370904, 0.0, 25.57701311732968, 26.477292109466635, 5.918999999999996
0.0018987975951903816, 0.3190950886443709, 4.5330453480832937E-4, 26.643085290973872, -0.003926732255208938, 0.0, 0.007815091334798505, 0.0038883590795895815, -7.760972171812657, 0.0, 43.00095650127383, 35.23998432946107, 0.9014875074607405, 0.0, 25.76068923127408, 26.662176738734686, 5.918999999999996
0.0019124248496993996, 0.3208069931344349, 4.5655780218215166E-4, 26.884203488822692, -0.0039519682859007615, 0.0, 0.007955583979037274, 0.004003615693136527, -7.753299815384101, 0.0, 43.36916493279408, 35.61586511740987, 0.9027088367778767, 0.0, 25.944024148838633, 26.84673298561637, 5.918999999999996
0.0019260521042084179, 0.32251062221802274, 4.59811069555974E-4, 27.124822560606916, -0.003977179396868451, 0.0, 0.008097273932724035, 0.004120094535855598, -7.7456523586709665, 0.0, 43.73702231475391, 35.991369956082835, 0.9039423557605404, 0.0, 26.127020144637967, 27.030962500398374, 5.918999999999995
0.0019396793587174359, 0.3242059792922857, 4.630643369297963E-4, 27.36492321738995, -0.00400236566911744, 0.0, 0.008240160053800703, 0.004237794384683276, -7.738029801673253, 0.0, 44.10452864715331, 36.36649884547996, 0.9051874576256971, 0.0, 26.309679429365318, 27.214866886990887, 5.918999999999995
0.0019533066132264537, 0.3258930677543747, 4.663176043036186E-4, 27.6044864111456, -0.004027527183653159, 0.0, 0.008384241200209195, 0.004356714016556049, -7.730432144390963, 0.0, 44.471683929992295, 36.741251785601236, 0.9064435525232002, 0.0, 26.492004152022275, 27.398447704545354, 5.918999999999996
0.0019669338677354717, 0.3275718910014411, 4.695708716774409E-4, 27.843493334757994, -0.004052664021481039, 0.0, 0.008529516229891437, 0.00447685220841041, -7.722859386824095, 0.0, 44.83848816327087, 37.11562877644667, 0.9077100669492383, 0.0, 26.673996402055838, 27.581706469004946, 5.918999999999996
0.0019805611222444897, 0.32924245243063593, 4.728241390512632E-4, 28.081925422021648, -0.004077776263606514, 0.0, 0.008675984000789344, 0.004598207737182844, -7.715311528972649, 0.0, 45.20494134698903, 37.489629818016276, 0.9089864431839819, 0.0, 26.8556582114072, 27.764644654591045, 5.918999999999996
0.001994188376753508, 0.33090475543911047, 4.760774064250856E-4, 28.319764347641403, -0.0041028639910350145, 0.0, 0.008823643370844835, 0.004720779379809833, -7.707788570836623, 0.0, 45.571043481146766, 37.86325491031005, 0.9102721387522719, 0.0, 27.03699155647661, 27.947263695228752, 5.918999999999995
0.0020078156312625262, 0.3325588034240158, 4.7933067379890787E-4, 28.55699202723249, -0.004127927284771972, 0.0, 0.008972493197999823, 0.004844565913227865, -7.700290512416021, 0.0, 45.936794565744094, 38.23650405332797, 0.9115666259062959, 0.0, 27.21799836000821, 28.129564985914374, 5.918999999999995
0.002021442885771544, 0.3342045997825029, 4.8258394117273016E-4, 28.79359061732046, -0.004152966225822817, 0.0, 0.009122532340196228, 0.004969566114373425, -7.69281735371084, 0.0, 46.302194600780986, 38.60937724707004, 0.9128693911291739, 0.0, 27.398680492898517, 28.311549884027556, 5.918999999999995
0.002035070140280562, 0.33584214791172307, 4.8583720854655245E-4, 29.029542515341276, -0.004177980895192984, 0.0, 0.00927375965537598, 0.005095778760183007, -7.685369094721082, 0.0, 46.66724358625747, 38.98187449153629, 0.9141799346584861, 0.0, 27.57903977593244, 28.493219710590807, 5.918999999999996
0.0020486973947895803, 0.33747145120882766, 4.890904759203748E-4, 29.26483035964121, -0.004202971373887906, 0.0, 0.009426174001480984, 0.0052232026275930935, -7.677945735446745, 0.0, 47.031941522173554, 39.3539957867267, 0.9154977700288347, 0.0, 27.75907798144988, 28.67457575147857, 5.918999999999996
0.0020623246492985983, 0.33909251307096744, 4.923437432941971E-4, 29.499437029476923, -0.00422793774291301, 0.0, 0.009579774236453167, 0.005351836493540169, -7.670547275887831, 0.0, 47.39628840852921, 39.72574113264127, 0.9168224236325097, 0.0, 27.938796834946178, 28.855619258578557, 5.918999999999996
0.0020759519038076163, 0.34070533689529386, 4.955970106680195E-4, 29.733345645015397, -0.0042528800832737305, 0.0, 0.00973455921823444, 0.005481679134960721, -7.663173716044337, 0.0, 47.760284245324435, 40.097110529279995, 0.918153434297503, 0.0, 28.118198016609814, 29.03635145090719, 5.918999999999996
0.0020895791583166344, 0.3423099260789578, 4.988502780418417E-4, 29.966539567334024, -0.0042777984759755, 0.0, 0.009890527804766727, 0.0056127293287912385, -7.655825055916266, 0.0, 48.12392903255926, 40.46810397664289, 0.9194903528819881, 0.0, 28.297283162799623, 29.21677351568148, 5.918999999999996
0.0021032064128256524, 0.3439062840191107, 5.021035454156641E-4, 30.199002398420518, -0.00430269300202375, 0.0, 0.010047678853991944, 0.0057449858519682045, -7.648501295503618, 0.0, 48.48722277023366, 40.83872147472994, 0.9208327418845976, 0.0, 28.476053867464767, 29.396886609349238, 5.918999999999996
0.002116833667334671, 0.34549441411290355, 5.053568127894864E-4, 30.430717981172954, -0.004327563742423911, 0.0, 0.010206011223852014, 0.005878447481428113, -7.641202434806391, 0.0, 48.850165458347654, 41.20896302354116, 0.9221801750697293, 0.0, 28.65451168350981, 29.57669185857942, 5.918999999999996
0.0021304609218436884, 0.34707431975748737, 5.086100801633087E-4, 30.66167039939978, -0.004352410778181414, 0.0, 0.010365523772288844, 0.006013112994107438, -7.633928473824587, 0.0, 49.21275709690121, 41.57882862307652, 0.9235322371072663, 0.0, 28.83265812410736, 29.756190361214507, 5.918999999999997
0.0021440881763527065, 0.34864600435001347, 5.11863347537131E-4, 30.891843977819793, -0.0043772341903016935, 0.0, 0.010526215357244365, 0.006148981166942681, -7.626679412558204, 0.0, 49.57499768589435, 41.94831827333605, 0.9248885232259948, 0.0, 29.010494663960785, 29.93538318718666, 5.918999999999996
0.0021577154308617245, 0.3502094712876331, 5.151166149109532E-4, 31.121223282062147, -0.004402034059790181, 0.0, 0.010688084836660488, 0.006286050776870318, -7.619455251007243, 0.0, 49.936887225327084, 42.31743197431973, 0.9262486388801898, 0.0, 29.18802274051891, 30.114271379398968, 5.918999999999996
0.0021713426853707425, 0.35176472396749714, 5.183698822847756E-4, 31.349793118666355, -0.004426810467652306, 0.0, 0.010851131068479139, 0.006424320600826843, -7.612255989171705, 0.0, 50.2984257151994, 42.6861697260276, 0.9276121994287285, 0.0, 29.365243755145098, 30.292855954573707, 5.918999999999996
0.0021849699398797605, 0.353311765786757, 5.216231496585979E-4, 31.57753853508232, -0.0044515634948935024, 0.0, 0.011015352910642229, 0.006563789415748736, -7.605081627051588, 0.0, 50.659613155511295, 43.05453152845961, 0.9289788298262343, 0.0, 29.542159074242527, 30.471137904068637, 5.918999999999996
0.0021985971943887786, 0.3548506001425637, 5.248764170324202E-4, 31.8044448196702, -0.004476293222519201, 0.0, 0.011180749221091676, 0.006704455998572486, -7.597932164646892, 0.0, 51.02044954626278, 43.422517381615776, 0.9303481643256943, 0.0, 29.718770030337662, 30.649118194663224, 5.918999999999996
0.0022122244488977966, 0.3563812304320684, 5.281296844062425E-4, 32.030497501700665, -0.004500999731534834, 0.0, 0.011347318857769411, 0.006846319126234582, -7.590807601957619, 0.0, 51.38093488745384, 43.79012728549611, 0.9317198461920676, 0.0, 29.895077923123573, 30.82679776931553, 5.918999999999996
0.002225851703406815, 0.35790366005242225, 5.313829517800649E-4, 32.255682351354594, -0.004525683102945835, 0.0, 0.011515060678617338, 0.00698937757567151, -7.583707938983768, 0.0, 51.7410691790845, 44.157361240100634, 0.9330935274264268, 0.0, 30.071084020465175, 31.00417754789149, 5.918999999999996
0.0022394789579158326, 0.3594178924007763, 5.346362191538871E-4, 32.47998537972334, -0.004550343417757631, 0.0, 0.011683973541577379, 0.007133630123819755, -7.576633175725339, 0.0, 52.10085242115471, 44.52421924542928, 0.9344688685001404, 0.0, 30.246789559367354, 31.181258427867377, 5.918999999999996
0.0022531062124248507, 0.3609239308742819, 5.378894865277094E-4, 32.703392838808554, -0.0045749807569756586, 0.0, 0.011854056304591458, 0.007279075547615804, -7.569583312182332, 0.0, 52.46028461366453, 44.89070130148209, 0.9358455380987521, 0.0, 30.42219574690845, 31.35804128500709, 5.918999999999996
0.0022667334669338687, 0.3624217788700901, 5.411427539015317E-4, 32.92589122152225, -0.004599595201605347, 0.0, 0.012025307825601487, 0.007425712623996146, -7.562558348354747, 0.0, 52.81936575661392, 45.256807408259064, 0.9372232128750363, 0.0, 30.5973037611397, 31.53452697401461, 5.918999999999996
0.002280360721442887, 0.363911439785352, 5.443960212753541E-4, 33.14746726168683, -0.004624186832652131, 0.0, 0.012197726962549392, 0.007573540129897267, -7.555558284242585, 0.0, 53.17809585000291, 45.62253756576023, 0.9386015772109735, 0.0, 30.772114751952586, 31.710716329163446, 5.918999999999995
0.0022939879759519047, 0.36539291701721877, 5.476492886491764E-4, 33.36810793403499, -0.004648755731121437, 0.0, 0.012371312573377077, 0.007722556842255647, -7.548583119845842, 0.0, 53.53647489383146, 45.98789177398552, 0.9399803229881449, 0.0, 30.94662984191516, 31.886610164903196, 5.918999999999996
0.002307615230460923, 0.36686621396284164, 5.509025560229987E-4, 33.58780045420985, -0.004673301978018701, 0.0, 0.012546063516026485, 0.007872761538007787, -7.541632855164524, 0.0, 53.894502888099616, 46.35287003293498, 0.941359149366314, 0.0, 31.120850127078995, 32.062209276445195, 5.918999999999996
0.002321242484969941, 0.3683313340193717, 5.541558233968211E-4, 33.806532278764884, -0.004697825654349354, 0.0, 0.012721978648439514, 0.008024152994090162, -7.534707490198627, 0.0, 54.252179832807336, 46.7174723426086, 0.9427377625697897, 0.0, 31.29477667775733, 32.237514440327004, 5.918999999999997
0.002334869739478959, 0.36978828058396, 5.574090907706433E-4, 34.024291105163876, -0.004722326841118826, 0.0, 0.012899056828558075, 0.008176729987439254, -7.527807024948151, 0.0, 54.60950572795463, 47.08169870300638, 0.9441158756812513, 0.0, 31.468410539276338, 32.41252641495748, 5.918999999999996
0.0023484969939879773, 0.3712370570537579, 5.606623581444657E-4, 34.241064871781006, -0.004746805619332553, 0.0, 0.013077296914324117, 0.008330491294991568, -7.520931459413099, 0.0, 54.96648057354154, 47.44554911412833, 0.9454932084427825, 0.0, 31.641752732699945, 32.58724594114262, 5.918999999999996
0.002362124248496995, 0.3726776668259164, 5.639156255182879E-4, 34.4568417579008, -0.004771262069995962, 0.0, 0.013256697763679529, 0.008485435693683572, -7.514080793593467, 0.0, 55.32310436956799, 47.80902357597443, 0.9468694870637743, 0.0, 31.814804255529733, 32.761673742593395, 5.918999999999996
0.0023757515030060133, 0.3741101132975867, 5.671688928921102E-4, 34.671610183718144, -0.004795696274114488, 0.0, 0.013437258234566256, 0.00864156196045177, -7.507255027489259, 0.0, 55.67937711603407, 48.172122088544704, 0.9482444440354417, 0.0, 31.98756608238071, 32.93581052641605, 5.918999999999997
0.002389378757515031, 0.3755343998659198, 5.704221602659325E-4, 34.88535881033829, -0.004820108312693561, 0.0, 0.013618977184926188, 0.00879886887223263, -7.500454161100471, 0.0, 56.03529881293969, 48.53484465183913, 0.9496178179516962, 0.0, 32.160039165633954, 33.10965698358555, 5.918999999999997
0.002403006012024049, 0.37695052992806716, 5.736754276397548E-4, 35.09807653977685, -0.004844498266738614, 0.0, 0.013801853472701263, 0.00895735520596265, -7.493678194427106, 0.0, 56.39086946028491, 48.897191265857714, 0.9509893533360948, 0.0, 32.332224436067, 33.283213789403014, 5.918999999999996
0.002416633266533068, 0.3783585068811799, 5.769286950135773E-4, 35.30975251495978, -0.00486886621725508, 0.0, 0.013985885955833409, 0.009117019738578333, -7.486927127469163, 0.0, 56.74608905806974, 49.259161930600484, 0.9523588004746641, 0.0, 32.50412280346306, 33.45648160393763, 5.918999999999996
0.0024302605210420854, 0.37975833412240856, 5.801819623873995E-4, 35.520376119723366, -0.004893212245248387, 0.0, 0.014171073492264506, 0.009277861247016125, -7.48020096022664, 0.0, 57.100957606294116, 49.62075664606738, 0.9537259152543446, 0.0, 32.675735157199455, 33.629461072453694, 5.918999999999996
0.0024438877755511034, 0.38115001504890506, 5.834352297612219E-4, 35.729936978814344, -0.004917536431723968, 0.0, 0.014357414939936506, 0.009439878508212539, -7.473499692699542, 0.0, 57.45547510495808, 49.98197541225846, 0.9550904590068124, 0.0, 32.84706236681668, 33.802152825823406, 5.918999999999996
0.0024575150300601215, 0.38253355305782016, 5.866884971350441E-4, 35.93842495788968, -0.0049418388576872585, 0.0, 0.014544909156791318, 0.009603070299104063, -7.466823324887865, 0.0, 57.80964155406164, 50.34281822917369, 0.9564521983575557, 0.0, 33.01810528256838, 33.97455748092584, 5.918999999999996
0.0024711422845691395, 0.3839089515463051, 5.899417645088664E-4, 36.145830163516834, -0.004966119604143686, 0.0, 0.01473355500077086, 0.009767435396627177, -7.460171856791608, 0.0, 58.16345695360478, 50.703285096813076, 0.9578109050798782, 0.0, 33.18886473595306, 34.146675641032836, 5.918999999999996
0.002484769539078157, 0.38527621391151096, 5.931950318826887E-4, 36.35214294317354, -0.004990378752098683, 0.0, 0.014923351329817052, 0.009932972577718366, -7.453545288410776, 0.0, 58.51692130358748, 51.06337601517661, 0.9591663559537525, 0.0, 33.35934154022844, 34.318507896182105, 5.918999999999996
0.0024983967935871755, 0.38663534355058893, 5.96448299256511E-4, 36.55735388524789, -0.005014616382557684, 0.0, 0.015114297001871814, 0.010099680619314131, -7.446943619745364, 0.0, 58.870034604009795, 51.42309098426434, 0.9605183326292822, 0.0, 33.529536490908974, 34.490054823538166, 5.918999999999996
0.0025120240480961935, 0.3879863438606903, 5.997015666303334E-4, 36.761453819038366, -0.005038832576526118, 0.0, 0.015306390874877058, 0.010267558298350939, -7.440366850795375, 0.0, 59.22279685487168, 51.78243000407622, 0.9618666214945897, 0.0, 33.69945036624697, 34.661316987741465, 5.918999999999996
0.0025256513026052116, 0.389329218238966, 6.029548340041556E-4, 36.9644338147538, -0.005063027415009418, 0.0, 0.015499631806774708, 0.010436604391765289, -7.433814981560807, 0.0, 59.575208056173146, 52.14139307461225, 0.9632110135480112, 0.0, 33.8690839276984, 34.832294941246325, 5.918999999999996
0.0025392785571142296, 0.3906639700825673, 6.06208101377978E-4, 37.16628518351335, -0.005087200979013016, 0.0, 0.01569401865550668, 0.010606817676493664, -7.427288012041662, 0.0, 59.927268207914196, 52.49998019587244, 0.9645513042743784, 0.0, 34.038437920373596, 35.00298922464788, 5.918999999999997
0.0025529058116232476, 0.39199060278864517, 6.094613687518003E-4, 37.3669994773466, -0.005111353349542341, 0.0, 0.015889550279014893, 0.010778196929472548, -7.420785942237938, 0.0, 60.27897731009483, 52.858191367856804, 0.9658872935252807, 0.0, 34.20751307347343, 35.17340036699862, 5.918999999999997
0.002566533066132266, 0.3933091197543511, 6.127146361256227E-4, 37.56656848919343, -0.00513548460760283, 0.0, 0.01608622553524127, 0.010950740927638439, -7.414308772149636, 0.0, 60.63033536271506, 53.216026590565335, 0.967218785403142, 0.0, 34.37631010071174, 35.343528886114804, 5.918999999999997
0.002580160320641284, 0.394619524376836, 6.15967903499445E-4, 37.764984252904114, -0.0051595948341999105, 0.0, 0.01628404328212772, 0.01112444844792781, -7.407856501776757, 0.0, 60.98134236577486, 53.57348586399801, 0.9685455881489551, 0.0, 34.54482970072429, 35.51337528887316, 5.918999999999996
0.0025937875751503017, 0.395921820053251, 6.192211708732672E-4, 37.96223904323923, -0.005183684110339015, 0.0, 0.01648300237761616, 0.011299318267277144, -7.401429131119299, 0.0, 61.33199831927423, 53.930569188154834, 0.9698675140335715, 0.0, 34.713072557464876, 35.682940071498365, 5.918999999999996
0.00260741482965932, 0.3972160101807473, 6.224744382470896E-4, 38.15832537586979, -0.005207752517025578, 0.0, 0.016683101679648534, 0.01147534916262295, -7.395026660177264, 0.0, 61.682303223213204, 54.28727656303584, 0.9711843792523976, 0.0, 34.88103934058897, 35.85222371984127, 5.918999999999996
0.0026210420841683377, 0.3985020981564761, 6.257277056209118E-4, 38.35323600737711, -0.0052318001352650275, 0.0, 0.016884340046166724, 0.011652539910901693, -7.38864908895065, 0.0, 62.03225707759175, 54.643607988641, 0.9724960038233591, 0.0, 35.048730705825406, 36.02122670964867, 5.918999999999997
0.0026346693386773558, 0.39978008737758847, 6.289809729947342E-4, 38.546963935252904, -0.005255827046062799, 0.0, 0.017086716335112672, 0.011830889289049873, -7.382296417439457, 0.0, 62.381859882409884, 54.99956346497032, 0.9738022114880672, 0.0, 35.21614729533656, 36.189949506824526, 5.918999999999996
0.002648296593186374, 0.40104998124123564, 6.322342403685564E-4, 38.73950239789921, -0.005279833330424321, 0.0, 0.017290229404428294, 0.01201039607400397, -7.375968645643688, 0.0, 62.73111163766759, 55.3551429920238, 0.9751028296159872, 0.0, 35.38328973806741, 36.358392567683296, 5.918999999999996
0.002661923847695392, 0.40231178314456856, 6.354875077423787E-4, 38.930844874628434, -0.005303819069355027, 0.0, 0.017494878112055506, 0.01219105904270048, -7.369665773563341, 0.0, 63.080012343364885, 55.71034656980145, 0.9763976891116013, 0.0, 35.550158650083816, 36.52655633919533, 5.918999999999996
0.0026755511022044107, 0.40356549648473883, 6.387407751162012E-4, 39.12098508566337, -0.00532778434386035, 0.0, 0.017700661315936235, 0.012372876972075883, -7.363387801198415, 0.0, 63.428561999501774, 56.065174198303275, 0.9776866243243751, 0.0, 35.71675463490056, 36.69444125922485, 5.918999999999996
0.0026891783567134283, 0.4048111246588971, 6.419940424900234E-4, 39.30991699213709, -0.005351729234945718, 0.0, 0.017907577874012374, 0.012555848639066653, -7.357134728548911, 0.0, 63.77676060607824, 56.41962587752923, 0.9789694729614682, 0.0, 35.88307828379929, 36.86204775676065, 5.918999999999995
0.0027028056112224463, 0.4060486710641948, 6.452473098638458E-4, 39.497634796093124, -0.005375653823616566, 0.0, 0.018115626644225863, 0.012739972820609293, -7.350906555614829, 0.0, 64.12460816309428, 56.77370160747935, 0.9802460760030955, 0.0, 36.04913017613692, 37.029376252139926, 5.918999999999997
0.0027164328657314643, 0.4072781390977829, 6.48500577237668E-4, 39.68413294048528, -0.005399558190878325, 0.0, 0.018324806484518615, 0.012925248293640284, -7.3447032823961695, 0.0, 64.47210467054991, 57.127401388153636, 0.9815162776204245, 0.0, 36.214910879644805, 37.19642715726513, 5.918999999999997
0.0027300601202404824, 0.4084995321568127, 6.517538446114904E-4, 39.8694061091778, -0.005423442417736427, 0.0, 0.018535116252832547, 0.013111673835096118, -7.33852490889293, 0.0, 64.81925012844512, 57.48072521955209, 0.9827799250959396, 0.0, 36.38042095071882, 37.36320087581467, 5.918999999999997
0.0027436873747495, 0.4097128536384353, 6.550071119853126E-4, 40.05344922694518, -0.005447306585196302, 0.0, 0.018746554807109576, 0.013299248221913269, -7.332371435105115, 0.0, 65.16604453677989, 57.833673101674684, 0.9840368687461684, 0.0, 36.54566093470088, 37.529697803446965, 5.918999999999996
0.0027573146292585184, 0.41091810693980185, 6.58260379359135E-4, 40.2362574594724, -0.005471150774263385, 0.0, 0.018959121005291634, 0.013487970231028245, -7.326242861032721, 0.0, 65.51248789555429, 58.18624503452146, 0.9852869618467194, 0.0, 36.71063136615214, 37.69591832799876, 5.918999999999996
0.0027709418837675364, 0.4121152954580634, 6.615136467329573E-4, 40.41782621335471, -0.005494975065943106, 0.0, 0.019172813705320625, 0.013677838639377516, -7.32013918667575, 0.0, 65.85858020476824, 58.53844101809239, 0.9865300605595104, 0.0, 36.875332769118, 37.86186282967741, 5.918999999999996
0.002784569138276554, 0.41330442259037126, 6.647669141067795E-4, 40.598151136097734, -0.005518779541240896, 0.0, 0.01938763176513847, 0.013868852223897565, -7.3140604120342, 0.0, 66.20432146442178, 58.89026105238748, 0.9877660238621435, 0.0, 37.039765657385495, 38.027531681247545, 5.918999999999997
0.0027981963927855725, 0.41448549173387655, 6.680201814806019E-4, 40.77722811611747, -0.00554256428116219, 0.0, 0.019603574042687096, 0.014061009761524903, -7.308006537108072, 0.0, 66.54971167451491, 59.24170513740674, 0.9889947134793483, 0.0, 37.20393053473307, 38.19292524821231, 5.918999999999996
0.0028118236472945905, 0.4156585062857305, 6.712734488544242E-4, 40.95505328274024, -0.005566329366712416, 0.0, 0.019820639395908408, 0.014254310029195985, -7.301977561897366, 0.0, 66.89475083504762, 59.592773273150144, 0.9902159938164067, 0.0, 37.367827895173065, 38.35804388898938, 5.918999999999996
0.002825450901803609, 0.41682346964308387, 6.745267162282466E-4, 41.13162300620279, -0.005590074878897008, 0.0, 0.020038826682744343, 0.014448751803847323, -7.295973486402081, 0.0, 67.23943894601992, 59.943465459617734, 0.9914297318945171, 0.0, 37.531458223187286, 38.52288795508172, 5.918999999999996
0.0028390781563126266, 0.41798038520308817, 6.777799836020688E-4, 41.30693389765217, -0.0056138008987213954, 0.0, 0.020258134761136783, 0.014644333862415385, -7.289994310622219, 0.0, 67.58377600743177, 60.29378169680947, 0.9926357972880081, 0.0, 37.69482199395573, 38.68745779124366, 5.918999999999996
0.0028527054108216446, 0.4191292563628945, 6.810332509758912E-4, 41.48098280914583, -0.005637507507191012, 0.0, 0.020478562489027692, 0.01484105498183667, -7.28404003455778, 0.0, 67.92776201928322, 60.64372198472535, 0.9938340620633587, 0.0, 37.857919673578664, 38.85175373564195, 5.918999999999996
0.002866332665330663, 0.42027008651965403, 6.842865183497135E-4, 41.65376683365148, -0.005661194785311291, 0.0, 0.020700108724358967, 0.015038913939047665, -7.27811065820876, 0.0, 68.27139698157427, 60.993286323365425, 0.9950244007199669, 0.0, 38.020751719292626, 39.01577612001252, 5.918999999999997
0.0028799599198396806, 0.4214028790705176, 6.875397857235357E-4, 41.82528330504732, -0.005684862814087661, 0.0, 0.020922772325072513, 0.015237909510984846, -7.272206181575165, 0.0, 68.61468089430488, 61.34247471272962, 0.9962066901325689, 0.0, 38.18331857967995, 39.179525269812416, 5.918999999999997
0.0028935871743486987, 0.42252763741263677, 6.907930530973581E-4, 41.99552979812188, -0.0057085116745255555, 0.0, 0.02114655214911028, 0.015438040474584712, -7.266326604656991, 0.0, 68.95761375747509, 61.69128715281801, 0.9973808094953293, 0.0, 38.345620694872665, 39.34300150436792, 5.918999999999997
0.0029072144288577167, 0.42364436494316254, 6.940463204711803E-4, 42.164504128573896, -0.005732141447630406, 0.0, 0.021371447054414155, 0.015639305606783744, -7.260471927454238, 0.0, 69.30019557108488, 62.039723643630545, 0.9985466402674639, 0.0, 38.507658496750544, 39.506205137017915, 5.918999999999996
0.0029208416833667347, 0.424753065059246, 6.972995878450027E-4, 42.332204353012685, -0.005755752214407645, 0.0, 0.02159745589892608, 0.015841703684518427, -7.254642149966909, 0.0, 69.64242633513425, 62.38778418516724, 0.9997040661204092, 0.0, 38.66943240913351, 39.66913647525384, 5.918999999999996
0.0029344689378757527, 0.4258537411580383, 7.005528552188249E-4, 42.4986287689578, -0.005779344055862704, 0.0, 0.021824577540587954, 0.016045233484725252, -7.248837272195, 0.0, 69.9843060496232, 62.735468777428096, 1.000852972886458, 0.0, 38.83094284796897, 39.83179582085531, 5.918999999999996
0.002948096192384771, 0.42694639663669065, 7.038061225926474E-4, 42.663775914839164, -0.0058029170530010145, 0.0, 0.022052810837341726, 0.016249893784340698, -7.243057294138514, 0.0, 70.32583471455175, 63.082777420413144, 1.0019932485088066, 0.0, 38.992190221513475, 39.99418347002222, 5.918999999999995
0.002961723446893789, 0.4280310348923542, 7.070593899664697E-4, 42.82764456999707, -0.005826471286828007, 0.0, 0.022282154647129286, 0.016455683360301267, -7.23730221579745, 0.0, 70.66701232991986, 63.42971011412232, 1.0031247829930061, 0.0, 39.153174930509955, 40.15629971350289, 5.918999999999996
0.0029753507014028072, 0.4291076593221801, 7.10312657340292E-4, 42.99023375468213, -0.005850006838349118, 0.0, 0.022512607827892554, 0.016662600989543426, -7.231572037171808, 0.0, 71.00783889572756, 63.776266858555665, 1.0042474683597316, 0.0, 39.31389736835962, 40.31814483671928, 5.918999999999996
0.0029889779559118253, 0.4301762733233193, 7.135659247141143E-4, 43.1515427300554, -0.005873523788569772, 0.0, 0.022744169237573456, 0.016870645449003678, -7.225866758261588, 0.0, 71.34831441197484, 64.12244765371317, 1.0053611985988267, 0.0, 39.474357921289325, 40.479719119888074, 5.918999999999997
0.003002605210420843, 0.4312368802929232, 7.168191920879365E-4, 43.3115709981882, -0.005897022218495407, 0.0, 0.02297683773411391, 0.01707981551561849, -7.2201863790667895, 0.0, 71.6884388786617, 64.46825249959483, 1.0064658696246531, 0.0, 39.6345569685144, 40.641022838138994, 5.918999999999996
0.0030162324649298613, 0.43228948362814296, 7.200724594617589E-4, 43.470318302062275, -0.005920502209131451, 0.0, 0.023210612175455843, 0.017290109966324376, -7.2145308995874124, 0.0, 72.02821229578817, 64.81368139620066, 1.0075613792325813, 0.0, 39.79449488239708, 40.80205626162959, 5.918999999999996
0.003029859719438879, 0.43333408672612955, 7.233257268355811E-4, 43.62778462556972, -0.005943963841483338, 0.0, 0.023445491419541147, 0.017501527578057795, -7.208900319823459, 0.0, 72.36763466335418, 65.15873434353064, 1.0086476270567122, 0.0, 39.95417202860051, 40.96281965565716, 5.918999999999996
0.003043486973947897, 0.4343706929840343, 7.265789942094035E-4, 43.78397019351292, -0.0059674071965564995, 0.0, 0.02368147432431177, 0.017714067127755254, -7.203294639774926, 0.0, 72.70670598135979, 65.50341134158477, 1.0097245145287073, 0.0, 40.113588766238855, 41.12331328076748, 5.918999999999996
0.0030571142284569154, 0.43539930579900804, 7.298322615832258E-4, 43.938875471604746, -0.0059908323553563665, 0.0, 0.02391855974770963, 0.01792772739235325, -7.197713859441816, 0.0, 73.04542624980499, 65.8477123903631, 1.0107919448377145, 0.0, 40.27274544802313, 41.28353739286078, 5.918999999999996
0.003070741482965933, 0.43641992856820233, 7.33085528957048E-4, 44.09250116646829, -0.0060142393988883705, 0.0, 0.024156746547676612, 0.018142507148788227, -7.1921579788241266, 0.0, 73.38379546868975, 66.19163748986556, 1.0118498228913926, 0.0, 40.4316424204034, 41.443492243294735, 5.918999999999996
0.003084368737474952, 0.4374325646887682, 7.363387963308705E-4, 44.244848225637085, -0.006037628408157946, 0.0, 0.024396033582154683, 0.018358405173996728, -7.18662699792186, 0.0, 73.72181363801415, 66.5351866400922, 1.0128980552779232, 0.0, 40.590280023707024, 41.603178078984875, 5.918999999999996
0.0030979959919839694, 0.4384372175578566, 7.395920637046927E-4, 44.39591783755502, -0.0060609994641705215, 0.0, 0.02463641970908571, 0.018575420244915174, -7.181120916735016, 0.0, 74.05948075777809, 66.87835984104298, 1.0139365502290711, 0.0, 40.7486585922733, 41.7625951425023, 5.918999999999995
0.0031116232464929875, 0.4394338905726187, 7.428453310785151E-4, 44.545711431576294, -0.00608435264793153, 0.0, 0.024877903786411647, 0.0187935511384801, -7.1756397352635926, 0.0, 74.39679682798162, 67.22115709271795, 1.0149652175841808, 0.0, 40.90677845458462, 41.92174367216875, 5.918999999999996
0.0031252505010020055, 0.44042258713020593, 7.460985984523373E-4, 44.69423067796551, -0.006107688040446404, 0.0, 0.025120484672074412, 0.019012796631627995, -7.170183453507593, 0.0, 74.73376184862472, 67.56357839511705, 1.0159839687551337, 0.0, 41.064639933394155, 42.08062390214923, 5.918999999999997
0.0031388777555110235, 0.4414033106277692, 7.493518658261597E-4, 44.841477487897585, -0.0061310057227205745, 0.0, 0.025364161224015896, 0.019233155501295313, -7.164752071467014, 0.0, 75.07037581970742, 67.90562374824032, 1.0169927166922128, 0.0, 41.22224334585025, 42.23923606254239, 5.918999999999996
0.0031525050100200415, 0.4423760644624598, 7.52605133199982E-4, 44.987454013457885, -0.006154305775759474, 0.0, 0.025608932300178043, 0.01945462652441855, -7.159345589141856, 0.0, 75.40663874122971, 68.24729315208775, 1.0179913758508505, 0.0, 41.37958900361752, 42.39758037946828, 5.918999999999996
0.0031661322645290596, 0.44334085203142864, 7.558584005738043E-4, 45.132162647642005, -0.006177588280568533, 0.0, 0.025854796758502767, 0.019677208477934215, -7.1539640065321235, 0.0, 75.74255061319157, 68.58858660665936, 1.0189798621592383, 0.0, 41.53667721299481, 42.55565707515398, 5.918999999999996
0.0031797595190380776, 0.4442976767318272, 7.591116679476266E-4, 45.275606024355994, -0.006200853318153185, 0.0, 0.02610175345693198, 0.01990090013877878, -7.148607323637809, 0.0, 76.07811143559302, 68.92950411195511, 1.0199580929867715, 0.0, 41.69350827503032, 42.71346636801702, 5.918999999999996
0.003193386773547095, 0.44524654196080626, 7.623649353214488E-4, 45.417787018416234, -0.006224100969518859, 0.0, 0.026349801253407596, 0.020125700283888718, -7.143275540458919, 0.0, 76.41332120843403, 69.27004566797501, 1.0209259871132863, 0.0, 41.85008248563354, 42.87100847274674, 5.918999999999995
0.003207014028056114, 0.4461874511155173, 7.656182026952713E-4, 45.55870874554948, -0.006247331315670992, 0.0, 0.026598939005871566, 0.020351607690200554, -7.137968656995449, 0.0, 76.74817993171466, 69.61021127471912, 1.0218834646991188, 0.0, 42.00640013568442, 43.028283600383475, 5.918999999999996
0.0032206412825651317, 0.4471204075931113, 7.688714700690935E-4, 45.69837456239277, -0.0062705444376150105, 0.0, 0.026849165572265764, 0.020578621134650737, -7.132686673247404, 0.0, 77.08268760543484, 69.95000093218735, 1.022830447255866, 0.0, 42.16246151113978, 43.18529195839559, 5.918999999999996
0.00323426853707415, 0.4480454147907395, 7.721247374429159E-4, 45.8367880664936, -0.006293740416356348, 0.0, 0.027100479810532138, 0.020806739394175777, -7.1274295892147785, 0.0, 77.41684422959463, 70.28941464037975, 1.0237668576179464, 0.0, 42.318266893137114, 43.34203375075497, 5.918999999999996
0.003247895791583168, 0.448962476105553, 7.753780048167382E-4, 45.9739530963098, -0.006316919332900437, 0.0, 0.027352880578612588, 0.02103596124571213, -7.122197404897576, 0.0, 77.75064980419398, 70.62845239929631, 1.0246926199148385, 0.0, 42.47381655809555, 43.4985091780103, 5.918999999999996
0.0032615230460921857, 0.44987159493470286, 7.786312721905605E-4, 46.10987373120947, -0.006340081268252709, 0.0, 0.02760636673444904, 0.021266285466196317, -7.116990120295795, 0.0, 78.08410432923291, 70.96711420893702, 1.0256076595440202, 0.0, 42.629110777814496, 43.65471843735844, 5.918999999999996
0.003275150300601204, 0.4507727746753403, 7.818845395643828E-4, 46.24455429147112, -0.006363226303418595, 0.0, 0.027860937135983425, 0.021497710832564815, -7.111807735409435, 0.0, 78.41720780471144, 71.3054000693019, 1.0265119031445977, 0.0, 42.78414981956981, 43.81066172271431, 5.918999999999995
0.003288777555110222, 0.45166601872461654, 7.85137806938205E-4, 46.377999338283786, -0.006386354519403528, 0.0, 0.028116590641157627, 0.021730236121754093, -7.1066502502384985, 0.0, 78.74996023062953, 71.64330998039095, 1.0274052785715804, 0.0, 42.93893394620738, 43.96633922477888, 5.918999999999996
0.00330240480961924, 0.45255133047968266, 7.883910743120274E-4, 46.510213673746605, -0.0064094659972129394, 0.0, 0.02837332610791361, 0.021963860110700652, -7.1015176647829845, 0.0, 79.08236160698723, 71.98084394220415, 1.0282877148707894, 0.0, 43.09346341623465, 44.121751131105356, 5.918999999999996
0.0033160320641282583, 0.4534287133376899, 7.916443416858497E-4, 46.64120234086914, -0.006432560817852263, 0.0, 0.02863114239419327, 0.02219858157634099, -7.096409979042891, 0.0, 79.4144119337845, 72.3180019547415, 1.029159142254399, 0.0, 43.24773848390967, 44.276897626163986, 5.918999999999996
0.003329659318637276, 0.4542981706957891, 7.94897609059672E-4, 46.770970623571394, -0.006455639062326925, 0.0, 0.02889003835793851, 0.02243439929561157, -7.091327193018221, 0.0, 79.74611121102134, 72.65478401800304, 1.0300194920770513, 0.0, 43.40175939932812, 44.431778891405095, 5.918999999999995
0.0033432865731462947, 0.45515970595113187, 7.981508764334944E-4, 46.89952404668376, -0.006478700811642364, 0.0, 0.02915001285709129, 0.02267131204544891, -7.086269306708971, 0.0, 80.0774594386978, 72.99119013198874, 1.0308686968125955, 0.0, 43.55552640850812, 44.58639510532064, 5.918999999999996
0.0033569138276553123, 0.45601332250086896, 8.014041438073167E-4, 47.02686837594676, -0.006501746146804006, 0.0, 0.029411064749593485, 0.02290931860278946, -7.081236320115145, 0.0, 80.40845661681382, 73.32722029669857, 1.0317066900313485, 0.0, 43.70903975347294, 44.74074644350423, 5.918999999999996
0.0033705410821643304, 0.45685902374215176, 8.04657411181139E-4, 47.15300961801157, -0.006524775148817287, 0.0, 0.02967319289338703, 0.02314841774456973, -7.07622823323674, 0.0, 80.73910274536941, 73.66287451213257, 1.032533406377952, 0.0, 43.86229967233191, 44.89483307870978, 5.918999999999996
0.0033841683366733484, 0.4576968130721312, 8.079106785549613E-4, 47.277954020439466, -0.006547787898687635, 0.0, 0.02993639614641385, 0.0233886082477262, -7.071245046073756, 0.0, 81.0693978243646, 73.99815277829074, 1.0333487815497209, 0.0, 44.015306399359005, 45.04865518090864, 5.918999999999996
0.0033977955911823664, 0.45852669388795875, 8.111639459287836E-4, 47.401708071702316, -0.006570784477420486, 0.0, 0.030200673366615857, 0.02362988888919535, -7.0662867586261955, 0.0, 81.39934185379937, 74.33305509517308, 1.0341527522755485, 0.0, 44.1680601650699, 45.2022129173454, 5.918999999999996
0.0034114228456913844, 0.4593486695867853, 8.144172133026059E-4, 47.524278501182145, -0.0065937649660212675, 0.0, 0.03046602341193497, 0.02387225844591369, -7.061353370894056, 0.0, 81.72893483367372, 74.66758146277957, 1.034945256295297, 0.0, 44.320561196297064, 45.355506452592266, 5.918999999999995
0.0034250501002004025, 0.4601627435657621, 8.176704806764282E-4, 47.64567227917145, -0.006616729445495416, 0.0, 0.030732445140313105, 0.02411571569481768, -7.056444882877339, 0.0, 82.05817676398766, 75.00173188111022, 1.0357262323396883, 0.0, 44.47280971626287, 45.50853594860247, 5.918999999999995
0.0034386773547094205, 0.46096891922204014, 8.209237480502505E-4, 47.76589661687303, -0.006639677996848359, 0.0, 0.03099993740969219, 0.02436025941284381, -7.051561294576045, 0.0, 82.38706764474118, 75.33550635016502, 1.0364956201106643, 0.0, 44.62480594465133, 45.66130156476191, 5.918999999999995
0.003452304609218438, 0.4617671999527708, 8.241770154240728E-4, 47.88495896640012, -0.006662610701085529, 0.0, 0.031268499078014135, 0.02460588837692858, -7.046702605990172, 0.0, 82.71560747593426, 75.668904869944, 1.0372533602622285, 0.0, 44.77655009767769, 45.81380345793987, 5.918999999999996
0.0034659318637274565, 0.4625575891551052, 8.274302827978951E-4, 48.00286702077623, -0.006685527639212362, 0.0, 0.03153812900322086, 0.02485260136400848, -7.04186881711972, 0.0, 83.04379625756695, 76.00192744044713, 1.0379993943817218, 0.0, 44.92804238815698, 45.96604178253864, 5.918999999999996
0.0034795591182364746, 0.4633400902261944, 8.306835501717175E-4, 48.11962871393526, -0.006708428892234286, 0.0, 0.031808826043254294, 0.02510039715101998, -7.03705992796469, 0.0, 83.37163398963921, 76.33457406167442, 1.0387336649715504, 0.0, 45.07928302557013, 46.118016690541616, 5.918999999999996
0.003493186372745493, 0.4641147065631894, 8.339368175455398E-4, 48.23525222072141, -0.006731314541156734, 0.0, 0.03208058905605635, 0.025349274514899593, -7.032275938525084, 0.0, 83.69912067215107, 76.6668447336259, 1.0394561154313287, 0.0, 45.23027221612943, 46.26972833156068, 5.918999999999995
0.003506813627254511, 0.4648814415632417, 8.371900849193621E-4, 48.34974595688941, -0.006754184666985136, 0.0, 0.03235341689956892, 0.025599232232583775, -7.027516848800898, 0.0, 84.0262563051025, 76.99873945630152, 1.0401666900404578, 0.0, 45.38101016284177, 46.421176852882155, 5.918999999999995
0.0035204408817635286, 0.46564029862350215, 8.404433522931844E-4, 48.46311857910414, -0.006777039350724924, 0.0, 0.03262730843173394, 0.025850269081009007, -7.022782658792134, 0.0, 84.3530408884935, 77.33025822970127, 1.0408653339410965, 0.0, 45.53149706557078, 46.572362399511796, 5.918999999999995
0.003534068136272547, 0.46639128114112216, 8.436966196670067E-4, 48.575378984940954, -0.006799878673381533, 0.0, 0.032902262510493364, 0.02610238383711181, -7.0180733684987935, 0.0, 84.6794744223241, 77.66140105382522, 1.0415519931215165, 0.0, 45.681733121097416, 46.72328511421888, 5.918999999999995
0.0035476953907815647, 0.46713439251325256, 8.46949887040829E-4, 48.68653631288566, -0.006822702715960392, 0.0, 0.03317827799378906, 0.026355575277828645, -7.013388977920874, 0.0, 85.00555690659426, 77.9921679286733, 1.042226614399865, 0.0, 45.83171852317923, 46.87394513757903, 5.918999999999996
0.0035613226452905827, 0.4678696361370447, 8.502031544146513E-4, 48.79659994233411, -0.006845511559466935, 0.0, 0.033455353739562974, 0.026609842180096013, -7.0087294870583765, 0.0, 85.33128834130403, 78.32255885424557, 1.0428891454082823, 0.0, 45.98145346260808, 47.02434260801629, 5.918999999999996
0.0035749498997996007, 0.4685970154096497, 8.534564217884736E-4, 48.90557949359282, -0.0068683052849065895, 0.0, 0.033733488605757006, 0.0268651833208504, -7.004094895911302, 0.0, 85.65666872645339, 78.65257383054198, 1.0435395345773781, 0.0, 46.13093812726676, 47.17447766184405, 5.918999999999996
0.0035885771543086187, 0.4693165337282188, 8.567096891622959E-4, 49.01348482787857, -0.006891083973284792, 0.0, 0.034012681450313095, 0.02712159747702828, -6.999485204479648, 0.0, 85.98169806204231, 78.98221285756257, 1.0441777311210931, 0.0, 46.28017270218415, 47.32435043330519, 5.918999999999995
0.0036022044088176376, 0.470028194489903, 8.599629565361184E-4, 49.12032604731841, -0.006913847705606973, 0.0, 0.03429293113117316, 0.027379083425566168, -6.994900412763417, 0.0, 86.30637634807086, 79.31147593530733, 1.044803685021859, 0.0, 46.42915736958935, 47.473961054611124, 5.918999999999995
0.0036158316633266552, 0.4707320010918535, 8.632162239099406E-4, 49.226113494949885, -0.006936596562878563, 0.0, 0.03457423650627908, 0.027637639943400506, -6.990340520762607, 0.0, 86.63070358453892, 79.64036306377622, 1.0454173470161363, 0.0, 46.57789230896424, 47.62330965598029, 5.918999999999996
0.0036294589178356733, 0.4714279569312214, 8.664694912837629E-4, 49.330857754720796, -0.006959330626104993, 0.0, 0.034856596433572834, 0.02789726580746781, -6.985805528477219, 0.0, 86.95467977144659, 79.96887424296929, 1.0460186685802373, 0.0, 46.72637769709517, 47.77239636567536, 5.918999999999996
0.0036430861723446913, 0.472116065405158, 8.697227586575852E-4, 49.43456965148943, -0.006982049976291698, 0.0, 0.035140009770996294, 0.028157959794704576, -6.9812954359072545, 0.0, 87.27830490879386, 80.29700947288651, 1.0466076019165156, 0.0, 46.87461370812343, 47.92122131003988, 5.918999999999996
0.0036567134268537093, 0.4727963299108142, 8.729760260314075E-4, 49.53726025102419, -0.007004754694444107, 0.0, 0.03542447537649139, 0.02841972068204726, -6.97681024305271, 0.0, 87.6015789965807, 80.62476875352789, 1.0471840999398117, 0.0, 47.022600513594384, 48.06978461353413, 5.918999999999995
0.003670340681362727, 0.47346875384534143, 8.762292934052298E-4, 49.638940860004084, -0.007027444861567652, 0.0, 0.03570999210800005, 0.02868254724643237, -6.972349949913589, 0.0, 87.92450203480712, 80.95215208489343, 1.0477481162642437, 0.0, 47.17033828250577, 48.21808639876994, 5.918999999999995
0.0036839679358717453, 0.47413334060589074, 8.794825607790521E-4, 49.739623026018435, -0.007050120558667768, 0.0, 0.035996558823464184, 0.028946438264796395, -6.967914556489889, 0.0, 88.24707402347312, 81.27915946698315, 1.0482996051902682, 0.0, 47.317827181354765, 48.36612678654497, 5.918999999999995
0.0036975951903807634, 0.47479009358961316, 8.827358281528745E-4, 49.839318537566754, -0.007072781866749885, 0.0, 0.03628417438082572, 0.029211392514075816, -6.963504062781612, 0.0, 88.56929496257874, 81.60579089979701, 1.048838521692031, 0.0, 47.46506737418416, 48.513905895876114, 5.918999999999995
0.003711222444889781, 0.47543901619365997, 8.859890955266967E-4, 49.93803942405906, -0.007095428866819431, 0.0, 0.03657283763802655, 0.0294774087712071, -6.959118468788756, 0.0, 88.8911648521239, 81.93204638333502, 1.049364821405001, 0.0, 47.61205902262722, 48.661423844032136, 5.918999999999995
0.0037248496993987994, 0.47608011181518217, 8.89242362900519E-4, 50.035797955815816, -0.007118061639881845, 0.0, 0.03686254745300864, 0.029744485813126775, -6.954757774511322, 0.0, 89.21268369210866, 82.25792591759725, 1.0498784606138736, 0.0, 47.758802285951994, 48.808680746565805, 5.918999999999996
0.0037384769539078174, 0.4767133838513311, 8.924956302743414E-4, 50.13260664406755, -0.007140680266942551, 0.0, 0.037153302683713876, 0.0300126224167713, -6.9504219799493105, 0.0, 89.53385148253298, 82.58342950258358, 1.0503793962407322, 0.0, 47.90529732110427, 48.955676717344936, 5.918999999999995
0.003752104208416836, 0.4773388356992579, 8.957488976481637E-4, 50.22847824095547, -0.00716328482900699, 0.0, 0.03744510218808418, 0.030281817359077166, -6.94611108510272, 0.0, 89.85466822339693, 82.90855713829411, 1.0508675858334913, 0.0, 48.05154428274985, 49.102411868583275, 5.918999999999995
0.0037657314629258535, 0.4779564707561135, 8.99002165021986E-4, 50.3234257395309, -0.007185875407080584, 0.0, 0.03773794482406145, 0.03055206941698084, -6.941825089971553, 0.0, 90.17513391470042, 83.23330882472877, 1.0513429875545404, 0.0, 48.197543323315664, 49.248886310870134, 5.918999999999995
0.0037793587174348715, 0.4785662924190491, 9.022554323958083E-4, 50.41746237375572, -0.007208452082168769, 0.0, 0.03803182944958765, 0.030823377367418855, -6.937563994555808, 0.0, 90.49524855644351, 83.5576845618876, 1.051805560169698, 0.0, 48.34329459303025, 49.39510015319987, 5.918999999999995
0.00379298597194389, 0.47916830408521616, 9.055086997696307E-4, 50.510601618501966, -0.007231014935276979, 0.0, 0.03832675492260467, 0.031095739987327668, -6.933327798855483, 0.0, 90.8150121486262, 83.88168434977061, 1.0522552630373634, 0.0, 48.48879823996322, 49.541053503000505, 5.918999999999995
0.0038066132264529076, 0.47976250915176544, 9.087619671434529E-4, 50.60285718955214, -0.007253564047410644, 0.0, 0.03862272010105442, 0.031369156053643744, -6.929116502870582, 0.0, 91.13442469124843, 84.20530818837774, 1.0526920560978958, 0.0, 48.63405441006387, 49.68674646616171, 5.918999999999996
0.0038202404809619256, 0.4803489110158484, 9.120152345172752E-4, 50.69424304359917, -0.007276099499575195, 0.0, 0.03891972384287884, 0.03164362434330362, -6.924930106601102, 0.0, 91.45348618431026, 84.52855607770906, 1.0531158998632464, 0.0, 48.77906324719909, 49.832179147062256, 5.918999999999995
0.0038338677354709436, 0.48092751307461584, 9.152685018910975E-4, 50.7847733782462, -0.007298621372776065, 0.0, 0.03921776500601984, 0.031919143633243746, -6.920768610047044, 0.0, 91.77219662781168, 84.85142801776455, 1.053526755406803, 0.0, 48.923824893190215, 49.977351648596965, 5.918999999999995
0.0038474949899799616, 0.48149831872521925, 9.185217692649198E-4, 50.87446263200687, -0.007321129748018685, 0.0, 0.03951684244841935, 0.032195712700400635, -6.9166320132084085, 0.0, 92.09055602175268, 85.17392400854418, 1.0539245843534355, 0.0, 49.06833948784938, 50.122264072202746, 5.918999999999995
0.0038611222444889792, 0.4820613313648096, 9.217750366387421E-4, 50.96332548430506, -0.0073436247063084865, 0.0, 0.039816955028019255, 0.03247333032171075, -6.912520316085194, 0.0, 92.40856436613325, 85.49604405004796, 1.0543093488697775, 0.0, 49.21260716901495, 50.26691651788463, 5.918999999999994
0.003874749498997998, 0.4826165543905381, 9.250283040125645E-4, 51.0513768554751, -0.007366106328650903, 0.0, 0.04011810160276153, 0.0327519952741106, -6.908433518677403, 0.0, 92.72622166095344, 85.81778814227593, 1.0546810116546874, 0.0, 49.35662807258621, 50.41130908424083, 5.918999999999995
0.003888376753507016, 0.4831639911995559, 9.282815713863869E-4, 51.13863190676152, -0.007388574696051366, 0.0, 0.040420281030588034, 0.03303170633453664, -6.9043716209850325, 0.0, 93.04352790621319, 86.13915628522804, 1.055039535929935, 0.0, 49.50040233255732, 50.55544186848718, 5.918999999999996
0.003902004008016034, 0.48370364518901404, 9.315348387602091E-4, 51.22510604031942, -0.007411029889515304, 0.0, 0.04072349216944072, 0.03331246227992538, -6.900334623008084, 0.0, 93.36048310191251, 86.46014847890434, 1.055384885431054, 0.0, 49.64393008105061, 50.69931496648163, 5.918999999999995
0.003915631262525052, 0.4842355197560638, 9.347881061340314E-4, 51.31081489921415, -0.007433471990048153, 0.0, 0.04102773387726149, 0.03359426188721331, -6.89632252474656, 0.0, 93.67708724805144, 86.78076472330478, 1.0557170243984202, 0.0, 49.787211448349225, 50.84292847274758, 5.918999999999995
0.00392925851703407, 0.48475961829785635, 9.380413735078537E-4, 51.395774367421424, -0.007455901078655342, 0.0, 0.04133300501199227, 0.033877103933336886, -6.892335326200454, 0.0, 93.99334034462993, 87.10100501842938, 1.0560359175684828, 0.0, 49.93024656292883, 50.98628248049726, 5.918999999999994
0.003942885771543088, 0.48527594421154263, 9.41294640881676E-4, 51.480000569827354, -0.007478317236342306, 0.0, 0.041639304431574986, 0.03416098719523265, -6.888373027369772, 0.0, 94.309242391648, 87.42086936427813, 1.0563415301651993, 0.0, 50.07303555148902, 51.12937708165416, 5.918999999999994
0.003956513026052107, 0.48578450089427405, 9.445479082554984E-4, 51.56350987222832, -0.007500720544114474, 0.0, 0.04194663099395155, 0.03444591044983704, -6.884435628254511, 0.0, 94.62479338910569, 87.74035776085108, 1.0566338278916365, 0.0, 50.21557853898392, 51.2722123668755, 5.918999999999996
0.003970140280561124, 0.4862852917432015, 9.478011756293206E-4, 51.6463188813311, -0.007523111082977277, 0.0, 0.04225498355706387, 0.03473187247408656, -6.880523128854674, 0.0, 94.93999333700292, 88.05947020814816, 1.0569127769217495, 0.0, 50.35787564865186, 51.414788425573555, 5.918999999999995
0.003983767535070142, 0.48677832015547645, 9.51054443003143E-4, 51.72844444475297, -0.007545488933936148, 0.0, 0.04256436097885386, 0.03501887204491769, -6.876635529170258, 0.0, 95.25484223533974, 88.37820670616938, 1.0571783438923301, 0.0, 50.49992700204514, 51.557105345937416, 5.918999999999995
0.00399739478957916, 0.4872635895282496, 9.543077103769652E-4, 51.80990365102127, -0.007567854177996521, 0.0, 0.04287476211726348, 0.03530690793926693, -6.872772829201263, 0.0, 95.56934008411616, 88.6965672549148, 1.057430495895114, 0.0, 50.64173271905848, 51.69916321495352, 5.918999999999995
0.004011022044088179, 0.48774110325867265, 9.575609777507877E-4, 51.89071382957401, -0.007590206896163827, 0.0, 0.043186185830234626, 0.035595978934070766, -6.868935028947693, 0.0, 95.88348688333217, 89.01455185438438, 1.0576692004690509, 0.0, 50.78329291795721, 51.8409621184262, 5.918999999999994
0.004024649298597196, 0.4882108647438963, 9.608142451246099E-4, 51.97089255075929, -0.007612547169443493, 0.0, 0.04349863097570918, 0.03588608380626566, -6.865122128409541, 0.0, 96.19728263298774, 89.3321605045781, 1.0578944255927423, 0.0, 50.92460771540495, 51.982502140997624, 5.918999999999994
0.004038276553106215, 0.4886728773810718, 9.640675124984322E-4, 52.050457625835804, -0.0076348750788409565, 0.0, 0.04381209641162913, 0.03617722133278813, -6.861334127586813, 0.0, 96.5107273330829, 89.649393205496, 1.0581061396770115, 0.0, 51.06567722649053, 52.12378336616748, 5.918999999999996
0.004051903807615232, 0.48912714456735046, 9.673207798722546E-4, 52.12942710697247, -0.007657190705361646, 0.0, 0.04412658099593631, 0.03646939029057464, -6.857571026479508, 0.0, 96.82382098361764, 89.96624995713802, 1.058304311557646, 0.0, 51.20650156475463, 52.264805876312195, 5.918999999999995
0.00406553106212425, 0.48957366969988325, 9.705740472460768E-4, 52.207819287248554, -0.007679494130010996, 0.0, 0.044442083586572714, 0.036762589456561676, -6.853832825087623, 0.0, 97.13656358459194, 90.28273075950422, 1.0584889104882687, 0.0, 51.34708084221547, 52.405569752703684, 5.918999999999995
0.0040791583166332685, 0.49001245617582156, 9.738273146198992E-4, 52.28565270065377, -0.007701785433794437, 0.0, 0.04475860304148022, 0.03705681760768576, -6.850119523411161, 0.0, 97.44895513600586, 90.59883561259461, 1.058659906133358, 0.0, 51.4874151693946, 52.54607507552788, 5.918999999999994
0.004092785571142286, 0.4904435073923163, 9.770805819937214E-4, 52.36294612208812, -0.0077240646977174, 0.0, 0.045076138218600764, 0.037352073520883336, -6.846431121450121, 0.0, 97.76099563785935, 90.91456451640911, 1.0588172685614141, 0.0, 51.627504655341376, 52.6863219239027, 5.918999999999994
0.004106412825651305, 0.49086682674651866, 9.803338493675439E-4, 52.43971856736191, -0.007746332002785321, 0.0, 0.04539468797587628, 0.037648355973090936, -6.842767619204502, 0.0, 98.07268509015246, 91.22991747094785, 1.0589609682382517, 0.0, 51.76734940765779, 52.82631037589597, 5.918999999999995
0.004120040080160323, 0.4912824176355798, 9.83587116741366E-4, 52.5159892931959, -0.007768587430003625, 0.0, 0.04571425117124865, 0.03794566374124499, -6.839129016674306, 0.0, 98.38402349288509, 91.5448944762107, 1.0590909760204252, 0.0, 51.90694953252212, 52.9660405085425, 5.918999999999995
0.0041336673346693414, 0.491690283456651, 9.868403841151886E-4, 52.591777797221255, -0.007790831060377748, 0.0, 0.046034826662659796, 0.03824399560228202, -6.83551531385953, 0.0, 98.69501084605736, 91.85949553219771, 1.0592072631487943, 0.0, 52.04630513471266, 53.105512397861375, 5.918999999999995
0.004147294589178359, 0.4920904276068832, 9.900936514890108E-4, 52.66710381797937, -0.00781306297491312, 0.0, 0.04635641330805165, 0.03854335033313849, -6.831926510760179, 0.0, 99.00564714966916, 92.17372063890888, 1.0593098012422089, 0.0, 52.18541631763037, 53.24472611887253, 5.918999999999994
0.004160921843687377, 0.49248285348342763, 9.93346918862833E-4, 52.74198733492197, -0.007835283254615173, 0.0, 0.046679009965366114, 0.03884372671075091, -6.828362607376249, 0.0, 99.31593240372057, 92.4875697963442, 1.0593985622913171, 0.0, 52.32428318332185, 53.383681745613075, 5.918999999999994
0.004174549098196395, 0.4928675644834355, 9.966001862366555E-4, 52.81644856841143, -0.00785749198048934, 0.0, 0.04700261549254514, 0.03914512351205578, -6.824823603707739, 0.0, 99.62586660821157, 92.80104300450373, 1.059473518652499, 0.0, 52.46290583250108, 53.52237935115352, 5.918999999999995
0.0041881763527054135, 0.49324456400405786, 9.998534536104777E-4, 52.8905079797201, -0.007879689233541055, 0.0, 0.04732722874753064, 0.039447539513989556, -6.821309499754653, 0.0, 99.93544976314215, 93.1141402633874, 1.059534643041915, 0.0, 52.60128436457129, 53.66081900761314, 5.918999999999994
0.004201803607214431, 0.4936138554424459, 0.0010031067209843, 52.964186271031025, -0.007901875094775742, 0.0, 0.047652848588264504, 0.03975097349348873, -6.817820295516988, 0.0, 100.24468186851229, 93.42686157299521, 1.05958190852967, 0.0, 52.7394188776462, 53.79900078617581, 5.918999999999995
0.004215430861723449, 0.4939754421957509, 0.0010063599883581222, 53.0375043854372, -0.007924049645198841, 0.0, 0.04797947387268865, 0.04005542422748976, -6.814355990994746, 0.0, 100.55356292432202, 93.73920693332715, 1.0596152885341026, 0.0, 52.877309468570836, 53.93692475710487, 5.918999999999995
0.004229058116232467, 0.49432932766112375, 0.0010096132557319447, 53.11048350694246, -0.007946212965815781, 0.0, 0.048307103458745046, 0.04036089049292922, -6.8109165861879255, 0.0, 100.86209293057134, 94.05117634438332, 1.0596347568161557, 0.0, 53.01495623294192, 54.07459098975802, 5.918999999999994
0.004242685370741485, 0.4946755152357158, 0.0010128665231057669, 53.18314506046063, -0.007968365137631992, 0.0, 0.04863573620437554, 0.040667371066743514, -6.807502081096526, 0.0, 101.17027188726024, 94.3627698061636, 1.0596402874738968, 0.0, 53.15235926512806, 54.211999552601874, 5.918999999999995
0.004256312625250503, 0.4950140083166782, 0.0010161197904795891, 53.255510711816, -0.00799050624165291, 0.0, 0.04896537096752213, 0.04097486472586917, -6.804112475720551, 0.0, 101.47809979438874, 94.67398731866807, 1.0596318549370982, 0.0, 53.28951865828922, 54.34915051322626, 5.918999999999994
0.004269939879759522, 0.49534481030116184, 0.0010193730578534116, 53.327602367743395, -0.00801263635888396, 0.0, 0.049296006606126694, 0.041283370247242684, -6.800747770059996, 0.0, 101.7855766519568, 94.98482888189672, 1.0596094339619664, 0.0, 53.42643450439616, 54.486043938358094, 5.918999999999994
0.004283567134268539, 0.49566792458631825, 0.0010226263252272338, 53.39944217588773, -0.008034755570330582, 0.0, 0.04962764197813109, 0.041592886407800476, -6.797407964114862, 0.0, 102.09270245996446, 95.29529449584948, 1.0595729996259342, 0.0, 53.56310689424937, 54.622679893875215, 5.918999999999995
0.004297194388777557, 0.4959833545692983, 0.001025879592601056, 53.471052524804534, -0.0080568639569982, 0.0, 0.04996027594147734, 0.04190341198447909, -6.794093057885153, 0.0, 102.39947721841168, 95.60538416052643, 1.0595225273225668, 0.0, 53.69953591749735, 54.75905844481987, 5.918999999999994
0.0043108216432865745, 0.49629110364725326, 0.0010291328599748783, 53.54245604395929, -0.008078961599892251, 0.0, 0.050293907354107284, 0.042214945754214986, -6.7908030513708635, 0.0, 102.70590092729849, 95.91509787592753, 1.059457992756581, 0.0, 53.83572166265526, 54.895179655411795, 5.918999999999995
0.004324448897795593, 0.49659117521733426, 0.0010323861273487007, 53.61367560372834, -0.008101048580018167, 0.0, 0.05062853507396292, 0.042527486493944715, -6.787537944571997, 0.0, 103.01197358662489, 96.22443564205278, 1.0593793719389222, 0.0, 53.97166421712236, 55.031043589061206, 5.918999999999994
0.004338076152304612, 0.4968835726766925, 0.0010356393947225232, 53.68473431539809, -0.008123124978381378, 0.0, 0.05096415795898612, 0.04284103298060471, -6.784297737488552, 0.0, 103.31769519639091, 96.53339745890226, 1.0592866411819697, 0.0, 54.10736366719987, 55.16665030838177, 5.918999999999994
0.00435170340681363, 0.497168299422479, 0.0010388926620963454, 53.7556555311653, -0.008145190875987314, 0.0, 0.05130077486711879, 0.043155583991131424, -6.781082430120529, 0.0, 103.62306575659647, 96.84198332647581, 1.0591797770948095, 0.0, 54.24282009810781, 55.30199987520255, 5.918999999999994
0.004365330661322647, 0.49744535885184493, 0.0010421459294701677, 53.82646284413721, -0.008167246353841409, 0.0, 0.05163838465630285, 0.043471138302461396, -6.777892022467928, 0.0, 103.92808526724158, 97.15019324477356, 1.0590587565786092, 0.0, 54.37803359400226, 55.4370923505808, 5.918999999999995
0.004378957915831665, 0.4977147543619415, 0.00104539919684399, 53.897180088331325, -0.008189291492949094, 0.0, 0.05197698618448021, 0.04378769469153108, -6.77472651453075, 0.0, 104.23275372832632, 97.45802721379548, 1.0589235568220619, 0.0, 54.51300423799168, 55.57192779481368, 5.918999999999995
0.0043925851703406835, 0.49797648934991984, 0.0010486524642178124, 53.96783133867561, -0.008211326374315804, 0.0, 0.052316578309592854, 0.044105251935277, -6.771585906308993, 0.0, 104.53707113985064, 97.76548523354153, 1.0587741552969403, 0.0, 54.64773211215315, 55.70650626745003, 5.918999999999994
0.004406212424849702, 0.49823056721293113, 0.0010519057315916346, 54.03844091100821, -0.008233351078946965, 0.0, 0.052657159889582646, 0.044423808810635644, -6.768470197802658, 0.0, 104.84103750181455, 98.07256730401178, 1.058610529753709, 0.0, 54.78221729754845, 55.840827827302085, 5.918999999999994
0.00441983967935872, 0.49847699134812656, 0.001055158998965457, 54.109033362077895, -0.008255365687848015, 0.0, 0.05299872978239152, 0.044743364094543464, -6.765379389011746, 0.0, 105.14465281421803, 98.37927342520616, 1.0584326582172348, 0.0, 54.91645987423958, 55.974892532456735, 5.918999999999994
0.004433466933867737, 0.4987157651526571, 0.001058412266339279, 54.17963348954348, -0.008277370282024379, 0.0, 0.05334128684596133, 0.04506391656393692, -6.762313479936254, 0.0, 105.44791707706106, 98.6856035971247, 1.0582405189825632, 0.0, 55.050459921304224, 56.108700440286704, 5.918999999999994
0.0044470941883767556, 0.49894689202367404, 0.0010616655337131015, 54.25026633197437, -0.008299364942481496, 0.0, 0.053684829938234105, 0.045385464995752564, -6.759272470576184, 0.0, 105.75083029034373, 98.99155781976744, 1.0580340906107857, 0.0, 55.18421751685081, 56.24225160746154, 5.918999999999995
0.004460721442885774, 0.4991703753583285, 0.001064918801086924, 54.3209571688502, -0.008321349750224794, 0.0, 0.054029357917151716, 0.04570800816692689, -6.7562563609315385, 0.0, 106.05339245406596, 99.2971360931343, 1.0578133519249664, 0.0, 55.31773273803324, 56.375546089958114, 5.918999999999994
0.004474348697394792, 0.4993862185537716, 0.0010681720684607462, 54.39173152056108, -0.008343324786259702, 0.0, 0.05437486964065605, 0.04603154485439631, -6.753265151002313, 0.0, 106.35560356822776, 99.60233841722533, 1.057578282006165, 0.0, 55.45100566106554, 56.50858394307161, 5.918999999999994
0.00448797595190381, 0.49959442500715445, 0.0010714253358345685, 54.46261514840751, -0.008365290131591659, 0.0, 0.05472136396668909, 0.046356073835097385, -6.75029884078851, 0.0, 106.65746363282915, 99.90716479204056, 1.0573288601895126, 0.0, 55.58403636123602, 56.64136522142549, 5.918999999999994
0.004501603206412828, 0.4997949981156284, 0.0010746786032083907, 54.53363405460006, -0.00838724586722609, 0.0, 0.05506883975319267, 0.04668159388596654, -6.747357430290129, 0.0, 106.95897264787013, 100.21161521757989, 1.0570650660603622, 0.0, 55.71682491292143, 56.77388997898173, 5.918999999999994
0.004515230460921846, 0.4999879412763443, 0.0010779318705822132, 54.6048144822599, -0.00840919207416843, 0.0, 0.0554172958581088, 0.04700810378394033, -6.74444091950717, 0.0, 107.2601306133507, 100.51568969384341, 1.0567868794505244, 0.0, 55.84937138960053, 56.90615826905098, 5.918999999999994
0.004528857715430864, 0.5001732578864536, 0.0010811851379560354, 54.676182915418494, -0.00843112883342411, 0.0, 0.05576673113937932, 0.047335602305955155, -6.741549308439633, 0.0, 107.56093752927083, 100.8193882208311, 1.0564942804345494, 0.0, 55.9816758638677, 57.038170144302214, 5.918999999999994
0.004542484969939882, 0.5003509513431074, 0.0010844384053298579, 54.74776607901778, -0.008453056225998562, 0.0, 0.0561171444549462, 0.04766408822894759, -6.738682597087517, 0.0, 107.86139339563057, 101.12271079854294, 1.0561872493260862, 0.0, 56.11373840744631, 57.169925656772335, 5.918999999999994
0.0045561122244489, 0.5005210250434564, 0.0010876916727036799, 54.81959093890991, -0.008474974332897218, 0.0, 0.05646853466275132, 0.04799356032985405, -6.735840785450825, 0.0, 108.16149821242986, 101.42565742697893, 1.0558657666743165, 0.0, 56.24555909120147, 57.301424857875745, 5.918999999999994
0.004569739478957918, 0.5006834823846524, 0.0010909449400775023, 54.89168470185746, -0.008496883235125511, 0.0, 0.05682090062073663, 0.04832401738561109, -6.733023873529553, 0.0, 108.46125197966876, 101.72822810613908, 1.0555298132604323, 0.0, 56.377137985153155, 57.432667798413505, 5.918999999999994
0.004583366733466936, 0.5008383267638462, 0.0010941982074513246, 54.96407481553328, -0.00851878301368887, 0.0, 0.05717424118684404, 0.04865545817315513, -6.730231861323704, 0.0, 108.76065469734722, 102.03042283602342, 1.0551793700941907, 0.0, 56.50847515848845, 57.56365452858258, 5.918999999999994
0.004596993987975954, 0.500985561578189, 0.001097451474825147, 55.036788968520625, -0.008540673749592729, 0.0, 0.05752855521901549, 0.04898788146942272, -6.7274647488332775, 0.0, 109.05970636546529, 102.3322416166319, 1.0548144184105253, 0.0, 56.63957067957422, 57.69438509798467, 5.918999999999993
0.004610621242484973, 0.5011251902248318, 0.0011007047421989695, 55.109855090313175, -0.00856255552384252, 0.0, 0.05788384157519286, 0.04932128605135029, -6.724722536058271, 0.0, 109.35840698402292, 102.63368444796454, 1.054434939666226, 0.0, 56.770424615968906, 57.824859555635065, 5.918999999999995
0.0046242484969939894, 0.501257216100926, 0.0011039580095727915, 55.18330135131487, -0.00858442841744367, 0.0, 0.05824009911331803, 0.04965567069587432, -6.722005222998688, 0.0, 109.65675655302013, 102.93475133002133, 1.0540409155366566, 0.0, 56.9010370344347, 57.955077949971276, 5.918999999999994
0.004637875751503009, 0.5013816426036228, 0.001107211276946614, 55.257156162840175, -0.008606292511401619, 0.0, 0.05859732669133305, 0.0499910341799314, -6.719312809654527, 0.0, 109.95475507245696, 103.23544226280231, 1.0536323279125503, 0.0, 57.031408000949114, 58.08504032886156, 5.918999999999994
0.004651503006012026, 0.501498473130073, 0.0011104645443204362, 55.331448177113714, -0.008628147886721792, 0.0, 0.058955523167179724, 0.05032737528045789, -6.716645296025788, 0.0, 110.25240254233333, 103.53575724630744, 1.0532091588968624, 0.0, 57.16153758071644, 58.21474673961324, 5.918999999999993
0.004665130260521045, 0.501607711077428, 0.0011137178116942586, 55.40620628727055, -0.008649994624409624, 0.0, 0.05931468739880003, 0.05066469277439035, -6.714002682112471, 0.0, 110.54969896264932, 103.83569628053675, 1.0527713908016536, 0.0, 57.29142583817918, 58.34419722898078, 5.918999999999994
0.0046787575150300615, 0.5017093598428389, 0.0011169710790680807, 55.48145962735603, -0.008671832805470545, 0.0, 0.05967481824413581, 0.05100298543866522, -6.711384967914575, 0.0, 110.84664433340484, 104.13525936549014, 1.0523190061450673, 0.0, 57.421072837029, 58.473391843174, 5.918999999999993
0.00469238476953908, 0.5018034228234568, 0.0011202243464419031, 55.557237572326045, -0.00869366251090999, 0.0, 0.06003591456112909, 0.05134225205021904, -6.708792153432102, 0.0, 111.14323865459997, 104.43444650116777, 1.0518519876483108, 0.0, 57.55047864021773, 58.60233062786601, 5.918999999999993
0.0047060120240480985, 0.5018899034164328, 0.0011234776138157254, 55.6335697380467, -0.00871548382173339, 0.0, 0.06039797520772172, 0.051682491385988294, -6.706224238665051, 0.0, 111.4394819262347, 104.73325768756956, 1.0513703182327387, 0.0, 57.67964330996808, 58.731013628200756, 5.918999999999994
0.004719639278557117, 0.5019688050189185, 0.0011267308811895478, 55.710485981294454, -0.008737296818946172, 0.0, 0.06076099904185564, 0.052023702222909425, -6.703681223613421, 0.0, 111.73537414830902, 105.03169292469548, 1.0508739810169483, 0.0, 57.808566907784, 58.85944088880088, 5.918999999999994
0.004733266533066135, 0.5020401310280643, 0.0011299841485633703, 55.788016399756145, -0.008759101583553773, 0.0, 0.06112498492147275, 0.05236588333791893, -6.701163108277213, 0.0, 112.03091532082291, 105.3297522125456, 1.0503629593139516, 0.0, 57.93724949446126, 58.987612453775164, 5.918999999999994
0.004746893787575152, 0.502103884841022, 0.0011332374159371923, 55.86619133202905, -0.008780898196561622, 0.0, 0.061489931704514944, 0.05270903350795328, -6.698669892656428, 0.0, 112.32610544377634, 105.62743555111983, 1.0498372366283737, 0.0, 58.06569113009742, 59.115528366725755, 5.918999999999993
0.0047605210420841705, 0.5021600698549422, 0.0011364906833110147, 55.94504135762065, -0.008802686738975152, 0.0, 0.061855838248924225, 0.05305315150994903, -6.696201576751063, 0.0, 112.62094451716942, 105.92474294041824, 1.0492967966537168, 0.0, 58.19389187410204, 59.24318867075568, 5.918999999999993
0.004774148296593189, 0.5022086894669765, 0.001139743950684837, 56.024597296949, -0.008824467291799797, 0.0, 0.06222270341264247, 0.05339823612084262, -6.6937581605611225, 0.0, 112.91543254100206, 106.22167438044083, 1.0487416232696627, 0.0, 58.3218517852062, 59.37059340847581, 5.918999999999993
0.0047877755511022075, 0.5022497470742758, 0.0011429972180586594, 56.104890211342365, -0.008846239936040987, 0.0, 0.06259052605361158, 0.05374428611757055, -6.691339644086603, 0.0, 113.20956951527428, 106.51822987118756, 1.0481717005394262, 0.0, 58.44957092147248, 59.49774262201181, 5.918999999999994
0.004801402805611225, 0.5022832460739914, 0.0011462504854324817, 56.18595140303921, -0.00886800475270415, 0.0, 0.06295930502977347, 0.05409130027706928, -6.688946027327506, 0.0, 113.50335543998605, 106.81440941265845, 1.0475870127071418, 0.0, 58.577049340304136, 59.62463635301123, 5.918999999999994
0.004815030060120243, 0.5023091898632743, 0.001149503752806304, 56.26781241518873, -0.00888976182279472, 0.0, 0.06332903919907006, 0.05443927737627528, -6.6865773102838295, 0.0, 113.79679031513744, 107.1102130048535, 1.0469875441953196, 0.0, 58.70428709845482, 59.75127464265008, 5.918999999999994
0.00482865731462926, 0.502327581839276, 0.0011527570201801261, 56.35050503185013, -0.008911511227318132, 0.0, 0.06369972741944328, 0.054788216192125094, -6.684233492955575, 0.0, 114.08987414072836, 107.40564064777269, 1.046373279602311, 0.0, 58.831284252037186, 59.87765753163946, 5.918999999999994
0.004842284569138279, 0.5023384253991471, 0.0011560102875539486, 56.43406127799324, -0.008933253047279818, 0.0, 0.06407136854883508, 0.055138115501555215, -6.681914575342745, 0.0, 114.38260691675893, 107.7006923414161, 1.0457442036998428, 0.0, 58.958040856532584, 60.003785060232374, 5.918999999999993
0.004855911823647298, 0.5023417239400391, 0.001159263554927771, 56.518513419498134, -0.008954987363685206, 0.0, 0.06444396144518737, 0.055488974081502114, -6.679620557445335, 0.0, 114.67498864322911, 107.99536808578365, 1.0451003014305862, 0.0, 59.084556966799326, 60.12965726822983, 5.918999999999993
0.004869539078156315, 0.5023374808591031, 0.001162516822301593, 56.60389396315517, -0.008976714257539728, 0.0, 0.06481750496644195, 0.0558407907089022, -6.677351439263346, 0.0, 114.96701932013879, 108.28966788087533, 1.0444415579057622, 0.0, 59.21083263708169, 60.25527419498736, 5.918999999999994
0.004883166332665333, 0.5023256995534902, 0.0011657700896754155, 56.690235656665294, -0.008998433809848818, 0.0, 0.06519199797054093, 0.056193564160692065, -6.675107220796781, 0.0, 115.2586989474881, 108.58359172669121, 1.0437679584027848, 0.0, 59.336867921018495, 60.38063587942119, 5.918999999999994
0.004896793587174351, 0.5023063834203516, 0.0011690233570492378, 56.777571488639495, -0.009020146101617905, 0.0, 0.06556743931542611, 0.056547293213808136, -6.672887902045637, 0.0, 115.55002752527695, 108.87713962323122, 1.04307948836296, 0.0, 59.46266287165139, 60.50574236001431, 5.918999999999993
0.004910420841683369, 0.5022795358568384, 0.0011722766244230602, 56.86593468859934, -0.009041851213852425, 0.0, 0.0659438278590394, 0.05690197664518693, -6.670693483009915, 0.0, 115.84100505350541, 109.17031157049541, 1.0423761333892025, 0.0, 59.58821754143344, 60.63059367482259, 5.918999999999993
0.004924048096192388, 0.5022451602601017, 0.0011755298917968825, 56.95535872697664, -0.009063549227557807, 0.0, 0.06632116245932279, 0.057257613231764926, -6.668523963689616, 0.0, 116.13163153217347, 109.46310756848375, 1.0416578792437992, 0.0, 59.71353198223681, 60.75518986148057, 5.918999999999993
0.004937675350701405, 0.5022032600272929, 0.0011787831591707047, 57.04587731511381, -0.009085240223739483, 0.0, 0.06669944197421813, 0.05761420175047859, -6.666379344084738, 0.0, 116.42190696128111, 109.75552761719624, 1.040924711846221, 0.0, 59.83860624536115, 60.87953095720729, 5.918999999999993
0.004951302605210423, 0.5021538385555626, 0.001182036426544527, 57.13752440526315, -0.009106924283402885, 0.0, 0.06707866526166736, 0.05797174097826443, -6.6642596241952825, 0.0, 116.71183134082834, 110.04757171663292, 1.0401766172709428, 0.0, 59.96344038154133, 61.00361699881216, 5.918999999999994
0.004964929859719441, 0.5020968992420627, 0.0011852896939183494, 57.23033419058791, -0.009128601487553447, 0.0, 0.06745883117961245, 0.058330229692058935, -6.662164804021248, 0.0, 117.00140467081508, 110.33923986679373, 1.0394135817453336, 0.0, 60.08803444095509, 61.127448022700385, 5.918999999999994
0.004978557114228459, 0.5020324454839437, 0.0011885429612921716, 57.32434110516107, -0.009150271917196594, 0.0, 0.06783993858599524, 0.05868966666879859, -6.660094883562636, 0.0, 117.29062695124146, 110.63053206767871, 1.0386355916475418, 0.0, 60.212388473231094, 61.25102406487856, 5.918999999999994
0.004992184368737477, 0.501960480678357, 0.001191796228665994, 57.419579823966444, -0.009171935653337767, 0.0, 0.06822198633875767, 0.059050050685419866, -6.658049862819445, 0.0, 117.57949818210743, 110.92144831928789, 1.0378426335044717, 0.0, 60.336502527455835, 61.37434516096024, 5.918999999999993
0.005005811623246496, 0.5018810082224541, 0.0011950494960398163, 57.5160852628982, -0.009193592776982392, 0.0, 0.06860497329584173, 0.059411380518859275, -6.656029741791679, 0.0, 117.86801836341299, 111.21198862162117, 1.0370346939897173, 0.0, 60.46037665218134, 61.49741134617098, 5.918999999999993
0.0050194388777555134, 0.5017940315133853, 0.0011983027634136386, 57.613892578760385, -0.0092152433691359, 0.0, 0.06898889831518921, 0.059773654946053266, -6.654034520479332, 0.0, 118.15618749515812, 111.50215297467867, 1.0362117599216063, 0.0, 60.584010895432534, 61.62022265535403, 5.918999999999993
0.005033066132264532, 0.5016995539483025, 0.001201556030787461, 57.71303716926806, -0.009236887510803727, 0.0, 0.06937376025474214, 0.06013687274393837, -6.6520641988824085, 0.0, 118.44400557734279, 111.79194137846028, 1.0353738182612182, 0.0, 60.70740530471396, 61.74277912297512, 5.918999999999994
0.0050466933867735495, 0.5015975789243567, 0.0012048092981612833, 57.813554673045985, -0.009258525282991302, 0.0, 0.06975955797244239, 0.060501032689451034, -6.650118777000906, 0.0, 118.73147260996708, 112.08135383296607, 1.0345208561104722, 0.0, 60.830559927017376, 61.86508078312778, 5.918999999999993
0.005060320641282568, 0.5014881098386988, 0.0012080625655351057, 57.91548096962984, -0.009280156766704057, 0.0, 0.07014629032623189, 0.060866133559527774, -6.648198254834826, 0.0, 119.01858859303097, 112.37039033819603, 1.0336528607102162, 0.0, 60.953474808828155, 61.9871276695383, 5.918999999999994
0.0050739478957915855, 0.5013711500884804, 0.0012113158329089277, 58.01885217946548, -0.009301782042947425, 0.0, 0.07053395617405255, 0.06123217413110505, -6.646302632384168, 0.0, 119.30535352653445, 112.65905089415013, 1.0327698194383732, 0.0, 61.07614999613232, 62.108919815570594, 5.918999999999993
0.005087575150300604, 0.501246703070852, 0.0012145691002827502, 58.12370466390888, -0.009323401192726838, 0.0, 0.07092255437384629, 0.0615991531811194, -6.644431909648931, 0.0, 119.5917674104775, 112.94733550082842, 1.0318717198081013, 0.0, 61.1985855344232, 62.23045725423118, 5.918999999999993
0.005101202404809622, 0.5011147721829651, 0.0012178223676565724, 58.230075025226625, -0.009345014297047724, 0.0, 0.07131208378355501, 0.06196706948650722, -6.642586086629118, 0.0, 119.87783024486006, 113.23524415823086, 1.030958549465979, 0.0, 61.32078146870793, 62.35174001817385, 5.918999999999993
0.00511482965931864, 0.5009753608219711, 0.0012210756350303949, 58.3380001065957, -0.009366621436915521, 0.0, 0.07170254326112069, 0.06233592182420511, -6.640765163324725, 0.0, 120.16354202968228, 113.52277686635743, 1.0300302961902525, 0.0, 61.44273784351417, 62.47276813970435, 5.918999999999994
0.005128456913827658, 0.5008284723850207, 0.0012243289024042171, 58.447516992103175, -0.009388222693335656, 0.0, 0.07209393166448516, 0.06270570897114944, -6.638969139735756, 0.0, 120.4489027649441, 113.8099336252082, 1.0290869478890523, 0.0, 61.56445470289625, 62.59354165078524, 5.918999999999993
0.005142084168336675, 0.5006741102692653, 0.0012275821697780393, 58.558663006746826, -0.009409818147313563, 0.0, 0.0724862478515904, 0.06307642970427678, -6.637198015862206, 0.0, 120.73391245064542, 114.09671443478311, 1.0281284925986995, 0.0, 61.68593209044133, 62.714060583039966, 5.918999999999993
0.0051557114228456945, 0.500512277871856, 0.0012308354371518618, 58.671475716434514, -0.009431407879854675, 0.0, 0.07287949068037837, 0.06344808280052364, -6.635451791704081, 0.0, 121.01857108678644, 114.3831192950822, 1.0271549184819988, 0.0, 61.80717004927601, 62.83432496775789, 5.918999999999994
0.005169338677354712, 0.5003429785899438, 0.001234088704525684, 58.78599292798455, -0.009452991971964418, 0.0, 0.07327365900879088, 0.0638206670368264, -6.633730467261376, 0.0, 121.30287867336692, 114.66914820610543, 1.0261662138265755, 0.0, 61.92816862207183, 62.95433483589834, 5.918999999999993
0.005182965931863731, 0.5001662158206801, 0.0012373419718995065, 58.90225268912559, -0.009474570504648231, 0.0, 0.07366875169476993, 0.06419418119012163, -6.632034042534094, 0.0, 121.58683521038705, 114.95480116785284, 1.0251623670432326, 0.0, 62.0489278510519, 63.07409021809504, 5.918999999999993
0.005196593186372747, 0.49998199296121604, 0.0012405952392733285, 59.020293288496646, -0.009496143558911537, 0.0, 0.07406476759625735, 0.06456862403734577, -6.630362517522234, 0.0, 121.87044069784672, 115.24007818032437, 1.0241433666643336, 0.0, 62.169447777996105, 63.19359114466037, 5.918999999999994
0.005210220440881766, 0.49979031340870245, 0.001243848506647151, 59.14015325564719, -0.009517711215759778, 0.0, 0.07446170557119518, 0.06494399435543534, -6.628715892225796, 0.0, 122.153695135746, 115.52497924352011, 1.0231092013422243, 0.0, 62.289728444247515, 63.31283764558969, 5.918999999999994
0.005223847695390784, 0.499591180560291, 0.0012471017740209732, 59.261871361036896, -0.00953927355619838, 0.0, 0.07485956447752527, 0.06532029092132682, -6.627094166644779, 0.0, 122.43659852408489, 115.80950435743999, 1.0220598598476487, 0.0, 62.40976989071762, 63.43182975056521, 5.918999999999993
0.005237474949899803, 0.4993845978131324, 0.0012503550413947957, 59.385486616035905, -0.009560830661232776, 0.0, 0.07525834317318955, 0.0656975125119567, -6.6254973407791855, 0.0, 122.71915086286334, 116.09365352208405, 1.0209953310682294, 0.0, 62.52957215789218, 63.55056748896036, 5.918999999999994
0.005251102204408821, 0.4991705685643777, 0.0012536083087686181, 59.51103827292465, -0.009582382611868398, 0.0, 0.07565804051612991, 0.06607565790426147, -6.623925414629013, 0.0, 123.00135215208138, 116.37742673745224, 1.0199156040069317, 0.0, 62.64913528583667, 63.6690508898435, 5.918999999999993
0.005264729458917838, 0.4989490962111786, 0.0012568615761424401, 59.6385658248941, -0.009603929489110676, 0.0, 0.07605865536428828, 0.06645472587517753, -6.622378388194263, 0.0, 123.28320239173897, 116.66082400354459, 1.0188206677805869, 0.0, 62.76845931420172, 63.78727998198227, 5.918999999999993
0.005278356713426856, 0.49872018415068575, 0.0012601148435162626, 59.76810900604508, -0.009625471373965045, 0.0, 0.07646018657560662, 0.06683471520164153, -6.620856261474933, 0.0, 123.56470158183618, 116.94384532036113, 1.0177105116184124, 0.0, 62.88754428222862, 63.90525479384698, 5.918999999999994
0.005291983967935874, 0.4984838357800506, 0.0012633681108900848, 59.899707791389574, -0.009647008347436934, 0.0, 0.0768626330080268, 0.06721562466058982, -6.619359034471027, 0.0, 123.84584972237298, 117.22649068790179, 1.0165851248605668, 0.0, 63.00639022875435, 64.0229753536148, 5.918999999999994
0.005305611222444893, 0.49824005449642406, 0.0012666213782639073, 60.03340239684917, -0.009668540490531778, 0.0, 0.07726599351949082, 0.06759745302895898, -6.617886707182542, 0.0, 124.12664681334934, 117.50876010616666, 1.0154444969567304, 0.0, 63.12499719221684, 64.14044168917349, 5.918999999999993
0.00531923847695391, 0.49798884369695734, 0.0012698746456377293, 60.16923327925616, -0.009690067884255004, 0.0, 0.07767026696794045, 0.06798019908368537, -6.616439279609481, 0.0, 124.40709285476525, 117.79065357515567, 1.0142886174646946, 0.0, 63.243365210660244, 64.2576538281249, 5.918999999999994
0.005332865731462928, 0.49773020677880186, 0.0012731279130115518, 60.30724113635338, -0.009711590609612046, 0.0, 0.07807545221131776, 0.06836386160170563, -6.615016751751839, 0.0, 124.68718784662079, 118.07217109486884, 1.0131174760489816, 0.0, 63.36149432173982, 64.37461179778875, 5.918999999999993
0.005346492985971946, 0.49746414713910836, 0.001276381180385374, 60.44746690679355, -0.009733108747608339, 0.0, 0.07848154810756455, 0.06874843935995614, -6.61361912360962, 0.0, 124.96693178891591, 118.35331266530616, 1.0119310624794982, 0.0, 63.479384562726906, 64.49131562520634, 5.918999999999993
0.0053601202404809645, 0.49719066817502816, 0.0012796344477591965, 60.58995177014003, -0.00975462237924931, 0.0, 0.07888855351462283, 0.06913393113537344, -6.612246395182824, 0.0, 125.24632468165062, 118.63407828646764, 1.0107293666301698, 0.0, 63.59703597051381, 64.60776533714389, 5.918999999999994
0.005373747494989983, 0.4969097732837126, 0.0012828877151330187, 60.734737146866564, -0.009776131585540394, 0.0, 0.0792964672904345, 0.06952033570489403, -6.610898566471449, 0.0, 125.52536652482492, 118.91446795835331, 1.009512378477646, 0.0, 63.71444858161856, 64.72396096009612, 5.918999999999994
0.0053873747494990005, 0.49662146586231254, 0.001286140982506841, 60.88186469835716, -0.009797636447487022, 0.0, 0.0797052882929414, 0.0699076518454543, -6.609575637475498, 0.0, 125.80405731843872, 119.19448168096312, 1.0082800880999896, 0.0, 63.83162243218981, 64.83990252028975, 5.918999999999993
0.005401002004008019, 0.49632574930797946, 0.0012893942498806634, 61.031376326906326, -0.009819137046094623, 0.0, 0.08011501538008556, 0.07029587833399087, -6.608277608194967, 0.0, 126.08239706249216, 119.47411945429708, 1.007032485675398, 0.0, 63.94855755801137, 64.9555900436867, 5.918999999999994
0.005414629258517037, 0.4960226270178639, 0.0012926475172544856, 61.18331417571869, -0.009840633462368633, 0.0, 0.08052564740980882, 0.07068501394744009, -6.607004478629857, 0.0, 126.36038575698522, 119.7533812783552, 1.0057695614809476, 0.0, 64.06525399450678, 65.07102355598765, 5.918999999999993
0.005428256513026055, 0.49571210238911756, 0.001295900784628308, 61.33772062890955, -0.009862125777314485, 0.0, 0.08093718324005313, 0.07107505746273857, -6.605756248780171, 0.0, 126.63802340191783, 120.03226715313754, 1.0044913058913483, 0.0, 64.18171177674382, 65.18620308263509, 5.918999999999993
0.0054418837675350735, 0.4953941788188916, 0.0012991540520021303, 61.49463831150413, -0.009883614071937604, 0.0, 0.08134962172876042, 0.07146600765682275, -6.604532918645907, 0.0, 126.91530999729002, 120.31077707864398, 1.0031977093777167, 0.0, 64.29793093943907, 65.30112864881669, 5.918999999999994
0.005455511022044091, 0.4950688597043369, 0.0013024073193759526, 61.65411008943835, -0.009905098427243426, 0.0, 0.08176296173387256, 0.07185786330662906, -6.6033344882270635, 0.0, 127.19224554310178, 120.5889110548746, 1.0018887625063893, 0.0, 64.41391151696223, 65.41580027946857, 5.918999999999994
0.005469138276553109, 0.4947361484426049, 0.0013056605867497748, 61.816179069558416, -0.009926578924237383, 0.0, 0.08217720211333149, 0.07225062318909405, -6.602160957523642, 0.0, 127.46883003935314, 120.86666908182934, 1.000564455937717, 0.0, 64.52965354334052, 65.53021799927812, 5.918999999999993
0.005482765531062127, 0.4943960484308462, 0.0013089138541235972, 61.98088859962115, -0.009948055643924907, 0.0, 0.08259234172507918, 0.0726442860811542, -6.601012326535644, 0.0, 127.7450634860441, 121.1440511595083, 0.9992247804249019, 0.0, 64.64515705226272, 65.64438183268751, 5.918999999999994
0.005496392785571145, 0.4940485630662123, 0.0013121671214974195, 62.14828226829292, -0.009969528667311428, 0.0, 0.0830083794270575, 0.073038850759746, -6.599888595263067, 0.0, 128.02094588317456, 121.4210572879114, 0.9978697268128561, 0.0, 64.76042207708352, 65.7582918038963, 5.918999999999993
0.005510020040080162, 0.4936936957458546, 0.0013154203888712417, 62.31840390515151, -0.009990998075402378, 0.0, 0.08342531407720835, 0.07343431600180589, -6.598789763705912, 0.0, 128.2964772307447, 121.69768746703863, 0.9964992860370546, 0.0, 64.87544865082786, 65.87194793686483, 5.918999999999993
0.005523647294589182, 0.4933314498669239, 0.0013186736562450642, 62.49129758068426, -0.010012463949203196, 0.0, 0.08384314453347372, 0.07383068058427045, -6.597715831864178, 0.0, 128.5716575287544, 121.9739416968901, 0.995113449122431, 0.0, 64.99023680619452, 65.98535025531689, 5.918999999999994
0.005537274549098199, 0.4929618288265714, 0.0013219269236188864, 62.667007606289246, -0.010033926369719302, 0.0, 0.08426186965379544, 0.07422794328407607, -6.596666799737869, 0.0, 128.84648677720367, 122.24981997746568, 0.9937122071822584, 0.0, 65.10478657556057, 66.09849878274275, 5.918999999999994
0.005550901803607218, 0.4925848360219484, 0.0013251801909927089, 62.845578534274864, -0.010055385417956135, 0.0, 0.0846814882961155, 0.07462610287815931, -6.595642667326979, 0.0, 129.12096497609252, 122.52532230876541, 0.9922955514170857, 0.0, 65.21909799098498, 66.21139354240196, 5.918999999999993
0.005564529058116235, 0.4922004748502058, 0.001328433458366531, 63.02705515785971, -0.010076841174919122, 0.0, 0.08510199931837578, 0.07502515814345657, -6.594643434631512, 0.0, 129.39509212542092, 122.80044869078931, 0.9908634731136534, 0.0, 65.33317108421278, 66.3240345573264, 5.918999999999994
0.005578156312625253, 0.4918087487084952, 0.0013316867257403533, 63.21148251117279, -0.0100982937216137, 0.0, 0.08552340157851816, 0.07542510785690439, -6.593669101651468, 0.0, 129.66886822518896, 123.07519912353735, 0.989415963643854, 0.0, 65.44700588667891, 66.43642185032267, 5.918999999999993
0.0055917835671342704, 0.4914096609939672, 0.0013349399931141756, 63.39890586925367, -0.010119743139045298, 0.0, 0.08594569393448465, 0.07582595079543929, -6.592719668386843, 0.0, 129.94229327539654, 123.34957360700957, 0.9879530144636803, 0.0, 65.56060242951159, 66.54855544397518, 5.918999999999993
0.00560541082164329, 0.4910032151037731, 0.001338193260487998, 63.58937074805203, -0.01014118950821935, 0.0, 0.08636887524421717, 0.07622768573599775, -6.591795134837642, 0.0, 130.21536727604376, 123.62357214120598, 0.9864746171122133, 0.0, 65.67396074353658, 66.6604353606487, 5.918999999999993
0.005619038076152307, 0.4905894144350645, 0.0013414465278618203, 63.78292290442812, -0.010162632910141285, 0.0, 0.08679294436565754, 0.0766303114555162, -6.590895501003864, 0.0, 130.4880902271305, 123.8971947261265, 0.9849807632106105, 0.0, 65.78708085928047, 66.77206162249098, 5.918999999999994
0.005632665330661326, 0.49016826238499195, 0.0013446997952356427, 63.979608336152296, -0.010184073425816538, 0.0, 0.08721790015674775, 0.07703382673093115, -6.590020766885507, 0.0, 130.76046212865685, 124.17044136177125, 0.9834714444611141, 0.0, 65.89996280697456, 66.8834342514356, 5.918999999999994
0.0056462925851703425, 0.48973976235070693, 0.0013479530626094647, 64.17947328190553, -0.010205511136250534, 0.0, 0.08764374147542967, 0.07743823033917906, -6.589170932482572, 0.0, 131.03248298062277, 124.44331204814009, 0.981946652646074, 0.0, 66.01260661655814, 66.99455326920416, 5.918999999999994
0.005659919839679361, 0.4893039177293603, 0.0013512063299832872, 64.38256422127887, -0.010226946122448715, 0.0, 0.08807046717964528, 0.0778435210571965, -6.5883459977950585, 0.0, 131.3041527830283, 124.71580678523311, 0.9804063796269813, 0.0, 66.12501231768232, 67.10541869730923, 5.918999999999993
0.00567354709418838, 0.48886073191810353, 0.0013544595973571097, 64.58892787477407, -0.010248378465416506, 0.0, 0.0884980761273365, 0.07824969766191991, -6.587545962822968, 0.0, 131.57547153587345, 124.98792557305033, 0.9788506173435148, 0.0, 66.2371799397133, 67.21603055705674, 5.918999999999993
0.005687174348697398, 0.4884102083140877, 0.001357712864730932, 64.7986112038027, -0.01026980824615934, 0.0, 0.08892656717644515, 0.07865675893028573, -6.586770827566299, 0.0, 131.8464392391581, 125.25966841159166, 0.9772793578126125, 0.0, 66.34910951173568, 67.32638886954821, 5.918999999999993
0.005700801603206416, 0.48795235031446393, 0.0013609661321047543, 65.01166141068762, -0.010291235545682648, 0.0, 0.08935593918491326, 0.07906470363923053, -6.586020592025051, 0.0, 132.11705589288235, 125.53103530085718, 0.9756925931275421, 0.0, 66.46080106255607, 67.43649365568355, 5.918999999999993
0.005714428857715433, 0.4874871613163831, 0.0013642193994785764, 65.2281259386611, -0.010312660444991862, 0.0, 0.08978619101068266, 0.0794735305656907, -6.585295256199226, 0.0, 132.38732149704617, 125.80202624084684, 0.9740903154569929, 0.0, 66.57225462070635, 67.5463449361633, 5.918999999999994
0.0057280561122244516, 0.48701464471699696, 0.0013674726668523988, 65.44805247186594, -0.010334083025092419, 0.0, 0.09021732151169534, 0.07988323848660285, -6.584594820088824, 0.0, 132.65723605164962, 126.07264123156065, 0.9724725170441759, 0.0, 66.68347021444687, 67.65594273149097, 5.918999999999993
0.00574168336673347, 0.48653480391345605, 0.001370725934226221, 65.67148893535614, -0.010355503366989743, 0.0, 0.0906493295458932, 0.08029382617890338, -6.58391928369384, 0.0, 132.92679955669263, 126.34288027299868, 0.9708391902059437, 0.0, 66.79444787176956, 67.76528706197546, 5.918999999999993
0.0057553106212424885, 0.48604764230291186, 0.0013739792016000435, 65.8984834950947, -0.010376921551689271, 0.0, 0.09108221397121814, 0.08070529241952878, -6.583268647014281, 0.0, 133.19601201217523, 126.61274336516084, 0.9691903273319149, 0.0, 66.90518762040139, 67.87437794773324, 5.918999999999993
0.005768937875751505, 0.48555316328251547, 0.0013772324689738655, 66.12908455795605, -0.01039833766019643, 0.0, 0.09151597364561205, 0.08111763598541553, -6.5826429100501445, 0.0, 133.4648734180974, 126.88223050804712, 0.9675259208836172, 0.0, 67.01568948780721, 67.98321540869077, 5.918999999999993
0.005782565130260524, 0.48505137024941786, 0.001380485736347688, 66.36334077172472, -0.010419751773516657, 0.0, 0.09195060742701694, 0.08153085565350021, -6.582042072801429, 0.0, 133.73338377445916, 127.15134170165761, 0.9658459633936404, 0.0, 67.12595350119312, 68.09179946458671, 5.918999999999994
0.005796192384769542, 0.4845422666007706, 0.0013837390037215104, 66.60130102509532, -0.010441163972655383, 0.0, 0.09238611417337467, 0.08194495020071921, -6.581466135268135, 0.0, 134.0015430812605, 127.42007694599224, 0.9641504474648023, 0.0, 67.23597968750929, 68.200130134974, 5.918999999999994
0.00580981963927856, 0.4840258557337242, 0.0013869922710953327, 66.84301444767311, -0.010462574338618037, 0.0, 0.09282249274262715, 0.08235991840400902, -6.580915097450265, 0.0, 134.26935133850145, 127.68843624105104, 0.9624393657693137, 0.0, 67.34576807345302, 68.30820743922224, 5.918999999999993
0.005823446893787579, 0.4835021410454303, 0.0013902455384691551, 67.08853040997349, -0.010483982952410056, 0.0, 0.09325974199271633, 0.0827757590403062, -6.580388959347815, 0.0, 134.53680854618196, 127.95641958683403, 0.9607127110479861, 0.0, 67.45531868547168, 68.41603139651963, 5.918999999999994
0.005837074148296596, 0.48297112593304015, 0.0013934988058429772, 67.33789852342238, -0.01050538989503686, 0.0, 0.09369786078158407, 0.0831924708865471, -6.579887720960787, 0.0, 134.80391470430203, 128.2240269833411, 0.958970476109408, 0.0, 67.56463154976579, 68.52360202587516, 5.918999999999993
0.005850701402805614, 0.48243281379370445, 0.0013967520732167996, 67.5911686403561, -0.010526795247503898, 0.0, 0.09413684796717235, 0.08361005271966838, -6.579411382289182, 0.0, 135.07066981286172, 128.49125843057243, 0.9572126538291873, 0.0, 67.67370669229173, 68.63091934612083, 5.918999999999994
0.005864328657314632, 0.4818872080245747, 0.0014000053405906219, 67.84839085402092, -0.010548199090816586, 0.0, 0.09457670240742307, 0.08402850331660637, -6.5789599433329995, 0.0, 135.337073871861, 128.75811392852785, 0.9554392371491297, 0.0, 67.7825441387645, 68.73798337591356, 5.918999999999994
0.00587795591182365, 0.4813343120228017, 0.0014032586079644443, 68.10961549857404, -0.010569601505980367, 0.0, 0.09501742296027814, 0.08444782145429766, -6.578533404092237, 0.0, 135.60312688129986, 129.02459347720745, 0.9536502190765136, 0.0, 67.89114391466076, 68.8447941337372, 5.918999999999993
0.005891583166332669, 0.4807741291855369, 0.0014065118753382665, 68.37489314908282, -0.010591002574000665, 0.0, 0.09545900848367947, 0.08486800590967872, -6.578131764566898, 0.0, 135.86882884117827, 129.29069707661122, 0.9518455926833028, 0.0, 67.99950604522142, 68.95135163790462, 5.918999999999994
0.005905210420841686, 0.4802066629099315, 0.0014097651427120888, 68.64427462152452, -0.010612402375882915, 0.0, 0.09590145783556901, 0.08528905545968599, -6.577755024756979, 0.0, 136.13417975149622, 129.55642472673912, 0.9500253511054172, 0.0, 68.10763055545429, 69.05765590655967, 5.918999999999993
0.005918837675350705, 0.47963191659313636, 0.0014130184100859112, 68.91781097278772, -0.01063380099263255, 0.0, 0.09634476987388868, 0.08571096888125601, -6.577403184662484, 0.0, 136.39917961225385, 129.82177642759123, 0.9481894875419893, 0.0, 68.21551747013714, 69.16370695767908, 5.918999999999994
0.005932464929859722, 0.4790498936323027, 0.0014162716774597335, 69.19555350067043, -0.010655198505255, 0.0, 0.09678894345658035, 0.08613374495132523, -6.577076244283411, 0.0, 136.66382842345104, 130.0867521791675, 0.9463379952546391, 0.0, 68.32316681381988, 69.26950480907446, 5.918999999999993
0.005946092184368741, 0.47846059742458197, 0.001419524944833556, 69.4775537438814, -0.010676594994755699, 0.0, 0.09723397744158598, 0.0865573824468302, -6.576774203619759, 0.0, 136.9281261850878, 130.35135198146787, 0.9444708675667606, 0.0, 68.43057861082731, 69.37504947839398, 5.918999999999994
0.0059597194388777575, 0.4778640313671251, 0.001422778212207378, 69.76386348203965, -0.010697990542140075, 0.0, 0.09767987068684741, 0.08698188014470724, -6.57649706267153, 0.0, 137.1920728971641, 130.61557583449243, 0.9425880978628107, 0.0, 68.53775288526192, 69.48034098312466, 5.918999999999994
0.005973346693386777, 0.47726019885708293, 0.0014260314795812004, 70.05453473567485, -0.010719385228413564, 0.0, 0.09812662205030673, 0.08740723682189308, -6.5762448214387215, 0.0, 137.45566855968002, 130.87942373824114, 0.940689679587618, 0.0, 68.64468966100611, 69.58537934059365, 5.918999999999994
0.0059869739478957944, 0.4766491032916074, 0.0014292847469550226, 70.34961976622685, -0.010740779134581595, 0.0, 0.0985742303899057, 0.08783345125532399, -6.576017479921336, 0.0, 137.71891317263555, 131.14289569271406, 0.9387756062456923, 0.0, 68.751388961725, 69.69016456797063, 5.918999999999994
0.006000601202404813, 0.47603074806784884, 0.001432538014328845, 70.64917107604549, -0.010762172341649601, 0.0, 0.09902269456358631, 0.08826052222193659, -6.575815038119371, 0.0, 137.98180673603065, 131.40599169791113, 0.9368458714005482, 0.0, 68.85785081086857, 69.79469668226905, 5.918999999999993
0.0060142284569138305, 0.47540513658295885, 0.0014357912817026673, 70.95324140839165, -0.010783564930623013, 0.0, 0.09947201342929043, 0.08868844849866733, -6.57563749603283, 0.0, 138.24434924986525, 131.6687117538323, 0.9349004686740356, 0.0, 68.96407523167429, 69.89897570034825, 5.918999999999993
0.006027855711422848, 0.4747722722340883, 0.0014390445490764896, 71.26188374743583, -0.010804956982507264, 0.0, 0.09992218584496002, 0.08911722886245267, -6.57548485366171, 0.0, 138.50654071413953, 131.93105586047767, 0.9329393917456834, 0.0, 69.07006224716969, 70.00300163891528, 5.918999999999994
0.0060414829659318665, 0.47413215841838857, 0.0014422978164503118, 71.57515131825954, -0.010826348578307783, 0.0, 0.10037321066853701, 0.08954686209022912, -6.575357111006012, 0.0, 138.7683811288534, 132.19302401784722, 0.9309626343520417, 0.0, 69.1758118801743, 70.10677451452624, 5.918999999999994
0.006055110220440885, 0.4734847985330109, 0.0014455510838241343, 71.89309758685425, -0.010847739799030007, 0.0, 0.10082508675796331, 0.0899773469589332, -6.575254268065736, 0.0, 139.02987049400681, 132.4546162259409, 0.9289701902860525, 0.0, 69.28132415330226, 70.21029434358823, 5.918999999999994
0.0060687374749499035, 0.47283019597510606, 0.0014488043511979567, 72.21577626012197, -0.010869130725679363, 0.0, 0.10127781297118078, 0.09040868224550133, -6.575176324840882, 0.0, 139.29100880959982, 132.71583248475878, 0.9269620533964035, 0.0, 69.38659908896479, 70.3135611423611, 5.918999999999994
0.006082364729458921, 0.4721683541418253, 0.001452057618571779, 72.54324128587513, -0.010890521439261284, 0.0, 0.10173138816613142, 0.09084086672687001, -6.575123281331451, 0.0, 139.5517960756324, 132.97667279430078, 0.9249382175869112, 0.0, 69.491636709372, 70.41657492695879, 5.918999999999994
0.006095991983967939, 0.4714992764303203, 0.0014553108859456012, 72.87554685283612, -0.010911912020781202, 0.0, 0.10218581120075707, 0.09127389917997575, -6.575095137537441, 0.0, 139.81223229210454, 133.23713715456694, 0.9228986768159019, 0.0, 69.59643703653555, 70.51933571335138, 5.918999999999994
0.006109619238476956, 0.47082296623774156, 0.0014585641533194234, 73.21274739063801, -0.01093330255124455, 0.0, 0.10264108093299969, 0.09170777838175503, -6.575091893458852, 0.0, 140.07231745901632, 133.49722556555727, 0.9208434250956092, 0.0, 69.70100009227076, 70.62184351736626, 5.918999999999994
0.0061232464929859756, 0.4701394269612405, 0.0014618174206932459, 73.5548975698245, -0.010954693111656762, 0.0, 0.10309719622080127, 0.0921425031091444, -6.575113549095686, 0.0, 140.33205157636766, 133.7569380272718, 0.9187724564915604, 0.0, 69.80532589819856, 70.72409835469001, 5.918999999999994
0.006136873747494993, 0.46944866199796814, 0.0014650706880670681, 73.90205230184904, -0.010976083783023264, 0.0, 0.10355415592210357, 0.0925780721390802, -6.575160104447942, 0.0, 140.59143464415857, 134.01627453971045, 0.9166857651220026, 0.0, 69.90941447574808, 70.82610024086996, 5.918999999999994
0.006150501002004011, 0.4687506747450757, 0.0014683239554408904, 74.25426673907594, -0.010997474646349488, 0.0, 0.10401195889484863, 0.09301448424849904, -6.575231559515621, 0.0, 140.85046666238904, 134.27523510287327, 0.9145833451573062, 0.0, 70.01326584615828, 70.9278491913155, 5.918999999999994
0.006164128256513028, 0.46804546859971446, 0.0014715772228147126, 74.61159627477929, -0.011018865782640868, 0.0, 0.10447060399697831, 0.09345173821433736, -6.575327914298721, 0.0, 141.10914763105913, 134.5338197167602, 0.9124651908193927, 0.0, 70.11688003048056, 71.02934522129982, 5.918999999999994
0.006177755511022047, 0.46733304695903544, 0.001474830490188535, 74.97409654314441, -0.01104025727290284, 0.0, 0.10493009008643459, 0.09388983281353164, -6.575449168797242, 0.0, 141.36747755016881, 134.79202838137138, 0.910331296381172, 0.0, 70.22025704958041, 71.13058834596148, 5.918999999999994
0.006191382765531066, 0.4666134132201896, 0.0014780837575623575, 75.34182341926612, -0.011061649198140835, 0.0, 0.10539041602115938, 0.09432876682301844, -6.5755953230111865, 0.0, 141.62545641971803, 135.0498610967067, 0.9081816561659661, 0.0, 70.3233969241396, 71.23157858030548, 5.918999999999995
0.006205010020040084, 0.4658865707803287, 0.0014813370249361797, 75.71483301915009, -0.011083041639360277, 0.0, 0.10585158065909452, 0.09476853901973416, -6.575766376940551, 0.0, 141.88308423970687, 135.30731786276615, 0.9060162645469685, 0.0, 70.42629967465835, 71.33231593920522, 5.918999999999995
0.006218637274549101, 0.46515252303660315, 0.001484590292310002, 76.09318169971232, -0.0111044346775666, 0.0, 0.10631358285818197, 0.09520914818061527, -6.57596233058534, 0.0, 142.14036101013525, 135.56439867954978, 0.9038351159466935, 0.0, 70.52896532145706, 71.43280043740371, 5.918999999999994
0.006232264529058119, 0.4644112733861647, 0.0014878435596838242, 76.47692605877876, -0.01112582839376524, 0.0, 0.10677642147636365, 0.09565059308259831, -6.57618318394555, 0.0, 142.39728673100328, 135.82110354705753, 0.9016382048364441, 0.0, 70.63139388467859, 71.53303208951489, 5.918999999999994
0.006245891783567137, 0.46366282522616387, 0.0014910968270576467, 76.86612293508614, -0.01114722286896163, 0.0, 0.10724009537158152, 0.0960928725026198, -6.5764289370211815, 0.0, 142.65386140231087, 136.07743246528952, 0.899425525735764, 0.0, 70.7335853842897, 71.63301091002536, 5.918999999999994
0.006259519038076155, 0.4629071819537524, 0.001494350094431469, 77.26082940828178, -0.011168618184161195, 0.0, 0.10770460340177743, 0.09653598521761614, -6.576699589812235, 0.0, 142.910085024058, 136.3333854342456, 0.8971970732119253, 0.0, 70.83553984008353, 71.73273691329535, 5.918999999999994
0.006273146292585174, 0.4621443469660812, 0.0014976033618052914, 77.6611027989224, -0.011190014420369375, 0.0, 0.1081699444248934, 0.09697993000452393, -6.576995142318712, 0.0, 143.1659575962448, 136.5889624539259, 0.8949528418794067, 0.0, 70.93725727168118, 71.83221011356048, 5.918999999999995
0.006286773547094191, 0.46137432366030134, 0.0015008566291791134, 78.067000668476, -0.01121141165859159, 0.0, 0.10863611729887121, 0.09742470564027948, -6.577315594540609, 0.0, 143.42147911887108, 136.8441635243303, 0.8926928263993837, 0.0, 71.03873769853352, 71.93143052493282, 5.918999999999994
0.006300400801603209, 0.4605971154335642, 0.0015041098965529358, 78.47858081932077, -0.011232809979833287, 0.0, 0.10910312088165287, 0.09787031090181947, -6.577660946477928, 0.0, 143.67664959193698, 137.09898864545886, 0.8904170214792207, 0.0, 71.13998113992334, 72.03039816140243, 5.918999999999995
0.006314028056112228, 0.4598127256830205, 0.0015073631639267583, 78.89590129474499, -0.011254209465099887, 0.0, 0.1095709540311803, 0.09831674456608033, -6.57803119813067, 0.0, 143.9314690154425, 137.35343781731163, 0.8881254218719667, 0.0, 71.24098761496674, 72.12911303683858, 5.918999999999994
0.0063276553106212455, 0.4590211578058217, 0.0015106164313005805, 79.3190203789473, -0.011275610195396824, 0.0, 0.11003961560539538, 0.09876400540999844, -6.578426349498835, 0.0, 144.18593738938753, 137.60751103988855, 0.8858180223758789, 0.0, 71.34175714261526, 72.22757516499108, 5.918999999999995
0.006341282565130264, 0.4582224151991192, 0.0015138696986744028, 79.74799659703677, -0.011297012251729532, 0.0, 0.11050910446224005, 0.0992120922105104, -6.578846400582419, 0.0, 144.44005471377218, 137.86120831318962, 0.8834948178339271, 0.0, 71.44228974165758, 72.32578455949141, 5.918999999999994
0.0063549098196392815, 0.4574165012600637, 0.001517122966048225, 80.18288871503307, -0.01131841571510344, 0.0, 0.11097941945965618, 0.09966100374455263, -6.5792913513814275, 0.0, 144.69382098859646, 138.11452963721484, 0.8811558031333104, 0.0, 71.54258543072116, 72.42374123385436, 5.918999999999996
0.0063685370741483, 0.4566034193858064, 0.0015203762334220475, 80.62375573986611, -0.011339820666523984, 0.0, 0.11145055945558578, 0.10011073878906167, -6.579761201895857, 0.0, 144.9472362138603, 138.36747501196422, 0.8788009732049917, 0.0, 71.64264422827394, 72.52144520147881, 5.918999999999995
0.006382164328657318, 0.45578317297349885, 0.0015236295007958697, 81.07065691937572, -0.011361227186996592, 0.0, 0.1119225233079707, 0.10056129612097398, -6.580255952125708, 0.0, 145.20030038956364, 138.62004443743777, 0.8764303230232308, 0.0, 71.74246615262622, 72.61889647564938, 5.918999999999994
0.006395791583166336, 0.4549557654202917, 0.0015268827681696922, 81.52365174231295, -0.011382635357526694, 0.0, 0.11239530987475288, 0.10101267451722609, -6.5807756020709816, 0.0, 145.45301351570666, 138.8722379136355, 0.8740438476051114, 0.0, 71.8420512219324, 72.71609506953742, 5.918999999999995
0.006409418837675353, 0.4541212001233365, 0.0015301360355435142, 81.98279993833825, -0.011404045259119727, 0.0, 0.11286891801387419, 0.10146487275475437, -6.581320151731678, 0.0, 145.7053755922892, 139.12405544055736, 0.8716415420101051, 0.0, 71.94139945419214, 72.81304099620215, 5.918999999999994
0.006423046092184372, 0.453279480479784, 0.0015333893029173366, 82.44816147802305, -0.011425456972781122, 0.0, 0.11334334658327669, 0.10191788961049544, -6.581889601107795, 0.0, 145.9573866193114, 139.37549701820342, 0.869223401339604, 0.0, 72.0405108672527, 72.90973426859219, 5.918999999999995
0.00643667334669339, 0.45243060988678546, 0.0015366425702911589, 82.91979657284907, -0.011446870579516308, 0.0, 0.11381859444090214, 0.10237172386138574, -6.582483950199334, 0.0, 146.2090465967731, 139.62656264657363, 0.866789420736488, 0.0, 72.13938547880988, 73.00617489954628, 5.918999999999994
0.006450300601202408, 0.4515745917414925, 0.0015398958376649813, 83.39776567520812, -0.011468286160330719, 0.0, 0.11429466044469255, 0.10282637428436173, -6.583103199006295, 0.0, 146.46035552467444, 139.87725232566797, 0.8643395953846779, 0.0, 72.23802330641018, 73.10236290179476, 5.918999999999995
0.006463927855711427, 0.4507114294410555, 0.0015431491050388038, 83.88212947840282, -0.011489703796229784, 0.0, 0.11477154345258983, 0.10328183965635994, -6.5837473475286785, 0.0, 146.71131340301534, 140.1275660554865, 0.8618739205087117, 0.0, 72.33642436745205, 73.19829828796067, 5.918999999999995
0.006477555110220443, 0.4498411263826264, 0.0015464023724126258, 84.37294891664533, -0.011511123568218935, 0.0, 0.1152492423225358, 0.10373811875431674, -6.5844163957664845, 0.0, 146.96192023179577, 140.37750383602915, 0.8593923913733141, 0.0, 72.4345886791875, 73.29398107056075, 5.918999999999995
0.006491182364729463, 0.44896368596335573, 0.0015496556397864483, 84.87028516505927, -0.01153254555730361, 0.0, 0.11572775591247256, 0.10419521035516884, -6.585110343719711, 0.0, 147.21217601101594, 140.62706566729602, 0.8568950032829693, 0.0, 72.53251625872379, 73.38941126200663, 5.918999999999995
0.00650480961923848, 0.4480791115803947, 0.0015529089071602705, 85.37419963967784, -0.011553969844489234, 0.0, 0.11620708308034186, 0.1046531132358525, -6.585829191388361, 0.0, 147.46208074067553, 140.87625154928702, 0.8543817515815132, 0.0, 72.63020712302456, 73.484588874606, 5.918999999999995
0.006518436873747499, 0.4471874066308946, 0.001556162174534093, 85.88475399744482, -0.01157539651078124, 0.0, 0.1166872226840857, 0.10511182617330438, -6.5865729387724326, 0.0, 147.71163442077477, 141.12506148200217, 0.8518526316517129, 0.0, 72.72766128891192, 73.57951392056351, 5.918999999999994
0.006532064128256516, 0.4462885745120071, 0.0015594154419079152, 86.40201013621459, -0.011596825637185063, 0.0, 0.11716817358164595, 0.10557134794446078, -6.5873415858719255, 0.0, 147.9608370513136, 141.3734954654415, 0.8493076389148738, 0.0, 72.82487877306743, 73.67418641198218, 5.918999999999996
0.006545691382765534, 0.4453826186208823, 0.0015626687092817374, 86.92603019475087, -0.01161825730470613, 0.0, 0.11764993463096463, 0.10603167732625837, -6.5881351326868405, 0.0, 148.20968863229197, 141.62155349960497, 0.8467467688304209, 0.0, 72.92185959203361, 73.76860636086397, 5.918999999999995
0.006559318637274552, 0.4444695423546723, 0.0015659219766555597, 87.45687655272945, -0.011639691594349879, 0.0, 0.11813250468998354, 0.10649281309563355, -6.588953579217178, 0.0, 148.45818916370993, 141.8692355844926, 0.844170016895519, 0.0, 73.01860376221586, 73.8627737791113, 5.918999999999996
0.006572945891783571, 0.44354934911052757, 0.0015691752440293821, 87.99461183073481, -0.011661128587121738, 0.0, 0.1186158826166447, 0.10695475402952283, -6.589796925462938, 0.0, 148.7063386455675, 142.11654172010444, 0.8415773786446711, 0.0, 73.1151112998832, 73.95668867852783, 5.918999999999995
0.006586573146292589, 0.4426220422855995, 0.0015724285114032046, 88.53929889026324, -0.011682568364027139, 0.0, 0.11910006726888994, 0.10741749890486268, -6.590665171424119, 0.0, 148.9541370778647, 142.3634719064404, 0.8389688496493359, 0.0, 73.21138222117021, 74.05035107081945, 5.918999999999995
0.006600200400801606, 0.44168762527703953, 0.0015756817787770266, 89.0910008337197, -0.011704011006071508, 0.0, 0.11958505750466117, 0.10788104649858954, -6.591558317100722, 0.0, 149.20158446060137, 142.6100261435005, 0.8363444255175464, 0.0, 73.30741654207806, 74.14376096759553, 5.918999999999995
0.006613827655310624, 0.4407461014819984, 0.001578935046150849, 89.64978100442147, -0.011725456594260287, 0.0, 0.12007085218190042, 0.10834539558764003, -6.592476362492747, 0.0, 149.4486807937777, 142.8562044312848, 0.8337041018935331, 0.0, 73.40321427847621, 74.23691838036964, 5.918999999999996
0.006627454909819642, 0.4397974742976275, 0.0015821883135246713, 90.21570298659447, -0.011746905209598904, 0.0, 0.12055745015854952, 0.10881054494895048, -6.593419307600193, 0.0, 149.69542607739362, 143.10200676979323, 0.8310478744573572, 0.0, 73.49877544610348, 74.32982332056073, 5.918999999999996
0.006641082164328661, 0.43884174712107765, 0.0015854415808984937, 90.788830605376, -0.011768356933092791, 0.0, 0.12104485029255044, 0.10927649335945752, -6.594387152423062, 0.0, 149.9418203114491, 143.34743315902588, 0.8283757389245232, 0.0, 73.59410006056956, 74.42247579949398, 5.918999999999996
0.006654709418837679, 0.4378789233495003, 0.001588694848272316, 91.36922792681332, -0.011789811845747377, 0.0, 0.12153305144184505, 0.10974323959609755, -6.595379896961354, 0.0, 150.18786349594416, 143.59248359898262, 0.8256876910456414, 0.0, 73.68918813735621, 74.51487582840176, 5.918999999999995
0.0066683366733466965, 0.43690900638004676, 0.0015919481156461382, 91.95695925786447, -0.011811270028568098, 0.0, 0.12202205246437525, 0.11021078243580704, -6.596397541215067, 0.0, 150.43355563087877, 143.83715808966355, 0.8229837266060587, 0.0, 73.78403969181876, 74.60702341842472, 5.918999999999996
0.006681963927855714, 0.4359319996098679, 0.0015952013830199605, 92.55208914639672, -0.01183273156256038, 0.0, 0.12251185221808301, 0.11067912065552249, -6.597440085184201, 0.0, 150.67889671625304, 144.08145663106865, 0.8202638414254946, 0.0, 73.87865473918723, 74.69891858061263, 5.918999999999995
0.0066955911823647326, 0.4349479064361148, 0.001598454650393783, 93.15468238118967, -0.011854196528729662, 0.0, 0.12300244956091029, 0.11114825303218051, -6.59850752886876, 0.0, 150.92388675206684, 144.32537922319787, 0.8175280313577081, 0.0, 73.97303329456753, 74.7905613259251, 5.918999999999996
0.006709218436873752, 0.4339567302559388, 0.0016017079177676054, 93.76480399193099, -0.011875665008081373, 0.0, 0.12349384335079895, 0.11161817834271745, -6.599599872268737, 0.0, 151.16852573832023, 144.56892586605133, 0.8147762922901446, 0.0, 74.06717537294303, 74.88195166523309, 5.918999999999996
0.0067228456913827695, 0.4329584744664908, 0.0016049611851414276, 94.38251924922042, -0.011897137081620941, 0.0, 0.12398603244569087, 0.11208889536406981, -6.600717115384139, 0.0, 151.4128136750132, 144.8120965596289, 0.8120086201435868, 0.0, 74.16108098917552, 74.97308960931903, 5.918999999999996
0.006736472945891787, 0.4319531424649223, 0.0016082144525152498, 95.00789366456763, -0.011918612830353802, 0.0, 0.12447901570352804, 0.1125604028731741, -6.6018592582149624, 0.0, 151.65675056214573, 145.05489130393062, 0.809225010871833, 0.0, 74.25475015800644, 75.0639751688782, 5.918999999999996
0.006750100200400805, 0.4309407376483842, 0.001611467719889072, 95.64099299039162, -0.011940092335285386, 0.0, 0.12497279198225228, 0.11303269964696679, -6.603026300761206, 0.0, 151.90033639971793, 145.2973100989565, 0.8064254604613514, 0.0, 74.34818289405851, 75.15460835451972, 5.918999999999996
0.006763727454909823, 0.4299212634140277, 0.0016147209872628945, 96.2818832200237, -0.011961575677421126, 0.0, 0.12546736013980567, 0.11350578446238442, -6.604218243022874, 0.0, 152.14357118772963, 145.5393529447066, 0.8036099649309548, 0.0, 74.44137921183618, 75.24498917676702, 5.918999999999995
0.006777354709418841, 0.4288947231590041, 0.0016179742546367168, 96.93063058770372, -0.011983062937766454, 0.0, 0.12596271903412998, 0.11397965609636342, -6.605435084999962, 0.0, 152.38645492618093, 145.78101984118078, 0.8007785203314823, 0.0, 74.53433912572751, 75.33511764605886, 5.918999999999997
0.006790981963927859, 0.4278611202804644, 0.001621227522010539, 97.58730156858303, -0.0120045541973268, 0.0, 0.1264588675231672, 0.11445431332584029, -6.606676826692473, 0.0, 152.62898761507182, 146.02231078837917, 0.7979311227454594, 0.0, 74.62706265000506, 75.42499377275043, 5.918999999999997
0.006804609218436877, 0.42682045817555964, 0.0016244807893843612, 98.25196287872257, -0.012026049537107595, 0.0, 0.12695580446485924, 0.11492975492775152, -6.607943468100406, 0.0, 152.87116925440228, 146.2632257863017, 0.7950677682868051, 0.0, 74.71954979882695, 75.51461756711363, 5.918999999999996
0.006818236472945895, 0.4257727402414413, 0.0016277340567581837, 98.9246814750943, -0.012047549038114277, 0.0, 0.127453528717148, 0.1154059796790336, -6.60923500922376, 0.0, 153.11299984417235, 146.5037648349484, 0.7921884531005038, 0.0, 74.81180058623823, 75.60398903933864, 5.918999999999997
0.006831863727454913, 0.42471796987526006, 0.001630987324132006, 99.60552455557968, -0.01206905278135227, 0.0, 0.12795203913797543, 0.11588298635662302, -6.610551450062537, 0.0, 153.35447938438196, 146.7439279343193, 0.7892931733622902, 0.0, 74.90381502617176, 75.69310819953398, 5.918999999999996
0.006845490981963931, 0.4236561504741675, 0.0016342405915058284, 100.29455955897186, -0.01209056084782701, 0.0, 0.1284513345852834, 0.11636077373745626, -6.611892790616736, 0.0, 153.5956078750312, 146.98371508441429, 0.7863819252783558, 0.0, 74.99559313244956, 75.78197505772785, 5.918999999999997
0.00685911823647295, 0.4225872854353145, 0.0016374938588796506, 100.991854164973, -0.01211207331854393, 0.0, 0.1289514139170139, 0.11683934059846982, -6.613259030886357, 0.0, 153.83638531612002, 147.2231262852335, 0.7834547050850451, 0.0, 75.08713491878383, 75.87058962386881, 5.918999999999997
0.006872745490981967, 0.42151137815585227, 0.0016407471262534729, 101.69747629419669, -0.012133590274508457, 0.0, 0.12945227599110876, 0.1173186857166002, -6.614650170871401, 0.0, 154.07681170764843, 147.46216153677682, 0.7805115090485448, 0.0, 75.17844039877792, 75.95895190782632, 5.918999999999997
0.006886372745490986, 0.4204284320329324, 0.0016440003936272953, 102.41149410816593, -0.01215511179672603, 0.0, 0.12995391966550998, 0.11779880786878384, -6.616066210571864, 0.0, 154.31688704961638, 147.70082083904433, 0.7775523334646076, 0.0, 75.26950958592748, 76.04706191939195, 5.918999999999997
0.006900000000000003, 0.4193384504637051, 0.0016472536610011176, 103.13397600931455, -0.012176637966202074, 0.0, 0.1304563437981594, 0.11827970583195722, -6.61750714998775, 0.0, 154.5566113420239, 147.93910419203598, 0.7745771746582352, 0.0, 75.36034249362162, 76.13491966827975, 5.918999999999997
