phi0, phi, rho, Z_fit_curve, F_id, F_fr, F_ex, F_total, mu_id, mu_fr, mu_ex, mu_kT, PV_id, PV_fr, PV_ex, PV_NkT, alpha
0.0030000000000000005, 0.8438439850826555, 7.161972439135291E-4, 9.529840523892524, -0.005880962532589307, 0.0, 0.0067918560087297415, 9.108934761432805E-4, -7.211227815695798, 0.0, 20.42276075862935, 13.211532942935195, 1.0001449347128177, 0.0, 10.939540784733776, 11.93968571944426, 6.615000000000013
0.003007815631262526, 0.8455269687460644, 7.180630884367508E-4, 9.685761980435537, -0.005894415141883559, 0.0, 0.006830013702834908, 9.355985609533039E-4, -7.208634215696193, 0.0, 20.479359471089992, 13.27072525539388, 1.0001363461160178, 0.0, 10.967641332640499, 11.967777678753873, 6.615000000000013
0.0030156312625250507, 0.8471931653626689, 7.199289329599724E-4, 9.842621627948454, -0.005907862917940225, 0.0, 0.006868281799077589, 9.60418881139069E-4, -7.206047060593912, 0.0, 20.54108553531815, 13.335038474721838, 1.0001280873476672, 0.0, 11.000863598635048, 12.000991685977946, 6.615000000000013
0.003023446893787576, 0.8488427694621693, 7.21794777483194E-4, 10.000404820831392, -0.005921305872759423, 0.0, 0.006906669778624669, 9.853639058676096E-4, -7.203466323541629, 0.0, 20.60784724812316, 13.404380924582496, 1.0001201493423366, 0.0, 11.03910278767231, 12.039222937012333, 6.615000000000012
0.003031262525050101, 0.8504759729049788, 7.236606220064157E-4, 10.15909679594236, -0.005934744018291273, 0.0, 0.006945186952278231, 0.0010104429339892335, -7.200891977803017, 0.0, 20.67955369842571, 13.478661720622295, 1.000112523224893, 0.0, 11.082255267260477, 12.082367790481827, 6.615000000000012
0.003039078156312626, 0.85209296490817, 7.255264665296373E-4, 10.318682674918563, -0.005948177366436116, 0.0, 0.006983842461949406, 0.0010356650955155658, -7.198323996752482, 0.0, 20.756114764418502, 13.557790767665763, 1.00010520030719, 0.0, 11.130218557826954, 12.130323758130748, 6.61500000000001
0.003046893787575151, 0.8536939320716015, 7.273923110528589E-4, 10.479147466506902, -0.005961605929044717, 0.0, 0.007022645282132589, 0.0010610393530898349, -7.195762353874874, 0.0, 20.837441110740507, 13.64167875686604, 1.0000981720848123, 0.0, 11.18289132320191, 12.182989495284431, 6.61500000000001
0.003054709418837676, 0.8552790584036202, 7.292581555760805E-4, 10.640476068907375, -0.005975029717918469, 0.0, 0.007061604221365519, 0.001086574503449185, -7.193207022765216, 0.0, 20.92344418566435, 13.730237162899384, 1.000091430233872, 0.0, 11.24017336123706, 12.240264791468254, 6.615000000000008
0.003062525050100201, 0.8568485253468573, 7.311240000993021E-4, 10.802653272129973, -0.005988448744809603, 0.0, 0.0071007279236917215, 0.001112279178883912, -7.190657977128426, 0.0, 21.014036218259587, 13.82337824113177, 1.0000849666078553, 0.0, 11.301965594497691, 12.302050561103703, 6.61500000000001
0.0030703406813627258, 0.8584025118038466, 7.329898446225237E-4, 10.965663760352115, -0.006001863021421389, 0.0, 0.007140024870115065, 0.0011381618486954181, -7.188115190779041, 0.0, 21.109130215568804, 13.921015024788424, 1.000078773234522, 0.0, 11.368170061077105, 12.368248834307911, 6.61500000000001
0.003078156312625251, 0.8599411941624807, 7.348556891457453E-4, 11.129492114302721, -0.0060152725594083386, 0.0, 0.007179503380046356, 0.0011642308206398534, -7.185578637640929, 0.0, 21.208639959780353, 14.023061322138783, 1.0000728423128684, 0.0, 11.438689905515439, 12.438762747825168, 6.615000000000009
0.003085971943887776, 0.8614647463213438, 7.36721533668967E-4, 11.294122813640826, -0.0060286773703764115, 0.0, 0.0072191716127492506, 0.0011904942423750682, -7.1830482917470295, 0.0, 21.312480005407824, 14.129431713659752, 1.0000671662101048, 0.0, 11.513429369821194, 12.51349653602723, 6.615000000000008
0.0030937875751503013, 0.8629733397150415, 7.385873781921886E-4, 11.459540239353728, -0.0060420774658832225, 0.0, 0.007259037568778368, 0.0012169601028968607, -7.1805241272390585, 0.0, 21.420565676452817, 14.240041549215912, 1.0000617374587353, 0.0, 11.592293784579946, 12.592355522038508, 6.615000000000008
0.003101603206412826, 0.8644671433391754, 7.404532227154102E-4, 11.625728676161543, -0.006055472857438236, 0.0, 0.007299109091409475, 0.0012436362339735413, -7.1780061183672395, 0.0, 21.532813063601683, 14.354806945235254, 1.0000565487536361, 0.0, 11.675189560199293, 12.675246108950628, 6.615000000000006
0.0031094188376753515, 0.8659463237754715, 7.423190672386318E-4, 11.792672314930059, -0.006068863556502974, 0.0, 0.007339393868070386, 0.0012705303115688842, -7.175494239490029, 0.0, 21.649139021373557, 14.473644781882559, 1.0000515929492009, 0.0, 11.76202417819386, 12.76207577114011, 6.615000000000007
0.0031172344689378764, 0.8674110452165876, 7.441849117618535E-4, 11.960355255099245, -0.006082249574491214, 0.0, 0.007379899431765015, 0.0012976498572763034, -7.172988465073827, 0.0, 21.769461165303277, 14.59647270022671, 1.0000468630565464, 0.0, 11.852706182602617, 12.852753045653058, 6.615000000000006
0.0031250501002004017, 0.8688614694908774, 7.460507562850751E-4, 12.128761507109346, -0.006095630922769196, 0.0, 0.007420633162486576, 0.0013250022397189413, -7.170488769692716, 0.0, 21.893697869125397, 14.723209099431951, 1.0000423522407358, 0.0, 11.947145171508321, 12.947187523746232, 6.615000000000006
0.0031328657314629266, 0.8702977560869848, 7.479166008082967E-4, 12.297874994847035, -0.0061090076126558155, 0.0, 0.007461602288630655, 0.0013525946759765095, -7.167995128028167, 0.0, 22.021768261943254, 14.853773133913892, 1.0000380538180718, 0.0, 12.045251788627022, 13.045289842441662, 6.615000000000006
0.003140681362725452, 0.8717200621783896, 7.497824453315184E-4, 12.46767955809375, -0.006122379655422833, 0.0, 0.007502813888402477, 0.0013804342329822965, -7.165507514868773, 0.0, 22.153592225395613, 14.988084710526868, 1.0000339612534168, 0.0, 12.146937714986146, 13.146971676236056, 6.6150000000000055
0.0031484969939879768, 0.8731285426478315, 7.5164828985474E-4, 12.6381589549826, -0.00613574706229506, 0.0, 0.007544274891224008, 0.001408527828931333, -7.163025905109969, 0.0, 22.289090390828616, 15.126064485718075, 1.0000300681575622, 0.0, 12.252115660689897, 13.252145728843717, 6.6150000000000055
0.003156312625250502, 0.8745233501114643, 7.535141343779616E-4, 12.809296864468834, -0.006149109844450575, 0.0, 0.007585992079119232, 0.0014368822346706445, -7.16055027375375, 0.0, 22.428184136493513, 15.26763386274019, 1.000026368284646, 0.0, 12.36069935681968, 13.360725725102116, 6.6150000000000055
0.003164128256513027, 0.8759046349430717, 7.553799789011832E-4, 12.981076888796963, -0.006162468013020906, 0.0, 0.0076279720881116675, 0.0014655040750924178, -7.158080595908398, 0.0, 22.57079558469291, 15.412714988784854, 1.0000228555296002, 0.0, 12.472603547345388, 13.472626402873138, 6.615000000000004
0.0031719438877755523, 0.8772725452980734, 7.572458234244049E-4, 13.153482555988134, -0.006175821579091242, 0.0, 0.007670221409610205, 0.0014943998305211176, -7.155616846788203, 0.0, 22.716847598971615, 15.561230752180624, 1.0000195239256549, 0.0, 12.587743981174091, 13.587763505094113, 6.615000000000004
0.003179759519038077, 0.8786272271374095, 7.591116679476265E-4, 13.326497322325736, -0.00618917055370062, 0.0, 0.007712746391789038, 0.001523575838090152, -7.153159001713189, 0.0, 22.866263781282196, 15.713104779568145, 1.0000163676418632, 0.0, 12.706037404257037, 13.706053771895755, 6.615000000000004
0.003187575150300602, 0.8799688242513555, 7.60977512470848E-4, 13.500104574851704, -0.006202514947842127, 0.0, 0.007755553240960875, 0.0015530382931211104, -7.150707036108827, 0.0, 23.018968469159972, 15.868261433051796, 1.0000133809806802, 0.0, 12.827401551789366, 13.827414932767592, 6.615000000000005
0.003195390781563127, 0.8812974782830667, 7.628433569940696E-4, 13.674287633869156, -0.006215854772463095, 0.0, 0.007798648022948329, 0.0015827932504871925, -7.1482609255057685, 0.0, 23.174886732912807, 16.02662580740674, 1.0000105583755774, 0.0, 12.951755140499984, 13.951765698872697, 6.615000000000003
0.003203206412825652, 0.8826133287522776, 7.647092015172913E-4, 13.849029755450843, -0.006229190038465305, 0.0, 0.007842036664448458, 0.0016128466259850219, -7.1458206455395565, 0.0, 23.333944372768496, 16.188123727226554, 1.0000078943887063, 0.0, 13.079017860979768, 14.079025755363649, 6.615000000000004
0.003211022044088177, 0.8839165130785408, 7.665750460405129E-4, 14.02431413395432, -0.006242520756705167, 0.0, 0.007885724954393325, 0.0016432041976896516, -7.143386171950363, 0.0, 23.496067916064465, 16.3526817441133, 1.0000053837085643, 0.0, 13.20911037012764, 14.209115753833453, 6.615000000000003
0.003218837675350702, 0.8852071666046133, 7.684408905637345E-4, 14.200123904542991, -0.006255846937993926, 0.0, 0.007929718545298232, 0.001673871607306629, -7.140957480582697, 0.0, 23.661184614426823, 16.520227133843616, 1.0000030211477426, 0.0, 13.341954283671095, 14.341957304815303, 6.615000000000004
0.0032266533066132273, 0.886485422619624, 7.703067350869562E-4, 14.376442145714265, -0.006269168593097855, 0.0, 0.007974022954619825, 0.001704854361523414, -7.138534547385135, 0.0, 23.829222440929524, 16.690687893542577, 1.000000801640677, 0.0, 13.47747216872182, 14.477472970358813, 6.615000000000002
0.003234468937875752, 0.8877514123820429, 7.721725796101778E-4, 14.55325188183086, -0.006282485732738447, 0.0, 0.008018643566091617, 0.0017361578333547761, -7.136117348410039, 0.0, 24.000110087283957, 16.863992738873705, 0.9999987202414601, 0.0, 13.61558753645764, 14.615586256696812, 6.615000000000002
0.0032422845691382775, 0.889005265142723, 7.740384241333994E-4, 14.730536085659281, -0.006295798367592608, 0.0, 0.008063585631066628, 0.001767787263476435, -7.133705859813284, 0.0, 24.173776960998055, 17.04007110118265, 0.9999967721216602, 0.0, 13.756224834830052, 14.75622160694647, 6.615000000000002
0.0032501002004008024, 0.8902471081675102, 7.75904268656621E-4, 14.908277680911752, -0.006309106508292852, 0.0, 0.008108854269847428, 0.0017997477615566415, -7.131300057853972, 0.0, 24.350153182565702, 17.21885312470946, 0.9999949525682064, 0.0, 13.899309441382435, 14.899304393945709, 6.615000000000002
0.0032579158316633277, 0.8914770667601435, 7.777701131798427E-4, 15.086459544793712, -0.0063224101654274925, 0.0, 0.008154454473015785, 0.001832044307590333, -7.1288999188941675, 0.0, 24.52916958262714, 17.400269663732214, 0.9999932569812732, 0.0, 14.044767656102819, 15.044760913080708, 6.615000000000002
0.0032657314629258526, 0.8926952642846645, 7.796359577030643E-4, 15.26506451055782, -0.006335709349540832, 0.0, 0.008200391102756756, 0.0018646817532180088, -7.1265054193986055, 0.0, 24.71075769915131, 17.584252279751897, 0.9999916808722354, 0.0, 14.192526694367414, 15.19251837523617, 6.615000000000002
0.003273547094188378, 0.8939018221878634, 7.815018022262859E-4, 15.444075370057917, -0.00634900407113336, 0.0, 0.008246668894169883, 0.0018976648230381865, -7.124116535934426, 0.0, 24.894849774609703, 17.770733238673547, 0.9999902198616254, 0.0, 14.342514679953023, 15.342504899810786, 6.615000000000002
0.003281362725450903, 0.8950968600216487, 7.833676467495076E-4, 15.62347487631152, -0.006362294340661932, 0.0, 0.008293292456587192, 0.0019309981159272085, -7.121733245170887, 0.0, 25.081378753143227, 17.959645507968848, 0.9999888696771385, 0.0, 14.494660638093112, 15.494649507764272, 6.615000000000002
0.0032891783567134277, 0.8962804954651502, 7.852334912727291E-4, 15.803245746062274, -0.006375580168539974, 0.0, 0.008340266274874684, 0.001964686106336537, -7.119355523879094, 0.0, 25.27027827774891, 18.150922753868077, 0.9999876261516676, 0.0, 14.648894488633475, 15.648882114781076, 6.615000000000002
0.0032969939879759526, 0.8974528443469219, 7.870993357959507E-4, 15.98337066235031, -0.006388861565137662, 0.0, 0.008387594710741055, 0.001998733145605426, -7.11698334893172, 0.0, 25.461482687437016, 18.34449933850197, 0.9999864852213659, 0.0, 14.805147039206371, 15.805133524421821, 6.615000000000001
0.003304809619238478, 0.8986140206667272, 7.889651803191723E-4, 16.163832277081667, -0.006402138540782117, 0.0, 0.008435282004023728, 0.002033143463243882, -7.114616697302723, 0.0, 25.654927014425656, 18.540310317122216, 0.9999854429237439, 0.0, 14.96334997852748, 15.963335421447631, 6.615000000000002
0.003312625250501003, 0.8997641366174711, 7.90831024842394E-4, 16.34461321360054, -0.006415411105757587, 0.0, 0.008483332273989251, 0.0020679211682335177, -7.11225554606708, 0.0, 25.85054698129837, 18.738291435229808, 0.9999844953957912, 0.0, 15.123435869692816, 16.123420365084783, 6.615000000000001
0.003320440881763528, 0.900903302606865, 7.926968693656156E-4, 16.525696069269642, -0.006428679270305643, 0.0, 0.008531749520610227, 0.0021030702503063575, -7.1098998724004945, 0.0, 26.048278998183644, 18.938379125782696, 0.9999836388721381, 0.0, 15.285338143581724, 16.28532178245117, 6.615
0.003328256513026053, 0.9020316272790108, 7.945627138888372E-4, 16.707063418050595, -0.006441943044625362, 0.0, 0.008580537625853223, 0.0021385945812299467, -7.107549653579133, 0.0, 26.248060159928436, 19.140510506349187, 0.999982869683237, 0.0, 15.44899109229323, 16.448973961973728, 6.615000000000001
0.0033360721442885783, 0.903149217535866, 7.964285584120588E-4, 16.888697813081038, -0.006455202438873514, 0.0, 0.008629700354948026, 0.002174497916076268, -7.105204866979339, 0.0, 26.449828243281306, 19.344623376298497, 0.9999821842535711, 0.0, 15.614329862668033, 16.61431204691593, 6.615000000000001
0.003343887775551103, 0.9042561785585228, 7.982944029352805E-4, 17.07058178926337, -0.006468457463164754, 0.0, 0.00867924135765969, 0.0022107838944971925, -7.102865490077356, 0.0, 26.65352170404578, 19.550656213965265, 0.9999815790999105, 0.0, 15.781290449828486, 16.781272028922416, 6.615000000000001
0.0033517034068136285, 0.9053526138285264, 8.001602474585021E-4, 17.25269786584738, -0.0064817081275717996, 0.0, 0.00872916416955375, 0.0022474560419837863, -7.100531500449055, 0.0, 26.85907967427819, 19.75854817382866, 0.9999810508295607, 0.0, 15.949809690822203, 16.949790741649, 6.615000000000001
0.0033595190380761534, 0.9064386251489138, 8.020260919817237E-4, 17.43502854902033, -0.006494954442125622, 0.0, 0.00877947221325414, 0.002284517771130354, -7.09820287576965, 0.0, 27.0664419594444, 19.968239083672213, 0.999980596138676, 0.0, 16.11982525828326, 17.11980585441711, 6.615
0.0033673346693386783, 0.9075143126651191, 8.038919365049454E-4, 17.617556334492406, -0.006508196416815635, 0.0, 0.008830168799696038, 0.0023219723828825922, -7.095879593813427, 0.0, 27.27554903560322, 20.17966944178803, 0.9999802118105814, 0.0, 16.29127565417502, 17.291255865981118, 6.615
0.0033751503006012036, 0.9085797748859274, 8.05757781028167E-4, 17.80026371009106, -0.00652143406158987, 0.0, 0.00888125712937609, 0.002359823067788362, -7.093561632453461, 0.0, 27.486342046578883, 20.392780414121564, 0.9999798947141163, 0.0, 16.46410020357318, 17.464080098280782, 6.615
0.0033829659318637285, 0.9096351087041374, 8.076236255513886E-4, 17.98313315834534, -0.006534667386355164, 0.0, 0.008932740293596225, 0.002398072907243372, -7.091248969661347, 0.0, 27.69876280112327, 20.60751383145895, 0.9999796418020096, 0.0, 16.63823904849335, 17.638218690289523, 6.615000000000001
0.003390781563126254, 0.910680409417201, 8.094894700746102E-4, 18.166147159084602, -0.00654789640097735, 0.0, 0.008984621275699413, 0.002436724874724419, -7.0889415835069025, 0.0, 27.912753770117913, 20.823812186609295, 0.9999794501093017, 0.0, 16.813633141814613, 17.81361259191929, 6.615
0.0033985971943887787, 0.9117157707476506, 8.113553145978319E-4, 18.34928819202628, -0.006561121115281428, 0.0, 0.00903690295230454, 0.002475781837024925, -7.086639452157919, 0.0, 28.128258083717824, 21.041618631558052, 0.9999793167517392, 0.0, 16.990224241191136, 17.990203557938788, 6.615
0.0034064128256513036, 0.9127412848635443, 8.132211591210534E-4, 18.53253873936464, -0.0065743415390517555, 0.0, 0.009089588094532593, 0.002515246555482846, -7.084342553879857, 0.0, 28.345219528543282, 21.260876974660626, 0.9999792389242576, 0.0, 17.16795490306697, 18.16793414198596, 6.615
0.003414228456913829, 0.9137570423985826, 8.150870036442751E-4, 18.71588128836865, -0.006587557682032232, 0.0, 0.009142679369229148, 0.0025551216871988122, -7.082050867035594, 0.0, 28.563582544850828, 21.48153167781339, 0.9999792138994354, 0.0, 17.346768476718236, 18.3467476906135, 6.614999999999999
0.0034220440881763538, 0.914763132472393, 8.169528481674967E-4, 18.89929833396846, -0.00660076955392647, 0.0, 0.009196179340183047, 0.0025954097862589537, -7.079764370085117, 0.0, 28.783292223698822, 21.703527853612744, 0.9999792390260165, 0.0, 17.526609098337357, 18.526588337359502, 6.615
0.0034298597194388786, 0.9157596427103327, 8.188186926907183E-4, 19.082772381349145, -0.006613977164397984, 0.0, 0.009250090469334608, 0.0026361133049387156, -7.077483041585277, 0.0, 29.004294304137613, 21.926811262550107, 0.9999793117274052, 0.0, 17.7074216851969, 18.707400996919517, 6.614999999999999
0.003437675350701404, 0.9167466592634992, 8.206845372139399E-4, 19.26628594853773, -0.006627180523070372, 0.0, 0.009304415117985548, 0.0026772345949171925, -7.075206860189483, 0.0, 29.226535170369424, 22.151328310176865, 0.9999794295002497, 0.0, 17.889151929822237, 18.889131359316956, 6.614999999999999
0.003445490981963929, 0.917724266828434, 8.225503817371615E-4, 19.44982156899303, -0.006640379639527487, 0.0, 0.009359155547996358, 0.0027187759084706664, -7.072935804647449, 0.0, 29.449961848928233, 22.37702604427973, 0.9999795899129766, 0.0, 18.071746294240192, 19.071725884149934, 6.614999999999998
0.003453306613226454, 0.9186925486667705, 8.244162262603832E-4, 19.633361794193434, -0.006653574523313626, 0.0, 0.009414313922986486, 0.0027607393996749025, -7.070669853804893, 0.0, 29.67452200585543, 22.603852152046386, 0.9999797906044146, 0.0, 18.255152004259813, 19.2551317948576, 6.615
0.003461122244488979, 0.9196515866246668, 8.262820707836048E-4, 19.816889196219364, -0.006666765183933707, 0.0, 0.009469892309522422, 0.0028031271255904225, -7.0684089866032815, 0.0, 29.900163943866247, 22.831754957259434, 0.9999800292823925, 0.0, 18.439317043797793, 19.439297073074584, 6.615
0.0034689378757515044, 0.9206014611523066, 8.281479153068264E-4, 20.00038637034413, -0.006679951630853437, 0.0, 0.009525892678302304, 0.002845941047450999, -7.066153182079536, 0.0, 30.126836599538866, 23.060683417457863, 0.9999803037223729, 0.0, 18.624190149269186, 19.62417045298752, 6.615
0.0034767535070140292, 0.921542251323042, 8.30013759830048E-4, 20.183835937606176, -0.006693133873499506, 0.0, 0.009582316905338381, 0.002889183031840388, -7.06390241936576, 0.0, 30.354489540468645, 23.290587121101243, 0.9999806117661308, 0.0, 18.809720803983556, 19.809701415746222, 6.614999999999999
0.0034845691382765546, 0.9224740348526759, 8.318796043532697E-4, 20.367220547395846, -0.00670631192125975, 0.0, 0.009639166773128843, 0.002932854851871232, -7.061656677688967, 0.0, 30.5830729624608, 23.5214162847694, 0.9999809513204072, 0.0, 18.9958592326295, 19.995840183944896, 6.614999999999998
0.0034923847695390794, 0.9233968881183003, 8.337454488764913E-4, 20.550522880026847, -0.006719485783483342, 0.0, 0.009696443971830587, 0.00297695818834931, -7.059415936370793, 0.0, 30.81253768669214, 23.753121750318513, 0.9999813203556388, 0.0, 19.18255639576339, 20.182537716113718, 6.614999999999999
0.0035002004008016048, 0.9243108861773803, 8.356112933997129E-4, 20.733725649316654, -0.006732655469480954, 0.0, 0.009754150100419828, 0.0030214946309404384, -7.0571801748272325, 0.0, 31.042835156892714, 23.9856549820639, 0.9999817169046455, 0.0, 19.36976398436854, 20.369745701269732, 6.615
0.0035080160320641296, 0.9252161027863317, 8.374771379229346E-4, 20.916811605146904, -0.006745820988524938, 0.0, 0.009812286667853852, 0.003066465679331408, -7.054949372568342, 0.0, 31.273917436511606, 24.218968063941684, 0.9999821390614039, 0.0, 19.55743441443204, 20.557416553488885, 6.614999999999999
0.003515831663326655, 0.9261126104193929, 8.393429824461562E-4, 21.099763536040257, -0.006758982349849509, 0.0, 0.009870855094224383, 0.0031118727443772004, -7.052723509197981, 0.0, 31.50573720590098, 24.45301369669952, 0.99998258497979, 0.0, 19.74552082158446, 20.745503406558, 6.615000000000001
0.0035236472945891794, 0.9270004802869631, 8.412088269693777E-4, 21.282564271720446, -0.006772139562650907, 0.0, 0.009929856711904772, 0.0031577171492557232, -7.0505025644135255, 0.0, 31.738247759485777, 24.687745195070704, 0.999983052872359, 0.0, 19.933977055766395, 20.933960108634995, 6.614999999999999
0.003531462925851705, 0.9278797823541161, 8.430746714925995E-4, 21.465196685671174, -0.006785292636087584, 0.0, 0.00998929276669333, 0.00320400013060744, -7.048286518005588, 0.0, 31.97140300292997, 24.9231164849226, 0.9999835410091601, 0.0, 20.1227576759294, 21.12274121693477, 6.615
0.0035392785571142296, 0.92875058535888, 8.44940516015821E-4, 21.64764369769327, -0.006798441579280365, 0.0, 0.010049164418951081, 0.0032507228396732174, -7.046075349857746, 0.0, 32.20515745032996, 25.159082100468645, 0.9999840477165407, 0.0, 20.311817944803263, 21.311801992513274, 6.615
0.0035470941883767545, 0.9296129568303519, 8.468063605390426E-4, 21.829888276458064, -0.006811586401312631, 0.0, 0.01010947274473746, 0.0032978863434270644, -7.043869039946265, 0.0, 32.43946622136475, 25.39559718141409, 0.9999845713759877, 0.0, 20.501113823654638, 21.501098395023583, 6.615
0.00355490981963928, 0.930466963106799, 8.486722050622642E-4, 22.011913442050513, -0.006824727111230487, 0.0, 0.010170218736932107, 0.0033454916257034673, -7.041667568339809, 0.0, 32.67428503849032, 25.63261747014823, 0.9999851104229857, 0.0, 20.690601967137752, 21.690587077556287, 6.615
0.0035627254509018047, 0.9313126693535152, 8.505380495854859E-4, 22.193702268512084, -0.006837863718042934, 0.0, 0.010231403306360631, 0.00339353958831963, -7.039470915199184, 0.0, 32.909570224103426, 25.8700993089029, 0.9999856633458933, 0.0, 20.880239718140803, 21.880225381483086, 6.614999999999999
0.00357054108216433, 0.9321501395806828, 8.524038941087075E-4, 22.375237886379523, -0.006850996230722044, 0.0, 0.010293027282911801, 0.003442031052191208, -7.037279060777037, 0.0, 33.14527869771936, 26.107999636939986, 0.9999862286848294, 0.0, 21.069985102686676, 22.069971331367462, 6.614999999999999
0.003578356713426855, 0.9329794366610404, 8.542697386319291E-4, 22.55650348521698, -0.006864124658203127, 0.0, 0.010355091416645118, 0.003490966758443459, -7.035091985417593, 0.0, 33.38136797313598, 26.346275987717487, 0.999986805030589, 0.0, 21.2597968248611, 22.259783629889068, 6.615
0.0035861723446893802, 0.9338006223473876, 8.561355831551507E-4, 22.73748231613871, -0.006877249009384907, 0.0, 0.010417596378902674, 0.0035403473695194976, -7.032909669556378, 0.0, 33.61779615563176, 26.584886486071728, 0.9999873910235652, 0.0, 21.449634261799137, 22.449621652817033, 6.615
0.003593987975951905, 0.9346137572900499, 8.580014276783724E-4, 22.91815769433373, -0.006890369293129683, 0.0, 0.010480542763405057, 0.0035901734702763755, -7.030732093719936, 0.0, 33.854521939111905, 26.82378984539165, 0.9999879853526882, 0.0, 21.63945745866706, 22.63944544401826, 6.615
0.0036018036072144304, 0.9354189010542482, 8.59867272201594E-4, 23.098513001576862, -0.00690348551826351, 0.0, 0.01054393108734987, 0.0036404455690874915, -7.02855923852555, 0.0, 34.09150460329937, 27.062945364770528, 0.999988586754398, 0.0, 21.829227123714283, 22.82921571046407, 6.615
0.0036096192384769553, 0.9362161121371588, 8.617331167248156E-4, 23.278531688737075, -0.006916597693576361, 0.0, 0.010607761792501336, 0.0036911640989265443, -7.026391084680971, 0.0, 34.32870401090584, 27.302312926222942, 0.9999891940116202, 0.0, 22.018904623343484, 23.01889381735135, 6.614999999999999
0.0036174348697394806, 0.9370054479850982, 8.635989612480373E-4, 23.4581972782822, -0.006929705827822292, 0.0, 0.010672035246274497, 0.0037423294184536077, -7.024227612984127, 0.0, 34.566080604805805, 27.541852991817986, 0.9999898059527462, 0.0, 22.20845197721724, 23.208441783164663, 6.614999999999999
0.0036252505010020055, 0.9377869650103969, 8.654648057712589E-4, 23.637493366767842, -0.006942809929719623, 0.0, 0.010736751742817227, 0.003793941813100027, -7.022068804322874, 0.0, 34.80359540520263, 27.781526600875534, 0.9999904214506545, 0.0, 22.397831853385902, 23.397822274829533, 6.615
0.003633066132264531, 0.9385607186082832, 8.673306502944805E-4, 23.81640362733026, -0.006955910007951089, 0.0, 0.01080191150408405, 0.0038460014961348987, -7.019914639674682, 0.0, 35.04121000681693, 28.021295367138425, 0.9999910394217292, 0.0, 22.587007563473637, 23.586998602889306, 6.615
0.0036408817635270557, 0.9393267631735154, 8.691964948177021E-4, 23.994911812163963, -0.006969006071164021, 0.0, 0.010867514680902912, 0.003898508609740642, -7.017765100106384, 0.0, 35.27888657605112, 28.26112147594183, 0.9999916588249081, 0.0, 22.775943057874404, 23.77593471669439, 6.615
0.003648697394789581, 0.9400851521170153, 8.710623393409238E-4, 24.173001754995028, -0.0069820981279705065, 0.0, 0.01093356135404265, 0.003951463226074037, -7.0156201667738864, 0.0, 35.51658784816756, 28.50096768139091, 0.9999922786607374, 0.0, 22.964602920986156, 23.96459519964196, 6.614999999999999
0.0036565130260521055, 0.940835937882301, 8.729281838641453E-4, 24.350657373545175, -0.00699518618694755, 0.0, 0.011000051535270908, 0.004004865348325171, -7.013479820921899, 0.0, 35.75427712445843, 28.74079730353227, 0.999992897970424, 0.0, 23.152952366472555, 24.15294526443663, 6.615
0.003664328657314631, 0.9415791719618329, 8.747940283873669E-4, 24.527862671991016, -0.007008270256637254, 0.0, 0.011066985168405055, 0.004058714911769193, -7.011344043883645, 0.0, 35.99191826942189, 28.980574225537083, 0.9999935158349549, 0.0, 23.340957232563394, 24.340950748395606, 6.614999999999999
0.0036721442885771557, 0.9423149049132327, 8.766598729105885E-4, 24.704601743411246, -0.007021350345546963, 0.0, 0.01113436213036513, 0.004113011784819889, -7.009212817080598, 0.0, 36.229475707937794, 29.220262890858212, 0.9999941313741744, 0.0, 23.528583977376357, 24.528578108749585, 6.615
0.003679959919839681, 0.9430431863753328, 8.785257174338102E-4, 24.8808587722242, -0.007034426462149451, 0.0, 0.011202182232212143, 0.0041677557700633555, -7.007086122022196, 0.0, 36.466914422449854, 29.459828300425897, 0.9999947437459002, 0.0, 23.715799674285257, 24.71579441802864, 6.614999999999999
0.003687775551102206, 0.943764065084197, 8.803915619570318E-4, 25.056618036629573, -0.007047498614883063, 0.0, 0.011270445220186873, 0.004222946605305353, -7.004963940305565, 0.0, 36.70419995010845, 29.699236009803194, 0.9999953521450604, 0.0, 23.90257200727165, 24.902567359415265, 6.615000000000001
0.0036955911823647308, 0.9444775888889387, 8.822574064802534E-4, 25.231863911011033, -0.00706056681215189, 0.0, 0.011339150776747464, 0.004278583964596475, -7.0028462536152425, 0.0, 36.94129837999249, 29.938452126374283, 0.9999959558028294, 0.0, 24.088869266379536, 25.088865222178384, 6.614999999999999
0.003703406813627256, 0.9451838047675063, 8.841232510034751E-4, 25.406580868374533, -0.007073631062325939, 0.0, 0.011408298521587534, 0.004334667459262642, -7.000733043722904, 0.0, 37.17817635023861, 30.177443306510867, 0.9999965539857935, 0.0, 24.274660343121756, 25.274656897101522, 6.615
0.003711222444889781, 0.9458827588421683, 8.859890955266967E-4, 25.58075348272763, -0.007086691373741277, 0.0, 0.011477888012664625, 0.004391196638924344, -6.998624292487068, 0.0, 37.41480104524064, 30.41617675275406, 0.9999971459951169, 0.0, 24.45991472596678, 25.45991187196126, 6.615
0.0037190380761523063, 0.9465744963951204, 8.878549400499183E-4, 25.75436643149129, -0.007099747754700207, 0.0, 0.01154791874721578, 0.0044481709925167645, -6.99651998185285, 0.0, 37.65114019282406, 30.65462021096916, 0.9999977311657129, 0.0, 24.644602495836633, 25.64460022699895, 6.615
0.003726853707414831, 0.9472590618837338, 8.8972078457314E-4, 25.927404497876637, -0.007112800213471424, 0.0, 0.011618390162766765, 0.004505589949297062, -6.994420093851649, 0.0, 37.8871620614044, 30.892741967550645, 0.9999983088654705, 0.0, 24.828694321616908, 25.82869263047834, 6.615
0.0037346693386773565, 0.9479364989558943, 8.915866290963616E-4, 26.099852573255134, -0.007125848758290179, 0.0, 0.011689301638136876, 0.00456345287984844, -6.992324610600899, 0.0, 38.12283545718183, 31.13051084658074, 0.9999988784944323, 0.0, 25.01216145572873, 26.012160334221026, 6.615
0.0037424849699398814, 0.9486068504650849, 8.934524736195832E-4, 26.271695659529087, -0.0071388933973584355, 0.0, 0.011760652494449533, 0.004621759097093489, -6.990233514303773, 0.0, 38.35812972128964, 31.367896206983605, 0.9999994394840452, 0.0, 25.19497572966835, 26.194975169147455, 6.615
0.0037503006012024067, 0.9492701584853078, 8.953183181428048E-4, 26.442918871478582, -0.007151934138845029, 0.0, 0.011832441996112525, 0.004680507857269117, -6.988146787248917, 0.0, 38.59301472699413, 31.604867939743293, 0.999999991296367, 0.0, 25.37710954965224, 26.377109540944883, 6.615
0.0037581162324649316, 0.9499264643260528, 8.971841626660265E-4, 26.613507439108048, -0.007164970990885828, 0.0, 0.011904669351818428, 0.0047396983609343385, -6.986064411810164, 0.0, 38.82746087685517, 31.8413964650428, 1.0000005334233404, 0.0, 25.55853589221977, 26.55853642563897, 6.615
0.003765931863727457, 0.950575808547057, 8.990500071892481E-4, 26.78344670996563, -0.007178003961583896, 0.0, 0.011977333715530739, 0.004799329753948117, -6.983986370446261, 0.0, 39.06143909989804, 32.07745272944979, 1.0000010653860383, 0.0, 25.739228299882402, 26.739229365265036, 6.615
0.0037737474949899813, 0.9512182309727901, 9.009158517124696E-4, 26.952722151478156, -0.007191033059009642, 0.0, 0.01205043418745362, 0.004859401128446156, -6.981912645700592, 0.0, 39.294920848800054, 32.31300820309541, 1.0000015867339414, 0.0, 25.919160876824826, 26.919162463552297, 6.615
0.0037815631262525067, 0.9518537707071553, 9.027816962356912E-4, 27.121319353245383, -0.007204058291200986, 0.0, 0.012123969815019592, 0.004919911523820611, -6.979843220200897, 0.0, 39.527878097047726, 32.54803487684332, 1.0000020970442205, 0.0, 26.098308284575193, 27.098310381613675, 6.615000000000001
0.0037893787575150315, 0.9524824661476932, 9.046475407589129E-4, 27.289224029336538, -0.00721707966616351, 0.0, 0.01219793959384663, 0.004980859927685183, -6.977778076658998, 0.0, 39.76028333612736, 32.78250525946649, 1.0000025959210315, 0.0, 26.27664573776091, 27.276648333677784, 6.615
0.003797194388777557, 0.9531043549999514, 9.065133852821345E-4, 27.456422020579623, -0.007230097191870621, 0.0, 0.012272342468708092, 0.005042245276839011, -6.975717197870517, 0.0, 39.99210957269159, 33.01639237481841, 1.0000030829948277, 0.0, 26.45414899984405, 27.454152082834508, 6.615000000000001
0.0038050100200400817, 0.9537194742916837, 9.083792298053561E-4, 27.622899296824812, -0.007243110876263695, 0.0, 0.012347177334493545, 0.005104066458230028, -6.973660566714602, 0.0, 40.22333032572263, 33.24966975900912, 1.0000035579216688, 0.0, 26.630794378881077, 27.63079793680365, 6.615
0.003812825651302607, 0.9543278603866638, 9.102450743285778E-4, 27.78864195920403, -0.00725612072725225, 0.0, 0.012422443037153133, 0.005166322309903784, -6.9716081661536515, 0.0, 40.45391962373388, 33.48231145757919, 1.0000040203825595, 0.0, 26.80655872335628, 27.806562743734617, 6.615000000000002
0.003820641282565132, 0.9549295489987637, 9.121109188517994E-4, 27.95363624238047, -0.007269126752714091, 0.0, 0.012498138374657825, 0.005229011621945612, -6.969559979233033, 0.0, 40.68385200191845, 33.71429202268397, 1.00000447008279, 0.0, 26.981419417961494, 27.98142388804077, 6.615
0.0038284569138276573, 0.9555245752056689, 9.13976763375021E-4, 28.117868516772035, -0.007282128960495456, 0.0, 0.012574262097931374, 0.005292133137436816, -6.9675159890808045, 0.0, 40.9131024993296, 33.94558651024789, 1.0000049067512788, 0.0, 27.155354379455428, 28.15535928620482, 6.615
0.003836272545090182, 0.9561129734625369, 9.158426078982426E-4, 28.281325290773395, -0.00729512735841119, 0.0, 0.012650812911794068, 0.005355685553383824, -6.965476178907438, 0.0, 41.141646656067394, 34.17617047715482, 1.00000533013995, 0.0, 27.328342052532644, 28.32834738266643, 6.615000000000002
0.0038440881763527075, 0.9566947776154708, 9.177084524214643E-4, 28.443993212963107, -0.0073081219542448835, 0.0, 0.012727789475889817, 0.005419667521647159, -6.963440532005547, 0.0, 41.36946051043004, 34.40601997842283, 1.0000057400230937, 0.0, 27.500361405691176, 28.50036714571019, 6.615000000000001
0.0038519038076152323, 0.9572700209150713, 9.195742969446859E-4, 28.605859074287537, -0.00732111275574903, 0.0, 0.012805190405623057, 0.005484077649874103, -6.961409031749602, 0.0, 41.59652059611377, 34.6351115643623, 1.0000061361967543, 0.0, 27.671391927153905, 28.671398063348708, 6.615000000000002
0.0038597194388777572, 0.9578387360295002, 9.214401414679075E-4, 28.766909810241657, -0.007334099770645182, 0.0, 0.012883014273065443, 0.005548914502421662, -6.95938166159566, 0.0, 41.82280393937067, 34.863422277770404, 1.0000065184781277, 0.0, 27.84141362079604, 28.841420139268035, 6.615000000000001
0.0038675350701402825, 0.9584009550579182, 9.233059859911292E-4, 28.927132503027337, -0.007347083006624095, 0.0, 0.012961259607886452, 0.005614176601264523, -6.957358405081071, 0.0, 42.048288056176, 35.09092965109248, 1.0000068867049643, 0.0, 28.01040700207117, 29.010413888771346, 6.615
0.0038753507014028074, 0.958956709543286, 9.251718305143508E-4, 29.086514383706685, -0.007360062471345883, 0.0, 0.013039924898256658, 0.005679862426914067, -6.955339245824226, 0.0, 42.27295094943228, 35.31761170360259, 1.0000072407349727, 0.0, 28.178353094018664, 29.178360334744614, 6.615
0.0038831663326653327, 0.9595060304854259, 9.270376750375724E-4, 29.245042834327933, -0.007373038172440176, 0.0, 0.0131190085917572, 0.005745970419319346, -6.953324167524257, 0.0, 42.496771106101384, 35.54344693857661, 1.0000075804452626, 0.0, 28.34523342320679, 29.34524100364903, 6.615000000000001
0.003890981963927857, 0.9600489483537795, 9.289035195607939E-4, 29.402705390042172, -0.007386010117506256, 0.0, 0.013198509096273542, 0.00581249897876987, -6.951313153960774, 0.0, 42.719727494421555, 35.76841434045904, 1.0000079057317592, 0.0, 28.51103001579203, 29.511037921519268, 6.615
0.0038987975951903825, 0.9605854931000692, 9.307693640840156E-4, 29.55948974121037, -0.007398978314113224, 0.0, 0.013278424780903561, 0.0058794464667909635, -6.949306188993571, 0.0, 42.941799561046764, 35.99249337205466, 1.000008216508667, 0.0, 28.675725393499295, 29.675733610008756, 6.615000000000001
0.003906613226452907, 0.9611156941708354, 9.326352086072372E-4, 29.715383735483442, -0.007411942769800129, 0.0, 0.013358753976830923, 0.005946811207032401, -6.947303256562374, 0.0, 43.162967228248085, 36.215663971682346, 1.0000085127078957, 0.0, 28.83930256971521, 29.839311082418007, 6.615000000000001
0.003914428857715433, 0.9616395805199947, 9.345010531304588E-4, 29.870375379879363, -0.007424903492076144, 0.0, 0.013439494978227745, 0.006014591486153104, -6.945304340686534, 0.0, 43.38321089105449, 36.437906550369, 1.0000087942785545, 0.0, 29.001745045502837, 30.001753839780832, 6.615000000000001
0.003922244488977958, 0.962157180621031, 9.363668976536804E-4, 30.02445284282112, -0.007437860488420683, 0.0, 0.013520646043119977, 0.006082785554700293, -6.94330942546477, 0.0, 43.602511414466186, 36.65920198900192, 1.0000090611863977, 0.0, 29.163036805742195, 30.16304586692803, 6.615000000000001
0.0039300601202404825, 0.9626685224791101, 9.382327421769021E-4, 30.17760445620081, -0.007450813766283574, 0.0, 0.013602205394265598, 0.006151391627984323, -6.941318495074888, 0.0, 43.82085013061153, 36.87953163553644, 1.0000093134133141, 0.0, 29.323162315213455, 30.323171628624117, 6.615
0.003937875751503008, 0.9631736336433971, 9.400985867001237E-4, 30.32981871736945, -0.007463763333085196, 0.0, 0.01368417122003307, 0.006220407886949553, -6.939331533773493, 0.0, 44.03820883590073, 37.09887730212722, 1.0000095509568212, 0.0, 29.482106514689505, 30.482116065644515, 6.615000000000002
0.003945691382765533, 0.9636725412187248, 9.419644312233453E-4, 30.481084291167576, -0.007476709196216619, 0.0, 0.013766541675243646, 0.006289832479029339, -6.937348525895729, 0.0, 44.254569788234036, 37.31722126233743, 1.0000097738295455, 0.0, 29.639854817133912, 30.639864590960123, 6.615
0.003953507014028058, 0.9641652718776736, 9.43830275746567E-4, 30.63139001189211, -0.0074896513630397675, 0.0, 0.013849314882056749, 0.006359663519019468, -6.93536945585498, 0.0, 44.469915704157, 37.53454624829828, 1.0000099820587627, 0.0, 29.796393103812388, 30.79640308586476, 6.615
0.003961322645290583, 0.9646518518720275, 9.456961202697886E-4, 30.780724885280392, -0.00750258984088755, 0.0, 0.013932488930798265, 0.006429899089913538, -6.933394308142611, 0.0, 44.68422975603155, 37.7508354478872, 1.0000101756858815, 0.0, 29.951707720492696, 30.951717896173847, 6.615000000000002
0.003969138276553108, 0.9651323070445672, 9.475619647930102E-4, 30.92907809045056, -0.007515524637064021, 0.0, 0.01401606188082602, 0.0065005372437635656, -6.931423067327682, 0.0, 44.89749556922989, 37.96607250189777, 1.0000103547659813, 0.0, 30.105785473639724, 31.10579582839962, 6.615000000000001
0.0039769539078156335, 0.9656066628403481, 9.494278093162318E-4, 31.076438981839885, -0.0075284557588445, 0.0, 0.014100031761363652, 0.006571576002520146, -6.929455718056672, 0.0, 45.10969721928418, 38.1802415012253, 1.0000105193673359, 0.0, 30.258613626611304, 31.25862414597537, 6.615000000000003
0.003984769539078159, 0.9660749443182195, 9.512936538394535E-4, 31.222797091125074, -0.007541383213475742, 0.0, 0.014184396572337471, 0.0066430133588640805, -6.927492245053201, 0.0, 45.320819229075816, 38.39332698402084, 1.0000106695709652, 0.0, 30.410179895901706, 31.410190565468433, 6.615000000000001
0.003992585170340683, 0.9665371761618546, 9.531594983626751E-4, 31.36814212910997, -0.007554307008176067, 0.0, 0.014269154285216773, 0.0067148472770431344, -6.925532633117748, 0.0, 45.53084656600826, 38.60531393288744, 1.0000108054701866, 0.0, 30.560472447376345, 31.560483252840918, 6.615000000000002
0.004000400801603209, 0.9669933826909394, 9.550253428858967E-4, 31.512463987609863, -0.007567227150135509, 0.0, 0.01435430284383063, 0.006787075693696687, -6.9235768671273865, 0.0, 45.739764639170296, 38.816187772043676, 1.000010927170147, 0.0, 30.709479892532286, 31.709490819701557, 6.615000000000002
0.004008216432865733, 0.9674435878721446, 9.568911874091183E-4, 31.65575274131288, -0.007580143646515953, 0.0, 0.014439840165192591, 0.006859696518679126, -6.921624932035492, 0.0, 45.94755929652994, 39.0259343644927, 1.0000110347874178, 0.0, 30.857191284791902, 31.85720231957497, 6.615000000000001
0.004016032064128258, 0.9678878153299921, 9.587570319323399E-4, 31.79799864961558, -0.007593056504451283, 0.0, 0.014525764140322861, 0.006932707635872781, -6.919676812871475, 0.0, 46.1542168220892, 39.23454000921465, 1.000011128449542, 0.0, 31.0035961157704, 32.003607244215615, 6.615000000000003
0.004023847695390784, 0.9683260883574771, 9.606228764555615E-4, 31.939192158447327, -0.0076059657310475195, 0.0, 0.014612072635047602, 0.007006106904001441, -6.917732494740495, 0.0, 46.359723933069894, 39.44199143832639, 1.0000112082946377, 0.0, 31.148684311608672, 32.14869551989888, 6.615000000000001
0.004031663326653309, 0.9687584299268157, 9.624887209787832E-4, 32.07932390206952, -0.0076188713333829585, 0.0, 0.014698763490818695, 0.007079892157437956, -6.915791962823189, 0.0, 46.5640677770755, 39.64827581424782, 1.0000112744709604, 0.0, 31.29244622927067, 32.29245750373483, 6.615000000000002
0.0040394789579158335, 0.9691848626998087, 9.643545655020048E-4, 32.21838470486324, -0.00763177331850832, 0.0, 0.014785834525502445, 0.007154061206995493, -6.913855202375391, 0.0, 46.76723592927894, 39.85338072690094, 1.0000113271365225, 0.0, 31.434872652909192, 32.43488398004168, 6.615000000000002
0.004047294589178359, 0.9696054090382105, 9.662204100252264E-4, 32.356365583082834, -0.007644671693446889, 0.0, 0.014873283534176468, 0.007228611840730675, -6.911922198727865, 0.0, 46.969216389604654, 40.05729419087461, 1.0000113664586736, 0.0, 31.575954790226774, 32.575966156682135, 6.615000000000002
0.004055110220440884, 0.9700200910140699, 9.68086254548448E-4, 32.493257746602694, -0.007657566465194639, 0.0, 0.014961108289929442, 0.007303541824736859, -6.909992937286001, 0.0, 47.16999757986608, 40.26000464257965, 1.0000113926137313, 0.0, 31.715684268798704, 32.71569566140989, 6.615000000000002
0.0040629258517034085, 0.9704289304197751, 9.699520990716697E-4, 32.62905260063684, -0.007670457640720384, 0.0, 0.015049306544633517, 0.007378848903913798, -6.908067403529567, 0.0, 47.36956834097731, 40.46150093744686, 1.0000114057865772, 0.0, 31.85405313250769, 32.8540645382927, 6.615000000000001
0.004070741482965934, 0.9708319487780388, 9.718179435948913E-4, 32.76374174743506, -0.007683345226965923, 0.0, 0.015137876029728714, 0.0074545308027645085, -6.9061455830124165, 0.0, 47.56791793010826, 40.66177234709506, 1.0000114061702978, 0.0, 31.99105383791875, 32.9910652440865, 6.615
0.004078557114228459, 0.971229167351741, 9.736837881181129E-4, 32.89731698797107, -0.007696229230846158, 0.0, 0.015226814456996668, 0.007530585226152464, -6.904227461362212, 0.0, 47.76503601787044, 40.860808556507095, 1.0000113939658015, 0.0, 32.1266792507045, 33.12669064466716, 6.615000000000001
0.0040863727454909845, 0.9716206071537323, 9.755496326413345E-4, 33.029770323588195, -0.007709109659249251, 0.0, 0.015316119519331928, 0.00760700986008353, -6.902313024280147, 0.0, 47.960912685473694, 41.058599661191714, 1.000011369381472, 0.0, 32.26092264205273, 33.260934011431495, 6.615000000000001
0.004094188376753509, 0.9720062889565191, 9.77415477164556E-4, 33.16109395764204, -0.007721986519036748, 0.0, 0.015405788891499794, 0.007683802372464965, -6.9004022575406765, 0.0, 48.15553842192301, 41.25513616437762, 1.0000113326327953, 0.0, 32.39377768513646, 33.39378901776257, 6.615000000000002
0.004102004008016034, 0.9723862333016999, 9.792813216877778E-4, 33.291280297115804, -0.007734859817043727, 0.0, 0.015495820230902124, 0.0077609604138599575, -6.898495146991224, 0.0, 48.34890412116042, 41.45040897416895, 1.0000112839420263, 0.0, 32.525238451529056, 33.52524973546924, 6.615000000000002
0.004109819639278559, 0.9727604605091744, 9.811471662109993E-4, 33.42032195420745, -0.007747729560078919, 0.0, 0.015586211178316406, 0.007838481618239745, -6.896591678551918, 0.0, 48.54100107929288, 41.64440940074184, 1.0000112235378396, 0.0, 32.65529940774106, 33.65531063127747, 6.615000000000002
0.004117635270541085, 0.9731289906868161, 9.83013010734221E-4, 33.54821174790084, -0.007760595754924863, 0.0, 0.015676959358667197, 0.007916363603743037, -6.894691838215315, 0.0, 48.731820991694, 41.837129153477626, 1.000011151654987, 0.0, 32.78395541160576, 33.78396656325897, 6.615000000000002
0.004125450901803609, 0.9734918437392985, 9.848788552574426E-4, 33.674942705516855, -0.007773458408338012, 0.0, 0.01576806238174283, 0.0079946039734059, -6.892795612046108, 0.0, 48.921355950244966, 42.02856033819486, 1.0000110685339791, 0.0, 32.911201708867594, 33.91121277739648, 6.615000000000002
0.004133266533066135, 0.973849039377094, 9.867446997806643E-4, 33.800508064231394, -0.007786317527048905, 0.0, 0.01585951784294798, 0.008073200315899753, -6.890902986180859, 0.0, 49.10959844046837, 42.21869545428479, 1.0000109744207664, 0.0, 33.037033929634646, 34.03704490405202, 6.615000000000004
0.004141082164328659, 0.9742005971255794, 9.886105443038858E-4, 33.92490127257895, -0.007799173117762268, 0.0, 0.015951323324030098, 0.008152150206270303, -6.889013946827718, 0.0, 49.296541338713425, 42.40752739188509, 1.0000108695664158, 0.0, 33.16144808491654, 34.16145895447984, 6.615000000000001
0.0041488977955911836, 0.9745465363337154, 9.904763888271073E-4, 34.048115991936015, -0.007812025187157166, 0.0, 0.016043476393812484, 0.008231451206656304, -6.887128480266156, 0.0, 49.48217790934196, 42.59504942907135, 1.000010754226787, 0.0, 33.28444056316383, 34.28445131738517, 6.615000000000002
0.00415671342685371, 0.9748868761826435, 9.92342233350329E-4, 34.17014609796138, -0.007824873741887128, 0.0, 0.01613597460890387, 0.00831110086701728, -6.885246572846672, 0.0, 49.66650180187539, 42.78125522902307, 1.000010628662247, 0.0, 33.40600812679934, 34.4060187554554, 6.615000000000002
0.004164529058116235, 0.9752216356942509, 9.942080778735508E-4, 34.2909856820479, -0.007837718788580274, 0.0, 0.016228815514424372, 0.008391096725845398, -6.883368210990518, 0.0, 49.84950704819847, 42.96613883720472, 1.000010493137372, 0.0, 33.52614790879662, 34.52615840192945, 6.615000000000001
0.0041723446893787595, 0.9755508337395908, 9.960739223967723E-4, 34.41062905270462, -0.00785056033383947, 0.0, 0.01632199664471301, 0.008471436310874936, -6.881493381189434, 0.0, 50.03118805971256, 43.14969467852395, 1.000010347920649, 0.0, 33.64485740923363, 34.6448677571537, 6.615000000000002
0.004180160320641284, 0.9758744890471625, 9.979397669199939E-4, 34.52907073695849, -0.007863398384242427, 0.0, 0.016415515524032698, 0.00855211713979176, -6.87962207000536, 0.0, 50.21153962452951, 43.33191755451935, 1.0000101932841794, 0.0, 33.762134491896134, 34.76214468517403, 6.615000000000003
0.00418797595190381, 0.9761926202111146, 9.998056114432156E-4, 34.64630548169839, -0.00787623294634186, 0.0, 0.016509369667270263, 0.00863313672092983, -6.877754264070155, 0.0, 50.39055690461445, 43.512802640545196, 1.0000100295034176, 0.0, 33.87797738084178, 34.877987410344666, 6.615000000000001
0.0041957915831663355, 0.9765052456992729, 0.0010016714559664373, 34.76232825502484, -0.0078890640266656, 0.0, 0.016603556580635476, 0.008714492553971553, -6.875889950085333, 0.0, 50.568235432992864, 43.69234548290608, 1.0000098568568894, 0.0, 33.992384657035636, 34.9923945138894, 6.615000000000002
0.00420360721442886, 0.9768123838609268, 0.0010035373004896589, 34.87713424753406, -0.007901891631716723, 0.0, 0.016698073762343002, 0.008796182130627689, -6.874029114821769, 0.0, 50.74457111091046, 43.87054199608576, 1.0000096756259107, 0.0, 34.10535525496224, 35.10536493058382, 6.615000000000002
0.004211422845691384, 0.9771140529348674, 0.0010054031450128804, 34.99071887361913, -0.007914715767973705, 0.0, 0.016792918703303655, 0.008878202935331203, -6.872171745119433, 0.0, 50.91956020499563, 44.04738845987737, 1.0000094860943485, 0.0, 34.216888459236856, 35.21689794533113, 6.615000000000002
0.0042192384769539105, 0.9774102710568773, 0.0010072689895361021, 35.103077772728625, -0.00792753644189052, 0.0, 0.016888088887800107, 0.008960552445912484, -6.870317827887111, 0.0, 51.09319934446598, 44.222881516575214, 1.0000092885483371, 0.0, 34.32698390128241, 35.326993189824215, 6.615000000000003
0.004227054108216435, 0.9777010562673842, 0.0010091348340593236, 35.214206810573046, -0.007940353659896773, 0.0, 0.016983581794165148, 0.00904322813426972, -6.868467350102125, 0.0, 51.26548551825714, 44.397018168153096, 1.000009083276039, 0.0, 34.43564155593214, 35.43565063920494, 6.615000000000004
0.00423486973947896, 0.9779864265187586, 0.0010110006785825454, 35.32410208036822, -0.00795316742839785, 0.0, 0.017079394895435557, 0.00912622746703906, -6.866620298810054, 0.0, 51.43641607225033, 44.56979577343982, 1.000008870567399, 0.0, 34.54286173816086, 35.54287060872647, 6.615000000000002
0.004242685370741485, 0.9782663996829228, 0.0010128665231057669, 35.43275990397649, -0.007965977753775012, 0.0, 0.017175525660045654, 0.009209547906270904, -6.86477666112446, 0.0, 51.605988706388096, 44.74121204526155, 1.0000086507138881, 0.0, 34.6486450996707, 35.648653750382245, 6.615000000000003
0.004250501002004011, 0.9785409935581413, 0.0010147323676289886, 35.540176833084615, -0.00797878464238556, 0.0, 0.017271971552448334, 0.009293186910064366, -6.862936424226607, 0.0, 51.77420147190378, 44.91126504767025, 1.000008424008293, 0.0, 34.752992625667986, 35.75300104966779, 6.615000000000002
0.004258316633266535, 0.978810225876388, 0.0010165982121522101, 35.646349650320644, -0.007991588100562918, 0.0, 0.017368730033796992, 0.009377141933234773, -6.861099575365187, 0.0, 51.94105276844715, 45.079953193079554, 1.0000081907444553, 0.0, 34.85590563148124, 35.855913822222604, 6.615000000000001
0.004266132264529061, 0.979074114310178, 0.0010184640566754319, 35.7512753703478, -0.008004388134616798, 0.0, 0.017465798562575213, 0.009461410427959283, -6.859266101856043, 0.0, 52.106541341306176, 45.24727523945011, 1.0000079512170623, 0.0, 34.95738575933233, 35.95739371054852, 6.615000000000002
0.004273947895791585, 0.9793326764793973, 0.0010203299011986534, 35.85495124094655, -0.008017184750833298, 0.0, 0.017563174595249503, 0.009545989844416625, -6.857435991081882, 0.0, 52.270666278546216, 45.413230287459704, 1.0000077057214234, 0.0, 35.057434975007226, 36.05744268072361, 6.615000000000001
0.004281763527054111, 0.9795859299580671, 0.0010221957457218751, 35.957374744052686, -0.008029977955475043, 0.0, 0.017660855586904528, 0.009630877631430668, -6.855609230492011, 0.0, 52.43342700817105, 45.577817777680025, 1.000007454553247, 0.0, 35.15605556457106, 36.15606301912413, 6.615000000000001
0.004289579158316636, 0.9798338922807277, 0.0010240615902450967, 36.058543596767436, -0.008042767754781296, 0.0, 0.01775883899186334, 0.009716071237083512, -6.853785807602054, 0.0, 52.59482329536972, 45.741037487766334, 1.000007198008435, 0.0, 35.25325013118828, 36.25325732919395, 6.615000000000002
0.004297394789579161, 0.9800765809492384, 0.0010259274347683184, 36.158455752364034, -0.008055554154968092, 0.0, 0.01785712226433714, 0.009801568109370024, -6.851965709993663, 0.0, 52.75485523958612, 45.90288952959401, 1.0000069363828792, 0.0, 35.349021591741675, 36.34902852812515, 6.615000000000003
0.004305210420841686, 0.9803140134387158, 0.00102779327929154, 36.25710940122042, -0.008068337162228352, 0.0, 0.017955702859019818, 0.00988736569679291, -6.850148925314264, 0.0, 52.91352327180059, 46.06337434648676, 1.0000066699722447, 0.0, 35.4433731737218, 36.44337984369307, 6.615000000000002
0.004313026052104211, 0.9805462072040596, 0.0010296591238147614, 36.35450297177613, -0.008081116782732019, 0.0, 0.018054578231721102, 0.00997346144899014, -6.848335441276762, 0.0, 53.070828151614286, 46.222492710334585, 1.0000063990717842, 0.0, 35.53630841188617, 36.53631481095398, 6.615000000000002
0.004320841683366736, 0.9807731796859649, 0.0010315249683379832, 36.45063513141906, -0.00809389302262616, 0.0, 0.01815374583997642, 0.010059852817352083, -6.8465252456592625, 0.0, 53.22677096447195, 46.38024571880678, 1.0000061239761477, 0.0, 35.627831145083825, 36.62783726905229, 6.615000000000002
0.004328657314629261, 0.9809949483166909, 0.0010333908128612047, 36.545504787372806, -0.008106665888035108, 0.0, 0.01825320314364154, 0.010146537255608462, -6.844718326304803, 0.0, 53.38135311882131, 46.53663479251658, 1.0000058449791907, 0.0, 35.71794551303574, 36.71795135801304, 6.615000000000002
0.004336472945891786, 0.9812115305262168, 0.0010352566573844264, 36.639111087521314, -0.008119435385060566, 0.0, 0.0183529476055031, 0.010233512220444246, -6.842914671121074, 0.0, 53.534576343309105, 46.691661672187195, 1.0000055623737778, 0.0, 35.80665595314056, 36.80666151551185, 6.615000000000002
0.00434428857715431, 0.9814229437477895, 0.001037122501907648, 36.73145342124599, -0.008132201519781735, 0.0, 0.018452976691869044, 0.010320775172088709, -6.841114268080131, 0.0, 53.68644268391534, 46.84532841583387, 1.0000052764516285, 0.0, 35.893967197242105, 36.89397247369104, 6.615000000000002
0.004352104208416837, 0.9816292054235625, 0.0010389883464308697, 36.8225314201967, -0.008144964298255447, 0.0, 0.01855328787315977, 0.01040832357490648, -6.83931710521814, 0.0, 53.836954501153336, 46.997637395933765, 1.0000049875031192, 0.0, 35.97988426846596, 36.97988925596557, 6.615000000000002
0.004359919839679361, 0.9818303330100395, 0.0010408541909540912, 36.912344959047914, -0.008157723726516252, 0.0, 0.018653878624488668, 0.010496154897973647, -6.837523170635068, 0.0, 53.98611446725106, 47.148591296612025, 1.0000046958171334, 0.0, 36.06441247805147, 37.064417173863454, 6.615000000000002
0.004367735470941886, 0.9820263439835175, 0.001042720035477313, 37.00089415623847, -0.008170479810576567, 0.0, 0.01875474642624339, 0.010584266615668053, -6.8357324524944305, 0.0, 54.13392556329509, 47.29819311080379, 1.0000044016808785, 0.0, 36.14755742214945, 37.147561823832284, 6.615000000000003
0.004375551102204411, 0.9822172558452493, 0.0010445858800005345, 37.088179374636866, -0.008183232556426778, 0.0, 0.018855888764665096, 0.010672656208240039, -6.833944939023011, 0.0, 54.28039107644518, 47.4464461374148, 1.000004105379725, 0.0, 36.22932497869604, 37.22932908406675, 6.615000000000001
0.004383366733466936, 0.9824030861266175, 0.001046451724523756, 37.17420122223757, -0.00819598197003537, 0.0, 0.018957303132404763, 0.010761321162369497, -6.832160618510564, 0.0, 54.42551459706209, 47.59335397855296, 1.000003807197072, 0.0, 36.309721304225484, 37.309725111423894, 6.615000000000003
0.0043911823647294615, 0.9825838523940904, 0.0010483175690469777, 37.25896055277781, -0.008208728057349025, 0.0, 0.019058987029097058, 0.010850258971747934, -6.830379479309562, 0.0, 54.56930001593359, 47.73892053662035, 1.0000035074141593, 0.0, 36.38875283076763, 37.3887563381782, 6.615000000000002
0.004398997995991987, 0.9827595722541425, 0.0010501834135701995, 37.342458466340645, -0.008221470824292766, 0.0, 0.019160937961915453, 0.010939467137624614, -6.828601509834906, 0.0, 54.71175152138487, 47.88315001154881, 1.000003206309948, 0.0, 36.46642626265125, 37.46642946895821, 6.615000000000002
0.004406813627254511, 0.9829302633578116, 0.001052049258093421, 37.42469630991775, -0.00823421027677004, 0.0, 0.019263153446118647, 0.011028943169350075, -6.8268266985636545, 0.0, 54.852873596526464, 48.026046897962466, 1.0000029041609448, 0.0, 36.54274857345639, 37.5427514776156, 6.615000000000002
0.0044146292585170365, 0.9830959434056883, 0.0010539151026166425, 37.505675677970885, -0.00824694642066287, 0.0, 0.019365631005607703, 0.011118684584945998, -6.825055034034727, 0.0, 54.9926710163718, 48.16761598233474, 1.0000026012411043, 0.0, 36.617727002829305, 37.61772960406697, 6.615000000000002
0.004422444889779562, 0.9832566301521162, 0.0010557809471398642, 37.58539841291224, -0.00825967926183194, 0.0, 0.019468368173462314, 0.011208688911632347, -6.823286504848653, 0.0, 55.13114884502634, 48.30786234017753, 1.0000022978216423, 0.0, 36.69136905339193, 37.69137135121154, 6.615000000000002
0.004430260521042087, 0.9834123414096814, 0.001057646791663086, 37.66386660559681, -0.008272408806116729, 0.0, 0.019571362492476346, 0.01129895368635972, -6.821521099667276, 0.0, 55.268312432886525, 48.44679133321607, 1.0000019941709446, 0.0, 36.76368248766487, 37.76368448183254, 6.615000000000003
0.004438076152304612, 0.9835630950534497, 0.0010595126361863075, 37.74108259575405, -0.008285135059335601, 0.0, 0.019674611515690776, 0.011389476456357794, -6.819758807213485, 0.0, 55.404167413759886, 48.58440860654503, 1.0000016905543976, 0.0, 36.83467532491694, 37.83467701546749, 6.615000000000002
0.004445891783567137, 0.9837089090251849, 0.001061378480709529, 37.81704897241377, -0.008297858027285967, 0.0, 0.0197781128069274, 0.011480254779643012, -6.817999616270927, 0.0, 55.53871970209777, 48.72072008582742, 1.0000013872343128, 0.0, 36.904355838129305, 37.90435722536271, 6.615000000000001
0.004453707414829662, 0.9838498013372563, 0.0010632443252327508, 37.89176857425366, -0.008310577715744335, 0.0, 0.01988186394129532, 0.011571286225552257, -6.816243515683745, 0.0, 55.67197549014289, 48.855731974457605, 1.0000010844697491, 0.0, 36.972732550903075, 37.97273363537009, 6.615000000000001
0.004461523046092187, 0.9839857900766518, 0.0010651101697559723, 37.9652444899757, -0.008323294130466471, 0.0, 0.01998586250571799, 0.011662568375253535, -6.814490494356287, 0.0, 55.80394124509152, 48.98945075073042, 1.0000007825164365, 0.0, 37.03981423436459, 38.039815016874314, 6.615000000000001
0.004469338677354712, 0.9841168934085829, 0.001066976014279194, 38.03748005859404, -0.008336007277187491, 0.0, 0.020090106099440064, 0.011754098822254255, -6.8127405412528335, 0.0, 55.93462370629224, 49.121883165033, 1.0000004816266372, 0.0, 37.105609904129004, 38.10561038574766, 6.615000000000003
0.004477154308617237, 0.9842431295803804, 0.0010688418588024155, 38.108478869713394, -0.008348717161621973, 0.0, 0.02019459233453208, 0.011845875172910969, -6.8109936453973186, 0.0, 56.06402988239366, 49.25303623698798, 1.0000001820490507, 0.0, 37.170128817217275, 38.17012899925715, 6.615000000000001
0.004484969939879763, 0.9843645169247779, 0.0010707077033256373, 38.1782447637828, -0.008361423789464075, 0.0, 0.020299318836388358, 0.011937895046925662, -6.809249795873052, 0.0, 56.1921670485443, 49.38291725266909, 0.9999998840287005, 0.0, 37.233380469034024, 38.23338035305928, 6.615000000000002
0.004492785571142287, 0.9844810738634688, 0.0010725735478488588, 38.24678183229787, -0.008374127166387635, 0.0, 0.02040428324422805, 0.012030156077840803, -6.807508981822449, 0.0, 56.319042743571025, 49.5115337617458, 0.9999995878068204, 0.0, 37.2953745903235, 38.29537417812718, 6.615000000000001
0.0045006012024048124, 0.9845928189103752, 0.0010744393923720805, 38.31409441795927, -0.008386827298046295, 0.0, 0.02050948321157653, 0.012122655913531177, -6.805771192446737, 0.0, 56.44466476710492, 49.63889357465679, 0.999999293620773, 0.0, 37.35612114409333, 38.35612043771184, 6.615000000000002
0.004508416833667337, 0.9846997706748084, 0.001076305236895302, 38.380187114851424, -0.008399524190073596, 0.0, 0.020614916406756167, 0.01221539221668444, -6.804036417005697, 0.0, 56.56904117681043, 49.765004759808136, 0.9999990017039337, 0.0, 37.41563032263515, 38.41562932434076, 6.615000000000003
0.004516232464929863, 0.9848019478644554, 0.0010781710814185238, 38.44506476849688, -0.008412217848083103, 0.0, 0.020720580513361342, 0.012308362665280459, -6.802304644817368, 0.0, 56.69218028553572, 49.88987564071536, 0.9999987122856148, 0.0, 37.473912544483184, 38.47391125676375, 6.615000000000002
0.0045240480961923875, 0.9848993692883177, 0.0010800369259417453, 38.50873247596837, -0.00842490827766849, 0.0, 0.020826473230732556, 0.01240156495306427, -6.800575865257785, 0.0, 56.81409065847685, 50.01351479321662, 0.9999984255909619, 0.0, 37.53097845138932, 38.530976876977654, 6.615000000000001
0.004531863727454913, 0.9849920538595951, 0.001081902770464967, 38.571195585893065, -0.008437595484403678, 0.0, 0.020932592274422512, 0.01249499679002053, -6.798850067760687, 0.0, 56.934781110374324, 50.13593104261311, 0.9999981418408745, 0.0, 37.58683890534017, 38.58683704717895, 6.615000000000002
0.004539679358717437, 0.9850800205982742, 0.0010837686149881886, 38.63245969846844, -0.008450279473842916, 0.0, 0.021038935376665624, 0.012588655902824819, -6.797127241817258, 0.0, 57.054260702676544, 50.25713346085675, 0.9999978612519153, 0.0, 37.64150498553953, 38.64150284678696, 6.615000000000002
0.004547494989979963, 0.985163288633764, 0.00108563445951141, 38.69253066541842, -0.0084629602515209, 0.0, 0.021145500286830654, 0.012682540035312106, -6.795407376975828, 0.0, 57.1725387406992, 50.377131363717254, 0.9999975840362375, 0.0, 37.69498798540429, 38.69498556943225, 6.615000000000002
0.004555310621242488, 0.9852418772071507, 0.0010875003040346318, 38.75141458991334, -0.00847563782295288, 0.0, 0.021252284771869356, 0.012776646948918446, -6.793690462841608, 0.0, 57.28962477083114, 50.49593430799389, 0.9999973104015059, 0.0, 37.74729940961215, 38.7472967200162, 6.615000000000002
0.004563126252505012, 0.9853158056737401, 0.0010893661485578533, 38.809117826478314, -0.008488312193634768, 0.0, 0.021359286616775774, 0.012870974423142945, -6.791976489076413, 0.0, 57.4055285776923, 50.61355208861442, 0.9999970405508248, 0.0, 37.798450971093224, 38.7984480116408, 6.615000000000003
0.004570941883767538, 0.9853850935051494, 0.001091231993081075, 38.86564698081793, -0.008500983369043228, 0.0, 0.02146650362501412, 0.012965520255971141, -6.790265445398382, 0.0, 57.520260181291256, 50.72999473588902, 0.9999967746826525, 0.0, 37.848454588051816, 38.84845136273039, 6.615000000000003
0.004578757515030063, 0.9854497602912833, 0.0010930978376042966, 38.92100890966253, -0.008513651354635806, 0.0, 0.021573933618965202, 0.013060282264330203, -6.7885573215816954, 0.0, 57.63382983422269, 50.84527251263685, 0.9999965129907605, 0.0, 37.897322381012444, 38.897318893998325, 6.615000000000002
0.004586573146292588, 0.9855098257424686, 0.0010949636821275183, 38.97521072052791, -0.008526316155851003, 0.0, 0.021681574440353735, 0.013155258284503757, -6.786852107456302, 0.0, 57.746248018839644, 50.95939591137544, 0.9999962556641437, 0.0, 37.94506666985978, 38.94506292551508, 6.615000000000001
0.004594388777555113, 0.9855653096910322, 0.0010968295266507398, 39.028259771458806, -0.008538977778108412, 0.0, 0.021789423950672404, 0.0132504461725646, -6.78514979290765, 0.0, 57.8575254444037, 51.072375651496536, 0.9999960028869707, 0.0, 37.991699970860665, 38.99169597374758, 6.615000000000002
0.004602204408817638, 0.9856162320932809, 0.0010986953711739616, 39.080163670745605, -0.008551636226808802, 0.0, 0.02189748003161035, 0.013345843804801472, -6.783450367876393, 0.0, 57.967673044302636, 51.18422267642478, 0.9999957548385275, 0.0, 38.03723499375112, 39.03723074858825, 6.615000000000002
0.004610020040080163, 0.9856626130308843, 0.001100561215697183, 39.130930276576464, -0.008564291507334216, 0.0, 0.022005740585459677, 0.013441449078126555, -6.781753822358117, 0.0, 58.076701973180874, 51.29494815081904, 0.999995511693156, 0.0, 38.0816846387571, 39.08168015044555, 6.615000000000002
0.004617835671342689, 0.9857044727123645, 0.0011024270602204048, 39.180567696671915, -0.008576943625048091, 0.0, 0.02211420353553173, 0.013537259910483601, -6.780060146403081, 0.0, 58.1846236041388, 51.4045634577318, 0.9999952736201975, 0.0, 38.12506199367679, 39.125057267293094, 6.615000000000002
0.004625651302605213, 0.985741831474475, 0.0011042929047436264, 39.22908428787923, -0.00858959258529534, 0.0, 0.022222866826555276, 0.013633274241259596, -6.778369330115908, 0.0, 58.29144952589437, 51.51308019578213, 0.999995040783955, 0.0, 38.16738033094237, 39.1673753717303, 6.615000000000001
0.0046334669338677385, 0.9857747097834695, 0.001106158749266848, 39.276488655707226, -0.008602238393402474, 0.0, 0.022331728425088015, 0.013729490031687108, -6.776681363655333, 0.0, 58.397191539967984, 51.62051017630989, 0.9999948133436356, 0.0, 38.208653104694314, 39.208647918033776, 6.615000000000002
0.004641282565130264, 0.9858031282360002, 0.0011080245937900696, 39.32278965386354, -0.008614881054677684, 0.0, 0.022440786319899486, 0.013825905265222982, -6.774996237233915, 0.0, 58.5018616578452, 51.72686542061248, 0.9999945914533128, 0.0, 38.248893947860225, 39.24888853931368, 6.615000000000002
0.004649098196392788, 0.9858271075602998, 0.0011098904383132911, 39.36799638370917, -0.008627520574410958, 0.0, 0.022550038522366422, 0.013922517947956736, -6.77331394111776, 0.0, 58.60547209817139, 51.832158157053065, 0.9999943752618863, 0.0, 38.28811666925547, 39.28811104451564, 6.615000000000002
0.004656913827655314, 0.9858466686168725, 0.0011117562828365129, 39.41211819369801, -0.008640156957874156, 0.0, 0.02265948306684845, 0.014019326108974328, -6.771634465626247, 0.0, 58.70803528388976, 51.93640081826285, 0.9999941649130212, 0.0, 38.326335250645506, 39.326329415557844, 6.615
0.004664729458917839, 0.9858618323993253, 0.0011136221273597346, 39.45516467877019, -0.008652790210321143, 0.0, 0.022769118011082445, 0.014116327800760775, -6.769957801131742, 0.0, 58.80956383945424, 52.03960603832047, 0.9999939605451542, 0.0, 38.36356384386749, 39.36355780441109, 6.615000000000002
0.004672545090180363, 0.9858726200349901, 0.0011154879718829561, 39.4971456797125, -0.008665420336987861, 0.0, 0.022878941436539457, 0.014213521099552595, -6.768283938059327, 0.0, 58.910070587973266, 52.14178664991309, 0.9999937622914307, 0.0, 38.39981676791678, 39.399810530206466, 6.615000000000002
0.004680360721442889, 0.9858790527851671, 0.0011173538164061777, 39.538071282466944, -0.008678047343092434, 0.0, 0.022988951448802586, 0.01431090410571173, -6.766612866886534, 0.0, 59.009568548411025, 52.242955681524336, 0.9999935702796596, 0.0, 38.4351085060732, 39.435102076351285, 6.615000000000001
0.004688176352705414, 0.9858811520458319, 0.0011192196609293994, 39.577951817401754, -0.008690671233835271, 0.0, 0.02309914617792569, 0.014408474944092253, -6.764944578143039, 0.0, 59.10807093274857, 52.343126354605424, 0.9999933846323301, 0.0, 38.46945370300462, 39.469447087635196, 6.615000000000001
0.004695991983967939, 0.9858789393476775, 0.0011210855054526211, 39.61679785856063, -0.008703292014399155, 0.0, 0.023209523778792263, 0.014506231764395194, -6.763279062410408, 0.0, 59.205591143135344, 52.44231208071975, 0.9999932054665487, 0.0, 38.5028671618617, 39.502860367321205, 6.615000000000001
0.004703807615230464, 0.9858724363562246, 0.0011229513499758426, 39.654620222839185, -0.008715909689949347, 0.0, 0.02332008243146977, 0.014604172741521537, -6.761616310321811, 0.0, 59.30214276909906, 52.54052645877425, 0.999993032894034, 0.0, 38.53536384143542, 39.53535687432546, 6.615000000000002
0.004711623246492989, 0.9858616648718694, 0.0011248171944990642, 39.6914299691382, -0.008728524265633681, 0.0, 0.02343082034154942, 0.014702296075916721, -6.759956312561745, 0.0, 59.39773958470825, 52.637783272150905, 0.9999928670210901, 0.0, 38.566958853280774, 39.5669517203054, 6.615000000000001
0.004719438877755514, 0.9858466468296996, 0.001126683039022286, 39.72723839748528, -0.008741135746582656, 0.0, 0.023541735740495895, 0.014800599993913255, -6.758299059865757, 0.0, 59.49239554575254, 52.73409648588809, 0.9999927079485931, 0.0, 38.5976674588498, 39.597660166799685, 6.615000000000001
0.004727254509018039, 0.9858274042993749, 0.0011285488835455074, 39.762057048104, -0.008753744137909527, 0.0, 0.023652826885978695, 0.014899082748070502, -6.756644543020166, 0.0, 59.586124786886884, 52.829480243862804, 0.9999925557719671, 0.0, 38.62750506660525, 39.62749762237212, 6.615
0.004735070140280564, 0.9858039594845192, 0.0011304147280687292, 39.79589770041889, -0.00876634944471041, 0.0, 0.02376409206220781, 0.014997742617496479, -6.754992752861786, 0.0, 59.67894161883859, 52.92394886597296, 0.9999924105811806, 0.0, 38.656487229193594, 39.656479639771746, 6.615000000000001
0.0047428857715430895, 0.9857763347225159, 0.0011322805725919507, 39.828772372072535, -0.008778951672064373, 0.0, 0.023875529580254296, 0.015096577908192688, -6.753343680277646, 0.0, 59.77086052556263, 53.01751684528201, 0.9999922724607353, 0.0, 38.68462964057992, 39.684621913035244, 6.615000000000002
0.004750701402805615, 0.9857445524836912, 0.0011341464171151724, 39.86069331783801, -0.008791550825033521, 0.0, 0.023987137778376577, 0.015195586953342943, -6.751697316204724, 0.0, 59.86189616143489, 53.11019884522647, 0.9999921414896429, 0.0, 38.711948133216, 39.71194027470204, 6.615
0.004758517034068139, 0.9857086353705871, 0.001136012261638394, 39.89167302854116, -0.008804146908663098, 0.0, 0.024098915022325085, 0.015294768113661816, -6.75005365162964, 0.0, 59.95206334841015, 53.20200969677553, 0.9999920177414547, 0.0, 38.73845867519224, 39.738450692928865, 6.615000000000001
0.0047663326653306646, 0.985668606117267, 0.0011378781061616157, 39.92172422991848, -0.008816739927981584, 0.0, 0.024210859705671106, 0.015394119777692006, -6.748412677588423, 0.0, 60.04137707318052, 53.29296439558906, 0.9999919012842109, 0.0, 38.76417736736917, 39.76416926864815, 6.615000000000002
0.00477414829659319, 0.9856244875880567, 0.0011397439506848372, 39.95085988141045, -0.008829329888000765, 0.0, 0.02432297025009278, 0.01549364036209494, -6.746774385166186, 0.0, 60.12985248440558, 53.38307809923652, 0.9999917921804805, 0.0, 38.78912044061816, 39.7891122327932, 6.615000000000001
0.004781963927855714, 0.9855763027766855, 0.0011416097952080587, 39.979093174953505, -0.008841916793715845, 0.0, 0.02443524510568018, 0.01559332831196758, -6.745138765496892, 0.0, 60.217504889827474, 53.47236612432949, 0.9999916904873276, 0.0, 38.81330425293048, 39.81329594341388, 6.615000000000001
0.00478977955911824, 0.9855240748050029, 0.0011434756397312805, 40.00643753369741, -0.008854500650105535, 0.0, 0.024547682751243916, 0.015693182101136405, -6.74350580976304, 0.0, 60.304349753467015, 53.56084394370581, 0.9999915962563517, 0.0, 38.83674528660432, 39.83673688286424, 6.615000000000001
0.004797595190380764, 0.9854678269215178, 0.001145341484254502, 40.03290661070105, -0.008867081462132137, 0.0, 0.024660281694569297, 0.01579320023243974, -6.741875509195407, 0.0, 60.390402692807584, 53.64852718360994, 0.9999915095336697, 0.0, 38.85946014546715, 39.859451654996334, 6.615000000000001
0.00480541082164329, 0.9854075825002013, 0.0011472073287777237, 40.05851428754454, -0.008879659234741637, 0.0, 0.024773040472749308, 0.015893381238007875, -6.740247855072774, 0.0, 60.475679475944084, 53.73543162087406, 0.999991430359919, 0.0, 38.881465551994175, 39.88145698235667, 6.615
0.004813226452905815, 0.9853433650383963, 0.0011490731733009452, 40.08327467297454, -0.008892233972863785, 0.0, 0.02488595765241336, 0.015993723679550376, -6.738622838721628, 0.0, 60.56019601879996, 53.82157318007981, 0.9999913587702882, 0.0, 38.9027783445857, 39.90276970335677, 6.615000000000002
0.00482104208416834, 0.9852751981557137, 0.001150939017824167, 40.107202101395615, -0.008904805681412196, 0.0, 0.024999031830038432, 0.016094226148627544, -6.737000451515908, 0.0, 60.64396838225301, 53.90696793073942, 0.9999912947945061, 0.0, 38.923415474681306, 39.923406769477, 6.615000000000001
0.0048288577154308645, 0.9852031055917436, 0.0011528048623473885, 40.130311131422786, -0.008917374365284442, 0.0, 0.025112261632191824, 0.016194887266907487, -6.735380684876715, 0.0, 60.72701276934244, 53.99163208446364, 0.9999912384568831, 0.0, 38.94339400401453, 39.94338524246924, 6.615000000000001
0.00483667334669339, 0.9851271112042692, 0.0011546707068706102, 40.152616544329476, -0.008929940029362126, 0.0, 0.02522564571581043, 0.016295705686449335, -6.733763530272033, 0.0, 60.809345522412556, 54.07558199213878, 0.9999911897762994, 0.0, 38.96273110177223, 39.962722291545894, 6.615000000000001
0.004844488977955915, 0.9850472389672298, 0.0011565365513938317, 40.174133342447476, -0.008942502678510971, 0.0, 0.025339182768447155, 0.016396680089935722, -6.732148979216456, 0.0, 60.89098312033572, 54.1588341411171, 0.9999911487662417, 0.0, 38.98144404186134, 39.98143519062581, 6.615000000000002
0.0048523046092184404, 0.9849635129684593, 0.0011584023959170535, 40.19487674756624, -0.008955062317580914, 0.0, 0.025452871508527652, 0.01649780919094679, -6.730537023270914, 0.0, 60.971942175632, 54.24140515235972, 0.9999911154348124, 0.0, 38.999550200063105, 39.99954131549651, 6.615
0.004860120240480965, 0.9848759574073007, 0.001160268240440275, 40.214862199230765, -0.008967618951406194, 0.0, 0.025566710685597793, 0.016599091734193105, -6.728927654042378, 0.0, 61.05223943168074, 54.3233117776399, 0.999991089784776, 0.0, 39.01706705128682, 40.01705814107184, 6.615000000000001
0.00486793587174349, 0.9847845965921991, 0.0011621340849634967, 40.2341053530381, -0.008980172584805424, 0.0, 0.02568069908055981, 0.01670052649575704, -6.72732086318361, 0.0, 61.131891759889925, 54.40457089670124, 0.999991071813544, 0.0, 39.034012166790774, 40.03400323859695, 6.615000000000001
0.0048757515030060155, 0.9846894549383549, 0.0011639999294867183, 40.25262207886885, -0.008992723222581695, 0.0, 0.02579483550592304, 0.016802112283342885, -6.725716642392858, 0.0, 61.21091615682706, 54.485199514432516, 0.9999910615132396, 0.0, 39.05040321135152, 40.05039427286174, 6.615
0.00488356713426854, 0.9845905569646316, 0.0011658657740099398, 40.270428459059985, -0.009005270869522637, 0.0, 0.025909118806008935, 0.01690384793648758, -6.724114983413603, 0.0, 61.28932974147094, 54.565214758060016, 0.9999910588706956, 0.0, 39.06625794059308, 40.06624899946535, 6.615000000000001
0.004891382765531065, 0.9844879272911253, 0.0011677316185331615, 40.28754078656425, -0.009017815530400531, 0.0, 0.026023547857207563, 0.017005732326808243, -6.722515878034256, 0.0, 61.36714975231485, 54.644633874281176, 0.9999910638675149, 0.0, 39.08159419812264, 40.081585261989694, 6.615000000000001
0.004899198396793591, 0.9843815906359019, 0.0011695974630563833, 40.30397556303046, -0.009030357209972363, 0.0, 0.02613812156817097, 0.017107764358198385, -6.720919318087907, 0.0, 61.444393544587896, 54.72347422650211, 0.9999910764800686, 0.0, 39.09642991283802, 40.0964209893204, 6.614999999999999
0.004907014028056116, 0.9842715718123198, 0.0011714633075796048, 40.31974949684377, -0.00904289591297994, 0.0, 0.026252838880047535, 0.01720994296706907, -6.719325295452021, 0.0, 61.52107858739202, 54.80175329193987, 0.9999910966795738, 0.0, 39.11078309611513, 40.110774192793315, 6.615000000000001
0.00491482965931864, 0.9841578957253958, 0.0011733291521028263, 40.334879501136584, -0.009055431644149941, 0.0, 0.026367698766679604, 0.017312267122530922, -6.717733802048183, 0.0, 61.5972224609157, 54.87948865886326, 0.9999911244320846, 0.0, 39.124671839102774, 40.12466296352952, 6.615
0.004922645290581166, 0.9840405873688791, 0.001175194996626048, 40.34938269172835, -0.00906796440819402, 0.0, 0.026482700234815415, 0.017414735826622396, -6.716144829841812, 0.0, 61.67284285356001, 54.956698023717976, 0.9999911596985552, 0.0, 39.138114309917036, 40.13810546961452, 6.615000000000001
0.004930460921843691, 0.9839196718217202, 0.0011770608411492698, 40.363276385050995, -0.009080494209808873, 0.0, 0.026597842324306953, 0.01751734811449679, -6.714558370841873, 0.0, 61.74795755916996, 55.03339918832221, 0.9999912024348774, 0.0, 39.15112875095211, 40.151119953382214, 6.615000000000001
0.004938276553106216, 0.9837951742445021, 0.0011789266856724913, 40.37657809595839, -0.009093021053676336, 0.0, 0.026713124108298125, 0.017620103054621028, -6.712974417100617, 0.0, 61.82258447414289, 55.1096100570408, 0.9999912525919235, 0.0, 39.16373347607574, 40.16372472866684, 6.615000000000001
0.004946092184368741, 0.9836671198757347, 0.0011807925301957128, 40.38930553557566, -0.009105544944463445, 0.0, 0.02682854469342294, 0.01772299974896041, -6.711392960713295, 0.0, 61.89674159468272, 55.18534863396701, 0.999991310115576, 0.0, 39.17594686796118, 40.175938178073565, 6.615
0.004953907815631266, 0.9835355340281104, 0.0011826583747189345, 40.40147660902426, -0.00911806588682254, 0.0, 0.026944103219982363, 0.01782603733315885, -6.709813993817874, 0.0, 61.97044701388737, 55.26063302006769, 0.9999913749467954, 0.0, 39.18778737526961, 40.18777875021541, 6.615
0.0049617234468937906, 0.9834004420846423, 0.001184524219242156, 40.41310941317238, -0.009130583885391319, 0.0, 0.027059798862119733, 0.017929214976730556, -6.708237508594775, 0.0, 62.04371891899728, 55.335481410405, 0.9999914470216426, 0.0, 39.19927350999395, 40.199264957016275, 6.615000000000001
0.004969539078156317, 0.9832618694946245, 0.0011863900637653778, 40.424222234232275, -0.009143098944792937, 0.0, 0.027175630828013886, 0.018032531883220404, -6.706663497266582, 0.0, 62.11657558851191, 55.409912091243996, 0.9999915262713488, 0.0, 39.210423844654954, 40.21041537092543, 6.615
0.004977354709418841, 0.983119841769458, 0.0011882559082885993, 40.43483354542741, -0.00915561106963607, 0.0, 0.02729159836001499, 0.018135987290378852, -6.705091952097769, 0.0, 62.189035389393936, 55.483943437295764, 0.999991612622354, 0.0, 39.22125700963225, 40.22124862225426, 6.615
0.0049851703406813665, 0.982974384478208, 0.001190121752811821, 40.44496200451431, -0.009168120264515009, 0.0, 0.027407700734828677, 0.018239580470314265, -6.7035228653944205, 0.0, 62.26111677425628, 55.55759390886163, 0.9999917059963671, 0.0, 39.23179169043664, 40.23178339643227, 6.615000000000001
0.004992985971943891, 0.9828255232435517, 0.0011919875973350426, 40.454626451309196, -0.009180626534009721, 0.0, 0.027523937263670972, 0.018343310729661333, -6.701956229503961, 0.0, 62.33283827850291, 55.63088204899684, 0.999991806310408, 0.0, 39.24204662495975, 40.24203843126797, 6.615000000000001
0.005000801603206416, 0.9826732837370251, 0.0011938534418582643, 40.46384590515436, -0.009193129882685936, 0.0, 0.027640307292413624, 0.018447177409729898, -6.700392036814871, 0.0, 62.404218517513044, 55.70382648069378, 0.9999919134768723, 0.0, 39.25204060077415, 40.25203251424478, 6.615000000000001
0.005008617234468942, 0.9825176916744134, 0.0011957192863814858, 40.472639562300174, -0.009205630315095217, 0.0, 0.02775681020173948, 0.01855117988664423, -6.6988302797564065, 0.0, 62.47527618383245, 55.776445904079964, 0.9999920274035897, 0.0, 39.261792452431074, 40.26178447983862, 6.615000000000001
0.005016432865731466, 0.9823587728110148, 0.0011975851309047074, 40.48102679329713, -0.009218127835775037, 0.0, 0.027873445407271658, 0.0186553175714973, -6.697270950798333, 0.0, 62.54603004433997, 55.848759093539805, 0.9999921479938718, 0.0, 39.271321058754246, 40.27131320674571, 6.615
0.005024248496993991, 0.9821965529367329, 0.001199450975427929, 40.489027140281905, -0.009230622449248863, 0.0, 0.027990212359718103, 0.018759589910469776, -6.695714042450635, 0.0, 62.616498937406035, 55.9207848949502, 0.9999922751465858, 0.0, 39.280645340111654, 40.280637615252594, 6.615000000000002
0.005032064128256516, 0.982031057871211, 0.0012013168199511506, 40.49666031423203, -0.009243114160026225, 0.0, 0.028107110545006808, 0.018863996384980708, -6.694159547263242, 0.0, 62.686701770071515, 55.992542222805696, 0.9999924087562202, 0.0, 39.28978425571445, 40.28977666446799, 6.615
0.005039879759519042, 0.9818623134583255, 0.0012031826644743723, 40.50394619218332, -0.009255602972602783, 0.0, 0.028224139484392508, 0.018968536511792644, -6.692607457825761, 0.0, 62.75665751525815, 56.064050057428794, 0.999992548712918, 0.0, 39.29875680097, 40.298749349676896, 6.615
0.0050476953907815664, 0.9816903455615442, 0.0012050485089975939, 40.51090481438405, -0.009268088891460406, 0.0, 0.028341298734610554, 0.019073209843149086, -6.6910577667671856, 0.0, 62.82638520887742, 56.13532744210368, 0.9999926949025778, 0.0, 39.30758200469277, 40.30757469958967, 6.615
0.005055511022044091, 0.9815151800578903, 0.0012069143535208154, 40.517556381375016, -0.009280571921067252, 0.0, 0.02845858788794664, 0.019178015966878403, -6.6895104667556256, 0.0, 62.895903947066195, 56.20639348030704, 0.9999928472069021, 0.0, 39.31627892651098, 40.31627177371517, 6.615
0.005063326653306617, 0.981336842832949, 0.0012087801980440373, 40.52392125107599, -0.009293052065877834, 0.0, 0.028576006572385126, 0.019282954506507632, -6.687965550498021, 0.0, 62.96523288332038, 56.27726733282177, 0.9999930055034694, 0.0, 39.32486665410452, 40.324859659607114, 6.615000000000001
0.005071142284569142, 0.9811553597750873, 0.0012106460425672589, 40.53001993573571, -0.009305529330333096, 0.0, 0.02869355445170063, 0.019388025121369945, -6.686423010739884, 0.0, 63.03439122568484, 56.34796821494682, 0.9999931696658066, 0.0, 39.33336430054497, 40.33335747021066, 6.615000000000001
0.005078957915831667, 0.9809707567694854, 0.0012125118870904804, 40.53587309892464, -0.00931800371886047, 0.0, 0.02881123122554985, 0.019493227506689137, -6.684882840265001, 0.0, 63.103398233944674, 56.41851539368141, 0.9999933395634437, 0.0, 39.34179100163563, 40.341784341201006, 6.615000000000001
0.005086773547094192, 0.9807830596926852, 0.0012143777316137021, 40.54150155238949, -0.009330475235873976, 0.0, 0.02892903662957058, 0.01959856139369942, -6.683345031895157, 0.0, 63.17227321675369, 56.488928184859176, 0.9999935150620202, 0.0, 39.350165913181186, 40.35015942824153, 6.615
0.005094589178356717, 0.9805922944063887, 0.0012162435761369236, 40.54692625290818, -0.00934294388577426, 0.0, 0.029046970435476105, 0.019704026549702047, -6.681809578489874, 0.0, 63.24103552885809, 56.559225950363754, 0.9999936960233228, 0.0, 39.358508208355296, 40.35850190437399, 6.615000000000002
0.005102404809619243, 0.9803984867513194, 0.0012181094206601454, 40.552168299067034, -0.009355409672948694, 0.0, 0.029165032451128226, 0.019809622778182545, -6.680276472946118, 0.0, 63.30970456822683, 56.62942809527535, 0.99999388230538, 0.0, 39.36683707499092, 40.36683095728847, 6.615
0.005110220440881767, 0.9802016625410719, 0.001219975265183367, 40.55724892800754, -0.00936787260177142, 0.0, 0.02928322252062543, 0.019915349918853686, -6.678745708198024, 0.0, 63.37829977326769, 56.69955406506395, 0.9999940737625486, 0.0, 39.3751717129426, 40.37516578669969, 6.615
0.0051180360721442926, 0.9800018475557302, 0.0012218411097065886, 40.56218951208757, -0.009380332676603436, 0.0, 0.029401540524365388, 0.02002120784776107, -6.677217277216631, 0.0, 63.44684061997098, 56.76962334275061, 0.9999942702455558, 0.0, 39.38353133139594, 40.38352560163849, 6.615000000000001
0.005125851703406817, 0.9797990675355042, 0.0012237069542298102, 40.5670115554999, -0.00939278990179266, 0.0, 0.029519986379120344, 0.020127196477328968, -6.675691173009578, 0.0, 63.51534661909225, 56.839655446082155, 0.9999944716016301, 0.0, 39.391935146204155, 40.391929617804216, 6.615000000000001
0.005133667334669343, 0.9795933481739567, 0.001225572798753032, 40.57173669088115, -0.009405244281674, 0.0, 0.029638560038104278, 0.020233315756431502, -6.674167388620855, 0.0, 63.583837313328864, 56.90966992471003, 0.9999946776745405, 0.0, 39.40040237722369, 40.40039705489925, 6.615000000000002
0.005141482965931868, 0.9793847151114665, 0.0012274386432762534, 40.576386675752474, -0.009417695820569406, 0.0, 0.029757261491007436, 0.020339565670440707, -6.6726459171305095, 0.0, 63.65233227450036, 56.9796863573693, 0.9999948883046931, 0.0, 39.40895224567873, 40.40894713398069, 6.615
0.005149298597194392, 0.9791731939282506, 0.001229304487799475, 40.58098338905984, -0.009430144522787967, 0.0, 0.02987609076407627, 0.020445946241290813, -6.671126751654376, 0.0, 63.7208511007045, 57.04972434904802, 0.9999951033292193, 0.0, 39.417603971463016, 40.417599074788086, 6.615000000000001
0.005157114228456917, 0.9789588101374225, 0.0012311703323226967, 40.585548827526964, -0.009442590392625952, 0.0, 0.02999504792013996, 0.020552457527513446, -6.669609885343788, 0.0, 63.78941341350003, 57.11980352816188, 0.9999953225820596, 0.0, 39.42637677051009, 40.42637209309825, 6.615000000000001
0.005164929859719442, 0.9787415891780231, 0.0012330361768459182, 40.590105102014604, -0.00945503343436688, 0.0, 0.030114133058652515, 0.020659099624288357, -6.668095311385312, 0.0, 63.85803885511179, 57.18994354372316, 0.9999955458940473, 0.0, 39.435289852171856, 40.43528539806037, 6.615000000000002
0.005172745490981968, 0.9785215564078147, 0.00123490202136914, 40.59467443382755, -0.009467473652281596, 0.0, 0.03023334631575114, 0.020765872663470186, -6.666583023000464, 0.0, 63.926747085529186, 57.26016406252867, 0.9999957730929909, 0.0, 39.44436241647559, 40.44435818956801, 6.614999999999999
0.0051805611222444925, 0.9782987370958036, 0.0012367678658923614, 40.59927915093749, -0.00947991105062833, 0.0, 0.03035268786425427, 0.020872776813627203, -6.6650730134454355, 0.0, 63.995557779765086, 57.33048476631634, 0.9999960040037824, 0.0, 39.45361365158871, 40.45360965558816, 6.615
0.005188376753507017, 0.9780731564149416, 0.001238633710415583, 40.60394168417679, -0.009492345633652756, 0.0, 0.030472157913709497, 0.02097981228005741, -6.663565276010814, 0.0, 64.06449062497241, 57.400925348956015, 0.9999962384484598, 0.0, 39.46306273109927, 40.46305896954163, 6.615000000000002
0.005196192384769543, 0.9778448394344217, 0.001240499554938805, 40.608684563341285, -0.009504777405588067, 0.0, 0.030591756710406592, 0.021086979304819398, -6.6620598040212995, 0.0, 64.13356531764013, 57.47150551361651, 0.9999964762463283, 0.0, 39.472728811402355, 40.47272528764565, 6.615
0.0052040080160320685, 0.9776138111122261, 0.0012423653994620264, 40.61353041329585, -0.009517206370655031, 0.0, 0.030711484537390588, 0.021194278166738023, -6.66055659083544, 0.0, 64.20280156077995, 57.542244969945, 0.9999967172140315, 0.0, 39.48263102907536, 40.482627746287896, 6.615
0.005211823647294593, 0.9773800962870958, 0.001244231243985248, 40.618501949932124, -0.00952963253306205, 0.0, 0.03083134171447377, 0.021301709181413275, -6.659055629845339, 0.0, 64.27221906106557, 57.61316343122071, 0.9999969611656575, 0.0, 39.49278849820525, 40.49278545937015, 6.614999999999999
0.005219639278557117, 0.9771437196705879, 0.0012460970885084695, 40.6236219761895, -0.009542055897005238, 0.0, 0.0309513285982419, 0.021409272701238047, -6.657556914476395, 0.0, 64.34183752603265, 57.684280611552445, 0.9999972079128274, 0.0, 39.503220307779245, 40.50321751568716, 6.615000000000001
0.005227454909819643, 0.9769047058392584, 0.0012479629330316912, 40.62891337790916, -0.009554476466668465, 0.0, 0.031071445582044444, 0.021516969115376372, -6.6560604381870005, 0.0, 64.41167666125344, 57.7556162230651, 0.9999974572647998, 0.0, 39.5139455190614, 40.51394297632455, 6.614999999999999
0.005235270541082169, 0.9766630792261228, 0.001249828777554913, 40.63439911967589, -0.00956689424622343, 0.0, 0.031191693095999673, 0.02162479884977553, -6.654566194468295, 0.0, 64.48175616750426, 57.8271899730305, 0.9999977090285539, 0.0, 39.52498316294826, 40.52498087197193, 6.615000000000001
0.005243086172344693, 0.9764188641127554, 0.0012516946220781345, 40.64010224060212, -0.009579309239829708, 0.0, 0.03131207160697702, 0.021732762367148162, -6.653074176843861, 0.0, 64.55209573792017, 57.8990215610759, 0.9999979630089053, 0.0, 39.5363522373282, 40.53635020033602, 6.615000000000001
0.005250901803607218, 0.9761720846206412, 0.001253560466601356, 40.64604585006964, -0.009591721451634836, 0.0, 0.03143258161857809, 0.02184086016694453, -6.651584378869453, 0.0, 64.62271505522295, 57.9711306763457, 0.9999982190086064, 0.0, 39.548071704513376, 40.54806992351316, 6.615
0.005258717434869743, 0.9759227647025899, 0.0012554263111245777, 40.65225312338089, -0.009604130885774347, 0.0, 0.031553223671122455, 0.02194909278534829, -6.6500967941327325, 0.0, 64.69363378881907, 58.04353699468854, 0.999998476828428, 0.0, 39.56016048853599, 40.560158965366476, 6.615
0.005266533066132269, 0.9756709281340932, 0.0012572921556477995, 40.658747297370155, -0.009616537546371842, 0.0, 0.03167399834160756, 0.02205746079523596, -6.648611416252974, 0.0, 64.76487159206094, 58.116260175808556, 0.9999987362672839, 0.0, 39.57263747262668, 40.57263620889435, 6.615
0.005274348697394794, 0.975416598504939, 0.001259158000171021, 40.66555166593116, -0.00962894143753904, 0.0, 0.03179490624369263, 0.022165964806152294, -6.647128238880796, 0.0, 64.83644809933882, 58.189319860459584, 0.9999989971223253, 0.0, 39.585521496502494, 40.5855204936274, 6.615
0.005282164328657318, 0.9751597992095284, 0.0012610238446942425, 40.672689575550976, -0.009641342563375845, 0.0, 0.03191594802764386, 0.02227460546427218, -6.645647255697885, 0.0, 64.90838292331726, 58.26273566761835, 0.9999992591890376, 0.0, 39.59883135382855, 40.598830613013256, 6.615000000000001
0.005289979959919843, 0.97490055343847, 0.001262889689217464, 40.680184420687056, -0.00965374092797041, 0.0, 0.03203712438030748, 0.022383383452338257, -6.644168460416714, 0.0, 64.980695652066, 58.33652719164723, 0.9999995222613653, 0.0, 39.61258578954988, 40.612585311808246, 6.615
0.005297795591182368, 0.9746388841693125, 0.0012647555337406858, 40.68805963918612, -0.009666136535399175, 0.0, 0.032158436025043424, 0.02249229948964304, -6.642691846780261, 0.0, 65.05340584625745, 58.410713999477935, 0.9999997861318063, 0.0, 39.626803497319315, 40.62680328345282, 6.615000000000001
0.005305611222444894, 0.9743748141571125, 0.0012666213782639075, 40.69633870756843, -0.009678529389726935, 0.0, 0.03227988372168833, 0.022601354331961865, -6.641217408561743, 0.0, 65.12653303634225, 58.48531562778091, 1.0000000505915148, 0.0, 39.64150311687832, 40.64150316746987, 6.615000000000002
0.0053134268537074186, 0.9741083659251402, 0.001268487222787129, 40.705045136264744, -0.009690919495006898, 0.0, 0.032401468266485156, 0.02271054877147982, -6.6397451395643206, 0.0, 65.20009671970399, 58.56035158014047, 1.0000003154304402, 0.0, 39.65670323144131, 40.656703546871334, 6.615
0.005321242484969943, 0.97383956175522, 0.0012703530673103505, 40.71420246484922, -0.009703306855280727, 0.0, 0.032523190492024345, 0.022819883636742144, -6.638275033620849, 0.0, 65.27411635786379, 58.63584132424275, 1.000000580437382, 0.0, 39.672422365118976, 40.67242294555734, 6.615000000000001
0.005329058116232469, 0.9735684236783655, 0.0012722189118335725, 40.72383425711996, -0.009715691474578628, 0.0, 0.032645051267173986, 0.022929359792595583, -6.6368070845935705, 0.0, 65.34861137360973, 58.711804289010374, 1.0000008454001652, 0.0, 39.688678980272925, 40.68867982566713, 6.615
0.0053368737474949945, 0.9732949734648493, 0.001274084756356794, 40.733964096215004, -0.009728073356919355, 0.0, 0.03276705149700254, 0.023038978140083044, -6.635341286373852, 0.0, 65.42360114822151, 58.78825986184568, 1.0000011101057034, 0.0, 39.70549147496955, 40.70549258507338, 6.615
0.005344689378757519, 0.9730192326143055, 0.0012759506008800155, 40.74461557958466, -0.009740452506310312, 0.0, 0.03288919212269903, 0.023148739616389635, -6.633877632881899, 0.0, 65.49910501860887, 58.865227385726755, 1.0000013743401506, 0.0, 39.72287818034763, 40.722879554686834, 6.615
0.005352505010020044, 0.9727412223457073, 0.0012778164454032373, 40.75581231395154, -0.009752828926747571, 0.0, 0.033011474121493745, 0.023258645194744187, -6.632416118066496, 0.0, 65.57514227450294, 58.94272615643496, 1.0000016378889727, 0.0, 39.740857358036386, 40.74085899592544, 6.615000000000001
0.005360320641282569, 0.9724609635874089, 0.0012796822899264588, 40.76757791020145, -0.00976520262221595, 0.0, 0.033133898506552906, 0.02336869588433621, -6.630956735904706, 0.0, 65.6517321556251, 59.02077541971339, 1.000001900537108, 0.0, 39.759447197569564, 40.75944909810026, 6.615000000000001
0.005368136272545095, 0.9721784769665582, 0.0012815481344496805, 40.77993597818431, -0.009777573596689059, 0.0, 0.033256466326897494, 0.023478892730206646, -6.6294994804016145, 0.0, 65.72889384885744, 59.099394368453886, 1.0000021620690533, 0.0, 39.778665813779845, 40.77866797584836, 6.615
0.005375951903807619, 0.9718937827991034, 0.001283413978972902, 40.79291012151907, -0.009789941854129326, 0.0, 0.033379178667299336, 0.023589236813168157, -6.6280443455900295, 0.0, 65.80664648541446, 59.1786021398255, 1.0000024222689867, 0.0, 39.798531244210515, 40.798533666482015, 6.615000000000001
0.005383767535070144, 0.9716069010791308, 0.0012852798234961236, 40.80652393224227, -0.009802307398488096, 0.0, 0.03350203664816853, 0.02369972924967978, -6.626591325530219, 0.0, 65.885009138043, 59.258417812512924, 1.0000026809209053, 0.0, 39.81906144655996, 40.819064127481504, 6.615
0.005391583166332669, 0.9713178514682888, 0.0012871456680193453, 40.82080098548113, -0.009814670233705651, 0.0, 0.03362504142544642, 0.023810371191742896, -6.62514041430964, 0.0, 65.96400081815831, 59.33886040384069, 1.0000029378087152, 0.0, 39.840274296055725, 40.84027723385481, 6.615000000000002
0.0053993987975951944, 0.9710266532847527, 0.0012890115125425668, 40.83576483400793, -0.009827030363711254, 0.0, 0.033748194190488134, 0.023921163826775227, -6.623691606042636, 0.0, 66.04364047303817, 59.41994886699114, 1.0000031927163757, 0.0, 39.862187582892886, 40.86219077560615, 6.615000000000001
0.00540721442885772, 0.9707333254929651, 0.0012908773570657886, 40.851439002758525, -0.009839387792423222, 0.0, 0.03387149616993701, 0.024032108377516348, -6.622244894870178, 0.0, 66.12394698299046, 59.5017020881219, 1.0000034454280127, 0.0, 39.88481900964979, 40.88482245507745, 6.615000000000001
0.005415030060120244, 0.970437886692217, 0.00129274320158901, 40.867846983269374, -0.009851742523748961, 0.0, 0.03399494862560404, 0.02414320610185583, -6.620800274959591, 0.0, 66.20493915855347, 59.584138883594854, 1.0000036957280336, 0.0, 39.908186188730674, 40.9081898844591, 6.615
0.005422845691382769, 0.9701403551054852, 0.0012946090461122316, 40.88501222809782, -0.009864094561585022, 0.0, 0.03411855285432086, 0.024254458292738423, -6.619357740504266, 0.0, 66.28663573763535, 59.66727799713264, 1.0000039434012618, 0.0, 39.93230663976569, 40.932310583166526, 6.614999999999999
0.005430661322645296, 0.9698407485685046, 0.0012964748906354536, 40.90295814509227, -0.009876443909817142, 0.0, 0.03424231018782198, 0.024365866278005854, -6.617917285723379, 0.0, 66.36905538270202, 59.75113809697384, 1.0000041882330555, 0.0, 39.95719778703468, 40.95720197526215, 6.615000000000001
0.00543847695390782, 0.9695390845182885, 0.001298340735158675, 40.92170809168738, -0.009888790572320297, 0.0, 0.0343662219925851, 0.02447743142026415, -6.616478904861626, 0.0, 66.45221667794185, 59.835737773080396, 1.0000044300094388, 0.0, 39.98287695689777, 40.982881386907884, 6.615000000000001
0.005446292585170345, 0.9692353799816118, 0.0013002065796818966, 40.94128536905555, -0.009901134552958742, 0.0, 0.034490289669687035, 0.02458915511672799, -6.615042592188936, 0.0, 66.53613812645608, 59.92109553426663, 1.0000046685172153, 0.0, 40.00936137523761, 41.00936604375453, 6.615000000000001
0.005454108216432869, 0.9689296515635135, 0.0013020724242051181, 40.96171321629072, -0.009913475855586077, 0.0, 0.0346145146546587, 0.024701038799072594, -6.613608342000194, 0.0, 66.62083814742623, 60.00722980543047, 1.000004903544116, 0.0, 40.03666816487707, 41.036673068425664, 6.615
0.005461923847695394, 0.968621915435449, 0.0013039382687283399, 40.98301480443297, -0.00992581448404527, 0.0, 0.03473889841730626, 0.024813083933260982, -6.612176148614974, 0.0, 66.70633507329494, 60.0941589246796, 1.0000051348788963, 0.0, 40.06481434303427, 41.06481947791281, 6.615000000000001
0.005469739478957921, 0.9683121873235585, 0.0013058041132515616, 41.00521323046041, -0.009938150442168728, 0.0, 0.034863442461562255, 0.024925292019392642, -6.61074600637725, 0.0, 66.7926471469164, 60.18190114054269, 1.0000053623115042, 0.0, 40.09381681872163, 41.09382218103737, 6.615000000000001
0.005477555110220445, 0.968000482496727, 0.0013076699577747831, 41.0283315112556, -0.009950483733778293, 0.0, 0.03498814832531627, 0.02503766459153689, -6.609317909655112, 0.0, 66.8797925187671, 60.270474609114615, 1.000005585633169, 0.0, 40.12369239021908, 41.1236979758557, 6.615
0.0054853707414829695, 0.967686815754476, 0.0013095358022980046, 41.05239257744961, -0.009962814362685361, 0.0, 0.035113017580232664, 0.025150203217546463, -6.607891852840512, 0.0, 66.96778924407297, 60.35989739122909, 1.00000580463657, 0.0, 40.15445774247104, 41.15446354710487, 6.615000000000001
0.005493186372745495, 0.9673712014147497, 0.0013114016468212264, 41.07741926721883, -0.009975142332690864, 0.0, 0.035238051831568695, 0.025262909498881325, -6.606467830348965, 0.0, 67.0566552800296, 60.45018744968577, 1.0000060191159355, 0.0, 40.186129444574064, 41.18613546369247, 6.615
0.005501002004008021, 0.9670536533015088, 0.001313267491344448, 41.1034343200281, -0.009987467647585341, 0.0, 0.03536325271800411, 0.025375785070419155, -6.605045836619282, 0.0, 67.14640848296077, 60.54136264633297, 1.0000062288671951, 0.0, 40.21872394719171, 41.2187301760501, 6.615000000000001
0.005508817635270545, 0.9667341847325659, 0.0013151333358676696, 41.130460370329274, -0.009999790311148971, 0.0, 0.035488621911428875, 0.025488831600280815, -6.603625866113286, 0.0, 67.23706660546307, 60.63344073934656, 1.0000064336881094, 0.0, 40.252257579985084, 41.252264013669276, 6.615000000000001
0.00551663326653307, 0.9664128085066075, 0.0013169991803908911, 41.15851994111108, -0.010012110327151632, 0.0, 0.035614161116764076, 0.025602050789613195, -6.602207913315543, 0.0, 67.328647293623, 60.72643938030563, 1.0000066333783988, 0.0, 40.286746549088264, 41.28675318246427, 6.615000000000001
0.005524448897795594, 0.9660895368907845, 0.0013188650249141127, 41.1876354374599, -0.010024427699352922, 0.0, 0.03573987207174223, 0.02571544437239337, -6.600791972733076, 0.0, 67.42116808418578, 60.820376111452774, 1.0000068277398795, 0.0, 40.3222069345642, 41.32221376230107, 6.615000000000001
0.0055322645290581205, 0.9657643816080146, 0.0013207308694373344, 41.21782914004689, -0.010036742431502222, 0.0, 0.03586575654673385, 0.025829014115232862, -6.5993780388950904, 0.0, 67.5146464016991, 60.91526836280736, 1.0000070165766066, 0.0, 40.35865468779785, 41.35866170437688, 6.615
0.005540080160320646, 0.9654373538236527, 0.0013225967139605561, 41.249123198518646, -0.010049054527338709, 0.0, 0.03599181634449711, 0.025942761817159044, -6.597966106352696, 0.0, 67.60909955570733, 61.011133449346815, 1.0000071996950015, 0.0, 40.396105628995905, 41.3961128286826, 6.615
0.00554789579158317, 0.965108464132733, 0.0013244625584837777, 41.28153962480974, -0.010061363990591425, 0.0, 0.03611805329997897, 0.026056689309388426, -6.596556169678637, 0.0, 67.70454473792704, 61.107988568248906, 1.000007376903988, 0.0, 40.43457544462643, 41.434582821530256, 6.615000000000001
0.005555711422845695, 0.9647777225468523, 0.0013263284030069992, 41.315100286448796, -0.010073670824979307, 0.0, 0.03624446928009817, 0.02617079845512149, -6.595148223466999, 0.0, 67.80099901941787, 61.20585079594588, 1.0000075480151465, 0.0, 40.47407968486534, 41.474087232873494, 6.615000000000001
0.005563527054108222, 0.9644451384805315, 0.0013281942475302211, 41.34982689971093, -0.010085975034211228, 0.0, 0.036371066183511824, 0.026285091149298667, -6.5937422623329445, 0.0, 67.89847934775054, 61.30473708542056, 1.0000077128428326, 0.0, 40.51463376104976, 41.51464147389701, 6.615000000000001
0.005571342685370746, 0.9641107207380806, 0.0013300600920534427, 41.38574102280563, -0.010098276621986008, 0.0, 0.036497845940364426, 0.026399569318376837, -6.592338280912431, 0.0, 67.99700254420762, 61.40466426329624, 1.0000078712043194, 0.0, 40.55625294317537, 41.55626081438193, 6.615000000000001
0.005579158316633271, 0.9637744775000598, 0.0013319259365766642, 41.422864048890006, -0.010110575591992509, 0.0, 0.036624810512087325, 0.026514234920095303, -6.5909362738619315, 0.0, 68.0965853009101, 61.50564902704937, 1.0000080229199602, 0.0, 40.5989523572789, 41.5989603801997, 6.615000000000002
0.005586973947895796, 0.9634364163095199, 0.001333791781099886, 41.461217199103885, -0.010122871947909631, 0.0, 0.03675196189112506, 0.026629089943216444, -6.5895362358581595, 0.0, 68.1972441780297, 61.60770794216999, 1.0000081678133024, 0.0, 40.642746982959075, 41.642755150770064, 6.615000000000001
0.005594789579158321, 0.9630965440580646, 0.0013356576256231074, 41.500821515435746, -0.010135165693406348, 0.0, 0.036879302100694566, 0.026744136407288677, -6.588138161597791, 0.0, 68.29899560096108, 61.71085743935867, 1.0000083057112366, 0.0, 40.68765165083035, 41.68765995653662, 6.615000000000002
0.005602605210420847, 0.9627548669722898, 0.0013375234701463292, 41.54169785365593, -0.010147456832141777, 0.0, 0.03700683319453224, 0.026859376362390885, -6.586742045797188, 0.0, 68.40185585746553, 61.81511381166267, 1.000008436444153, 0.0, 40.7336810399548, 41.73368947639296, 6.615000000000001
0.005610420841683371, 0.9624113905994989, 0.0013393893146695507, 41.58386687604161, -0.010159745367765184, 0.0, 0.037134557256639056, 0.026974811888870853, -6.58534788319212, 0.0, 68.50584109489569, 61.920493211695764, 1.0000085598460713, 0.0, 40.78084967535404, 41.78085823519456, 6.615
0.0056182364729458955, 0.96206611979364, 0.0013412551591927722, 41.62734904413355, -0.010172031303916028, 0.0, 0.03726247640100122, 0.02709044509708569, -6.583955668537481, 0.0, 68.61096731730291, 62.0270116487686, 1.0000086757547817, 0.0, 40.82917192541979, 41.82918060117737, 6.614999999999999
0.005626052104208421, 0.961719058700993, 0.001343121003715994, 41.672164611336484, -0.010184314644224002, 0.0, 0.03739059277133916, 0.027206278127113848, -6.582565396607022, 0.0, 68.71725038269824, 62.13468498608672, 1.0000087840120002, 0.0, 40.87866199945419, 41.87867078346267, 6.615000000000001
0.005633867735470946, 0.9613702107458515, 0.0013449868482392155, 41.71833361555582, -0.010196595392309077, 0.0, 0.03751890854082229, 0.0273223131485143, -6.581177062193066, 0.0, 68.82470600012364, 62.24352893792944, 1.0000088844635202, 0.0, 40.92933394504368, 41.929342829505266, 6.615000000000001
0.0056416833667334715, 0.9610195786159927, 0.0013468526927624372, 41.765875871672506, -0.010208873551781501, 0.0, 0.037647425911791155, 0.02743855236001025, -6.579790660106232, 0.0, 68.93334972689667, 62.35355906678787, 1.0000089769593326, 0.0, 40.981201645598254, 41.981210622554585, 6.615000000000001
0.005649498997995996, 0.9606671642476634, 0.0013487185372856587, 41.81481096396783, -0.010221149126241873, 0.0, 0.03777614711545829, 0.02755499798921801, -6.578406185175163, 0.0, 69.04319696579317, 62.46479078061998, 1.000009061353795, 0.0, 41.034278817842115, 42.034287879196704, 6.615000000000002
0.00565731462925852, 0.9603129688117349, 0.0013505843818088802, 41.86515823848367, -0.010233422119281159, 0.0, 0.03790507441164981, 0.027671652292366566, -6.577023632246238, 0.0, 69.15426296217487, 62.57723932993342, 1.0000091375057805, 0.0, 41.088579009216424, 42.088588146728526, 6.615000000000001
0.0056651302605210474, 0.9599569926976308, 0.0013524502263321022, 41.91693679539185, -0.01024569253448072, 0.0, 0.03803421008846053, 0.027788517553979597, -6.575642996183305, 0.0, 69.2665628011806, 62.69091980499294, 1.0000092052788052, 0.0, 41.14411559540742, 42.14412480068203, 6.615000000000002
0.005672945891783572, 0.9595992354993577, 0.0013543160708553237, 41.970165481081494, -0.010257960375412345, 0.0, 0.03816355646200731, 0.027905596086594375, -6.574264271867394, 0.0, 69.38011140490714, 62.80584713303269, 1.0000092645411993, 0.0, 41.20090177778889, 42.20091104232347, 6.615000000000001
0.005680761523046096, 0.9592396959997522, 0.0013561819153785452, 42.02486288045293, -0.010270225645638304, 0.0, 0.0382931158760802, 0.02802289023044202, -6.5728874541964455, 0.0, 69.49492352957775, 62.922036075380895, 1.0000093151662544, 0.0, 41.258950580925344, 42.25895989609111, 6.615000000000001
0.005688577154308621, 0.9588783721554286, 0.0013580477599017668, 42.08104730890682, -0.010282488348711344, 0.0, 0.038422890701846235, 0.02814040235313464, -6.571512538085035, 0.0, 69.61101376273622, 63.039501224654906, 1.0000093570323494, 0.0, 41.31827485005945, 42.31828420709571, 6.615000000000001
0.005696392785571147, 0.958515261081466, 0.0013599136044249885, 42.138736804376094, -0.010294748488174757, 0.0, 0.03855288333753859, 0.028258134849363126, -6.570139518464084, 0.0, 69.728396520384, 63.15825700192018, 1.0000093900231408, 0.0, 41.3788872485506, 42.37889663857453, 6.615000000000002
0.005704208416833672, 0.9581503590357947, 0.0013617794489482102, 42.19794911924782, -0.010307006067562378, 0.0, 0.03868309620811372, 0.028376090140552757, -6.568768390280603, 0.0, 69.84708604418478, 63.27831765390158, 1.0000094140276794, 0.0, 41.44080025540221, 42.44080966942624, 6.615000000000002
0.005712024048096197, 0.957783661403564, 0.0013636452934714318, 42.25870171225233, -0.010319261090398634, 0.0, 0.03881353176494429, 0.028494270674544575, -6.5673991484973895, 0.0, 69.96709639861585, 63.39969725011659, 1.0000094289405836, 0.0, 41.50402616270672, 42.504035591646215, 6.615000000000002
0.005719839679358721, 0.957415162681805, 0.0013655111379946533, 42.32101174025138, -0.010331513560198567, 0.0, 0.038944192485482754, 0.028612678925285406, -6.566031788092762, 0.0, 70.08844146815458, 63.522409680059944, 1.0000094346621855, 0.0, 41.568577073144986, 42.5685865078044, 6.615000000000002
0.005727655310621247, 0.9570448564628578, 0.001367376982517875, 42.38489604991355, -0.01034376348046786, 0.0, 0.0390750808729039, 0.02873131739243795, -6.564666304060292, 0.0, 70.21113495447459, 63.64646865041402, 1.0000094310986762, 0.0, 41.63446489750799, 42.634474328604995, 6.615000000000001
0.005735470941883773, 0.9566727354189695, 0.0013692428270410967, 42.450371169391474, -0.010356010854702884, 0.0, 0.039206199455787294, 0.02885018860108346, -6.5633026914085075, 0.0, 70.33519037357216, 63.771887682165826, 1.0000094181622912, 0.0, 41.70170135211714, 42.7017107702823, 6.615000000000002
0.005743286573146297, 0.9562987912859526, 0.0013711086715643183, 42.517453299888984, -0.010368255686390689, 0.0, 0.03933755078774448, 0.028969295101354486, -6.561940945160632, 0.0, 70.46062105298914, 63.898680107826905, 1.0000093957714187, 0.0, 41.77029795637881, 42.770307352148116, 6.615000000000001
0.005751102204408822, 0.9559230148470483, 0.0013729745160875398, 42.58615830715826, -0.010380497979009067, 0.0, 0.039469137447089464, 0.029088639468079602, -6.560581060354299, 0.0, 70.58744012892127, 64.0268590685675, 1.0000093638507874, 0.0, 41.840266030190264, 42.84027539404216, 6.615000000000002
0.005758917835671346, 0.9555453959164346, 0.0013748403606107613, 42.65650171289417, -0.010392737736026555, 0.0, 0.03960096203645458, 0.029208224300426133, -6.5592230320412686, 0.0, 70.71566054348668, 64.15643751144025, 1.0000093223316187, 0.0, 41.91161669154289, 42.911626013870716, 6.615000000000003
0.005766733466933872, 0.9551659233229906, 0.001376706205133983, 42.728498686116836, -0.010404974960902485, 0.0, 0.03973302718244276, 0.02932805222153978, -6.55786685528716, 0.0, 70.84529504180863, 64.28742818651811, 1.0000092711517818, 0.0, 41.98436085391058, 42.98437012505937, 6.615000000000001
0.0057745490981963975, 0.9547845848934493, 0.0013785720496572048, 42.80216403442864, -0.010417209657086979, 0.0, 0.03986533553524518, 0.02944812587815826, -6.556512525171179, 0.0, 70.97635616924589, 64.41984364407533, 1.0000092102559361, 0.0, 42.05850922380835, 43.058518434064865, 6.615000000000002
0.005782364729458922, 0.9544013674359455, 0.0013804378941804263, 42.877512195198506, -0.010429441828020997, 0.0, 0.03999788976828933, 0.029568447940264697, -6.555160036785822, 0.0, 71.10885626854783, 64.55369623176335, 1.0000091395957158, 0.0, 42.134072298251, 43.134081437850696, 6.615000000000002
0.0057901803607214464, 0.9540162567230155, 0.0013823037387036478, 42.95455722670704, -0.010441671477136353, 0.0, 0.04013069257780977, 0.029689021100673507, -6.553809385236608, 0.0, 71.24280747703142, 64.68899809179082, 1.0000090591298672, 0.0, 42.21106036228721, 43.211069421413015, 6.615000000000001
0.0057979959919839735, 0.9536292374744342, 0.0013841695832268698, 43.03331279917984, -0.010453898607855745, 0.0, 0.04026374668252464, 0.029809848074669798, -6.552460565641806, 0.0, 71.3782217237469, 64.82576115810244, 1.0000089688244165, 0.0, 42.28948348644288, 43.289492455263975, 6.615000000000001
0.005805811623246498, 0.953240293340766, 0.0013860354277500913, 43.11379218577167, -0.010466123223592761, 0.0, 0.04039705482319578, 0.029930931599604582, -6.5511135731321595, 0.0, 71.51511072667478, 64.96399715353985, 1.0000088686528221, 0.0, 42.36935152427756, 43.36936039292649, 6.615000000000002
0.005813627254509022, 0.9528494068854911, 0.0013879012722733128, 43.19600825343605, -0.010478345327751937, 0.0, 0.040530619762258135, 0.03005227443450731, -6.549768402850581, 0.0, 71.6534859898561, 65.10371758701102, 1.000008758596163, 0.0, 42.45067410982157, 43.45068286842243, 6.615000000000002
0.005821442885771548, 0.9524565595681125, 0.0013897671167965346, 43.279973453783896, -0.010490564923728737, 0.0, 0.0406644442834081, 0.030173879359678635, -6.54842504995192, 0.0, 71.79335880063535, 65.24493375067678, 1.0000086386432476, 0.0, 42.5334606551524, 43.53346929378952, 6.615000000000002
0.005829258517034073, 0.9520617317262321, 0.001391632961319756, 43.365699813787614, -0.010502782014909607, 0.0, 0.04079853119119092, 0.03029574917627942, -6.547083509602645, 0.0, 71.93474022675542, 65.3876567171593, 1.0000085087908281, 0.0, 42.617720347821546, 43.61772885662026, 6.615000000000002
0.005837074148296598, 0.951664902558818, 0.0013934988058429778, 43.45319892648149, -0.010514996604671985, 0.0, 0.04093288331059841, 0.030417886705929487, -6.545743776980591, 0.0, 72.0776411135919, 65.5318973366115, 1.000008369043734, 0.0, 42.70346214841035, 43.70347051745207, 6.615000000000001
0.005844889779559123, 0.9512660501077228, 0.0013953646503661993, 43.54248194152751, -0.01052720869638431, 0.0, 0.04106750348665966, 0.03054029479027509, -6.5444058472746685, 0.0, 72.22207208130715, 65.67766623403213, 1.0000082194150302, 0.0, 42.79069478800829, 43.790703007423154, 6.615000000000001
0.005852705410821647, 0.9508651512401549, 0.0013972304948894208, 43.63355955572479, -0.01053941829340607, 0.0, 0.04120239458399921, 0.030662976290586563, -6.543069715684592, 0.0, 72.36804352200167, 65.8249738063114, 1.000008059926208, 0.0, 42.87942676570905, 43.8794348256343, 6.615000000000002
0.005860521042084173, 0.9504621816308294, 0.0013990963394126426, 43.72644200348441, -0.010551625399087801, 0.0, 0.04133755948640294, 0.030785934087316447, -6.541735377420598, 0.0, 72.51556559694251, 65.97383021951376, 1.00000789060732, 0.0, 42.96966634617545, 43.96967423677368, 6.615000000000001
0.005868336673346698, 0.950057115743757, 0.001400962183935864, 43.82113904714515, -0.010563830016771105, 0.0, 0.041473001096426154, 0.030909171079656295, -6.540402827703178, 0.0, 72.66464823366702, 66.12424540596908, 1.0000077114971535, 0.0, 43.06142155704691, 44.061429268548395, 6.615000000000002
0.005876152304609223, 0.9496499268140859, 0.0014028280284590858, 43.91765996728009, -0.010576032149788684, 0.0, 0.041608722334901094, 0.031032690185111456, -6.539072061762783, 0.0, 72.81530112323696, 66.27622906147838, 1.0000075226434084, 0.0, 43.15470018656654, 44.154707709214826, 6.615000000000002
0.005883967935871748, 0.9492405868301539, 0.0014046938729823074, 44.016013552860386, -0.010588231801464345, 0.0, 0.041744726140538146, 0.03115649433907297, -6.537743074839567, 0.0, 72.96753371733365, 66.42979064249366, 1.000007324102841, 0.0, 43.24950978097956, 44.24951710508256, 6.615000000000002
0.005891783567134273, 0.9488290665145129, 0.0014065597175055289, 44.11620809143733, -0.010600428975113027, 0.0, 0.041881015469449556, 0.03128058649433796, -6.536415862183088, 0.0, 73.12135522546737, 66.58493936328634, 1.000007115941448, 0.0, 43.34585764209872, 44.34586475804122, 6.615000000000002
0.005899599198396799, 0.9484153353058034, 0.0014084255620287508, 44.218251359174246, -0.010612623674040807, 0.0, 0.04201759329469468, 0.03140496962065353, -6.535090419052051, 0.0, 73.27677461219913, 66.74168419314528, 1.0000068982346155, 0.0, 43.44375082486394, 44.44375772309699, 6.615000000000002
0.005907414829659324, 0.9479993613397113, 0.0014102914065519724, 44.32215061074385, -0.010624815901544928, 0.0, 0.04215446260585143, 0.03152964670430536, -6.533766740714011, 0.0, 73.43380059420919, 66.90003385349566, 1.0000066710673077, 0.0, 43.54319613472727, 44.543202805795865, 6.615000000000002
0.005915230460921848, 0.9475811114305976, 0.0014121572510751939, 44.42791256930559, -0.010637005660913811, 0.0, 0.04229162640850315, 0.031654620747586515, -6.532444822445117, 0.0, 73.59244163757876, 67.05999681513985, 1.0000064345342068, 0.0, 43.6442001253088, 44.64420655985122, 6.615000000000002
0.0059230460921843725, 0.9471605510525407, 0.0014140230955984154, 44.53554341628842, -0.010649192955427076, 0.0, 0.04242908772380982, 0.03177989476838472, -6.531124659529807, 0.0, 73.75270595486323, 67.22158129533918, 1.0000061887399179, 0.0, 43.74676909578117, 44.74677528452544, 6.615000000000002
0.005930861723446899, 0.9467376443197821, 0.0014158889401216371, 44.64504878107164, -0.010661377788355549, 0.0, 0.04256684958800805, 0.031905471799653196, -6.529806247260559, 0.0, 73.91460150239024, 67.38479525512811, 1.0000059337990956, 0.0, 43.85090908852678, 44.850915022323804, 6.615000000000003
0.005938677354709424, 0.9463123539682385, 0.0014177547846448589, 44.756433730719436, -0.010673560162961266, 0.0, 0.04270491505193896, 0.03203135488898101, -6.5284895809375945, 0.0, 74.07813597730039, 67.54964639635222, 1.0000056698366382, 0.0, 43.956625886515305, 44.95663155633903, 6.615000000000002
0.0059464929859719485, 0.9458846413358941, 0.0014196206291680804, 44.86970275945987, -0.010685740082497518, 0.0, 0.04284328718057262, 0.032157547098073946, -6.527174655868606, 0.0, 74.24331681479578, 67.71614215892808, 1.0000053969878573, 0.0, 44.06392501088866, 45.06393040787825, 6.615000000000003
0.005954308617234473, 0.9454544663434916, 0.001421486473691302, 44.984859778244754, -0.010697917550208848, 0.0, 0.042981969052489744, 0.032284051502278865, -6.525861467368485, 0.0, 74.41015118533315, 67.88428971796694, 1.0000051153986396, 0.0, 44.17281171851811, 45.17281683392045, 6.615000000000001
0.005962124248496999, 0.9450217874749072, 0.0014233523182145236, 45.1019081041286, -0.010710092569331052, 0.0, 0.043120963759408104, 0.03241087119007391, -6.524550010759032, 0.0, 74.5786459917134, 68.0540959809508, 1.0000048252256128, 0.0, 44.283290999423265, 45.283295824647524, 6.615000000000002
0.005969939879759524, 0.9445865617575535, 0.0014252181627377454, 45.22085044957112, -0.01072226514309121, 0.0, 0.04326027440566782, 0.032538009262576884, -6.523240281368692, 0.0, 74.7488078663604, 68.22556758498948, 1.0000045266363369, 0.0, 44.3953675744069, 45.39537210104082, 6.615000000000001
0.005977755511022049, 0.9441487447428116, 0.001427084007260967, 45.341688911777965, -0.010734435274707693, 0.0, 0.04339990410774375, 0.03266546883303567, -6.521932274532274, 0.0, 74.92064316842665, 68.3987108938909, 1.0000042198094463, 0.0, 44.50904589249464, 45.50905011230088, 6.615000000000002
0.005985571142284573, 0.9437082904858514, 0.0014289498517841884, 45.46442496173768, -0.010746602967390167, 0.0, 0.04353985599370924, 0.03279325302631442, -6.520625985590661, 0.0, 75.09415798095316, 68.57353199536387, 1.0000039049348493, 0.0, 44.624330128460414, 45.6243340333999, 6.615000000000002
0.005993386773547099, 0.9432651515258073, 0.00143081569630741, 45.589059433367765, -0.010758768224339622, 0.0, 0.043680133202721905, 0.03292136497838305, -6.5193214098905505, 0.0, 75.2693581081217, 68.75003669823417, 1.0000035822138864, 0.0, 44.74122418042591, 45.741227762642296, 6.615000000000003
0.006001202404809625, 0.9428192788655636, 0.001432681540830632, 45.71559251256167, -0.010770931048748357, 0.0, 0.04382073888451132, 0.033049807835765055, -6.518018542784168, 0.0, 75.44624907236037, 68.92823052958154, 1.0000032518594941, 0.0, 44.85973166730943, 45.859734919172816, 6.615000000000003
0.006009018036072149, 0.9423706219515608, 0.0014345473853538534, 45.84402372605291, -0.010783091443800012, 0.0, 0.04396167619885483, 0.03317858475505542, -6.516717379628987, 0.0, 75.62483611154072, 69.10811873190627, 1.0000029140964053, 0.0, 44.979855926371734, 45.979858840462256, 6.615000000000001
0.006016833667334674, 0.9419191286535025, 0.001436413229877075, 45.97435193024012, -0.010795249412669567, 0.0, 0.04410294831502526, 0.033307698902353744, -6.515417915787459, 0.0, 75.80512417614132, 69.28970626035381, 1.0000025691612906, 0.0, 45.101600010745344, 46.10160257990793, 6.615000000000002
0.006024649298597199, 0.941464745243529, 0.0014382790744002965, 46.10657530000299, -0.010807404958523361, 0.0, 0.04424455841126251, 0.03343715345273646, -6.514120146626725, 0.0, 75.98711792642867, 69.4729977798013, 1.0000022173029628, 0.0, 45.22496668696168, 46.224968904265886, 6.615000000000002
0.006032464929859725, 0.9410074163762374, 0.0014401449189235184, 46.24069131730721, -0.010819558084519076, 0.0, 0.044386509674229524, 0.03356695158970968, -6.5128240675183475, 0.0, 76.17082172966659, 69.65799766215183, 1.0000018587825228, 0.0, 45.34995843251478, 46.34996029130144, 6.615000000000002
0.00604028056112225, 0.9405470850672515, 0.00144201076344674, 46.37669675986672, -0.010831708793805779, 0.0, 0.044528805298472474, 0.03369709650466768, -6.5115296738380355, 0.0, 76.35623965721513, 69.84470998337612, 1.0000014938735593, 0.0, 45.476577433308904, 46.47657892718081, 6.615000000000002
0.006048096192384774, 0.9400836926725091, 0.0014438766079699615, 46.51458768957309, -0.010843857089523902, 0.0, 0.044671448485838816, 0.03382759139631086, -6.510236960965351, 0.0, 76.54337548177051, 70.03313852080485, 1.0000011228623071, 0.0, 45.60482558127364, 46.604826704138446, 6.615000000000002
0.0060559118236473, 0.9396171788679553, 0.0014457424524931832, 46.65435944098499, -0.01085600297480527, 0.0, 0.044814442444939706, 0.033958439470133106, -6.508945924283452, 0.0, 76.73223267452589, 70.2232867502466, 1.0000007460478295, 0.0, 45.73470447186629, 46.73470521791921, 6.615000000000001
0.006063727454909825, 0.939147481627387, 0.0014476082970164047, 46.796006609656615, -0.010868146452773075, 0.0, 0.044957790390595775, 0.034089643937825986, -6.507656559178794, 0.0, 76.92281440230268, 70.4151578431354, 1.000000363742194, 0.0, 45.86621540155359, 46.86621576530502, 6.615000000000002
0.00607154308617235, 0.9386745372019618, 0.0014494741415396264, 46.939523040342465, -0.010880287526541936, 0.0, 0.045101495543223624, 0.034221208016681715, -6.506368861040874, 0.0, 77.11512352478097, 70.60875466375053, 0.9999999762706562, 0.0, 45.99935936543077, 46.99935934171184, 6.615000000000002
0.0060793587174348745, 0.9381982800988169, 0.001451339986062848, 47.0849018152112, -0.010892426199217842, 0.0, 0.045245561128311795, 0.034353134929093976, -6.505082825261936, 0.0, 77.30916259164697, 70.80407976637746, 0.9999995839718173, 0.0, 46.134137054692935, 47.13413663865716, 6.615000000000003
0.006087174348697399, 0.9377186430591351, 0.0014532058305860695, 47.23213524195671, -0.010904562473898208, 0.0, 0.04538999037579128, 0.03448542790189735, -6.503798447236697, 0.0, 77.5049338397443, 71.00113539250952, 0.9999991871978281, 0.0, 46.27054885418052, 47.27054804137733, 6.615000000000002
0.006094989979959925, 0.937235557036999, 0.0014550716751092912, 47.38121484175099, -0.010916696353671845, 0.0, 0.04553478651949283, 0.03461809016581885, -6.502515722362081, 0.0, 77.70243919033301, 71.19992346797079, 0.9999987863145348, 0.0, 46.40859483996953, 47.40859362628539, 6.615000000000002
0.00610280561122245, 0.9367489511774991, 0.0014569375196325127, 47.53213133717691, -0.010928827841618987, 0.0, 0.04567995279652548, 0.03475112495490462, -6.501234646036923, 0.0, 77.90168024612844, 71.400445600092, 0.9999983817016956, 0.0, 46.54827477679338, 47.54827315849684, 6.615000000000001
0.006110621242484975, 0.9362587527948847, 0.0014588033641557345, 47.68487464005739, -0.010940956940811273, 0.0, 0.04582549244669165, 0.034884535505878, -6.499955213661703, 0.0, 78.10265828861537, 71.60270307495814, 0.9999979737531232, 0.0, 46.68958811571197, 47.689586089471184, 6.615000000000002
0.006118436873747499, 0.9357648873508637, 0.001460669208678956, 47.83943383926999, -0.010953083654311767, 0.0, 0.045971408711880324, 0.03501832505756641, -6.498677420638271, 0.0, 78.30537427512132, 71.80669685447882, 0.9999975628768855, 0.0, 46.83253399155203, 47.832531554426154, 6.615000000000001
0.006126252505010025, 0.9352672784318941, 0.0014625350532021775, 47.99579718826135, -0.010965207985174967, 0.0, 0.046117704835464624, 0.035152496850284765, -6.497401262369558, 0.0, 78.50982883604398, 72.01242757367382, 0.9999971494954865, 0.0, 46.977111220496056, 47.97710836999429, 6.615000000000001
0.006134068136272551, 0.9347658477278102, 0.0014644008977253995, 48.153952092783584, -0.010977329936446777, 0.0, 0.04626438406168254, 0.035287054125231476, -6.496126734259312, 0.0, 78.71602227201107, 72.21989553774823, 0.9999967340460287, 0.0, 47.123318297612194, 48.12331503165761, 6.615000000000001
0.006141883767535075, 0.9342605150089653, 0.001466266742248621, 48.31388509827411, -0.01098944951116453, 0.0, 0.04641144963503008, 0.035422000123866315, -6.494853831711806, 0.0, 78.92395455102131, 72.42910071930854, 0.9999963169804099, 0.0, 47.271153394353924, 48.271149711332846, 6.615000000000002
0.0061496993987976, 0.9337511981035576, 0.0014681325867718425, 48.47558187730101, -0.011001566712356978, 0.0, 0.04655890479962976, 0.03555733808726891, -6.493582550131577, 0.0, 79.13362530569461, 72.64004275556152, 0.9999958987654868, 0.0, 47.42061435618332, 48.42061025494995, 6.615000000000003
0.006157515030060126, 0.9332378128760439, 0.0014699984312950643, 48.63902721688646, -0.011013681543044326, 0.0, 0.04670675279859715, 0.035693071255551434, -6.492312884923131, 0.0, 79.34503383037395, 72.85272094545323, 0.9999954798832872, 0.0, 47.571698700044166, 48.57169417993081, 6.615000000000002
0.00616533066132265, 0.9327202732032376, 0.0014718642758182858, 48.804205005688345, -0.011025794006238173, 0.0, 0.04685499687342132, 0.03582920286718072, -6.491044831490674, 0.0, 79.55817907832049, 73.06713424682883, 0.9999950608311643, 0.0, 47.72440361191603, 48.724398672747846, 6.615000000000002
0.006173146292585176, 0.9321984909526293, 0.0014737301203415075, 48.97109822123275, -0.011037904104941553, 0.0, 0.04700364026331316, 0.035965736158367845, -6.489778385237842, 0.0, 79.77305965891729, 73.28328127367914, 0.999994642121969, 0.0, 47.878725944396336, 48.878720586520544, 6.615000000000001
0.0061809619238477, 0.9316723759582572, 0.001475595964864729, 49.139688916862724, -0.011050011842148932, 0.0, 0.047152686204568584, 0.03610267436241732, -6.488513541567408, 0.0, 79.9896738347929, 73.50116029322913, 0.9999942242842755, 0.0, 48.034662214189034, 49.03465643847853, 6.615000000000003
0.0061887775551102255, 0.931141835998865, 0.0014774618093879506, 49.30995820878525, -0.011062117220846185, 0.0, 0.04730213792990612, 0.036240020709059184, -6.487250295881018, 0.0, 80.20801951906802, 73.72076922318446, 0.9999938078625144, 0.0, 48.19220859973103, 49.19220240759152, 6.615000000000001
0.006196593186372751, 0.9306067767739492, 0.0014793276539111723, 49.48188626291267, -0.01107422024401061, 0.0, 0.047451998667842776, 0.036377778423831275, -6.485988643578901, 0.0, 80.42809427241818, 73.94210562883131, 0.9999933934171917, 0.0, 48.351360938605936, 49.35135433201577, 6.615000000000002
0.006204408817635276, 0.9300671018805815, 0.001481193498434394, 49.655452281658654, -0.011086320914610922, 0.0, 0.04760227164198971, 0.03651595072738023, -6.484728580059604, 0.0, 80.64989530037272, 74.16516672031065, 0.9999929815250534, 0.0, 48.51211472524542, 49.51210770676704, 6.615000000000002
0.006212224448897801, 0.9295227127904084, 0.0014830593429576155, 49.83063449065048, -0.01109841923560725, 0.0, 0.047752960070431394, 0.03665454083482422, -6.483470100719702, 0.0, 80.87341945038125, 74.38994934966179, 0.9999925727792852, 0.0, 48.67446510833902, 49.67445768111852, 6.615
0.006220040080160326, 0.9289735088252158, 0.001484925187480837, 50.00741012533763, -0.011110515209951134, 0.0, 0.04790406716501683, 0.03679355195506595, -6.482213200953535, 0.0, 81.0986632090879, 74.61645000813766, 0.9999921677896716, 0.0, 48.8384068885081, 49.838399056300894, 6.615000000000002
0.00622785571142285, 0.9284193871344755, 0.0014867910320040586, 50.18575541753307, -0.011122608840585505, 0.0, 0.04805559613071719, 0.03693298729013006, -6.480957876152918, 0.0, 81.32562269941118, 74.84466482324741, 0.9999917671827984, 0.0, 49.003934515737775, 50.003926282910804, 6.615
0.0062356713426853765, 0.9278602426705334, 0.0014886568765272805, 50.36564558178725, -0.011134700130444713, 0.0, 0.0482075501649053, 0.03707285003446503, -6.479704121706864, 0.0, 81.55429367777816, 75.07458955606876, 0.9999913716022432, 0.0, 49.17104208701318, 50.1710334586099, 6.615000000000002
0.006243486973947901, 0.9272959681649198, 0.001490522721050502, 50.547054801836566, -0.011146789082454485, 0.0, 0.0483599324567181, 0.037213143374259516, -6.478451933001316, 0.0, 81.78467153128429, 75.30621959828595, 0.9999909817087431, 0.0, 49.33972334382249, 50.339714325536974, 6.615000000000001
0.006251302605210426, 0.9267264541049798, 0.0014923885655737236, 50.729956216773644, -0.011158875699531938, 0.0, 0.048512746186317734, 0.03735387048678551, -6.477201305418865, 0.0, 82.01675127486668, 75.53954996944677, 0.9999905981803797, 0.0, 49.50997166973895, 50.50996226791848, 6.615000000000001
0.006259118236472951, 0.9261515887090397, 0.001494254410096945, 50.91432190725209, -0.011170959984585588, 0.0, 0.04866599452423381, 0.03749503453964875, -6.475952234338458, 0.0, 82.2505275484554, 75.77457531411955, 0.9999902217128043, 0.0, 49.68178008792327, 50.681770309638324, 6.615000000000002
0.006266933867735477, 0.9255712579019928, 0.001496120254620167, 51.10012288155667, -0.0111830419405153, 0.0, 0.04881968063062936, 0.03763663869011724, -6.47470471513515, 0.0, 82.48599461417811, 76.01128989904264, 0.9999898530193557, 0.0, 49.855141258728004, 50.8551311117449, 6.615
0.006274749498998001, 0.9249853452916383, 0.0014979860991433886, 51.28732906161349, -0.011195121570212319, 0.0, 0.048973807654611345, 0.037778686084400714, -6.473458743179803, 0.0, 82.72314635354662, 76.24968761037088, 0.9999894928313054, 0.0, 50.030047477250896, 51.030036970085135, 6.615000000000003
0.006282565130260526, 0.924393732143507, 0.00149985194366661, 51.47590926883095, -0.011207198876559252, 0.0, 0.04912837873350706, 0.0379211798569461, -6.472214313838811, 0.0, 82.96197626459296, 76.48976195075842, 0.9999891418980239, 0.0, 50.20649067085799, 51.20647981276141, 6.615000000000001
0.006290380761523052, 0.923796297356752, 0.0015017177881898318, 51.665831209955286, -0.011219273862430048, 0.0, 0.049283396992166884, 0.03806412312973939, -6.470971422473832, 0.0, 83.20247745902925, 76.73150603654898, 0.9999888009871549, 0.0, 50.38446239670985, 51.38445119768886, 6.615000000000002
0.0062981963927855765, 0.9231929174385627, 0.0015035836327130534, 51.857061462793354, -0.011231346530689997, 0.0, 0.04943886554220933, 0.03820751901152075, -6.4697300644415074, 0.0, 83.44464265950855, 76.97491259507295, 0.9999884708848248, 0.0, 50.56395383942459, 51.56394231031438, 6.615000000000001
0.006306012024048102, 0.922583466480468, 0.001505449477236275, 52.04956546176254, -0.01124341688419573, 0.0, 0.04959478748133028, 0.03835137059712945, -6.468490235093171, 0.0, 83.6884641966914, 77.21997396161015, 0.9999881523958261, 0.0, 50.74495580850086, 51.744943960911996, 6.615000000000001
0.006313827655310626, 0.921967816132323, 0.0015073153217594966, 52.24330748350803, -0.011255484925795187, 0.0, 0.049751165892522486, 0.038495680966724066, -6.467251929774595, 0.0, 83.93393400650474, 77.4666820767277, 0.9999878463437842, 0.0, 50.92745873599021, 51.92744658233368, 6.615
0.0063216432865731515, 0.9213458355774407, 0.0015091811662827181, 52.43825063228542, -0.011267550658327626, 0.0, 0.049908003843370796, 0.03864045318504372, -6.466015143825698, 0.0, 84.18104362727803, 77.71502848345523, 0.9999875535713687, 0.0, 51.111452673993234, 52.11144022756712, 6.615
0.006329458917835677, 0.9207173915078144, 0.0015110470108059399, 52.634356825343275, -0.011279614084623607, 0.0, 0.0500653043853152, 0.03878569030069201, -6.464779872580261, 0.0, 84.42978419690023, 77.96500432432951, 0.9999872749404851, 0.0, 51.29692729219539, 52.29691456714515, 6.615000000000002
0.006337274549098201, 0.9200823480980489, 0.0015129128553291614, 52.83158677816027, -0.011291675207504964, 0.0, 0.050223070552862126, 0.03893139534535628, -6.463546111365666, 0.0, 84.68014645003872, 78.21660033866674, 0.9999870113324395, 0.0, 51.483871875496085, 52.483858886822794, 6.615
0.006345090180360727, 0.9194405669803274, 0.0015147786998523831, 53.02989998959856, -0.011303734029784818, 0.0, 0.05038130536287122, 0.03907757133308509, -6.462313855502611, 0.0, 84.93212071526398, 78.46980685976135, 0.9999867636481463, 0.0, 51.67227532149066, 52.672262085139664, 6.615000000000001
0.006352905811623252, 0.9187919072185693, 0.0015166445443756046, 53.229254727004445, -0.011315790554267556, 0.0, 0.050540011813754226, 0.03922422125948932, -6.461083100304826, 0.0, 85.18569691226851, 78.72461381196607, 0.9999865328083246, 0.0, 51.86212613810185, 52.8621126709108, 6.615000000000001
0.006360721442885776, 0.9181362252830638, 0.0015185103888988262, 53.42960801114896, -0.011327844783748804, 0.0, 0.050699192884748445, 0.03937134810100229, -6.459853841078809, 0.0, 85.44086454903433, 78.98101070795451, 0.9999863197536647, 0.0, 52.0534124411078, 53.05339876085871, 6.615000000000002
0.006368537074148303, 0.917473375023981, 0.0015203762334220481, 53.63091560113753, -0.011339896721015428, 0.0, 0.05085885153512759, 0.03951895481411016, -6.45862607312354, 0.0, 85.69761271897093, 79.23898664585258, 0.9999861254450318, 0.0, 52.24612195167909, 53.24610807713062, 6.615000000000001
0.006376352705410827, 0.9168032076460548, 0.0015222420779452696, 53.833131979203245, -0.011351946368845515, 0.0, 0.05101899070341753, 0.03966704433456769, -6.457399791730193, 0.0, 85.95593009810663, 79.49853030637067, 0.9999859508636728, 0.0, 52.44024199396275, 53.4402279448235, 6.615000000000002
0.006384168336673352, 0.9161255716819099, 0.0015241079224684912, 54.03621033538366, -0.011363993730008362, 0.0, 0.05117961330662357, 0.03981561957661306, -6.456174992181886, 0.0, 86.2158049423008, 79.75962995011506, 0.9999857970113702, 0.0, 52.63575949267705, 53.63574528968597, 6.615
0.006391983967935878, 0.915440312966112, 0.001525973766991713, 54.24010255211215, -0.011376038807264453, 0.0, 0.051340722239455516, 0.039964683432192505, -6.454951669753378, 0.0, 86.47722508436286, 80.02227341461148, 0.9999856649106661, 0.0, 52.83266097061139, 53.83264663552312, 6.615000000000001
0.006399799599198402, 0.9147472746089989, 0.0015278396115149344, 54.44475918880016, -0.011388081603365451, 0.0, 0.0515023203735101, 0.04011423877014186, -6.453729819710806, 0.0, 86.74017793125392, 80.28644811154037, 0.9999855556050369, 0.0, 53.03093254623421, 54.03091810183833, 6.615000000000001
0.0064076152304609274, 0.9140462969699783, 0.0015297054560381561, 54.650129466101134, -0.01140012212105417, 0.0, 0.0516644105565045, 0.04026428843544716, -6.452509437311394, 0.0, 87.00465046126303, 80.552141023949, 0.9999854701590872, 0.0, 53.23055993123892, 54.23054540139746, 6.615000000000002
0.006415430861723453, 0.913337217630648, 0.0015315713005613777, 54.85616125043089, -0.011412160363064581, 0.0, 0.051826995611431226, 0.04041483524836753, -6.451290517803197, 0.0, 87.270629221186, 80.81933870339344, 0.9999854096587497, 0.0, 53.43152842814116, 54.43151383780998, 6.615000000000002
0.006423246492985977, 0.9126198713689178, 0.0015334371450845992, 55.062801037996906, -0.011424196332121762, 0.0, 0.05199007833581115, 0.0405658820036896, -6.4500730564247934, 0.0, 87.53810032344815, 81.08802726702679, 0.9999853752114707, 0.0, 53.63382292775296, 54.63380830296772, 6.615
0.0064310621242485025, 0.9118940901312342, 0.001535302989607821, 55.26999393906226, -0.011436230030941913, 0.0, 0.05215366150081291, 0.040717431469868615, -6.448857048405039, 0.0, 87.80704944337091, 81.3581923949707, 0.9999853679464016, 0.0, 53.83742790688509, 54.837413274837864, 6.615000000000001
0.006438877755511028, 0.9111597030064686, 0.0015371688341310427, 55.477683661893025, -0.011448261462232316, 0.0, 0.052317747850498364, 0.04086948638825927, -6.4476424889627655, 0.0, 88.07746181624594, 81.6298193272789, 0.9999853890145989, 0.0, 54.04232742577188, 55.04231281478662, 6.615
0.006446693386773552, 0.9104165361979639, 0.0015390346786542642, 55.68581249678391, -0.011460290628691316, 0.0, 0.052482340100935776, 0.04102204947224042, -6.4464293733065166, 0.0, 88.34932223459025, 81.90289286128387, 0.9999854395892026, 0.0, 54.24850512576041, 55.24849056535238, 6.615000000000001
0.006454509018036078, 0.909664412997202, 0.0015409005231774857, 55.89432129981651, -0.011472317533008324, 0.0, 0.05264744093942042, 0.04117512340641305, -6.445217696634259, 0.0, 88.62261504528708, 82.17739734864999, 0.9999855208656581, 0.0, 54.45594422681249, 55.455929747674716, 6.615000000000001
0.006462324649298602, 0.9089031537557375, 0.0015427663677007072, 56.103149476582985, -0.011484342177863767, 0.0, 0.05281305302363304, 0.04132871084576806, -6.444007454133123, 0.0, 88.89732414672476, 82.45331669259056, 0.9999856340618737, 0.0, 54.66462752504249, 55.66461315910407, 6.615
0.006470140280561128, 0.9081325758582466, 0.0015446322122239292, 56.3122349659734, -0.011496364565929092, 0.0, 0.05297917898076898, 0.041482814414840696, -6.442798640979105, 0.0, 89.17343298606905, 82.73063434508677, 0.9999857804184431, 0.0, 54.87453739040445, 55.87452317081921, 6.615000000000002
0.006477955911823653, 0.9073524936949866, 0.0015464980567471507, 56.521514223604754, -0.011508384699866722, 0.0, 0.05314582140673352, 0.04163743670686548, -6.441591252336798, 0.0, 89.45092455630297, 83.00933330397136, 0.9999859611988267, 0.0, 55.085655764101205, 56.08564172530609, 6.615000000000001
0.006485771543086178, 0.9065627186336371, 0.0015483639012703722, 56.730922205282695, -0.01152040258233006, 0.0, 0.053312982865265646, 0.0417925802829342, -6.440385283359121, 0.0, 89.72978139352382, 83.28939611016281, 0.9999861776895484, 0.0, 55.29796415629399, 56.29795033398255, 6.615000000000001
0.0064935871743487025, 0.9057630589918801, 0.0015502297457935937, 56.94039235040691, -0.011532418215963442, 0.0, 0.053480665887088996, 0.04194824767112415, -6.439180729187031, 0.0, 90.00998557404027, 83.5708048448614, 0.999986431200389, 0.0, 55.511443643591655, 56.51143007480112, 6.615
0.006501402805611229, 0.9049533200094757, 0.0015520955903168157, 57.149856565216396, -0.011544431603402143, 0.0, 0.05364887296905607, 0.04210444136565483, -6.4379775849492455, 0.0, 90.2915187115893, 83.85354112665193, 0.9999867230645916, 0.0, 55.72607486666143, 56.72606158973733, 6.615000000000001
0.006509218436873753, 0.9041333038198687, 0.0015539614348400372, 57.35924520595654, -0.011556442747272319, 0.0, 0.0538176065732765, 0.0422611638260002, -6.43677584576198, 0.0, 90.57436195449425, 84.13758610873795, 0.9999870546390346, 0.0, 55.94183802778792, 56.941825082435194, 6.614999999999999
0.006517034068136278, 0.903302809422442, 0.0015558272793632587, 57.568487061851556, -0.011568451650191007, 0.0, 0.05398686912626216, 0.04241841747606978, -6.435575506728643, 0.0, 90.85849598281511, 84.42292047609776, 0.9999874273044551, 0.0, 56.158712888410875, 57.1587003157275, 6.615
0.006524849699398804, 0.9024616326539103, 0.0015576931238864805, 57.77750933826428, -0.011580458314766107, 0.0, 0.05415666301801769, 0.0425762047032503, -6.4343765629395895, 0.0, 91.14390100556753, 84.70952444261765, 0.9999878424656258, 0.0, 56.3766787667638, 57.37666660921996, 6.615000000000001
0.006532665330661328, 0.9016095661601469, 0.001559558968409702, 57.98623763937576, -0.011592462743596326, 0.0, 0.05432699060119317, 0.042734527857599236, -6.4331790094718215, 0.0, 91.43055675785973, 84.99737774838515, 0.9999883015515477, 0.0, 56.59571453538774, 57.59570283693498, 6.615000000000001
0.0065404809619238535, 0.9007463993672005, 0.0015614248129329237, 58.19459595104854, -0.011604464939271197, 0.0, 0.05449785419017594, 0.04289338925090913, -6.431982841388724, 0.0, 91.71844249809637, 85.28645965670222, 0.9999888060156691, 0.0, 56.81579861874802, 57.81578742475547, 6.615
0.006548296593186379, 0.8998719184533215, 0.0015632906574561452, 58.40250662344806, -0.011616464904371007, 0.0, 0.05466925606022288, 0.04305279115585092, -6.430788053739768, 0.0, 92.00753700511727, 85.57674895137654, 0.9999893573360611, 0.0, 57.03690899075744, 58.03689834809315, 6.615
0.006556112224448903, 0.8989859063194388, 0.0015651565019793668, 58.6098903536913, -0.011628462641466806, 0.0, 0.05484119844651625, 0.043212735805048474, -6.429594641560262, 0.0, 92.29781857543364, 85.86822393387189, 0.9999899570156199, 0.0, 57.259023172442554, 58.259013129457315, 6.615000000000001
0.006563927855711429, 0.8980881425608089, 0.0015670223465025885, 58.8166661681862, -0.01164045815312036, 0.0, 0.05501368354330971, 0.04337322539018729, -6.428402599871046, 0.0, 92.58926502031935, 86.16086242045282, 0.9999906065822671, 0.0, 57.48211822940482, 58.48210883599293, 6.615
0.006571743486973953, 0.8971784034378132, 0.00156888819102581, 59.02275140516031, -0.011652451441884138, 0.0, 0.055186713503005524, 0.043534262061117435, -6.427211923678228, 0.0, 92.88185366302977, 86.45464173934828, 0.9999913075891558, 0.0, 57.70617076945024, 58.70616207703865, 6.615000000000001
0.006579559118236479, 0.8962564618467823, 0.0015707540355490318, 59.22806169681826, -0.011664442510301274, 0.0, 0.055360290435230386, 0.04369584792492587, -6.426022607972909, 0.0, 93.17556133598279, 86.74953872801248, 0.9999920616148437, 0.0, 57.93115694017929, 58.93114900179881, 6.615
0.006587374749499004, 0.895322087290154, 0.0015726198800722533, 59.43251095153937, -0.011676431360905536, 0.0, 0.05553441640591483, 0.04385798504500249, -6.424834647730903, 0.0, 93.470364377949, 87.0455297302239, 0.999992870263506, 0.0, 58.15705242658074, 59.157045296854385, 6.615
0.006595190380761528, 0.8943750458484061, 0.0015744857245954748, 59.636011335962394, -0.011688417996221313, 0.0, 0.055709093436390855, 0.04402067544017019, -6.423648037912453, 0.0, 93.7662386311564, 87.34259059323551, 0.9999937351651415, 0.0, 58.38383244852562, 59.383826183681904, 6.615000000000001
0.006603006012024054, 0.8934151001494541, 0.0015763515691186968, 59.83847325696661, -0.011700402418763575, 0.0, 0.05588432350245265, 0.04418392108368252, -6.42246277346196, 0.0, 94.0631594385246, 87.64069666505664, 0.999994657975755, 0.0, 58.611471758411255, 59.61146641638516, 6.615000000000001
0.006610821643286579, 0.8924420093394119, 0.0015782174136419183, 60.03980534354196, -0.011712384631037827, 0.0, 0.056060108533409814, 0.04434772390237063, -6.421278849307695, 0.0, 94.36110164080942, 87.9398227915119, 0.99999564037757, 0.0, 58.83994463871764, 59.83994027910624, 6.615
0.006618637274549104, 0.8914555290522443, 0.0015800832581651398, 60.23991442841725, -0.011724364635540122, 0.0, 0.056236450411161876, 0.04451208577561916, -6.4200962603615475, 0.0, 94.66003957384854, 88.23994331347534, 0.999996684079212, 0.0, 59.06922489964836, 60.06922158371758, 6.615000000000001
0.006626452905811629, 0.8904554113811685, 0.0015819491026883615, 60.438705530013976, -0.011736342434756986, 0.0, 0.056413350969249265, 0.04467700853449097, -6.418915001518714, 0.0, 94.95994706558412, 88.54103206406081, 0.9999977908159227, 0.0, 59.29928587656072, 60.29928366737288, 6.615
0.006634268537074154, 0.8894414048472541, 0.001583814947211583, 60.63608183374345, -0.01174831803116541, 0.0, 0.056590811991904744, 0.044842493960740804, -6.4177350676574445, 0.0, 95.26079743341525, 88.84306236574378, 0.9999989623497504, 0.0, 59.53010042772223, 60.53009939005704, 6.615
0.006642084168336679, 0.8884132543702137, 0.0015856807917348048, 60.83194467359499, -0.011760291427232809, 0.0, 0.05676883521310039, 0.04500854378586938, -6.4165564536387585, 0.0, 95.56256348121478, 89.14600702758398, 1.0000002004697461, 0.0, 59.76164093173192, 60.7616411322085, 6.615
0.0066498997995992045, 0.8873707012376855, 0.0015875466362580263, 61.02619351345129, -0.011772262625417007, 0.0, 0.056947422315580365, 0.04517515969016461, -6.415379154306162, 0.0, 95.865217496636, 89.44983834232445, 1.0000015069921817, 0.0, 59.9938792852371, 60.9938807922231, 6.615000000000002
0.006657715430861729, 0.8863134830749999, 0.0015894124807812478, 61.21872592841282, -0.011784231628166164, 0.0, 0.05712657492988438, 0.04534234330171749, -6.414203164485375, 0.0, 96.1687312481868, 89.75452808370947, 1.0000028837607227, 0.0, 60.22678690042075, 61.22678978418999, 6.615000000000001
0.006665531062124254, 0.8852413338151734, 0.0015912783253044696, 61.409437585831256, -0.011796198437918796, 0.0, 0.05730629463342796, 0.0455100961955095, -6.4130284789840495, 0.0, 96.47307598244659, 90.06004750346534, 1.0000043326466577, 0.0, 60.460334702593386, 61.460339035242626, 6.615
0.0066733466933867796, 0.8841539836669909, 0.0015931441698276913, 61.59822222653929, -0.011808163057103697, 0.0, 0.057486582949440646, 0.04567841989233612, -6.411855092591504, 0.0, 96.77822242126821, 90.36636732866607, 1.0000058555490676, 0.0, 60.694493127855814, 61.69449898339477, 6.615
0.006681162324649305, 0.8830511590857242, 0.0015950100143509128, 61.78497164557302, -0.01182012548813993, 0.0, 0.05766744134606272, 0.04584731585792534, -6.410683000078434, 0.0, 97.08414075887491, 90.67345775879417, 1.0000074543950526, 0.0, 60.92923212055492, 61.929239574946074, 6.615000000000001
0.006688977955911829, 0.8819325827414133, 0.0015968758588741343, 61.96957567328354, -0.01183208573343677, 0.0, 0.05784887123531801, 0.04601678550188604, -6.409512196196633, 0.0, 97.3908006591078, 90.98128846291193, 1.000009131139918, 0.0, 61.16452113096469, 62.164530262102375, 6.615
0.006696793587174354, 0.8807979734883276, 0.0015987417033973559, 62.15192215581192, -0.011844043795393704, 0.0, 0.05803087397213513, 0.0461868301767403, -6.408342675678726, 0.0, 97.6981712525763, 91.28982857690328, 1.000010887767384, 0.0, 61.40032911283701, 62.4003400006108, 6.615
0.00670460921843688, 0.8796470463332895, 0.0016006075479205778, 62.331896935942495, -0.011855999676400353, 0.0, 0.058213450853334514, 0.04635745117693357, -6.407174433237876, 0.0, 98.00622113381033, 91.59904670056692, 1.0000127262897809, 0.0, 61.63662452097277, 62.63663724725736, 6.615
0.006712424849699405, 0.8784795124051357, 0.0016024733924437993, 62.50938383347966, -0.011867953378836468, 0.0, 0.05839660311664874, 0.04652864973780835, -6.4060074635675335, 0.0, 98.31491835846977, 91.90891089489818, 1.0000146487482502, 0.0, 61.873375308826425, 62.87338995757307, 6.615000000000001
0.00672024048096193, 0.8772950789229697, 0.0016043392369670209, 62.68426462577918, -0.01187990490507187, 0.0, 0.05858033193969536, 0.04670042703462496, -6.404841761341122, 0.0, 98.62423044046811, 92.21938867912507, 1.0000166572129552, 0.0, 62.11054892605187, 63.110565583262, 6.615000000000001
0.006728056112224454, 0.8760934491646566, 0.0016062050814902424, 62.8564190280631, -0.011891854257466425, 0.0, 0.0587646384389684, 0.04687278418150109, -6.403677321211794, 0.0, 98.93412434923901, 92.53044702803388, 1.0000187537832639, 0.0, 62.348112316176355, 63.34813106996683, 6.615000000000001
0.00673587174348698, 0.8748743224356019, 0.0016080709260134643, 63.02572467357459, -0.011903801438370012, 0.0, 0.05894952366883777, 0.04704572223046899, -6.40251413781213, 0.0, 99.24456650678, 92.8420523689766, 1.000020940587976, 0.0, 62.5860319140439, 63.58605285463983, 6.615
0.006743687374749506, 0.8736373940365354, 0.0016099367705366859, 63.192057093758194, -0.01191574645012247, 0.0, 0.0591349886204906, 0.0472192421703701, -6.401352205753879, 0.0, 99.55552278495713, 93.15417057920239, 1.000023219785507, 0.0, 62.824273643553006, 63.824296863336414, 6.615000000000001
0.00675150300601203, 0.8723823552319772, 0.0016118026150599074, 63.35528969822917, -0.011927689295053556, 0.0, 0.05932103422092361, 0.04739334492587055, -6.400191519627664, 0.0, 99.86695850259437, 93.46676698297163, 1.0000255935640943, 0.0, 63.06280291514438, 64.06282850871307, 6.615
0.0067593186372745554, 0.8711088932185191, 0.0016136684595831291, 63.51529375471728, -0.01193962997548293, 0.0, 0.059507661331922534, 0.04756803135643439, -6.399032074002716, 0.0, 100.17883842265061, 93.77980634864724, 1.0000280641420074, 0.0, 63.3015846233816, 64.30161268752619, 6.615
0.00676713426853708, 0.8698166910919269, 0.0016155343041063506, 63.67193836882143, -0.011951568493720085, 0.0, 0.059694870748969286, 0.047743302255247144, -6.397873863426599, 0.0, 100.49112674946912, 94.09325288603748, 1.0000306337677307, 0.0, 63.54058314464599, 64.54061377840995, 6.615
0.006774949899799605, 0.8685054278159043, 0.0016174001486295724, 63.82509046375708, -0.011963504852064336, 0.0, 0.0598826632002849, 0.047919158348221025, -6.396716882424918, 0.0, 100.80378712583259, 94.40707024342052, 1.000033304720203, 0.0, 63.77976233455033, 64.77979563928311, 6.615
0.0067827655310621305, 0.8671747781893799, 0.0016192659931527939, 63.97461475983437, -0.011975439052804744, 0.0, 0.06007103934567848, 0.048095600292873186, -6.395561125501047, 0.0, 101.1167826302774, 94.72122150477486, 1.0000360793089846, 0.0, 64.01908552572876, 65.0191216050366, 6.615000000000001
0.006790581162324655, 0.8658244128132679, 0.0016211318376760154, 64.1203737541, -0.011987371098220104, 0.0, 0.06025999977556218, 0.04827262867733939, -6.394406587135875, 0.0, 101.43007577415818, 95.03566918701918, 1.0000389598744661, 0.0, 64.25851552527163, 65.25855448514463, 6.615000000000002
0.00679839679358718, 0.8644539980598296, 0.0016229976821992371, 64.26222769954256, -0.0119993009905789, 0.0, 0.060449545009880534, 0.04845024401929887, -6.39325326178748, 0.0, 101.74362849881155, 95.35037523702556, 1.0000419487881071, 0.0, 64.4980146123095, 65.49805656110081, 6.615000000000002
0.006806212424849705, 0.8630631960379986, 0.0016248635267224587, 64.40003458450519, -0.012011228732139228, 0.0, 0.0606396754970131, 0.048628446764874766, -6.392101143890895, 0.0, 102.05740217283785, 95.66530102894697, 1.0000450484525893, 0.0, 64.7375445357288, 65.73758958418085, 6.615000000000003
0.006814028056112231, 0.8616516645614212, 0.0016267293712456804, 64.53365011171991, -0.012023154325148815, 0.0, 0.06083039161272463, 0.04880723728757497, -6.390950227857815, 0.0, 102.37135758921542, 95.98040736136196, 1.0000482613020572, 0.0, 64.9770665116877, 65.97711477299463, 6.615000000000001
0.006821843687374755, 0.8602190571158275, 0.001628595215768902, 64.66292767740015, -0.012035077771844899, 0.0, 0.061021693659095266, 0.04898661588725206, -6.389800508076319, 0.0, 102.68545496243559, 96.29565445436398, 1.000051589802297, 0.0, 65.21654122116234, 66.21659281096832, 6.615000000000002
0.00682965931863728, 0.8587650228254091, 0.0016304610602921234, 64.78771835026419, -0.012046999074454256, 0.0, 0.0612135818634294, 0.04916658278897312, -6.388651978910587, 0.0, 102.99965392572356, 96.61100194681853, 1.0000550364509706, 0.0, 65.45592880758919, 66.45598384404697, 6.615000000000001
0.006837474949899806, 0.8572892064199067, 0.0016323269048153454, 64.90787085023112, -0.01205891823519312, 0.0, 0.06140605637716545, 0.04934713814197256, -6.387504634700624, 0.0, 103.31391352821933, 96.92640889353055, 1.0000586037778023, 0.0, 65.69518887446382, 66.69524747825332, 6.615000000000001
0.006845290581162331, 0.8557912482012284, 0.001634192749338567, 65.02323152722965, -0.01207083525626712, 0.0, 0.061599117274785176, 0.04952828201851567, -6.386358469762005, 0.0, 103.62819223213168, 97.24183376237004, 1.000062294344764, 0.0, 65.93428048291044, 66.93434277725703, 6.615000000000002
0.006853106212424856, 0.8542707840102821, 0.0016360585938617884, 65.13364433983224, -0.012082750139871281, 0.0, 0.06179276455271632, 0.049710014412841286, -6.385213478385558, 0.0, 103.94244790989254, 97.55723443151389, 1.0000661107463273, 0.0, 66.1731621492528, 67.17322826000833, 6.615
0.006860921843687381, 0.8527274451927838, 0.0016379244383850102, 65.2389508336455, -0.012094662888189943, 0.0, 0.061986998128228166, 0.04989233524004, -6.384069654837124, 0.0, 104.2566378414005, 97.87256818657337, 1.0000700556096238, 0.0, 66.41179184267592, 67.41186189829445, 6.615000000000001
0.0068687374749499056, 0.8511608585665584, 0.0016397902829082317, 65.33899011993708, -0.012106573503396717, 0.0, 0.06218181783834931, 0.050075244334950586, -6.382926993357251, 0.0, 104.57071871107989, 98.18779171773491, 1.000074131594677, 0.0, 66.65012698268676, 67.65020111429493, 6.615000000000001
0.006876553106212432, 0.8495706463868515, 0.0016416561274314534, 65.43359885362588, -0.012118481987654452, 0.0, 0.062377223438690343, 0.05025874145103337, -6.381785488160931, 0.0, 104.88464660520629, 98.50286111703625, 1.0000783413945982, 0.0, 66.88812443689679, 67.88820277828381, 6.615000000000002
0.006884368737474956, 0.8479564263130897, 0.001643521971954675, 65.5226112117598, -0.012130388343115172, 0.0, 0.06257321460240917, 0.05044282625928709, -6.380645133437327, 0.0, 105.19837700892354, 98.81773187549577, 1.0000826877357882, 0.0, 67.12574051840586, 68.12582320615539, 6.615000000000002
0.006892184368737481, 0.8463178113743055, 0.0016453878164778965, 65.60585887132402, -0.012142292571920047, 0.0, 0.06276979091900348, 0.05062749834708802, -6.379505923349477, 0.0, 105.51186480354089, 99.13235888018482, 1.0000871733781609, 0.0, 67.3629309835689, 68.3630181569377, 6.615000000000002
0.006900000000000006, 0.8446544099352593, 0.0016472536610011182, 65.68317098741318, -0.012154194676199315, 0.0, 0.06296695189325252, 0.050812757217048254, -6.378367852034032, 0.0, 105.82506426363746, 99.446696411599, 1.0000918011153221, 0.0, 67.59965102947632, 68.59974283059024, 6.615000000000002
