phi0, phi, rho, Z_fit_curve, F_id, F_fr, F_ex, F_total, mu_id, mu_fr, mu_ex, mu_kT, PV_id, PV_fr, PV_ex, PV_NkT, alpha
0.05000000000000001, 0.0, 0.05000000000000001, 1.0848941128268947, -0.1982773524986409, 0.0, 0.003976451072900769, -0.19430090142574014, -2.965547049972817, 0.0, 0.16442313428491018, -2.801123915687907, 1.0, 0.0, 0.08489411282689481, 1.0848941128268947, 0.5
0.053507014028056125, 0.0, 0.053507014028056125, 1.0916540165858772, -0.20855735489098715, 0.0, 0.00457538010209498, -0.20398197478889216, -2.8977573067641407, 0.0, 0.17716392935536784, -2.7205933774087727, 1.0, 0.0, 0.09165401658587743, 1.0916540165858775, 0.5
0.057014028056112234, 0.0, 0.057014028056112234, 1.0985194980240964, -0.21860733195383414, 0.0, 0.00521926897513147, -0.21338806297870266, -2.8342727115980044, 0.0, 0.19006309094467988, -2.6442096206533243, 1.0, 0.0, 0.0985194980240963, 1.0985194980240962, 0.5
0.06052104208416835, 0.0, 0.06052104208416835, 1.1054905571415514, -0.22844145134918548, 0.0, 0.00590867308561344, -0.22253277826357204, -2.7745789477895206, 0.0, 0.20312061905284637, -2.571458328736674, 1.0, 0.0, 0.10549055714155146, 1.1054905571415514, 0.5
0.06402805611222447, 0.0, 0.06402805611222447, 1.1125671939382429, -0.23807223584875814, 0.0, 0.006644147827144085, -0.23142808802161405, -2.7182486913468007, 0.0, 0.21633651367986723, -2.5019121776669335, 1.0, 0.0, 0.11256719393824288, 1.1125671939382429, 0.5
0.06753507014028058, 0.0, 0.06753507014028058, 1.1197494084141706, -0.2475108342147603, 0.0, 0.007426248593326601, -0.2400845856214337, -2.6649230348120283, 0.0, 0.22971077482574245, -2.4352122599862858, 1.0, 0.0, 0.11974940841417056, 1.1197494084141706, 0.5
0.0710420841683367, 0.0, 0.0710420841683367, 1.1270372005693345, -0.25676723567207177, 0.0, 0.008255530777764187, -0.24851170489430757, -2.614297619192208, 0.0, 0.2432434024904721, -2.3710542167017357, 1.0, 0.0, 0.1270372005693345, 1.1270372005693345, 0.5
0.07454909819639281, 0.0, 0.07454909819639281, 1.1344305704037347, -0.26585044193417695, 0.0, 0.009132549774060039, -0.2567178921601169, -2.5661121108912437, 0.0, 0.25693439667405615, -2.3091777142171876, 1.0, 0.0, 0.13443057040373474, 1.1344305704037347, 0.5
0.07805611222444891, 0.0, 0.07805611222444891, 1.1419295179173712, -0.27476860679217885, 0.0, 0.010057860975817349, -0.2647107458163615, -2.520142099853587, 0.0, 0.27078375737649457, -2.2493583424770924, 1.0, 0.0, 0.14192951791737118, 1.1419295179173712, 0.5
0.08156312625250503, 0.0, 0.08156312625250503, 1.1495340431102439, -0.2835291505704952, 0.0, 0.011032019776639321, -0.2724971307938559, -2.4761927797217953, 0.0, 0.2847914845977874, -2.191401295124008, 1.0, 0.0, 0.14953404311024393, 1.1495340431102439, 0.5
0.08507014028056115, 0.0, 0.08507014028056115, 1.157244145982353, -0.2921388548638905, 0.0, 0.01205558157012915, -0.28008327329376137, -2.434093959412988, 0.0, 0.2989575783379346, -2.1351363810750534, 1.0, 0.0, 0.15724414598235292, 1.1572441459823528, 0.5
0.08857715430861726, 0.0, 0.08857715430861726, 1.1650598265336982, -0.3006039416281199, 0.0, 0.013129101749890031, -0.28747483987822986, -2.393696083086692, 0.0, 0.3132820385969363, -2.0804140444897556, 1.0, 0.0, 0.16505982653369822, 1.1650598265336982, 0.5
0.09208416833667338, 0.0, 0.09208416833667338, 1.1729810847642799, -0.308930139727033, 0.0, 0.014253135709525161, -0.29467700401750785, -2.3548670233686484, 0.0, 0.3277648653747923, -2.027102157993856, 1.0, 0.0, 0.17298108476427976, 1.1729810847642796, 0.5
0.0955911823647295, 0.0, 0.0955911823647295, 1.1810079206740975, -0.31712274132859236, 0.0, 0.015428238842637738, -0.30169450248595464, -2.317489474276049, 0.0, 0.34240605867150276, -1.975083415604546, 1.0, 0.0, 0.18100792067409754, 1.1810079206740975, 0.5
0.09909819639278561, 0.0, 0.09909819639278561, 1.1891403342631515, -0.32518665001468, 0.0, 0.016654966542830957, -0.30853168347184906, -2.281458814101623, 0.0, 0.3572056184870676, -1.9242531956145557, 1.0, 0.0, 0.18914033426315163, 1.1891403342631517, 0.5
0.10260521042084172, 0.0, 0.10260521042084172, 1.1973783255314419, -0.33312642207293397, 0.0, 0.017933874203708018, -0.31519254786922596, -2.246681340124882, 0.0, 0.37216354482148684, -1.8745177953033954, 1.0, 0.0, 0.19737832553144197, 1.1973783255314419, 0.5
0.10611222444889784, 0.0, 0.10611222444889784, 1.2057218944789685, -0.3409463021372929, 0.0, 0.01926551721887211, -0.3216807849184208, -2.2130728001229287, 0.0, 0.38727983767476043, -1.8257929624481684, 1.0, 0.0, 0.20572189447896855, 1.2057218944789685, 0.5
0.10961923847695396, 0.0, 0.10961923847695396, 1.2141710411057314, -0.34865025411224415, 0.0, 0.020650450981926444, -0.32799980313031774, -2.1805571627424087, 0.0, 0.4025544970468885, -1.7780026656955203, 1.0, 0.0, 0.21417104110573143, 1.2141710411057314, 0.5
0.11312625250501007, 0.0, 0.11312625250501007, 1.2227257654117305, -0.3562419881360529, 0.0, 0.022089230886474204, -0.3341527572495787, -2.149065581574673, 0.0, 0.4179875229378709, -1.7310780586368022, 1.0, 0.0, 0.22272576541173053, 1.2227257654117305, 0.5
0.11663326653306616, 0.0, 0.11663326653306616, 1.2313860673969659, -0.363724984197591, 0.0, 0.02358241232611858, -0.3401425718714724, -2.1185355174329525, 0.0, 0.4335789153477076, -1.684956602085245, 1.0, 0.0, 0.23138606739696588, 1.2313860673969659, 0.5
0.12014028056112228, 0.0, 0.12014028056112228, 1.2401519470614375, -0.37110251291036966, 0.0, 0.025130550694462787, -0.34597196221590687, -2.088909990696821, 0.0, 0.4493286742763988, -1.6395813164204225, 1.0, 0.0, 0.24015194706143753, 1.2401519470614375, 0.5
0.12364729458917842, 0.0, 0.12364729458917842, 1.2490234044051454, -0.3783776538590792, 0.0, 0.02673420138511003, -0.35164345247396916, -2.0601369412590023, 0.0, 0.46523679972394455, -1.5949001415350577, 1.0, 0.0, 0.24902340440514553, 1.2490234044051456, 0.5
0.12715430861723453, 0.0, 0.12715430861723453, 1.2580004394280895, -0.385553311863189, 0.0, 0.028393919791663478, -0.35715939207152547, -2.0321686780099477, 0.0, 0.4813032916903445, -1.5508653863196031, 1.0, 0.0, 0.2580004394280897, 1.2580004394280897, 0.5
0.13066132264529062, 0.0, 0.13066132264529062, 1.2670830521302703, -0.39263223144509124, 0.0, 0.030110261307726326, -0.3625219701373649, -2.004961403237737, 0.0, 0.4975281501755988, -1.5074332530621384, 1.0, 0.0, 0.26708305213027006, 1.26708305213027, 0.5
0.13416833667334674, 0.0, 0.13416833667334674, 1.2762712425116869, -0.39961700974392844, 0.0, 0.031883781326901804, -0.36773322841702666, -1.9784748000331627, 0.0, 0.5139113751797076, -1.4645634248534551, 1.0, 0.0, 0.27627124251168683, 1.2762712425116869, 0.5
0.13767535070140285, 0.0, 0.13767535070140285, 1.2855650105723397, -0.40651010807839333, 0.0, 0.03371503524279308, -0.37279507283560026, -1.9526716729420408, 0.0, 0.5304529667026708, -1.42221870623937, 1.0, 0.0, 0.2855650105723398, 1.2855650105723397, 0.5
0.14118236472945897, 0.0, 0.14118236472945897, 1.294964356312229, -0.4133138623306964, 0.0, 0.03560457844900337, -0.377709283881693, -1.9275176338256552, 0.0, 0.5471529247444884, -1.3803647090811668, 1.0, 0.0, 0.29496435631222906, 1.294964356312229, 0.5
0.14468937875751509, 0.0, 0.14468937875751509, 1.3044692797313546, -0.4200304922982104, 0.0, 0.03755296633913586, -0.3824775259590745, -1.9029808262715637, 0.0, 0.5640112493051604, -1.3389695769664032, 1.0, 0.0, 0.30446927973135457, 1.3044692797313546, 0.5
0.1481963927855712, 0.0, 0.1481963927855712, 1.3140797808297162, -0.42666211013797806, 0.0, 0.03956075430679374, -0.3871013558311843, -1.8790316830135356, 0.0, 0.5810279403846869, -1.2980037426288487, 1.0, 0.0, 0.3140797808297163, 1.3140797808297164, 0.5
0.15170340681362732, 0.0, 0.15170340681362732, 1.3237958596073143, -0.4332107280114821, 0.0, 0.041628497745580216, -0.3915822302659019, -1.8556427117269412, 0.0, 0.5982029979830676, -1.2574397137438735, 1.0, 0.0, 0.3237958596073144, 1.3237958596073143, 0.5
0.15521042084168343, 0.0, 0.15521042084168343, 1.3336175160641488, -0.4396782650221711, 0.0, 0.043756752049098485, -0.39592151297307265, -1.8327883053074667, 0.0, 0.6155364221003028, -1.217251883207164, 1.0, 0.0, 0.3336175160641487, 1.3336175160641486, 0.5
0.15871743486973955, 0.0, 0.15871743486973955, 1.3435447502002194, -0.44606655352568586, 0.0, 0.045946072610951745, -0.4001204809147341, -1.8104445733499641, 0.0, 0.6330282127363924, -1.1774163606135717, 1.0, 0.0, 0.34354475020021924, 1.3435447502002194, 0.5
0.16222444889779566, 0.0, 0.16222444889779566, 1.3535775620155261, -0.45237734488212517, 0.0, 0.0481970148247432, -0.40418033005738196, -1.7885891920467, 0.0, 0.6506783698913364, -1.1379108221553635, 1.0, 0.0, 0.35357756201552615, 1.3535775620155261, 0.5
0.16573146292585178, 0.0, 0.16573146292585178, 1.3637159515100692, -0.45861231471069314, 0.0, 0.05051013408407602, -0.40810218062661713, -1.7672012701406987, 0.0, 0.6684868935651348, -1.0987143765755638, 1.0, 0.0, 0.3637159515100692, 1.3637159515100692, 0.5
0.1692384769539079, 0.0, 0.1692384769539079, 1.3739599186838487, -0.4647730676994018, 0.0, 0.052885985782553435, -0.41188708191684836, -1.7462612289165351, 0.0, 0.6864537837577875, -1.0598074451587476, 1.0, 0.0, 0.3739599186838486, 1.3739599186838487, 0.5
0.17274549098196398, 0.0, 0.17274549098196398, 1.384309463536864, -0.47086114201595225, 0.0, 0.05532512531377859, -0.41553601670217366, -1.725750694500697, 0.0, 0.7045790404692946, -1.0211716540314024, 1.0, 0.0, 0.3843094635368641, 1.384309463536864, 0.5
0.17625250501002013, 0.0, 0.17625250501002013, 1.394764586069116, -0.47687801336029495, 0.0, 0.05782810807135476, -0.4190499052889402, -1.705652400986777, 0.0, 0.7228626636996563, -0.9827897372871207, 1.0, 0.0, 0.39476458606911613, 1.3947645860691162, 0.5
0.17975951903807622, 0.0, 0.17975951903807622, 1.405325286280604, -0.4828250986945328, 0.0, 0.06039548944888506, -0.4224296092456477, -1.685950103105594, 0.0, 0.7413046534488721, -0.9446454496567218, 1.0, 0.0, 0.40532528628060416, 1.405325286280604, 0.5
0.18326653306613233, 0.0, 0.18326653306613233, 1.4159915641713288, -0.48870375968165514, 0.0, 0.06302782483997275, -0.42567593484168237, -1.6666284973334697, 0.0, 0.7599050097169426, -0.9067234876165271, 1.0, 0.0, 0.41599156417132865, 1.4159915641713288, 0.5
0.18677354709418845, 0.0, 0.18677354709418845, 1.4267634197412893, -0.49451530586097026, 0.0, 0.065725669638221, -0.42878963622274924, -1.647673150478799, 0.0, 0.7786637325038673, -0.8690094179749316, 1.0, 0.0, 0.4267634197412893, 1.4267634197412893, 0.5
0.19028056112224456, 0.0, 0.19028056112224456, 1.4376408529904865, -0.5002609975849683, 0.0, 0.068489579237233, -0.43177141834773536, -1.6290704349120495, 0.0, 0.7975808218096465, -0.831489613102403, 1.0, 0.0, 0.4376408529904863, 1.4376408529904863, 0.5
0.1937875751503007, 0.0, 0.1937875751503007, 1.4486238639189195, -0.5059420487396054, 0.0, 0.071320109030612, -0.4346219397089933, -1.6108074697110955, 0.0, 0.8166562776342802, -0.7941511920768153, 1.0, 0.0, 0.4486238639189196, 1.4486238639189195, 0.5
0.19729458917835682, 0.0, 0.19729458917835682, 1.459712452526589, -0.5115596292676132, 0.0, 0.07421781441196112, -0.4373418148556521, -1.5928720670852097, 0.0, 0.8358900999777681, -0.7569819671074416, 1.0, 0.0, 0.4597124525265891, 1.4597124525265892, 0.5
0.20080160320641294, 0.0, 0.20080160320641294, 1.4709066188134947, -0.5171148675123488, 0.0, 0.07718325077488358, -0.4399316167374652, -1.5752526835195797, 0.0, 0.8552822888401105, -0.7199703946794692, 1.0, 0.0, 0.4709066188134948, 1.470906618813495, 0.5
0.20430861723446905, 0.0, 0.20430861723446905, 1.482206362779637, -0.5226088523978566, 0.0, 0.0802169735129826, -0.44239187888487397, -1.55793837514988, 0.0, 0.8748328442213072, -0.6831055309285728, 1.0, 0.0, 0.4822063627796368, 1.4822063627796367, 0.5
0.20781563126252514, 0.0, 0.20781563126252514, 1.4936116844250151, -0.5280426354592092, 0.0, 0.08331953801986135, -0.4447230974393478, -1.5409187569348626, 0.0, 0.8945417661213583, -0.6463769908135043, 1.0, 0.0, 0.4936116844250151, 1.4936116844250151, 0.5
0.21132264529058126, 0.0, 0.21132264529058126, 1.5051225837496296, -0.5334172327357605, 0.0, 0.08649149968912304, -0.4469257330466374, -1.5241839652455607, 0.0, 0.9144090545402639, -0.6097749107052968, 1.0, 0.0, 0.5051225837496296, 1.5051225837496296, 0.5
0.21482965931863737, 0.0, 0.21482965931863737, 1.5167390607534805, -0.5387336265386906, 0.0, 0.08973341391437087, -0.44900021262431977, -1.5077246235336426, 0.0, 0.9344347094780237, -0.5732899140556189, 1.0, 0.0, 0.5167390607534804, 1.5167390607534803, 0.5
0.2183366733466935, 0.0, 0.2183366733466935, 1.5284611154365675, -0.5439927671031063, 0.0, 0.09304583608920804, -0.45094693101389827, -1.4915318107797153, 0.0, 0.9546187309346381, -0.5369130798450772, 1.0, 0.0, 0.5284611154365675, 1.5284611154365675, 0.5
0.2218436873747496, 0.0, 0.2218436873747496, 1.5402887477988907, -0.5491955741339719, 0.0, 0.09642932160723774, -0.4527662525267342, -1.475597032455753, 0.0, 0.974961118910107, -0.5006359135456461, 1.0, 0.0, 0.5402887477988909, 1.540288747798891, 0.5
0.22535070140280572, 0.0, 0.22535070140280572, 1.5522219578404504, -0.5543429382542617, 0.0, 0.09988442586206318, -0.45445851239219853, -1.4599121937650195, 0.0, 0.99546187340443, -0.4644503203605894, 1.0, 0.0, 0.5522219578404505, 1.5522219578404504, 0.5
0.22885771543086184, 0.0, 0.22885771543086184, 1.5642607455612465, -0.5594357223629486, 0.0, 0.10341170424728752, -0.45602401811566107, -1.4444695749484344, 0.0, 1.0161209944176075, -0.4283485805308269, 1.0, 0.0, 0.5642607455612463, 1.5642607455612463, 0.5
0.23236472945891795, 0.0, 0.23236472945891795, 1.5764051109612784, -0.5644747629097353, 0.0, 0.10701171215651399, -0.4574630507532213, -1.4292618084688036, 0.0, 1.0369384819496394, -0.39232332651916413, 1.0, 0.0, 0.5764051109612784, 1.5764051109612784, 0.5
0.23587174348697404, 0.0, 0.23587174348697404, 1.5886550540405466, -0.5694608710928142, 0.0, 0.11068500498334577, -0.4587758661094684, -1.4142818579041134, 0.0, 1.0579143360005256, -0.3563675219035878, 1.0, 0.0, 0.5886550540405467, 1.5886550540405469, 0.5
0.23937875751503015, 0.0, 0.23937875751503015, 1.6010105747990515, -0.5743948339853787, 0.0, 0.11443213812138607, -0.45996269586399263, -1.3995229983985258, 0.0, 1.0790485565702665, -0.32047444182825924, 1.0, 0.0, 0.6010105747990515, 1.6010105747990515, 0.5
0.24288577154308627, 0.0, 0.24288577154308627, 1.6134716732367924, -0.579277415596108, 0.0, 0.11825366696423809, -0.4610237486318699, -1.3849787985351303, 0.0, 1.1003411436588615, -0.2846376548762688, 1.0, 0.0, 0.6134716732367924, 1.6134716732367924, 0.5
0.24639278557114241, 0.0, 0.24639278557114241, 1.6260383493537696, -0.5841093578683894, 0.0, 0.12215014690550505, -0.4619592109628843, -1.3706431035081426, 0.0, 1.1217920972663111, -0.24885100624183143, 1.0, 0.0, 0.6260383493537697, 1.6260383493537698, 0.5
0.24989979959919853, 0.0, 0.24989979959919853, 1.638710603149983, -0.5888913816226433, 0.0, 0.12612213333879008, -0.46276924828385324, -1.3565100194843533, 0.0, 1.143401417392615, -0.21310860209173832, 1.0, 0.0, 0.6387106031499832, 1.6387106031499832, 0.5
0.25340681362725465, 0.0, 0.25340681362725465, 1.651488434625433, -0.593624187445742, 0.0, 0.1301701816576964, -0.4634540057880456, -1.34257389905437, 0.0, 1.1651691040377734, -0.17740479501659667, 1.0, 0.0, 0.6514884346254328, 1.6514884346254328, 0.5
0.25691382765531073, 0.0, 0.25691382765531073, 1.6643718437801187, -0.5983084565311825, 0.0, 0.1342948472558272, -0.4640136092753553, -1.3288293276837746, 0.0, 1.187095157201786, -0.14173417048198855, 1.0, 0.0, 0.6643718437801187, 1.6643718437801187, 0.5
0.2604208416833669, 0.0, 0.2604208416833669, 1.677360830614041, -0.6029448514733784, 0.0, 0.13849668552678573, -0.46444816594659266, -1.315271111082845, 0.0, 1.2091795768846532, -0.10609153419819184, 1.0, 0.0, 0.6773608306140411, 1.677360830614041, 0.5
0.26392785571142297, 0.0, 0.26392785571142297, 1.6904553951271997, -0.6075340170191588, 0.0, 0.14277625186417514, -0.4647577651549836, -1.301894263421109, 0.0, 1.2314223630863745, -0.0704719003347345, 1.0, 0.0, 0.6904553951271996, 1.6904553951271994, 0.5
0.26743486973947905, 0.0, 0.26743486973947905, 1.7036555373195943, -0.6120765807793166, 0.0, 0.1471341016615986, -0.464942479117718, -1.2886939963198112, 0.0, 1.2538235158069504, -0.03487048051286079, 1.0, 0.0, 0.7036555373195943, 1.7036555373195943, 0.5
0.2709418837675352, 0.0, 0.2709418837675352, 1.7169612571912254, -0.6165731539028303, 0.0, 0.15157079031265944, -0.4650023635901709, -1.2756657085614806, 0.0, 1.276383035046381, 7.173264849003047E-4, 1.0, 0.0, 0.7169612571912254, 1.7169612571912254, 0.5
0.2744488977955913, 0.0, 0.2744488977955913, 1.7303725547420925, -0.621024331716171, 0.0, 0.15608687321096065, -0.46493745850521034, -1.2628049764612572, 0.0, 1.2991009208046655, 0.036295944343408326, 1.0, 0.0, 0.7303725547420926, 1.7303725547420927, 0.5
0.27795591182364743, 0.0, 0.27795591182364743, 1.7438894299721963, -0.6254306943299277, 0.0, 0.16068290575010566, -0.464747788579822, -1.2501075448495584, 0.0, 1.3219771730818048, 0.07186962823224641, 1.0, 0.0, 0.7438894299721963, 1.7438894299721963, 0.5
0.2814629258517035, 0.0, 0.2814629258517035, 1.7575118828815361, -0.6297928072148137, 0.0, 0.16535944332369742, -0.4644333638911162, -1.2375693186200918, 0.0, 1.345011791877798, 0.10744247325770617, 1.0, 0.0, 0.757511882881536, 1.757511882881536, 0.5
0.28496993987975966, 0.0, 0.28496993987975966, 1.7712399134701122, -0.6341112217489606, 0.0, 0.17011704132533936, -0.4639941804236213, -1.2251863548012036, 0.0, 1.3682047771926462, 0.14301842239144258, 1.0, 0.0, 0.7712399134701122, 1.7712399134701122, 0.5
0.28847695390781575, 0.0, 0.28847695390781575, 1.7850735217379246, -0.6383864757382673, 0.0, 0.1749562551486345, -0.46343022058963285, -1.2129548551121594, 0.0, 1.3915561290263483, 0.1786012739141889, 1.0, 0.0, 0.7850735217379246, 1.7850735217379246, 0.5
0.29198396793587184, 0.0, 0.29198396793587184, 1.7990127076849731, -0.6426190939114437, 0.0, 0.1798776401871861, -0.46274145372425757, -1.2008711589691852, 0.0, 1.4150658473789046, 0.21419468840971945, 1.0, 0.0, 0.7990127076849731, 1.7990127076849731, 0.5
0.295490981963928, 0.0, 0.295490981963928, 1.8130574713112582, -0.6468095883912642, 0.0, 0.18488175183459746, -0.4619278365566668, -1.188931736909059, 0.0, 1.438733932250316, 0.24980219534125703, 1.0, 0.0, 0.813057471311258, 1.8130574713112582, 0.5
0.29899799599198407, 0.0, 0.29899799599198407, 1.8272078126167792, -0.6509584591434513, 0.0, 0.18996914548447158, -0.4609893136589797, -1.177133184400684, 0.0, 1.4625603836405814, 0.28542719923989734, 1.0, 0.0, 0.8272078126167791, 1.8272078126167792, 0.5
0.3025050100200402, 0.0, 0.3025050100200402, 1.8414637316015365, -0.6550661944044913, 0.0, 0.1951403765304118, -0.4599258178740795, -1.1654722160174964, 0.0, 1.4865452015497014, 0.321072985532205, 1.0, 0.0, 0.8414637316015368, 1.8414637316015368, 0.5
0.3060120240480963, 0.0, 0.3060120240480963, 1.8558252282655303, -0.6591332710896137, 0.0, 0.20039600036602123, -0.4587372707235925, -1.1539456599457576, 0.0, 1.5106883859776756, 0.35674272603191803, 1.0, 0.0, 0.8558252282655303, 1.8558252282655303, 0.5
0.3095190380761524, 0.0, 0.3095190380761524, 1.8702923026087603, -0.6631601551820616, 0.0, 0.20573657238490312, -0.4574235827971585, -1.1425504528057537, 0.0, 1.5349899369245041, 0.3924394841187504, 1.0, 0.0, 0.8702923026087601, 1.8702923026087601, 0.5
0.31302605210420853, 0.0, 0.31302605210420853, 1.8848649546312264, -0.6671473021047204, 0.0, 0.2111626479806607, -0.4559846541240597, -1.1312836347647588, 0.0, 1.5594498543901874, 0.42816621962542856, 1.0, 0.0, 0.8848649546312265, 1.8848649546312264, 0.5
0.3165330661322646, 0.0, 0.3165330661322646, 1.899543184332929, -0.6710951570750893, 0.0, 0.2166747825468971, -0.4544203745281922, -1.1201423449222503, 0.0, 1.5840681383747244, 0.4639257934524741, 1.0, 0.0, 0.8995431843329289, 1.899543184332929, 0.5
0.32004008016032076, 0.0, 0.32004008016032076, 1.9143269917138679, -0.6750041554445204, 0.0, 0.22227353147721557, -0.45273062396730485, -1.1091238169493776, 0.0, 1.6088447888781165, 0.499720971928739, 1.0, 0.0, 0.9143269917138677, 1.9143269917138677, 0.5
0.32354709418837685, 0.0, 0.32354709418837685, 1.9292163767740427, -0.6788747230225862, 0.0, 0.22795945016521924, -0.450915272857367, -1.0982253749660602, 0.0, 1.6337798059003625, 0.5355544309343023, 1.0, 0.0, 0.9292163767740427, 1.9292163767740427, 0.5
0.327054108216433, 0.0, 0.327054108216433, 1.944211339513454, -0.6827072763873812, 0.0, 0.23373309400451137, -0.4489741823828698, -1.0874444296403376, 0.0, 1.6588731894414637, 0.5714287598011261, 1.0, 0.0, 0.9442113395134542, 1.9442113395134542, 0.5
0.3305611222444891, 0.0, 0.3305611222444891, 1.9593118799321014, -0.6865022231825145, 0.0, 0.23959501838869512, -0.4469072047938194, -1.076778474495754, 0.0, 1.6841249395014184, 0.6073464650056644, 1.0, 0.0, 0.9593118799321014, 1.9593118799321014, 0.5
0.3340681362725452, 0.0, 0.3340681362725452, 1.9745179980299854, -0.690259962401496, 0.0, 0.24554577871137373, -0.4447141836901223, -1.066225082413596, 0.0, 1.709535056080228, 0.6433099736666321, 1.0, 0.0, 0.9745179980299854, 1.9745179980299854, 0.5
0.33757515030060137, 0.0, 0.33757515030060137, 1.9898296938071058, -0.6939808846601816, 0.0, 0.2515859303661504, -0.4423949542940312, -1.0557819023177824, 0.0, 1.7351035391778922, 0.6793216368601098, 1.0, 0.0, 0.9898296938071056, 1.9898296938071056, 0.5
0.34108216432865746, 0.0, 0.34108216432865746, 2.005246967263462, -0.6976653724578926, 0.0, 0.25771602874662813, -0.4399493437112645, -1.0454466560310707, 0.0, 1.7608303887944103, 0.7153837327633397, 1.0, 0.0, 1.0052469672634619, 2.005246967263462, 0.5
0.3445891783567136, 0.0, 0.3445891783567136, 2.020769818399055, -0.7013138004277985, 0.0, 0.2639366292464104, -0.437377171181388, -1.035217135292069, 0.0, 1.786715604929783, 0.751498469637714, 1.0, 0.0, 1.0207698183990548, 2.020769818399055, 0.5
0.3480961923847697, 0.0, 0.3480961923847697, 2.0363982472138833, -0.7049265355771037, 0.0, 0.2702482872591002, -0.4346782483180035, -1.0250911989232852, 0.0, 1.81275918758401, 0.7876679886607247, 1.0, 0.0, 1.0363982472138833, 2.0363982472138833, 0.5
0.35160320641282583, 0.0, 0.35160320641282583, 2.0521322537079483, -0.7085039375175546, 0.0, 0.27665155817830095, -0.43185237933925363, -1.01506677014112, 0.0, 1.8389611367570915, 0.8238943666159715, 1.0, 0.0, 1.0521322537079487, 2.0521322537079487, 0.5
0.3551102204408819, 0.0, 0.3551102204408819, 2.06797183788125, -0.7120463586867481, 0.0, 0.2831469973976156, -0.42889936128913253, -1.0051418339993636, 0.0, 1.8653214524490274, 0.8601796184496637, 1.0, 0.0, 1.0679718378812502, 2.06797183788125, 0.5
0.35861723446893806, 0.0, 0.35861723446893806, 2.0839169997337876, -0.7155541445607008, 0.0, 0.2897351603106475, -0.42581898425005327, -0.9953144349583094, 0.0, 1.8918401346598177, 0.8965256997015083, 1.0, 0.0, 1.0839169997337876, 2.0839169997337876, 0.5
0.36212424849699415, 0.0, 0.36212424849699415, 2.0999677392655616, -0.7190276338580956, 0.0, 0.29641660231099975, -0.4226110315470959, -0.9855826745721614, 0.0, 1.918517183389462, 0.9329345088173007, 1.0, 0.0, 1.0999677392655616, 2.0999677392655616, 0.5
0.36563126252505024, 0.0, 0.36563126252505024, 2.116124056476572, -0.7224671587366237, 0.0, 0.3031918787922756, -0.4192752799443481, -0.9759447092878877, 0.0, 1.9453525986379607, 0.969407889350073, 1.0, 0.0, 1.1161240564765715, 2.1161240564765715, 0.5
0.3691382765531064, 0.0, 0.3691382765531064, 2.1323859513668184, -0.7258730449817863, 0.0, 0.3100615451480783, -0.41581149983370796, -0.9663987483491379, 0.0, 1.9723463804053147, 1.0059476320561769, 1.0, 0.0, 1.1323859513668184, 2.1323859513668184, 0.5
0.37264529058116247, 0.0, 0.37264529058116247, 2.148753423936301, -0.729245612188524, 0.0, 0.31702615677201096, -0.41221945541651306, -0.9569430517992653, 0.0, 1.9994985286915221, 1.042555476892257, 1.0, 0.0, 1.1487534239363009, 2.148753423936301, 0.5
0.3761523046092186, 0.0, 0.3761523046092186, 2.16522647418502, -0.7325851739360089, 0.0, 0.32408626905767685, -0.408498904878332, -0.9475759285778811, 0.0, 2.0268090434965846, 1.0792331149187036, 1.0, 0.0, 1.16522647418502, 2.16522647418502, 0.5
0.3796593186372747, 0.0, 0.3796593186372747, 2.181805102112975, -0.7358920379559151, 0.0, 0.331242437398679, -0.4046496005572361, -0.9382957347057346, 0.0, 2.054277924820501, 1.1159821901147664, 1.0, 0.0, 1.1818051021129752, 2.181805102112975, 0.5
0.38316633266533084, 0.0, 0.38316633266533084, 2.1984893077201666, -0.7391665062944731, 0.0, 0.3384952171886209, -0.4006712891058522, -0.9291008715530433, 0.0, 2.081905172663272, 1.1528043011102287, 1.0, 0.0, 1.1984893077201666, 2.1984893077201666, 0.5
0.38667334669338693, 0.0, 0.38667334669338693, 2.2152790910065945, -0.7424088754685915, 0.0, 0.3458451638211055, -0.396563711647486, -0.9199897841867166, 0.0, 2.1096907870248973, 1.1897010028381807, 1.0, 0.0, 1.2152790910065945, 2.2152790910065945, 0.5
0.390180360721443, 0.0, 0.390180360721443, 2.2321744519722584, -0.7456194366163118, 0.0, 0.353292832689736, -0.3923266039265758, -0.9109609597921904, 0.0, 2.1376347679053773, 1.226673808113187, 1.0, 0.0, 1.2321744519722584, 2.2321744519722584, 0.5
0.39368737474949916, 0.0, 0.39368737474949916, 2.249175390617159, -0.7487984756418565, 0.0, 0.3608387791881158, -0.38795969645374073, -0.9020129261658756, 0.0, 2.1657371153047116, 1.263724189138836, 1.0, 0.0, 1.249175390617159, 2.249175390617159, 0.5
0.39719438877755525, 0.0, 0.39719438877755525, 2.266281906941295, -0.7519462733555059, 0.0, 0.3684835587098479, -0.383462714645658, -0.8931442502744568, 0.0, 2.1939978292228997, 1.300853578948443, 1.0, 0.0, 1.2662819069412952, 2.266281906941295, 0.5
0.4007014028056114, 0.0, 0.4007014028056114, 2.2834940009446685, -0.7550631056085364, 0.0, 0.37622772664853565, -0.37883537896000075, -0.8843535368775169, 0.0, 2.2224169096599433, 1.3380633727824263, 1.0, 0.0, 1.2834940009446685, 2.2834940009446685, 0.5
0.4042084168336675, 0.0, 0.4042084168336675, 2.3008116726272774, -0.7581492434234332, 0.0, 0.38407183839778203, -0.3740774050256511, -0.8756394272101783, 0.0, 2.2509943566158404, 1.375354929405662, 1.0, 0.0, 1.3008116726272774, 2.3008116726272774, 0.5
0.4077154308617236, 0.0, 0.4077154308617236, 2.3182349219891227, -0.7612049531195839, 0.0, 0.3920164493511905, -0.3691885037683934, -0.8670005977226454, 0.0, 2.2797301700905925, 1.4127295723679472, 1.0, 0.0, 1.318234921989123, 2.3182349219891227, 0.5
0.4112224448897797, 0.0, 0.4112224448897797, 2.335763749030204, -0.7642304964346484, 0.0, 0.400062114902364, -0.36416838153228437, -0.8584357588737299, 0.0, 2.308624350084198, 1.4501885912104682, 1.0, 0.0, 1.3357637490302043, 2.335763749030204, 0.5
0.41472945891783586, 0.0, 0.41472945891783586, 2.3533981537505224, -0.7672261306417859, 0.0, 0.408209390444906, -0.3590167401968799, -0.8499436539756029, 0.0, 2.3376768965966592, 1.4877332426210563, 1.0, 0.0, 1.3533981537505224, 2.3533981537505224, 0.5
0.41823647294589195, 0.0, 0.41823647294589195, 2.3711381361500763, -0.770192108662919, 0.0, 0.4164588313724194, -0.3537332772904996, -0.8415230580871893, 0.0, 2.3668878096279737, 1.5253647515407844, 1.0, 0.0, 1.3711381361500763, 2.3711381361500763, 0.5
0.42174348697394803, 0.0, 0.42174348697394803, 2.3889836962288666, -0.7731286791781962, 0.0, 0.4248109930785076, -0.34831768609968855, -0.8331727769537648, 0.0, 2.3962570891781434, 1.5630843122243787, 1.0, 0.0, 1.3889836962288666, 2.3889836962288666, 0.5
0.4252505010020042, 0.0, 0.4252505010020042, 2.4069348339868935, -0.7760360867318159, 0.0, 0.4332664309567738, -0.3427696557750421, -0.8248916459904616, 0.0, 2.4257847352471673, 1.6008930892567057, 1.0, 0.0, 1.4069348339868937, 2.4069348339868935, 0.5
0.42875751503006027, 0.0, 0.42875751503006027, 2.4249915494241563, -0.7789145718343563, 0.0, 0.44182570040082103, -0.3370888714335353, -0.8166785293075186, 0.0, 2.4554707478350455, 1.6387922185275268, 1.0, 0.0, 1.4249915494241565, 2.4249915494241563, 0.5
0.4322645290581164, 0.0, 0.4322645290581164, 2.443153842540656, -0.7817643710617598, 0.0, 0.4504893568042528, -0.331275014257507, -0.8085323187752337, 0.0, 2.485315126941778, 1.6767828081665441, 1.0, 0.0, 1.443153842540656, 2.443153842540656, 0.5
0.4357715430861725, 0.0, 0.4357715430861725, 2.4614217133363914, -0.784585717151103, 0.0, 0.4592579555606719, -0.32532776159043114, -0.8004519331266969, 0.0, 2.5153178725673646, 1.7148659394406676, 1.0, 0.0, 1.4614217133363914, 2.4614217133363914, 0.5
0.43927855711422864, 0.0, 0.43927855711422864, 2.479795161811363, -0.7873788390932854, 0.0, 0.4681320520636819, -0.3192467870296035, -0.7924363170964839, 0.0, 2.5454789847118064, 1.7530426676153226, 1.0, 0.0, 1.4797951618113632, 2.479795161811363, 0.5
0.4427855711422848, 0.0, 0.4427855711422848, 2.4982741879655714, -0.7901439622227556, 0.0, 0.47711220170688573, -0.3130317605158699, -0.7844844405935952, 0.0, 2.5757984633751025, 1.7913140227815072, 1.0, 0.0, 1.4982741879655714, 2.4982741879655714, 0.5
0.44629258517034087, 0.0, 0.44629258517034087, 2.5168587917990157, -0.792881308304397, 0.0, 0.48619895988388667, -0.3066823484205103, -0.7765952979070224, 0.0, 2.6062763085572525, 1.82968101065023, 1.0, 0.0, 1.5168587917990155, 2.5168587917990157, 0.5
0.449799599198397, 0.0, 0.449799599198397, 2.535548973311696, -0.7955910956176806, 0.0, 0.495392881988288, -0.3001982136293926, -0.7687679069424032, 0.0, 2.636912520258257, 1.868144613315854, 1.0, 0.0, 1.535548973311696, 2.535548973311696, 0.5
0.4533066132264531, 0.0, 0.4533066132264531, 2.554344732503613, -0.7982735390381946, 0.0, 0.5046945234136928, -0.29357901562450184, -0.7610013084883243, 0.0, 2.667707098478116, 1.9067057899897917, 1.0, 0.0, 1.5543447325036128, 2.554344732503613, 0.5
0.45681362725450925, 0.0, 0.45681362725450925, 2.573246069374766, -0.8009288501166502, 0.0, 0.5141044395537043, -0.28682441056294583, -0.7532945655108938, 0.0, 2.6986600432168295, 1.9453654777059357, 1.0, 0.0, 1.573246069374766, 2.573246069374766, 0.5
0.46032064128256533, 0.0, 0.46032064128256533, 2.5922529839251554, -0.8035572371554602, 0.0, 0.5236231858019257, -0.27993405135353455, -0.7456467624752917, 0.0, 2.729771354474397, 1.9841245919991053, 1.0, 0.0, 1.5922529839251554, 2.5922529839251554, 0.5
0.4638276553106215, 0.0, 0.4638276553106215, 2.611365476154781, -0.806158905282986, 0.0, 0.5332513175519603, -0.27290758773102564, -0.7380570046930647, 0.0, 2.7610410322508194, 2.022984027557755, 1.0, 0.0, 1.611365476154781, 2.611365476154781, 0.5
0.46733466933867757, 0.0, 0.46733466933867757, 2.630583546063643, -0.8087340565255362, 0.0, 0.5429893901974111, -0.2657446663281251, -0.730524417694007, 0.0, 2.7924690765460958, 2.061944658852089, 1.0, 0.0, 1.6305835460636429, 2.630583546063643, 0.5
0.4708416833667337, 0.0, 0.4708416833667337, 2.649907193651741, -0.8112828898772069, 0.0, 0.5528379591318815, -0.2584449307453254, -0.7230481466215195, 0.0, 2.8240554873602273, 2.1010073407387075, 1.0, 0.0, 1.649907193651741, 2.649907193651741, 0.5
0.4743486973947898, 0.0, 0.4743486973947898, 2.6693364189190754, -0.8138056013676379, 0.0, 0.5627975797489746, -0.2510080216186633, -0.715627355650406, 0.0, 2.855800264693212, 2.140172909042806, 1.0, 0.0, 1.6693364189190754, 2.6693364189190754, 0.5
0.4778557114228459, 0.0, 0.4778557114228459, 2.688871221865646, -0.8163023841277682, 0.0, 0.5728688074422934, -0.24343357668547483, -0.708261227426111, 0.0, 2.8877034085450517, 2.1794421811189406, 1.0, 0.0, 1.688871221865646, 2.688871221865646, 0.5
0.48136272545090203, 0.0, 0.48136272545090203, 2.708511602491453, -0.8187734284536589, 0.0, 0.5830521976054415, -0.2357212308482174, -0.7009489625244611, 0.0, 2.919764918915746, 2.2188159563912846, 1.0, 0.0, 1.708511602491453, 2.708511602491453, 0.5
0.4848697394789581, 0.0, 0.4848697394789581, 2.728257560796496, -0.8212189218684562, 0.0, 0.5933483056320217, -0.22787061623643456, -0.6936897789310168, 0.0, 2.951984795805294, 2.2582950168742775, 1.0, 0.0, 1.728257560796496, 2.728257560796496, 0.5
0.48837675350701426, 0.0, 0.48837675350701426, 2.7481090967807758, -0.8236390491825636, 0.0, 0.6037576869156376, -0.219881362266926, -0.6864829115391837, 0.0, 2.9843630392136973, 2.2978801276745138, 1.0, 0.0, 1.7481090967807758, 2.7481090967807758, 0.5
0.49188376753507035, 0.0, 0.49188376753507035, 2.7680662104442915, -0.8260339925520827, 0.0, 0.6142808968498921, -0.21175309570219059, -0.6793276116662829, 0.0, 3.0168996491409548, 2.337572037474672, 1.0, 0.0, 1.7680662104442915, 2.7680662104442915, 0.5
0.4953907815631265, 0.0, 0.4953907815631265, 2.7881289017870436, -0.8284039315355899, 0.0, 0.6249184908283885, -0.20348544070720143, -0.6722231465868086, 0.0, 3.0495946255870665, 2.377371479000258, 1.0, 0.0, 1.7881289017870436, 2.7881289017870436, 0.5
0.4988977955911826, 0.0, 0.4988977955911826, 2.8082971708090314, -0.8307490431493026, 0.0, 0.6356710242447299, -0.19507801890457277, -0.6651687990821525, 0.0, 3.0824479685520325, 2.41727916946988, 1.0, 0.0, 1.8082971708090319, 2.808297170809032, 0.5
0.5024048096192387, 0.0, 0.5024048096192387, 2.8285710175102565, -0.8330695019206986, 0.0, 0.6465390524925196, -0.18653044942817898, -0.6581638670060965, 0.0, 3.1154596780358537, 2.4572958110297574, 1.0, 0.0, 1.8285710175102563, 2.8285710175102565, 0.5
0.5059118236472948, 0.0, 0.5059118236472948, 2.8489504418907172, -0.835365479940632, 0.0, 0.6575231309653609, -0.17784234897527118, -0.6512076628654196, 0.0, 3.148629754038528, 2.4974220911731084, 1.0, 0.0, 1.848950441890717, 2.8489504418907172, 0.5
0.5094188376753509, 0.0, 0.5094188376753509, 2.869435443950414, -0.8376371469140096, 0.0, 0.6686238150568566, -0.16901333185715295, -0.6442995134149907, 0.0, 3.181958196560057, 2.5376586831450663, 1.0, 0.0, 1.869435443950414, 2.869435443950414, 0.5
0.5129258517034071, 0.0, 0.5129258517034071, 2.890026023689348, -0.839884670209069, 0.0, 0.6798416601606105, -0.16004301004845845, -0.637438759266752, 0.0, 3.2154450056004418, 2.5780062463336897, 1.0, 0.0, 1.8900260236893478, 2.890026023689348, 0.5
0.5164328657314632, 0.0, 0.5164328657314632, 2.9107221811075172, -0.8421082149053087, 0.0, 0.6911772216702252, -0.15093099323508352, -0.6306247545120248, 0.0, 3.24909018115968, 2.618465426647655, 1.0, 0.0, 1.9107221811075172, 2.9107221811075172, 0.5
0.5199398797595193, 0.0, 0.5199398797595193, 2.931523916204923, -0.8443079438401182, 0.0, 0.7026310549793042, -0.14167688886081398, -0.6238568663565957, 0.0, 3.282893723237772, 2.659036856881176, 1.0, 0.0, 1.931523916204923, 2.931523916204923, 0.5
0.5234468937875754, 0.0, 0.5234468937875754, 2.952431228981565, -0.8464840176541476, 0.0, 0.7142037154814506, -0.13228030217269704, -0.6171344747680684, 0.0, 3.316855631834718, 2.6997211570666497, 1.0, 0.0, 1.9524312289815648, 2.952431228981565, 0.5
0.5269539078156316, 0.0, 0.5269539078156316, 2.9734441194374437, -0.848636594835463, 0.0, 0.725895758570268, -0.12274083626519505, -0.610456972134991, 0.0, 3.3509759069505205, 2.7405189348155297, 1.0, 0.0, 1.9734441194374437, 2.9734441194374437, 0.5
0.5304609218436876, 0.0, 0.5304609218436876, 2.9945625875725583, -0.8507658317625261, 0.0, 0.7377077396393589, -0.1130580921231672, -0.6038237629372887, 0.0, 3.385254548585176, 2.7814307856478875, 1.0, 0.0, 1.9945625875725583, 2.9945625875725583, 0.5
0.5339679358717437, 0.0, 0.5339679358717437, 3.015786633386909, -0.8528718827460354, 0.0, 0.7496402140823268, -0.10323166866370859, -0.597234263427553, 0.0, 3.4196915567386856, 2.8224572933111327, 1.0, 0.0, 2.015786633386909, 3.015786633386909, 0.5
0.5374749498997998, 0.0, 0.5374749498997998, 3.037116256880496, -0.8549549000696715, 0.0, 0.761693737292775, -0.09326116277689644, -0.5906879013227662, 0.0, 3.4542869314110503, 2.863599030088284, 1.0, 0.0, 2.037116256880496, 3.037116256880496, 0.5
0.5409819639278559, 0.0, 0.5409819639278559, 3.0585514580533193, -0.8570150340297754, 0.0, 0.7738688646643066, -0.08314616936546881, -0.5841841155060484, 0.0, 3.489040672602269, 2.904856557096221, 1.0, 0.0, 2.0585514580533193, 3.0585514580533193, 0.5
0.5444889779559121, 0.0, 0.5444889779559121, 3.0800922369053794, -0.8590524329740006, 0.0, 0.7861661515905254, -0.0728862813834752, -0.5777223557380422, 0.0, 3.523952780312343, 2.946230424574301, 1.0, 0.0, 2.08009223690538, 3.08009223690538, 0.5
0.5479959919839682, 0.0, 0.5479959919839682, 3.101738593436675, -0.8610672433389673, 0.0, 0.7985861534650334, -0.06248108987393397, -0.5713020823775625, 0.0, 3.5590232545412706, 2.987721172163708, 1.0, 0.0, 2.1017385934366755, 3.1017385934366755, 0.5
0.5515030060120243, 0.0, 0.5515030060120243, 3.123490527647207, -0.8630596096869543, 0.0, 0.8111294256814345, -0.05193018400551974, -0.5649227661111557, 0.0, 3.594252095289052, 3.0293293291778967, 1.0, 0.0, 2.1234905276472076, 3.1234905276472076, 0.5
0.5550100200400805, 0.0, 0.5550100200400805, 3.1453480395369766, -0.8650296747416568, 0.0, 0.8237965236333322, -0.041233151108324595, -0.5585838876912312, 0.0, 3.62963930255569, 3.0710554148644587, 1.0, 0.0, 2.1453480395369766, 3.1453480395369766, 0.5
0.5585170340681366, 0.0, 0.5585170340681366, 3.1673111291059812, -0.8669775794230395, 0.0, 0.8365880027143291, -0.030389576708710453, -0.5522849376824417, 0.0, 3.66518487634118, 3.1128999386587384, 1.0, 0.0, 2.1673111291059812, 3.1673111291059812, 0.5
0.5620240480961927, 0.0, 0.5620240480961927, 3.1893797963542223, -0.8689034628813166, 0.0, 0.8495044183180284, -0.019399044563288226, -0.5460254162159983, 0.0, 3.7008888166455254, 3.154863400429527, 1.0, 0.0, 2.189379796354222, 3.189379796354222, 0.5
0.5655310621242488, 0.0, 0.5655310621242488, 3.2115540412816994, -0.870807462530081, 0.0, 0.8625463258380336, -0.008261136692047422, -0.5398048327516307, 0.0, 3.736751123468725, 3.1969462907170945, 1.0, 0.0, 2.211554041281699, 3.211554041281699, 0.5
0.5690380761523048, 0.0, 0.5690380761523048, 3.2338338638884125, -0.8726897140786136, 0.0, 0.8757142806679478, 0.0030245665893341434, -0.5336227058469027, 0.0, 3.7727717968107783, 3.239149090963876, 1.0, 0.0, 2.2338338638884125, 3.2338338638884125, 0.5
0.572545090180361, 0.0, 0.572545090180361, 3.256219264174363, -0.874550351563396, 0.0, 0.8890088382013746, 0.014458486637978551, -0.5274785629336168, 0.0, 3.8089508366716878, 3.281472273738071, 1.0, 0.0, 2.256219264174363, 3.256219264174363, 0.5
0.5760521042084171, 0.0, 0.5760521042084171, 3.2787102421395486, -0.8763895073788486, 0.0, 0.9024305538319164, 0.026041046453067818, -0.5213719401010443, 0.0, 3.8452882430514506, 3.323916302950406, 1.0, 0.0, 2.2787102421395486, 3.2787102421395486, 0.5
0.5795591182364732, 0.0, 0.5795591182364732, 3.301306797783971, -0.878207312307324, 0.0, 0.915979982953177, 0.03777267064585299, -0.5153023818857346, 0.0, 3.8817840159500676, 3.366481634064333, 1.0, 0.0, 2.301306797783971, 3.301306797783971, 0.5
0.5830661322645293, 0.0, 0.5830661322645293, 3.3240089311076293, -0.8800038955483714, 0.0, 0.929657680958759, 0.04965378541038756, -0.5092694410676654, 0.0, 3.918438155367539, 3.4091687142998737, 1.0, 0.0, 2.3240089311076293, 3.3240089311076293, 0.5
0.5865731462925854, 0.0, 0.5865731462925854, 3.3468166421105243, -0.881779384747299, 0.0, 0.9434642032422662, 0.06168481849496721, -0.5032726784725042, 0.0, 3.955250661303865, 3.4519779828313606, 1.0, 0.0, 2.3468166421105243, 3.3468166421105243, 0.5
0.5900801603206416, 0.0, 0.5900801603206416, 3.369729930792656, -0.8835339060230499, 0.0, 0.9574001051973021, 0.07386619917425219, -0.49731166277976446, 0.0, 3.992221533759046, 3.4949098709792814, 1.0, 0.0, 2.369729930792656, 3.369729930792656, 0.5
0.5935871743486977, 0.0, 0.5935871743486977, 3.392748797154023, -0.8852675839954203, 0.0, 0.971465942217469, 0.08619835822204869, -0.4913859703366459, 0.0, 4.02935077273308, 3.5379648023964343, 1.0, 0.0, 2.392748797154023, 3.392748797154023, 0.5
0.5970941883767538, 0.0, 0.5970941883767538, 3.4158732411946264, -0.8869805418116303, 0.0, 0.9856622696963702, 0.09868172788473983, -0.48549518497735644, 0.0, 4.066638378225969, 3.5811431932486126, 1.0, 0.0, 2.4158732411946264, 3.4158732411946264, 0.5
0.6006012024048099, 0.0, 0.6006012024048099, 3.4391032629144664, -0.8886729011722724, 0.0, 0.9999896430276094, 0.11131674185533702, -0.47963889784772684, 0.0, 4.104084350237713, 3.624445452389986, 1.0, 0.0, 2.4391032629144664, 3.4391032629144664, 0.5
0.604108216432866, 0.0, 0.604108216432866, 3.462438862313543, -0.8903447823566527, 0.0, 1.01444861760479, 0.12410383524813728, -0.47381670723492963, 0.0, 4.141688688768312, 3.6678719815333825, 1.0, 0.0, 2.462438862313543, 3.462438862313543, 0.5
0.6076152304609221, 0.0, 0.6076152304609221, 3.4858800393918554, -0.8919963042475457, 0.0, 1.0290397488215144, 0.13704344457396866, -0.46802821840212766, 0.0, 4.179451393817764, 3.7114231754156366, 1.0, 0.0, 2.4858800393918554, 3.4858800393918554, 0.5
0.6111222444889782, 0.0, 0.6111222444889782, 3.5094267941494044, -0.8936275843553746, 0.0, 1.0437635920713861, 0.15013600771601154, -0.46227304342787895, 0.0, 4.217372465386071, 3.7550994219581924, 1.0, 0.0, 2.5094267941494044, 3.5094267941494044, 0.5
0.6146292585170344, 0.0, 0.6146292585170344, 3.5330791265861894, -0.895238738841839, 0.0, 1.0586207027480088, 0.16338196390616977, -0.4565508010501383, 0.0, 4.255451903473233, 3.7989011024230948, 1.0, 0.0, 2.5330791265861894, 3.5330791265861894, 0.5
0.6181362725450905, 0.0, 0.6181362725450905, 3.556837036702211, -0.8968298825430028, 0.0, 1.0736116362449848, 0.17678175370198201, -0.45086111651469657, 0.0, 4.293689708079248, 3.8428285915645515, 1.0, 0.0, 2.556837036702211, 3.556837036702211, 0.5
0.6216432865731467, 0.0, 0.6216432865731467, 3.580700524497469, -0.898401128991857, 0.0, 1.0887369479559181, 0.19033581896406115, -0.4452036214279056, 0.0, 4.332085879204119, 3.8868822577762128, 1.0, 0.0, 2.580700524497469, 3.580700524497469, 0.5
0.6251503006012028, 0.0, 0.6251503006012028, 3.604669589971963, -0.8999525904403743, 0.0, 1.1039971932744113, 0.20404460283403691, -0.43957795361354873, 0.0, 4.370640416847843, 3.9310624632342943, 1.0, 0.0, 2.6046695899719627, 3.6046695899719627, 0.5
0.6286573146292589, 0.0, 0.6286573146292589, 3.6287442331256927, -0.9014843778810694, 0.0, 1.1193929275940677, 0.21790854971299833, -0.43398375697371167, 0.0, 4.409353321010422, 3.9753695640367104, 1.0, 0.0, 2.6287442331256927, 3.6287442331256927, 0.5
0.632164328657315, 0.0, 0.632164328657315, 3.6529244539586587, -0.902996601068076, 0.0, 1.134924706308491, 0.23192810524041507, -0.42842068135352573, 0.0, 4.448224591691855, 4.01980391033833, 1.0, 0.0, 2.6529244539586587, 3.6529244539586587, 0.5
0.6356713426853712, 0.0, 0.6356713426853712, 3.6772102524708616, -0.9044893685377589, 0.0, 1.1505930848112844, 0.24610371627352556, -0.42288838240965115, 0.0, 4.4872542288921435, 4.0643658464824926, 1.0, 0.0, 2.677210252470862, 3.677210252470862, 0.5
0.6391783567134273, 0.0, 0.6391783567134273, 3.7016016286623006, -0.9059627876288684, 0.0, 1.16639861849605, 0.2604358308671816, -0.41738652148237976, 0.0, 4.526442232611285, 4.109055711128906, 1.0, 0.0, 2.7016016286623006, 3.7016016286623006, 0.5
0.6426853707414834, 0.0, 0.6426853707414834, 3.7260985825329755, -0.9074169645022552, 0.0, 1.1823418627563917, 0.2749248982541366, -0.4119147654712349, 0.0, 4.565788602849281, 4.153873837378046, 1.0, 0.0, 2.7260985825329755, 3.7260985825329755, 0.5
0.6461923847695394, 0.0, 0.6461923847695394, 3.7507011140828865, -0.9088520041601522, 0.0, 1.1984233729859133, 0.28957136882576107, -0.4064727867139578, 0.0, 4.605293339606131, 4.198820552892173, 1.0, 0.0, 2.7507011140828865, 3.7507011140828865, 0.5
0.6496993987975955, 0.0, 0.6496993987975955, 3.7754092233120344, -0.91026801046504, 0.0, 1.2146437045782168, 0.3043756941131768, -0.4010602628687685, 0.0, 4.644956442881837, 4.243896180013068, 1.0, 0.0, 2.7754092233120344, 3.7754092233120344, 0.5
0.6532064128256517, 0.0, 0.6532064128256517, 3.800222910220419, -0.9116650861581036, 0.0, 1.231003412926907, 0.31933832676880336, -0.39567687679979574, 0.0, 4.684777912676397, 4.289101035876602, 1.0, 0.0, 2.800222910220419, 3.800222910220419, 0.5
0.6567134268537078, 0.0, 0.6567134268537078, 3.8251421748080388, -0.9130433328772931, 0.0, 1.2475030534255853, 0.3344597205482922, -0.3903223164655752, 0.0, 4.724757748989811, 4.334435432524236, 1.0, 0.0, 2.8251421748080388, 3.8251421748080388, 0.5
0.6602204408817639, 0.0, 0.6602204408817639, 3.850167017074895, -0.9144028511749991, 0.0, 1.264143181467856, 0.349740330292857, -0.3849962748105153, 0.0, 4.764895951822079, 4.379899677011564, 1.0, 0.0, 2.850167017074895, 3.850167017074895, 0.5
0.66372745490982, 0.0, 0.66372745490982, 3.8752974370209876, -0.9157437405353515, 0.0, 1.2809243524473217, 0.36518061191197027, -0.3796984496592396, 0.0, 4.805192521173202, 4.425494071513962, 1.0, 0.0, 2.8752974370209876, 3.8752974370209876, 0.5
0.6672344689378762, 0.0, 0.6672344689378762, 3.9005334346463174, -0.9170660993911542, 0.0, 1.2978471217575867, 0.3807810223664324, -0.3744285436137127, 0.0, 4.84564745704318, 4.4712189134294675, 1.0, 0.0, 2.9005334346463174, 3.9005334346463174, 0.5
0.6707414829659323, 0.0, 0.6707414829659323, 3.9258750099508823, -0.918370025140462, 0.0, 1.314912044792253, 0.39654201965179114, -0.3691862639530632, 0.0, 4.886260759432011, 4.517074495478948, 1.0, 0.0, 2.9258750099508823, 3.9258750099508823, 0.5
0.6742484969939884, 0.0, 0.6742484969939884, 3.9513221629346837, -0.9196556141628122, 0.0, 1.3321196769449242, 0.412464062782112, -0.36397132253601716, 0.0, 4.927032428339697, 4.56306110580368, 1.0, 0.0, 2.9513221629346837, 3.9513221629346837, 0.5
0.6777555110220445, 0.0, 0.6777555110220445, 3.9768748935977207, -0.9209229618351175, 0.0, 1.3494705736092032, 0.42854761177408573, -0.3587834357058643, 0.0, 4.967962463766237, 4.609179028060373, 1.0, 0.0, 2.976874893597721, 3.976874893597721, 0.5
0.6812625250501005, 0.0, 0.6812625250501005, 4.002533201939995, -0.9221721625472306, 0.0, 1.3669652901786935, 0.44479312763146295, -0.3536223241978756, 0.0, 5.0090508657116315, 4.655428541513756, 1.0, 0.0, 3.002533201939995, 4.002533201939995, 0.5
0.6847695390781567, 0.0, 0.6847695390781567, 4.028297087961506, -0.9234033097171885, 0.0, 1.384604382046999, 0.46120107232981056, -0.348487713049098, 0.0, 5.050297634175882, 4.7018099211267845, 1.0, 0.0, 3.028297087961506, 4.028297087961506, 0.5
0.6882765531062128, 0.0, 0.6882765531062128, 4.054166551662252, -0.9246164958061432, 0.0, 1.4023884046077217, 0.4777719088015785, -0.3433793315104535, 0.0, 5.091702769158985, 4.748323437648532, 1.0, 0.0, 3.0541665516622523, 4.054166551662252, 0.5
0.6917835671342689, 0.0, 0.6917835671342689, 4.080141593042235, -0.9258118123329901, 0.0, 1.4203179132544652, 0.49450610092147507, -0.3382969129610713, 0.0, 5.133266270660942, 4.7949693576998715, 1.0, 0.0, 3.080141593042235, 4.080141593042235, 0.5
0.695290581162325, 0.0, 0.695290581162325, 4.1062222121014536, -0.9269893498886971, 0.0, 1.438393463380833, 0.511404113492136, -0.33324019482478634, 0.0, 5.174988138681755, 4.841747943856968, 1.0, 0.0, 3.106222212101454, 4.1062222121014536, 0.5
0.6987975951903811, 0.0, 0.6987975951903811, 4.132408408839909, -0.9281491981503477, 0.0, 1.4566156103804282, 0.5284664122300805, -0.3282089184887388, 0.0, 5.216868373221422, 4.888659454732683, 1.0, 0.0, 3.1324084088399093, 4.132408408839909, 0.5
0.7023046092184373, 0.0, 0.7023046092184373, 4.158700183257601, -0.9292914458948992, 0.0, 1.474984909646854, 0.5456934637519547, -0.3232028292240104, 0.0, 5.2589069742799435, 4.935704145055933, 1.0, 0.0, 3.1587001832576016, 4.158700183257602, 0.5
0.7058116232464934, 0.0, 0.7058116232464934, 4.185097535354529, -0.930416181012669, 0.0, 1.4935019165737131, 0.5630857355610441, -0.3182216761082384, 0.0, 5.301103941857319, 4.9828822657490806, 1.0, 0.0, 3.1850975353545286, 4.1850975353545286, 0.5
0.7093186372745495, 0.0, 0.7093186372745495, 4.211600465130693, -0.93152349052055, 0.0, 1.5121671865546094, 0.5806436960340594, -0.31326521195014595, 0.0, 5.343459275953549, 5.030194064003403, 1.0, 0.0, 3.211600465130693, 4.211600465130693, 0.5
0.7128256513026056, 0.0, 0.7128256513026056, 4.238208972586094, -0.9326134605749664, 0.0, 1.5309812749831453, 0.5983678144081789, -0.3083331932159347, 0.0, 5.385972976568633, 5.077639783352698, 1.0, 0.0, 3.238208972586093, 4.238208972586094, 0.5
0.7163326653306618, 0.0, 0.7163326653306618, 4.264923057720731, -0.9336861764845745, 0.0, 1.5499447372529254, 0.6162585607683508, -0.3034253799574833, 0.0, 5.428645043702573, 5.1252196637450895, 1.0, 0.0, 3.264923057720731, 4.264923057720731, 0.5
0.7198396793587178, 0.0, 0.7198396793587178, 4.291742720534604, -0.9347417227227139, 0.0, 1.5690581287575514, 0.6343164060348374, -0.29854153574229964, 0.0, 5.471475477355366, 5.172933941613066, 1.0, 0.0, 3.2917427205346037, 4.291742720534604, 0.5
0.7233466933867739, 0.0, 0.7233466933867739, 4.318667961027713, -0.9357801829396171, 0.0, 1.5883220048906268, 0.6525418219510097, -0.2936814275851742, 0.0, 5.514464277527013, 5.220782849941839, 1.0, 0.0, 3.318667961027713, 4.318667961027713, 0.5
0.72685370741483, 0.0, 0.72685370741483, 4.345698779200058, -0.9368016399743803, 0.0, 1.6077369210457548, 0.6709352810713746, -0.2888448258814876, 0.0, 5.557611444217514, 5.268766618336026, 1.0, 0.0, 3.345698779200058, 4.345698779200058, 0.5
0.7303607214428861, 0.0, 0.7303607214428861, 4.372835175051639, -0.9378061758667069, 0.0, 1.6273034326165394, 0.6894972567498325, -0.2840315043421223, 0.0, 5.60091697742687, 5.3168854730847475, 1.0, 0.0, 3.372835175051639, 4.372835175051639, 0.5
0.7338677354709423, 0.0, 0.7338677354709423, 4.400077148582458, -0.9387938718684209, 0.0, 1.6470220949965837, 0.7082282231281628, -0.2792412399299338, 0.0, 5.644380877155083, 5.365139637225149, 1.0, 0.0, 3.400077148582458, 4.400077148582458, 0.5
0.7373747494989984, 0.0, 0.7373747494989984, 4.427424699792512, -0.9397648084547641, 0.0, 1.6668934635794899, 0.7271286551247258, -0.2744738127977362, 0.0, 5.688003143402147, 5.413529330604411, 1.0, 0.0, 3.427424699792512, 4.427424699792512, 0.5
0.7408817635270545, 0.0, 0.7408817635270545, 4.454877828681802, -0.9407190653354757, 0.0, 1.6869180937588617, 0.746199028423386, -0.26972900622775803, 0.0, 5.731783776168067, 5.462054769940309, 1.0, 0.0, 3.4548778286818025, 4.454877828681802, 0.5
0.7443887775551106, 0.0, 0.7443887775551106, 4.482436535250329, -0.9416567214656637, 0.0, 1.7070965409283023, 0.7654398194626386, -0.26500660657252906, 0.0, 5.77572277545284, 5.510716168880311, 1.0, 0.0, 3.4824365352503293, 4.482436535250329, 0.5
0.7478957915831668, 0.0, 0.7478957915831668, 4.510100819498094, -0.9425778550564703, 0.0, 1.7274293604814157, 0.7848515054249454, -0.2603064031971554, 0.0, 5.81982014125647, 5.559513738059314, 1.0, 0.0, 3.510100819498093, 4.510100819498093, 0.5
0.7514028056112229, 0.0, 0.7514028056112229, 4.537870681425092, -0.9434825435855387, 0.0, 1.7479171078118036, 0.8044345642262649, -0.2556281884229458, 0.0, 5.864075873578952, 5.608447685156007, 1.0, 0.0, 3.537870681425092, 4.537870681425092, 0.5
0.754909819639279, 0.0, 0.754909819639279, 4.565746121031328, -0.9443708638072827, 0.0, 1.76856033831307, 0.8241894745057872, -0.25097175747234884, 0.0, 5.908489972420289, 5.65751821494794, 1.0, 0.0, 3.565746121031327, 4.565746121031327, 0.5
0.758416833667335, 0.0, 0.758416833667335, 4.593727138316799, -0.9452428917629669, 0.0, 1.789359607378818, 0.8441167156158511, -0.2463369084151678, 0.0, 5.9530624377804795, 5.706725529365312, 1.0, 0.0, 3.5937271383167992, 4.593727138316799, 0.5
0.7619238476953911, 0.0, 0.7619238476953911, 4.621813733281507, -0.9460987027905998, 0.0, 1.8103154704026507, 0.8642167676120509, -0.24172344211601549, 0.0, 5.997793269659525, 5.756069827543509, 1.0, 0.0, 3.621813733281507, 4.621813733281507, 0.5
0.7654308617234473, 0.0, 0.7654308617234473, 4.650005905925452, -0.9469383715346448, 0.0, 1.8314284827781726, 0.8844901112435278, -0.23713116218297547, 0.0, 6.042682468057427, 5.8055513058744515, 1.0, 0.0, 3.650005905925452, 4.650005905925452, 0.5
0.7689378757515034, 0.0, 0.7689378757515034, 4.678303656248632, -0.9477619719555532, 0.0, 1.8526991998989846, 0.9049372279434313, -0.23255987491743751, 0.0, 6.08773003297418, 5.855170158056743, 1.0, 0.0, 3.6783036562486324, 4.678303656248632, 0.5
0.7724448897795595, 0.0, 0.7724448897795595, 4.706706984251049, -0.9485695773391236, 0.0, 1.8741281771586913, 0.9255585998195677, -0.22800938926507308, 0.0, 6.132935964409791, 5.904926575144718, 1.0, 0.0, 3.706706984251049, 4.706706984251049, 0.5
0.7759519038076156, 0.0, 0.7759519038076156, 4.735215889932702, -0.949361260305691, 0.0, 1.8957159699508954, 0.9463547096452044, -0.22347951676792233, 0.0, 6.178300262364253, 5.954820745596331, 1.0, 0.0, 3.735215889932702, 4.735215889932702, 0.5
0.7794589178356718, 0.0, 0.7794589178356718, 4.763830373293592, -0.9501370928191496, 0.0, 1.917463133669201, 0.9673260408500514, -0.2189700715175611, 0.0, 6.223822926837572, 6.004852855320011, 1.0, 0.0, 3.763830373293592, 4.763830373293592, 0.5
0.7829659318637279, 0.0, 0.7829659318637279, 4.792550434333718, -0.9508971461958142, 0.0, 1.9393702237072101, 0.9884730775113959, -0.21448087010931932, 0.0, 6.269503957829745, 6.055023087720425, 1.0, 0.0, 3.792550434333718, 4.792550434333718, 0.5
0.786472945891784, 0.0, 0.786472945891784, 4.82137607305308, -0.9516414911131214, 0.0, 1.9614377954585263, 1.009796304345405, -0.21001173159752157, 0.0, 6.3153433553407705, 6.105331623743249, 1.0, 0.0, 3.82137607305308, 4.82137607305308, 0.5
0.78997995991984, 0.0, 0.78997995991984, 4.850307289451678, -0.9523701976181763, 0.0, 1.983666404316753, 1.0312962066985767, -0.20556247745172446, 0.0, 6.3613411193706515, 6.155778641918927, 1.0, 0.0, 3.850307289451678, 4.850307289451678, 0.5
0.7934869739478961, 0.0, 0.7934869739478961, 4.879344083529512, -0.9530833351361482, 0.0, 2.006056605675493, 1.0529732705393449, -0.2011329315139228, 0.0, 6.407497249919387, 6.2063643184054635, 1.0, 0.0, 3.879344083529512, 4.879344083529512, 0.5
0.7969939879759523, 0.0, 0.7969939879759523, 4.9084864552865834, -0.9537809724785162, 0.0, 2.028608954928351, 1.0748279824498346, -0.19672291995669927, 0.0, 6.453811746986977, 6.257088827030278, 1.0, 0.0, 3.9084864552865834, 4.9084864552865834, 0.5
0.8005010020040084, 0.0, 0.8005010020040084, 4.937734404722891, -0.9544631778511709, 0.0, 2.051324007468928, 1.096860829617757, -0.1923322712422933, 0.0, 6.500284610573422, 6.307952339331129, 1.0, 0.0, 3.9377344047228906, 4.937734404722891, 0.5
0.8040080160320645, 0.0, 0.8040080160320645, 4.967087931838433, -0.9551300188623745, 0.0, 2.074202318690828, 1.1190722998284537, -0.18796081608256382, 0.0, 6.54691584067872, 6.358955024596156, 1.0, 0.0, 3.9670879318384333, 4.967087931838433, 0.5
0.8075150300601206, 0.0, 0.8075150300601206, 4.996547036633213, -0.9557815625305797, 0.0, 2.0972444439876545, 1.1414628814570749, -0.183608387399824, 0.0, 6.593705437302873, 6.410097049903049, 1.0, 0.0, 3.9965470366332134, 4.996547036633213, 0.5
0.8110220440881767, 0.0, 0.8110220440881767, 5.026111719107229, -0.9564178752921162, 0.0, 2.120450938753011, 1.1640330634608946, -0.17927482028852443, 0.0, 6.6406534004458795, 6.461378580157355, 1.0, 0.0, 4.026111719107228, 5.026111719107228, 0.5
0.8145290581162329, 0.0, 0.8145290581162329, 5.055781979260482, -0.9570390230087416, 0.0, 2.1438223583805005, 1.186783335371759, -0.17495995197776293, 0.0, 6.687759730107743, 6.51279977812998, 1.0, 0.0, 4.055781979260482, 5.055781979260482, 0.5
0.818036072144289, 0.0, 0.818036072144289, 5.08555781709297, -0.9576450709750619, 0.0, 2.1673592582637253, 1.2097141872886634, -0.17066362179459987, 0.0, 6.735024426288459, 6.564360804493859, 1.0, 0.0, 4.08555781709297, 5.08555781709297, 0.5
0.8215430861723451, 0.0, 0.8215430861723451, 5.115439232604694, -0.9582360839258285, 0.0, 2.1910621937962897, 1.2328261098704614, -0.1663856711281576, 0.0, 6.782447488988029, 6.616061817859872, 1.0, 0.0, 4.115439232604694, 5.115439232604694, 0.5
0.8250501002004011, 0.0, 0.8250501002004011, 5.145426225795655, -0.9588121260431058, 0.0, 2.214931720371796, 1.2561195943286902, -0.16212594339448533, 0.0, 6.8300289182064535, 6.667902974811968, 1.0, 0.0, 4.145426225795655, 5.145426225795655, 0.5
0.8285571142284573, 0.0, 0.8285571142284573, 5.175518796665853, -0.9593732609633203, 0.0, 2.238968393383849, 1.2795951324205286, -0.15788428400216853, 0.0, 6.877768713943734, 6.719884429941565, 1.0, 0.0, 4.175518796665853, 5.175518796665853, 0.5
0.8320641282565134, 0.0, 0.8320641282565134, 5.205716945215285, -0.9599195517841884, 0.0, 2.26317276822605, 1.3032532164418615, -0.15366054031866538, 0.0, 6.925666876199868, 6.772006335881202, 1.0, 0.0, 4.205716945215285, 5.205716945215285, 0.5
0.8355711422845696, 0.0, 0.8355711422845696, 5.236020671443956, -0.9604510610715297, 0.0, 2.2875454002920037, 1.3270943392204742, -0.14945456163734983, 0.0, 6.973723404974858, 6.824268843337508, 1.0, 0.0, 4.236020671443956, 5.236020671443956, 0.5
0.8390781563126257, 0.0, 0.8390781563126257, 5.266429975351862, -0.9609678508659618, 0.0, 2.312086844975312, 1.35111899410935, -0.14526619914524652, 0.0, 7.021938300268699, 6.876672101123453, 1.0, 0.0, 4.266429975351862, 5.266429975351862, 0.5
0.8425851703406818, 0.0, 0.8425851703406818, 5.296944856939003, -0.9614699826894891, 0.0, 2.336797657669578, 1.3753276749800891, -0.14109530589143726, 0.0, 7.070311562081396, 6.929216256189958, 1.0, 0.0, 4.296944856939003, 5.296944856939003, 0.5
0.846092184368738, 0.0, 0.846092184368738, 5.3275653162053835, -0.9619575175519756, 0.0, 2.3616783937684067, 1.3997208762164313, -0.13694173675612387, 0.0, 7.118843190412949, 6.981901453656826, 1.0, 0.0, 4.3275653162053835, 5.3275653162053835, 0.5
0.8495991983967941, 0.0, 0.8495991983967941, 5.358291353150998, -0.9624305159575153, 0.0, 2.3867296086653993, 1.424299092707884, -0.13280534842033215, 0.0, 7.167533185263354, 7.034727836843022, 1.0, 0.0, 4.358291353150998, 5.358291353150998, 0.5
0.8531062124248502, 0.0, 0.8531062124248502, 5.389122967775848, -0.9628890379106945, 0.0, 2.4119518577541603, 1.4490628198434659, -0.12868599933623753, 0.0, 7.216381546632615, 7.087695547296377, 1.0, 0.0, 4.389122967775848, 5.389122967775848, 0.5
0.8566132264529063, 0.0, 0.8566132264529063, 5.420060160079936, -0.9633331429227531, 0.0, 2.4373456964282916, 1.4740125535055384, -0.12458354969810152, 0.0, 7.265388274520729, 7.140804724822628, 1.0, 0.0, 4.420060160079936, 5.420060160079936, 0.5
0.8601202404809625, 0.0, 0.8601202404809625, 5.45110293006326, -0.9637628900176424, 0.0, 2.4629116800813984, 1.4991487900637561, -0.12049786141380071, 0.0, 7.314553368927699, 7.194055507513898, 1.0, 0.0, 4.45110293006326, 5.45110293006326, 0.5
0.8636272545090186, 0.0, 0.8636272545090186, 5.48225127772582, -0.9641783377379876, 0.0, 2.488650364107083, 1.5244720263690954, -0.11642879807693589, 0.0, 7.363876829853522, 7.247448031776586, 1.0, 0.0, 4.48225127772582, 5.48225127772582, 0.5
0.8671342685370746, 0.0, 0.8671342685370746, 5.5135052030676155, -0.9645795441509502, 0.0, 2.5145623038989466, 1.5499827597479965, -0.11237622493950507, 0.0, 7.4133586572982, 7.300982432358695, 1.0, 0.0, 4.5135052030676155, 5.5135052030676155, 0.5
0.8706412825651307, 0.0, 0.8706412825651307, 5.544864706088648, -0.9649665668539973, 0.0, 2.540648054850595, 1.575681487996598, -0.10834000888512922, 0.0, 7.462998851261732, 7.354658842376603, 1.0, 0.0, 4.544864706088648, 5.544864706088648, 0.5
0.8741482965931868, 0.0, 0.8741482965931868, 5.576329786788916, -0.9653394629805778, 0.0, 2.566908172355631, 1.601568709375053, -0.10432001840281556, 0.0, 7.512797411744119, 7.408477393341303, 1.0, 0.0, 4.576329786788916, 5.576329786788916, 0.5
0.877655310621243, 0.0, 0.877655310621243, 5.607900445168422, -0.9656982892057075, 0.0, 2.5933432118076576, 1.62764492260195, -0.10031612356124615, 0.0, 7.562754338745361, 7.462438215184115, 1.0, 0.0, 4.607900445168422, 5.607900445168422, 0.5
0.8811623246492991, 0.0, 0.8811623246492991, 5.639576681227162, -0.9660431017514636, 0.0, 2.6199537286002768, 1.653910626848813, -0.09632819598357974, 0.0, 7.612869632265455, 7.516541436281876, 1.0, 0.0, 4.639576681227162, 5.639576681227162, 0.5
0.8846693386773552, 0.0, 0.8846693386773552, 5.67135849496514, -0.9663739563923938, 0.0, 2.6467402781270923, 1.6803663217346987, -0.09235610882275273, 0.0, 7.6631432923044045, 7.570787183481651, 1.0, 0.0, 4.67135849496514, 5.67135849496514, 0.5
0.8881763527054113, 0.0, 0.8881763527054113, 5.703245886382353, -0.9666909084608385, 0.0, 2.6737034157817083, 1.70701250732087, -0.08839973673727018, 0.0, 7.713575318862209, 7.625175582124939, 1.0, 0.0, 4.703245886382353, 5.703245886382353, 0.5
0.8916833667334675, 0.0, 0.8916833667334675, 5.735238855478803, -0.966994012852169, 0.0, 2.7008436969577287, 1.7338496841055597, -0.08445895586747289, 0.0, 7.764165711938869, 7.679706756071396, 1.0, 0.0, 4.735238855478804, 5.735238855478804, 0.5
0.8951903807615236, 0.0, 0.8951903807615236, 5.7673374022544905, -0.9672833240299435, 0.0, 2.728161677048754, 1.7608783530188106, -0.08053364381227117, 0.0, 7.814914471534381, 7.73438082772211, 1.0, 0.0, 4.76733740225449, 5.76733740225449, 0.5
0.8986973947895797, 0.0, 0.8986973947895797, 5.799541526709412, -0.9675588960309817, 0.0, 2.755657911448389, 1.7880990154174072, -0.0766236796063321, 0.0, 7.865821597648749, 7.789197918042417, 1.0, 0.0, 4.799541526709413, 5.799541526709413, 0.5
0.9022044088176358, 0.0, 0.9022044088176358, 5.83185122884357, -0.9678207824703614, 0.0, 2.783332955550236, 1.8155121730798744, -0.07272894369771235, 0.0, 7.9168870902819695, 7.844158146584257, 1.0, 0.0, 4.83185122884357, 5.83185122884357, 0.5
0.9057114228456918, 0.0, 0.9057114228456918, 5.864266508656964, -0.9680690365463362, 0.0, 2.8111873647478998, 1.8431183282015635, -0.06884931792592432, 0.0, 7.968110949434045, 7.899261631508121, 1.0, 0.0, 4.864266508656965, 5.864266508656965, 0.5
0.909218436873748, 0.0, 0.909218436873748, 5.8967873661495975, -0.9683037110451774, 0.0, 2.8392216944349835, 1.870917983389806, -0.06498468550042594, 0.0, 8.019493175104977, 7.95450848960455, 1.0, 0.0, 4.8967873661495975, 5.8967873661495975, 0.5
0.9127254509018041, 0.0, 0.9127254509018041, 5.929413801321465, -0.968524858345942, 0.0, 2.867436500005088, 1.898911641659146, -0.06113493097952534, 0.0, 8.071033767294761, 8.009898836315235, 1.0, 0.0, 4.929413801321465, 5.929413801321465, 0.5
0.9162324649298602, 0.0, 0.9162324649298602, 5.962145814172568, -0.968732530425166, 0.0, 2.895832336851819, 1.9270998064266527, -0.057299940249688625, 0.0, 8.122732726003402, 8.065432785753714, 1.0, 0.0, 4.962145814172568, 5.962145814172568, 0.5
0.9197394789579163, 0.0, 0.9197394789579163, 5.994983404702909, -0.9689267788614871, 0.0, 2.9244097603687775, 1.9554829815072905, -0.053479600505244265, 0.0, 8.174590051230895, 8.12111045072565, 1.0, 0.0, 4.994983404702908, 5.994983404702908, 0.5
0.9232464929859724, 0.0, 0.9232464929859724, 6.0279265729124845, -0.9691076548401958, 0.0, 2.9531693259495686, 1.9840616711093728, -0.04967380022847298, 0.0, 8.226605742977243, 8.176931942748771, 1.0, 0.0, 5.0279265729124845, 6.0279265729124845, 0.5
0.9267535070140286, 0.0, 0.9267535070140286, 6.060975318801297, -0.9692752091577185, 0.0, 2.982111588987795, 2.012836379830077, -0.04588242917007512, 0.0, 8.278779801242447, 8.232897372072372, 1.0, 0.0, 5.060975318801297, 6.060975318801297, 0.5
0.9302605210420847, 0.0, 0.9302605210420847, 6.094129642369346, -0.9694294922260317, 0.0, 3.01123710487706, 2.041807612651028, -0.04210537833000755, 0.0, 8.331112226026503, 8.289006847696497, 1.0, 0.0, 5.094129642369346, 6.094129642369346, 0.5
0.9337675350701408, 0.0, 0.9337675350701408, 6.127389543616632, -0.9695705540770101, 0.0, 3.0405464290109654, 2.0709758749339553, -0.03834253993867974, 0.0, 8.383603017329413, 8.345260477390733, 1.0, 0.0, 5.127389543616632, 6.127389543616632, 0.5
0.9372745490981969, 0.0, 0.9372745490981969, 6.160755022543152, -0.9696984443667103, 0.0, 3.070040116783116, 2.100341672416406, -0.03459380743850374, 0.0, 8.436252175151179, 8.401658367712674, 1.0, 0.0, 5.160755022543152, 6.160755022543152, 0.5
0.940781563126253, 0.0, 0.940781563126253, 6.19422607914891, -0.969813212379588, 0.0, 3.0997187235871153, 2.1299055112075274, -0.030859075465787714, 0.0, 8.4890596994918, 8.458200624026013, 1.0, 0.0, 5.19422607914891, 6.19422607914891, 0.5
0.9442885771543091, 0.0, 0.9442885771543091, 6.2278027134339045, -0.969914907032654, 0.0, 3.1295828048165646, 2.1596678977839106, -0.027138239832967252, 0.0, 8.542025590351276, 8.51488735051831, 1.0, 0.0, 5.2278027134339045, 6.2278027134339045, 0.5
0.9477955911823652, 0.0, 0.9477955911823652, 6.261484925398134, -0.9700035768795703, 0.0, 3.1596329158650684, 2.1896293389854984, -0.023431197511164716, 0.0, 8.595149847729603, 8.571718650218438, 1.0, 0.0, 5.261484925398134, 6.261484925398134, 0.5
0.9513026052104213, 0.0, 0.9513026052104213, 6.2952727150416, -0.9700792701146804, 0.0, 3.1898696121262295, 2.219790342011549, -0.019737846613071902, 0.0, 8.648432471626787, 8.628694625013715, 1.0, 0.0, 5.2952727150416, 6.2952727150416, 0.5
0.9548096192384774, 0.0, 0.9548096192384774, 6.329166082364303, -0.970142034576985, 0.0, 3.2202934489936514, 2.2501514144166666, -0.01605808637614705, 0.0, 8.701873462042824, 8.685815375666678, 1.0, 0.0, 5.329166082364303, 6.329166082364303, 0.5
0.9583166332665336, 0.0, 0.9583166332665336, 6.363165027366243, -0.9701919177540578, 0.0, 3.2509049818609377, 2.28071306410688, -0.012391817146119838, 0.0, 8.755472818977719, 8.743081001831598, 1.0, 0.0, 5.363165027366243, 6.363165027366243, 0.5
0.9618236472945897, 0.0, 0.9618236472945897, 6.397269550047418, -0.9702289667859025, 0.0, 3.281704766121691, 2.3114757993357884, -0.008738940360798288, 0.0, 8.809230542431465, 8.800491602070666, 1.0, 0.0, 5.397269550047418, 6.397269550047418, 0.5
0.9653306613226458, 0.0, 0.9653306613226458, 6.431479650407828, -0.9702532284687566, 0.0, 3.3126933571695134, 2.3424401287007566, -0.005099358534169145, 0.0, 8.863146632404064, 8.858047273869895, 1.0, 0.0, 5.431479650407828, 6.431479650407828, 0.5
0.9688376753507019, 0.0, 0.9688376753507019, 6.465795328447477, -0.9702647492588359, 0.0, 3.3438713103980104, 2.373606561139175, -0.0014729752407877245, 0.0, 8.91722108889552, 8.915748113654733, 1.0, 0.0, 5.465795328447477, 6.465795328447477, 0.5
0.9723446893787581, 0.0, 0.9723446893787581, 6.500216584166361, -0.9702635752760284, 0.0, 3.375239181200784, 2.4049756059247556, 0.0021403048995508774, 0.0, 8.971453911905831, 8.973594216805383, 1.0, 0.0, 5.500216584166361, 6.500216584166361, 0.5
0.9758517034068142, 0.0, 0.9758517034068142, 6.534743417564481, -0.9702497523075337, 0.0, 3.406797524971437, 2.4365477726639035, 0.005740576236864036, 0.0, 9.025845101434994, 9.031585677671858, 1.0, 0.0, 5.534743417564481, 6.534743417564481, 0.5
0.9793587174348702, 0.0, 0.9793587174348702, 6.569375828641838, -0.9702233258114489, 0.0, 3.4385468971035724, 2.4683235712921237, 0.009327932105764894, 0.0, 9.080394657483012, 9.089722589588778, 1.0, 0.0, 5.569375828641838, 6.569375828641838, 0.5
0.9828657314629263, 0.0, 0.9828657314629263, 6.604113817398431, -0.9701843409203043, 0.0, 3.4704878529907948, 2.5003035120704906, 0.01290246483998038, 0.0, 9.135102580049885, 9.148005044889866, 1.0, 0.0, 5.604113817398431, 6.604113817398431, 0.5
0.9863727454909824, 0.0, 0.9863727454909824, 6.63895738383426, -0.9701328424445494, 0.0, 3.5026209480267068, 2.532488105582157, 0.016464265786611195, 0.0, 9.189968869135612, 9.206433134922223, 1.0, 0.0, 5.63895738383426, 6.63895738383426, 0.5
0.9898797595190386, 0.0, 0.9898797595190386, 6.673906527949326, -0.9700688748759875, 0.0, 3.5349467376049115, 2.564877862728924, 0.02001342532013877, 0.0, 9.244993524740195, 9.265006950060334, 1.0, 0.0, 5.673906527949326, 6.673906527949326, 0.5
0.9933867735470947, 0.0, 0.9933867735470947, 6.708961249743627, -0.969992482391162, 0.0, 3.567465777119012, 2.59747329472785, 0.023550032856183973, 0.0, 9.300176546863632, 9.323726579719816, 1.0, 0.0, 5.708961249743627, 6.708961249743627, 0.5
0.9968937875751508, 0.0, 0.9968937875751508, 6.744121549217164, -0.9699037088546971, 0.0, 3.600178621962611, 2.6302749131079137, 0.02707417686502446, 0.0, 9.35551793550592, 9.382592112370945, 1.0, 0.0, 5.744121549217164, 6.744121549217164, 0.5
1.0004008016032069, 0.0, 1.0004008016032069, 6.779387426369938, -0.9698025978225878, 0.0, 3.633085827529312, 2.663283229706724, 0.030585944884873623, 0.0, 9.411017690667066, 9.441603635551939, 1.0, 0.0, 5.779387426369938, 6.779387426369938, 0.5
1.003907815631263, 0.0, 1.003907815631263, 6.81475888120195, -0.9696891925454473, 0.0, 3.66618794921272, 2.6964987566672725, 0.03408542353492779, 0.0, 9.466675812347066, 9.500761235881994, 1.0, 0.0, 5.81475888120195, 6.81475888120195, 0.5
1.007414829659319, 0.0, 1.007414829659319, 6.850235913713195, -0.9695635359717064, 0.0, 3.6994855424064337, 2.729922006434727, 0.03757269852818522, 0.0, 9.522492300545919, 9.560064999074104, 1.0, 0.0, 5.850235913713195, 6.850235913713195, 0.5
1.0109218436873753, 0.0, 1.0109218436873753, 6.885818523903678, -0.96942567075077, 0.0, 3.732979162504062, 2.7635534917532922, 0.041047854684044045, 0.0, 9.578467155263628, 9.619515009947671, 1.0, 0.0, 5.885818523903678, 6.885818523903678, 0.5
1.0144288577154312, 0.0, 1.0144288577154312, 6.921506711773397, -0.9692756392361288, 0.0, 3.7666693648992027, 2.797393725663074, 0.04451097594067929, 0.0, 9.634600376500188, 9.679111352440868, 1.0, 0.0, 5.921506711773397, 6.921506711773397, 0.5
1.0179358717434874, 0.0, 1.0179358717434874, 6.957300477322352, -0.9691134834884291, 0.0, 3.8005567049854645, 2.8314432214970355, 0.04796214536720965, 0.0, 9.690891964255606, 9.738854109622816, 1.0, 0.0, 5.957300477322352, 6.957300477322352, 0.5
1.0214428857715436, 0.0, 1.0214428857715436, 6.993199820550545, -0.9689392452784981, 0.0, 3.834641738156447, 2.865702492877949, 0.05140144517565181, 0.0, 9.747341918529878, 9.79874336370553, 1.0, 0.0, 5.993199820550545, 6.993199820550545, 0.5
1.0249498997995996, 0.0, 1.0249498997995996, 7.029204741457972, -0.9687529660903308, 0.0, 3.868925019805752, 2.9001720537154214, 0.05482895673267203, 0.0, 9.803950239323001, 9.858779196055673, 1.0, 0.0, 6.029204741457972, 7.029204741457972, 0.5
1.0284569138276558, 0.0, 1.0284569138276558, 7.0653152400446375, -0.9685546871240334, 0.0, 3.9034071053269876, 2.9348524182029543, 0.05824476057113709, 0.0, 9.860716926634984, 9.91896168720612, 1.0, 0.0, 6.0653152400446375, 7.0653152400446375, 0.5
1.0319639278557118, 0.0, 1.0319639278557118, 7.1015313163105365, -0.9683444492987275, 0.0, 3.9380885501137515, 2.969744100815024, 0.06164893640146635, 0.0, 9.917641980465817, 9.979290916867283, 1.0, 0.0, 6.1015313163105365, 7.1015313163105365, 0.5
1.035470941883768, 0.0, 1.035470941883768, 7.137852970255674, -0.9681222932554152, 0.0, 3.9729699095596516, 3.0048476163042364, 0.0650415631227946, 0.0, 9.974725400815506, 10.039766963938302, 1.0, 0.0, 6.137852970255674, 7.137852970255674, 0.5
1.0389779559118242, 0.0, 1.0389779559118242, 7.174280201880048, -0.9678882593598048, 0.0, 4.008051739058289, 3.040163479698484, 0.06842271883394292, 0.0, 10.031967187684051, 10.100389906517995, 1.0, 0.0, 6.174280201880048, 7.174280201880048, 0.5
1.0424849699398802, 0.0, 1.0424849699398802, 7.210813011183657, -0.9676423877050979, 0.0, 4.043334594003266, 3.075692206298168, 0.0717924808442068, 0.0, 10.089367341071448, 10.161159821915655, 1.0, 0.0, 6.210813011183657, 7.210813011183657, 0.5
1.0459919839679364, 0.0, 1.0459919839679364, 7.247451398166502, -0.9673847181147409, 0.0, 4.078819029788187, 3.111434311673446, 0.07515092568396312, 0.0, 10.1469258609777, 10.222076786661663, 1.0, 0.0, 6.247451398166502, 7.247451398166502, 0.5
1.0494989979959923, 0.0, 1.0494989979959923, 7.284195362828584, -0.9671152901451374, 0.0, 4.114505601806655, 3.147390311661517, 0.07849812911509757, 0.0, 10.204642747402804, 10.283140876517901, 1.0, 0.0, 6.284195362828584, 7.284195362828584, 0.5
1.0530060120240485, 0.0, 1.0530060120240485, 7.321044905169902, -0.9668341430883257, 0.0, 4.150394865452274, 3.183560722363948, 0.08183416614126118, 0.0, 10.262518000346768, 10.34435216648803, 1.0, 0.0, 6.321044905169902, 7.321044905169902, 0.5
1.0565130260521047, 0.0, 1.0565130260521047, 7.358000025190457, -0.9665413159746198, 0.0, 4.186487376118646, 3.2199460601440264, 0.0851591110179532, 0.0, 10.320551619809583, 10.405710730827536, 1.0, 0.0, 6.358000025190457, 7.358000025190457, 0.5
1.060020040080161, 0.0, 1.060020040080161, 7.395060722890248, -0.9662368475752163, 0.0, 4.222783689199375, 3.256546841624158, 0.08847303726243938, 0.0, 10.378743605791254, 10.467216643053693, 1.0, 0.0, 6.395060722890248, 7.395060722890248, 0.5
1.0635270541082171, 0.0, 1.0635270541082171, 7.432226998269276, -0.9659207764047657, 0.0, 4.259284360088064, 3.2933635836832984, 0.09177601766350518, 0.0, 10.437093958291781, 10.528869975955287, 1.0, 0.0, 6.432226998269276, 7.432226998269276, 0.5
1.067034068136273, 0.0, 1.067034068136273, 7.469498851327538, -0.9655931407239107, 0.0, 4.295989944178314, 3.330396803454403, 0.09506812429104855, 0.0, 10.495602677311156, 10.590670801602204, 1.0, 0.0, 6.469498851327538, 7.469498851327538, 0.5
1.0705410821643293, 0.0, 1.0705410821643293, 7.506876282065039, -0.9652539785417905, 0.0, 4.3329009968637315, 3.367647018321941, 0.09834942850551634, 0.0, 10.554269762849392, 10.652619191354908, 1.0, 0.0, 6.506876282065039, 7.506876282065039, 0.5
1.0740480961923853, 0.0, 1.0740480961923853, 7.544359290481774, -0.9649033276185127, 0.0, 4.370018073537917, 3.405114745919404, 0.10162000096718422, 0.0, 10.613095214906476, 10.71471521587366, 1.0, 0.0, 6.544359290481774, 7.544359290481774, 0.5
1.0775551102204415, 0.0, 1.0775551102204415, 7.581947876577745, -0.9645412254675928, 0.0, 4.407341729594477, 3.4428005041268843, 0.1048799116452882, 0.0, 10.672079033482419, 10.776958945127706, 1.0, 0.0, 6.581947876577745, 7.581947876577745, 0.5
1.0810621242484975, 0.0, 1.0810621242484975, 7.619642040352953, -0.9641677093583616, 0.0, 4.44487252042701, 3.4807048110686485, 0.10812922982700478, 0.0, 10.731221218577213, 10.839350448404218, 1.0, 0.0, 6.619642040352953, 7.619642040352953, 0.5
1.0845691382765537, 0.0, 1.0845691382765537, 7.657441781807398, -0.9637828163183422, 0.0, 4.482611001429125, 3.5188281851107828, 0.11136802412628873, 0.0, 10.790521770190864, 10.901889794317153, 1.0, 0.0, 6.657441781807398, 7.657441781807398, 0.5
1.0880761523046096, 0.0, 1.0880761523046096, 7.695347100941077, -0.9633865831355951, 0.0, 4.520557727994419, 3.5571711448588235, 0.11459636249256508, 0.0, 10.849980688323367, 10.964577050815931, 1.0, 0.0, 6.695347100941077, 7.695347100941077, 0.5
1.0915831663326658, 0.0, 1.0915831663326658, 7.733357997753995, -0.962979046361034, 0.0, 4.558713255516501, 3.5957342091554674, 0.11781431221928448, 0.0, 10.909597972974728, 11.027412285194012, 1.0, 0.0, 6.733357997753995, 7.733357997753995, 0.5
1.095090180360722, 0.0, 1.095090180360722, 7.771474472246149, -0.9625602423107115, 0.0, 4.597078139388972, 3.634517897078261, 0.12102193995233827, 0.0, 10.969373624144945, 11.090395564097284, 1.0, 0.0, 6.771474472246149, 7.771474472246149, 0.5
1.098597194388778, 0.0, 1.098597194388778, 7.809696524417538, -0.9621302070680754, 0.0, 4.635652935005432, 3.6735227279373563, 0.12421931169834108, 0.0, 11.02930764183401, 11.153526953532351, 1.0, 0.0, 6.809696524417538, 7.809696524417538, 0.5
1.1021042084168342, 0.0, 1.1021042084168342, 7.848024154268164, -0.9616889764861966, 0.0, 4.674438197759489, 3.7127492212732927, 0.12740649283278138, 0.0, 11.089400026041934, 11.216806518874716, 1.0, 0.0, 6.848024154268164, 7.848024154268164, 0.5
1.1056112224448902, 0.0, 1.1056112224448902, 7.8864573617980245, -0.9612365861899681, 0.0, 4.713434483044741, 3.7521978968547733, 0.1305835481080407, 0.0, 11.149650776768707, 11.280234324876748, 1.0, 0.0, 6.8864573617980245, 7.8864573617980245, 0.5
1.1091182364729464, 0.0, 1.1091182364729464, 7.924996147007124, -0.9607730715782766, 0.0, 4.752642346254799, 3.791869274676522, 0.13375054166128866, 0.0, 11.210059894014341, 11.34381043567563, 1.0, 0.0, 6.924996147007124, 7.924996147007124, 0.5
1.1126252505010026, 0.0, 1.1126252505010026, 7.96364050989546, -0.9602984678261458, 0.0, 4.79206234278326, 3.8317638749571143, 0.1369075370222505, 0.0, 11.270627377778826, 11.407534914801076, 1.0, 0.0, 6.96364050989546, 7.96364050989546, 0.5
1.1161322645290586, 0.0, 1.1161322645290586, 8.002390450463029, -0.9598128098868544, 0.0, 4.831695028023727, 3.871882218136873, 0.14005459712085444, 0.0, 11.331353228062166, 11.471407825183022, 1.0, 0.0, 7.002390450463029, 8.002390450463029, 0.5
1.1196392785571148, 0.0, 1.1196392785571148, 8.041245968709838, -0.959316132494025, 0.0, 4.871540957369806, 3.912224824875781, 0.14319178429475882, 0.0, 11.392237444864362, 11.53542922915912, 1.0, 0.0, 7.041245968709838, 8.041245968709838, 0.5
1.1231462925851707, 0.0, 1.1231462925851707, 8.080207064635879, -0.9588084701636894, 0.0, 4.911600686215098, 3.9527922160514084, 0.14631916029675995, 0.0, 11.453280028185407, 11.599599188482166, 1.0, 0.0, 7.080207064635879, 8.080207064635879, 0.5
1.126653306613227, 0.0, 1.126653306613227, 8.119273738241159, -0.9582898571963262, 0.0, 4.951874769953209, 3.9935849127568828, 0.14943678630208718, 0.0, 11.514480978025313, 11.663917764327401, 1.0, 0.0, 7.1192737382411595, 8.119273738241159, 0.5
1.1301603206412831, 0.0, 1.1301603206412831, 8.158445989525678, -0.9577603276788738, 0.0, 4.992363763977741, 4.034603436298867, 0.15254472291558158, 0.0, 11.575840294384072, 11.728385017299654, 1.0, 0.0, 7.158445989525677, 8.158445989525678, 0.5
1.133667334669339, 0.0, 1.133667334669339, 8.197723818489427, -0.9572199154867184, 0.0, 5.033068223682294, 4.075848308195575, 0.15564303017876563, 0.0, 11.637357977261681, 11.793001007440447, 1.0, 0.0, 7.197723818489427, 8.197723818489427, 0.5
1.1371743486973953, 0.0, 1.1371743486973953, 8.237107225132416, -0.9566686542856574, 0.0, 5.073988704460476, 4.117320050174818, 0.15873176757680363, 0.0, 11.699034026658149, 11.857765794234952, 1.0, 0.0, 7.237107225132417, 8.237107225132416, 0.5
1.1406813627254515, 0.0, 1.1406813627254515, 8.276596209454643, -0.9561065775338382, 0.0, 5.1151257617058885, 4.159019184172051, 0.1618109940453531, 0.0, 11.760868442573472, 11.922679436618825, 1.0, 0.0, 7.2765962094546435, 8.276596209454643, 0.5
1.1441883767535075, 0.0, 1.1441883767535075, 8.316190771456103, -0.9555337184836743, 0.0, 5.156479950812132, 4.200946232328458, 0.16488076797731271, 0.0, 11.822861225007646, 11.987741992984958, 1.0, 0.0, 7.316190771456102, 8.316190771456103, 0.5
1.1476953907815637, 0.0, 1.1476953907815637, 8.3558909111368, -0.954950110183736, 0.0, 5.198051827172814, 4.243101716989078, 0.16794114722946735, 0.0, 11.885012373960677, 12.052953521190144, 1.0, 0.0, 7.355890911136801, 8.3558909111368, 0.5
1.1512024048096197, 0.0, 1.1512024048096197, 8.395696628496733, -0.9543557854806197, 0.0, 5.239841946181533, 4.285486160700914, 0.17099218912902941, 0.0, 11.947321889432557, 12.118314078561585, 1.0, 0.0, 7.395696628496732, 8.395696628496733, 0.5
1.1547094188376759, 0.0, 1.1547094188376759, 8.435607923535903, -0.9537507770207935, 0.0, 5.281850863231899, 4.328100086211105, 0.1740339504800838, 0.0, 12.009789771423298, 12.183823721903382, 1.0, 0.0, 7.435607923535903, 8.435607923535903, 0.5
1.158216432865732, 0.0, 1.158216432865732, 8.47562479625431, -0.953135117252421, 0.0, 5.324079133717509, 4.370944016465089, 0.17706648756993204, 0.0, 12.072416019932891, 12.249482507502824, 1.0, 0.0, 7.47562479625431, 8.47562479625431, 0.5
1.161723446893788, 0.0, 1.161723446893788, 8.515747246651951, -0.9525088384271623, 0.0, 5.366527313031966, 4.414018474604804, 0.18008985617534284, 0.0, 12.135200634961338, 12.31529049113668, 1.0, 0.0, 7.5157472466519515, 8.515747246651951, 0.5
1.1652304609218442, 0.0, 1.1652304609218442, 8.55597527472883, -0.9518719726019539, 0.0, 5.40919595656888, 4.457323983966925, 0.18310411156870793, 0.0, 12.198143616508641, 12.38124772807735, 1.0, 0.0, 7.55597527472883, 8.55597527472883, 0.5
1.1687374749499002, 0.0, 1.1687374749499002, 8.596308880484944, -0.9512245516407669, 0.0, 5.452085619721846, 4.500861068081079, 0.186109308524104, 0.0, 12.261244964574795, 12.447354273098899, 1.0, 0.0, 7.596308880484944, 8.596308880484944, 0.5
1.1722444889779564, 0.0, 1.1722444889779564, 8.636748063920296, -0.9505666072163439, 0.0, 5.495196857884472, 4.544630250668128, 0.1891055013232662, 0.0, 12.324504679159805, 12.513610180483072, 1.0, 0.0, 7.636748063920296, 8.636748063920296, 0.5
1.1757515030060128, 0.0, 1.1757515030060128, 8.677292825034886, -0.9498981708119154, 0.0, 5.538530226450364, 4.588632055638449, 0.19209274376147012, 0.0, 12.387922760263676, 12.580015504025146, 1.0, 0.0, 7.677292825034887, 8.677292825034886, 0.5
1.1792585170340688, 0.0, 1.1792585170340688, 8.717943163828709, -0.9492192737228956, 0.0, 5.582086280813116, 4.632867007090221, 0.1950710891533271, 0.0, 12.451499207886393, 12.64657029703972, 1.0, 0.0, 7.717943163828709, 8.717943163828709, 0.5
1.182765531062125, 0.0, 1.182765531062125, 8.75869908030177, -0.9485299470585583, 0.0, 5.625865576366339, 4.67733562930778, 0.19804059033849492, 0.0, 12.515234022027968, 12.713274612366464, 1.0, 0.0, 7.758699080301771, 8.75869908030177, 0.5
1.186272545090181, 0.0, 1.186272545090181, 8.799560574454064, -0.9478302217436922, 0.0, 5.66986866850363, 4.722038446759938, 0.20100129968730102, 0.0, 12.579127202688394, 12.780128502375694, 1.0, 0.0, 7.799560574454064, 8.799560574454064, 0.5
1.1897795591182372, 0.0, 1.1897795591182372, 8.840527646285597, -0.9471201285202376, 0.0, 5.7140961126186, 4.766975984098362, 0.20395326910628558, 0.0, 12.643178749867678, 12.847132018973964, 1.0, 0.0, 7.840527646285598, 8.840527646285597, 0.5
1.1932865731462934, 0.0, 1.1932865731462934, 8.881600295796368, -0.9463996979489028, 0.0, 5.758548464104848, 4.8121487661559454, 0.20689655004366075, 0.0, 12.707388663565816, 12.914285213609476, 1.0, 0.0, 7.881600295796368, 8.881600295796368, 0.5
1.1967935871743494, 0.0, 1.1967935871743494, 8.922778522986372, -0.9456689604107629, 0.0, 5.803226278355973, 4.8575573179452105, 0.20983119349469115, 0.0, 12.771756943782805, 12.981588137277496, 1.0, 0.0, 7.922778522986372, 8.922778522986372, 0.5
1.2003006012024056, 0.0, 1.2003006012024056, 8.964062327855613, -0.944927946108838, 0.0, 5.848130110765587, 4.903202164656749, 0.2127572500069959, 0.0, 12.83628359051865, 13.049040840525647, 1.0, 0.0, 7.964062327855613, 8.964062327855613, 0.5
1.2038076152304618, 0.0, 1.2038076152304618, 9.005451710404092, -0.9441766850696539, 0.0, 5.893260516727288, 4.949083831657634, 0.2156747696857717, 0.0, 12.900968603773354, 13.116643373459125, 1.0, 0.0, 8.005451710404092, 9.005451710404092, 0.5
1.2073146292585177, 0.0, 1.2073146292585177, 9.046946670631804, -0.9434152071447859, 0.0, 5.938618051634677, 4.995202844489891, 0.21858380219894125, 0.0, 12.965811983546907, 13.184395785745847, 1.0, 0.0, 8.046946670631804, 9.046946670631804, 0.5
1.210821643286574, 0.0, 1.210821643286574, 9.088547208538756, -0.9426435420123817, 0.0, 5.984203270881363, 5.041559728868981, 0.22148439678222753, 0.0, 13.030813729839315, 13.252298126621541, 1.0, 0.0, 8.088547208538756, 9.088547208538756, 0.5
1.21432865731463, 0.0, 1.21432865731463, 9.13025332412494, -0.9418617191786698, 0.0, 6.030016729860942, 5.088155010682272, 0.22437660224415218, 0.0, 13.095973842650576, 13.320350444894729, 1.0, 0.0, 8.13025332412494, 9.13025332412494, 0.5
1.217835671342686, 0.0, 1.217835671342686, 9.172065017390363, -0.941069767979448, 0.0, 6.076058983967026, 5.134989215987578, 0.2272604669709654, 0.0, 13.161292321980694, 13.38855278895166, 1.0, 0.0, 8.172065017390363, 9.172065017390363, 0.5
1.2213426853707423, 0.0, 1.2213426853707423, 9.213982288335025, -0.9402677175815567, 0.0, 6.122330588593213, 5.182062871011657, 0.23013603893150136, 0.0, 13.22676916782967, 13.45690520676117, 1.0, 0.0, 8.213982288335025, 9.213982288335025, 0.5
1.2248496993987983, 0.0, 1.2248496993987983, 9.256005136958917, -0.9394555969843333, 0.0, 6.168832099133104, 5.22937650214877, 0.23300336568196656, 0.0, 13.292404380197492, 13.525407745879459, 1.0, 0.0, 8.256005136958917, 9.256005136958917, 0.5
1.2283567134268545, 0.0, 1.2283567134268545, 9.298133563262049, -0.9386334350210518, 0.0, 6.2155640709803075, 5.276930635959256, 0.2358624943706591, 0.0, 13.358197959084174, 13.594060453454833, 1.0, 0.0, 8.298133563262049, 9.298133563262049, 0.5
1.2318637274549105, 0.0, 1.2318637274549105, 9.340367567244416, -0.9378012603603447, 0.0, 6.262527059528422, 5.3247257991680765, 0.23871347174261953, 0.0, 13.424149904489706, 13.662863376232325, 1.0, 0.0, 8.340367567244416, 9.340367567244416, 0.5
1.2353707414829667, 0.0, 1.2353707414829667, 9.382707148906022, -0.9369591015076099, 0.0, 6.3097216201710555, 5.372762518663445, 0.24155634414421762, 0.0, 13.490260216414098, 13.731816560558316, 1.0, 0.0, 8.382707148906022, 9.382707148906022, 0.5
1.2388777555110229, 0.0, 1.2388777555110229, 9.425152308246862, -0.9361069868063999, 0.0, 6.357148308301808, 5.421041321495408, 0.24439115752767182, 0.0, 13.556528894857344, 13.800920052385015, 1.0, 0.0, 8.425152308246862, 9.425152308246862, 0.5
1.2423847695390788, 0.0, 1.2423847695390788, 9.467703045266937, -0.9352449444397971, 0.0, 6.404807679314281, 5.469562734874484, 0.24721795745550684, 0.0, 13.62295593981944, 13.870173897274945, 1.0, 0.0, 8.467703045266937, 9.467703045266937, 0.5
1.245891783567135, 0.0, 1.245891783567135, 9.51035935996625, -0.9343730024317721, 0.0, 6.452700288602083, 5.518327286170311, 0.2500367891049477, 0.0, 13.689541351300395, 13.939578140405343, 1.0, 0.0, 8.51035935996625, 9.51035935996625, 0.5
1.249398797595191, 0.0, 1.249398797595191, 9.553121252344798, -0.9334911886485279, 0.0, 6.50082669155881, 5.567335502910282, 0.2528476972722509, 0.0, 13.756285129300199, 14.00913282657245, 1.0, 0.0, 8.553121252344798, 9.553121252344798, 0.5
1.2529058116232472, 0.0, 1.2529058116232472, 9.595988722402584, -0.9325995307998277, 0.0, 6.549187443578074, 5.616587912778246, 0.2556507263769774, 0.0, 13.823187273818862, 14.078838000195839, 1.0, 0.0, 8.595988722402584, 9.595988722402584, 0.5
1.2564128256513034, 0.0, 1.2564128256513034, 9.638961770139606, -0.9316980564403096, 0.0, 6.597783100053473, 5.666085043613164, 0.25844592046620274, 0.0, 13.890247784856381, 14.148693705322584, 1.0, 0.0, 8.638961770139606, 9.638961770139606, 0.5
1.2599198396793594, 0.0, 1.2599198396793594, 9.682040395555862, -0.9307867929707849, 0.0, 6.646614216378607, 5.715827423407822, 0.2612333232186712, 0.0, 13.957466662412747, 14.218699985631417, 1.0, 0.0, 8.682040395555862, 9.682040395555862, 0.5
1.2634268537074156, 0.0, 1.2634268537074156, 9.725224598651359, -0.9298657676395227, 0.0, 6.695681347947087, 5.765815580307564, 0.2640129779488912, 0.0, 14.024843906487975, 14.288856884436866, 1.0, 0.0, 8.725224598651357, 9.725224598651357, 0.5
1.2669338677354716, 0.0, 1.2669338677354716, 9.768514379426087, -0.9289350075435203, 0.0, 6.7449850501525095, 5.816050042608989, 0.2667849276111731, 0.0, 14.092379517082051, 14.359164444693224, 1.0, 0.0, 8.768514379426087, 9.768514379426087, 0.5
1.2704408817635278, 0.0, 1.2704408817635278, 9.811909737880054, -0.9279945396297594, 0.0, 6.794525878388482, 5.866531338758723, 0.2695492148036128, 0.0, 14.160073494194986, 14.429622708998599, 1.0, 0.0, 8.811909737880054, 9.811909737880054, 0.5
1.273947895791584, 0.0, 1.273947895791584, 9.855410674013259, -0.9270443906964486, 0.0, 6.844304388048608, 5.917259997352159, 0.2723058817720189, 0.0, 14.227925837826778, 14.500231719598796, 1.0, 0.0, 8.855410674013259, 9.855410674013259, 0.5
1.27745490981964, 0.0, 1.27745490981964, 9.899017187825695, -0.9260845873942519, 0.0, 6.894321134526484, 5.968236547132232, 0.275054970413787, 0.0, 14.295936547977416, 14.570991518391203, 1.0, 0.0, 8.899017187825695, 9.899017187825695, 0.5
1.2809619238476961, 0.0, 1.2809619238476961, 9.942729279317371, -0.9251151562275038, 0.0, 6.944576673215721, 6.019461516988217, 0.27779652228172075, 0.0, 14.364105624646914, 14.641902146928635, 1.0, 0.0, 8.942729279317371, 9.942729279317371, 0.5
1.2844689378757523, 0.0, 1.2844689378757523, 9.986546948488282, -0.9241361235554111, 0.0, 6.99507155950992, 6.070935435954509, 0.28053057858779956, 0.0, 14.432433067835266, 14.712963646423065, 1.0, 0.0, 8.986546948488284, 9.986546948488284, 0.5
1.2879759519038083, 0.0, 1.2879759519038083, 10.030470195338431, -0.9231475155932424, 0.0, 7.045806348802681, 6.122658833209439, 0.28325718020689633, 0.0, 14.500918877542471, 14.784176057749367, 1.0, 0.0, 9.030470195338431, 10.030470195338431, 0.5
1.2914829659318645, 0.0, 1.2914829659318645, 10.074499019867815, -0.9221493584135028, 0.0, 7.096781596487611, 6.174632238074109, 0.28597636768044443, 0.0, 14.569563053768531, 14.855539421448976, 1.0, 0.0, 9.074499019867815, 10.074499019867815, 0.5
1.2949899799599205, 0.0, 1.2949899799599205, 10.118633422076435, -0.9211416779470973, 0.0, 7.147997857958309, 6.226856180011212, 0.28868818122005363, 0.0, 14.638365596513443, 14.927053777733496, 1.0, 0.0, 9.118633422076433, 10.118633422076433, 0.5
1.2984969939879767, 0.0, 1.2984969939879767, 10.162873401964292, -0.9201244999844819, 0.0, 7.199455688608385, 6.279331188623903, 0.29139266071107933, 0.0, 14.707326505777214, 14.998719166488293, 1.0, 0.0, 9.162873401964292, 10.162873401964292, 0.5
1.3020040080160329, 0.0, 1.3020040080160329, 10.207218959531385, -0.9190978501768003, 0.0, 7.251155643831437, 6.332057793654636, 0.29408984571614116, 0.0, 14.776445781559838, 15.07053562727598, 1.0, 0.0, 9.207218959531385, 10.207218959531385, 0.5
1.3055110220440889, 0.0, 1.3055110220440889, 10.251670094777714, -0.9180617540370113, 0.0, 7.303098279021067, 6.385036524984056, 0.29677977547859635, 0.0, 14.845723423861312, 15.142503199339908, 1.0, 0.0, 9.251670094777714, 10.251670094777714, 0.5
1.309018036072145, 0.0, 1.309018036072145, 10.29622680770328, -0.9170162369410008, 0.0, 7.355284149570883, 6.4382679126298825, 0.2994624889259659, 0.0, 14.915159432681646, 15.214621921607613, 1.0, 0.0, 9.29622680770328, 10.29622680770328, 0.5
1.312525050100201, 0.0, 1.312525050100201, 10.34088909830808, -0.9159613241286844, 0.0, 7.407713810874482, 6.491752486745798, 0.3021380246733137, 0.0, 14.98475380802083, 15.286891832694144, 1.0, 0.0, 9.34088909830808, 10.34088909830808, 0.5
1.3160320641282572, 0.0, 1.3160320641282572, 10.38565696659212, -0.9148970407050968, 0.0, 7.460387818325476, 6.545490777620379, 0.3048064210265828, 0.0, 15.054506549878873, 15.359312970905457, 1.0, 0.0, 9.38565696659212, 10.38565696659212, 0.5
1.3195390781563134, 0.0, 1.3195390781563134, 10.430530412555395, -0.9138234116414716, 0.0, 7.513306727317463, 6.599483315675991, 0.307467715985885, 0.0, 15.12441765825577, 15.431885374241654, 1.0, 0.0, 9.430530412555395, 10.430530412555395, 0.5
1.3230460921843694, 0.0, 1.3230460921843694, 10.475509436197903, -0.9127404617763056, 0.0, 7.566471093244042, 6.653730631467736, 0.3101219472487484, 0.0, 15.194487133151515, 15.504609080400265, 1.0, 0.0, 9.475509436197903, 10.475509436197903, 0.5
1.3265531062124256, 0.0, 1.3265531062124256, 10.52059403751965, -0.9116482158164166, 0.0, 7.6198814714988234, 6.708233255682407, 0.31276915221332174, 0.0, 15.264714974566122, 15.577484126779444, 1.0, 0.0, 9.52059403751965, 10.52059403751965, 0.5
1.3300601202404816, 0.0, 1.3300601202404816, 10.565784216520633, -0.9105466983379867, 0.0, 7.673538417475404, 6.762991719137418, 0.315409367981535, 0.0, 15.335101182499578, 15.650510550481114, 1.0, 0.0, 9.565784216520633, 10.565784216520633, 0.5
1.3335671342685378, 0.0, 1.3335671342685378, 10.611079973200852, -0.9094359337875959, 0.0, 7.727442486567396, 6.8180065527798, 0.31804263136222094, 0.0, 15.405645756951893, 15.723688388314114, 1.0, 0.0, 9.611079973200852, 10.611079973200852, 0.5
1.337074148296594, 0.0, 1.337074148296594, 10.656481307560309, -0.9083159464832441, 0.0, 7.781594234168395, 6.873278287685151, 0.3206689788741929, 0.0, 15.476348697923061, 15.797017676797255, 1.0, 0.0, 9.656481307560309, 10.656481307560309, 0.5
1.34058116232465, 0.0, 1.34058116232465, 10.701988219598999, -0.9071867606153641, 0.0, 7.835994215672004, 6.92880745505664, 0.3232884467492841, 0.0, 15.54721000541308, 15.870498452162364, 1.0, 0.0, 9.701988219598999, 10.701988219598999, 0.5
1.3440881763527062, 0.0, 1.3440881763527062, 10.747600709316929, -0.9060484002478212, 0.0, 7.890642986471832, 6.984594586224011, 0.32590107093534737, 0.0, 15.618229679421958, 15.944130750357306, 1.0, 0.0, 9.747600709316929, 10.747600709316929, 0.5
1.3475951903807621, 0.0, 1.3475951903807621, 10.793318776714091, -0.9049008893189054, 0.0, 7.945541101961475, 7.04064021264257, 0.32850688709921394, 0.0, 15.689407719949685, 16.017914607048898, 1.0, 0.0, 9.793318776714091, 10.793318776714091, 0.5
1.3511022044088183, 0.0, 1.3511022044088183, 10.839142421790493, -0.9037442516423106, 0.0, 8.000689117534543, 7.096944865892233, 0.33110593062961613, 0.0, 15.76074412699627, 16.091850057625887, 1.0, 0.0, 9.839142421790493, 10.839142421790493, 0.5
1.3546092184368745, 0.0, 1.3546092184368745, 10.885071644546132, -0.9025785109081057, 0.0, 8.056087588584637, 7.1535090776765315, 0.3336982366400702, 0.0, 15.832238900561713, 16.165937137201784, 1.0, 0.0, 9.885071644546132, 10.885071644546132, 0.5
1.3581162324649305, 0.0, 1.3581162324649305, 10.931106444981001, -0.9014036906836946, 0.0, 8.111737070505354, 7.21033337982166, 0.336283839971723, 0.0, 15.903892040646003, 16.240175880617727, 1.0, 0.0, 9.931106444981001, 10.931106444981001, 0.5
1.3616232464929867, 0.0, 1.3616232464929867, 10.977246823095113, -0.9002198144147652, 0.0, 8.167638118690308, 7.267418304275543, 0.33886277519616226, 0.0, 15.975703547249154, 16.314566322445316, 1.0, 0.0, 9.977246823095113, 10.977246823095113, 0.5
1.365130260521043, 0.0, 1.365130260521043, 11.02349277888846, -0.8990269054262323, 0.0, 8.223791288533096, 7.324764383106864, 0.34143507661818906, 0.0, 16.047673420371158, 16.389108496989348, 1.0, 0.0, 10.02349277888846, 11.02349277888846, 0.5
1.368637274549099, 0.0, 1.368637274549099, 11.06984431236104, -0.8978249869231664, 0.0, 8.280197135427317, 7.3823721485041505, 0.3440007782785566, 0.0, 16.119801660012012, 16.463802438290568, 1.0, 0.0, 10.06984431236104, 11.06984431236104, 0.5
1.372144288577155, 0.0, 1.372144288577155, 11.11630142351286, -0.8966140819917159, 0.0, 8.336856214766584, 7.440242132774868, 0.34655991395667307, 0.0, 16.192088266171723, 16.538648180128398, 1.0, 0.0, 10.11630142351286, 11.11630142351286, 0.5
1.375651302605211, 0.0, 1.375651302605211, 11.162864112343911, -0.8953942136000186, 0.0, 8.393769081944491, 7.498374868344472, 0.34911251717326963, 0.0, 16.264533238850287, 16.61364575602356, 1.0, 0.0, 10.162864112343911, 11.162864112343911, 0.5
1.3791583166332673, 0.0, 1.3791583166332673, 11.209532378854204, -0.8941654045991042, 0.0, 8.450936292354651, 7.556770887755547, 0.3516586211930358, 0.0, 16.33713657804771, 16.688795199240744, 1.0, 0.0, 10.209532378854204, 11.209532378854204, 0.5
1.3826653306613235, 0.0, 1.3826653306613235, 11.256306223043733, -0.8929276777237883, 0.0, 8.50835840139066, 7.615430723666872, 0.3541982590272193, 0.0, 16.409898283763983, 16.7640965427912, 1.0, 0.0, 10.256306223043733, 11.256306223043733, 0.5
1.3861723446893794, 0.0, 1.3861723446893794, 11.303185644912494, -0.8916810555935557, 0.0, 8.566035964446119, 7.674354908852563, 0.3567314634361948, 0.0, 16.482818355999107, 16.8395498194353, 1.0, 0.0, 10.303185644912494, 11.303185644912494, 0.5
1.3896793587174356, 0.0, 1.3896793587174356, 11.350170644460494, -0.8904255607134367, 0.0, 8.623969536914638, 7.733543976201201, 0.35925826693199997, 0.0, 16.555896794753096, 16.915155061685095, 1.0, 0.0, 10.350170644460494, 11.350170644460494, 0.5
1.3931863727454916, 0.0, 1.3931863727454916, 11.397261221687728, -0.8891612154748729, 0.0, 8.682159674189815, 7.792998458714942, 0.361778701780838, 0.0, 16.62913360002593, 16.99091230180677, 1.0, 0.0, 10.397261221687728, 11.397261221687728, 0.5
1.3966933867735478, 0.0, 1.3966933867735478, 11.444457376594201, -0.8878880421565758, 0.0, 8.74060693166526, 7.852718889508685, 0.36429280000555114, 0.0, 16.702528771817622, 17.066821571823173, 1.0, 0.0, 10.444457376594201, 11.444457376594201, 0.5
1.400200400801604, 0.0, 1.400200400801604, 11.491759109179911, -0.8866060629253749, 0.0, 8.79931186473457, 7.912705801809195, 0.36680059338806087, 0.0, 16.77608231012817, 17.14288290351623, 1.0, 0.0, 10.491759109179911, 11.491759109179911, 0.5
1.40370741482966, 0.0, 1.40370741482966, 11.539166419444856, -0.8853152998370599, 0.0, 8.858275028791347, 7.972959728954287, 0.36930211347177866, 0.0, 16.84979421495757, 17.219096328429348, 1.0, 0.0, 10.539166419444856, 11.539166419444856, 0.5
1.4072144288577162, 0.0, 1.4072144288577162, 11.586679307389037, -0.8840157748372107, 0.0, 8.9174969792292, 8.03348120439199, 0.37179739156398767, 0.0, 16.923664486305825, 17.295461877869812, 1.0, 0.0, 10.586679307389037, 11.586679307389037, 0.5
1.4107214428857722, 0.0, 1.4107214428857722, 11.63429777301245, -0.882707509762024, 0.0, 8.976978271441727, 8.094270761679702, 0.37428645873819205, 0.0, 16.997693124172933, 17.371979582911127, 1.0, 0.0, 10.63429777301245, 11.63429777301245, 0.5
1.4142284569138284, 0.0, 1.4142284569138284, 11.682021816315107, -0.8813905263391268, 0.0, 9.036719460822535, 8.155328934483409, 0.37676934583644034, 0.0, 17.071880128558895, 17.448649474395335, 1.0, 0.0, 10.682021816315107, 11.682021816315107, 0.5
1.4177354709418846, 0.0, 1.4177354709418846, 11.729851437296997, -0.8800648461883862, 0.0, 9.096721102765228, 8.216656256576842, 0.37924608347161715, 0.0, 17.146225499463718, 17.525471582935335, 1.0, 0.0, 10.729851437296997, 11.729851437296997, 0.5
1.4212424849699405, 0.0, 1.4212424849699405, 11.777786635958119, -0.8787304908227073, 0.0, 9.1569837526634, 8.278253261840693, 0.38171670202970853, 0.0, 17.220729236887387, 17.602445938917096, 1.0, 0.0, 10.777786635958119, 11.777786635958119, 0.5
1.4247494989979967, 0.0, 1.4247494989979967, 11.825827412298484, -0.8773874816488255, 0.0, 9.217507965910668, 8.340120484261842, 0.3841812316720392, 0.0, 17.295391340829916, 17.679572572501954, 1.0, 0.0, 10.825827412298484, 11.825827412298484, 0.5
1.428256513026053, 0.0, 1.428256513026053, 11.873973766318084, -0.8760358399680914, 0.0, 9.278294297900626, 8.402258457932534, 0.3866397023374809, 0.0, 17.3702118112913, 17.756851513628778, 1.0, 0.0, 10.873973766318084, 11.873973766318084, 0.5
1.431763527054109, 0.0, 1.431763527054109, 11.922225698016916, -0.8746755869772462, 0.0, 9.339343304026876, 8.464667717049629, 0.38909214374463486, 0.0, 17.445190648271534, 17.834282792016168, 1.0, 0.0, 10.922225698016916, 11.922225698016916, 0.5
1.4352705410821651, 0.0, 1.4352705410821651, 11.970583207394988, -0.8733067437691903, 0.0, 9.40065553968303, 8.52734879591384, 0.3915385853939881, 0.0, 17.520327851770624, 17.911866437164612, 1.0, 0.0, 10.970583207394988, 11.970583207394988, 0.5
1.438777555110221, 0.0, 1.438777555110221, 12.019046294452295, -0.8719293313337452, 0.0, 9.462231560262682, 8.590302228928936, 0.3939790565700416, 0.0, 17.595623421788567, 17.98960247835861, 1.0, 0.0, 11.019046294452295, 12.019046294452295, 0.5
1.4422845691382773, 0.0, 1.4422845691382773, 12.06761495918884, -0.8705433705584066, 0.0, 9.524071921159441, 8.653528550601035, 0.39641358634341434, 0.0, 17.671077358325366, 18.06749094466878, 1.0, 0.0, 11.06761495918884, 12.06761495918884, 0.5
1.4457915831663335, 0.0, 1.4457915831663335, 12.11628920160462, -0.8691488822290915, 0.0, 9.586177177766908, 8.717028295537817, 0.3988422035729206, 0.0, 17.746689661381023, 18.145531864953945, 1.0, 0.0, 11.11628920160462, 12.11628920160462, 0.5
1.4492985971943895, 0.0, 1.4492985971943895, 12.165069021699635, -0.8677458870308772, 0.0, 9.648547885478685, 8.780801998447808, 0.4012649369076225, 0.0, 17.822460330955526, 18.22372526786315, 1.0, 0.0, 11.165069021699635, 12.165069021699635, 0.5
1.4528056112224457, 0.0, 1.4528056112224457, 12.21395441947389, -0.866334405548732, 0.0, 9.711184599688378, 8.844850194139646, 0.40368181478885856, 0.0, 17.898389367048892, 18.30207118183775, 1.0, 0.0, 11.21395441947389, 12.21395441947389, 0.5
1.4563126252505016, 0.0, 1.4563126252505016, 12.262945394927375, -0.8649144582682425, 0.0, 9.774087875789586, 8.909173417521345, 0.40609286545224593, 0.0, 17.974476769661106, 18.38056963511335, 1.0, 0.0, 11.262945394927375, 12.262945394927375, 0.5
1.4598196392785578, 0.0, 1.4598196392785578, 12.3120419480601, -0.8634860655763306, 0.0, 9.83725826917592, 8.973772203599589, 0.40849811692966065, 0.0, 18.050722538792176, 18.459220655721836, 1.0, 0.0, 11.3120419480601, 12.3120419480601, 0.5
1.463326653306614, 0.0, 1.463326653306614, 12.361244078872064, -0.8620492477619631, 0.0, 9.900696335240976, 9.038647087479013, 0.41089759705119233, 0.0, 18.127126674442106, 18.5380242714933, 1.0, 0.0, 11.361244078872064, 12.361244078872064, 0.5
1.46683366733467, 0.0, 1.46683366733467, 12.410551787363259, -0.8606040250168588, 0.0, 9.964402629378355, 9.103798604361497, 0.4132913334470765, 0.0, 18.203689176610883, 18.61698051005796, 1.0, 0.0, 11.410551787363259, 12.410551787363259, 0.5
1.4703406813627262, 0.0, 1.4703406813627262, 12.459965073533693, -0.8591504174361833, 0.0, 10.028377706981672, 9.16922728954549, 0.41567935354960434, 0.0, 18.280410045298517, 18.69608939884812, 1.0, 0.0, 11.459965073533693, 12.459965073533693, 0.5
1.4738476953907822, 0.0, 1.4738476953907822, 12.50948393738336, -0.8576884450192422, 0.0, 10.092622123444515, 9.234933678425273, 0.41806168459500764, 0.0, 18.357289280505004, 18.77535096510001, 1.0, 0.0, 11.50948393738336, 12.50948393738336, 0.5
1.4773547094188384, 0.0, 1.4773547094188384, 12.559108378912269, -0.856218127670163, 0.0, 10.1571364341605, 9.300918306490338, 0.42043835362532395, 0.0, 18.434326882230348, 18.854765235855673, 1.0, 0.0, 11.559108378912269, 12.559108378912269, 0.5
1.4808617234468946, 0.0, 1.4808617234468946, 12.608838398120412, -0.8547394851985757, 0.0, 10.221921194523228, 9.367181709324653, 0.42280938749023744, 0.0, 18.51152285047455, 18.934332237964785, 1.0, 0.0, 11.608838398120412, 12.608838398120412, 0.5
1.4843687374749506, 0.0, 1.4843687374749506, 12.658673995007788, -0.8532525373202816, 0.0, 10.286976959926292, 9.43372442260601, 0.42517481284889924, 0.0, 18.588877185237596, 19.014051998086494, 1.0, 0.0, 11.658673995007788, 12.658673995007788, 0.5
1.4878757515030068, 0.0, 1.4878757515030068, 12.708615169574404, -0.8517573036579199, 0.0, 10.352304285763308, 9.500546982105389, 0.42753465617172626, 0.0, 18.666389886519504, 19.09392454269123, 1.0, 0.0, 11.708615169574404, 12.708615169574404, 0.5
1.4913827655310627, 0.0, 1.4913827655310627, 12.758661921820254, -0.8502538037416262, 0.0, 10.41790372742787, 9.567649923686243, 0.4298889437421778, 0.0, 18.74406095432026, 19.17394989806244, 1.0, 0.0, 11.758661921820254, 12.758661921820254, 0.5
1.494889779559119, 0.0, 1.494889779559119, 12.808814251745343, -0.8487420570096842, 0.0, 10.483775840313589, 9.635033783303905, 0.432237701658513, 0.0, 18.82189038863988, 19.25412809029839, 1.0, 0.0, 11.808814251745343, 12.808814251745343, 0.5
1.4983967935871751, 0.0, 1.4983967935871751, 12.859072159349667, -0.8472220828091739, 0.0, 10.549921179814064, 9.70269909700489, 0.43458095583552564, 0.0, 18.89987818947835, 19.334459145313875, 1.0, 0.0, 11.859072159349667, 12.859072159349667, 0.5
1.5019038076152311, 0.0, 1.5019038076152311, 12.909435644633223, -0.8456939003966099, 0.0, 10.616340301322893, 9.770646400926283, 0.43691873200626047, 0.0, 18.978024356835668, 19.41494308884193, 1.0, 0.0, 11.909435644633223, 12.909435644633223, 0.5
1.5054108216432873, 0.0, 1.5054108216432873, 12.959904707596024, -0.8441575289385773, 0.0, 10.683033760233691, 9.838876231295114, 0.4392510557237089, 0.0, 19.056328890711853, 19.495579946435562, 1.0, 0.0, 11.959904707596024, 12.959904707596024, 0.5
1.5089178356713435, 0.0, 1.5089178356713435, 13.010479348238057, -0.84261298751236, 0.0, 10.750002111940052, 9.907389124427691, 0.44157795236248426, 0.0, 19.134791791106885, 19.576369743469368, 1.0, 0.0, 12.010479348238057, 13.010479348238057, 0.5
1.5124248496993995, 0.0, 1.5124248496993995, 13.061159566559324, -0.8410602951065633, 0.0, 10.817245911835581, 9.976185616729017, 0.44389944712047846, 0.0, 19.21341305802077, 19.65731250514125, 1.0, 0.0, 12.061159566559324, 13.061159566559324, 0.5
1.5159318637274557, 0.0, 1.5159318637274557, 13.111945362559831, -0.8394994706217298, 0.0, 10.884765715313883, 10.045266244692153, 0.44621556502049975, 0.0, 19.292192691453515, 19.738408256474013, 1.0, 0.0, 12.111945362559831, 13.111945362559831, 0.5
1.5194388777555117, 0.0, 1.5194388777555117, 13.16283673623957, -0.8379305328709522, 0.0, 10.952562077768558, 10.114631544897605, 0.44852633091189015, 0.0, 19.371130691405106, 19.819657022316996, 1.0, 0.0, 12.16283673623957, 13.16283673623957, 0.5
1.5229458917835679, 0.0, 1.5229458917835679, 13.213833687598548, -0.8363535005804771, 0.0, 11.020635554593216, 10.184282054012739, 0.45083176947212594, 0.0, 19.450227057875555, 19.90105882734768, 1.0, 0.0, 12.213833687598548, 13.213833687598548, 0.5
1.526452905811624, 0.0, 1.526452905811624, 13.264936216636764, -0.8347683923903073, 0.0, 11.088986701181454, 10.254218308791147, 0.45313190520839824, 0.0, 19.529481790864864, 19.982613696073262, 1.0, 0.0, 12.264936216636764, 13.264936216636764, 0.5
1.52995991983968, 0.0, 1.52995991983968, 13.316144323354212, -0.8331752268547936, 0.0, 11.157616072926874, 10.324440846072081, 0.45542676245917635, 0.0, 19.60889489037302, 20.064321652832195, 1.0, 0.0, 12.316144323354212, 13.316144323354212, 0.5
1.5334669338677362, 0.0, 1.5334669338677362, 13.3674580077509, -0.8315740224432256, 0.0, 11.226524225223088, 10.394950202779862, 0.45771636539575355, 0.0, 19.688466356400035, 20.14618272179579, 1.0, 0.0, 12.3674580077509, 13.3674580077509, 0.5
1.5369739478957922, 0.0, 1.5369739478957922, 13.418877269826819, -0.8299647975404149, 0.0, 11.295711713463687, 10.465746915923273, 0.4600007380237736, 0.0, 19.7681961889459, 20.228196926969673, 1.0, 0.0, 12.418877269826819, 13.418877269826819, 0.5
1.5404809619238484, 0.0, 1.5404809619238484, 13.47040210958198, -0.8283475704472725, 0.0, 11.365179093042284, 10.536831522595012, 0.462279904184742, 0.0, 19.848084388010623, 20.310364292195366, 1.0, 0.0, 12.47040210958198, 13.47040210958198, 0.5
1.5439879759519046, 0.0, 1.5439879759519046, 13.522032527016378, -0.8267223593813835, 0.0, 11.434926919352481, 10.608204559971098, 0.4645538875575182, 0.0, 19.928130953594202, 20.39268484115172, 1.0, 0.0, 12.522032527016378, 13.522032527016378, 0.5
1.5474949899799606, 0.0, 1.5474949899799606, 13.573768522130008, -0.8250891824775733, 0.0, 11.504955747787873, 10.6798665653103, 0.46682271165979167, 0.0, 20.00833588569663, 20.475158597356423, 1.0, 0.0, 12.573768522130008, 13.573768522130008, 0.5
1.5510020040080168, 0.0, 1.5510020040080168, 13.625610094922877, -0.8234480577884709, 0.0, 11.575266133742073, 10.7518180759536, 0.46908639984954226, 0.0, 20.088699184317917, 20.55778558416746, 1.0, 0.0, 12.625610094922877, 13.625610094922877, 0.5
1.5545090180360728, 0.0, 1.5545090180360728, 13.677557245394977, -0.8217990032850669, 0.0, 11.645858632608679, 10.824059629323612, 0.47134497532648156, 0.0, 20.169220849458053, 20.640565824784534, 1.0, 0.0, 12.677557245394977, 13.677557245394977, 0.5
1.558016032064129, 0.0, 1.558016032064129, 13.729609973546319, -0.8201420368572654, 0.0, 11.716733799781297, 10.896591762924032, 0.473598461133481, 0.0, 20.24990088111705, 20.72349934225053, 1.0, 0.0, 12.729609973546319, 13.729609973546319, 0.5
1.5615230460921852, 0.0, 1.5615230460921852, 13.781768279376898, -0.8184771763144314, 0.0, 11.787892190653528, 10.969415014339097, 0.4758468801579811, 0.0, 20.330739279294903, 20.806586159452884, 1.0, 0.0, 12.781768279376898, 13.781768279376898, 0.5
1.5650300601202412, 0.0, 1.5650300601202412, 13.83403216288671, -0.8168044393859348, 0.0, 11.859334360618975, 11.04252992123304, 0.47809025513338715, 0.0, 20.411736043991603, 20.88982629912499, 1.0, 0.0, 12.83403216288671, 13.83403216288671, 0.5
1.5685370741482974, 0.0, 1.5685370741482974, 13.88640162407576, -0.8151238437216863, 0.0, 11.931060865071244, 11.115937021349557, 0.4803286086404482, 0.0, 20.492891175207163, 20.97321978384761, 1.0, 0.0, 12.88640162407576, 13.88640162407576, 0.5
1.5720440881763533, 0.0, 1.5720440881763533, 13.938876662944041, -0.8134354068926715, 0.0, 12.00307225940393, 11.18963685251126, 0.4825619631086202, 0.0, 20.57420467294157, 21.056766636050188, 1.0, 0.0, 12.938876662944041, 13.938876662944041, 0.5
1.5755511022044095, 0.0, 1.5755511022044095, 13.991457279491565, -0.8117391463914789, 0.0, 12.07536909901065, 11.263629952619171, 0.4847903408174157, 0.0, 20.655676537194836, 21.14046687801225, 1.0, 0.0, 12.991457279491565, 13.991457279491565, 0.5
1.5790581162324657, 0.0, 1.5790581162324657, 14.044143473718323, -0.810035079632824, 0.0, 12.147951939284999, 11.337916859652175, 0.487013763897736, 0.0, 20.73730676796696, 21.224320531864695, 1.0, 0.0, 13.044143473718323, 14.044143473718323, 0.5
1.5825651302605217, 0.0, 1.5825651302605217, 14.096935245624316, -0.8083232239540666, 0.0, 12.220821335620577, 11.41249811166651, 0.48923225433319095, 0.0, 20.819095365257933, 21.308327619591125, 1.0, 0.0, 13.096935245624316, 14.096935245624316, 0.5
1.586072144288578, 0.0, 1.586072144288578, 14.14983259520955, -0.8066035966157268, 0.0, 12.293977843410994, 11.487374246795268, 0.4914458339614031, 0.0, 20.901042329067764, 21.392488163029167, 1.0, 0.0, 13.14983259520955, 14.14983259520955, 0.5
1.589579158316634, 0.0, 1.589579158316634, 14.202835522474015, -0.8048762148019938, 0.0, 12.36742201804985, 11.562545803247858, 0.4936545244752967, 0.0, 20.983147659396447, 21.476802183871744, 1.0, 0.0, 13.202835522474015, 14.202835522474015, 0.5
1.59308617234469, 0.0, 1.59308617234469, 14.255944027417716, -0.8031410956212308, 0.0, 12.441154414930747, 11.638013319309517, 0.4958583474243738, 0.0, 21.06541135624398, 21.561269703668355, 1.0, 0.0, 13.255944027417716, 14.255944027417716, 0.5
1.5965931863727463, 0.0, 1.5965931863727463, 14.309158110040656, -0.8013982561064772, 0.0, 12.515175589447292, 11.713777333340815, 0.4980573242159761, 0.0, 21.14783341961038, 21.645890743826357, 1.0, 0.0, 13.309158110040656, 14.309158110040656, 0.5
1.6001002004008023, 0.0, 1.6001002004008023, 14.362477770342831, -0.7996477132159426, 0.0, 12.589486096993083, 11.78983838377714, 0.5002514761165318, 0.0, 21.23041384949562, 21.73066532561215, 1.0, 0.0, 13.362477770342831, 14.362477770342831, 0.5
1.6036072144288585, 0.0, 1.6036072144288585, 14.415903008324243, -0.7978894838335017, 0.0, 12.66408649296173, 11.866197009128229, 0.5024408242527904, 0.0, 21.313152645899727, 21.815593470152518, 1.0, 0.0, 13.415903008324243, 14.415903008324243, 0.5
1.6071142284569147, 0.0, 1.6071142284569147, 14.469433823984893, -0.7961235847691794, 0.0, 12.73897733274683, 11.94285374797765, 0.5046253896130427, 0.0, 21.39604980882268, 21.900675198435724, 1.0, 0.0, 13.469433823984893, 14.469433823984893, 0.5
1.6106212424849706, 0.0, 1.6106212424849706, 14.523070217324776, -0.7943500327596367, 0.0, 12.814159171741984, 12.019809138982348, 0.5068051930483284, 0.0, 21.47910533826449, 21.98591053131282, 1.0, 0.0, 13.523070217324776, 14.523070217324776, 0.5
1.6141282565130268, 0.0, 1.6141282565130268, 14.576812188343897, -0.7925688444686466, 0.0, 12.889632565340806, 12.097063720872159, 0.5089802552736303, 0.0, 21.562319234225157, 22.071299489498788, 1.0, 0.0, 13.576812188343897, 14.576812188343897, 0.5
1.6176352705410828, 0.0, 1.6176352705410828, 14.63065973704225, -0.7907800364875733, 0.0, 12.965398068936889, 12.174618032449315, 0.5111505968690548, 0.0, 21.64569149670467, 22.156842093573726, 1.0, 0.0, 13.63065973704225, 14.63065973704225, 0.5
1.6211422845691392, 0.0, 1.6211422845691392, 14.68461286341985, -0.7889836253358399, 0.0, 13.041456237923848, 12.252472612588008, 0.5133162382810015, 0.0, 21.729222125703053, 22.242538363984053, 1.0, 0.0, 13.68461286341985, 14.68461286341985, 0.5
1.6246492985971954, 0.0, 1.6246492985971954, 14.738671567476679, -0.7871796274613965, 0.0, 13.117807627695274, 12.330628000233878, 0.5154771998233173, 0.0, 21.81291112122028, 22.328388321043597, 1.0, 0.0, 13.738671567476679, 14.738671567476679, 0.5
1.6281563126252514, 0.0, 1.6281563126252514, 14.792835849212743, -0.7853680592411839, 0.0, 13.194452793644768, 12.409084734403583, 0.517633501678441, 0.0, 21.89675848325636, 22.414391984934802, 1.0, 0.0, 13.792835849212743, 14.792835849212743, 0.5
1.6316633266533076, 0.0, 1.6316633266533076, 14.847105708628046, -0.7835489369815904, 0.0, 13.271392291165949, 12.487843354184358, 0.5197851638985342, 0.0, 21.980764211811298, 22.50054937570983, 1.0, 0.0, 13.847105708628046, 14.847105708628046, 0.5
1.6351703406813636, 0.0, 1.6351703406813636, 14.901481145722581, -0.7817222769189087, 0.0, 13.348626675652401, 12.566904398733492, 0.5219322064065994, 0.0, 22.064928306885086, 22.586860513291686, 1.0, 0.0, 13.901481145722581, 14.901481145722581, 0.5
1.6386773547094198, 0.0, 1.6386773547094198, 14.955962160496359, -0.7798880952197856, 0.0, 13.426156502497744, 12.646268407277958, 0.5240746489975874, 0.0, 22.149250768477735, 22.673325417475322, 1.0, 0.0, 13.955962160496359, 14.955962160496359, 0.5
1.642184368737476, 0.0, 1.642184368737476, 15.010548752949369, -0.77804640798167, 0.0, 13.503982327095574, 12.725935919113905, 0.5262125113394922, 0.0, 22.233731596589234, 22.759944107928725, 1.0, 0.0, 14.010548752949369, 15.010548752949369, 0.5
1.645691382765532, 0.0, 1.645691382765532, 15.065240923081614, -0.7761972312332561, 0.0, 13.582104704839491, 12.805907473606235, 0.5283458129744343, 0.0, 22.318370791219586, 22.84671660419402, 1.0, 0.0, 14.065240923081614, 15.065240923081614, 0.5
1.6491983967935882, 0.0, 1.6491983967935882, 15.1200386708931, -0.7743405809349219, 0.0, 13.660524191123105, 12.886183610188183, 0.5304745733197329, 0.0, 22.403168352368798, 22.93364292568853, 1.0, 0.0, 14.1200386708931, 15.1200386708931, 0.5
1.6527054108216443, 0.0, 1.6527054108216443, 15.17494199638382, -0.7724764729791669, 0.0, 13.739241341340016, 12.96676486836085, 0.5325988116689656, 0.0, 22.488124280036864, 23.02072309170583, 1.0, 0.0, 14.17494199638382, 15.17494199638382, 0.5
1.6562124248497003, 0.0, 1.6562124248497003, 15.229950899553772, -0.7706049231910429, 0.0, 13.818256710883821, 13.047651787692779, 0.5347185471930181, 0.0, 22.573238574223776, 23.107957121416796, 1.0, 0.0, 14.229950899553772, 15.229950899553772, 0.5
1.6597194388777565, 0.0, 1.6597194388777565, 15.285065380402965, -0.768725947328582, 0.0, 13.897570855148135, 13.128844907819554, 0.5368337989411227, 0.0, 22.65851123492955, 23.195345033870673, 1.0, 0.0, 14.285065380402965, 15.285065380402965, 0.5
1.6632264529058125, 0.0, 1.6632264529058125, 15.340285438931394, -0.7668395610832233, 0.0, 13.977184329526551, 13.210344768443328, 0.5389445858418842, 0.0, 22.743942262154174, 23.28288684799606, 1.0, 0.0, 14.340285438931394, 15.340285438931394, 0.5
1.6667334669338687, 0.0, 1.6667334669338687, 15.39561107513906, -0.7649457800802322, 0.0, 14.057097689412682, 13.29215190933245, 0.5410509267042977, 0.0, 22.829531655897657, 23.370582582601955, 1.0, 0.0, 14.39561107513906, 15.39561107513906, 0.5
1.670240480961925, 0.0, 1.670240480961925, 15.45104228902596, -0.7630446198791195, 0.0, 14.137311490200123, 13.374266870321003, 0.5431528402187529, 0.0, 22.91527941615999, 23.458432256378742, 1.0, 0.0, 14.45104228902596, 15.45104228902596, 0.5
1.6737474949899809, 0.0, 1.6737474949899809, 15.506579080592095, -0.7611360959740551, 0.0, 14.217826287282481, 13.456690191308425, 0.54525034495803, 0.0, 23.00118554294118, 23.54643588789921, 1.0, 0.0, 14.506579080592095, 15.506579080592095, 0.5
1.677254509018037, 0.0, 1.677254509018037, 15.56222144983747, -0.759220223794278, 0.0, 14.298642636053357, 13.539422412259078, 0.5473434593782849, 0.0, 23.087250036241223, 23.63459349561951, 1.0, 0.0, 14.56222144983747, 15.56222144983747, 0.5
1.680761523046093, 0.0, 1.680761523046093, 15.617969396762078, -0.7572970187045052, 0.0, 14.379761091906353, 13.622464073201847, 0.5494322018200216, 0.0, 23.17347289606012, 23.72290509788014, 1.0, 0.0, 14.617969396762078, 15.617969396762078, 0.5
1.6842685370741493, 0.0, 1.6842685370741493, 15.673822921365925, -0.7553664960053337, 0.0, 14.46118221023508, 13.705815714229747, 0.5515165905090591, 0.0, 23.259854122397876, 23.811370712906935, 1.0, 0.0, 14.673822921365925, 15.673822921365925, 0.5
1.6877755511022055, 0.0, 1.6877755511022055, 15.729782023649008, -0.753428670933643, 0.0, 14.542906546433134, 13.789477875499491, 0.5535966435574833, 0.0, 23.346393715254486, 23.89999035881197, 1.0, 0.0, 14.729782023649008, 15.729782023649008, 0.5
1.6912825651302614, 0.0, 1.6912825651302614, 15.785846703611325, -0.7514835586629907, 0.0, 14.624934655894116, 13.873451097231126, 0.5556723789645925, 0.0, 23.433091674629942, 23.988764053594537, 1.0, 0.0, 14.785846703611325, 15.785846703611325, 0.5
1.6947895791583176, 0.0, 1.6947895791583176, 15.842016961252881, -0.7495311743040067, 0.0, 14.707267094011637, 13.95773591970763, 0.5577438146178324, 0.0, 23.51994800052426, 24.077691815142092, 1.0, 0.0, 14.842016961252881, 15.842016961252881, 0.5
1.6982965931863736, 0.0, 1.6982965931863736, 15.898292796573669, -0.7475715329047852, 0.0, 14.789904416179294, 14.042332883274508, 0.5598109682937192, 0.0, 23.606962692937426, 24.166773661231144, 1.0, 0.0, 14.898292796573669, 15.898292796573669, 0.5
1.7018036072144298, 0.0, 1.7018036072144298, 15.9546742095737, -0.7456046494512704, 0.0, 14.872847177790696, 14.127242528339426, 0.5618738576587569, 0.0, 23.694135751869453, 24.25600960952821, 1.0, 0.0, 14.9546742095737, 15.9546742095737, 0.5
1.705310621242486, 0.0, 1.705310621242486, 16.011161200252964, -0.7436305388676413, 0.0, 14.956095934239443, 14.212465395371801, 0.5639325002703417, 0.0, 23.78146717732033, 24.34539967759067, 1.0, 0.0, 15.011161200252962, 16.011161200252964, 0.5
1.708817635270542, 0.0, 1.708817635270542, 16.06775376861146, -0.7416492160166929, 0.0, 15.039651240919131, 14.298002024902438, 0.5659869135776597, 0.0, 23.868956969290064, 24.434943882867724, 1.0, 0.0, 15.06775376861146, 16.06775376861146, 0.5
1.7123246492985982, 0.0, 1.7123246492985982, 16.1244519146492, -0.7396606957002146, 0.0, 15.123513653223377, 14.383852957523162, 0.5680371149225737, 0.0, 23.95660512777865, 24.524642242701226, 1.0, 0.0, 15.124451914649198, 16.1244519146492, 0.5
1.7158316633266542, 0.0, 1.7158316633266542, 16.181255638366167, -0.7376649926593644, 0.0, 15.207683726545774, 14.470018733886409, 0.5700831215405014, 0.0, 24.04441165278609, 24.61449477432659, 1.0, 0.0, 15.181255638366167, 16.181255638366167, 0.5
1.7193386773547104, 0.0, 1.7193386773547104, 16.238164939762378, -0.7356621215750401, 0.0, 15.292162016279931, 14.556499894704892, 0.5721249505612859, 0.0, 24.132376544312393, 24.70450149487368, 1.0, 0.0, 15.238164939762378, 16.238164939762378, 0.5
1.7228456913827666, 0.0, 1.7228456913827666, 16.295179818837823, -0.7336520970682496, 0.0, 15.37694907781945, 14.6432969807512, 0.5741626190100543, 0.0, 24.22049980235754, 24.794662421367594, 1.0, 0.0, 15.295179818837823, 16.295179818837823, 0.5
1.7263527054108225, 0.0, 1.7263527054108225, 16.352300275592505, -0.7316349337004759, 0.0, 15.462045466557928, 14.730410532857451, 0.5761961438080709, 0.0, 24.308781426921545, 24.884977570729617, 1.0, 0.0, 15.352300275592503, 16.352300275592505, 0.5
1.7298597194388787, 0.0, 1.7298597194388787, 16.40952631002642, -0.7296106459740387, 0.0, 15.547451737888977, 14.81784109191494, 0.5782255417735808, 0.0, 24.397221418004406, 24.975446959777987, 1.0, 0.0, 15.40952631002642, 16.409526310026422, 0.5
1.733366733466935, 0.0, 1.733366733466935, 16.466857922139575, -0.7275792483324565, 0.0, 15.633168447206199, 14.905589198873741, 0.5802508296226423, 0.0, 24.485819775606124, 25.066070605228767, 1.0, 0.0, 15.466857922139576, 16.466857922139575, 0.5
1.736873747494991, 0.0, 1.736873747494991, 16.524295111931963, -0.725540755160802, 0.0, 15.719196149903187, 14.993655394742385, 0.582272023969955, 0.0, 24.574576499726685, 25.15684852369664, 1.0, 0.0, 15.524295111931963, 16.524295111931963, 0.5
1.740380761523047, 0.0, 1.740380761523047, 16.581837879403594, -0.7234951807860557, 0.0, 15.805535401373557, 15.082040220587501, 0.5842891413296775, 0.0, 24.663491590366114, 25.24778073169579, 1.0, 0.0, 15.581837879403592, 16.581837879403594, 0.5
1.743887775551103, 0.0, 1.743887775551103, 16.63948622455445, -0.7214425394774591, 0.0, 15.892186757010903, 15.170744217533443, 0.5863021981162355, 0.0, 24.752565047524385, 25.33886724564062, 1.0, 0.0, 15.639486224554451, 16.639486224554453, 0.5
1.7473947895791593, 0.0, 1.7473947895791593, 16.69724014738455, -0.7193828454468606, 0.0, 15.979150772208836, 15.259767926761976, 0.588311210645125, 0.0, 24.84179687120152, 25.430108081846644, 1.0, 0.0, 15.697240147384552, 16.69724014738455, 0.5
1.7509018036072155, 0.0, 1.7509018036072155, 16.755099647893886, -0.7173161128490628, 0.0, 16.066428002360958, 15.349111889511896, 0.5903161951337048, 0.0, 24.93118706139751, 25.521503256531215, 1.0, 0.0, 15.755099647893886, 16.755099647893886, 0.5
1.7544088176352715, 0.0, 1.7544088176352715, 16.813064726082455, -0.7152423557821651, 0.0, 16.15401900286086, 15.438776647078695, 0.5923171677019816, 0.0, 25.020735618112344, 25.613052785814325, 1.0, 0.0, 15.813064726082455, 16.813064726082455, 0.5
1.7579158316633277, 0.0, 1.7579158316633277, 16.871135381950264, -0.7131615882879027, 0.0, 16.24192432910216, 15.528762740814258, 0.5943141443733889, 0.0, 25.11044254134604, 25.704756685719428, 1.0, 0.0, 15.871135381950264, 16.871135381950264, 0.5
1.7614228456913836, 0.0, 1.7614228456913836, 16.929311615497305, -0.7110738243519847, 0.0, 16.330144536478453, 15.619070712126469, 0.5963071410755558, 0.0, 25.200307831098588, 25.796614972174144, 1.0, 0.0, 15.929311615497307, 16.929311615497305, 0.5
1.7649298597194398, 0.0, 1.7649298597194398, 16.98759342672359, -0.7089790779044293, 0.0, 16.418680180383355, 15.709701102478926, 0.5982961736410696, 0.0, 25.290331487369997, 25.888627661011068, 1.0, 0.0, 15.987593426723588, 16.98759342672359, 0.5
1.768436873747496, 0.0, 1.768436873747496, 17.045980815629104, -0.7068773628198943, 0.0, 16.507531816210452, 15.800654453390559, 0.6002812578082305, 0.0, 25.380513510160256, 25.980794767968487, 1.0, 0.0, 16.045980815629104, 17.045980815629104, 0.5
1.771943887775552, 0.0, 1.771943887775552, 17.104473782213855, -0.7047686929180077, 0.0, 16.59669999935335, 15.891931306435344, 0.6022624092217986, 0.0, 25.47085389946936, 26.07311630869116, 1.0, 0.0, 16.104473782213855, 17.104473782213855, 0.5
1.7754509018036082, 0.0, 1.7754509018036082, 17.163072326477845, -0.7026530819636942, 0.0, 16.686185285205664, 15.98353220324197, 0.6042396434337342, 0.0, 25.56135265529733, 26.165592298731063, 1.0, 0.0, 16.163072326477845, 17.163072326477845, 0.5
1.7789579158316642, 0.0, 1.7789579158316642, 17.221776448421068, -0.7005305436674991, 0.0, 16.775988229160983, 16.075457685493483, 0.6062129759039294, 0.0, 25.65200977764415, 26.25822275354808, 1.0, 0.0, 16.221776448421068, 17.221776448421068, 0.5
1.7824649298597204, 0.0, 1.7824649298597204, 17.280586148043533, -0.6984010916859098, 0.0, 16.866109386612926, 16.167708294927017, 0.6081824220009345, 0.0, 25.742825266509826, 26.35100768851076, 1.0, 0.0, 16.280586148043533, 17.280586148043533, 0.5
1.7859719438877766, 0.0, 1.7859719438877766, 17.33950142534523, -0.6962647396216751, 0.0, 16.956549312955087, 16.26028457333341, 0.6101479970026754, 0.0, 25.83379912189436, 26.443947118897032, 1.0, 0.0, 16.33950142534523, 17.33950142534523, 0.5
1.7894789579158326, 0.0, 1.7894789579158326, 17.398522280326162, -0.6941215010241224, 0.0, 17.04730856358106, 16.353187062556938, 0.6121097160971646, 0.0, 25.924931343797738, 26.537041059894904, 1.0, 0.0, 16.398522280326162, 17.398522280326162, 0.5
1.7929859719438888, 0.0, 1.7929859719438888, 17.457648712986334, -0.6919713893894703, 0.0, 17.138387693884468, 16.446416304495, 0.6140675943832061, 0.0, 26.01622193221998, 26.630289526603185, 1.0, 0.0, 16.457648712986334, 17.457648712986334, 0.5
1.7964929859719447, 0.0, 1.7964929859719447, 17.516880723325734, -0.6898144181611419, 0.0, 17.22978725925889, 16.53997284109775, 0.616021646871092, 0.0, 26.10767088716107, 26.723692534032164, 1.0, 0.0, 16.516880723325734, 17.516880723325734, 0.5
1.800000000000001, 0.0, 1.800000000000001, 17.57621831134438, -0.6876506007300722, 0.0, 17.321507815097956, 16.633857214367882, 0.6179718884832934, 0.0, 26.199278208621017, 26.81725009710431, 1.0, 0.0, 16.57621831134438, 17.57621831134438, 0.5
