phi0, phi, rho, Z_fit_curve, F_id, F_fr, F_ex, F_total, mu_id, mu_fr, mu_ex, mu_kT, PV_id, PV_fr, PV_ex, PV_NkT, alpha
0.12985249634837812, 0.0, 0.030999999999999996, 1.0485336212672465, -0.25319689614355223, 0.0, -0.08855520160381274, -0.3417520977473652, -1.339096905745412, 0.0, 1.1073719533118858, -0.23172495243352648, 6.828544905336917, 0.0, 3.9639913598864904, 10.792536265223417, 0.5
0.13404968092231234, 0.0, 0.032002004008016026, 1.0501632315015332, -0.254538676610231, 0.0, -0.0874456104682297, -0.34198428707846096, -1.339096905745412, 0.0, 1.1073719533118858, -0.23172495243352648, 6.614738627381602, 0.0, 3.839876156683833, 10.454614784065443, 0.5
0.13824686549624662, 0.0, 0.03300400801603206, 1.0517966536258523, -0.25588045707690976, 0.0, -0.08633601933264665, -0.34221647640955666, -1.339096905745412, 0.0, 1.1073719533118858, -0.23172495243352648, 6.413914696742776, 0.0, 3.723297246103839, 10.137211942846623, 0.5
0.14244405007018088, 0.0, 0.03400601202404809, 1.0534338876402032, -0.25722223754358853, 0.0, -0.08522642819706358, -0.34244866574065236, -1.339096905745412, 0.0, 1.1073719533118858, -0.23172495243352648, 6.224925519515398, 0.0, 3.613588446348289, 9.838513965863696, 0.5
0.14664123464411513, 0.0, 0.035008016032064125, 1.0550749335445864, -0.2585640180102673, 0.0, -0.08411683706148054, -0.3426808550717481, -1.339096905745412, 0.0, 1.1073719533118858, -0.23172495243352648, 6.046754888125066, 0.0, 3.510159845788776, 9.55691473391385, 0.5
0.1508384192180494, 0.0, 0.03601002004008016, 1.0567197913390014, -0.25990579847694606, 0.0, -0.08300724592589748, -0.3429130444028438, -1.339096905745412, 0.0, 1.1073719533118858, -0.23172495243352648, 5.878499701745048, 0.0, 3.41248719161245, 9.290986893357505, 0.5
0.15503560379198367, 0.0, 0.03701202404809619, 1.0583684610234487, -0.2612475789436248, 0.0, -0.08189765479031444, -0.3431452337339395, -1.339096905745412, 0.0, 1.1073719533118858, -0.23172495243352648, 5.719354655945464, 0.0, 3.3201030021162015, 9.039457658061671, 0.5
0.1592327883659179, 0.0, 0.03801402805611222, 1.0600209425979281, -0.2625893594103036, 0.0, -0.08078806365473139, -0.34337742306503527, -1.339096905745412, 0.0, 1.1073719533118858, -0.23172495243352648, 5.568599353716949, 0.0, 3.23258908461617, 8.801188438333126, 0.5
0.16342997293985217, 0.0, 0.03901603206412825, 1.0616772360624391, -0.26393113987698236, 0.0, -0.07967847251914834, -0.34360961239613097, -1.339096905745412, 0.0, 1.1073719533118858, -0.23172495243352648, 5.425587402571101, 0.0, 3.1495702062809663, 8.575157608852074, 0.5
0.16762715751378643, 0.0, 0.040018036072144283, 1.0633373414169827, -0.2652729203436611, 0.0, -0.07856888138356527, -0.34384180172722667, -1.339096905745412, 0.0, 1.1073719533118858, -0.23172495243352648, 5.289737149614742, 0.0, 3.070708715813717, 8.360445865428465, 0.5
0.1718243420877207, 0.0, 0.04102004008016032, 1.065001258661558, -0.26661470081033994, 0.0, -0.07745929024798222, -0.3440739910583224, -1.339096905745412, 0.0, 1.1073719533118858, -0.23172495243352648, 5.160523774520337, 0.0, 2.995699953397045, 8.156223727917387, 0.5
0.17602152666165496, 0.0, 0.04202204408817635, 1.0666689877961657, -0.2679564812770187, 0.0, -0.07634969911239917, -0.3443061803894181, -1.339096905745412, 0.0, 1.1073719533118858, -0.23172495243352648, 5.0374725137420375, 0.0, 2.9242683173295876, 7.961740831071631, 0.5
0.18021871123558922, 0.0, 0.04302404809619238, 1.068340528820805, -0.2692982617436975, 0.0, -0.07524010797681613, -0.3445383697205138, -1.339096905745412, 0.0, 1.1073719533118858, -0.23172495243352648, 4.920152831555116, 0.0, 2.856163880296433, 7.776316711851555, 0.5
0.1844158958095235, 0.0, 0.044026052104208416, 1.0700158817354768, -0.27064004221037624, 0.0, -0.07413051684123306, -0.3447705590516096, -1.339096905745412, 0.0, 1.1073719533118858, -0.23172495243352648, 4.808173387075277, 0.0, 2.7911594677083214, 7.599332854783604, 0.5
0.18861308038345775, 0.0, 0.04502805611222445, 1.0716950465401804, -0.271981822677055, 0.0, -0.07302092570565001, -0.3450027483827053, -1.339096905745412, 0.0, 1.1073719533118858, -0.23172495243352648, 4.701177673267914, 0.0, 2.729048126133077, 7.430225799400997, 0.5
0.19281026495739198, 0.0, 0.046030060120240475, 1.0733780232349162, -0.2733236031437338, 0.0, -0.07191133457006696, -0.345234937713801, -1.339096905745412, 0.0, 1.1073719533118858, -0.23172495243352648, 4.598840225549949, 0.0, 2.669640922377296, 7.268481147927251, 0.5
0.19700744953132626, 0.0, 0.04703206412825651, 1.0750648118196842, -0.27466538361041254, 0.0, -0.07080174343448391, -0.3454671270448967, -1.339096905745412, 0.0, 1.1073719533118858, -0.23172495243352648, 4.500863315039275, 0.0, 2.612765023907457, 7.1136283389467385, 0.5
0.20120463410526052, 0.0, 0.04803406813627254, 1.0767554122944838, -0.2760071640770913, 0.0, -0.06969215229890086, -0.34569931637599244, -1.339096905745412, 0.0, 1.1073719533118858, -0.23172495243352648, 4.406974055682623, 0.0, 2.5582620195287293, 6.965236075211358, 0.5
0.20540181867919477, 0.0, 0.049036072144288574, 1.078449824659316, -0.27734894454377007, 0.0, -0.06858256116331782, -0.34593150570708814, -1.339096905745412, 0.0, 1.1073719533118858, -0.23172495243352648, 4.316921866061415, 0.0, 2.505986445955459, 6.822908312016879, 0.5
0.20959900325312905, 0.0, 0.05003807615230461, 1.0801480489141797, -0.27869072501044884, 0.0, -0.06747297002773475, -0.34616369503818384, -1.339096905745412, 0.0, 1.1073719533118858, -0.23172495243352648, 4.230476236159108, 0.0, 2.4558044914127164, 6.6862807275718295, 0.5
0.21379618782706328, 0.0, 0.05104008016032063, 1.0818500850590758, -0.2800325054771276, 0.0, -0.06636337889215171, -0.3463958843692796, -1.339096905745412, 0.0, 1.1073719533118858, -0.23172495243352648, 4.147424757181546, 0.0, 2.407592851940953, 6.555017609122503, 0.5
0.21799337240099753, 0.0, 0.052042084168336666, 1.0835559330940039, -0.28137428594380637, 0.0, -0.06525378775656865, -0.3466280737003753, -1.339096905745412, 0.0, 1.1073719533118858, -0.23172495243352648, 4.067571378977118, 0.0, 2.3612377198230243, 6.428809098800148, 0.5
0.2221905569749318, 0.0, 0.0530440881763527, 1.085265593018964, -0.28271606641048513, 0.0, -0.0641441966209856, -0.346860263031471, -1.339096905745412, 0.0, 1.1073719533118858, -0.23172495243352648, 3.990734864961154, 0.0, 2.3166338866630443, 6.307368751624203, 0.5
0.22638774154886607, 0.0, 0.05404609218436873, 1.0869790648339561, -0.28405784687716396, 0.0, -0.06303460548540255, -0.34709245236256675, -1.339096905745412, 0.0, 1.1073719533118858, -0.23172495243352648, 3.9167474189127067, 0.0, 2.2736839462376843, 6.1904313651503955, 0.5
0.23058492612280032, 0.0, 0.055048096192384766, 1.0886963485389807, -0.2853996273438427, 0.0, -0.0619250143498195, -0.34732464169366245, -1.339096905745412, 0.0, 1.1073719533118858, -0.23172495243352648, 3.845453461744395, 0.0, 2.2322975844073, 6.077751046151699, 0.5
0.2347821106967346, 0.0, 0.0560501002004008, 1.0904174441340369, -0.2867414078105215, 0.0, -0.06081542321423644, -0.34755683102475815, -1.339096905745412, 0.0, 1.1073719533118858, -0.23172495243352648, 3.7767085394778777, 0.0, 2.192390945192324, 5.969099484670206, 0.5
0.23897929527066886, 0.0, 0.05705210420841683, 1.0921423516191253, -0.28808318827720025, 0.0, -0.05970583207865339, -0.3477890203558539, -1.339096905745412, 0.0, 1.1073719533118858, -0.23172495243352648, 3.7103783462944526, 0.0, 2.153886063651133, 5.864264409945591, 0.5
0.2431764798446031, 0.0, 0.058054108216432865, 1.0938710709942456, -0.289424968743879, 0.0, -0.05859624094307034, -0.3480212096869496, -1.339096905745412, 0.0, 1.1073719533118858, -0.23172495243352648, 3.646337848757526, 0.0, 2.1167103574884916, 5.763048206246022, 0.5
0.2473736644185374, 0.0, 0.0590561122244489, 1.0956036022593982, -0.2907667492105578, 0.0, -0.057486649807487286, -0.3482533990180453, -1.339096905745412, 0.0, 1.1073719533118858, -0.23172495243352648, 3.5844704991909047, 0.0, 2.080796170419224, 5.6652666696101335, 0.5
0.2515708489924717, 0.0, 0.06005811623246493, 1.097339945414583, -0.29210852967723655, 0.0, -0.05637705867190422, -0.34848558834914106, -1.339096905745412, 0.0, 1.1073719533118858, -0.23172495243352648, 3.5246675278006188, 0.0, 2.0460803612427543, 5.5707478890433775, 0.5
0.2557680335664059, 0.0, 0.06106012024048096, 1.0990801004597994, -0.2934503101439153, 0.0, -0.05526746753632118, -0.34871777768023676, -1.339096905745412, 0.0, 1.1073719533118858, -0.23172495243352648, 3.466827304494955, 0.0, 2.0125039333776664, 5.479331237872626, 0.5
0.2599652181403401, 0.0, 0.06206212424849699, 1.1008240673950482, -0.2947920906105941, 0.0, -0.054157876400738145, -0.34894996701133246, -1.339096905745412, 0.0, 1.1073719533118858, -0.23172495243352648, 3.410854762525647, 0.0, 1.9800117002836422, 5.390866462809294, 0.5
0.2641624027142744, 0.0, 0.06306412825651302, 1.1025718462203289, -0.29613387107727285, 0.0, -0.05304828526515509, -0.3491821563424282, -1.339096905745412, 0.0, 1.1073719533118858, -0.23172495243352648, 3.356660877074479, 0.0, 1.948551982779374, 5.3052128598538575, 0.5
0.26835958728820863, 0.0, 0.06406613226452905, 1.1043234369356418, -0.2974756515439516, 0.0, -0.05193869412957204, -0.3494143456735239, -1.339096905745412, 0.0, 1.1073719533118858, -0.23172495243352648, 3.30416219276977, 0.0, 1.918076334764432, 5.2222385275342065, 0.5
0.2725567718621429, 0.0, 0.06506813627254508, 1.1060788395409866, -0.2988174320106304, 0.0, -0.05082910299398899, -0.3496465350046196, -1.339096905745412, 0.0, 1.1073719533118858, -0.23172495243352648, 3.2532803948583817, 0.0, 1.8885392942832895, 5.141819689141675, 0.5
0.2767539564360772, 0.0, 0.06607014028056112, 1.1078380540363637, -0.30015921247730915, 0.0, -0.049719511858405924, -0.3498787243357154, -1.339096905745412, 0.0, 1.1073719533118858, -0.23172495243352648, 3.203941919398731, 0.0, 1.8598981572411695, 5.063840076639905, 0.5
0.28095114101001145, 0.0, 0.06707214428857715, 1.1096010804217724, -0.3015009929439879, 0.0, -0.04860992072282287, -0.3501109136668111, -1.339096905745412, 0.0, 1.1073719533118858, -0.23172495243352648, 3.156077598394238, 0.0, 1.8321127714029135, 4.988190369797156, 0.5
0.2851483255839457, 0.0, 0.06807414829659318, 1.1113679186972136, -0.3028427734106667, 0.0, -0.04750032958723982, -0.3503431029979068, -1.339096905745412, 0.0, 1.1073719533118858, -0.23172495243352648, 3.109622336267089, 0.0, 1.8051453485850073, 4.914767684852101, 0.5
0.28934551015787996, 0.0, 0.06907615230460921, 1.1131385688626867, -0.30418455387734544, 0.0, -0.04639073845165677, -0.35057529232900253, -1.339096905745412, 0.0, 1.1073719533118858, -0.23172495243352648, 3.0645148144900274, 0.0, 1.7789602931934236, 4.843475107683456, 0.5
0.2935426947318142, 0.0, 0.07007815631262525, 1.114913030918192, -0.3055263343440242, 0.0, -0.04528114731607372, -0.35080748166009823, -1.339096905745412, 0.0, 1.1073719533118858, -0.23172495243352648, 3.0206972215578585, 0.0, 1.7535240454712493, 4.774221267029112, 0.5
0.29773987930574847, 0.0, 0.07108016032064128, 1.1166913048637293, -0.306868114810703, 0.0, -0.044171556180490665, -0.35103967099119393, -1.339096905745412, 0.0, 1.1073719533118858, -0.23172495243352648, 2.9781150057982115, 0.0, 1.7288049380045707, 4.706919943802786, 0.5
0.3019370638796828, 0.0, 0.07208216432865731, 1.1184733906992985, -0.3082098952773818, 0.0, -0.0430619650449076, -0.3512718603222897, -1.339096905745412, 0.0, 1.1073719533118858, -0.23172495243352648, 2.9367166487991536, 0.0, 1.7047730641965055, 4.641489712995663, 0.5
0.30613424845361703, 0.0, 0.07308416833667335, 1.1202592884248999, -0.30955167574406056, 0.0, -0.04195237390932455, -0.3515040496533854, -1.339096905745412, 0.0, 1.1073719533118858, -0.23172495243352648, 2.896453457475027, 0.0, 1.6814001575607807, 4.577853615035811, 0.5
0.3103314330275513, 0.0, 0.07408617234468938, 1.1220489980405333, -0.3108934562107393, 0.0, -0.04084278277374151, -0.3517362389844811, -1.339096905745412, 0.0, 1.1073719533118858, -0.23172495243352648, 2.8572793730059445, 0.0, 1.65865948081052, 4.5159388538164675, 0.5
0.31452861760148554, 0.0, 0.07508817635270541, 1.1238425195461987, -0.3122352366774181, 0.0, -0.03973319163815846, -0.35196842831557684, -1.339096905745412, 0.0, 1.1073719533118858, -0.23172495243352648, 2.819150795074776, 0.0, 1.6365257238272737, 4.455676518902052, 0.5
0.3187258021754198, 0.0, 0.07609018036072145, 1.1256398529418963, -0.31357701714409686, 0.0, -0.038623600502575406, -0.35220061764667254, -1.339096905745412, 0.0, 1.1073719533118858, -0.23172495243352648, 2.7820264199914866, 0.0, 1.6149749096916988, 4.397001329683189, 0.5
0.322922986749354, 0.0, 0.07709218436873747, 1.127440998227626, -0.3149187976107756, 0.0, -0.03751400936699237, -0.35243280697776824, -1.339096905745412, 0.0, 1.1073719533118858, -0.23172495243352648, 2.745867091441337, 0.0, 1.593984308042427, 4.339851399483767, 0.5
0.3271201713232883, 0.0, 0.0780941883767535, 1.1292459554033876, -0.3162605780774544, 0.0, -0.0364044182314093, -0.35266499630886394, -1.339096905745412, 0.0, 1.1073719533118858, -0.23172495243352648, 2.7106356627231074, 0.0, 1.5735323551049325, 4.284168017828043, 0.5
0.33131735589722255, 0.0, 0.07909619238476953, 1.1310547244691813, -0.31760235854413316, 0.0, -0.03529482709582625, -0.3528971856399597, -1.339096905745412, 0.0, 1.1073719533118858, -0.23172495243352648, 2.6762968694584806, 0.0, 1.5535985797989336, 4.229895449257417, 0.5
0.3355145404711568, 0.0, 0.08009819639278556, 1.132867305425007, -0.3189441390108119, 0.0, -0.0341852359602432, -0.3531293749710554, -1.339096905745412, 0.0, 1.1073719533118858, -0.23172495243352648, 2.6428172118556077, 0.0, 1.5341635353920318, 4.176980747247643, 0.5
0.33971172504509106, 0.0, 0.0811002004008016, 1.134683698270865, -0.3202859194774907, 0.0, -0.03307564482466015, -0.3533615643021511, -1.339096905745412, 0.0, 1.1073719533118858, -0.23172495243352648, 2.61016484570058, 0.0, 1.5152087362199242, 4.125373581920507, 0.5
0.3439089096190253, 0.0, 0.08210220440881763, 1.136503903006755, -0.32162769994416945, 0.0, -0.031966053689077095, -0.35359375363324685, -1.339096905745412, 0.0, 1.1073719533118858, -0.23172495243352648, 2.5783094813311718, 0.0, 1.4967165990403506, 4.075026080371526, 0.5
0.3481060941929596, 0.0, 0.08310420841683366, 1.1383279196326768, -0.3229694804108483, 0.0, -0.03085646255349403, -0.35382594296434255, -1.339096905745412, 0.0, 1.1073719533118858, -0.23172495243352648, 2.5472222899191386, 0.0, 1.478670388629678, 4.02589267854882, 0.5
0.3523032787668939, 0.0, 0.0841062124248497, 1.1401557481486309, -0.32431126087752704, 0.0, -0.029746871417910978, -0.35405813229543825, -1.339096905745412, 0.0, 1.1073719533118858, -0.23172495243352648, 2.5168758164515896, 0.0, 1.4610541672683197, 3.9779299837199122, 0.5
0.35650046334082813, 0.0, 0.08510821643286573, 1.1419873885546168, -0.3256530413442058, 0.0, -0.02863728028232794, -0.354290321626534, -1.339096905745412, 0.0, 1.1073719533118858, -0.23172495243352648, 2.4872438988593273, 0.0, 1.443852747794488, 3.931096646653818, 0.5
0.3606976479147624, 0.0, 0.08611022044088176, 1.143822840850635, -0.3269948218108846, 0.0, -0.027527689146744888, -0.3545225109576297, -1.339096905745412, 0.0, 1.1073719533118858, -0.23172495243352648, 2.4583015927914724, 0.0, 1.4270516499356307, 3.8853532427271062, 0.5
0.36489483248869664, 0.0, 0.0871122244488978, 1.145662105036685, -0.32833660227756334, 0.0, -0.026418098011161836, -0.3547547002887254, -1.339096905745412, 0.0, 1.1073719533118858, -0.23172495243352648, 2.4300251015817427, 0.0, 1.4106370596536408, 3.840662161235387, 0.5
0.3690920170626309, 0.0, 0.08811422845691383, 1.1475051811127674, -0.3296783827442421, 0.0, -0.025308506875578785, -0.35498688961982117, -1.339096905745412, 0.0, 1.1073719533118858, -0.23172495243352648, 2.4023917109931263, 0.0, 1.3945957912639384, 3.7969875022570676, 0.5
0.3732892016365652, 0.0, 0.08911623246492986, 1.1493520690788817, -0.33102016321092087, 0.0, -0.02419891573999572, -0.35521907895091687, -1.339096905745412, 0.0, 1.1073719533118858, -0.23172495243352648, 2.3753797283648552, 0.0, 1.3789152521101014, 3.7542949804749597, 0.5
0.3774863862104994, 0.0, 0.09011823647294588, 1.1512027689350282, -0.33236194367759964, 0.0, -0.02308932460441268, -0.35545126828201257, -1.339096905745412, 0.0, 1.1073719533118858, -0.23172495243352648, 2.3489684258190477, 0.0, 1.3635834095951458, 3.712551835414197, 0.5
0.38168357078443366, 0.0, 0.09112024048096191, 1.1530572806812065, -0.3337037241442784, 0.0, -0.02197973346882963, -0.3556834576131083, -1.339096905745412, 0.0, 1.1073719533118858, -0.23172495243352648, 2.3231379872145146, 0.0, 1.348588760388047, 3.671726747602565, 0.5
0.3858807553583679, 0.0, 0.09212224448897795, 1.1549156043174171, -0.33504550461095717, 0.0, -0.020870142333246577, -0.355915646944204, -1.339096905745412, 0.0, 1.1073719533118858, -0.23172495243352648, 2.2978694585624395, 0.0, 1.3339203016398904, 3.6317897602023326, 0.5
0.39007793993230216, 0.0, 0.09312424849699398, 1.1567777398436596, -0.33638728507763593, 0.0, -0.019760551197663526, -0.3561478362752997, -1.339096905745412, 0.0, 1.1073719533118858, -0.23172495243352648, 2.2731447016431767, 0.0, 1.319567504058278, 3.5927122057014573, 0.5
0.3942751245062364, 0.0, 0.09412625250501001, 1.1586436872599344, -0.3377290655443147, 0.0, -0.018650960062080474, -0.3563800256063955, -1.339096905745412, 0.0, 1.1073719533118858, -0.23172495243352648, 2.248946350585637, 0.0, 1.3055202867015292, 3.554466637287169, 0.5
0.39847230908017073, 0.0, 0.09512825651302605, 1.160513446566241, -0.33907084601099347, 0.0, -0.017541368926497408, -0.3566122149374912, -1.339096905745412, 0.0, 1.1073719533118858, -0.23172495243352648, 2.2252577711908144, 0.0, 1.2917689933658623, 3.5170267645566797, 0.5
0.402669493654105, 0.0, 0.09613026052104208, 1.1623870177625797, -0.34041262647767223, 0.0, -0.01643177779091437, -0.3568444042685869, -1.339096905745412, 0.0, 1.1073719533118858, -0.23172495243352648, 2.20206302279924, 0.0, 1.2783043704493342, 3.480367393248577, 0.5
0.40686667822803924, 0.0, 0.09713226452905811, 1.1642644008489507, -0.341754406944351, 0.0, -0.015322186655331319, -0.3570765935996826, -1.339096905745412, 0.0, 1.1073719533118858, -0.23172495243352648, 2.1793468225186565, 0.0, 1.2651175461858943, 3.4444643687045535, 0.5
0.4110638628019735, 0.0, 0.09813426853707415, 1.1661455958253533, -0.34309618741102976, 0.0, -0.014212595519748267, -0.35730878293077833, -1.339096905745412, 0.0, 1.1073719533118858, -0.23172495243352648, 2.1570945116432183, 0.0, 1.252200011151629, 3.40929452279485, 0.5
0.41526104737590774, 0.0, 0.09913627254509018, 1.1680306026917884, -0.34443796787770853, 0.0, -0.013103004384165215, -0.35754097226187403, -1.339096905745412, 0.0, 1.1073719533118858, -0.23172495243352648, 2.135292024109175, 0.0, 1.2395435999531852, 3.3748356240623627, 0.5
0.419458231949842, 0.0, 0.10013827655310621, 1.1699194214482553, -0.3457797483443873, 0.0, -0.011993413248582163, -0.35777316159296974, -1.339096905745412, 0.0, 1.1073719533118858, -0.23172495243352648, 2.1139258568443786, 0.0, 1.227140474015572, 3.3410663308599537, 0.5
0.4236554165237763, 0.0, 0.10114028056112224, 1.1718120520947544, -0.3471215288110661, 0.0, -0.010883822112999098, -0.3580053509240655, -1.339096905745412, 0.0, 1.1073719533118858, -0.23172495243352648, 2.0929830418802977, 0.0, 1.2149831053930948, 3.307966147273395, 0.5
0.42785260109771056, 0.0, 0.10214228456913828, 1.1737084946312855, -0.3484633092777449, 0.0, -0.009774230977416046, -0.3582375402551612, -1.339096905745412, 0.0, 1.1073719533118858, -0.23172495243352648, 2.072451120105491, 0.0, 1.2030642615331695, 3.275515381638663, 0.5
0.4320497856716448, 0.0, 0.10314428857715431, 1.1756087490578486, -0.34980508974442365, 0.0, -0.008664639841832994, -0.3584697295862569, -1.339096905745412, 0.0, 1.1073719533118858, -0.23172495243352648, 2.0523181165489275, 0.0, 1.1913769909282113, 3.2436951074771416, 0.5
0.43624697024557907, 0.0, 0.10414629258517034, 1.1775128153744439, -0.3511468702111024, 0.0, -0.007555048706249942, -0.35870191891735265, -1.339096905745412, 0.0, 1.1073719533118858, -0.23172495243352648, 2.0325725170901263, 0.0, 1.1799146095957997, 3.2124871266859283, 0.5
0.4404441548195133, 0.0, 0.10514829659318638, 1.1794206935810712, -0.3524886506777812, 0.0, -0.00644545757066689, -0.35893410824844835, -1.339096905745412, 0.0, 1.1073719533118858, -0.23172495243352648, 2.01320324650092, 0.0, 1.1686706883318552, 3.1818739348327774, 0.5
0.44464133939344763, 0.0, 0.10615030060120241, 1.1813323836777305, -0.35383043114446, 0.0, -0.005335866435083825, -0.35916629757954405, -1.339096905745412, 0.0, 1.1073719533118858, -0.23172495243352648, 1.9941996477308759, 0.0, 1.1576390406857615, 3.1518386884166394, 0.5
0.4488385239673819, 0.0, 0.10715230460921844, 1.1832478856644217, -0.35517221161113877, 0.0, -0.004226275299500773, -0.3593984869106398, -1.339096905745412, 0.0, 1.1073719533118858, -0.23172495243352648, 1.9755514623549488, 0.0, 1.1468137116101684, 3.1223651739651195, 0.5
0.4530357085413161, 0.0, 0.10815430861723446, 1.1851671995411455, -0.35651399207781753, 0.0, -0.003116684163917749, -0.3596306762417355, -1.339096905745412, 0.0, 1.1073719533118858, -0.23172495243352648, 1.9572488121080025, 0.0, 1.1361889667417242, 3.093437778849729, 0.5
0.45723289311525034, 0.0, 0.1091563126252505, 1.1870903253079008, -0.3578557725444963, 0.0, -0.002007093028334697, -0.3598628655728312, -1.339096905745412, 0.0, 1.1073719533118858, -0.23172495243352648, 1.9392821814363543, 0.0, 1.1257592822721936, 3.06504146370855, 0.5
0.4614300776891846, 0.0, 0.11015831663326653, 1.1890172629646885, -0.35919755301117506, 0.0, -8.975018927516454E-4, -0.36009505490392696, -1.339096905745412, 0.0, 1.1073719533118858, -0.23172495243352648, 1.921642401001597, 0.0, 1.1155193353723756, 3.0371617363739745, 0.5
0.46562726226311885, 0.0, 0.11116032064128256, 1.190948012511508, -0.36053933347785383, 0.0, 2.120892428314064E-4, -0.36032724423502266, -1.339096905745412, 0.0, 1.1073719533118858, -0.23172495243352648, 1.9043206320765973, 0.0, 1.1054639951339327, 3.009784627210532, 0.5
0.46982444683705316, 0.0, 0.1121623246492986, 1.1928825739483597, -0.3618811139445326, 0.0, 0.001321680378414472, -0.36055943356611836, -1.339096905745412, 0.0, 1.1073719533118858, -0.23172495243352648, 1.8873083517778906, 0.0, 1.0955883139967502, 2.982896665774643, 0.5
0.4740216314109874, 0.0, 0.11316432865731463, 1.1948209472752434, -0.36322289441121136, 0.0, 0.00243127151399751, -0.3607916228972141, -1.339096905745412, 0.0, 1.1073719533118858, -0.23172495243352648, 1.8705973390826252, 0.0, 1.085887519631729, 2.9564848587143566, 0.5
0.47821881598492166, 0.0, 0.11416633266533066, 1.1967631324921593, -0.3645646748778901, 0.0, 0.0035408626495805756, -0.3610238122283098, -1.339096905745412, 0.0, 1.1073719533118858, -0.23172495243352648, 1.8541796615818562, 0.0, 1.0763570072510333, 2.9305366688328918, 0.5
0.4824160005588559, 0.0, 0.1151683366733467, 1.198709129599107, -0.3659064553445689, 0.0, 0.0046504537851636135, -0.3612560015594055, -1.339096905745412, 0.0, 1.1073719533118858, -0.23172495243352648, 1.8380476629253468, 0.0, 1.0669923323197568, 2.905039995245106, 0.5
0.48661318513279017, 0.0, 0.11617034068136273, 1.200658938596087, -0.36724823581124766, 0.0, 0.005760044920746679, -0.36148819089050127, -1.339096905745412, 0.0, 1.1073719533118858, -0.23172495243352648, 1.8221939509161234, 0.0, 1.0577892036447776, 2.8799831545609034, 0.5
0.4908103697067244, 0.0, 0.11717234468937876, 1.2026125594830992, -0.3685900162779264, 0.0, 0.006869636056329717, -0.36172038022159697, -1.339096905745412, 0.0, 1.1073719533118858, -0.23172495243352648, 1.8066113862158881, 0.0, 1.0487434768182131, 2.8553548630341035, 0.5
0.49500755428065873, 0.0, 0.1181743486973948, 1.2045699922601432, -0.3699317967446052, 0.0, 0.007979227191912783, -0.36195256955269267, -1.339096905745412, 0.0, 1.1073719533118858, -0.23172495243352648, 1.7912930716250361, 0.0, 1.0398511479944397, 2.8311442196194783, 0.5
0.499204738854593, 0.0, 0.11917635270541083, 1.2065312369272194, -0.37127357721128396, 0.0, 0.009088818327495848, -0.3621847588837884, -1.339096905745412, 0.0, 1.1073719533118858, -0.23172495243352648, 1.776232341903458, 0.0, 1.031108347981034, 2.8073406898844944, 0.5
0.5034019234285272, 0.0, 0.12017835671342686, 1.2084962934843275, -0.3726153576779627, 0.0, 0.010198409463078886, -0.3624169482148841, -1.339096905745412, 0.0, 1.1073719533118858, -0.23172495243352648, 1.7614227541005647, 0.0, 1.022511336625325, 2.783934090725892, 0.5
0.5075991080024616, 0.0, 0.12118036072144289, 1.210465161931468, -0.37395713814464154, 0.0, 0.011308000598661952, -0.3626491375459798, -1.339096905745412, 0.0, 1.1073719533118858, -0.23172495243352648, 1.7468580783650591, 0.0, 1.0140564974794375, 2.760914575844499, 0.5
0.5117962925763957, 0.0, 0.12218236472945891, 1.21243784226864, -0.37529891861132025, 0.0, 0.01241759173424499, -0.3628813268770755, -1.339096905745412, 0.0, 1.1073719533118858, -0.23172495243352648, 1.7325322892069208, 0.0, 1.0057403327278471, 2.7382726219347706, 0.5
0.51599347715033, 0.0, 0.12318436873747494, 1.2144143344958445, -0.376640699077999, 0.0, 0.013527182869828028, -0.3631135162081713, -1.339096905745412, 0.0, 1.1073719533118858, -0.23172495243352648, 1.718439557185846, 0.0, 0.9975594583624936, 2.7159990155483418, 0.5
0.5201906617242642, 0.0, 0.12418637274549098, 1.2163946386130808, -0.3779824795446778, 0.0, 0.014636774005411066, -0.363345705539267, -1.339096905745412, 0.0, 1.1073719533118858, -0.23172495243352648, 1.7045742410020617, 0.0, 0.989510599591475, 2.694084840593539, 0.5
0.5243878462981985, 0.0, 0.125188376753507, 1.2183787546203493, -0.37932426001135655, 0.0, 0.01574636514099413, -0.3635778948703627, -1.339096905745412, 0.0, 1.1073719533118858, -0.23172495243352648, 1.6909308799669718, 0.0, 0.981590586468234, 2.672521466435208, 0.5
0.5285850308721327, 0.0, 0.12619038076152303, 1.2203666825176498, -0.3806660404780353, 0.0, 0.01685595627657717, -0.36381008420145844, -1.339096905745412, 0.0, 1.1073719533118858, -0.23172495243352648, 1.6775041868325171, 0.0, 0.9737963497289797, 2.651300536561499, 0.5
0.532782215446067, 0.0, 0.12719238476953906, 1.2223584223049824, -0.3820078209447141, 0.0, 0.017965547412160235, -0.36404227353255414, -1.339096905745412, 0.0, 1.1073719533118858, -0.23172495243352648, 1.6642890409594726, 0.0, 0.9661249168268622, 2.630413957786337, 0.5
0.5369794000200012, 0.0, 0.1281943887775551, 1.224353973982347, -0.38334960141139285, 0.0, 0.019075138547743273, -0.36427446286364984, -1.339096905745412, 0.0, 1.1073719533118858, -0.23172495243352648, 1.6512804818061366, 0.0, 0.958573408152138, 2.609853889958277, 0.5
0.5411765845939355, 0.0, 0.12919639278557113, 1.2263533375497437, -0.3846913818780716, 0.0, 0.02018472968332634, -0.3645066521947456, -1.339096905745412, 0.0, 1.1073719533118858, -0.23172495243352648, 1.638473702720017, 0.0, 0.9511390334282231, 2.589612736148242, 0.5
0.5453737691678697, 0.0, 0.13019839679358716, 1.2283565130071727, -0.3860331623447504, 0.0, 0.021294320818909376, -0.3647388415258413, -1.339096905745412, 0.0, 1.1073719533118858, -0.23172495243352648, 1.6258640450161888, 0.0, 0.9438190882741634, 2.5696831332903542, 0.5
0.549570953741804, 0.0, 0.1312004008016032, 1.2303635003546334, -0.38737494281142915, 0.0, 0.022403911954492442, -0.364971030856937, -1.339096905745412, 0.0, 1.1073719533118858, -0.23172495243352648, 1.613446992327006, 0.0, 0.9366109509246227, 2.550057943251631, 0.5
0.5537681383157382, 0.0, 0.13220240480961923, 1.2323742995921265, -0.3887167232781079, 0.0, 0.02351350309007548, -0.36520322018803275, -1.339096905745412, 0.0, 1.1073719533118858, -0.23172495243352648, 1.6012181652087614, 0.0, 0.9295120790990332, 2.530730244307797, 0.5
0.5579653228896726, 0.0, 0.13320440881763526, 1.2343889107196513, -0.3900585037447868, 0.0, 0.024623094225658573, -0.36543540951912845, -1.339096905745412, 0.0, 1.1073719533118858, -0.23172495243352648, 1.5891733159917671, 0.0, 0.9225200070120524, 2.511693323003821, 0.5
0.5621625074636069, 0.0, 0.1342064128256513, 1.2364073337372083, -0.39140028421146555, 0.0, 0.02573268536124161, -0.36566759885022415, -1.339096905745412, 0.0, 1.1073719533118858, -0.23172495243352648, 1.5773083238611414, 0.0, 0.9156323425179428, 2.492940666379086, 0.5
0.5663596920375411, 0.0, 0.13520841683366733, 1.2384295686447973, -0.3927420646781443, 0.0, 0.02684227649682465, -0.3658997881813199, -1.339096905745412, 0.0, 1.1073719533118858, -0.23172495243352648, 1.5656191901563203, 0.0, 0.9088467643819252, 2.4744659545382475, 0.5
0.5705568766114754, 0.0, 0.13621042084168336, 1.2404556154424187, -0.3940838451448231, 0.0, 0.027951867632407715, -0.3661319775124156, -1.339096905745412, 0.0, 1.1073719533118858, -0.23172495243352648, 1.554102033878044, 0.0, 0.9021610196719697, 2.4562630535500154, 0.5
0.5747540611854096, 0.0, 0.1372124248496994, 1.2424854741300717, -0.39542562561150185, 0.0, 0.029061458767990753, -0.3663641668435113, -1.339096905745412, 0.0, 1.1073719533118858, -0.23172495243352648, 1.5427530873922035, 0.0, 0.895572921264866, 2.438326008657071, 0.5
0.5789512457593439, 0.0, 0.13821442885771543, 1.244519144707757, -0.3967674060781806, 0.0, 0.03017104990357382, -0.36659635617460706, -1.339096905745412, 0.0, 1.1073719533118858, -0.23172495243352648, 1.5315686923205611, 0.0, 0.8890803454607739, 2.4206490377813368, 0.5
0.5831484303332781, 0.0, 0.13921643286573146, 1.2465566271754744, -0.3981091865448594, 0.0, 0.031280641039156856, -0.36682854550570276, -1.339096905745412, 0.0, 1.1073719533118858, -0.23172495243352648, 1.5205452956089303, 0.0, 0.882681229700789, 2.403226525309721, 0.5
0.5873456149072124, 0.0, 0.1402184368737475, 1.2485979215332237, -0.39945096701153815, 0.0, 0.03239023217473992, -0.36706073483679846, -1.339096905745412, 0.0, 1.1073719533118858, -0.23172495243352648, 1.509679445763935, 0.0, 0.876373570382371, 2.386053016146308, 0.5
0.5915427994811466, 0.0, 0.14122044088176353, 1.2506430277810052, -0.4007927474782169, 0.0, 0.03349982331032296, -0.3672929241678942, -1.339096905745412, 0.0, 1.1073719533118858, -0.23172495243352648, 1.498967789249979, 0.0, 0.8701554207677719, 2.3691232100177526, 0.5
0.5957399840550809, 0.0, 0.14222244488977956, 1.2526919459188186, -0.4021345279448957, 0.0, 0.034609414445906025, -0.3675251134989899, -1.339096905745412, 0.0, 1.1073719533118858, -0.23172495243352648, 1.4884070670385208, 0.0, 0.8640248889808806, 2.352431956019403, 0.5
0.5999371686290151, 0.0, 0.1432244488977956, 1.2547446759466643, -0.40347630841157445, 0.0, 0.03571900558148906, -0.3677573028300856, -1.339096905745412, 0.0, 1.1073719533118858, -0.23172495243352648, 1.477994111302198, 0.0, 0.8579801360881517, 2.3359742473903515, 0.5
0.6041343532029495, 0.0, 0.14422645290581163, 1.2568012178645418, -0.4048180888782532, 0.0, 0.03682859671707216, -0.3679894921611814, -1.339096905745412, 0.0, 1.1073719533118858, -0.23172495243352648, 1.4677258422467554, 0.0, 0.8520193742595299, 2.3197452165062873, 0.5
0.6083315377768838, 0.0, 0.14522845691382766, 1.2588615716724516, -0.406159869344932, 0.0, 0.037938187852655195, -0.3682216814922771, -1.339096905745412, 0.0, 1.1073719533118858, -0.23172495243352648, 1.4575992650741247, 0.0, 0.8461408650055072, 2.303740130079634, 0.5
0.612528722350818, 0.0, 0.1462304609218437, 1.2609257373703933, -0.40750164981161074, 0.0, 0.03904777898823826, -0.3684538708233728, -1.339096905745412, 0.0, 1.1073719533118858, -0.23172495243352648, 1.447611467070355, 0.0, 0.8403429174866601, 2.2879543845570174, 0.5
0.6167259069247523, 0.0, 0.14723246492985972, 1.2629937149583672, -0.4088434302782895, 0.0, 0.0401573701238213, -0.3686860601544685, -1.339096905745412, 0.0, 1.1073719533118858, -0.23172495243352648, 1.4377596148124616, 0.0, 0.8346238868922145, 2.2723835017046783, 0.5
0.6209230914986865, 0.0, 0.14823446893787576, 1.265065504436373, -0.4101852107449683, 0.0, 0.041266961259404336, -0.36891824948556423, -1.339096905745412, 0.0, 1.1073719533118858, -0.23172495243352648, 1.4280409514885526, 0.0, 0.8289821728843719, 2.2570231243729264, 0.5
0.6251202760726207, 0.0, 0.14923647294589176, 1.2671411058044109, -0.41152699121164704, 0.0, 0.042376552394987374, -0.36915043881665993, -1.339096905745412, 0.0, 1.1073719533118858, -0.23172495243352648, 1.418452794325918, 0.0, 0.8234162181053072, 2.241869012431227, 0.5
0.6293174606465549, 0.0, 0.1502384769539078, 1.2692205190624808, -0.4128687716783258, 0.0, 0.04348614353057041, -0.36938262814775563, -1.339096905745412, 0.0, 1.1073719533118858, -0.23172495243352648, 1.4089925321220342, 0.0, 0.8179245067439092, 2.226917038865945, 0.5
0.6335146452204892, 0.0, 0.15124048096192383, 1.2713037442105828, -0.4142105521450046, 0.0, 0.04459573466615348, -0.3696148174788514, -1.339096905745412, 0.0, 1.1073719533118858, -0.23172495243352648, 1.39965762287372, 0.0, 0.8125055631594976, 2.2121631860332194, 0.5
0.6377118297944234, 0.0, 0.15224248496993986, 1.273390781248717, -0.41555233261168334, 0.0, 0.045705325801736515, -0.3698470068099471, -1.339096905745412, 0.0, 1.1073719533118858, -0.23172495243352648, 1.3904455914999114, 0.0, 0.8071579505598878, 2.197603542059801, 0.5
0.6419090143683577, 0.0, 0.1532444889779559, 1.2754816301768832, -0.4168941130783621, 0.0, 0.04681491693731958, -0.3700791961410428, -1.339096905745412, 0.0, 1.1073719533118858, -0.23172495243352648, 1.3813540276537786, 0.0, 0.8018802697313175, 2.183234297385098, 0.5
0.6461061989422919, 0.0, 0.15424649298597193, 1.2775762909950814, -0.41823589354504087, 0.0, 0.04792450807290262, -0.37031138547213854, -1.339096905745412, 0.0, 1.1073719533118858, -0.23172495243352648, 1.372380583620117, 0.0, 0.7966711578178763, 2.169051741437995, 0.5
0.6503033835162262, 0.0, 0.15524849699398796, 1.2796747637033117, -0.41957767401171964, 0.0, 0.049034099208485685, -0.37054357480323424, -1.339096905745412, 0.0, 1.1073719533118858, -0.23172495243352648, 1.3635229722941666, 0.0, 0.7915292871482028, 2.155052259442371, 0.5
0.6545005680901606, 0.0, 0.156250501002004, 1.281777048301574, -0.42091945447839846, 0.0, 0.05014369034406875, -0.37077576413432994, -1.339096905745412, 0.0, 1.1073719533118858, -0.23172495243352648, 1.3547789652381943, 0.0, 0.7864533641073261, 2.141232329345522, 0.5
0.6586977526640948, 0.0, 0.15725250501002003, 1.2838831447898682, -0.4222612349450772, 0.0, 0.05125328147965179, -0.3710079534654257, -1.339096905745412, 0.0, 1.1073719533118858, -0.23172495243352648, 1.3461463908123814, 0.0, 0.7814421280516396, 2.1275885188640227, 0.5
0.6628949372380291, 0.0, 0.15825450901803606, 1.285993053168195, -0.423603015411756, 0.0, 0.052362872615234854, -0.3712401427965214, -1.339096905745412, 0.0, 1.1073719533118858, -0.23172495243352648, 1.3376231323767145, 0.0, 0.7764943502650927, 2.114117482641809, 0.5
0.6670921218119633, 0.0, 0.1592565130260521, 1.2881067734365532, -0.42494479587843476, 0.0, 0.05347246375081789, -0.3714723321276171, -1.339096905745412, 0.0, 1.1073719533118858, -0.23172495243352648, 1.3292071265607566, 0.0, 0.7716088329547888, 2.100815959515547, 0.5
0.6712893063858976, 0.0, 0.16025851703406813, 1.2902243055949438, -0.4262865763451135, 0.0, 0.05458205488640096, -0.37170452145871286, -1.339096905745412, 0.0, 1.1073719533118858, -0.23172495243352648, 1.320896361598329, 0.0, 0.7667844082842615, 2.087680769882592, 0.5
0.6754864909598318, 0.0, 0.16126052104208416, 1.2923456496433667, -0.4276283568117923, 0.0, 0.055691646021983995, -0.37193671078980856, -1.339096905745412, 0.0, 1.1073719533118858, -0.23172495243352648, 1.312688875724276, 0.0, 0.7620199374427931, 2.074708813167071, 0.5
0.6796836755337661, 0.0, 0.1622625250501002, 1.2944708055818213, -0.42897013727847105, 0.0, 0.05680123715756706, -0.37216890012090426, -1.339096905745412, 0.0, 1.1073719533118858, -0.23172495243352648, 1.3045827556306335, 0.0, 0.7573143097492141, 2.061897065379849, 0.5
0.6838808601077003, 0.0, 0.16326452905811623, 1.296599773410308, -0.4303119177451498, 0.0, 0.0579108282931501, -0.372401089452, -1.339096905745412, 0.0, 1.1073719533118858, -0.23172495243352648, 1.296576134979646, 0.0, 0.7526664417887063, 2.049242576768354, 0.5
0.6880780446816346, 0.0, 0.16426653306613226, 1.2987325531288267, -0.4316536982118286, 0.0, 0.059020419428733165, -0.3726332787830957, -1.339096905745412, 0.0, 1.1073719533118858, -0.23172495243352648, 1.288667192971206, 0.0, 0.7480752765811968, 2.0367424695524043, 0.5
0.6922752292555688, 0.0, 0.1652685370741483, 1.300869144737378, -0.4329954786785074, 0.0, 0.0601300105643162, -0.3728654681141914, -1.339096905745412, 0.0, 1.1073719533118858, -0.23172495243352648, 1.2808541529624076, 0.0, 0.7435397827800035, 2.0243939357424123, 0.5
0.6964724138295031, 0.0, 0.16627054108216432, 1.3030095482359607, -0.43433725914518617, 0.0, 0.06123960169989927, -0.3730976574452871, -1.339096905745412, 0.0, 1.1073719533118858, -0.23172495243352648, 1.2731352811370125, 0.0, 0.7390589538994579, 2.0121942350364717, 0.5
0.7006695984034373, 0.0, 0.16727254509018036, 1.3051537636245758, -0.43567903961186494, 0.0, 0.062349192835482306, -0.37332984677638287, -1.339096905745412, 0.0, 1.1073719533118858, -0.23172495243352648, 1.265508885222739, 0.0, 0.734631807570285, 2.000140692793025, 0.5
0.7048667829773717, 0.0, 0.1682745490981964, 1.3073017909032227, -0.4370208200785437, 0.0, 0.0634587839710654, -0.37356203610747857, -1.339096905745412, 0.0, 1.1073719533118858, -0.23172495243352648, 1.2579733132543767, 0.0, 0.7302573848215902, 1.9882306980759685, 0.5
0.709063967551306, 0.0, 0.16927655310621242, 1.309453630071902, -0.43836260054522247, 0.0, 0.06456837510664844, -0.3737942254385743, -1.339096905745412, 0.0, 1.1073719533118858, -0.23172495243352648, 1.250526952380835, 0.0, 0.7259347493883449, 1.9764617017691817, 0.5
0.7132611521252402, 0.0, 0.17027855711422846, 1.3116092811306133, -0.43970438101190124, 0.0, 0.06567796624223148, -0.37402641476967, -1.339096905745412, 0.0, 1.1073719533118858, -0.23172495243352648, 1.2431682277143048, 0.0, 0.721662987043323, 1.9648312147576295, 0.5
0.7174583366991745, 0.0, 0.1712805611222445, 1.3137687440793564, -0.44104616147858, 0.0, 0.06678755737781454, -0.3742586041007657, -1.339096905745412, 0.0, 1.1073719533118858, -0.23172495243352648, 1.2358956012198195, 0.0, 0.717441204952487, 1.953336806172308, 0.5
0.7216555212731087, 0.0, 0.17228256513026052, 1.3159320189181314, -0.44238794194525877, 0.0, 0.06789714851339758, -0.3744907934318614, -1.339096905745412, 0.0, 1.1073719533118858, -0.23172495243352648, 1.2287075706435664, 0.0, 0.7132685310528691, 1.9419761016964372, 0.5
0.725852705847043, 0.0, 0.17328456913827656, 1.3180991056469389, -0.44372972241193753, 0.0, 0.06900673964898064, -0.3747229827629572, -1.339096905745412, 0.0, 1.1073719533118858, -0.23172495243352648, 1.221602668478377, 0.0, 0.7091441134520362, 1.9307467819304145, 0.5
0.7300498904209772, 0.0, 0.1742865731462926, 1.3202700042657785, -0.4450715028786163, 0.0, 0.07011633078456368, -0.3749551720940529, -1.339096905745412, 0.0, 1.1073719533118858, -0.23172495243352648, 1.214579460964904, 0.0, 0.7050671198482691, 1.9196465808131749, 0.5
0.7342470749949115, 0.0, 0.17528857715430862, 1.3224447147746499, -0.44641328334529506, 0.0, 0.07122592192014675, -0.37518736142514864, -1.339096905745412, 0.0, 1.1073719533118858, -0.23172495243352648, 1.2076365471270591, 0.0, 0.7010367369706308, 1.9086732840976917, 0.5
0.7384442595688457, 0.0, 0.17629058116232466, 1.3246232371735536, -0.44775506381197383, 0.0, 0.07233551305572979, -0.37541955075624434, -1.339096905745412, 0.0, 1.1073719533118858, -0.23172495243352648, 1.2007725578403388, 0.0, 0.6970521700381284, 1.8978247278784688, 0.5
0.74264144414278, 0.0, 0.1772925851703407, 1.326805571462489, -0.4490968442786526, 0.0, 0.07344510419131285, -0.37565174008734004, -1.339096905745412, 0.0, 1.1073719533118858, -0.23172495243352648, 1.1939861549317474, 0.0, 0.6931126422372144, 1.8870987971689634, 0.5
0.7468386287167142, 0.0, 0.17829458917835672, 1.3289917176414567, -0.45043862474533136, 0.0, 0.07455469532689589, -0.37588392941843574, -1.339096905745412, 0.0, 1.1073719533118858, -0.23172495243352648, 1.1872760303100716, 0.0, 0.6892173942169083, 1.8764934245269815, 0.5
0.7510358132906486, 0.0, 0.17929659318637275, 1.3311816757104566, -0.4517804052120102, 0.0, 0.07566428646247898, -0.3761161187495315, -1.339096905745412, 0.0, 1.1073719533118858, -0.23172495243352648, 1.1806409051253144, 0.0, 0.6853656836008462, 1.866006588726162, 0.5
0.7552329978645829, 0.0, 0.1802985971943888, 1.3333754456694882, -0.45312218567868895, 0.0, 0.07677387759806202, -0.3763483080806272, -1.339096905745412, 0.0, 1.1073719533118858, -0.23172495243352648, 1.1740795289561599, 0.0, 0.681556784515601, 1.8556363134717624, 0.5
0.7594301824385171, 0.0, 0.18130060120240482, 1.335573027518552, -0.4544639661453677, 0.0, 0.07788346873364506, -0.37658049741172295, -1.339096905745412, 0.0, 1.1073719533118858, -0.23172495243352648, 1.1675906790243813, 0.0, 0.677789987134644, 1.8453806661590266, 0.5
0.7636273670124514, 0.0, 0.18230260521042085, 1.337774421257648, -0.4558057466120465, 0.0, 0.07899305986922812, -0.37681268674281865, -1.339096905745412, 0.0, 1.1073719533118858, -0.23172495243352648, 1.1611731594351566, 0.0, 0.6740645972373458, 1.8352377566725038, 0.5
0.7678245515863856, 0.0, 0.1833046092184369, 1.339979626886776, -0.4571475270787253, 0.0, 0.08010265100481116, -0.37704487607391435, -1.339096905745412, 0.0, 1.1073719533118858, -0.23172495243352648, 1.1548258004423004, 0.0, 0.6703799357824411, 1.8252057362247427, 0.5
0.7720217361603198, 0.0, 0.1843066132264529, 1.3421886444059359, -0.45848930754540396, 0.0, 0.0812122421403942, -0.37727706540501005, -1.339096905745412, 0.0, 1.1073719533118858, -0.23172495243352648, 1.1485474577374633, 0.0, 0.6667353384954073, 1.8152827962328724, 0.5
0.776218920734254, 0.0, 0.18530861723446893, 1.3444014738151278, -0.4598310880120827, 0.0, 0.08232183327597724, -0.3775092547361058, -1.339096905745412, 0.0, 1.1073719533118858, -0.23172495243352648, 1.1423370117623934, 0.0, 0.6631301554692288, 1.8054671672316238, 0.5
0.7804161053081883, 0.0, 0.18631062124248496, 1.3466181151143521, -0.46117286847876154, 0.0, 0.0834314244115603, -0.3777414440672015, -1.339096905745412, 0.0, 1.1073719533118858, -0.23172495243352648, 1.1361933670433884, 0.0, 0.6595637507780455, 1.7957571178214353, 0.5
0.7846132898821225, 0.0, 0.187312625250501, 1.3488385683036084, -0.4625146489454403, 0.0, 0.08454101554714334, -0.3779736333982972, -1.339096905745412, 0.0, 1.1073719533118858, -0.23172495243352648, 1.1301154515471095, 0.0, 0.6560355021032013, 1.7861509536503122, 0.5
0.7888104744560568, 0.0, 0.18831462925851702, 1.3510628333828965, -0.4638564294121191, 0.0, 0.08565060668272641, -0.37820582272939296, -1.339096905745412, 0.0, 1.1073719533118858, -0.23172495243352648, 1.1241022160569631, 0.0, 0.6525448003712301, 1.7766470164281947, 0.5
0.793007659029991, 0.0, 0.18931663326653306, 1.353290910352217, -0.46519820987879784, 0.0, 0.08676019781830945, -0.37843801206048866, -1.339096905745412, 0.0, 1.1073719533118858, -0.23172495243352648, 1.1181526335692848, 0.0, 0.6490910494033398, 1.7672436829726261, 0.5
0.7972048436039253, 0.0, 0.1903186372745491, 1.3555227992115693, -0.4665399903454766, 0.0, 0.08786978895389248, -0.37867020139158436, -1.339096905745412, 0.0, 1.1073719533118858, -0.23172495243352648, 1.1122656987085973, 0.0, 0.6456736655759681, 1.7579393642845667, 0.5
0.8014020281778597, 0.0, 0.19132064128256512, 1.3577584999609538, -0.46788177081215543, 0.0, 0.08897938008947558, -0.3789023907226801, -1.339096905745412, 0.0, 1.1073719533118858, -0.23172495243352648, 1.1064404271612436, 0.0, 0.6422920774920038, 1.7487325046532487, 0.5
0.8055992127517939, 0.0, 0.19232264529058116, 1.3599980126003701, -0.4692235512788342, 0.0, 0.09008897122505861, -0.3791345800537758, -1.339096905745412, 0.0, 1.1073719533118858, -0.23172495243352648, 1.100675855126726, 0.0, 0.638945725662288, 1.7396215807890154, 0.5
0.8097963973257282, 0.0, 0.1933246492985972, 1.3622413371298188, -0.47056533174551296, 0.0, 0.09119856236064168, -0.3793667693848715, -1.339096905745412, 0.0, 1.1073719533118858, -0.23172495243352648, 1.094971038786105, 0.0, 0.6356340621970178, 1.730605100983124, 0.5
0.8139935818996624, 0.0, 0.19432665330661322, 1.3644884735492993, -0.4719071122121917, 0.0, 0.09230815349622472, -0.37959895871596727, -1.339096905745412, 0.0, 1.1073719533118858, -0.23172495243352648, 1.089325053786847, 0.0, 0.6323565505066993, 1.7216816042935477, 0.5
0.8181907664735967, 0.0, 0.19532865731462926, 1.366739421858812, -0.4732488926788705, 0.0, 0.09341774463180778, -0.37983114804706297, -1.339096905745412, 0.0, 1.1073719533118858, -0.23172495243352648, 1.0837369947435262, 0.0, 0.6291126650123025, 1.7128496597558303, 0.5
0.8223879510475309, 0.0, 0.1963306613226453, 1.3689941820583569, -0.47459067314554926, 0.0, 0.09452733576739082, -0.38006333737815867, -1.339096905745412, 0.0, 1.1073719533118858, -0.23172495243352648, 1.0782059747538177, 0.0, 0.625901890864295, 1.7041078656181141, 0.5
0.8265851356214652, 0.0, 0.19733266533066132, 1.3712527541479336, -0.475932453612228, 0.0, 0.09563692690297389, -0.3802955267092544, -1.339096905745412, 0.0, 1.1073719533118858, -0.23172495243352648, 1.0727311249292342, 0.0, 0.6227237236702323, 1.6954548485994678, 0.5
0.8307823201953994, 0.0, 0.19833466933867736, 1.3735151381275426, -0.4772742340789068, 0.0, 0.09674651803855693, -0.38052771604035013, -1.339096905745412, 0.0, 1.1073719533118858, -0.23172495243352648, 1.06731159394009, 0.0, 0.6195776692306086, 1.6868892631707, 0.5
0.8349795047693337, 0.0, 0.1993366733466934, 1.3757813339971834, -0.47861601454558556, 0.0, 0.09785610917413999, -0.38075990537144583, -1.339096905745412, 0.0, 1.1073719533118858, -0.23172495243352648, 1.0619465475741867, 0.0, 0.6164632432826721, 1.67840979085686, 0.5
0.839176689343268, 0.0, 0.20033867735470942, 1.3780513417568565, -0.4799577950122643, 0.0, 0.09896570030972303, -0.3809920947025416, -1.339096905745412, 0.0, 1.1073719533118858, -0.23172495243352648, 1.0566351683087434, 0.0, 0.6133799712519293, 1.6700151395606742, 0.5
0.8433738739172022, 0.0, 0.20134068136272545, 1.3803251614065613, -0.4812995754789431, 0.0, 0.1000752914453061, -0.3812242840336373, -1.339096905745412, 0.0, 1.1073719533118858, -0.23172495243352648, 1.0513766548951096, 0.0, 0.6103273880110692, 1.6617040429061802, 0.5
0.8475710584911366, 0.0, 0.2023426853707415, 1.3826027929462985, -0.4826413559456219, 0.0, 0.10118488258088916, -0.381456473364733, -1.339096905745412, 0.0, 1.1073719533118858, -0.23172495243352648, 1.0461702219558155, 0.0, 0.6073050376460508, 1.6534752596018678, 0.5
0.8517682430650708, 0.0, 0.20334468937875752, 1.3848842363760676, -0.4839831364123007, 0.0, 0.1022944737164722, -0.3816886626958287, -1.339096905745412, 0.0, 1.1073719533118858, -0.23172495243352648, 1.0410150995935383, 0.0, 0.6043124732291055, 1.6453275728226453, 0.5
0.8559654276390051, 0.0, 0.20434669338677355, 1.387169491695869, -0.48532491687897944, 0.0, 0.10340406485205526, -0.38192085202692444, -1.339096905745412, 0.0, 1.1073719533118858, -0.23172495243352648, 1.0359105330115697, 0.0, 0.6013492565984182, 1.6372597896099892, 0.5
0.8601626122129393, 0.0, 0.2053486973947896, 1.3894585589057022, -0.4866666973456582, 0.0, 0.1045136559876383, -0.38215304135802014, -1.339096905745412, 0.0, 1.1073719533118858, -0.23172495243352648, 1.0308557821453979, 0.0, 0.5984149581442594, 1.6292707402896585, 0.5
0.8643597967868736, 0.0, 0.20635070140280562, 1.3917514380055676, -0.48800847781233697, 0.0, 0.10562324712322137, -0.3823852306891159, -1.339096905745412, 0.0, 1.1073719533118858, -0.23172495243352648, 1.0258501213050215, 0.0, 0.5955091566013471, 1.6213592779063697, 0.5
0.8685569813608078, 0.0, 0.20735270541082165, 1.3940481289954647, -0.48935025827901574, 0.0, 0.1067328382588044, -0.3826174200202116, -1.339096905745412, 0.0, 1.1073719533118858, -0.23172495243352648, 1.0208928388276368, 0.0, 0.5926314388472306, 1.6135242776748686, 0.5
0.8727541659347421, 0.0, 0.20835470941883769, 1.3963486318753944, -0.4906920387456945, 0.0, 0.10784242939438747, -0.3828496093513073, -1.339096905745412, 0.0, 1.1073719533118858, -0.23172495243352648, 1.0159832367403434, 0.0, 0.5897813997064905, 1.605764636446835, 0.5
0.8769513505086763, 0.0, 0.20935671342685372, 1.3986529466453559, -0.49203381921237327, 0.0, 0.10895202052997051, -0.383081798682403, -1.339096905745412, 0.0, 1.1073719533118858, -0.23172495243352648, 1.0111206304325375, 0.0, 0.5869586417605616, 1.5980792721931003, 0.5
0.8811485350826106, 0.0, 0.21035871743486975, 1.4009610733053495, -0.49337559967905203, 0.0, 0.11006161166555357, -0.38331398801349875, -1.339096905745412, 0.0, 1.1073719533118858, -0.23172495243352648, 1.0063043483376688, 0.0, 0.584162775162992, 1.590467123500662, 0.5
0.8853457196565448, 0.0, 0.21136072144288579, 1.4032730118553751, -0.4947173801457308, 0.0, 0.11117120280113661, -0.38354617734459445, -1.339096905745412, 0.0, 1.1073719533118858, -0.23172495243352648, 1.0015337316240485, 0.0, 0.5813934174599561, 1.5829271490840058, 0.5
0.889542904230479, 0.0, 0.2123627254509018, 1.4055887622954328, -0.4960591606124095, 0.0, 0.11228079393671962, -0.38377836667569015, -1.339096905745412, 0.0, 1.1073719533118858, -0.23172495243352648, 0.9968081338944104, 0.0, 0.5786501934158491, 1.5754583273102607, 0.5
0.8937400888044132, 0.0, 0.21336472945891782, 1.4079083246255226, -0.49740094107908833, 0.0, 0.11339038507230269, -0.3840105560067859, -1.339096905745412, 0.0, 1.1073719533118858, -0.23172495243352648, 0.9921269208939388, 0.0, 0.575932734843796, 1.568059655737736, 0.5
0.8979372733783476, 0.0, 0.21436673346693386, 1.4102316988456443, -0.4987427215457671, 0.0, 0.11449997620788575, -0.3842427453378816, -1.339096905745412, 0.0, 1.1073719533118858, -0.23172495243352648, 0.9874894702264839, 0.0, 0.5732406804409138, 1.560730150667399, 0.5
0.9021344579522819, 0.0, 0.2153687374749499, 1.4125588849557982, -0.5000845020124458, 0.0, 0.11560956734346882, -0.3844749346689773, -1.339096905745412, 0.0, 1.1073719533118858, -0.23172495243352648, 0.9828951710786993, 0.0, 0.5705736756281728, 1.5534688467068738, 0.5
0.9063316425262161, 0.0, 0.21637074148296592, 1.4148898829559842, -0.5014262824791247, 0.0, 0.11671915847905186, -0.38470712400007306, -1.339096905745412, 0.0, 1.1073719533118858, -0.23172495243352648, 0.9783434239518454, 0.0, 0.5679313723947069, 1.5462747963465533, 0.5
0.9105288271001504, 0.0, 0.21737274549098196, 1.4172246928462022, -0.5027680629458033, 0.0, 0.11782874961463492, -0.38493931333116876, -1.339096905745412, 0.0, 1.1073719533118858, -0.23172495243352648, 0.9738336404010061, 0.0, 0.5653134291464299, 1.5391470695474376, 0.5
0.9147260116740846, 0.0, 0.218374749498998, 1.4195633146264524, -0.5041098434124822, 0.0, 0.11893834075021796, -0.38517150266226446, -1.339096905745412, 0.0, 1.1073719533118858, -0.23172495243352648, 0.9693652427814956, 0.0, 0.5627195105588205, 1.532084753340317, 0.5
0.9189231962480189, 0.0, 0.21937675350701402, 1.4219057482967343, -0.5054516238791609, 0.0, 0.12004793188580103, -0.3854036919933602, -1.339096905745412, 0.0, 1.1073719533118858, -0.23172495243352648, 0.9649376640021992, 0.0, 0.5601492874337403, 1.5250869514359409, 0.5
0.9231203808219531, 0.0, 0.22037875751503005, 1.4242519938570484, -0.5067934043458397, 0.0, 0.12115752302138406, -0.3856358813244559, -1.339096905745412, 0.0, 1.1073719533118858, -0.23172495243352648, 0.9605503472856605, 0.0, 0.557602436560159, 1.5181527838458204, 0.5
0.9273175653958874, 0.0, 0.2213807615230461, 1.4266020513073947, -0.5081351848125184, 0.0, 0.12226711415696713, -0.3858680706555516, -1.339096905745412, 0.0, 1.1073719533118858, -0.23172495243352648, 0.9562027459346671, 0.0, 0.5550786405786611, 1.5112813865133297, 0.5
0.9315147499698216, 0.0, 0.22238276553106212, 1.428955920647773, -0.5094769652791973, 0.0, 0.12337670529255017, -0.3861002599866473, -1.339096905745412, 0.0, 1.1073719533118858, -0.23172495243352648, 0.9518943231051624, 0.0, 0.5525775878496166, 1.5044719109547804, 0.5
0.9357119345437559, 0.0, 0.22338476953907815, 1.4313136018781834, -0.510818745745876, 0.0, 0.12448629642813323, -0.3863324493177431, -1.339096905745412, 0.0, 1.1073719533118858, -0.23172495243352648, 0.9476245515852548, 0.0, 0.5500989723248985, 1.4977235239101545, 0.5
0.9399091191176902, 0.0, 0.2243867735470942, 1.4336750949986259, -0.5121605262125548, 0.0, 0.12559588756371626, -0.3865646386488388, -1.339096905745412, 0.0, 1.1073719533118858, -0.23172495243352648, 0.9433929135801585, 0.0, 0.5476424934230378, 1.4910354070031975, 0.5
0.9441063036916244, 0.0, 0.22538877755511022, 1.4360404000091003, -0.5135023066792336, 0.0, 0.12670547869929932, -0.3867968279799345, -1.339096905745412, 0.0, 1.1073719533118858, -0.23172495243352648, 0.9391989005028654, 0.0, 0.5452078559077088, 1.4844067564105754, 0.5
0.9483034882655588, 0.0, 0.22639078156312625, 1.438409516909607, -0.5148440871459123, 0.0, 0.1278150698348824, -0.38702901731103023, -1.339096905745412, 0.0, 1.1073719533118858, -0.23172495243352648, 0.9350420127703774, 0.0, 0.5427947697694421, 1.4778367825398206, 0.5
0.952500672839493, 0.0, 0.2273927855711423, 1.4407824457001457, -0.5161858676125911, 0.0, 0.12892466097046545, -0.38726120664212593, -1.339096905745412, 0.0, 1.1073719533118858, -0.23172495243352648, 0.9309217596053262, 0.0, 0.5404029501104628, 1.4713247097157902, 0.5
0.9566978574134273, 0.0, 0.22839478957915832, 1.4431591863807163, -0.5175276480792699, 0.0, 0.13003425210604852, -0.38749339597322163, -1.339096905745412, 0.0, 1.1073719533118858, -0.23172495243352648, 0.9268376588428149, 0.0, 0.5380321170325624, 1.4648697758753786, 0.5
0.9608950419873615, 0.0, 0.22939679358717435, 1.4455397389513187, -0.5188694285459486, 0.0, 0.13114384324163159, -0.3877255853043174, -1.339096905745412, 0.0, 1.1073719533118858, -0.23172495243352648, 0.922789236742321, 0.0, 0.535681995527908, 1.4584712322702302, 0.5
0.9650922265612958, 0.0, 0.23039879759519039, 1.4479241034119537, -0.5202112090126274, 0.0, 0.1322534343772146, -0.3879577746354131, -1.339096905745412, 0.0, 1.1073719533118858, -0.23172495243352648, 0.9187760278045105, 0.0, 0.5333523153727013, 1.4521283431772132, 0.5
0.96928941113523, 0.0, 0.23140080160320642, 1.4503122797626207, -0.5215529894793063, 0.0, 0.13336302551279766, -0.3881899639665088, -1.339096905745412, 0.0, 1.1073719533118858, -0.23172495243352648, 0.9147975745928066, 0.0, 0.5310428110236003, 1.445840385616408, 0.5
0.9734865957091643, 0.0, 0.23240280561122245, 1.4527042680033193, -0.5228947699459849, 0.0, 0.13447261664838073, -0.38842215329760454, -1.339096905745412, 0.0, 1.1073719533118858, -0.23172495243352648, 0.9108534275595782, 0.0, 0.52875322151682, 1.4396066490763997, 0.5
0.9776837802830985, 0.0, 0.23340480961923848, 1.4551000681340505, -0.5242365504126638, 0.0, 0.1355822077839638, -0.38865434262870024, -1.339096905745412, 0.0, 1.1073719533118858, -0.23172495243352648, 0.9069431448768065, 0.0, 0.5264832903698332, 1.4334264352466406, 0.5
0.9818809648570328, 0.0, 0.23440681362725452, 1.4574996801548132, -0.5255783308793425, 0.0, 0.1366917989195468, -0.38888653195979594, -1.339096905745412, 0.0, 1.1073719533118858, -0.23172495243352648, 0.9030662922710866, 0.0, 0.5242327654855911, 1.427299057756679, 0.5
0.986078149430967, 0.0, 0.23540881763527055, 1.4599031040656085, -0.5269201113460213, 0.0, 0.13780139005512987, -0.3891187212908917, -1.339096905745412, 0.0, 1.1073719533118858, -0.23172495243352648, 0.8992224428628557, 0.0, 0.522001399059191, 1.4212238419220475, 0.5
0.9902753340049013, 0.0, 0.23641082164328658, 1.4623103398664359, -0.5282618918127, 0.0, 0.13891098119071293, -0.3893509106219874, -1.339096905745412, 0.0, 1.1073719533118858, -0.23172495243352648, 0.8954111770096952, 0.0, 0.519788947486917, 1.4152001244966135, 0.5
0.9944725185788357, 0.0, 0.23741282565130262, 1.4647213875572949, -0.5296036722793789, 0.0, 0.140020572326296, -0.3895830999530831, -1.339096905745412, 0.0, 1.1073719533118858, -0.23172495243352648, 0.8916320821536164, 0.0, 0.517595171277584, 1.4092272534312014, 0.5
0.9986697031527699, 0.0, 0.23841482965931865, 1.467136247138186, -0.5309454527460575, 0.0, 0.14113016346187907, -0.38981528928417886, -1.339096905745412, 0.0, 1.1073719533118858, -0.23172495243352648, 0.8878847526721813, 0.0, 0.5154198349661181, 1.4033045876383008, 0.5
1.002866887726704, 0.0, 0.23941683366733466, 1.4695549186091095, -0.5322872332127363, 0.0, 0.14223975459746202, -0.39004747861527456, -1.339096905745412, 0.0, 1.1073719533118858, -0.23172495243352648, 0.8841687897333766, 0.0, 0.5132627070293055, 1.3974314967626833, 0.5
1.0070640723006383, 0.0, 0.2404188376753507, 1.4719774019700649, -0.5336290136794151, 0.0, 0.14334934573304514, -0.39027966794637026, -1.339096905745412, 0.0, 1.1073719533118858, -0.23172495243352648, 0.8804838011541044, 0.0, 0.5111235598036502, 1.391607360957756, 0.5
1.0112612568745725, 0.0, 0.24142084168336672, 1.4744036972210521, -0.5349707941460938, 0.0, 0.14445893686862815, -0.39051185727746596, -1.339096905745412, 0.0, 1.1073719533118858, -0.23172495243352648, 0.8768294012622068, 0.0, 0.5090021694052753, 1.3858315706674833, 0.5
1.0154584414485068, 0.0, 0.24242284569138275, 1.4768338043620717, -0.5363125746127726, 0.0, 0.14556852800421122, -0.3907440466085617, -1.339096905745412, 0.0, 1.1073719533118858, -0.23172495243352648, 0.8732052107619038, 0.0, 0.5068983156518125, 1.3801035264137176, 0.5
1.0196556260224412, 0.0, 0.2434248496993988, 1.4792677233931233, -0.5376543550794515, 0.0, 0.14667811913979428, -0.3909762359396574, -1.339096905745412, 0.0, 1.1073719533118858, -0.23172495243352648, 0.8696108566025632, 0.0, 0.5048117819862195, 1.3744226385887839, 0.5
1.0238528105963753, 0.0, 0.24442685370741482, 1.481705454314207, -0.5389961355461301, 0.0, 0.14778771027537735, -0.39120842527075317, -1.339096905745412, 0.0, 1.1073719533118858, -0.23172495243352648, 0.8660459718506895, 0.0, 0.502742355402472, 1.368788327253163, 0.5
1.0280499951703097, 0.0, 0.24542885771543085, 1.4841469971253225, -0.540337916012809, 0.0, 0.14889730141096041, -0.39144061460184887, -1.339096905745412, 0.0, 1.1073719533118858, -0.23172495243352648, 0.8625101955650553, 0.0, 0.5006898263730748, 1.3632000219381313, 0.5
1.0322471797442438, 0.0, 0.2464308617234469, 1.4865923518264703, -0.5416796964794877, 0.0, 0.15000689254654342, -0.39167280393294457, -1.339096905745412, 0.0, 1.1073719533118858, -0.23172495243352648, 0.8590031726748752, 0.0, 0.4986539887783434, 1.35765716145322, 0.5
1.0364443643181782, 0.0, 0.24743286573146292, 1.48904151841765, -0.5430214769461665, 0.0, 0.1511164836821265, -0.39190499326404027, -1.339096905745412, 0.0, 1.1073719533118858, -0.23172495243352648, 0.855524553860943, 0.0, 0.4966346398374013, 1.3521591936983455, 0.5
1.0406415488921124, 0.0, 0.24843486973947895, 1.491494496898862, -0.5443632574128452, 0.0, 0.1522260748177095, -0.392137182595136, -1.339096905745412, 0.0, 1.1073719533118858, -0.23172495243352648, 0.85207399543964, 0.0, 0.4946315800408497, 1.346705575480491, 0.5
1.0448387334660467, 0.0, 0.24943687374749499, 1.493951287270106, -0.5457050378795241, 0.0, 0.15333566595329262, -0.3923693719262317, -1.339096905745412, 0.0, 1.1073719533118858, -0.23172495243352648, 0.8486511592497471, 0.0, 0.4926446130850582, 1.3412957723348065, 0.5
1.0490359180399809, 0.0, 0.250438877755511, 1.4964118895313818, -0.5470468183462027, 0.0, 0.15444525708887563, -0.3926015612573274, -1.339096905745412, 0.0, 1.1073719533118858, -0.23172495243352648, 0.8452557125419644, 0.0, 0.4906735458080333, 1.335929258349999, 0.5
1.053233102613915, 0.0, 0.251440881763527, 1.4988763036826898, -0.5483885988128816, 0.0, 0.15555484822445864, -0.3928337505884232, -1.339096905745412, 0.0, 1.1073719533118858, -0.23172495243352648, 0.8418873278710822, 0.0, 0.4887181881268211, 1.3306055159979042, 0.5
1.0574302871878494, 0.0, 0.25244288577154306, 1.50134452972403, -0.5497303792795603, 0.0, 0.1566644393600417, -0.3930659399195189, -1.339096905745412, 0.0, 1.1073719533118858, -0.23172495243352648, 0.83854568299071, 0.0, 0.4867783529763998, 1.3253240359671112, 0.5
1.0616274717617835, 0.0, 0.2534448897795591, 1.5038165676554023, -0.5510721597462391, 0.0, 0.15777403049562477, -0.3932981292506146, -1.339096905745412, 0.0, 1.1073719533118858, -0.23172495243352648, 0.8352304607505144, 0.0, 0.48485385625002264, 1.3200843170005379, 0.5
1.0658246563357179, 0.0, 0.2544468937875751, 1.5062924174768064, -0.5524139402129178, 0.0, 0.15888362163120784, -0.39353031858171034, -1.339096905745412, 0.0, 1.1073719533118858, -0.23172495243352648, 0.831941348995871, 0.0, 0.48294451674096917, 1.3148858657368414, 0.5
1.0700218409096522, 0.0, 0.25544889779559116, 1.5087720791882426, -0.5537557206795967, 0.0, 0.1599932127667909, -0.39376250791280604, -1.339096905745412, 0.0, 1.1073719533118858, -0.23172495243352648, 0.8286780404698928, 0.0, 0.4810501560856687, 1.3097281965555625, 0.5
1.0742190254835864, 0.0, 0.2564509018036072, 1.511255552789711, -0.5550975011462754, 0.0, 0.16110280390237391, -0.39399469724390174, -1.339096905745412, 0.0, 1.1073719533118858, -0.23172495243352648, 0.8254402327177425, 0.0, 0.47917059870815676, 1.3046108314259002, 0.5
1.0784162100575208, 0.0, 0.2574529058116232, 1.5137428382812115, -0.5564392816129542, 0.0, 0.16221239503795704, -0.3942268865749975, -1.339096905745412, 0.0, 1.1073719533118858, -0.23172495243352648, 0.8222276279931872, 0.0, 0.4773056717658276, 1.2995332997590159, 0.5
1.082613394631455, 0.0, 0.25845490981963926, 1.516233935662744, -0.557781062079633, 0.0, 0.16332198617354005, -0.3944590759060932, -1.339096905745412, 0.0, 1.1073719533118858, -0.23172495243352648, 0.8190399331673253, 0.0, 0.4754552050964504, 1.2944951382637766, 0.5
1.0868105792053893, 0.0, 0.2594569138276553, 1.5187288449343084, -0.5591228425463117, 0.0, 0.1644315773091231, -0.3946912652371889, -1.339096905745412, 0.0, 1.1073719533118858, -0.23172495243352648, 0.8158768596394254, 0.0, 0.4736190311664113, 1.2894958908058378, 0.5
1.0910077637793234, 0.0, 0.2604589178356713, 1.521227566095905, -0.5604646230129905, 0.0, 0.16554116844470612, -0.3949234545682846, -1.339096905745412, 0.0, 1.1073719533118858, -0.23172495243352648, 0.8127381232498271, 0.0, 0.4717969850201518, 1.2845351082699799, 0.5
1.0952049483532578, 0.0, 0.26146092184368736, 1.5237300991475335, -0.5618064034796693, 0.0, 0.1666507595802892, -0.39515564389938035, -1.339096905745412, 0.0, 1.1073719533118858, -0.23172495243352648, 0.8096234441948414, 0.0, 0.4699889042307683, 1.2796123484256108, 0.5
1.099402132927192, 0.0, 0.2624629258517034, 1.5262364440891942, -0.563148183946348, 0.0, 0.16776035071587225, -0.39538783323047605, -1.339096905745412, 0.0, 1.1073719533118858, -0.23172495243352648, 0.8065325469436033, 0.0, 0.4681946288517444, 1.2747271757953489, 0.5
1.1035993175011263, 0.0, 0.2634649298597194, 1.528746600920887, -0.5644899644130268, 0.0, 0.16886994185145532, -0.3956200225615718, -1.339096905745412, 0.0, 1.1073719533118858, -0.23172495243352648, 0.8034651601568185, 0.0, 0.46641400136978384, 1.2698791615266034, 0.5
1.1077965020750604, 0.0, 0.26446693386773545, 1.5312605696426118, -0.5658317448797056, 0.0, 0.16997953298703833, -0.3958522118926675, -1.339096905745412, 0.0, 1.1073719533118858, -0.23172495243352648, 0.8004210166073606, 0.0, 0.4646468666587162, 1.265067883266078, 0.5
1.1119936866489948, 0.0, 0.2654689378757515, 1.5337783502543687, -0.5671735253463843, 0.0, 0.1710891241226214, -0.3960844012237632, -1.339096905745412, 0.0, 1.1073719533118858, -0.23172495243352648, 0.7973998531026636, 0.0, 0.46289307193444584, 1.2602929250371107, 0.5
1.1161908712229291, 0.0, 0.2664709418837675, 1.5362999427561577, -0.5685153058130632, 0.0, 0.17219871525820452, -0.39631659055485896, -1.339096905745412, 0.0, 1.1073719533118858, -0.23172495243352648, 0.7944014104088681, 0.0, 0.46115246671091836, 1.2555538771197874, 0.5
1.1203880557968633, 0.0, 0.26747294589178355, 1.5388253471479787, -0.5698570862797419, 0.0, 0.17330830639378753, -0.39654877988595466, -1.339096905745412, 0.0, 1.1073719533118858, -0.23172495243352648, 0.7914254331766682, 0.0, 0.4594249027570755, 1.250850335933745, 0.5
1.1245852403707977, 0.0, 0.2684749498997996, 1.5413545634298318, -0.5711988667464207, 0.0, 0.1744178975293706, -0.39678096921705036, -1.339096905745412, 0.0, 1.1073719533118858, -0.23172495243352648, 0.7884716698688263, 0.0, 0.4577102340547746, 1.2461819039236017, 0.5
1.1287824249447318, 0.0, 0.2694769539078156, 1.5438875916017167, -0.5725406472130994, 0.0, 0.1755274886649536, -0.3970131585481461, -1.339096905745412, 0.0, 1.1073719533118858, -0.23172495243352648, 0.7855398726892945, 0.0, 0.4560083167576475, 1.2415481894469433, 0.5
1.1329796095186662, 0.0, 0.27047895791583165, 1.5464244316636342, -0.5738824276797783, 0.0, 0.17663707980053667, -0.3972453478792418, -1.339096905745412, 0.0, 1.1073719533118858, -0.23172495243352648, 0.7826297975139239, 0.0, 0.4543190091508725, 1.2369488066647971, 0.5
1.1371767940926003, 0.0, 0.2714809619238477, 1.5489650836155833, -0.5752242081464569, 0.0, 0.17774667093611973, -0.3974775372103375, -1.339096905745412, 0.0, 1.1073719533118858, -0.23172495243352648, 0.7797412038226955, 0.0, 0.4526421716118382, 1.232383375434535, 0.5
1.1413739786665347, 0.0, 0.2724829659318637, 1.5515095474575646, -0.5765659886131358, 0.0, 0.1788562620717028, -0.3977097265414332, -1.339096905745412, 0.0, 1.1073719533118858, -0.23172495243352648, 0.776873854633459, 0.0, 0.4509776665716752, 1.227851521205135, 0.5
1.1455711632404688, 0.0, 0.27348496993987975, 1.5540578231895779, -0.5779077690798144, 0.0, 0.1799658532072858, -0.397941915872529, -1.339096905745412, 0.0, 1.1073719533118858, -0.23172495243352648, 0.7740275164371156, 0.0, 0.44932535847763305, 1.22335287491475, 0.5
1.1497683478144032, 0.0, 0.2744869739478958, 1.5566099108116234, -0.5792495495464933, 0.0, 0.18107544434286887, -0.3981741052036247, -1.339096905745412, 0.0, 1.1073719533118858, -0.23172495243352648, 0.771201959134233, 0.0, 0.44768511375628134, 1.2188870728905155, 0.5
1.1539655323883373, 0.0, 0.2754889779559118, 1.559165810323701, -0.580591330013172, 0.0, 0.18218503547845194, -0.3984062945347204, -1.339096905745412, 0.0, 1.1073719533118858, -0.23172495243352648, 0.7683969559730321, 0.0, 0.4460568007775143, 1.2144537567505476, 0.5
1.1581627169622717, 0.0, 0.27649098196392785, 1.5617255217258104, -0.5819331104798509, 0.0, 0.183294626614035, -0.39863848386581613, -1.339096905745412, 0.0, 1.1073719533118858, -0.23172495243352648, 0.7656122834887312, 0.0, 0.444440289819337, 1.2100525733080691, 0.5
1.1623599015362058, 0.0, 0.2774929859719439, 1.5642890450179519, -0.5832748909465295, 0.0, 0.18440421774961802, -0.39887067319691183, -1.339096905745412, 0.0, 1.1073719533118858, -0.23172495243352648, 0.7628477214441987, 0.0, 0.4428354530334162, 1.2056831744776162, 0.5
1.1665570861101402, 0.0, 0.2784949899799599, 1.5668563802001256, -0.5846166714132084, 0.0, 0.18551380888520108, -0.39910286252800753, -1.339096905745412, 0.0, 1.1073719533118858, -0.23172495243352648, 0.7601030527718898, 0.0, 0.4412421644113731, 1.201345217183264, 0.5
1.1707542706840746, 0.0, 0.27949699398797595, 1.5694275272723315, -0.5859584518798872, 0.0, 0.1866234000207842, -0.3993350518591033, -1.339096905745412, 0.0, 1.1073719533118858, -0.23172495243352648, 0.7573780635170307, 0.0, 0.4396602997518022, 1.197038363268834, 0.5
1.1749514552580087, 0.0, 0.280498997995992, 1.5720024862345692, -0.5873002323465659, 0.0, 0.1877329911563672, -0.399567241190199, -1.339096905745412, 0.0, 1.1073719533118858, -0.23172495243352648, 0.7546725427820216, 0.0, 0.438089736627997, 1.1927622794100194, 0.5
1.1791486398319428, 0.0, 0.28150100200400796, 1.5745812570868387, -0.5886420128132446, 0.0, 0.18884258229195022, -0.3997994305212947, -1.339096905745412, 0.0, 1.1073719533118858, -0.23172495243352648, 0.7519862826720255, 0.0, 0.4365303543563641, 1.1885166370283908, 0.5
1.183345824405877, 0.0, 0.282503006012024, 1.5771638398291408, -0.5899837932799235, 0.0, 0.18995217342753323, -0.40003161985239044, -1.339096905745412, 0.0, 1.1073719533118858, -0.23172495243352648, 0.7493190782417185, 0.0, 0.434982033965511, 1.1843011122072302, 0.5
1.1875430089798114, 0.0, 0.28350501002004, 1.579750234461475, -0.5913255737466021, 0.0, 0.1910617645631163, -0.40026380918348614, -1.339096905745412, 0.0, 1.1073719533118858, -0.23172495243352648, 0.7466707274431624, 0.0, 0.4334446581659877, 1.1801153856091513, 0.5
1.1917401935537455, 0.0, 0.28450701402805606, 1.5823404409838409, -0.592667354213281, 0.0, 0.19217135569869936, -0.40049599851458184, -1.339096905745412, 0.0, 1.1073719533118858, -0.23172495243352648, 0.7440410310747897, 0.0, 0.43191811132066943, 1.1759591423954598, 0.5
1.1959373781276799, 0.0, 0.2855090180360721, 1.584934459396239, -0.5940091346799596, 0.0, 0.19328094683428243, -0.40072818784567754, -1.339096905745412, 0.0, 1.1073719533118858, -0.23172495243352648, 0.7414297927314486, 0.0, 0.4304022794157614, 1.171832072147211, 0.5
1.200134562701614, 0.0, 0.2865110220440881, 1.587532289698669, -0.5953509151466385, 0.0, 0.19439053796986544, -0.4009603771767733, -1.339096905745412, 0.0, 1.1073719533118858, -0.23172495243352648, 0.7388368187555121, 0.0, 0.42889705003241346, 1.1677338687879264, 0.5
1.2043317472755484, 0.0, 0.28751302605210416, 1.5901339318911312, -0.5966926956133172, 0.0, 0.1955001291054485, -0.401192566507869, -1.339096905745412, 0.0, 1.1073719533118858, -0.23172495243352648, 0.7362619181889938, 0.0, 0.42740231231892684, 1.163664230507922, 0.5
1.2085289318494825, 0.0, 0.2885150300601202, 1.5927393859736254, -0.598034476079996, 0.0, 0.19660972024103152, -0.4014247558389647, -1.339096905745412, 0.0, 1.1073719533118858, -0.23172495243352648, 0.733704902726676, 0.0, 0.4259179569635416, 1.1596228596902183, 0.5
1.2127261164234169, 0.0, 0.2895170340681362, 1.5953486519461517, -0.5993762565466748, 0.0, 0.19771931137661464, -0.40165694517006045, -1.339096905745412, 0.0, 1.1073719533118858, -0.23172495243352648, 0.7311655866701976, 0.0, 0.4244438761677876, 1.1556094628379863, 0.5
1.2169233009973512, 0.0, 0.29051903807615226, 1.59796172980871, -0.6007180370133536, 0.0, 0.1988289025121977, -0.40188913450115615, -1.339096905745412, 0.0, 1.1073719533118858, -0.23172495243352648, 0.7286437868831045, 0.0, 0.4229799636203886, 1.151623750503494, 0.5
1.2211204855712854, 0.0, 0.2915210420841683, 1.6005786195613005, -0.6020598174800323, 0.0, 0.1999384936477807, -0.40212132383225185, -1.339096905745412, 0.0, 1.1073719533118858, -0.23172495243352648, 0.7261393227468174, 0.0, 0.42152611447170263, 1.1476654372185209, 0.5
1.2253176701452198, 0.0, 0.2925230460921843, 1.6031993212039233, -0.6034015979467111, 0.0, 0.20104808478336378, -0.4023535131633476, -1.339096905745412, 0.0, 1.1073719533118858, -0.23172495243352648, 0.7236520161175097, 0.0, 0.4200822253086896, 1.1437342414262002, 0.5
1.229514854719154, 0.0, 0.29352505010020036, 1.6058238347365776, -0.6047433784133899, 0.0, 0.20215767591894684, -0.4025857024944433, -1.339096905745412, 0.0, 1.1073719533118858, -0.23172495243352648, 0.7211816912838676, 0.0, 0.41864819413039017, 1.1398298854142586, 0.5
1.2337120392930883, 0.0, 0.2945270541082164, 1.608452160159264, -0.6060851588800686, 0.0, 0.2032672670545299, -0.40281789182553907, -1.339096905745412, 0.0, 1.1073719533118858, -0.23172495243352648, 0.7187281749257106, 0.0, 0.41722392032390576, 1.1359520952496174, 0.5
1.2379092238670224, 0.0, 0.2955290581162324, 1.611084297471983, -0.6074269393467474, 0.0, 0.20437685819011292, -0.40305008115663477, -1.339096905745412, 0.0, 1.1073719533118858, -0.23172495243352648, 0.7162912960734581, 0.0, 0.4158093046408677, 1.1321006007143266, 0.5
1.2421064084409568, 0.0, 0.29653106212424846, 1.6137202466747338, -0.6087687198134262, 0.0, 0.20548644932569599, -0.40328227048773047, -1.339096905745412, 0.0, 1.1073719533118858, -0.23172495243352648, 0.7138708860684114, 0.0, 0.41440424917438184, 1.1282751352427942, 0.5
1.246303593014891, 0.0, 0.2975330661322645, 1.6163600077675164, -0.6101105002801049, 0.0, 0.20659604046127905, -0.40351445981882617, -1.339096905745412, 0.0, 1.1073719533118858, -0.23172495243352648, 0.7114667785238453, 0.0, 0.4130086573364414, 1.1244754358602875, 0.5
1.2505007775888253, 0.0, 0.2985350701402805, 1.6190035807503314, -0.6114522807467837, 0.0, 0.20770563159686212, -0.4037466491499219, -1.339096905745412, 0.0, 1.1073719533118858, -0.23172495243352648, 0.7090788092868768, 0.0, 0.4116224338357921, 1.12070124312267, 0.5
1.2546979621627594, 0.0, 0.29953707414829656, 1.6216509656231781, -0.6127940612134625, 0.0, 0.20881522273244513, -0.4039788384810176, -1.339096905745412, 0.0, 1.1073719533118858, -0.23172495243352648, 0.7067068164011051, 0.0, 0.4102454846562439, 1.1169523010573499, 0.5
1.2588951467366938, 0.0, 0.3005390781563126, 1.6243021623860572, -0.6141358416801412, 0.0, 0.2099248138680282, -0.4042110278121133, -1.339096905745412, 0.0, 1.1073719533118858, -0.23172495243352648, 0.7043506400699928, 0.0, 0.4088777170354147, 1.1132283571054087, 0.5
1.263092331310628, 0.0, 0.3015410821643286, 1.6269571710389685, -0.61547762214682, 0.0, 0.2110344050036112, -0.4044432171432091, -1.339096905745412, 0.0, 1.1073719533118858, -0.23172495243352648, 0.7020101226209836, 0.0, 0.40751903944389956, 1.1095291620648842, 0.5
1.2672895158845623, 0.0, 0.30254308617234466, 1.6296159915819115, -0.6168194026134988, 0.0, 0.21214399613919432, -0.4046754064743048, -1.339096905745412, 0.0, 1.1073719533118858, -0.23172495243352648, 0.6996851084703266, 0.0, 0.4061693615648518, 1.1058544700351796, 0.5
1.2714867004584967, 0.0, 0.3035450901803607, 1.6322786240148865, -0.6181611830801776, 0.0, 0.2132535872747774, -0.4049075958054005, -1.339096905745412, 0.0, 1.1073719533118858, -0.23172495243352648, 0.6973754440886042, 0.0, 0.40482859427397094, 1.102204038362576, 0.5
1.2756838850324308, 0.0, 0.3045470941883767, 1.6349450683378939, -0.6195029635468563, 0.0, 0.2143631784103604, -0.4051397851364962, -1.339096905745412, 0.0, 1.1073719533118858, -0.23172495243352648, 0.6950809779669325, 0.0, 0.40349664961988374, 1.0985776275868173, 0.5
1.2798810696063652, 0.0, 0.30554909819639275, 1.637615324550933, -0.6208447440135352, 0.0, 0.21547276954594347, -0.40537197446759193, -1.339096905745412, 0.0, 1.1073719533118858, -0.23172495243352648, 0.6928015605838355, 0.0, 0.4021734408049119, 1.094975001388748, 0.5
1.2840782541802993, 0.0, 0.3065511022044088, 1.6402893926540043, -0.6221865244802138, 0.0, 0.21658236068152653, -0.40560416379868763, -1.339096905745412, 0.0, 1.1073719533118858, -0.23172495243352648, 0.6905370443727601, 0.0, 0.4008588821662174, 1.0913959265389785, 0.5
1.2882754387542337, 0.0, 0.3075531062124248, 1.6429672726471078, -0.6235283049468927, 0.0, 0.2176919518171096, -0.4058363531297834, -1.339096905745412, 0.0, 1.1073719533118858, -0.23172495243352648, 0.6882872836902356, 0.0, 0.3995528891573159, 1.0878401728475524, 0.5
1.2924726233281678, 0.0, 0.30855511022044085, 1.6456489645302432, -0.6248700854135714, 0.0, 0.2188015429526926, -0.4060685424608791, -1.339096905745412, 0.0, 1.1073719533118858, -0.23172495243352648, 0.6860521347846434, 0.0, 0.3982553783299503, 1.0843075131145947, 0.5
1.2966698079021022, 0.0, 0.3095571142284569, 1.648334468303411, -0.6262118658802502, 0.0, 0.21991113408827567, -0.4063007317919748, -1.339096905745412, 0.0, 1.1073719533118858, -0.23172495243352648, 0.683831455765602, 0.0, 0.39696626731631657, 1.0807977230819195, 0.5
1.3008669924760363, 0.0, 0.3105591182364729, 1.6510237839666106, -0.6275536463469289, 0.0, 0.22102072522385874, -0.4065329211230705, -1.339096905745412, 0.0, 1.1073719533118858, -0.23172495243352648, 0.681625106573939, 0.0, 0.3956854748116341, 1.0773105813855741, 0.5
1.3050641770499707, 0.0, 0.31156112224448895, 1.653716911519842, -0.6288954268136078, 0.0, 0.2221303163594418, -0.40676511045416625, -1.339096905745412, 0.0, 1.1073719533118858, -0.23172495243352648, 0.6794329489522463, 0.0, 0.3944129205570507, 1.0738458695092978, 0.5
1.3092613616239048, 0.0, 0.312563126252505, 1.6564138509631057, -0.6302372072802864, 0.0, 0.22323990749502481, -0.40699729978526195, -1.339096905745412, 0.0, 1.1073719533118858, -0.23172495243352648, 0.6772548464159978, 0.0, 0.393148525322879, 1.070403371738878, 0.5
1.3134585461978392, 0.0, 0.313565130260521, 1.6591146022964014, -0.6315789877469653, 0.0, 0.22434949863060788, -0.4072294891163577, -1.339096905745412, 0.0, 1.1073719533118858, -0.23172495243352648, 0.6750906642252252, 0.0, 0.39189221089215187, 1.066982875117378, 0.5
1.3176557307717736, 0.0, 0.31456713426853705, 1.6618191655197294, -0.6329207682136441, 0.0, 0.22545908976619095, -0.4074616784474534, -1.339096905745412, 0.0, 1.1073719533118858, -0.23172495243352648, 0.6729402693567313, 0.0, 0.3906439000444935, 1.0635841694012258, 0.5
1.3218529153457077, 0.0, 0.3155691382765531, 1.664527540633089, -0.6342625486803228, 0.0, 0.226568680901774, -0.4076938677785491, -1.339096905745412, 0.0, 1.1073719533118858, -0.23172495243352648, 0.6708035304768353, 0.0, 0.38940351654029753, 1.0602070470171336, 0.5
1.326050099919642, 0.0, 0.3165711422845691, 1.6672397276364812, -0.6356043291470017, 0.0, 0.22767827203735708, -0.4079260571096448, -1.339096905745412, 0.0, 1.1073719533118858, -0.23172495243352648, 0.6686803179146339, 0.0, 0.38817098510520487, 1.0568513030198394, 0.5
1.3302472844935762, 0.0, 0.31757314629258515, 1.6699557265299052, -0.6369461096136804, 0.0, 0.2287878631729401, -0.40815824644074056, -1.339096905745412, 0.0, 1.1073719533118858, -0.23172495243352648, 0.6665705036357696, 0.0, 0.3869462314148768, 1.0535167350506474, 0.5
1.3344444690675106, 0.0, 0.3185751503006012, 1.6726755373133613, -0.6382878900803592, 0.0, 0.22989745430852315, -0.40839043577183626, -1.339096905745412, 0.0, 1.1073719533118858, -0.23172495243352648, 0.664473961216695, 0.0, 0.385729182080054, 1.0502031432967498, 0.5
1.3386416536414447, 0.0, 0.3195771543086172, 1.6753991599868494, -0.6396296705470379, 0.0, 0.23100704544410622, -0.408622625102932, -1.339096905745412, 0.0, 1.1073719533118858, -0.23172495243352648, 0.662390565819418, 0.0, 0.3845197646318978, 1.0469103304513168, 0.5
1.342838838215379, 0.0, 0.32057915831663325, 1.6781265945503696, -0.6409714510137168, 0.0, 0.23211663657968928, -0.4088548144340277, -1.339096905745412, 0.0, 1.1073719533118858, -0.23172495243352648, 0.6603201941667247, 0.0, 0.38331790750760525, 1.0436381016743306, 0.5
1.3470360227893132, 0.0, 0.3215811623246493, 1.6808578410039217, -0.6423132314803954, 0.0, 0.2332262277152723, -0.4090870037651234, -1.339096905745412, 0.0, 1.1073719533118858, -0.23172495243352648, 0.6582627245178618, 0.0, 0.3821235400362943, 1.040386264554157, 0.5
1.3512332073632476, 0.0, 0.3225831663326653, 1.683592899347506, -0.6436550119470743, 0.0, 0.23433581885085536, -0.4093191930962191, -1.339096905745412, 0.0, 1.1073719533118858, -0.23172495243352648, 0.6562180366446757, 0.0, 0.3809365924251509, 1.0371546290698272, 0.5
1.3554303919371817, 0.0, 0.32358517034068135, 1.6863317695811224, -0.644996792413753, 0.0, 0.23544540998643837, -0.40955138242731487, -1.339096905745412, 0.0, 1.1073719533118858, -0.23172495243352648, 0.6541860118081909, 0.0, 0.3797569957458342, 1.033943007554026, 0.5
1.359627576511116, 0.0, 0.3245871743486974, 1.6890744517047709, -0.6463385728804318, 0.0, 0.2365550011220215, -0.40978357175841057, -1.339096905745412, 0.0, 1.1073719533118858, -0.23172495243352648, 0.6521665327356272, 0.0, 0.3785846819211337, 1.0307512146567614, 0.5
1.3638247610850505, 0.0, 0.3255891783567134, 1.6918209457184514, -0.6476803533471106, 0.0, 0.23766459225760456, -0.4100157610895063, -1.339096905745412, 0.0, 1.1073719533118858, -0.23172495243352648, 0.6501594835978357, 0.0, 0.37741958371187184, 1.0275790673097083, 0.5
1.3680219456589846, 0.0, 0.32659118236472945, 1.6945712516221638, -0.6490221338137894, 0.0, 0.23877418339318757, -0.410247950420602, -1.339096905745412, 0.0, 1.1073719533118858, -0.23172495243352648, 0.6481647499871558, 0.0, 0.37626163470404866, 1.0244263846912052, 0.5
1.372219130232919, 0.0, 0.3275931863727455, 1.6973253694159085, -0.6503639142804681, 0.0, 0.23988377452877063, -0.4104801397516977, -1.339096905745412, 0.0, 1.1073719533118858, -0.23172495243352648, 0.646182218895673, 0.0, 0.37511076929622195, 1.0212929881918957, 0.5
1.3764163148068531, 0.0, 0.3285951903807615, 1.700083299099685, -0.6517056947471469, 0.0, 0.2409933656643537, -0.4107123290827934, -1.339096905745412, 0.0, 1.1073719533118858, -0.23172495243352648, 0.6442117786938799, 0.0, 0.37396692268711834, 1.0181787013809989, 0.5
1.3806134993807875, 0.0, 0.32959719438877755, 1.7028450406734938, -0.6530474752138257, 0.0, 0.24210295679993676, -0.4109445184138892, -1.339096905745412, 0.0, 1.1073719533118858, -0.23172495243352648, 0.6422533191097214, 0.0, 0.37283003086347033, 1.0150833499731926, 0.5
1.3848106839547216, 0.0, 0.3305991983967936, 1.7056105941373345, -0.6543892556805044, 0.0, 0.24321254793551977, -0.4111767077449849, -1.339096905745412, 0.0, 1.1073719533118858, -0.23172495243352648, 0.6403067312080257, 0.0, 0.37170003058807477, 1.0120067617961013, 0.5
1.389007868528656, 0.0, 0.3316012024048096, 1.7083799594912075, -0.6557310361471832, 0.0, 0.24432213907110284, -0.41140889707608064, -1.339096905745412, 0.0, 1.1073719533118858, -0.23172495243352648, 0.6383719073703036, 0.0, 0.3705768593880673, 1.0089487667583716, 0.5
1.3932050531025901, 0.0, 0.33260320641282565, 1.7111531367351125, -0.657072816613862, 0.0, 0.2454317302066859, -0.41164108640717634, -1.339096905745412, 0.0, 1.1073719533118858, -0.23172495243352648, 0.6364487412749176, 0.0, 0.3694604555434094, 1.0059091968183276, 0.5
1.3974022376765245, 0.0, 0.3336052104208417, 1.7139301258690494, -0.6584145970805407, 0.0, 0.24654132134226897, -0.41187327573827204, -1.339096905745412, 0.0, 1.1073719533118858, -0.23172495243352648, 0.6345371278776034, 0.0, 0.36835075807558226, 1.0028878859531867, 0.5
1.4015994222504586, 0.0, 0.3346072144288577, 1.7167109268930183, -0.6597563775472195, 0.0, 0.24765091247785198, -0.41210546506936774, -1.339096905745412, 0.0, 1.1073719533118858, -0.23172495243352648, 0.6326369633923471, 0.0, 0.36724770673648466, 0.9998846701288324, 0.5
1.405796606824393, 0.0, 0.33560921843687375, 1.7194955398070193, -0.6610981580138983, 0.0, 0.24876050361343505, -0.4123376544004635, -1.339096905745412, 0.0, 1.1073719533118858, -0.23172495243352648, 0.6307481452725983, 0.0, 0.3661512419975285, 0.9968993872701276, 0.5
1.409993791398327, 0.0, 0.3366112224448897, 1.7222839646110526, -0.6624399384805769, 0.0, 0.249870094749018, -0.4125698437315592, -1.339096905745412, 0.0, 1.1073719533118858, -0.23172495243352648, 0.628870572192826, 0.0, 0.36506130503893053, 0.9939318772317574, 0.5
1.4141909759722613, 0.0, 0.33761322645290576, 1.7250762013051177, -0.6637817189472557, 0.0, 0.2509796858846011, -0.4128020330626549, -1.339096905745412, 0.0, 1.1073719533118858, -0.23172495243352648, 0.6270041440303958, 0.0, 0.36397783773919307, 0.9909819817695898, 0.5
1.4183881605461957, 0.0, 0.3386152304609218, 1.7278722498892147, -0.6651234994139346, 0.0, 0.2520892770201842, -0.41303422239375065, -1.339096905745412, 0.0, 1.1073719533118858, -0.23172495243352648, 0.6251487618477757, 0.0, 0.3629007826647735, 0.9880495445125498, 0.5
1.4225853451201298, 0.0, 0.3396172344689378, 1.7306721103633442, -0.6664652798806132, 0.0, 0.2531988681557672, -0.41326641172484635, -1.339096905745412, 0.0, 1.1073719533118858, -0.23172495243352648, 0.6233043278750494, 0.0, 0.3618300830599349, 0.9851344109349853, 0.5
1.4267825296940642, 0.0, 0.34061923847695386, 1.7334757827275058, -0.6678070603472921, 0.0, 0.25430845929135026, -0.41349860105594205, -1.339096905745412, 0.0, 1.1073719533118858, -0.23172495243352648, 0.6214707454927475, 0.0, 0.36076568283677674, 0.9822364283295248, 0.5
1.4309797142679983, 0.0, 0.3416212424849699, 1.736283266981699, -0.6691488408139707, 0.0, 0.25541805042693333, -0.41373079038703775, -1.339096905745412, 0.0, 1.1073719533118858, -0.23172495243352648, 0.6196479192149702, 0.0, 0.35970752656544075, 0.979355445780412, 0.5
1.4351768988419327, 0.0, 0.3426232464929859, 1.7390945631259245, -0.6704906212806496, 0.0, 0.2565276415625164, -0.4139629797181335, -1.339096905745412, 0.0, 1.1073719533118858, -0.23172495243352648, 0.6178357546728166, 0.0, 0.35865555946448835, 0.9764913141373057, 0.5
1.4393740834158668, 0.0, 0.34362525050100196, 1.741909671160182, -0.6718324017473283, 0.0, 0.2576372326980994, -0.4141951690492292, -1.339096905745412, 0.0, 1.1073719533118858, -0.23172495243352648, 0.616034158598095, 0.0, 0.35760972739144753, 0.9736438859895434, 0.5
1.4435712679898012, 0.0, 0.344627254509018, 1.7447285910844719, -0.6731741822140072, 0.0, 0.25874682383368247, -0.41442735838032496, -1.339096905745412, 0.0, 1.1073719533118858, -0.23172495243352648, 0.6142430388073244, 0.0, 0.35656997683352293, 0.9708130156408481, 0.5
1.4477684525637353, 0.0, 0.345629258517034, 1.7475513228987936, -0.6745159626806858, 0.0, 0.2598564149692655, -0.41465954771142066, -1.339096905745412, 0.0, 1.1073719533118858, -0.23172495243352648, 0.6124623041860089, 0.0, 0.3555362548984694, 0.9679985590844792, 0.5
1.4519656371376697, 0.0, 0.34663126252505005, 1.7503778666031473, -0.6758577431473647, 0.0, 0.2609660061048486, -0.41489173704251636, -1.339096905745412, 0.0, 1.1073719533118858, -0.23172495243352648, 0.6106918646731887, 0.0, 0.3545085093056219, 0.9652003739788114, 0.5
1.4561628217116038, 0.0, 0.3476332665330661, 1.753208222197533, -0.6771995236140433, 0.0, 0.2620755972404316, -0.41512392637361206, -1.339096905745412, 0.0, 1.1073719533118858, -0.23172495243352648, 0.6089316312462558, 0.0, 0.3534866883770824, 0.9624183196233392, 0.5
1.4603600062855382, 0.0, 0.3486352705410821, 1.7560423896819508, -0.6785413040807222, 0.0, 0.2631851883760147, -0.4153561157047078, -1.339096905745412, 0.0, 1.1073719533118858, -0.23172495243352648, 0.6071815159060336, 0.0, 0.3524707410290575, 0.959652256935092, 0.5
1.4645571908594726, 0.0, 0.34963727454909815, 1.7588803690564008, -0.679883084547401, 0.0, 0.26429477951159774, -0.4155883050358035, -1.339096905745412, 0.0, 1.1073719533118858, -0.23172495243352648, 0.6054414316621106, 0.0, 0.3514606167633454, 0.9569020484254568, 0.5
1.4687543754334067, 0.0, 0.3506392785571142, 1.7617221603208828, -0.6812248650140798, 0.0, 0.2654043706471808, -0.4158204943668992, -1.339096905745412, 0.0, 1.1073719533118858, -0.23172495243352648, 0.6037112925184277, 0.0, 0.35045626565896876, 0.9541675581773973, 0.5
1.472951560007341, 0.0, 0.3516412825651302, 1.7645677634753967, -0.6825666454807586, 0.0, 0.2665139617827639, -0.416052683697995, -1.339096905745412, 0.0, 1.1073719533118858, -0.23172495243352648, 0.6019910134591113, 0.0, 0.34945763836395094, 0.9514486518230628, 0.5
1.4771487445812752, 0.0, 0.35264328657314625, 1.7674171785199428, -0.6839084259474373, 0.0, 0.2676235529183469, -0.4162848730290907, -1.339096905745412, 0.0, 1.1073719533118858, -0.23172495243352648, 0.6002805104345469, 0.0, 0.3484646860872319, 0.9487451965217796, 0.5
1.4813459291552096, 0.0, 0.3536452905811623, 1.770270405454521, -0.6852502064141162, 0.0, 0.26873314405392995, -0.4165170623601864, -1.339096905745412, 0.0, 1.1073719533118858, -0.23172495243352648, 0.5985797003476917, 0.0, 0.34747736059072193, 0.9460570609384142, 0.5
1.4855431137291437, 0.0, 0.3546472945891783, 1.7731274442791314, -0.6865919868807948, 0.0, 0.269842735189513, -0.4167492516912821, -1.339096905745412, 0.0, 1.1073719533118858, -0.23172495243352648, 0.596888501040616, 0.0, 0.34649561418149005, 0.9433841152221069, 0.5
1.489740298303078, 0.0, 0.35564929859719435, 1.7759882949937735, -0.6879337673474737, 0.0, 0.2709523263250961, -0.41698144102237783, -1.339096905745412, 0.0, 1.1073719533118858, -0.23172495243352648, 0.5952068312812762, 0.0, 0.34551939970408413, 0.9407262309853609, 0.5
1.4939374828770122, 0.0, 0.3566513026052104, 1.7788529575984477, -0.6892755478141523, 0.0, 0.2720619174606791, -0.41721363035347353, -1.339096905745412, 0.0, 1.1073719533118858, -0.23172495243352648, 0.5935346107505058, 0.0, 0.3445486705329811, 0.9380832812834877, 0.5
1.4981346674509466, 0.0, 0.3576533066132264, 1.7817214320931543, -0.6906173282808312, 0.0, 0.27317150859626216, -0.4174458196845693, -1.339096905745412, 0.0, 1.1073719533118858, -0.23172495243352648, 0.5918717600292309, 0.0, 0.3435833805651632, 0.9354551405943947, 0.5
1.5023318520248807, 0.0, 0.35865531062124245, 1.7845937184778928, -0.6919591087475099, 0.0, 0.27428109973184517, -0.417678009015665, -1.339096905745412, 0.0, 1.1073719533118858, -0.23172495243352648, 0.5902182005858935, 0.0, 0.34262348421281963, 0.9328416847987139, 0.5
1.506529036598815, 0.0, 0.3596573146292585, 1.7874698167526633, -0.6933008892141888, 0.0, 0.2753906908674283, -0.4179101983467607, -1.339096905745412, 0.0, 1.1073719533118858, -0.23172495243352648, 0.5885738547640919, 0.0, 0.3416689363961693, 0.9302427911602618, 0.5
1.5107262211727495, 0.0, 0.3606593186372745, 1.7903497269174657, -0.6946426696808675, 0.0, 0.27650028200301136, -0.41814238767785644, -1.339096905745412, 0.0, 1.1073719533118858, -0.23172495243352648, 0.5869386457704203, 0.0, 0.3407196925364041, 0.9276583383068251, 0.5
1.5149234057466836, 0.0, 0.36166132264529055, 1.7932334489723005, -0.6959844501475463, 0.0, 0.27760987313859437, -0.41837457700895214, -1.339096905745412, 0.0, 1.1073719533118858, -0.23172495243352648, 0.5853124976625171, 0.0, 0.33977570854874856, 0.9250882062112663, 0.5
1.519120590320618, 0.0, 0.3626633266533066, 1.7961209829171674, -0.697326230614225, 0.0, 0.27871946427417743, -0.41860676634004784, -1.339096905745412, 0.0, 1.1073719533118858, -0.23172495243352648, 0.5836953353373051, 0.0, 0.3388369408356354, 0.9225322761729413, 0.5
1.5233177748945521, 0.0, 0.3636653306613226, 1.7990123287520658, -0.6986680110809038, 0.0, 0.2798290554097605, -0.4188389556711436, -1.339096905745412, 0.0, 1.1073719533118858, -0.23172495243352648, 0.5820870845194319, 0.0, 0.3379033462799933, 0.9199904307994259, 0.5
1.5275149594684865, 0.0, 0.36466733466933865, 1.8019074864769968, -0.7000097915475826, 0.0, 0.28093864654534356, -0.4190711450022393, -1.339096905745412, 0.0, 1.1073719533118858, -0.23172495243352648, 0.5804876717498957, 0.0, 0.33697488223864563, 0.9174625539885422, 0.5
1.5317121440424206, 0.0, 0.3656693386773547, 1.8048064560919597, -0.7013515720142613, 0.0, 0.2820482376809266, -0.419303334333335, -1.339096905745412, 0.0, 1.1073719533118858, -0.23172495243352648, 0.5788970243748626, 0.0, 0.33605150653581767, 0.9149485309106808, 0.5
1.535909328616355, 0.0, 0.3666713426853707, 1.8077092375969546, -0.7026933524809401, 0.0, 0.28315782881650964, -0.4195355236644307, -1.339096905745412, 0.0, 1.1073719533118858, -0.23172495243352648, 0.5773150705346631, 0.0, 0.3351331774567501, 0.912448247991414, 0.5
1.5401065131902891, 0.0, 0.36767334669338675, 1.8106158309919818, -0.7040351329476189, 0.0, 0.2842674199520927, -0.41976771299552645, -1.339096905745412, 0.0, 1.1073719533118858, -0.23172495243352648, 0.575741739152973, 0.0, 0.33421985374141744, 0.909961592894391, 0.5
1.5443036977642235, 0.0, 0.3686753507014028, 1.8135262362770406, -0.7053769134142976, 0.0, 0.28537701108767577, -0.41999990232662215, -1.339096905745412, 0.0, 1.1073719533118858, -0.23172495243352648, 0.5741769599261657, 0.0, 0.333311494578348, 0.9074884545045144, 0.5
1.5485008823381576, 0.0, 0.3696773547094188, 1.8164404534521317, -0.7067186938809764, 0.0, 0.2864866022232588, -0.42023209165771785, -1.339096905745412, 0.0, 1.1073719533118858, -0.23172495243352648, 0.5726206633128429, 0.0, 0.33240805959854564, 0.9050287229113891, 0.5
1.552698066912092, 0.0, 0.37067935871743485, 1.8193584825172548, -0.7080604743476552, 0.0, 0.28759619335884185, -0.4204642809888136, -1.339096905745412, 0.0, 1.1073719533118858, -0.23172495243352648, 0.5710727805235297, 0.0, 0.3315095088695084, 0.9025822893930389, 0.5
1.5568952514860264, 0.0, 0.3716813627254509, 1.8222803234724103, -0.7094022548143339, 0.0, 0.2887057844944249, -0.4206964703199093, -1.339096905745412, 0.0, 1.1073719533118858, -0.23172495243352648, 0.5695332435105421, 0.0, 0.33061580288934594, 0.900149046399889, 0.5
1.5610924360599605, 0.0, 0.3726833667334669, 1.8252059763175974, -0.7107440352810127, 0.0, 0.289815375630008, -0.420928659651005, -1.339096905745412, 0.0, 1.1073719533118858, -0.23172495243352648, 0.5680019849580132, 0.0, 0.3297269025809899, 0.8977288875390039, 0.5
1.5652896206338949, 0.0, 0.37368537074148295, 1.828135441052817, -0.7120858157476915, 0.0, 0.29092496676559104, -0.42116084898210077, -1.339096905745412, 0.0, 1.1073719533118858, -0.23172495243352648, 0.5664789382720814, 0.0, 0.3288427692864986, 0.8953217075585809, 0.5
1.569486805207829, 0.0, 0.374687374749499, 1.8310687176780682, -0.7134275962143704, 0.0, 0.29203455790117405, -0.42139303831319647, -1.339096905745412, 0.0, 1.1073719533118858, -0.23172495243352648, 0.5649640375712379, 0.0, 0.327963364761453, 0.8929274023326915, 0.5
1.5736839897817634, 0.0, 0.375689378757515, 1.834005806193352, -0.714769376681049, 0.0, 0.2931441490367571, -0.4216252276442922, -1.339096905745412, 0.0, 1.1073719533118858, -0.23172495243352648, 0.5634572176768252, 0.0, 0.3270886511694419, 0.890545868846268, 0.5
1.5778811743556975, 0.0, 0.37669138276553105, 1.8369467065986675, -0.7161111571477279, 0.0, 0.2942537401723402, -0.4218574169753879, -1.339096905745412, 0.0, 1.1073719533118858, -0.23172495243352648, 0.5619584141036916, 0.0, 0.3262185910766356, 0.8881770051803278, 0.5
1.582078358929632, 0.0, 0.3776933867735471, 1.839891418894015, -0.7174529376144065, 0.0, 0.29536333130792325, -0.4220896063064836, -1.339096905745412, 0.0, 1.1073719533118858, -0.23172495243352648, 0.5604675630509884, 0.0, 0.32535314744644533, 0.8858207104974346, 0.5
1.586275543503566, 0.0, 0.3786953907815631, 1.8428399430793945, -0.7187947180810854, 0.0, 0.29647292244350626, -0.4223217956375793, -1.339096905745412, 0.0, 1.1073719533118858, -0.23172495243352648, 0.5589846013931216, 0.0, 0.32449228363426863, 0.8834768850273907, 0.5
1.5904727280775004, 0.0, 0.37969739478957915, 1.8457922791548063, -0.7201364985477641, 0.0, 0.2975825135790893, -0.4225539849686751, -1.339096905745412, 0.0, 1.1073719533118858, -0.23172495243352648, 0.5575094666708366, 0.0, 0.3236359633823164, 0.8811454300531539, 0.5
1.5946699126514345, 0.0, 0.3806993987975952, 1.8487484271202501, -0.721478279014443, 0.0, 0.29869210471467234, -0.4227861742997708, -1.339096905745412, 0.0, 1.1073719533118858, -0.23172495243352648, 0.5560420970824546, 0.0, 0.32278415081452294, 0.878826247896978, 0.5
1.598867097225369, 0.0, 0.3817014028056112, 1.851708386975726, -0.7228200594811216, 0.0, 0.29980169585025546, -0.4230183636308665, -1.339096905745412, 0.0, 1.1073719533118858, -0.23172495243352648, 0.554582431475236, 0.0, 0.3219368104315353, 0.8765192419067722, 0.5
1.6030642817993033, 0.0, 0.38270340681362724, 1.8546721587212338, -0.7241618399478005, 0.0, 0.3009112869858385, -0.42325055296196223, -1.339096905745412, 0.0, 1.1073719533118858, -0.23172495243352648, 0.5531304093368913, 0.0, 0.3210939071057821, 0.874224316442674, 0.5
1.6072614663732374, 0.0, 0.3837054108216433, 1.8576397423567736, -0.7255036204144791, 0.0, 0.30202087812142153, -0.42348274229305793, -1.339096905745412, 0.0, 1.1073719533118858, -0.23172495243352648, 0.5516859707872123, 0.0, 0.32025540607661873, 0.8719413768638319, 0.5
1.6114586509471718, 0.0, 0.3847074148296593, 1.860611137882346, -0.726845400881158, 0.0, 0.3031304692570046, -0.42371493162415363, -1.339096905745412, 0.0, 1.1073719533118858, -0.23172495243352648, 0.5502490565698461, 0.0, 0.319421272945549, 0.8696703295153957, 0.5
1.615655835521106, 0.0, 0.38570941883767534, 1.86358634529795, -0.7281871813478367, 0.0, 0.30424006039258766, -0.42394712095524933, -1.339096905745412, 0.0, 1.1073719533118858, -0.23172495243352648, 0.5488196080441876, 0.0, 0.3185914736715217, 0.8674110817157101, 0.5
1.6198530200950403, 0.0, 0.3867114228456914, 1.866565364603586, -0.7295289618145155, 0.0, 0.30534965152817073, -0.4241793102863451, -1.339096905745412, 0.0, 1.1073719533118858, -0.23172495243352648, 0.5473975671774056, 0.0, 0.31776597456629874, 0.8651635417437049, 0.5
1.6240502046689744, 0.0, 0.3877134268537074, 1.8695481957992541, -0.7308707422811942, 0.0, 0.30645924266375374, -0.4244114996174408, -1.339096905745412, 0.0, 1.1073719533118858, -0.23172495243352648, 0.5459828765365858, 0.0, 0.3169447422898971, 0.8629276188264838, 0.5
1.6282473892429088, 0.0, 0.38871543086172344, 1.8725348388849545, -0.7322125227478731, 0.0, 0.3075688337993368, -0.42464368894853655, -1.339096905745412, 0.0, 1.1073719533118858, -0.23172495243352648, 0.5445754792810026, 0.0, 0.31612774384609965, 0.8607032231271028, 0.5
1.632444573816843, 0.0, 0.3897174348697395, 1.875525293860687, -0.7335543032145517, 0.0, 0.30867842493491987, -0.42487587827963225, -1.339096905745412, 0.0, 1.1073719533118858, -0.23172495243352648, 0.5431753191545015, 0.0, 0.31531494657803616, 0.8584902657325385, 0.5
1.6366417583907773, 0.0, 0.3907194388777555, 1.8785195607264513, -0.7348960836812306, 0.0, 0.30978801607050294, -0.42510806761072795, -1.339096905745412, 0.0, 1.1073719533118858, -0.23172495243352648, 0.541782340478008, 0.0, 0.3145063181638317, 0.8562886586418404, 0.5
1.6408389429647114, 0.0, 0.39172144288577154, 1.8815176394822475, -0.7362378641479093, 0.0, 0.31089760720608595, -0.42534025694182365, -1.339096905745412, 0.0, 1.1073719533118858, -0.23172495243352648, 0.540396488142144, 0.0, 0.3137018266123227, 0.8540983147544675, 0.5
1.6450361275386456, 0.0, 0.3927234468937875, 1.8845195301280762, -0.7375796446145881, 0.0, 0.31200719834166896, -0.4255724462729194, -1.339096905745412, 0.0, 1.1073719533118858, -0.23172495243352648, 0.5390177075999613, 0.0, 0.3129014402588374, 0.8519191478587992, 0.5
1.6492333121125797, 0.0, 0.39372545090180355, 1.8875252326639367, -0.7389214250812668, 0.0, 0.31311678947725197, -0.4258046356040151, -1.339096905745412, 0.0, 1.1073719533118858, -0.23172495243352648, 0.5376459448597833, 0.0, 0.31210512776104177, 0.8497510726208259, 0.5
1.653430496686514, 0.0, 0.3947274549098196, 1.8905347470898293, -0.7402632055479457, 0.0, 0.3142263806128351, -0.4260368249351108, -1.339096905745412, 0.0, 1.1073719533118858, -0.23172495243352648, 0.5362811464781606, 0.0, 0.311312858094848, 0.8475940045730092, 0.5
1.6576276812604485, 0.0, 0.3957294589178356, 1.8935480734057537, -0.7416049860146243, 0.0, 0.31533597174841815, -0.42626901426620656, -1.339096905745412, 0.0, 1.1073719533118858, -0.23172495243352648, 0.5349232595529261, 0.0, 0.31052460055038567, 0.8454478601033125, 0.5
1.6618248658343826, 0.0, 0.39673146292585165, 1.8965652116117107, -0.7429467664813032, 0.0, 0.31644556288400116, -0.42650120359730226, -1.339096905745412, 0.0, 1.1073719533118858, -0.23172495243352648, 0.5335722317163637, 0.0, 0.30974032472803376, 0.8433125564443981, 0.5
1.666022050408317, 0.0, 0.3977334669338677, 1.8995861617076994, -0.7442885469479819, 0.0, 0.31755515401958423, -0.42673339292839796, -1.339096905745412, 0.0, 1.1073719533118858, -0.23172495243352648, 0.5322280111284722, 0.0, 0.3089600005345122, 0.8411880116629853, 0.5
1.670219234982251, 0.0, 0.3987354709418837, 1.9026109236937203, -0.7456303274146607, 0.0, 0.3186647451551673, -0.42696558225949366, -1.339096905745412, 0.0, 1.1073719533118858, -0.23172495243352648, 0.5308905464703386, 0.0, 0.3081835981790335, 0.8390741446493727, 0.5
1.6744164195561855, 0.0, 0.39973747494989975, 1.905639497569773, -0.7469721078813394, 0.0, 0.31977433629075036, -0.4271977715905894, -1.339096905745412, 0.0, 1.1073719533118858, -0.23172495243352648, 0.5295597869376031, 0.0, 0.3074110881695106, 0.8369708751071145, 0.5
1.6786136041301196, 0.0, 0.4007394789579158, 1.9086718833358582, -0.7483138883480183, 0.0, 0.32088392742633337, -0.4274299609216851, -1.339096905745412, 0.0, 1.1073719533118858, -0.23172495243352648, 0.5282356822340303, 0.0, 0.30664244130882345, 0.8348781235428543, 0.5
1.682810788704054, 0.0, 0.4017414829659318, 1.9117080809919753, -0.7496556688146969, 0.0, 0.32199351856191644, -0.42766215025278087, -1.339096905745412, 0.0, 1.1073719533118858, -0.23172495243352648, 0.5269181825651684, 0.0, 0.3058776286911398, 0.832795811256309, 0.5
1.6870079732779881, 0.0, 0.40274348697394785, 1.9147480905381244, -0.7509974492813758, 0.0, 0.32310310969749945, -0.42789433958387657, -1.339096905745412, 0.0, 1.1073719533118858, -0.23172495243352648, 0.5256072386321115, 0.0, 0.30511662169829235, 0.8307238603304044, 0.5
1.6912051578519225, 0.0, 0.4037454909819639, 1.9177919119743057, -0.7523392297480544, 0.0, 0.32421270083308257, -0.42812652891497227, -1.339096905745412, 0.0, 1.1073719533118858, -0.23172495243352648, 0.5243028016253456, 0.0, 0.3043593919962084, 0.8286621936215548, 0.5
1.6954023424258566, 0.0, 0.4047474949899799, 1.9208395453005187, -0.7536810102147333, 0.0, 0.3253222919686656, -0.42835871824606797, -1.339096905745412, 0.0, 1.1073719533118858, -0.23172495243352648, 0.523004823218696, 0.0, 0.303605911531394, 0.8266107347500905, 0.5
1.699599526999791, 0.0, 0.40574949899799595, 1.923890990516764, -0.7550227906814122, 0.0, 0.32643188310424864, -0.4285909075771637, -1.339096905745412, 0.0, 1.1073719533118858, -0.23172495243352648, 0.5217132555633544, 0.0, 0.30285615252746895, 0.8245694080908239, 0.5
1.7037967115737254, 0.0, 0.406751503006012, 1.9269462476230415, -0.7563645711480909, 0.0, 0.3275414742398317, -0.4288230969082594, -1.339096905745412, 0.0, 1.1073719533118858, -0.23172495243352648, 0.5204280512820024, 0.0, 0.3021100874817539, 0.822538138763757, 0.5
1.7079938961476595, 0.0, 0.407753507014028, 1.9300053166193507, -0.7577063516147697, 0.0, 0.3286510653754148, -0.4290552862393552, -1.339096905745412, 0.0, 1.1073719533118858, -0.23172495243352648, 0.519149163463018, 0.0, 0.30136768916190726, 0.8205168526249258, 0.5
1.7121910807215939, 0.0, 0.40875551102204405, 1.933068197505692, -0.7590481320814484, 0.0, 0.32976065651099784, -0.4292874755704509, -1.339096905745412, 0.0, 1.1073719533118858, -0.23172495243352648, 0.5178765456547649, 0.0, 0.30062893060261175, 0.8185054762573775, 0.5
1.716388265295528, 0.0, 0.4097575150300601, 1.9361348902820656, -0.7603899125481273, 0.0, 0.33087024764658085, -0.4295196649015466, -1.339096905745412, 0.0, 1.1073719533118858, -0.23172495243352648, 0.5166101518599729, 0.0, 0.2998937851023094, 0.8165039369622829, 0.5
1.7205854498694624, 0.0, 0.4107595190380761, 1.9392053949484713, -0.7617316930148059, 0.0, 0.3319798387821639, -0.4297518542326423, -1.339096905745412, 0.0, 1.1073719533118858, -0.23172495243352648, 0.5153499365301911, 0.0, 0.299162226219985, 0.8145121627501769, 0.5
1.7247826344433965, 0.0, 0.41176152304609215, 1.942279711504909, -0.7630734734814848, 0.0, 0.333089429917747, -0.42998404356373804, -1.339096905745412, 0.0, 1.1073719533118858, -0.23172495243352648, 0.5140958545603317, 0.0, 0.29843422777199535, 0.8125300823323276, 0.5
1.7289798190173309, 0.0, 0.4127635270541082, 1.9453578399513787, -0.7644152539481635, 0.0, 0.33419902105333005, -0.43021623289483374, -1.339096905745412, 0.0, 1.1073719533118858, -0.23172495243352648, 0.5128478612832841, 0.0, 0.29770976382894565, 0.8105576251122306, 0.5
1.733177003591265, 0.0, 0.4137655310621242, 1.9484397802878803, -0.7657570344148423, 0.0, 0.33530861218891306, -0.4304484222259295, -1.339096905745412, 0.0, 1.1073719533118858, -0.23172495243352648, 0.5116059124646161, 0.0, 0.2969888087126112, 0.8085947211772277, 0.5
1.7373741881651994, 0.0, 0.41476753507014025, 1.9515255325144143, -0.767098814881521, 0.0, 0.3364182033244961, -0.4306806115570252, -1.339096905745412, 0.0, 1.1073719533118858, -0.23172495243352648, 0.5103699642973428, 0.0, 0.29627133699290287, 0.8066413012902465, 0.5
1.7415713727391335, 0.0, 0.4157695390781563, 1.9546150966309803, -0.7684405953481999, 0.0, 0.33752779446007913, -0.4309128008881209, -1.339096905745412, 0.0, 1.1073719533118858, -0.23172495243352648, 0.5091399733967813, 0.0, 0.2955573234848778, 0.8046972968816596, 0.5
1.745768557313068, 0.0, 0.4167715430861723, 1.9577084726375782, -0.7697823758148785, 0.0, 0.33863738559566225, -0.4311449902192166, -1.339096905745412, 0.0, 1.1073719533118858, -0.23172495243352648, 0.5079158967954682, 0.0, 0.29484674324579196, 0.802762640041261, 0.5
1.749965741887002, 0.0, 0.41777354709418835, 1.960805660534208, -0.7711241562815574, 0.0, 0.33974697673124526, -0.43137717955031235, -1.339096905745412, 0.0, 1.1073719533118858, -0.23172495243352648, 0.5066976919381626, 0.0, 0.29413957157219595, 0.800837263510359, 0.5
1.7541629264609364, 0.0, 0.4187755511022044, 1.9639066603208701, -0.772465936748236, 0.0, 0.34085656786682833, -0.43160936888140805, -1.339096905745412, 0.0, 1.1073719533118858, -0.23172495243352648, 0.5054853166769078, 0.0, 0.2934357839970719, 0.7989211006739805, 0.5
1.7583601110348708, 0.0, 0.4197775551102204, 1.9670114719975644, -0.7738077172149149, 0.0, 0.3419661590024114, -0.4318415582125038, -1.339096905745412, 0.0, 1.1073719533118858, -0.23172495243352648, 0.5042787292661769, 0.0, 0.29273535628701197, 0.7970140855531893, 0.5
1.762557295608805, 0.0, 0.42077955911823645, 1.9701200955642906, -0.7751494976815936, 0.0, 0.34307575013799446, -0.4320737475435995, -1.339096905745412, 0.0, 1.1073719533118858, -0.23172495243352648, 0.5030778883580755, 0.0, 0.29203826443943687, 0.7951161527975131, 0.5
1.7667544801827393, 0.0, 0.4217815631262525, 1.9732325310210488, -0.7764912781482725, 0.0, 0.3441853412735775, -0.4323059368746952, -1.339096905745412, 0.0, 1.1073719533118858, -0.23172495243352648, 0.5018827529976234, 0.0, 0.2913444846798536, 0.7932272376774775, 0.5
1.7709516647566734, 0.0, 0.4227835671342685, 1.9763487783678388, -0.7778330586149511, 0.0, 0.34529493240916054, -0.4325381262057909, -1.339096905745412, 0.0, 1.1073719533118858, -0.23172495243352648, 0.5006932826180944, 0.0, 0.2906539934591533, 0.7913472760772484, 0.5
1.7751488493306078, 0.0, 0.42378557114228455, 1.9794688376046614, -0.77917483908163, 0.0, 0.3464045235447436, -0.43277031553688666, -1.339096905745412, 0.0, 1.1073719533118858, -0.23172495243352648, 0.49950943703642964, 0.0, 0.289966767450946, 0.7894762044873764, 0.5
1.779346033904542, 0.0, 0.4247875751503006, 1.9825927087315158, -0.7805166195483086, 0.0, 0.3475141146803266, -0.43300250486798236, -1.339096905745412, 0.0, 1.1073719533118858, -0.23172495243352648, 0.49833117644871067, 0.0, 0.28928278354893455, 0.787613959997646, 0.5
1.7835432184784763, 0.0, 0.4257895791583166, 1.9857203917484023, -0.7818584000149875, 0.0, 0.34862370581590973, -0.4332346941990781, -1.339096905745412, 0.0, 1.1073719533118858, -0.23172495243352648, 0.4971584614256985, 0.0, 0.28860201886432424, 0.7857604802900234, 0.5
1.7877404030524104, 0.0, 0.42679158316633264, 1.9888518866553206, -0.7832001804816662, 0.0, 0.34973329695149274, -0.4334668835301738, -1.339096905745412, 0.0, 1.1073719533118858, -0.23172495243352648, 0.4959912529084362, 0.0, 0.2879244507232701, 0.7839157036317072, 0.5
1.7919375876263448, 0.0, 0.4277935871743487, 1.9919871934522715, -0.784541960948345, 0.0, 0.3508428880870758, -0.4336990728612695, -1.339096905745412, 0.0, 1.1073719533118858, -0.23172495243352648, 0.4948295122039113, 0.0, 0.28725005666435927, 0.7820795688682713, 0.5
1.796134772200279, 0.0, 0.4287955911823647, 1.9951263121392542, -0.7858837414150237, 0.0, 0.3519524792226588, -0.4339312621923652, -1.339096905745412, 0.0, 1.1073719533118858, -0.23172495243352648, 0.4936732009807811, 0.0, 0.28657881443612915, 0.780252015416911, 0.5
1.8003319567742133, 0.0, 0.42979759519038074, 1.9982692427162687, -0.7872255218817026, 0.0, 0.35306207035824194, -0.434163451523461, -1.339096905745412, 0.0, 1.1073719533118858, -0.23172495243352648, 0.492522281265156, 0.0, 0.28591070199461976, 0.7784329832597766, 0.5
1.8045291413481477, 0.0, 0.4307995991983968, 2.0014159851833155, -0.7885673023483815, 0.0, 0.354171661493825, -0.4343956408545567, -1.339096905745412, 0.0, 1.1073719533118858, -0.23172495243352648, 0.4913767154364433, 0.0, 0.28524569750096107, 0.7766224129374049, 0.5
1.8087263259220818, 0.0, 0.4318016032064128, 2.004566539540394, -0.7899090828150601, 0.0, 0.355281252629408, -0.4346278301856524, -1.339096905745412, 0.0, 1.1073719533118858, -0.23172495243352648, 0.49023646622324674, 0.0, 0.28458377931899304, 0.7748202455422405, 0.5
1.8129235104960162, 0.0, 0.43280360721442884, 2.0077209057875054, -0.791250863281739, 0.0, 0.3563908437649911, -0.43486001951674813, -1.339096905745412, 0.0, 1.1073719533118858, -0.23172495243352648, 0.48910149669932623, 0.0, 0.28392492601291897, 0.7730264227122458, 0.5
1.8171206950699503, 0.0, 0.4338056112224449, 2.010879083924648, -0.7925926437484176, 0.0, 0.35750043490057415, -0.43509220884784383, -1.339096905745412, 0.0, 1.1073719533118858, -0.23172495243352648, 0.4879717702796093, 0.0, 0.2832691163449922, 0.7712408866246022, 0.5
1.8213178796438847, 0.0, 0.4348076152304609, 2.014041073951823, -0.7939344242150965, 0.0, 0.3586100260361572, -0.43532439817893953, -1.339096905745412, 0.0, 1.1073719533118858, -0.23172495243352648, 0.48684725071626267, 0.0, 0.28261632927323305, 0.7694635799894962, 0.5
1.8255150642178188, 0.0, 0.43580961923847694, 2.0172068758690305, -0.7952762046817752, 0.0, 0.3597196171717402, -0.43555658751003523, -1.339096905745412, 0.0, 1.1073719533118858, -0.23172495243352648, 0.4857279020948123, 0.0, 0.28196654394917947, 0.7676944460439925, 0.5
1.8297122487917532, 0.0, 0.436811623246493, 2.0203764896762695, -0.796617985148454, 0.0, 0.3608292083073233, -0.435788776841131, -1.339096905745412, 0.0, 1.1073719533118858, -0.23172495243352648, 0.4846136888303236, 0.0, 0.2813197397156665, 0.7659334285459906, 0.5
1.8339094333656873, 0.0, 0.437813627254509, 2.0235499153735406, -0.7979597656151327, 0.0, 0.3619387994429063, -0.4360209661722267, -1.339096905745412, 0.0, 1.1073719533118858, -0.23172495243352648, 0.4835045756636262, 0.0, 0.2806758961046378, 0.7641804717682648, 0.5
1.8381066179396217, 0.0, 0.43881563126252504, 2.026727152960844, -0.7993015460818116, 0.0, 0.3630483905784894, -0.43625315550332244, -1.339096905745412, 0.0, 1.1073719533118858, -0.23172495243352648, 0.482400527657599, 0.0, 0.2800349928349863, 0.7624355204925858, 0.5
1.8423038025135559, 0.0, 0.4398176352705411, 2.029908202438179, -0.8006433265484902, 0.0, 0.36415798171407243, -0.43648534483441814, -1.339096905745412, 0.0, 1.1073719533118858, -0.23172495243352648, 0.4813015101934977, 0.0, 0.27939700981042476, 0.7606985200039232, 0.5
1.8465009870874902, 0.0, 0.4408196392785571, 2.0330930638055467, -0.8019851070151691, 0.0, 0.3652675728496555, -0.43671753416551384, -1.339096905745412, 0.0, 1.1073719533118858, -0.23172495243352648, 0.48020748896733995, 0.0, 0.27876192711738523, 0.7589694160847257, 0.5
1.8506981716614246, 0.0, 0.44182164328657314, 2.036281737062946, -0.803326887481848, 0.0, 0.36637716398523856, -0.4369497234966096, -1.339096905745412, 0.0, 1.1073719533118858, -0.23172495243352648, 0.4791184299863327, 0.0, 0.27812972502294697, 0.7572481550092802, 0.5
1.8548953562353587, 0.0, 0.4428236472945892, 2.039474222210378, -0.8046686679485267, 0.0, 0.36748675512082163, -0.4371819128277053, -1.339096905745412, 0.0, 1.1073719533118858, -0.23172495243352648, 0.47803429956535437, 0.0, 0.27750038397279303, 0.7555346835381479, 0.5
1.859092540809293, 0.0, 0.4438256513026052, 2.0426705192478414, -0.8060104484152055, 0.0, 0.3685963462564047, -0.437414102158801, -1.339096905745412, 0.0, 1.1073719533118858, -0.23172495243352648, 0.47695506432348, 0.0, 0.27687388458919354, 0.753828948912674, 0.5
1.8632897253832272, 0.0, 0.44482765531062124, 2.0458706281753365, -0.8073522288818842, 0.0, 0.3697059373919877, -0.43764629148989675, -1.339096905745412, 0.0, 1.1073719533118858, -0.23172495243352648, 0.4758806911805558, 0.0, 0.2762502076690173, 0.7521308988495736, 0.5
1.8674869099571616, 0.0, 0.4458296593186373, 2.0490745489928646, -0.8086940093485631, 0.0, 0.37081552852757077, -0.43787848082099246, -1.339096905745412, 0.0, 1.1073719533118858, -0.23172495243352648, 0.47481114735381913, 0.0, 0.2756293341817696, 0.7504404815355893, 0.5
1.8716840945310957, 0.0, 0.4468316633266533, 2.0522822817004243, -0.8100357898152417, 0.0, 0.37192511966315384, -0.43811067015208816, -1.339096905745412, 0.0, 1.1073719533118858, -0.23172495243352648, 0.47374640035456406, 0.0, 0.2750112452676565, 0.748757645622221, 0.5
1.8758812791050299, 0.0, 0.4478336673346693, 2.055493826298016, -0.8113775702819204, 0.0, 0.37303471079873685, -0.43834285948318386, -1.339096905745412, 0.0, 1.1073719533118858, -0.23172495243352648, 0.47268641798485134, 0.0, 0.2743959222356752, 0.7470823402205273, 0.5
1.880078463678964, 0.0, 0.4488356713426853, 2.0587091827856394, -0.8127193507485992, 0.0, 0.37414430193431986, -0.43857504881427956, -1.339096905745412, 0.0, 1.1073719533118858, -0.23172495243352648, 0.47163116833426416, 0.0, 0.27378334656173003, 0.7454145148959946, 0.5
1.8842756482528984, 0.0, 0.44983767535070135, 2.0619283511632958, -0.8140611312152779, 0.0, 0.3752538930699029, -0.4388072381453753, -1.339096905745412, 0.0, 1.1073719533118858, -0.23172495243352648, 0.470580619776703, 0.0, 0.27317349988677325, 0.743754119663477, 0.5
1.8884728328268325, 0.0, 0.4508396793587174, 2.0651513314309837, -0.8154029116819568, 0.0, 0.37636348420548593, -0.439039427476471, -1.339096905745412, 0.0, 1.1073719533118858, -0.23172495243352648, 0.46953474096723025, 0.0, 0.2725663640149715, 0.7421011049822023, 0.5
1.892670017400767, 0.0, 0.4518416833667334, 2.0683781235887038, -0.8167446921486354, 0.0, 0.377473075341069, -0.43927161680756677, -1.339096905745412, 0.0, 1.1073719533118858, -0.23172495243352648, 0.4684935008389479, 0.0, 0.27196192091189525, 0.7404554217508439, 0.5
1.896867201974701, 0.0, 0.45284368737474945, 2.0716087276364554, -0.8180864726153143, 0.0, 0.37858266647665206, -0.43950380613866247, -1.339096905745412, 0.0, 1.1073719533118858, -0.23172495243352648, 0.4674568685999266, 0.0, 0.27136015270273406, 0.7388170213026611, 0.5
1.9010643865486354, 0.0, 0.4538456913827655, 2.07484314357424, -0.819428253081993, 0.0, 0.37969225761223513, -0.43973599546975817, -1.339096905745412, 0.0, 1.1073719533118858, -0.23172495243352648, 0.4664248137301651, 0.0, 0.2707610416705338, 0.7371858554006996, 0.5
1.9052615711225698, 0.0, 0.4548476953907815, 2.0780813714020563, -0.8207700335486718, 0.0, 0.3808018487478182, -0.4399681848008539, -1.339096905745412, 0.0, 1.1073719533118858, -0.23172495243352648, 0.46539730597859974, 0.0, 0.27016457025445817, 0.7355618762330584, 0.5
1.909458755696504, 0.0, 0.45584969939879755, 2.0813234111199046, -0.8221118140153505, 0.0, 0.38191143988340126, -0.4402003741319496, -1.339096905745412, 0.0, 1.1073719533118858, -0.23172495243352648, 0.4643743153601447, 0.0, 0.26957072104807295, 0.7339450364082184, 0.5
1.9136559402704383, 0.0, 0.4568517034068136, 2.0845692627277845, -0.8234535944820294, 0.0, 0.3830210310189843, -0.4404325634630453, -1.339096905745412, 0.0, 1.1073719533118858, -0.23172495243352648, 0.4633558121527785, 0.0, 0.26897947679765283, 0.732335288950432, 0.5
1.9178531248443724, 0.0, 0.4578537074148296, 2.087818926225697, -0.824795374948708, 0.0, 0.3841306221545673, -0.4406647527941411, -1.339096905745412, 0.0, 1.1073719533118858, -0.23172495243352648, 0.462341766894663, 0.0, 0.26839082040051, 0.7307325872951738, 0.5
1.9220503094183068, 0.0, 0.45885571142284565, 2.0910724016136415, -0.8261371554153869, 0.0, 0.38524021329015046, -0.4408969421252368, -1.339096905745412, 0.0, 1.1073719533118858, -0.23172495243352648, 0.46133215038130376, 0.0, 0.26780473490334544, 0.7291368852846499, 0.5
1.926247493992241, 0.0, 0.4598577154308617, 2.094329688891618, -0.8274789358820656, 0.0, 0.3863498044257334, -0.4411291314563325, -1.339096905745412, 0.0, 1.1073719533118858, -0.23172495243352648, 0.4603269336627464, 0.0, 0.2672212035006215, 0.7275481371633686, 0.5
1.9304446785661753, 0.0, 0.4608597194388777, 2.0975907880596267, -0.8288207163487444, 0.0, 0.3874593955613165, -0.4413613207874282, -1.339096905745412, 0.0, 1.1073719533118858, -0.23172495243352648, 0.45932608804080877, 0.0, 0.2666402095329549, 0.7259662975737644, 0.5
1.9346418631401094, 0.0, 0.46186172344689375, 2.1008556991176675, -0.8301624968154231, 0.0, 0.38856898669689954, -0.44159351011852394, -1.339096905745412, 0.0, 1.1073719533118858, -0.23172495243352648, 0.4583295850663505, 0.0, 0.26606173648553216, 0.7243913215518835, 0.5
1.9388390477140438, 0.0, 0.4628637274549098, 2.1041244220657402, -0.831504277282102, 0.0, 0.3896785778324826, -0.44182569944961964, -1.339096905745412, 0.0, 1.1073719533118858, -0.23172495243352648, 0.4573373965365774, 0.0, 0.2654857679865441, 0.7228231645231222, 0.5
1.943036232287978, 0.0, 0.4638657314629258, 2.107396956903845, -0.8328460577487806, 0.0, 0.3907881689680657, -0.44205788878071534, -1.339096905745412, 0.0, 1.1073719533118858, -0.23172495243352648, 0.4563494944923802, 0.0, 0.26491228780564186, 0.7212617822980228, 0.5
1.9472334168619123, 0.0, 0.46486773547094185, 2.1106733036319816, -0.8341878382154595, 0.0, 0.39189776010364874, -0.4422900781118111, -1.339096905745412, 0.0, 1.1073719533118858, -0.23172495243352648, 0.4553658512157087, 0.0, 0.26434127985241174, 0.7197071310681212, 0.5
1.9514306014358467, 0.0, 0.4658697394789579, 2.1139534622501506, -0.8355296186821384, 0.0, 0.3930073512392318, -0.4425222674429068, -1.339096905745412, 0.0, 1.1073719533118858, -0.23172495243352648, 0.45438643922697997, 0.0, 0.26377272817487113, 0.7181591674018516, 0.5
1.9556277860097808, 0.0, 0.4668717434869739, 2.1172374327583516, -0.836871399148817, 0.0, 0.39411694237481487, -0.4427544567740025, -1.339096905745412, 0.0, 1.1073719533118858, -0.23172495243352648, 0.4534112312825172, 0.0, 0.26320661695798203, 0.7166178482404999, 0.5
1.9598249705837152, 0.0, 0.46787374749498994, 2.1205252151565848, -0.8382131796154959, 0.0, 0.39522653351039794, -0.44298664610509825, -1.339096905745412, 0.0, 1.1073719533118858, -0.23172495243352648, 0.45244020037202715, 0.0, 0.2626429305221854, 0.715083130894213, 0.5
1.9640221551576493, 0.0, 0.468875751503006, 2.1238168094448495, -0.8395549600821746, 0.0, 0.3963361246459809, -0.44321883543619395, -1.339096905745412, 0.0, 1.1073719533118858, -0.23172495243352648, 0.4514733197161024, 0.0, 0.2620816533219534, 0.7135549730380565, 0.5
1.9682193397315837, 0.0, 0.469877755511022, 2.127112215623147, -0.8408967405488534, 0.0, 0.39744571578156396, -0.4434510247672897, -1.339096905745412, 0.0, 1.1073719533118858, -0.23172495243352648, 0.4505105627637632, 0.0, 0.26152276994435986, 0.7120333327081235, 0.5
1.9724165243055178, 0.0, 0.47087975951903804, 2.1304114336914757, -0.8422385210155321, 0.0, 0.398555306917147, -0.4436832140983854, -1.339096905745412, 0.0, 1.1073719533118858, -0.23172495243352648, 0.44955190319002397, 0.0, 0.26096626510766996, 0.7105181682976947, 0.5
1.9766137088794522, 0.0, 0.4718817635270541, 2.133714463649837, -0.843580301482211, 0.0, 0.3996648980527301, -0.4439154034294811, -1.339096905745412, 0.0, 1.1073719533118858, -0.23172495243352648, 0.44859731489349675, 0.0, 0.2604121236599472, 0.7090094385534444, 0.5
1.9808108934533863, 0.0, 0.4728837675350701, 2.1370213054982306, -0.8449220819488896, 0.0, 0.40077448918831315, -0.4441475927605768, -1.339096905745412, 0.0, 1.1073719533118858, -0.23172495243352648, 0.4476467719940193, 0.0, 0.25986033057767804, 0.707507102571698, 0.5
1.9850080780273207, 0.0, 0.47388577154308614, 2.1403319592366556, -0.8462638624155685, 0.0, 0.4018840803238962, -0.44437978209167256, -1.339096905745412, 0.0, 1.1073719533118858, -0.23172495243352648, 0.4467002488303194, 0.0, 0.2593108709644144, 0.7060111197947343, 0.5
1.9892052626012549, 0.0, 0.4748877755511022, 2.1436464248651133, -0.8476056428822472, 0.0, 0.4029936714594792, -0.44461197142276826, -1.339096905745412, 0.0, 1.1073719533118858, -0.23172495243352648, 0.44575771995770225, 0.0, 0.2587637300494331, 0.7045214500071361, 0.5
1.9934024471751892, 0.0, 0.4758897795591182, 2.1469647023836025, -0.848947423348926, 0.0, 0.40410326259506235, -0.44484416075386396, -1.339096905745412, 0.0, 1.1073719533118858, -0.23172495243352648, 0.44481916014577394, 0.0, 0.2582188931864121, 0.7030380533321865, 0.5
1.9975996317491236, 0.0, 0.47689178356713424, 2.1502867917921242, -0.8502892038156049, 0.0, 0.4052128537306454, -0.4450763500849597, -1.339096905745412, 0.0, 1.1073719533118858, -0.23172495243352648, 0.4438845443761868, 0.0, 0.25767634585212407, 0.7015608902283114, 0.5
2.0017968163230577, 0.0, 0.4778937875751503, 2.153612693090678, -0.8516309842822836, 0.0, 0.40632244486622837, -0.4453085394160554, -1.339096905745412, 0.0, 1.1073719533118858, -0.23172495243352648, 0.44295384784041864, 0.0, 0.2571360736451451, 0.7000899214855643, 0.5
2.005994000896992, 0.0, 0.4788957915831663, 2.1569424062792635, -0.8529727647489624, 0.0, 0.40743203600181144, -0.4455407287471511, -1.339096905745412, 0.0, 1.1073719533118858, -0.23172495243352648, 0.44202704593757686, 0.0, 0.2565980622845813, 0.6986251082221586, 0.5
2.0101911854709265, 0.0, 0.47989779559118234, 2.160275931357881, -0.8543145452156411, 0.0, 0.4085416271373946, -0.44577291807824687, -1.339096905745412, 0.0, 1.1073719533118858, -0.23172495243352648, 0.44110411427223034, 0.0, 0.25606229760880994, 0.697166411881041, 0.5
2.0143883700448604, 0.0, 0.4808997995991984, 2.163613268326531, -0.8556563256823198, 0.0, 0.40965121827297757, -0.44600510740934257, -1.339096905745412, 0.0, 1.1073719533118858, -0.23172495243352648, 0.44018502865227066, 0.0, 0.2555287655742371, 0.6957137942265085, 0.5
2.0185855546187947, 0.0, 0.4819018036072144, 2.166954417185213, -0.8569981061489986, 0.0, 0.41076080940856063, -0.44623729674043827, -1.339096905745412, 0.0, 1.1073719533118858, -0.23172495243352648, 0.4392697650867962, 0.0, 0.2549974522540706, 0.6942672173408674, 0.5
2.022782739192729, 0.0, 0.48290380761523044, 2.170299377933927, -0.8583398866156775, 0.0, 0.4118704005441437, -0.446469486071534, -1.339096905745412, 0.0, 1.1073719533118858, -0.23172495243352648, 0.4383582997840253, 0.0, 0.2544683438371081, 0.6928266436211339, 0.5
2.0269799237666635, 0.0, 0.4839058116232465, 2.1736481505726726, -0.8596816670823562, 0.0, 0.41297999167972677, -0.4467016754026297, -1.339096905745412, 0.0, 1.1073719533118858, -0.23172495243352648, 0.43745060914923545, 0.0, 0.25394142662654046, 0.6913920357757766, 0.5
2.0311771083405974, 0.0, 0.4849078156312625, 2.177000735101451, -0.8610234475490348, 0.0, 0.4140895828153097, -0.44693386473372543, -1.339096905745412, 0.0, 1.1073719533118858, -0.23172495243352648, 0.4365466697827273, 0.0, 0.2534166870387699, 0.6899633568214979, 0.5
2.0353742929145318, 0.0, 0.48590981963927854, 2.180357131520261, -0.8623652280157137, 0.0, 0.4151991739508928, -0.44716605406482113, -1.339096905745412, 0.0, 1.1073719533118858, -0.23172495243352648, 0.4356464584778128, 0.0, 0.2528941116022424, 0.6885405700800556, 0.5
2.039571477488466, 0.0, 0.4869118236472946, 2.1837173398291028, -0.8637070084823926, 0.0, 0.41630876508647585, -0.4473982433959169, -1.339096905745412, 0.0, 1.1073719533118858, -0.23172495243352648, 0.4347499522188296, 0.0, 0.2523736869562953, 0.6871236391751253, 0.5
2.0437686620624005, 0.0, 0.4879138276553106, 2.1870813600279773, -0.8650487889490712, 0.0, 0.4174183562220589, -0.4476304327270126, -1.339096905745412, 0.0, 1.1073719533118858, -0.23172495243352648, 0.4338571281791799, 0.0, 0.2518553998500183, 0.6857125280291989, 0.5
2.047965846636335, 0.0, 0.48891583166332664, 2.1904491921168834, -0.8663905694157501, 0.0, 0.4185279473576421, -0.44786262205810834, -1.339096905745412, 0.0, 1.1073719533118858, -0.23172495243352648, 0.4329679637193938, 0.0, 0.251339237141129, 0.6843072008605232, 0.5
2.0521630312102688, 0.0, 0.48991783567134267, 2.1938208360958216, -0.8677323498824288, 0.0, 0.41963753849322505, -0.44809481138920404, -1.339096905745412, 0.0, 1.1073719533118858, -0.23172495243352648, 0.43208243638521343, 0.0, 0.25082518579486196, 0.6829076221800761, 0.5
2.056360215784203, 0.0, 0.4909198396793587, 2.1971962919647923, -0.8690741303491076, 0.0, 0.4207471296288081, -0.44832700072029974, -1.339096905745412, 0.0, 1.1073719533118858, -0.23172495243352648, 0.43120052390570557, 0.0, 0.25031323288287133, 0.6815137567885774, 0.5
2.0605574003581375, 0.0, 0.49192184368737474, 2.2005755597237946, -0.8704159108157863, 0.0, 0.4218567207643912, -0.44855919005139544, -1.339096905745412, 0.0, 1.1073719533118858, -0.23172495243352648, 0.4303222041913917, 0.0, 0.24980336558214725, 0.6801255697735397, 0.5
2.064754584932072, 0.0, 0.49292384769539077, 2.203958639372829, -0.8717576912824652, 0.0, 0.42296631189997425, -0.4487913793824912, -1.339096905745412, 0.0, 1.1073719533118858, -0.23172495243352648, 0.4294474553324067, 0.0, 0.2492955711739451, 0.6787430265063524, 0.5
2.068951769506006, 0.0, 0.4939258517034068, 2.2073455309118954, -0.8730994717491438, 0.0, 0.4240759030355572, -0.4490235687135869, -1.339096905745412, 0.0, 1.1073719533118858, -0.23172495243352648, 0.4285762555966744, 0.0, 0.24878983704272792, 0.6773660926394031, 0.5
2.07314895407994, 0.0, 0.49492785571142284, 2.2107362343409944, -0.8744412522158227, 0.0, 0.42518549417114027, -0.44925575804468265, -1.339096905745412, 0.0, 1.1073719533118858, -0.23172495243352648, 0.4277085834281096, 0.0, 0.24828615067512158, 0.6759947341032316, 0.5
2.0773461386538745, 0.0, 0.49592985971943887, 2.214130749660125, -0.8757830326825014, 0.0, 0.42629508530672333, -0.44948794737577835, -1.339096905745412, 0.0, 1.1073719533118858, -0.23172495243352648, 0.4268444174448385, 0.0, 0.24778449965888294, 0.6746289171037221, 0.5
2.081543323227809, 0.0, 0.4969318637274549, 2.2175290768692877, -0.8771248131491802, 0.0, 0.4274046764423064, -0.44972013670687405, -1.339096905745412, 0.0, 1.1073719533118858, -0.23172495243352648, 0.42598373643744475, 0.0, 0.24728487168188001, 0.6732686081193254, 0.5
2.085740507801743, 0.0, 0.49793386773547094, 2.2209312159684824, -0.8784665936158589, 0.0, 0.42851426757788946, -0.44995232603796975, -1.339096905745412, 0.0, 1.1073719533118858, -0.23172495243352648, 0.4251265193672319, 0.0, 0.24678725453108477, 0.6719137738983173, 0.5
2.089937692375677, 0.0, 0.49893587174348697, 2.224337166957709, -0.8798083740825378, 0.0, 0.42962385871347253, -0.4501845153690655, -1.339096905745412, 0.0, 1.1073719533118858, -0.23172495243352648, 0.4242727453645104, 0.0, 0.2462916360915781, 0.6705643814560889, 0.5
2.0941348769496115, 0.0, 0.499937875751503, 2.2277469298369685, -0.8811501545492164, 0.0, 0.4307334498490556, -0.4504167047001612, -1.339096905745412, 0.0, 1.1073719533118858, -0.23172495243352648, 0.4234223937269029, 0.0, 0.2457980043455664, 0.66922039807247, 0.5
2.098332061523546, 0.0, 0.500939879759519, 2.231160504606259, -0.8824919350158953, 0.0, 0.43184304098463866, -0.45064889403125696, -1.339096905745412, 0.0, 1.1073719533118858, -0.23172495243352648, 0.4225754439176727, 0.0, 0.24530634737141047, 0.6678817912890839, 0.5
2.1025292460974803, 0.0, 0.5019418837675351, 2.2345778912655825, -0.8838337154825742, 0.0, 0.4329526321202217, -0.45088108336235266, -1.339096905745412, 0.0, 1.1073719533118858, -0.23172495243352648, 0.42173187556406894, 0.0, 0.24481665334266556, 0.6665485289067349, 0.5
2.106726430671414, 0.0, 0.5029438877755511, 2.2379990898149376, -0.8851754959492528, 0.0, 0.4340622232558047, -0.45111327269344836, -1.339096905745412, 0.0, 1.1073719533118858, -0.23172495243352648, 0.4208916684556929, 0.0, 0.24432891052713326, 0.6652205789828266, 0.5
2.1109236152453486, 0.0, 0.5039458917835671, 2.2414241002543243, -0.8865172764159315, 0.0, 0.43517181439138775, -0.45134546202454406, -1.339096905745412, 0.0, 1.1073719533118858, -0.23172495243352648, 0.42005480254288496, 0.0, 0.24384310728592434, 0.6638979098288099, 0.5
2.115120799819283, 0.0, 0.5049478957915832, 2.2448529225837435, -0.8878590568826104, 0.0, 0.4362814055269708, -0.4515776513556398, -1.339096905745412, 0.0, 1.1073719533118858, -0.23172495243352648, 0.4192212579351298, 0.0, 0.24335923207253313, 0.6625804900076636, 0.5
2.119317984393217, 0.0, 0.5059498997995991, 2.2482855568031948, -0.889200837349289, 0.0, 0.43739099666255377, -0.4518098406867355, -1.339096905745412, 0.0, 1.1073719533118858, -0.23172495243352648, 0.4183910148994798, 0.0, 0.24287727343192278, 0.6612682883314032, 0.5
2.123515168967151, 0.0, 0.5069519038076152, 2.251722002912678, -0.8905426178159679, 0.0, 0.43850058779813694, -0.4520420300178312, -1.339096905745412, 0.0, 1.1073719533118858, -0.23172495243352648, 0.41756405385899775, 0.0, 0.24239721999962097, 0.6599612738586191, 0.5
2.1277123535410856, 0.0, 0.5079539078156312, 2.2551622609121935, -0.8918843982826468, 0.0, 0.43961017893372, -0.452274219348927, -1.339096905745412, 0.0, 1.1073719533118858, -0.23172495243352648, 0.4167403553912186, 0.0, 0.24191906050082693, 0.658659415892046, 0.5
2.13190953811502, 0.0, 0.5089559118236473, 2.2586063308017414, -0.8932261787493254, 0.0, 0.4407197700693031, -0.4525064086800227, -1.339096905745412, 0.0, 1.1073719533118858, -0.23172495243352648, 0.41591990022662895, 0.0, 0.24144278374952888, 0.6573626839761585, 0.5
2.136106722688954, 0.0, 0.5099579158316633, 2.2620542125813206, -0.8945679592160041, 0.0, 0.44182936120488603, -0.4527385980111184, -1.339096905745412, 0.0, 1.1073719533118858, -0.23172495243352648, 0.4151026692471647, 0.0, 0.2409683786476314, 0.6560710478947968, 0.5
2.1403039072628887, 0.0, 0.5109599198396794, 2.265505906250932, -0.8959097396826832, 0.0, 0.4429389523404692, -0.45297078734221413, -1.339096905745412, 0.0, 1.1073719533118858, -0.23172495243352648, 0.4142886434847248, 0.0, 0.24049583418409337, 0.6547844776688185, 0.5
2.1445010918368226, 0.0, 0.5119619238476953, 2.268961411810576, -0.8972515201493618, 0.0, 0.44404854347605216, -0.45320297667330983, -1.339096905745412, 0.0, 1.1073719533118858, -0.23172495243352648, 0.41347780411970453, 0.0, 0.24002513943407658, 0.6535029435537816, 0.5
2.148698276410757, 0.0, 0.5129639278557114, 2.2724207292602516, -0.8985933006160405, 0.0, 0.4451581346116352, -0.45343516600440553, -1.339096905745412, 0.0, 1.1073719533118858, -0.23172495243352648, 0.4126701324795453, 0.0, 0.23955628355810316, 0.6522264160376491, 0.5
2.152895460984691, 0.0, 0.5139659318637274, 2.275883858599959, -0.8999350810827191, 0.0, 0.4462677257472182, -0.45366735533550123, -1.339096905745412, 0.0, 1.1073719533118858, -0.23172495243352648, 0.4118656100373018, 0.0, 0.239089255801224, 0.6509548658385265, 0.5
2.1570926455586257, 0.0, 0.5149679358717435, 2.2793507998296993, -0.9012768615493982, 0.0, 0.44737731688280147, -0.453899544666597, -1.339096905745412, 0.0, 1.1073719533118858, -0.23172495243352648, 0.4110642184102237, 0.0, 0.23862404549219593, 0.6496882639024201, 0.5
2.1612898301325596, 0.0, 0.5159699398797595, 2.282821552949471, -0.9026186420160769, 0.0, 0.4484869080183844, -0.4541317339976927, -1.339096905745412, 0.0, 1.1073719533118858, -0.23172495243352648, 0.4102659393583569, 0.0, 0.23816064204266962, 0.6484265814010269, 0.5
2.165487014706494, 0.0, 0.5169719438877756, 2.2862961179592753, -0.9039604224827555, 0.0, 0.4495964991539675, -0.4543639233287884, -1.339096905745412, 0.0, 1.1073719533118858, -0.23172495243352648, 0.409470754783159, 0.0, 0.23769903494638545, 0.6471697897295451, 0.5
2.169684199280428, 0.0, 0.5179739478957915, 2.289774494859111, -0.9053022029494342, 0.0, 0.45070609028955044, -0.4545961126598841, -1.339096905745412, 0.0, 1.1073719533118858, -0.23172495243352648, 0.4086786467261326, 0.0, 0.23723921377838006, 0.6459178605045133, 0.5
2.1738813838543627, 0.0, 0.5189759519038076, 2.293256683648979, -0.9066439834161133, 0.0, 0.4518156814251336, -0.4548283019909799, -1.339096905745412, 0.0, 1.1073719533118858, -0.23172495243352648, 0.4078895973674717, 0.0, 0.23678116819420122, 0.6446707655616734, 0.5
2.1780785684282966, 0.0, 0.5199779559118236, 2.296742684328879, -0.907985763882792, 0.0, 0.4529252725607166, -0.4550604913220756, -1.339096905745412, 0.0, 1.1073719533118858, -0.23172495243352648, 0.40710358902472665, 0.0, 0.2363248879291326, 0.6434284769538596, 0.5
2.182275753002231, 0.0, 0.5209799599198397, 2.3002324968988113, -0.9093275443494706, 0.0, 0.45403486369629964, -0.4552926806531713, -1.339096905745412, 0.0, 1.1073719533118858, -0.23172495243352648, 0.4063206041514824, 0.0, 0.23587036279742624, 0.6421909669489093, 0.5
2.186472937576165, 0.0, 0.5219819639278557, 2.3037261213587756, -0.9106693248161493, 0.0, 0.4551444548318826, -0.455524869984267, -1.339096905745412, 0.0, 1.1073719533118858, -0.23172495243352648, 0.4055406253360544, 0.0, 0.2354175826915453, 0.6409582080276004, 0.5
2.1906701221500997, 0.0, 0.5229839679358718, 2.307223557708772, -0.9120111052828284, 0.0, 0.45625404596746577, -0.45575705931536276, -1.339096905745412, 0.0, 1.1073719533118858, -0.23172495243352648, 0.40476363530019577, 0.0, 0.23496653758141428, 0.6397301728816105, 0.5
2.1948673067240336, 0.0, 0.5239859719438877, 2.3107248059488, -0.913352885749507, 0.0, 0.45736363710304884, -0.45598924864645846, -1.339096905745412, 0.0, 1.1073719533118858, -0.23172495243352648, 0.4039896168978227, 0.0, 0.2345172175136789, 0.638506834411502, 0.5
2.199064491297968, 0.0, 0.5249879759519038, 2.3142298660788607, -0.9146946662161857, 0.0, 0.4584732282386319, -0.45622143797755416, -1.339096905745412, 0.0, 1.1073719533118858, -0.23172495243352648, 0.40321855311375293, 0.0, 0.23406961261097345, 0.637288165724727, 0.5
2.2032616758719024, 0.0, 0.5259899799599198, 2.3177387380989534, -0.9160364466828645, 0.0, 0.45958281937421497, -0.4564536273086499, -1.339096905745412, 0.0, 1.1073719533118858, -0.23172495243352648, 0.4024504270624597, 0.0, 0.23362371307119736, 0.6360741401336577, 0.5
2.2074588604458367, 0.0, 0.5269919839679359, 2.321251422009078, -0.9173782271495434, 0.0, 0.46069241050979803, -0.4566858166397456, -1.339096905745412, 0.0, 1.1073719533118858, -0.23172495243352648, 0.401685221986838, 0.0, 0.23317950916679953, 0.634864731153638, 0.5
2.2116560450197706, 0.0, 0.5279939879759519, 2.324767917809234, -0.9187200076162221, 0.0, 0.461802001645381, -0.4569180059708413, -1.339096905745412, 0.0, 1.1073719533118858, -0.23172495243352648, 0.4009229212569858, 0.0, 0.23273699124407088, 0.6336599125010571, 0.5
2.215853229593705, 0.0, 0.528995991983968, 2.328288225499423, -0.9200617880829007, 0.0, 0.46291159278096405, -0.457150195301937, -1.339096905745412, 0.0, 1.1073719533118858, -0.23172495243352648, 0.40016350836900066, 0.0, 0.23229614972244508, 0.6324596580914463, 0.5
2.2200504141676394, 0.0, 0.5299979959919839, 2.3318123450796437, -0.9214035685495796, 0.0, 0.4640211839165471, -0.45738238463303277, -1.339096905745412, 0.0, 1.1073719533118858, -0.23172495243352648, 0.39940696694378824, 0.0, 0.23185697509380723, 0.6312639420375962, 0.5
2.2242475987415737, 0.0, 0.531, 2.3353402765498967, -0.9227453490162585, 0.0, 0.4651307750521302, -0.45761457396412847, -1.339096905745412, 0.0, 1.1073719533118858, -0.23172495243352648, 0.39865328072588413, 0.0, 0.2314194579218101, 0.6300727386476946, 0.5
