phi0, phi, rho, Z_fit_curve, F_id, F_fr, F_ex, F_total, mu_id, mu_fr, mu_ex, mu_kT, PV_id, PV_fr, PV_ex, PV_NkT, alpha
1.0000000000000005E-4, 0.029019332506247206, 2.387324146378431E-5, 1.0578918524698133, -2.796469277330699E-4, 0.0, 1.432292312615561E-5, -2.653240046069242E-4, -10.316604512428187, 0.0, -0.8245193104070591, -11.14112382283488, 1.3972186044407144, 0.0, -1.4244765113545497, -0.027257906913051695, 6.6150000000000215
1.0761523046092189E-4, 0.03123021123085159, 2.5691243819743836E-5, 1.0607092469485915, -2.9836982538122765E-4, 0.0, 1.288414457295534E-5, -2.8548568080828164E-4, -10.280708336326487, 0.0, -0.7586978207032884, -11.039406157029424, 1.3329693615952096, 0.0, -1.2601972678827909, 0.0727720937131331, 6.615000000000021
1.1523046092184372E-4, 0.033439505588351424, 2.750924617570336E-5, 1.0633835587990785, -3.1702796518902576E-4, 0.0, 1.1562843492622395E-5, -3.054651216964121E-4, -10.245362497885765, 0.0, -0.6952703962930104, -10.940632894178432, 1.279052353911602, 0.0, -1.115596108556071, 0.16345624535619227, 6.61500000000002
1.2284569138276555E-4, 0.03564732274573579, 2.9327248531662886E-5, 1.0659284892120362, -3.356223402905929E-4, 0.0, 1.0354726780018933E-5, -3.2526761351058203E-4, -10.21055889235266, 0.0, -0.6341719765244533, -10.84473086887678, 1.2334857110216182, 0.0, -0.9872472665176332, 0.2462384445045928, 6.615000000000019
1.304609218436874E-4, 0.037853765900174, 3.114525088762241E-5, 1.0683571584972538, -3.5415392916822696E-4, 0.0, 9.25561858788791E-6, -3.4489831058034655E-4, -10.17628950576516, 0.0, -0.5753386237551198, -10.751628129519958, 1.194751634538289, 0.0, -0.8725145438105986, 0.3222370907282531, 6.615000000000018
1.3807615230460924E-4, 0.040058934363436376, 3.296325324358194E-5, 1.0706821222450214, -3.726236958168517E-4, 0.0, 8.261458295528449E-6, -3.6436223752133004E-4, -10.142546414290223, 0.0, -0.5187075120191971, -10.661253926309104, 1.1616684052650308, 0.0, -0.7693338150263792, 0.3923345902391709, 6.615000000000016
1.456913827655311E-4, 0.04226292364532683, 3.478125559954146E-5, 1.0729153871820625, -3.9103258990727063E-4, 0.0, 7.368298498028682E-6, -3.8366429140924827E-4, -10.109321783563706, 0.0, -0.4642169157446441, -10.57353869930805, 1.133302531368322, 0.0, -0.6760637387249456, 0.457238792643858, 6.615000000000015
1.5330661322645293E-4, 0.04446582553613215, 3.659925795550099E-5, 1.0750684267255692, -4.093815469482241E-4, 0.0, 6.572303015965851E-6, -4.028092439322639E-4, -10.07660786803267, 0.0, -0.41180619851996303, -10.488414066552341, 1.108907080001751, 0.0, -0.5913809599524693, 0.5175261200497296, 6.615000000000015
1.6092184368737475E-4, 0.04666772818809291, 3.8417260311460506E-5, 1.077152196238899, -4.276714884472513E-4, 0.0, 5.869744925483249E-6, -4.2180174352177325E-4, -10.044397010299985, 0.0, -0.3614158019106484, -10.405812812210348, 1.0878775189086936, 0.0, -0.514205065848145, 0.573672453060968, 6.6150000000000135
1.6853707414829662E-4, 0.04886871619590088, 4.023526266742004E-5, 1.0791771479925296, -4.4590332207036494E-4, 0.0, 5.257004608653764E-6, -4.4064631746171593E-4, -10.012681640471305, 0.0, -0.3129872343253167, -10.32566887479635, 1.0697195297695712, 0.0, -0.4436438837451937, 0.6260756460247678, 6.615000000000013
1.761523046092184E-4, 0.05106887067622781, 4.2053265023379556E-5, 1.0811532458338118, -4.6407794180053835E-4, 0.0, 4.730567824039601E-6, -4.5934737397650317E-4, -9.981454275504392, 0.0, -0.26646305993151725, -10.247917335435648, 1.0540251704443033, 0.0, -0.3789529658023132, 0.6750722046423577, 6.615000000000013
1.8376753507014029E-4, 0.05326826934629071, 4.387126737933909E-5, 1.0830899795690525, -4.821962280950147E-4, 0.0, 4.287023797357972E-6, -4.779092042976606E-4, -9.950707518560733, 0.0, -0.22178688762122084, -10.172494406181704, 1.0404549642925, 0.0, -0.3195051450011506, 0.7209498192916881, 6.615000000000011
1.913827655310621E-4, 0.055466986601458004, 4.568926973529861E-5, 1.0849963790614447, -5.002590480414358E-4, 0.0, 3.923063332162408E-6, -4.963359847092768E-4, -9.92043405835955, 0.0, -0.17890336002599305, -10.099337418385298, 1.0287242656778706, 0.0, -0.26476735730348794, 0.7639569083747019, 6.615000000000011
1.9899799599198395E-4, 0.05766509359190215, 4.750727209125813E-5, 1.0868810280483379, -5.182672555128037E-4, 0.0, 3.6354769404493005E-6, -5.146317785723574E-4, -9.89062666853411, 0.0, -0.13775814258184246, -10.028384811115716, 1.0185927561730928, 0.0, -0.2142827835560875, 0.8043099726173057, 6.615000000000012
2.066132264529058E-4, 0.0598626582983031, 4.932527444721766E-5, 1.0887520776813149, -5.362216913212678E-4, 0.0, 3.421152993099487E-6, -5.32800538328171E-4, -9.861278206990402, 0.0, -0.09829791264375233, -9.959576119633924, 1.009856263737616, 0.0, -0.16765693864897852, 0.8421993250889213, 6.615000000000012
2.1422845691382767E-4, 0.06205974560660757, 5.114327680317719E-5, 1.0906172597925388, -5.541231833707555E-4, 0.0, 3.2770758900643494E-6, -5.508461074806933E-4, -9.832381615268144, 0.0, -0.06047034864989323, -9.892851963917813, 1.002340326841196, 0.0, -0.12454672574000503, 0.8777936011014551, 6.61500000000001
2.2184368737474948E-4, 0.06425641738184935, 5.296127915913671E-5, 1.0924838998907969, -5.71972546808436E-4, 0.0, 3.2003242502064763E-6, -5.687722225582311E-4, -9.803929917904119, 0.0, -0.02422411933551219, -9.828154037239415, 0.995895084241078, 0.0, -0.08465174308285829, 0.9112433411584654, 6.615000000000009
2.294589178356713E-4, 0.06645273254103524, 5.477928151509623E-5, 1.0943589298906553, -5.897705841750341E-4, 0.0, 3.188069120704104E-6, -5.865825150543313E-4, -9.775916221797873, 0.0, 0.01049112700349476, -9.765425094794173, 0.9903911824440628, 0.0, -0.04770732015623161, 0.9426838622880619, 6.615000000000009
2.3707414829659315E-4, 0.0686487471251015, 5.659728387105576E-5, 1.0962489005781275, -6.075180855539914E-4, 0.0, 3.2375722059293175E-6, -6.042805133480631E-4, -9.748333715579745, 0.0, 0.04372477319733104, -9.704608942382215, 0.9857164720244038, 0.0, -0.01347889426673668, 0.9722375777578841, 6.615000000000008
2.44689378757515E-4, 0.07084451436994582, 5.8415286227015284E-5, 1.0981599938162185, -6.252158287194788E-4, 0.0, 3.3461841157097525E-6, -6.218696446037698E-4, -9.721175668981218, 0.0, 0.07552524383936751, -9.645650425141657, 0.9817733209414832, 0.0, 0.018242564393002945, 1.0000158853346925, 6.615000000000007
2.5230460921843684E-4, 0.07304008477653992, 6.023328858297481E-5, 1.1000980344937112, -6.42864579283269E-4, 0.0, 3.51134263288309E-6, -6.393532366503862E-4, -9.694435432207635, 0.0, 0.1059400158735288, -9.588495416333922, 0.9784764144979634, 0.0, 0.04764430073843346, 1.0261207152365872, 6.615000000000007
2.5991983967935865E-4, 0.07523550618012716, 6.205129093893433E-5, 1.1020685022205265, -6.604650908404702E-4, 0.0, 3.7305710000546325E-6, -6.567345198404153E-4, -9.66810643531325, 0.0, 0.1350156291320051, -9.533090806181063, 0.9757509421334886, 0.0, 0.07489486542821777, 1.0506458075618823, 6.615000000000007
2.675350701402805E-4, 0.07743082381851067, 6.386929329489386E-5, 1.1040765427729688, -6.780181051141239E-4, 0.0, 4.001476225467051E-6, -6.740166288886563E-4, -9.642182187578603, 0.0, 0.1627976968232751, -9.479384490755157, 0.973531093976199, 0.0, 0.10014667911134194, 1.0736777730877036, 6.615000000000006
2.751503006012024E-4, 0.0796260803994362, 6.568729565085339E-5, 1.1061269792921615, -6.955243520986754E-4, 0.0, 4.3217474078921825E-6, -6.912026046907826E-4, -9.616656276890264, 0.0, 0.1893309159704553, -9.427325360919644, 0.9717588071403614, 0.0, 0.12353817225843683, 1.095296979398953, 6.615000000000006
2.827655310621242E-4, 0.08182131616707529, 6.750529800681291E-5, 1.10822432323894, -7.129845502023178E-4, 0.0, 4.689154080454846E-6, -7.082953961218619E-4, -9.591522369122886, 0.0, 0.21465907779996754, -9.376863291322756, 0.9703827146878745, 0.0, 0.145195580579622, 1.1155782952676434, 6.6150000000000055
2.9038076152304603E-4, 0.08401656896761339, 6.932330036277243E-5, 1.110372785108467, -7.303994063882134E-4, 0.0, 5.101544573298002E-6, -7.252978618149141E-4, -9.566774207523613, 0.0, 0.23882507808052494, -9.327949129442933, 0.9693572600492703, 0.0, 0.16523445924672223, 1.1345917192961288, 6.615000000000006
2.979959919839679E-4, 0.08621187431394745, 7.114130271873196E-5, 1.112576284907802, -7.477696163146008E-4, 0.0, 5.556844394999007E-6, -7.422127719196003E-4, -9.542405612098838, 0.0, 0.2618709274124385, -9.280534684686247, 0.9686419473058927, 0.0, 0.18376096621354335, 1.1524029135195666, 6.6150000000000055
3.056112224448897E-4, 0.08840726544949852, 7.295930507469149E-5, 1.1148384623996417, -7.650958644737864E-4, 0.0, 6.0530546326465685E-6, -7.590428098411381E-4, -9.518410479003268, 0.0, 0.2838377614672457, -9.234572717535878, 0.9682007036351321, 0.0, 0.2008729549021365, 1.1690736585373886, 6.615000000000005
3.1322645290581154E-4, 0.0906027734111439, 7.477730743065101E-5, 1.1171626871154392, -7.823788243300296E-4, 0.0, 6.588250370488781E-6, -7.757905739595389E-4, -9.494782779931379, 0.0, 0.3047658511776521, -9.190016928753593, 0.9680013348298142, 0.0, 0.21666090869093885, 1.1846622435208625, 6.615000000000004
3.2084168336673336E-4, 0.0927984270912736, 7.659530978661053E-5, 1.1195520681410593, -7.996191584563222E-4, 0.0, 7.1605791270605255E-6, -7.924585793292593E-4, -9.471516561511173, 0.0, 0.32469461287780144, -9.146821948633239, 0.9680150584275448, 0.0, 0.2312087434817585, 1.1992238019094041, 6.615000000000005
3.2845691382765523E-4, 0.09499425329897666, 7.841331214257006E-5, 1.1220094636781544, -8.168175186700688E-4, 0.0, 7.768259310701285E-6, -8.090492593593648E-4, -9.448605944700269, 0.0, 0.3436626183938631, -9.10494332630628, 0.9682161018540433, 0.0, 0.2445944997486879, 1.2128106016028226, 6.615000000000004
3.360721442885771E-4, 0.09719027682036112, 8.02313144985296E-5, 1.1245374903843794, -8.339745461676712E-4, 0.0, 8.409578693372515E-6, -8.255649674742956E-4, -9.426045124184364, 0.0, 0.3617076050849319, -9.064337519099311, 0.9685813552678135, 0.0, 0.25689094159219256, 1.2254722968600908, 6.615000000000005
3.4368737474949887E-4, 0.09938652047801377, 8.20493168544891E-5, 1.1271385324955732, -8.5109087165802E-4, 0.0, 9.082892902683956E-6, -8.42007978755333E-4, -9.40382836777803, 0.0, 0.37886648583425636, -9.024961881943657, 0.9690900706215572, 0.0, 0.26816607721547325, 1.2372561478371094, 6.615000000000003
3.5130260521042074E-4, 0.1015830051896039, 8.386731921044863E-5, 1.129814750733006, -8.681671154949029E-4, 0.0, 9.786623932039041E-6, -8.583804915628607E-4, -9.38195001582782, 0.0, 0.39517535899078604, -8.986774656836923, 0.9697235999271713, 0.0, 0.2784836127400036, 1.2482072126672477, 6.615000000000002
3.589178356713426E-4, 0.10377975002563566, 8.568532156640816E-5, 1.1325680909987692, -8.852038878083239E-4, 0.0, 1.0519258668808748E-5, -8.746846291395116E-4, -9.360404480617756, 0.0, 0.4106695182610361, -8.949734962356613, 0.9704651669013895, 0.0, 0.2879033492544102, 1.2583685161558655, 6.615000000000002
3.665330661322644E-4, 0.10597677226635482, 8.750332392236767E-5, 1.13540029286237, -9.022017886347489E-4, 0.0, 1.1279347440444125E-5, -8.90922441194301E-4, -9.339186245777118, 0.0, 0.42538346255126736, -8.913802783225746, 0.9712996671371827, 0.0, 0.29648153134633304, 1.2677811984835776, 6.615000000000002
3.7414829659318625E-4, 0.10817408745781408, 8.93213262783272E-5, 1.1383128978415746, -9.191614080462753E-4, 0.0, 1.2065502578436232E-5, -9.070959054678353E-4, -9.318289865690597, 0.0, 0.43935090575999886, -8.878938959930501, 0.9722134927363514, 0.0, 0.30427115402366817, 1.2764846467600732, 6.615000000000003
3.817635270541081E-4, 0.11037170946710219, 9.113932863428673E-5, 1.1413072574805088, -9.360833262787303E-4, 0.0, 1.2876397000034026E-5, -9.232069292786924E-4, -9.297709964910792, 0.0, 0.45260478652082303, -8.845105178389876, 0.9731943779874985, 0.0, 0.3113222338294056, 1.2845166118169555, 6.615000000000003
3.8937875751503E-4, 0.11256965053674153, 9.295733099024626E-5, 1.1443845412280331, -9.529681138587045E-4, 0.0, 1.3710762807629652E-5, -9.392573510510704E-4, -9.277441237573033, 0.0, 0.4651772778955601, -8.812263959677384, 0.9742312632079602, 0.0, 0.3176820490462263, 1.291913312254226, 6.615000000000002
3.9699398797595175E-4, 0.11476792133825928, 9.477533334620577E-5, 1.1475457441193622, -9.698163317295221E-4, 0.0, 1.4567389905720325E-5, -9.552489418237972E-4, -9.257478446812534, 0.0, 0.4770997970177129, -8.780378649794738, 0.9753141743104127, 0.0, 0.32339535313560114, 1.2987095274460487, 6.615000000000002
4.0460921843687357E-4, 0.11696653102493719, 9.65933357021653E-5, 1.1507916942638907, -9.866285313761575E-4, 0.0, 1.5445124635357494E-5, -9.711834067407953E-4, -9.237816424183928, 0.0, 0.48840301468625896, -8.749413409497583, 0.9764341160222395, 0.0, 0.3285045649321186, 1.3049386809543924, 6.615000000000002
4.1222444889779544E-4, 0.11916548728374425, 9.841133805812483E-5, 1.1541230601421748, -0.0010034052549490935, 0.0, 1.634286842599176E-5, -9.870623865230967E-4, -9.218450069083081, 0.0, 0.49911686490974627, -8.719333204173253, 0.9775829769918621, 0.0, 0.333049938593399, 1.31063291558529, 6.615000000000002
4.198396793587173E-4, 0.12136479638645785, 1.0022934041408436E-4, 1.1575403577149872, -0.0010201470353871337, 0.0, 1.7259576464624257E-5, -0.0010028874589225044, -9.199374348171306, 0.0, 0.509270554400723, -8.69010379377051, 0.9787534452725097, 0.0, 0.3370697158706221, 1.3158231611431561, 6.615000000000001
4.274549098196392E-4, 0.12356446323997804, 1.020473427700439E-4, 1.1610439573473428, -0.0010368543965391707, 0.0, 1.8194256382173642E-5, -0.0010186601401569924, -9.180584294801891, 0.0, 0.5188925720204762, -8.661691722781343, 0.9799389328890533, 0.0, 0.340600262899081, 1.3205391957881603, 6.615000000000001
4.3507014028056095E-4, 0.12576449143583954, 1.038653451260034E-4, 1.164634090550392, -0.0010535278532849118, 0.0, 1.914596695696826E-5, -0.0010343818863279381, -9.16207500844895, 0.0, 0.5280106981741021, -8.634064310274779, 0.9811335083747599, 0.0, 0.3436761934002385, 1.3248097017750153, 6.615000000000001
4.426853707414828E-4, 0.1279648832989272, 1.0568334748196293E-4, 1.1683108565440266, -0.0010701679116545688, 0.0, 2.0113816835273905E-5, -0.0010500540948192895, -9.143841654138628, 0.0, 0.5366520141558775, -8.607189639982687, 0.9823318363179946, 0.0, 0.3463304799264025, 1.3286623162444091, 6.615000000000002
4.503006012024047E-4, 0.13016563993539848, 1.0750134983792247E-4, 1.1720742286430594, -0.0010867750689475182, 0.0, 2.109696326876586E-5, -0.001065678105678747, -9.125879461882677, 0.0, 0.5448429114449735, -8.581036550437643, 0.9835291230888227, 0.0, 0.34859455455854094, 1.3321236776473766, 6.615000000000003
4.5791583166332657E-4, 0.13236676127981936, 1.09319352193882E-4, 1.1759240604697896, -0.0011033498138499304, 0.0, 2.209461086885536E-5, -0.0010812552029810696, -9.108183726114316, 0.0, 0.5526091009514711, -8.555574625162784, 0.9847210680258629, 0.0, 0.3504984002800133, 1.3352194683058878, 6.615000000000003
4.6553106212424833E-4, 0.13456824614151736, 1.111373545498415E-4, 1.1798600919957636, -0.001119892626551378, 0.0, 2.310601037778105E-5, -0.001096786616173591, -9.090749805126466, 0.0, 0.5599756222127057, -8.530774182913703, 0.9859038194578987, 0.0, 0.3520706340890343, 1.3379744535469362, 6.615000000000003
4.731462925851702E-4, 0.13677009225015743, 1.1295535690580103E-4, 1.1838819554155122, -0.0011364039788604244, 0.0, 2.4130457456372934E-5, -0.0011122735214040456, -9.073573120512327, 0.0, 0.5669668525399318, -8.506606267972343, 0.9870739350153419, 0.0, 0.35333858277582947, 1.3404125177911732, 6.615000000000002
4.8076152304609197E-4, 0.13897229630054483, 1.1477335926176054E-4, 1.1879891808550334, -0.0011528843343191952, 0.0, 2.5167291488400787E-5, -0.001127717042830789, -9.05664915660828, 0.0, 0.5736065161153002, -8.483042640492929, 0.9882283457556819, 0.0, 0.3543283521730703, 1.3425566979287562, 6.615000000000001
4.883767535070138E-4, 0.14117485399666083, 1.1659136161772007E-4, 1.192181201917763, -0.001169334148316944, 0.0, 2.6215894401415457E-5, -0.0011431182539155228, -9.03997345993913, 0.0, 0.5799176930391615, -8.46005576689992, 0.9893643236863695, 0.0, 0.3550648905873626, 1.3444292142737322, 6.615000000000001
4.959919839679357E-4, 0.143377760094935, 1.184093639736796E-4, 1.1964573610707574, -0.0011857538682026043, 0.0, 2.7275689503992885E-5, -0.001158478178698606, -9.023541638665694, 0.0, 0.5859228283276888, -8.43761881033796, 0.99047945231979, 0.0, 0.3555720470325895, 1.3460514993523782, 6.615000000000002
5.036072144288576E-4, 0.14558100844676028, 1.2022736632963914E-4, 1.2008169148737968, -0.0012021439333963486, 0.0, 2.8346140339291067E-5, -0.001173797793057052, -9.007349362034745, 0.0, 0.5916437408608168, -8.415705621173881, 0.9915715999391945, 0.0, 0.3558726248108181, 1.347444224750012, 6.615000000000001
5.112224448897794E-4, 0.14778459204025432, 1.2204536868559867E-4, 1.205259039054099, -0.0012185047755001398, 0.0, 2.9426749554828405E-5, -0.0011890780259453055, -8.991392359831254, 0.0, 0.5971016322805082, -8.394290727550704, 0.992638895292671, 0.0, 0.35598843092147325, 1.348627326214138, 6.615000000000001
5.188376753507012E-4, 0.14998850304127334, 1.2386337104155817E-4, 1.209782833429296, -0.0012348368184072968, 0.0, 3.0517057788394996E-5, -0.001204319760618896, -8.975666421833022, 0.0, 0.6023170958393258, -8.373349325993656, 0.9936797054654904, 0.0, 0.35594032172298096, 1.349620027188464, 6.615000000000002
5.26452905811623E-4, 0.15219273283368256, 1.256813733975177E-4, 1.2143873266813372, -0.0012511404784110668, 0.0, 3.1616642570005265E-5, -0.0012195238358410556, -8.960167397267613, 0.0, 0.6073101251993407, -8.352857272068235, 0.994692615710076, 0.0, 0.3557482452220671, 1.3504408609321306, 6.615000000000001
5.34068136272545E-4, 0.1543972720588882, 1.2749937575347724E-4, 1.219071480983939, -0.0012674161643122129, 0.0, 3.2725117239800675E-5, -0.0012346910470724059, -8.94489119427165, 0.0, 0.6121001231813468, -8.332791071090272, 0.9956764110379539, 0.0, 0.35543128032304616, 1.3511076913609839, 6.615000000000001
5.416833667334668E-4, 0.15660211065463622, 1.2931737810943677E-4, 1.2238341964861803, -0.00128366427752562, 0.0, 3.384212988181511E-5, -0.0012498221476437987, -8.929833779352437, 0.0, 0.6167059104644084, -8.313127868887998, 0.9966300594001529, 0.0, 0.35500767333207417, 1.3516377327322107, 6.615000000000002
5.492985971943886E-4, 0.1588072378930825, 1.3113538046539627E-4, 1.2286743156548492, -0.001299885212185929, 0.0, 3.4967362273509726E-5, -0.0012649178499124128, -8.914991176851933, 0.0, 0.6211457342357142, -8.293845442616192, 0.9975526963016558, 0.0, 0.3544948719786223, 1.3520475682802569, 6.615000000000002
5.569138276553104E-4, 0.16101264241813956, 1.329533828213558E-4, 1.2335906274780921, -0.0013160793552521907, 0.0, 3.610052885098893E-5, -0.0012799788264011953, -8.90035946841306, 0.0, 0.625437276790759, -8.274922191622272, 0.9984436107124584, 0.0, 0.3539095571877476, 1.3523531679001854, 6.615000000000003
5.645290581162322E-4, 0.16321831228210448, 1.3477138517731534E-4, 1.2385818715329213, -0.0013322470866115581, 0.0, 3.7241375689805374E-5, -0.0012950057109217458, -8.885934792448339, 0.0, 0.6295976640838422, -8.256337128364468, 0.9993022321526479, 0.0, 0.35326767281152704, 1.3525699049641513, 6.615000000000003
5.721442885771542E-4, 0.16542423498157285, 1.3658938753327487E-4, 1.2436467419191146, -0.0013483887791820117, 0.0, 3.838967950126498E-5, -0.00130999909968074, -8.871713343610892, 0.0, 0.6336434742288952, -8.238069869381974, 1.0001281188418716, 0.0, 0.3525844535058336, 1.35271257234768, 6.615000000000002
5.797595190380759E-4, 0.16763039749264408, 1.3840738988923437E-4, 1.2487838910620028, -0.0013645047990141256, 0.0, 3.9545246644142225E-5, -0.0013249595523699767, -8.857691372267773, 0.0, 0.6375907459506056, -8.220100626317148, 1.0009209468151958, 0.0, 0.3518744509190342, 1.3527953977342015, 6.615000000000003
5.873747494989978E-4, 0.16983678630542262, 1.402253922451939E-4, 1.253991933386645, -0.0013805955053918803, 0.0, 4.070791215171323E-5, -0.0013398875932401602, -8.843865183975625, 0.0, 0.641454986985889, -8.202410196989716, 1.0016804999174342, 0.0, 0.3511515583420055, 1.3528320582594116, 6.615000000000002
5.949899799599196E-4, 0.17204338745781989, 1.4204339460115344E-4, 1.2592694488658631, -0.00139666125093252, 0.0, 4.187753877401808E-5, -0.0013547837121584952, -8.830231138958686, 0.0, 0.6452511824356637, -8.184979956523005, 1.0024066605971023, 0.0, 0.3504290339534559, 1.352835694550529, 6.615000000000002
6.026052104208414E-4, 0.1742501865686627, 1.4386139695711294E-4, 1.264614986444571, -0.0014127023816854674, 0.0, 4.305401603526131E-5, -0.0013696483656501996, -8.816785651589159, 0.0, 0.6489938030669493, -8.16779184852219, 1.0030994014290122, 0.0, 0.34971952278106894, 1.3528189242100548, 6.615000000000002
6.102204408817632E-4, 0.17645716887011106, 1.4567939931307247E-4, 1.2700270673428478, -0.0014287192372302946, 0.0, 4.423725930626123E-5, -0.0013844819779240268, -8.803525189869863, 0.0, 0.652696813565282, -8.150828376304567, 1.003758777301801, 0.0, 0.34903507748691515, 1.352793854788686, 6.615000000000001
6.178356713426852E-4, 0.17866431923939308, 1.47497401669032E-4, 1.2755041882401523, -0.0014447121507737545, 0.0, 4.5427208891855484E-5, -0.001399284941881892, -8.79044627491931, 0.0, 0.6563736807374626, -8.134072594181829, 1.0043849182126874, 0.0, 0.3483871780749333, 1.3527720962875904, 6.615000000000003
6.25450901803607E-4, 0.18087162222985906, 1.4931540402499154E-4, 1.2810448243430679, -0.0014606814492458774, 0.0, 4.6623829133176075E-5, -0.0014140576201126943, -8.777545480459029, 0.0, 0.6600373816646055, -8.117508098794408, 1.0049780226176999, 0.0, 0.3477867506086667, 1.3527647732263344, 6.615000000000001
6.330661322645288E-4, 0.18307906210136224, 1.5113340638095104E-4, 1.2866474323389747, -0.0014766274533951427, 0.0, 4.78271075246996E-5, -0.0014288003458704358, -8.7648194323033, 0.0, 0.6637004118055148, -8.101119020497773, 1.0055383512903182, 0.0, 0.3472441850190605, 1.3527825363093429, 6.615000000000003
6.406813627254506E-4, 0.18528662284996852, 1.5295140873691058E-4, 1.292310453237952, -0.0014925504778827187, 0.0, 4.903705384598578E-5, -0.0014435134240367259, -8.752264807851194, 0.0, 0.667374793050392, -8.084890014800791, 1.0060662216461047, 0.0, 0.34676935207446963, 1.352835573720539, 6.615000000000002
6.482965931863726E-4, 0.18749428823700265, 1.547694110928701E-4, 1.298032315105299, -0.0015084508313757856, 0.0, 5.025369930801069E-5, -0.001458197132067768, -8.739878335580963, 0.0, 0.6710720817248491, -8.068806253856105, 1.0065620024948356, 0.0, 0.3463716195782579, 1.3529336220730588, 6.615000000000002
6.559118236472944E-4, 0.18970204181743316, 1.5658741344882964E-4, 1.3038114356869408, -0.0015243288166399377, 0.0, 5.14770957140091E-5, -0.0014728517209259215, -8.727656794546771, 0.0, 0.6748033765442332, -8.05285341800253, 1.007026109185237, 0.0, 0.34605986785328074, 1.3530859770384829, 6.615000000000002
6.635270541082161E-4, 0.1919098669676039, 1.5840541580478914E-4, 1.3096462249300393, -0.0015401847306306768, 0.0, 5.270731463472857E-5, -0.0014874774159959409, -8.715597013877755, 0.0, 0.6785793265183128, -8.037017687359434, 1.007458999110608, 0.0, 0.34584250456720966, 1.3533015036777778, 6.615000000000004
6.711422845691381E-4, 0.194117746912314, 1.602234181607487E-4, 1.3155350874010687, -0.0015560188645839948, 0.0, 5.3944446598013545E-5, -0.0015020744179859741, -8.703695872279443, 0.0, 0.682410138806223, -8.021285733473213, 1.0078611675464975, 0.0, 0.3457274789475235, 1.353588646493984, 6.615000000000003
6.787575150300598E-4, 0.19632566475125318, 1.620414205167082E-4, 1.3214764246036166, -0.0015718315041060508, 0.0, 5.518860029262024E-5, -0.0015166429038134237, -8.691950297537497, 0.0, 0.6863055865217828, -8.005644711015709, 1.0082331437942706, 0.0, 0.34572229543091193, 1.3539554392251472, 6.615000000000002
6.863727454909818E-4, 0.19853360348479732, 1.6385942287266774E-4, 1.3274686371981381, -0.0015876229292619518, 0.0, 5.643990178618104E-5, -0.0015311830274757636, -8.680357266023805, 0.0, 0.6902750164890997, -7.990082249534702, 1.0085754876065136, 0.0, 0.34583402678758296, 1.3544095143940562, 6.615000000000003
6.939879759519035E-4, 0.20074154603916752, 1.6567742522862725E-4, 1.3335101271258762, -0.0016033934146636331, 0.0, 5.769849375721875E-5, -0.0015456949209064071, -8.668913802204909, 0.0, 0.6943273569485198, -7.974586445256386, 1.0088887858726376, 0.0, 0.34606932675763846, 1.354958112630237, 6.615000000000002
7.016032064128255E-4, 0.20294947529095989, 1.674954275845868E-4, 1.339599299639157, -0.001619143229556851, 0.0, 5.8964534741128784E-5, -0.001560178694815715, -8.657616978152769, 0.0, 0.6984711252128715, -7.9591458529398915, 1.0091736495446213, 0.0, 0.3464344422332653, 1.35560809177785, 6.615000000000002
7.092184368737472E-4, 0.20515737409104823, 1.693134299405463E-4, 1.3457345652402064, -0.0016348726379072861, 0.0, 6.0238198390033346E-5, -0.0015746344395172452, -8.646463913057874, 0.0, 0.7027144352740431, -7.94374947778383, 1.009430710784809, 0.0, 0.34693522501774077, 1.3563659358025069, 6.615000000000004
7.168336673346691E-4, 0.2073652252878677, 1.7113143229650584E-4, 1.3519143415306745, -0.0016505818984857638, 0.0, 6.151967274642063E-5, -0.0015890622257393363, -8.635451772744702, 0.0, 0.707065005359876, -7.928386767384829, 1.0096606203189598, 0.0, 0.34757714318952754, 1.357237763508444, 6.615000000000004
7.244488977955908E-4, 0.2095730117500812, 1.7294943465246535E-4, 1.3581370549739804, -0.0016662712649525965, 0.0, 6.280915953047431E-5, -0.001603462105422115, -8.624577769189491, 0.0, 0.7115301654414017, -7.913047603748088, 1.0098640449794807, 0.0, 0.3483652920974287, 1.3582293370768694, 6.615000000000005
7.320641282565129E-4, 0.21178071638863605, 1.747674370084249E-4, 1.3644011425725986, -0.0016819409859410526, 0.0, 6.410687344101133E-5, -0.001617834112500034, -8.613839160040383, 0.0, 0.7161168646903355, -7.897722295350047, 1.010041665424671, 0.0, 0.3493044050104413, 1.3593460704350722, 6.615000000000004
7.396793587174346E-4, 0.21398832217821334, 1.765854393643844E-4, 1.3707050534623968, -0.0016975913051399498, 0.0, 6.54130414699257E-5, -0.0016321782636700168, -8.603233248139876, 0.0, 0.7208316788869819, -7.8824015692528935, 1.0101941740212832, 0.0, 0.35039886344433513, 1.360593037465578, 6.615000000000003
7.472945891783564E-4, 0.21619581217807773, 1.7840344172034392E-4, 1.3770472504260671, -0.001713222461375391, 0.0, 6.67279022300614E-5, -0.0016464945591453226, -8.592757381049653, 0.0, 0.7256808177783695, -7.8670765632712865, 1.010322272878494, 0.0, 0.3516527071847373, 1.3619749800631904, 6.615000000000005
7.549098196392783E-4, 0.21840316955232988, 1.8022144407630347E-4, 1.3834262113277545, -0.0017288346886916305, 0.0, 6.805170529641136E-5, -0.0016607829833952118, -8.582408950577722, 0.0, 0.7306701323867629, -7.851738818190964, 1.0104266720225703, 0.0, 0.3530696440253495, 1.3634963160478748, 6.615000000000003
7.625250501002001E-4, 0.22061037758956764, 1.8203944643226298E-4, 1.3898404304708705, -0.0017444282164310859, 0.0, 6.938471056056208E-5, -0.0016750435058705162, -8.572185392307897, 0.0, 0.735805122268478, -7.836380270039426, 1.010508087702153, 0.0, 0.35465305923811635, 1.3651611469402234, 6.615000000000005
7.70140280561122E-4, 0.22281741972196167, 1.838574487882225E-4, 1.3962884198811534, -0.001760003269313499, 0.0, 7.072718759828856E-5, -0.001689276081715203, -8.562084185131644, 0.0, 0.7410909427230005, -7.820993242408646, 1.0105672408150466, 0.0, 0.3564060247909771, 1.366973265605981, 6.615000000000005
7.777555110220437E-4, 0.22502427954374846, 1.8567545114418202E-4, 1.4027687105169306, -0.001775560067514243, 0.0, 7.207941505020869E-5, -0.001703480652464027, -8.552102850782227, 0.0, 0.7465324119524716, -7.805570438829761, 1.0106048554479972, 0.0, 0.35833130832764687, 1.368936163775599, 6.615000000000004
7.853707414829657E-4, 0.2272309408291479, 1.8749345350014158E-4, 1.4092798534085997, -0.0017910988267417897, 0.0, 7.344168001541251E-5, -0.0017176571467263698, -8.542238953371244, 0.0, 0.7521340181714247, -7.790104935199825, 1.010621657521695, 0.0, 0.3604313819225433, 1.371053039444194, 6.615000000000003
7.929859719438874E-4, 0.2294373875497078, 1.8931145585610108E-4, 1.415820420729259, -0.0018066197583143301, 0.0, 7.481427745796516E-5, -0.0017318054808563579, -8.532490098927461, 0.0, 0.7578999266669159, -7.774590172260549, 1.0106183735337781, 0.0, 0.3627084306233125, 1.3733268041570497, 6.615000000000005
8.006012024048093E-4, 0.23164360389108288, 1.911294582120606E-4, 1.4223890067984302, -0.001822123069235568, 0.0, 7.619750962620722E-5, -0.001745925559609353, -8.522853934937999, 0.0, 0.7638339868088925, -7.759019948129104, 1.0105957293931729, 0.0, 0.3651643607920329, 1.3757600901851663, 6.615000000000005
8.08216432865731E-4, 0.23384957426925104, 1.9294746056802012E-4, 1.4289842290208072, -0.0018376089622696699, 0.0, 7.759168548475049E-5, -0.001760017276784912, -8.513328149891862, 0.0, 0.7699397390109782, -7.743388410880889, 1.0105544493396224, 0.0, 0.36780080825580025, 1.3783552575953792, 6.615000000000003
8.158316633266531E-4, 0.23605528334617298, 1.9476546292397968E-4, 1.4356047287619231, -0.0018530776360153986, 0.0, 7.899712015908447E-5, -0.0017740805158563075, -8.503910472825828, 0.0, 0.776220421641487, -7.727690051184347, 1.010495254942686, 0.0, 0.37061914627616005, 1.3811144012188048, 6.615000000000003
8.234468937875748E-4, 0.23826071604489932, 1.9658346527993918E-4, 1.4422491721625865, -0.0018685292849794158, 0.0, 8.041413439270076E-5, -0.001788115150586707, -8.494598672872632, 0.0, 0.7826789778848127, -7.711919694987829, 1.0104188641749967, 0.0, 0.373620493346506, 1.3840393575214525, 6.615000000000004
8.310621242484967E-4, 0.24046585756413136, 1.9840146763589871E-4, 1.4489162508940034, -0.0018839640996487657, 0.0, 8.184305401664905E-5, -0.001802121045632109, -8.485390558811526, 0.0, 0.7893180625531167, -7.696072496258416, 1.0103259905547728, 0.0, 0.37680572082565866, 1.3871317113803865, 6.615000000000004
8.386773547094185E-4, 0.24267069339223818, 2.0021946999185825E-4, 1.455604682855363, -0.00189938226656255, 0.0, 8.328420943142944E-5, -0.001816098057131113, -8.476283978621172, 0.0, 0.7961400488483448, -7.680143929772837, 1.0102173423531904, 0.0, 0.380175460415381, 1.3903928027685228, 6.615000000000004
8.462925851703404E-4, 0.24487520932073792, 2.0203747234781775E-4, 1.4623132128157654, -0.0019147839683827863, 0.0, 8.473793510113083E-5, -0.001830046033281648, -8.467276819034858, 0.0, 0.8031470350745575, -7.664129783960311, 1.0100936218623044, 0.0, 0.38373011148896563, 1.3938237333512231, 6.615000000000004
8.539078156312622E-4, 0.24707939145724508, 2.0385547470377728E-4, 1.4690406130022429, -0.0019301693839644588, 0.0, 8.620456905973502E-5, -0.0018439648149047164, -8.45836700509809, 0.0, 0.8103408513005712, -7.64802615379752, 1.0099555247196192, 0.0, 0.38746984827747843, 1.3974253729970607, 6.615000000000005
8.61523046092184E-4, 0.24928322623789118, 2.056734770597368E-4, 1.4757856836356829, -0.0019455386884247735, 0.0, 8.768445242947928E-5, -0.001857854235995287, -8.44955249972848, 0.0, 0.8177230659729532, -7.631829433755533, 1.00980373928576, 0.0, 0.3913946269199597, 1.4011983662056782, 6.615000000000005
8.691382765531059E-4, 0.25148670043922233, 2.0749147941569635E-4, 1.482547253416404, -0.0019608920532116097, 0.0, 8.917792895119829E-5, -0.0018717141242604043, -8.440831303277998, 0.0, 0.8252949924793123, -7.615536310798697, 1.0096389460717774, 0.0, 0.39550419238319934, 1.4051431384549304, 6.615000000000004
8.767535070140276E-4, 0.25368980118957885, 2.0930948177165585E-4, 1.4893241799611492, -0.0019762296461711794, 0.0, 9.068534452656249E-5, -0.001885544301644609, -8.43220145309759, 0.0, 0.8330576956618552, -7.599143757435742, 1.0094618172129628, 0.0, 0.3997980852563659, 1.4092599024692845, 6.615000000000005
8.843687374749496E-4, 0.2558925159799627, 2.1112748412761538E-4, 1.4961153501931652, -0.0019915516316148965, 0.0, 9.220704677209514E-5, -0.0018993445848427947, -8.423661023104058, 0.0, 0.8410119982814118, -7.582649024822654, 1.0092730159863177, 0.0, 0.4042756484257916, 1.413548664412071, 6.615000000000004
8.919839679358713E-4, 0.25809483267439565, 2.129454864835749E-4, 1.5029196806871343, -0.002006858170385466, 0.0, 9.374338458491437E-5, -0.0019131147858005445, -8.415208123349373, 0.0, 0.8491584874316023, -7.566049635917786, 1.0090731963688573, 0.0, 0.40893603363404285, 1.4180092300028524, 6.615000000000004
8.995991983967933E-4, 0.2602967395197758, 2.1476348883953445E-4, 1.5097361179705946, -0.0020221494199221847, 0.0, 9.529470772007705E-5, -0.0019268547122020991, -8.40684089959227, 0.0, 0.8574975209034479, -7.549343378688829, 1.008863002634243, 0.0, 0.4137782079280533, 1.4226412105622483, 6.615000000000004
9.07214428857715E-4, 0.26249822515523424, 2.1658149119549395E-4, 1.5165636387835348, -0.002037425534325464, 0.0, 9.686136637945712E-5, -0.0019405641679459994, -8.398557532872179, 0.0, 0.8660292335002726, -7.532528299371916, 1.0086430689854056, 0.0, 0.4188009600000837, 1.427444028985445, 6.615000000000004
9.148296593186369E-4, 0.26469927862100034, 2.1839949355145348E-4, 1.5234012502977976, -0.0020526866644205973, 0.0, 9.84437108120535E-5, -0.001954242953608536, -8.390356239085554, 0.0, 0.8747535433028749, -7.515602695782683, 1.0084140192209183, 0.0, 0.42400290642531835, 1.4324169256461958, 6.615000000000005
9.224448897795588E-4, 0.26689988936677667, 2.2021749590741302E-4, 1.5302479902979138, -0.0020679329578207335, 0.0, 1.0004209092564898E-4, -0.001967890866895077, -8.382235268564461, 0.0, 0.8836701578850927, -7.498565110679376, 1.0081764664330306, 0.0, 0.4293824977996738, 1.437558964232662, 6.615000000000004
9.300601202404807E-4, 0.269100047259632, 2.2203549826337255E-4, 1.5371029273249823, -0.0020831645589891095, 0.0, 1.0165685590971614E-4, -0.001981507703079385, -8.374192905657583, 0.0, 0.8927785804796358, -7.481414325177958, 1.00793101273548, 0.0, 0.4349380247810442, 1.4428690375164768, 6.615000000000004
9.376753507014024E-4, 0.27129974259141443, 2.2385350061933205E-4, 1.5439651607851608, -0.0020983816093005044, 0.0, 1.0328835386949521E-4, -0.0019950932554310017, -8.366227468313504, 0.0, 0.90207811609425, -7.464149352219268, 1.0076782490192335, 0.0, 0.4406676240370391, 1.448345873056225, 6.615000000000005
9.452905811623242E-4, 0.27349896608569174, 2.2567150297529156E-4, 1.5508338210243613, -0.002113584247101959, 0.0, 1.0493693147114021E-4, -0.002008647315630811, -8.358337307666378, 0.0, 0.9115678775782415, -7.446769430088147, 1.007418754734518, 0.0, 0.44656928410217667, 1.45398803883665, 6.615000000000004
9.529058116232461E-4, 0.27569770890422274, 2.2748950533125112E-4, 1.557708069370654, -0.002128772607772719, 0.0, 1.0660293359785322E-4, -0.0020221696741748586, -8.350520807623896, 0.0, 0.9212467916392394, -7.429274015984672, 1.007153097697489, 0.0, 0.4526408511470528, 1.4597939488444953, 6.6150000000000055
9.60521042084168E-4, 0.2778959626529636, 2.2930750768721062E-4, 1.5645870981459435, -0.0021439468237834554, 0.0, 1.0828670301690847E-4, -0.002035660120766539, -8.342776384457645, 0.0, 0.931113604810356, -7.4116627796472985, 1.006881833920136, 0.0, 0.4588800346621946, 1.465761868582287, 6.615000000000005
9.681362725450898E-4, 0.2800937193876174, 2.3112551004317015E-4, 1.5714701306484045, -0.002159107024754725, 0.0, 1.0998858005748348E-4, -0.0020491184446972343, -8.335102486395755, 0.0, 0.9411668893676303, -7.393935597028136, 1.0066055074619638, 0.0, 0.46528441305880763, 1.4718899205207272, 6.6150000000000055
9.757515030060115E-4, 0.2822909716187273, 2.3294351239912966E-4, 1.5783564211071655, -0.002174253337514703, 0.0, 1.1170890229919626E-4, -0.0020625444352154994, -8.327497593217915, 0.0, 0.9514050491977868, -7.376092544020137, 1.0063246503022123, 0.0, 0.47185143918871225, 1.4781760894908837, 6.6150000000000055
9.833667334669335E-4, 0.28448771231632175, 2.3476151475508922E-4, 1.5852452546106932, -0.0021893858861561748, 0.0, 1.1344800427127351E-4, -0.0020759378818848936, -8.319960215852731, 0.0, 0.9618263256163487, -7.358133890236396, 1.0060397822313354, 0.0, 0.47857844578550807, 1.4846182280167965, 6.615000000000006
9.909819639278552E-4, 0.28668393491411476, 2.3657951711104872E-4, 1.5921359470103655, -0.0022045047920927997, 0.0, 1.1520621716224676E-4, -0.002089298574930546, -8.312488895977404, 0.0, 0.972428803136004, -7.340060092841418, 1.0057514107606498, 0.0, 0.4854626508288718, 1.4912140615894758, 6.615000000000005
9.985971943887771E-4, 0.2888796333132682, 2.3839751946700826E-4, 1.5990278448005957, -0.0022196101741146566, 0.0, 1.16983868540085E-4, -0.002102626305574564, -8.30508220561977, 0.0, 0.9832104151853717, -7.321871790434405, 1.0054600310490458, 0.0, 0.49250116283396733, 1.4979611938829744, 6.615000000000005
0.001006212424849699, 0.2910748018857166, 2.402155218229678E-4, 1.60592032497698, -0.0022347021484430507, 0.0, 1.187812820826922E-4, -0.002115920866360351, -8.29773874676267, 0.0, 0.9941689497780491, -7.303569796984631, 1.0051661258457045, 0.0, 0.499690986067483, 1.504857111913146, 6.6150000000000055
0.0010138276553106208, 0.2932694354770659, 2.4203352417892732E-4, 1.612812794873812, -0.0022497808287846237, 0.0, 1.2059877731865104E-4, -0.0021291820514659655, -8.290457150950644, 0.0, 1.00530205513195, -7.285155095818705, 1.0048701654480363, 0.0, 0.5070290256920431, 1.5118991911400392, 6.615000000000006
0.0010214428857715427, 0.295463529409065, 2.4385152653488682E-4, 1.6197046919823435, -0.0022648463263847353, 0.0, 1.2243666937814912E-4, -0.002142409657006579, -8.283236078899007, 0.0, 1.0166072452390054, -7.266628833660013, 1.004572607673693, 0.0, 0.5145120928404716, 1.5190847005141237, 6.6150000000000055
0.0010290581162324644, 0.29765707948165776, 2.4566952889084633E-4, 1.6265954837511574, -0.002279898750080145, 0.0, 1.2429526875397734E-4, -0.0021556034813261606, -8.276074220105217, 0.0, 1.0280819053852026, -7.247992314720029, 1.0042738978460686, 0.0, 0.5221369096213891, 1.5264108074674148, 6.6150000000000055
0.0010366733466933863, 0.29985008197462193, 2.474875312468059E-4, 1.6334846673699461, -0.0022949382063509865, 0.0, 1.261748810725256E-4, -0.0021687633252784537, -8.268970292462619, 0.0, 1.039723297620865, -7.22924699484177, 1.0039744687923184, 0.0, 0.5299001140573334, 1.533874582849607, 6.615000000000005
0.001044288577154308, 0.3020425336487957, 2.493055336027654E-4, 1.6403717695380367, -0.0023099647993720406, 0.0, 1.2807580687467212E-4, -0.0021818889924973615, -8.261923041876504, 0.0, 1.051528566181332, -7.210394475695179, 1.0036747408532483, 0.0, 0.537798264956877, 1.5414730058100887, 6.615000000000005
0.00105190380761523, 0.30423443174689996, 2.511235359587249E-4, 1.647256346218945, -0.002324978631063314, 0.0, 1.2999834140648672E-4, -0.00219498028965682, -8.254931241882531, 0.0, 1.0634947428578978, -7.191436499024646, 1.0033751219042992, 0.0, 0.5458278467217529, 1.5492029686260091, 6.615000000000004
0.0010595190380761517, 0.30642577399396137, 2.529415383146844E-4, 1.65413798238219, -0.0023399798011399285, 0.0, 1.3194277441965307E-4, -0.0022080370267202687, -8.247993693267475, 0.0, 1.0756187523191325, -7.172374940948354, 1.0030760073870737, 0.0, 0.5539852740902497, 1.5570612814772835, 6.615000000000005
0.0010671342685370736, 0.3086165585973386, 2.5475954067064396E-4, 1.6610162917336964, -0.002354968407161318, 0.0, 1.3390938998151578E-4, -0.0022210590171797954, -8.241109223692309, 0.0, 1.0878974173824658, -7.153211806309861, 1.0027777803506446, 0.0, 0.5622668968178391, 1.565044677168438, 6.6150000000000055
0.0010747494989979953, 0.3108067842463593, 2.5657754302660347E-4, 1.6678909164359246, -0.0023699445445797456, 0.0, 1.3589846629467138E-4, -0.002234046078285068, -8.234276687317637, 0.0, 1.1003274642361, -7.133949223081549, 1.0024808115021875, 0.0, 0.5706690042960554, 1.573149815798206, 6.615000000000005
0.0010823647294589173, 0.31299645011157057, 2.58395545382563E-4, 1.6747615268190152, -0.002384908306788143, 0.0, 1.3791027552600456E-4, -0.002246998031262132, -8.227494964431472, 0.0, 1.112905527611295, -7.114589436820193, 1.0021854592662671, 0.0, 0.5791878301106514, 1.5813732893768784, 6.6150000000000055
0.0010899799599198392, 0.3151855558436096, 2.6021354773852253E-4, 1.6816278210840874, -0.002399859785167272, 0.0, 1.3994508364508247E-4, -0.0022599147015221832, -8.220762961079346, 0.0, 1.1256281559049142, -7.095134805174446, 1.0018920698523557, 0.0, 0.5878195565397986, 1.5897116263921172, 6.6150000000000055
0.001097595190380761, 0.31737410157169815, 2.620315500944821E-4, 1.6884895249998946, -0.0024147990691322178, 0.0, 1.420031502718191E-4, -0.002272795918860393, -8.21407960869675, 0.0, 1.138491816252294, -7.075587792444467, 1.0016009773300125, 0.0, 0.5965603189932186, 1.5981612963231975, 6.6150000000000055
0.0011052104208416828, 0.3195620879017663, 2.638495524504416E-4, 1.6953463915939395, -0.0024297262461782133, 0.0, 1.4408472853331289E-4, -0.002285641517644894, -8.20744386374393, 0.0, 1.1514928995504783, -7.055950964193463, 1.0013125037112884, 0.0, 0.6054062103931181, 1.6067187141043688, 6.6150000000000055
0.0011128256513026045, 0.3217495159142112, 2.656675548064011E-4, 1.702198200839273, -0.002444641401925809, 0.0, 1.46190064929776E-4, -0.0022984513369960274, -8.20085470734302, 0.0, 1.1646277254317312, -7.036226981911307, 1.001026959039927, 0.0, 0.6143532854975492, 1.6153802445374366, 6.615000000000004
0.0011204408817635267, 0.3239363871612922, 2.6748555716236066E-4, 1.7090447593379934, -0.002459544620165378, 0.0, 1.4831939920945675E-4, -0.002311225220955915, -8.19431114491751, 0.0, 1.1778925471873758, -7.016418597730156, 1.0007446414869203, 0.0, 0.6233975651669875, 1.624142206653864, 6.615000000000005
0.0011280561122244484, 0.326122703664173, 2.6930355951832016E-4, 1.7158859000025601, -0.0024744359829009643, 0.0, 1.5047296425247286E-4, -0.002323963018648485, -8.187812205834073, 0.0, 1.1912835566419224, -6.99652864919217, 1.0004658374519948, 0.0, 0.632535040574735, 1.6330008780266878, 6.6150000000000055
0.00113567134268537, 0.3283084679096109, 2.7112156187427967E-4, 1.722721481736055, -0.002489315570393499, 0.0, 1.526509859634481E-4, -0.0023366645844300447, -8.181356943046675, 0.0, 1.2047968889777008, -6.976560054068988, 1.0001908216707855, 0.0, 0.64176167736206, 1.6419524990328074, 6.6150000000000055
0.0011432865731462918, 0.3304936828462992, 2.729395642302392E-4, 1.729551389112358, -0.0025041834612033504, 0.0, 1.5485368317290024E-4, -0.0023493297780304437, -8.174944432743105, 0.0, 1.218428627509448, -6.956515805233668, 0.99991985732712, 0.0, 0.6510734197379838, 1.6509932770650706, 6.6150000000000055
0.001150901803607214, 0.33267835188087064, 2.7475756658619873E-4, 1.736375532057357, -0.00251903973223225, 0.0, 1.57081267547233E-4, -0.0023619584646850096, -8.168573773993792, 0.0, 1.2321748084096091, -6.936398965584193, 0.9996531961703218, 0.0, 0.6604661945252582, 1.6601193906955427, 6.6150000000000055
0.0011585170340681356, 0.33486247887356024, 2.7657556894215824E-4, 1.7431938455320812, -0.002533884458764568, 0.0, 1.593339435072973E-4, -0.002374550515257264, -8.162244088402975, 0.0, 1.246031425383704, -6.91621266301928, 0.9993910786370072, 0.0, 0.669935915152214, 1.6693269937891866, 6.6150000000000055
0.0011661322645290574, 0.33704606813354127, 2.7839357129811774E-4, 1.7500062892189365, -0.002548717714507977, 0.0, 1.6161190815539782E-4, -0.0023871058063525733, -8.155954519762215, 0.0, 1.2599944342960865, -6.895960085466154, 0.9991337339772439, 0.0, 0.6794784855914531, 1.6786122195686521, 6.615000000000004
0.0011737474949899793, 0.33922912441393105, 2.802115736540773E-4, 1.7568128472118218, -0.002563539571633464, 0.0, 1.6391535121066062E-4, -0.002399624220422797, -8.14970423370624, 0.0, 1.2740597577460628, -6.875644475960194, 0.9988813803846592, 0.0, 0.6890898042458018, 1.6879711846304206, 6.615000000000004
0.001181362725450901, 0.34141165290647546, 2.820295760100368E-4, 1.7636135277111884, -0.0025783501008147334, 0.0, 1.66244454952685E-4, -0.0024121056458620426, -8.143492417371151, 0.0, 1.2882232895942698, -6.8552691277768965, 0.9986342251302568, 0.0, 0.6987657677818457, 1.697399992912067, 6.615000000000004
0.0011889779559118231, 0.3435936592359184, 2.8384757836599637E-4, 1.7704083627250184, -0.0025931493712669914, 0.0, 1.6859939417336985E-4, -0.002424549977093614, -8.137318279054933, 0.0, 1.302480899439399, -6.83483737961555, 0.998392464699781, 0.0, 0.70850227491164, 1.7068947396113792, 6.615000000000005
0.0011965931863727448, 0.34577514945405674, 2.8566558072195587E-4, 1.7771974077764938, -0.0026079374507851057, 0.0, 1.7098033613683597E-4, -0.0024369571146482636, -8.131181047880341, 0.0, 1.3168284370452825, -6.814352610835066, 0.9981562849342273, 0.0, 0.7182952301229736, 1.7164515150571729, 6.615000000000004
0.0012042084168336668, 0.3479561300334903, 2.8748358307791543E-4, 1.7839807416193658, -0.0026227144057811656, 0.0, 1.733874405473596E-4, -0.002449326965233798, -8.12507997346011, 0.0, 1.3312617367181565, -6.793818236741971, 0.997925861173383, 0.0, 0.72814054735839, 1.7260664085317308, 6.615000000000005
0.0012118236472945885, 0.35013660786106776, 2.8930158543387494E-4, 1.7907584659619264, -0.0026374803013214264, 0.0, 1.758208595252014E-4, -0.0024616594417962174, -8.1190143255645, 0.0, 1.3457766216344533, -6.773237703930053, 0.9977013584021541, 0.0, 0.7380341536437675, 1.735735512045888, 6.615000000000004
0.0012194388777555104, 0.3523165902310369, 2.9111958778983444E-4, 1.797530705200248, -0.002652235201162659, 0.0, 1.7828073759027703E-4, -0.0024739544635723762, -8.112983393791177, 0.0, 1.3603689081187706, -6.752614485672427, 0.9974829313994337, 0.0, 0.7479719926663423, 1.7454549240657355, 6.6150000000000055
0.0012270541082164321, 0.35449608483790096, 2.9293759014579394E-4, 1.804297606161829, -0.002666979167787895, 0.0, 1.8076721165354818E-4, -0.0024862119561343404, -8.10698648723748, 0.0, 1.37503440987214, -6.7319520773653565, 0.9972707248893391, 0.0, 0.7579500283027384, 1.7552207531920394, 6.615000000000005
0.001234669338677354, 0.3566750997689883, 2.947555925017535E-4, 1.8110593378601432, -0.00268171226244158, 0.0, 1.8328041101606024E-4, -0.0024984318514255145, -8.10102293417495, 0.0, 1.3897689421507284, -6.711253992024247, 0.9970648736946377, 0.0, 0.7679642480974006, 1.7650291217919951, 6.615000000000006
0.001242284569138276, 0.3588536434967394, 2.9657359485771306E-4, 1.8178160912611205, -0.002696434545164143, 0.0, 1.8582045737552881E-4, -0.002510614087788609, -8.095092081726268, 0.0, 1.4045683258947765, -6.690523755831511, 0.9968655028921816, 0.0, 0.77801066669157, 1.7748761695837123, 6.6150000000000055
0.001249899799599198, 0.3610317248707165, 2.9839159721367257E-4, 1.8245680790622851, -0.002711146074825971, 0.0, 1.8838746484038915E-4, -0.0025227586099855755, -8.089193295544492, 0.0, 1.4194283918078976, -6.669764903736603, 0.9966727279701398, 0.0, 0.7880853292031943, 1.7847580571733033, 6.615000000000005
0.0012575150300601196, 0.36320935310933844, 3.002095995696321E-4, 1.831315535485147, -0.0027258469091608097, 0.0, 1.9098153995121835E-4, -0.0025348653692095846, -8.083325959494664, 0.0, 1.4343449843866747, -6.648980975108007, 0.9964866549869169, 0.0, 0.7981843145579901, 1.7946709695448673, 6.6150000000000055
0.0012651302605210415, 0.36538653779135094, 3.0202760192559163E-4, 1.8380587160818904, -0.0027405371047985873, 0.0, 1.936027817094343E-4, -0.0025469343230891455, -8.077489475337716, 0.0, 1.4493139659005567, -6.628175509437174, 0.9963073807315964, 0.0, 0.8083037387719421, 1.8046111195034984, 6.615000000000006
0.0012727454909819632, 0.3675632888470303, 3.0384560428155114E-4, 1.844797897556747, -0.002755216717297658, 0.0, 1.962512816131855E-4, -0.002558965435684466, -8.071683262416768, 0.0, 1.4643312203221166, -6.607352042094678, 0.9961349928856943, 0.0, 0.8184397581855308, 1.8145747510711785, 6.615000000000005
0.001280360721442885, 0.36973961654913184, 3.0566360663751064E-4, 1.8515333776030456, -0.00276988580117649, 0.0, 1.989271237003495E-4, -0.002570958677476134, -8.065906757345733, 0.0, 1.4793926572076226, -6.5865141001381255, 0.9959695701861988, 0.0, 0.8285885726498589, 1.824558142836021, 6.615000000000005
0.0012879759519038069, 0.37191553150358336, 3.0748160899347015E-4, 1.858265474756378, -0.0027845444099447773, 0.0, 2.0163038459852222E-4, -0.0025829140253462502, -8.060159413700248, 0.0, 1.4944942155279115, -6.565665198172356, 0.9958111825896628, 0.0, 0.8387464286649771, 1.8345576112546036, 6.615000000000005
0.0012955911823647286, 0.3740910446399305, 3.0929961134942965E-4, 1.8649945282646891, -0.0027991925961339988, 0.0, 2.0436113358194885E-4, -0.0025948314625520437, -8.05444070171099, 0.0, 1.509631867449575, -6.544808834261428, 0.995659891437267, 0.0, 0.8489096224705055, 1.844569513907738, 6.6150000000000055
0.0013032064128256507, 0.37626616720154005, 3.1111761370538927E-4, 1.8717208979758988, -0.0028138304113274207, 0.0, 2.071194326352695E-4, -0.0026067109786921464, -8.048750107959298, 0.0, 1.5248016220665168, -6.523948485892807, 0.995515749620717, 0.0, 0.8590745030889337, 1.8545902527096099, 6.615000000000004
0.0013108216432865724, 0.3784409107355622, 3.1293561606134877E-4, 1.8784449642436034, -0.0028284579061895474, 0.0, 2.0990533652400655E-4, -0.0026185525696655353, -8.043087135075147, 0.0, 1.5399995290817208, -6.503087605993445, 0.9953788017488941, 0.0, 0.8692374753215758, 1.8646162770704335, 6.615000000000004
0.0013184368737474944, 0.38061528708266207, 3.147536184173083E-4, 1.885167127851617, -0.002843075130495023, 0.0, 2.1271889287170125E-4, -0.0026303562376233146, -8.037451301437448, 0.0, 1.5552216824395173, -6.48222961899795, 0.9952490843150723, 0.0, 0.879395002697672, 1.8746440870127035, 6.615000000000005
0.001326052104208416, 0.3827893083665201, 3.165716207732678E-4, 1.891887809957732, -0.002857682133156993, 0.0, 2.155601422436093E-4, -0.0026421219909133773, -8.031842140876718, 0.0, 1.5704642239079678, -6.4613779169687815, 0.9951266258646866, 0.0, 0.8895436103764224, 1.8846702362410577, 6.615000000000004
0.001333667334669338, 0.38496298698311004, 3.1838962312922734E-4, 1.8986074520573921, -0.0028722789622549314, 0.0, 2.184291182368634E-4, -0.002653849844018061, -8.026259202380057, 0.0, 1.5857233466117133, -6.440535855768362, 0.9950114471634949, 0.0, 0.8996798880024867, 1.894691335165941, 6.615000000000005
0.0013412825651302597, 0.3871363355897576, 3.2020762548518684E-4, 1.9053265159678088, -0.002886865665061921, 0.0, 2.2132584757701603E-4, -0.0026655398174848985, -8.020702049798487, 0.0, 1.6009952985150666, -6.419706751283453, 0.9949035613660429, 0.0, 0.909800492514874, 1.9047040538808642, 6.615000000000003
0.0013488977955911816, 0.3893093670939845, 3.2202562784114635E-4, 1.9120454838330176, -0.0029014422880714185, 0.0, 2.2425035022086097E-4, -0.0026771919378505513, -8.015170261556621, 0.0, 1.6162763858554772, -6.398893875701169, 0.9948029741843718, 0.0, 0.9199021509095477, 1.9147051250938751, 6.615000000000005
0.0013565130260521036, 0.39148209464214445, 3.238436301971059E-4, 1.9187648581503658, -0.002916008877023484, 0.0, 2.272026394654607E-4, -0.0026888062375580164, -8.009663430364672, 0.0, 1.6315629765272908, -6.378100453837401, 0.9947096840568431, 0.0, 0.9299816629557537, 1.9246913470125548, 6.615000000000005
0.0013641282565130255, 0.3936545316078542, 3.2566163255306547E-4, 1.9254851618188804, -0.002930565476930492, 0.0, 2.3018272206327625E-4, -0.0027003827548672103, -8.004181162932817, 0.0, 1.6468515034157973, -6.35732965951704, 0.9946236823170028, 0.0, 0.9400359038662595, 1.9346595861832243, 6.615000000000005
0.0013717434869739472, 0.3958266915802256, 3.2747963490902497E-4, 1.9322069382101374, -0.0029451121321023258, 0.0, 2.331905983433164E-4, -0.002711921533759004, -7.998723079687866, 0.0, 1.662138467681638, -6.336584612006235, 0.9945449533624596, 0.0, 0.9500618269216786, 1.9446067802841132, 6.615000000000005
0.0013793587174348691, 0.3979985883519025, 3.292976372649845E-4, 1.9389307512618728, -0.002959648886171062, 0.0, 2.3622626233820544E-4, -0.0027234226238328518, -7.9932888144923195, 0.0, 1.6774204419955796, -6.315868372496773, 0.9944734748236033, 0.0, 0.960056466049056, 1.9545299408726118, 6.615000000000004
0.0013869739478957908, 0.4001702359069092, 3.31115639620944E-4, 1.9456571855948672, -0.00297417578211514, 0.0, 2.392897019170954E-4, -0.002734886080198038, -7.987878014365724, 0.0, 1.6926940737234644, -6.295183940642291, 0.9944092177321914, 0.0, 0.9700169383545931, 1.9644261560867324, 6.615000000000004
0.0013945891783567125, 0.40234164840831355, 3.329336419769035E-4, 1.9523868466534786, -0.0029886928622830256, 0.0, 2.4238089892432088E-4, -0.0027463119633586996, -7.982490339208381, 0.0, 1.7079560880616071, -6.274534251146789, 0.9943521466896315, 0.0, 0.9799404466109438, 1.9742925933005453, 6.615000000000004
0.0014022044088176345, 0.40451284018571076, 3.3475164433286305E-4, 1.959120360870314, -0.003003200168416389, 0.0, 2.4549982932369754E-4, -0.002757700339092685, -7.977125461527417, 0.0, 1.7232032911225141, -6.2539221704049295, 0.9943022200350122, 0.0, 0.98982428169909, 1.9841265017340572, 6.615000000000004
0.0014098196392785564, 0.40668382572253176, 3.365696466888226E-4, 1.9658583758551351, -0.003017697741672768, 0.0, 2.486464633484091E-4, -0.002769051278324352, -7.971783066165156, 0.0, 1.7384325729708623, -6.233350493194343, 0.99425939001271, 0.0, 0.9996658250047377, 1.9939252150173792, 6.615000000000003
0.0014174348697394783, 0.40885461964318165, 3.383876490447821E-4, 1.9726015606086733, -0.0030321856226477525, 0.0, 2.518207656563486E-4, -0.002780364856991398, -7.966462850029863, 0.0, 1.753640910609672, -6.212821939420206, 0.9942236029395645, 0.0, 1.009462550769409, 2.003686153708941, 6.615000000000003
0.0014250501002004, 0.4110252367000146, 3.402056514007416E-4, 1.9793506057613919, -0.003046663851396677, 0.0, 2.5502269549084627E-4, -0.0027916411559058257, -7.961164521828814, 0.0, 1.7688253709172104, -6.192339150911633, 0.9941947993715611, 0.0, 1.0192120283967916, 2.013406827768308, 6.615000000000003
0.001432665330661322, 0.4131956917601464, 3.420236537567012E-4, 1.986106223837745, -0.003061132467455828, 0.0, 2.5825220684669374E-4, -0.0028028802606091282, -7.955887801803702, 0.0, 1.78398311353373, -6.171904688269999, 0.9941729142699507, 0.0, 1.0289119247135508, 2.023084838983457, 6.615000000000004
0.0014402805611222437, 0.41536599979211347, 3.438416561126607E-4, 1.9928691495460877, -0.0030755915098631802, 0.0, 2.615092486413831E-4, -0.0028140822612217915, -7.9506324214684, 0.0, 1.799111393698869, -6.151521027769563, 0.9941578771667775, 0.0, 1.0385600061854874, 2.0327178833522157, 6.615000000000003
0.0014478957915831656, 0.4175361758523808, 3.456596584686202E-4, 1.9996401400943304, -0.0030900410171786465, 0.0, 2.6479376489143425E-4, -0.0028252472522872045, -7.945398123349036, 0.0, 1.8142075650391774, -6.131190558309885, 0.9941496123297203, 0.0, 1.0481541410887143, 2.0423037534183877, 6.615000000000004
0.0014555110220440873, 0.4197062350717042, 3.474776608245797E-4, 2.006419975532109, -0.0031044810275038656, 0.0, 2.6810569489377055E-4, -0.0028363753326100904, -7.940184660726446, 0.0, 1.8292690823060347, -6.110915578420454, 0.9941480389262327, 0.0, 1.0576923016360371, 2.051840340562214, 6.615000000000003
0.0014631262525050092, 0.42187619264135284, 3.4929566318053925E-4, 2.0132094591190235, -0.003118911578501527, 0.0, 2.714449734120087E-4, -0.002847466605089513, -7.934991797380934, 0.0, 1.8442935040639414, -6.090698293317012, 0.9941530711869455, 0.0, 1.0671725660587426, 2.061325637245654, 6.615000000000004
0.0014707414829659312, 0.42404606379919535, 3.511136655364988E-4, 2.020009417719687, -0.0031333327074142187, 0.0, 2.7481153086759464E-4, -0.002858521176546615, -7.92981930733938, 0.0, 1.8592784953290395, -6.070540812010359, 0.9941646185682368, 0.0, 1.0765931206436514, 2.070757739211845, 6.615000000000005
0.001478356713426853, 0.42621586381565607, 3.529316678924583E-4, 2.026820702225524, -0.0031477444510828382, 0.0, 2.7820529353570655E-4, -0.0028695391575471246, -7.924666974624707, 0.0, 1.8742218301579872, -6.05044514446674, 0.9941825859139791, 0.0, 1.085952261725612, 2.080134847639553, 6.615000000000004
0.0014859719438877748, 0.4283856079795443, 3.547496702484178E-4, 2.0336441880035663, -0.003162146845964532, 0.0, 2.8162618374578735E-4, -0.00288052066221874, -7.919534593007657, 0.0, 1.889121394187166, -6.030413198820512, 0.994206873616398, 0.0, 1.0952483976356115, 2.0894552712519743, 6.615000000000003
0.0014935871743486965, 0.43055531158376353, 3.565676726043773E-4, 2.0404807753721994, -0.003176539928150197, 0.0, 2.8507412008668687E-4, -0.002891465808063504, -7.914421965760938, 0.0, 1.9039751871221404, -6.010446778638805, 0.9942373777759738, 0.0, 1.1044800506042955, 2.098717428380245, 6.6150000000000055
0.0015012024048096184, 0.43272498991090486, 3.583856749603369E-4, 2.0473313901043904, -0.003190923733381529, 0.0, 2.885490176162455E-4, -0.002902374715765279, -7.9093289054156735, 0.0, 1.9187813251776202, -5.990547580238074, 0.994273990360431, 0.0, 1.1136458586214315, 2.107919848981829, 6.615000000000004
0.0015088176352705401, 0.43489465821872764, 3.602036773162964E-4, 2.0541969839581125, -0.003205298297067644, 0.0, 2.920507880753096E-4, -0.0029132475089923304, -7.904255233520253, 0.0, 1.9335380434674987, -5.970717190052777, 0.9943165993626684, 0.0, 1.122744577250721, 2.117061176613356, 6.615000000000004
0.001516432865731462, 0.43706433172553577, 3.620216796722559E-4, 2.0610785352342496, -0.003219663654301241, 0.0, 2.9557934010600436E-4, -0.002924084314195231, -7.899200780401443, 0.0, 1.9482436983453333, -5.950957082056127, 0.9943650889576924, 0.0, 1.131775081400632, 2.126140170358291, 6.615000000000003
0.001524048096192384, 0.43923402559545266, 3.6383968202821545E-4, 2.0679770493619207, -0.003234019839874358, 0.0, 2.9913457947425927E-4, -0.0029348852604000933, -7.894165384927902, 0.0, 1.9628967696952369, -5.931268615232691, 0.9944193396584665, 0.0, 1.140736367051026, 2.135155706709452, 6.615000000000003
0.001531663326653306, 0.44140375492359657, 3.65657684384175E-4, 2.074893559511562, -0.0032483668882936816, 0.0, 3.0271640929640934E-4, -0.0029456504789972665, -7.88914889427602, 0.0, 1.977495863172871, -5.911653031103177, 0.994479228470646, 0.0, 1.1496275529355753, 2.144106781406177, 6.615000000000005
0.0015392785571142276, 0.44357353472116984, 3.674756867401345E-4, 2.0818291272353893, -0.003262704833795437, 0.0, 3.063247302698656E-4, -0.0029563801035255685, -7.884151163698068, 0.0, 1.9920397123969642, -5.892111451301113, 0.9945446290461841, 0.0, 1.1584478821802149, 2.1529925112263824, 6.615000000000003
0.0015468937875751496, 0.4457433799004564, 3.69293689096094E-4, 2.0887848431355245, -0.0032770337103598724, 0.0, 3.099594409076991E-4, -0.0029670742694521673, -7.879172056292726, 0.0, 2.0065271810910232, -5.872644875201711, 0.9946154118358027, 0.0, 1.167196723897523, 2.1618121357332996, 6.615000000000004
0.0015545090180360713, 0.4479133052597403, 3.711116914520535E-4, 2.0957618275597767, -0.0032913535517253025, 0.0, 3.1362043777707785E-4, -0.00297773311394822, -7.874211442777932, 0.0, 2.0209572651754377, -5.853254177602511, 0.9946914442402054, 0.0, 1.1758735747372004, 2.170565018977378, 6.615000000000003
0.0015621242484969932, 0.45008332546814694, 3.729296938080131E-4, 2.102761231324836, -0.003305664391401764, 0.0, 3.1730761574147047E-4, -0.002988356775660287, -7.8692692012660705, 0.0, 2.0353290948098954, -5.833940106456195, 0.9947725907601331, 0.0, 1.1844780603926075, 2.179250651152704, 6.615000000000004
0.001569739478957915, 0.4522534550504115, 3.747476961639726E-4, 2.109784236467165, -0.0033199662626842547, 0.0, 3.210208682065107E-4, -0.0029989453944777376, -7.8643452170415165, 0.0, 2.049641936385949, -5.814703280655578, 0.9948587131451223, 0.0, 1.193009937063273, 2.187868650208368, 6.615000000000003
0.001577354709418837, 0.45442370837158225, 3.7656569851993215E-4, 2.116832057021058, -0.003334259198665573, 0.0, 3.247600873694473E-4, -0.0030094991112961243, -7.8594393823405, 0.0, 2.063895194470253, -5.795544187870277, 0.9949496705410272, 0.0, 1.2014690928739142, 2.196418763414907, 6.615000000000003
0.0015849699398797587, 0.4565940996216586, 3.7838370087589165E-4, 2.1239059398244047, -0.003348543232248757, 0.0, 3.2852516447205173E-4, -0.003020018067776703, -7.854551596133311, 0.0, 2.078088413697804, -5.776463182435558, 0.9950453196362328, 0.0, 1.2098555492494314, 2.204900868885607, 6.615000000000003
0.0015925851703406805, 0.4587646428001752, 3.8020170323185116E-4, 2.131007165351366, -0.0033628183961591255, 0.0, 3.323159900569814E-4, -0.00303050240610214, -7.849681763908868, 0.0, 2.092221280615594, -5.757460483293299, 0.9951455148065085, 0.0, 1.2181694622460921, 2.213314977052564, 6.615000000000004
0.0016002004008016024, 0.4609353517007321, 3.820197055878107E-4, 2.1381370485723283, -0.0033770847229559454, 0.0, 3.3613245422739463E-4, -0.003040952268728551, -7.844829797461602, 0.0, 2.106293625476655, -5.738536171984974, 0.995250108258579, 0.0, 1.2264111238392321, 2.2216612320977855, 6.615000000000003
0.001607815631262524, 0.4631062398954767, 3.838377079437702E-4, 2.1452969398407347, -0.003391342245043695, 0.0, 3.399744469097925E-4, -0.0030513677981338964, -7.839995614680694, 0.0, 2.1203054239843464, -5.719690190696396, 0.9953589501722853, 0.0, 1.2345809631671814, 2.229939913339401, 6.615000000000003
0.001615430861723446, 0.4652773207195459, 3.856557102997297E-4, 2.1524882258068474, -0.003405590994682959, 0.0, 3.4384185812001445E-4, -0.0030617491365629414, -7.8351791393416335, 0.0, 2.13425679898712, -5.7009223403545635, 0.9954718888413786, 0.0, 1.2426795477316357, 2.238151436572957, 6.615000000000003
0.0016230460921843677, 0.46744860725546655, 3.8747371265568923E-4, 2.159712330358118, -0.003419831004000935, 0.0, 3.477345782322387E-4, -0.003072096425768692, -7.830380300900147, 0.0, 2.148148022123171, -5.68223227877702, 0.9955887708128826, 0.0, 1.2507075845540885, 2.246296355366916, 6.615000000000004
0.0016306613226452897, 0.46962011231752726, 3.892917150116488E-4, 2.166970715585607, -0.003434062305001586, 0.0, 3.5165249825095106E-4, -0.00308240980675063, -7.825599034288453, 0.0, 2.1619795154159958, -5.663619518872501, 0.9957094410250477, 0.0, 1.258665921289215, 2.254375362314207, 6.615000000000004
0.0016382765531062116, 0.4717918484361194, 3.9110971736760835E-4, 2.174264882777176, -0.003448284929575404, 0.0, 3.5559551008574713E-4, -0.003092689419489651, -7.820835279713839, 0.0, 2.175751852819815, -5.645083426894048, 0.9958337429438685, 0.0, 1.2665555472943277, 2.2623892902381573, 6.615000000000002
0.0016458917835671335, 0.47396382784205693, 3.9292771972356785E-4, 2.181596373436104, -0.00346249890950882, 0.0, 3.5956350682891654E-4, -0.0031029354026798983, -7.816088982459612, 0.0, 2.1894657617156077, -5.626623220744038, 0.9959615186980906, 0.0, 1.2743775946555786, 2.270339113353623, 6.615000000000003
0.0016535070140280552, 0.4761360624508771, 3.9474572207952736E-4, 2.1889667703255875, -0.00347670427649326, 0.0, 3.6355638303569936E-4, -0.0031131478934575568, -7.811360092688355, 0.0, 2.2031221243572285, -5.608237968331191, 0.9960926092128087, 0.0, 1.2821333391704557, 2.2782259483831915, 6.615000000000003
0.0016611222444889771, 0.4783085638471289, 3.965637244354869E-4, 2.19637769853868, -0.0034909010621338257, 0.0, 3.675740350071037E-4, -0.003123327027126716, -7.8066485652475555, 0.0, 2.216721979267964, -5.589926585979646, 0.9962268543414752, 0.0, 1.2898242012870118, 2.2860510556284157, 6.615000000000003
0.0016687374749498989, 0.4804813432686526, 3.983817267914464E-4, 2.2038308265930913, -0.0035050892979576536, 0.0, 3.7161636107525364E-4, -0.003133472936882397, -7.801954359477524, 0.0, 2.2302665225876366, -5.571687836889907, 0.9963640929965126, 0.0, 1.2974517469998106, 2.2938158399962965, 6.615000000000002
0.0016763527054108208, 0.482654411590856, 4.0019972914740593E-4, 2.2113278675510113, -0.003519269015421894, 0.0, 3.7568326189112524E-4, -0.003143585753530769, -7.7972774390217605, 0.0, 2.2437571093694504, -5.5535203296523665, 0.9965041632782196, 0.0, 1.3050176887019531, 2.301521851980117, 6.615000000000004
0.0016839679358717425, 0.4848277793109923, 4.0201773150336543E-4, 2.21887058016308, -0.0035334402459213728, 0.0, 3.7977464071458245E-4, -0.0031536656052067874, -7.792617771639513, 0.0, 2.2571952548276597, -5.535422516811908, 0.9966469026023309, 0.0, 1.31252388599426, 2.309170788596529, 6.615000000000003
0.0016915831663326646, 0.4870014565324457, 4.0383573385932505E-4, 2.226460770036667, -0.0035476030207959052, 0.0, 3.838904037066416E-4, -0.0031637126170892594, -7.787975329020766, 0.0, 2.2705826355354457, -5.517392693485359, 0.9967921478259003, 0.0, 1.319972346451002, 2.3167644942768533, 6.615000000000004
0.0016991983967935863, 0.48917545294902504, 4.0565373621528455E-4, 2.2341002908274104, -0.003561757371337267, 0.0, 3.8803046022389094E-4, -0.0031737269111133722, -7.7833500866035985, 0.0, 2.283921090573037, -5.499428996030568, 0.9969397353715794, 0.0, 1.3273652263421718, 2.3243049617137355, 6.615000000000003
0.001706813627254508, 0.4913497778292782, 4.0747173857124406E-4, 2.2417910454545185, -0.0035759033287958548, 0.0, 3.9219472311492363E-4, -0.0031837086056809246, -7.778742023393781, 0.0, 2.2972126226261627, -5.481529400767652, 0.9970895013504285, 0.0, 1.3347048313125556, 2.331794332662934, 6.615000000000002
0.00171442885771543, 0.4935244400008235, 4.0928974092720356E-4, 2.249534987338585, -0.0035900409243870084, 0.0, 3.9638310901873646E-4, -0.0031936578153682702, -7.774151121786792, 0.0, 2.3104593990347904, -5.463691722752075, 0.9972412816830379, 0.0, 1.341993617017456, 2.339234898700416, 6.615000000000002
0.0017220440881763517, 0.4956994478347099, 4.1110774328316307E-4, 2.2573341216617604, -0.0036041701892970054, 0.0, 4.00595538664986E-4, -0.003203574650632017, -7.769577367392172, 0.0, 2.323663752792258, -5.4459136145999265, 0.9973949122190204, 0.0, 1.3492341897152533, 2.3466291019342544, 6.615000000000003
0.0017296593186372736, 0.4978748092298072, 4.129257456391226E-4, 2.2651905066500047, -0.003618291154688754, 0.0, 4.0483193717601846E-4, -0.0032134592175127345, -7.765020748860154, 0.0, 2.3368281834948874, -5.428192565365345, 0.9975502288549705, 0.0, 1.3564293068168947, 2.353979535671784, 6.615000000000004
0.0017372745490981953, 0.5000505315972313, 4.1474374799508213E-4, 2.2731062548768124, -0.003632403851707163, 0.0, 4.0909223437058046E-4, -0.0032233116173365833, -7.760481257710714, 0.0, 2.349955358241397, -5.410525899469365, 0.9977070676506954, 0.0, 1.3635818773916477, 2.3612889450422974, 6.615000000000004
0.0017448897795591175, 0.502226621844812, 4.165617503510417E-4, 2.281083534587654, -0.003646508311484204, 0.0, 4.13376365069112E-4, -0.0032331319464150893, -7.755958888164903, 0.0, 2.3630481124832543, -5.392910775681683, 0.9978652649438408, 0.0, 1.3706949626303107, 2.36856022757411, 6.615000000000004
0.0017525050100200392, 0.5044030863616052, 4.183797527070012E-4, 2.2891245710450825, -0.003660604565143673, 0.0, 4.1768426940056466E-4, -0.003242920295743107, -7.75145363697856, 0.0, 2.3761094508249716, -5.375344186153628, 0.9980246574628517, 0.0, 1.3777717762648063, 2.375796433727616, 6.615000000000003
0.001760120240480961, 0.5065799310024555, 4.2019775506296075E-4, 2.2972316478935775, -0.0036746926438056457, 0.0, 4.22015893110599E-4, -0.003252676750695044, -7.746965503278306, 0.0, 2.3891425477747052, -5.357822955503624, 0.9981850824382797, 0.0, 1.384815684944689, 2.383000767382937, 6.615000000000003
0.0017677354709418828, 0.5087571610726153, 4.2201575741892026E-4, 2.3054071085438697, -0.0036887725785906453, 0.0, 4.263711878710948E-4, -0.003262401390719545, -7.742494488399973, 0.0, 2.402150748445512, -5.340343739954492, 0.9983463777123558, 0.0, 1.3918302085708574, 2.390176586283168, 6.615000000000003
0.0017753507014028047, 0.5109347813124232, 4.2383375977487976E-4, 2.313653357575687, -0.003702844400623508, 0.0, 4.3075011159097066E-4, -0.003272094289032536, -7.738040595729277, 0.0, 2.415137569206453, -5.322903026522828, 0.9985083818469351, 0.0, 1.3988190205854927, 2.39732740243242, 6.615000000000004
0.0017829659318637264, 0.513112795882048, 4.2565176213083927E-4, 2.321972862158952, -0.0037169081410369717, 0.0, 4.351526287280093E-4, -0.0032817555123089595, -7.733603830544871, 0.0, 2.428106698284453, -5.305497132260427, 0.9986709342297351, 0.0, 1.4057859482196393, 2.4044568824493586, 6.615000000000004
0.0017905811623246482, 0.5152912083463042, 4.2746976448679877E-4, 2.330368153492482, -0.0037309638309749736, 0.0, 4.395787106018595E-4, -0.0032913851203731147, -7.729184199863765, 0.0, 2.441061996316195, -5.288122203547585, 0.9988338751788131, 0.0, 1.4127349726971135, 2.411568847875911, 6.615000000000002
0.00179819639278557, 0.5174700216595393, 4.2928776684275833E-4, 2.338841828259267, -0.003745011501595674, 0.0, 4.44028335707909E-4, -0.00330098316588776, -7.724781712289044, 0.0, 2.454007496850462, -5.270774215438632, 0.9989970460453756, 0.0, 1.4196702293956691, 2.4186672754409817, 6.615000000000004
0.001805811623246492, 0.5196492381506043, 4.311057691987179E-4, 2.34739655009845, -0.003759051184074198, 0.0, 4.485014900320819E-4, -0.0033105496940421114, -7.720396377859941, 0.0, 2.4669474068006574, -5.253448971059293, 0.9991602893148512, 0.0, 1.4265960079648294, 2.4257562972796602, 6.615000000000003
0.001813426853707414, 0.5218288595079081, 4.329237715546774E-4, 2.3560350510922756, -0.003773082909605118, 0.0, 4.529981673663707E-4, -0.003320084742238742, -7.716028207904255, 0.0, 2.4798861068479052, -5.236142101056366, 0.9993234487062311, 0.0, 1.4335167524010386, 2.432840201107241, 6.615000000000003
0.0018210420841683356, 0.5240088867645605, 4.347417739106369E-4, 2.3647601332684234, -0.0037871067094046597, 0.0, 4.575183696250897E-4, -0.003329588339779562, -7.711677214893087, 0.0, 2.492828151794346, -5.218849063098803, 0.9994863692696714, 0.0, 1.4404370610795743, 2.4399234303491664, 6.615000000000004
0.0018286573146292576, 0.526189320283611, 4.3655977626659646E-4, 2.3735746701161355, -0.003801122614712655, 0.0, 4.6206210716170427E-4, -0.0033390605075509514, -7.7073434122979805, 0.0, 2.5057782708663767, -5.201565141431619, 0.9996488974822982, 0.0, 1.44736168674312, 2.4470105842254046, 6.615000000000004
0.0018362725450901793, 0.5283701597433869, 4.3837777862255596E-4, 2.3824816081158033, -0.0038151306567942287, 0.0, 4.666293990861494E-4, -0.003348501257708074, -7.703026814450288, 0.0, 2.5187413679691306, -5.1842854464811925, 0.9998108813423697, 0.0, 1.4542955364482815, 2.454106417790603, 6.615000000000003
0.0018438877755511012, 0.5305514041229366, 4.4019578097851547E-4, 2.391483968281255, -0.0038291308669412354, 0.0, 4.712202735826502E-4, -0.003357910593358579, -7.698727436403003, 0.0, 2.5317225218901025, -5.167004914512943, 0.9999721704615216, 0.0, 1.4612436714677517, 2.461215841929216, 6.615000000000003
0.001851503006012023, 0.53273305168758, 4.42013783334475E-4, 2.4005848477138043, -0.0038431232764734504, 0.0, 4.758347682277417E-4, -0.0033672885082457037, -7.694445293794849, 0.0, 2.544726986454115, -5.149718307340767, 1.0001326161553736, 0.0, 1.4682113071507976, 2.468343923306127, 6.615000000000004
0.001859118236472945, 0.5349150999745755, 4.438317856904346E-4, 2.4097874211673975, -0.0038571079167395127, 0.0, 4.8047293030862985E-4, -0.0033766349864308817, -7.690180402716723, 0.0, 2.557760190628051, -5.13242021208871, 1.000292071532298, 0.0, 1.4752038127399842, 2.4754958842722417, 6.615000000000003
0.0018667334669338668, 0.5370975457789049, 4.456497880463941E-4, 2.419094942624114, -0.003871084819117621, 0.0, 4.851348171416457E-4, -0.0033859500019759745, -7.685932779580527, 0.0, 2.5708277385759306, -5.115105041004632, 1.000450391580376, 0.0, 1.4822267111450793, 2.4826771027254178, 6.615000000000003
0.0018743486973947887, 0.5392803851391843, 4.474677904023536E-4, 2.4285107468787617, -0.003885054015016007, 0.0, 4.89820496390741E-4, -0.00339523351862526, -7.681702440990241, 0.0, 2.5839354096646905, -5.097767031325585, 1.000607433252657, 0.0, 1.4892856786744342, 2.489893111927044, 6.615000000000003
0.0018819639278557104, 0.5414636133236996, 4.492857927583131E-4, 2.4380382511322205, -0.0038990155358731714, 0.0, 4.945300463860391E-4, -0.0034044854894871254, -7.677489403615469, 0.0, 2.5970891584197067, -5.0804002451957935, 1.0007630555505194, 0.0, 1.4963865447226283, 2.4971496002731004, 6.615000000000003
0.0018895791583166323, 0.5436472248165806, 4.5110379511427266E-4, 2.4476809565927056, -0.0039129694131578826, 0.0, 4.992635564421328E-4, -0.0034137058567157447, -7.67329368406719, 0.0, 2.6102951144310538, -5.062998569636172, 1.0009171196052937, 0.0, 1.5035352914159084, 2.5044524110211546, 6.615000000000003
0.001897194388777554, 0.5458312133041117, 4.5292179747023217E-4, 2.457442450083388, -0.003926915678368957, 0.0, 5.040211271762605E-4, -0.0034228945511926958, -7.669115298775956, 0.0, 2.623559582210073, -5.045555716565915, 1.0010694887580318, 0.0, 1.51073805321447, 2.511807541972469, 6.615000000000004
0.0019048096192384757, 0.5480155716611852, 4.5473979982619167E-4, 2.467326405655755, -0.003940854363034839, 0.0, 5.088028708261311E-4, -0.0034320514922087045, -7.664954263872354, 0.0, 2.6368890409960066, -5.028065222876387, 1.0012200286375423, 0.0, 1.5180011164716896, 2.519221145109185, 6.615000000000003
0.0019124248496993979, 0.5502002919379066, 4.5655780218215123E-4, 2.4773365862086036, -0.003954785498712924, 0.0, 5.136089115673739E-4, -0.003441176587145547, -7.660810595069881, 0.0, 2.6502901445132294, -5.010520450556703, 1.0013686072364607, 0.0, 1.525330918950677, 2.5266995261870795, 6.615000000000003
0.0019200400801603196, 0.5523853653463484, 4.5837580453811074E-4, 2.4874768451105265, -0.0039687091169887155, 0.0, 5.184393858305054E-4, -0.003450269731158203, -7.656684307550054, 0.0, 2.663769720678505, -4.992914586871563, 1.0015150949856981, 0.0, 1.532734049297642, 2.534249144283311, 6.615000000000002
0.0019276553106212415, 0.554570782247468, 4.601938068940703E-4, 2.4977511278250937, -0.003982625249474748, 0.0, 5.23294442617286E-4, -0.0034593308068574576, -7.652575415849993, 0.0, 2.6773347712589772, -4.975240644591067, 1.0016593648268548, 0.0, 1.5402172464728596, 2.541876611299653, 6.615000000000003
0.0019352705410821632, 0.5567565321381827, 4.620118092500298E-4, 2.508163473538758, -0.003996533927809312, 0.0, 5.281742438164475E-4, -0.003468359683992865, -7.648483933752242, 0.0, 2.690992471479929, -4.957491462272317, 1.0018012922829271, 0.0, 1.5477873991381264, 2.54958869142105, 6.615000000000003
0.0019428857715430852, 0.5589426036386178, 4.638298116059893E-4, 2.518718016789183, -0.004010435183654991, 0.0, 5.330789645186407E-4, -0.003477356219136353, -7.644409874176937, 0.0, 2.704750169583463, -4.9396597045935, 1.0019407555271866, 0.0, 1.5554515450020046, 2.557392300529171, 6.615000000000003
0.0019505010020040069, 0.561128984479526, 4.656478139619488E-4, 2.5294189890938625, -0.004024329048696987, 0.0, 5.380087933305319E-4, -0.003486320255366454, -7.640353249076415, 0.0, 2.7186153863369755, -4.92173786273948, 1.0020776354500633, 0.0, 1.56321687012168, 2.5652945055717, 6.615000000000004
0.001958116232464929, 0.5633156614898843, 4.6746581631790837E-4, 2.540270720577423, -0.004038215554641282, 0.0, 5.429639326879931E-4, -0.0034952516219532884, -7.636314069332006, 0.0, 2.7325958144923366, -4.903718254839672, 1.0022118157244135, 0.0, 1.5710907081622927, 2.5733025238867033, 6.615000000000003
0.0019657314629258505, 0.5655026205846738, 4.692838186738679E-4, 2.5512776415968013, -0.004052094733212581, 0.0, 5.479445991682199E-4, -0.0035041501340443543, -7.632292344653292, 0.0, 2.7466993181952555, -4.885593026458132, 1.0023431828687266, 0.0, 1.57908053961338, 2.5814237224819974, 6.615000000000003
0.0019733466933867724, 0.567689846752848, 4.7110182102982743E-4, 2.562444284363245, -0.00406596661615211, 0.0, 5.52951023800772E-4, -0.0035130155923513364, -7.6282880834796645, 0.0, 2.7609339323445288, -4.8673541511352, 1.0024716263085864, 0.0, 1.5871939909619581, 2.589665617270477, 6.615000000000003
0.0019809619238476944, 0.5698773240454929, 4.7291982338578694E-4, 2.5737752845600905, -0.004079831235215205, 0.0, 5.579834523773506E-4, -0.0035218477828378586, -7.624301292884184, 0.0, 2.7753078619027036, -4.8489934309815474, 1.0025970384362608, 0.0, 1.5954388338239793, 2.598035872260181, 6.615000000000004
0.0019885771543086163, 0.5720650355641851, 4.747378257417465E-4, 2.5852753829544284, -0.004093688622168742, 0.0, 5.630421457603479E-4, -0.0035306464764083925, -7.620331978479872, 0.0, 2.789829481155783, -4.830502497324166, 1.002719314668347, 0.0, 1.6038229840315403, 2.606542298699808, 6.615000000000005
0.001996192384769538, 0.5742529634495539, 4.76555828097706E-4, 2.5969494270030467, -0.004107538808788423, 0.0, 5.681273801899206E-4, -0.0035394114285985006, -7.616380144328209, 0.0, 2.8045073329244867, -4.8118728114037435, 1.0028383535017515, 0.0, 1.6123545006786915, 2.615192854180418, 6.615000000000005
0.0020038076152304597, 0.5764410888700451, 4.783738304536655E-4, 2.6088023724494818, -0.004121381826855837, 0.0, 5.732394475897035E-4, -0.0035481423792661287, -7.612445792850149, 0.0, 2.819350127724161, -4.793095665126076, 1.0029540565674633, 0.0, 1.6210415851225053, 2.6239956416898726, 6.615000000000003
0.0020114228456913816, 0.5786293920109071, 4.80191832809625E-4, 2.6208392849131545, -0.004135217708155426, 0.0, 5.783786558707894E-4, -0.0035568390522846332, -7.608528924739243, 0.0, 2.834366742877291, -4.77416218186197, 1.0030663286828567, 0.0, 1.6298925799439716, 2.6329589086268035, 6.615000000000004
0.002019038076152303, 0.5808178520633815, 4.820098351655845E-4, 2.63306534146715, -0.0041490464844712565, 0.0, 5.83545329234234E-4, -0.0035655011552370207, -7.604629538877365, 0.0, 2.8495662215741584, -4.755063317303329, 1.0031750779017452, 0.0, 1.638915967863528, 2.642091045765147, 6.615000000000003
0.0020266533066132255, 0.5830064472141282, 4.8382783752154413E-4, 2.6454858322057984, -0.0041628681875836545, 0.0, 5.887398084716063E-4, -0.0035741283791120466, -7.600747632252568, 0.0, 2.8649577718851216, -4.735789860367576, 1.0032802155627991, 0.0, 1.6481203706155212, 2.651400586178187, 6.615000000000004
0.0020342685370741474, 0.5851951546348675, 4.8564583987750363E-4, 2.658106161798276, -0.0041766828492656866, 0.0, 5.939624512639075E-4, -0.0035827203980017836, -7.596883199879374, 0.0, 2.8805507657226186, -4.7163324341568, 1.0033816563359839, 0.0, 1.6575145477788495, 2.6608962041147985, 6.615000000000004
0.002041883767535069, 0.5873839504722606, 4.8746384223346314E-4, 2.670931851029051, -0.004190490501279502, 0.0, 5.992136324783799E-4, -0.00359127686880112, -7.593036234721406, 0.0, 2.8963547377542125, -4.696681496967249, 1.0034793182671011, 0.0, 1.6671073955659155, 2.6705867138329578, 6.615000000000004
0.002049498997995991, 0.5895728098380235, 4.892818445894226E-4, 2.6839685383229455, -0.004204291175372543, 0.0, 6.044937444634269E-4, -0.0035997974309091105, -7.589206727616316, 0.0, 2.9123793842647747, -4.676827343351533, 1.0035731228204863, 0.0, 1.676907945567344, 2.6804810683878286, 6.615000000000003
0.002057114228456913, 0.5917617067992833, 4.910998469453823E-4, 2.6972219812534846, -0.004218084903273599, 0.0, 6.0980319734133E-4, -0.0036082817059322676, -7.585394667203107, 0.0, 2.928634561970234, -4.656760105232913, 1.00366299491975, 0.0, 1.6869253634553556, 2.6905883583750634, 6.615000000000004
0.0020647294589178347, 0.5939506143691804, 4.929178493013418E-4, 2.7106980580331044, -0.004231871716688755, 0.0, 6.151424192987922E-4, -0.0036167292973899616, -7.581600039851733, 0.0, 2.9451302867805276, -4.636469753071156, 1.0037488629867002, 0.0, 1.6971689476432033, 2.700917810629951, 6.615000000000003
0.0020723446893787566, 0.5961395044977269, 4.947358516573013E-4, 2.7244027689849144, -0.004245651647297207, 0.0, 6.205118568751882E-4, -0.0036251397904220194, -7.577822829595131, 0.0, 2.9618767325141158, -4.6159460970810855, 1.0038306589782586, 0.0, 1.7076481279030826, 2.7114787868812718, 6.615000000000003
0.002079959919839678, 0.5983283480629112, 4.965538540132608E-4, 2.7383422379926685, -0.004259424726746942, 0.0, 6.259119752485016E-4, -0.003633512751498442, -7.574063018063481, 0.0, 2.9788842295613267, -4.595178788502201, 1.003908318421586, 0.0, 1.7183724639396545, 2.7222807823611976, 6.615000000000004
0.0020875751503006005, 0.6005171148620759, 4.983718563692204E-4, 2.7525227139299204, -0.0042731909866503244, 0.0, 6.313432585186075E-4, -0.0036418477281317187, -7.57032058442087, 0.0, 2.9961632634995152, -4.57415732092135, 1.0039817804472562, 0.0, 1.7293516439226773, 2.7333334243699405, 6.615000000000004
0.0020951903807615224, 0.6027057736035516, 5.001898587251799E-4, 2.7669505720649994, -0.004286950458579544, 0.0, 6.36806209988201E-4, -0.0036501442485913477, -7.566595505304309, 0.0, 3.0137244736575326, -4.552871031646805, 1.004050987820472, 0.0, 1.7405954829754515, 2.744646470795906, 6.615000000000004
0.002102805611222444, 0.6048942918985687, 5.020078610811394E-4, 2.7816323154415983, -0.00430070317406198, 0.0, 6.423013524409328E-4, -0.0036584018216210446, -7.562887754765058, 0.0, 3.0315786516306282, -4.531309103134524, 1.0041158869704594, 0.0, 1.7521139216209167, 2.756229808591278, 6.615000000000004
0.002110420841683366, 0.6070826362534422, 5.038258634370989E-4, 2.7965745762321035, -0.004314449164575443, 0.0, 6.478292284168552E-4, -0.0036666199361585854, -7.559197304212294, 0.0, 3.0497367397462907, -4.509460564466025, 1.0041764280178864, 0.0, 1.76391702418551, 2.76809345220337, 6.615000000000005
0.0021180360721442873, 0.6092707720620361, 5.056438657930584E-4, 2.811784117065166, -0.004328188461543321, 0.0, 6.533904004850091E-4, -0.0036747980610583107, -7.555524122359129, 0.0, 3.068209829479821, -4.4873142928794065, 1.0042325648003871, 0.0, 1.776014977159753, 2.7802475419600405, 6.615000000000003
0.0021256513026052092, 0.6114586635985179, 5.074618681490179E-4, 2.827267832321599, -0.0043419210963296356, 0.0, 6.589854515131146E-4, -0.0036829356448165192, -7.55186817517097, 0.0, 3.0870091598200258, -4.464859015351075, 1.00428425489618, 0.0, 1.788418087515848, 2.7927023424118937, 6.615000000000004
0.0021332665330661316, 0.6136462740103982, 5.092798705049775E-4, 2.8430327494016083, -0.0043556471002339945, 0.0, 6.646149849342154E-4, -0.003691032115299773, -7.548229425816218, 0.0, 3.1061461155863044, -4.442083310229974, 1.0043314596457238, 0.0, 1.8011367809836725, 2.8054682406293243, 6.615000000000002
0.002140881763527053, 0.6158335653118695, 5.11097872860937E-4, 2.859086029958327, -0.004369366504486467, 0.0, 6.702796250102313E-4, -0.0036990868794762313, -7.5446078346192795, 0.0, 3.125632225694711, -4.418975608924647, 1.0043741441715297, 0.0, 1.8141816002826867, 2.818555744454129, 6.615000000000003
0.002148496993987975, 0.6180204983774467, 5.129158752168965E-4, 2.8754349710984286, -0.004383079340242374, 0.0, 6.759800170923046E-4, -0.0037070993231500607, -7.541003359015976, 0.0, 3.14547916137531, -4.3955241976406345, 1.0044122773959454, 0.0, 1.8275632033121025, 2.8319754807080626, 6.615000000000003
0.002156112224448897, 0.620207032935907, 5.14733877572856E-4, 2.892087006546671, -0.004396785638576996, 0.0, 6.817168278779261E-4, -0.003715068810699074, -7.537415953511228, 0.0, 3.165698734339518, -4.371717219171714, 1.0044458320571197, 0.0, 1.841292361297878, 2.8457381933550012, 6.615000000000003
0.0021637274549098184, 0.6223931275645473, 5.165518799288155E-4, 2.909049707774411, -0.004410485430480216, 0.0, 6.874907456645061E-4, -0.0037229946848157105, -7.533845569639133, 0.0, 3.186302894897525, -4.347542674741661, 1.0044747847229718, 0.0, 1.8553799568970921, 2.859854741620013, 6.615000000000004
0.0021713426853707403, 0.6245787396837515, 5.18369882284775E-4, 2.926330785088176, -0.004424178746851067, 0.0, 6.93302480599749E-4, -0.003730876266251316, -7.530292155925344, 0.0, 3.207303730026566, -4.322988425898868, 1.0044991158032304, 0.0, 1.8698369822596275, 2.874336098062763, 6.615000000000004
0.002178957915831662, 0.6267638255518797, 5.201878846407346E-4, 2.943938088679925, -0.004437865618492241, 0.0, 6.991527649281987E-4, -0.0037387128535640397, -7.526755657851829, 0.0, 3.2287134613888555, -4.298042196463035, 1.0045188095595625, 0.0, 1.884674537046999, 2.8891933466064947, 6.615000000000004
0.0021865731462925838, 0.6289483402604824, 5.220058869966941E-4, 2.961879609633179, -0.00445154607610453, 0.0, 7.050423532343223E-4, -0.003746503722870204, -7.523236017823888, 0.0, 3.2505444433006225, -4.272691574523293, 1.0045338541138238, 0.0, 1.8999038264089063, 2.9044376805226957, 6.615000000000004
0.002194188376753506, 0.6311322377298454, 5.238238893526537E-4, 2.980163480888116, -0.004465220150281196, 0.0, 7.109720226817651E-4, -0.0037542481275994227, -7.519733175139665, 0.0, 3.2728091606506844, -4.246924014489009, 1.0045442414542114, 0.0, 1.915536158916474, 2.920080400370641, 6.615000000000003
0.0022018036072144276, 0.633315470704867, 5.256418917086132E-4, 2.9987979781590717, -0.004478887871502294, 0.0, 7.16942573248816E-4, -0.0037619452982534753, -7.516247065961802, 0.0, 3.295520226770174, -4.220726839191706, 1.0045499674396783, 0.0, 1.9315829444535482, 2.9361329118931443, 6.615000000000004
0.0022094188376753495, 0.6354979907512763, 5.274598940645727E-4, 3.0177915208075348, -0.004492549270128962, 0.0, 7.229548279599316E-4, -0.0037695944421690304, -7.512777623291604, 0.0, 3.3186903812514204, -4.194087242040214, 1.0045510318022648, 0.0, 1.9480556920641776, 2.9526067238664124, 6.615000000000003
0.002217034068136271, 0.6376797482521982, 5.292778964205322E-4, 3.0371526726644547, -0.004506204376397632, 0.0, 7.290096331132494E-4, -0.0037771947432843783, -7.509324776945443, 0.0, 3.3423324877185117, -4.166992289226985, 1.0045474381475403, 0.0, 1.9649660077587618, 2.9695134459062427, 6.615000000000003
0.0022246492985971934, 0.6398606924050628, 5.310958987764918E-4, 3.056890142803436, -0.0045198532204142414, 0.0, 7.351078585040717E-4, -0.003784745361910157, -7.505888453533551, 0.0, 3.366459531547006, -4.139428921986626, 1.004539193953125, 0.0, 1.9823255922762062, 2.9868647862292264, 6.615000000000004
0.002232264529058115, 0.6420407712188735, 5.329139011324512E-4, 3.0770127862617933, -0.004533495832148369, 0.0, 7.412503976440259E-4, -0.003792245434504352, -7.502468576441121, 0.0, 3.391084617534832, -4.111383958906248, 1.0045263105652258, 0.0, 2.000146238804504, 3.004672549369788, 6.615000000000004
0.002239879759519037, 0.6442199315118327, 5.347319034884108E-4, 3.09752960470696, -0.0045471322414273605, 0.0, 7.474381679760237E-4, -0.0037996940734513363, -7.4990650658117515, 0.0, 3.4162209675231487, -4.082844098288639, 1.0045088031932605, 0.0, 2.018439830658135, 3.022948633851358, 6.615000000000004
0.0022474949899799587, 0.6463981189093317, 5.365499058443703E-4, 3.118449747048217, -0.004560762477930436, 0.0, 7.536721110849224E-4, -0.0038070903668455123, -7.495677838533265, 0.0, 3.4418819179670495, -4.053795920566274, 1.0044866909025372, 0.0, 2.0372183389121505, 3.0417050298146258, 6.6150000000000055
0.0022551102204408807, 0.6485752778423104, 5.383679082003298E-4, 3.1397825099896473, -0.004574386571182739, 0.0, 7.59953192903555E-4, -0.0038144333782791813, -7.492306808225874, 0.0, 3.4680809174576366, -4.024225890768215, 1.0044599966048888, 0.0, 2.056493819994963, 3.0609538165998695, 6.615000000000004
0.002262725450901802, 0.6507513515459882, 5.401859105562893E-4, 3.161537338525328, -0.004588004550549401, 0.0, 7.662824039143677E-4, -0.0038217221466350293, -7.488951885232545, 0.0, 3.4948315241935703, -3.9941203610390033, 1.0044287470475965, 0.0, 2.0762784132373038, 3.0807071602848644, 6.615000000000004
0.0022703406813627245, 0.6529262820589778, 5.420039129122489E-4, 3.1837238263721943, -0.00460161644522957, 0.0, 7.726607593463359E-4, -0.0038289556858832428, -7.485612976611969, 0.0, 3.522147403402998, -3.9634655732090147, 1.0043929728000163, 0.0, 2.096584338378723, 3.100977311178712, 6.615000000000005
0.002277955911823646, 0.6551000102227802, 5.438219152682084E-4, 3.206351716339796, -0.004615222284250435, 0.0, 7.79089299367138E-4, -0.003836132984883306, -7.482289986133582, 0.0, 3.550042324716407, -3.932247661417259, 1.004352708238612, 0.0, 2.1174238930320244, 3.121776601270567, 6.615000000000004
0.002285571142284568, 0.6572724756816679, 5.45639917624168E-4, 3.2294309006357693, -0.004628822096461258, 0.0, 7.855690892705457E-4, -0.003843253007190719, -7.4789828142751205, 0.0, 3.5785301594893557, -3.9004526547857132, 1.0043079915297979, 0.0, 2.1388094501045285, 3.143117441634392, 6.615000000000005
0.00229318637274549, 0.6594436168829649, 5.474579199801275E-4, 3.2529714211039646, -0.00464241591052736, 0.0, 7.921012196589012E-4, -0.0038503146908684515, -7.475691358222467, 0.0, 3.6076248780753053, -3.8680664801472067, 1.0042588646108734, 0.0, 2.160753455176438, 3.1650123197872544, 6.615000000000004
0.0023008016032064114, 0.6616133710777197, 5.49275922336087E-4, 3.276983469393869, -0.004656003754924164, 0.0, 7.986868066205957E-4, -0.003857316948303569, -7.472415511871817, 0.0, 3.6373405470489795, -3.835074964822945, 1.004205373169056, 0.0, 2.183268423836739, 3.1874737970056892, 6.615000000000005
0.0023084168336673337, 0.6637816743217875, 5.510939246920466E-4, 3.301477387058526, -0.004669585657931211, 0.0, 8.05326991902373E-4, -0.0038642586660288334, -7.469155165834172, 0.0, 3.6676913263804884, -3.8014638394537466, 1.0041475666185453, 0.0, 2.2063669389770295, 3.210514505595504, 6.615000000000004
0.0023160320641282548, 0.6659484614773151, 5.52911927048006E-4, 3.326463665581663, -0.0046831616476261835, 0.0, 8.120229430765838E-4, -0.0038711387045495893, -7.465910207442202, 0.0, 3.6986914665592483, -3.7672187408829347, 1.0040854980756018, 0.0, 2.230061648041912, 3.2341471461175137, 6.615000000000005
0.002323647294589177, 0.6681136662146465, 5.547299294039656E-4, 3.3519529463272875, -0.004696731751878969, 0.0, 8.187758537030812E-4, -0.0038779558981758867, -7.462680520759485, 0.0, 3.7303553056681222, -3.732325215091432, 1.0040192243316322, 0.0, 2.2543652602367854, 3.2583844845683463, 6.615000000000005
0.0023312625250500995, 0.6702772210146347, 5.565479317599252E-4, 3.377956020414814, -0.004710295998345714, 0.0, 8.255869434857215E-4, -0.0038847090548599925, -7.45946598659198, 0.0, 3.7626972664083054, -3.6967687201837047, 1.0039488058244355, 0.0, 2.2792905436934503, 3.283239349517857, 6.615000000000004
0.0023388777555110206, 0.6724390571713904, 5.583659341158846E-4, 3.4044838285142873, -0.004723854414462921, 0.0, 8.324574584235422E-4, -0.0038913969560393736, -7.4562664825019525, 0.0, 3.7957318530743693, -3.6605346294276107, 1.0038743066073643, 0.0, 2.304850322592655, 3.308724629199983, 6.615000000000005
0.002346492985971943, 0.6745991047954482, 5.601839364718442E-4, 3.431547460560296, -0.004737407027441566, 0.0, 8.393886709562211E-4, -0.0038980183564853365, -7.453081882824142, 0.0, 3.829473648479431, -3.6236082343447165, 1.0037957943165983, 0.0, 2.3310574742441137, 3.3348532685606904, 6.615000000000003
0.0023541082164328644, 0.6767572928173677, 5.620019388278036E-4, 3.4591581553846, -0.004750953864261239, 0.0, 8.463818801040628E-4, -0.0039045719841571827, -7.449912058684372, 0.0, 3.8639373108311843, -3.5859747478533444, 1.0037133401364005, 0.0, 2.3579249261241055, 3.36163826626036, 6.615000000000004
0.0023617234468937863, 0.6789135489917775, 5.638199411837632E-4, 3.4873273002618603, -0.0047644949516643465, 0.0, 8.534384116021506E-4, -0.003911056540062205, -7.446756878020396, 0.0, 3.8991375705572286, -3.5476193074631466, 1.0036270187624892, 0.0, 2.385465652869604, 3.3890926716321297, 6.615000000000005
0.0023693386773547083, 0.6810677999018535, 5.656379435397227E-4, 3.5160664303694915, -0.0047780303161503125, 0.0, 8.605596180287422E-4, -0.003917470698121562, -7.443616205605204, 0.0, 3.9350892270818685, -3.5085269785233746, 1.0035369083633037, 0.0, 2.413692673230795, 3.4172295815940443, 6.615000000000005
0.0023769539078156298, 0.6832199709642521, 5.674559458956822E-4, 3.5453872281568337, -0.004791559983969866, 0.0, 8.677468789277257E-4, -0.003923813105042139, -7.440489903072504, 0.0, 3.9718071455526904, -3.4686827575198755, 1.0034430905395102, 0.0, 2.4426190469804587, 3.4460621375199056, 6.615000000000004
0.002384569138276552, 0.6853699864344913, 5.692739482516418E-4, 3.5753015226248905, -0.004805083981119355, 0.0, 8.750016009250704E-4, -0.003930082380194288, -7.437377828944702, 0.0, 4.009306253517052, -3.4280715754275457, 1.0033456502813576, 0.0, 2.4722578717803128, 3.475603522061782, 6.615000000000003
0.0023921843687374736, 0.6875177694127892, 5.710919506076012E-4, 3.60582128851037, -0.004818602333335116, 0.0, 8.823252178392334E-4, -0.0039362771154958735, -7.434279838663131, 0.0, 4.047601537550566, -3.386678301112534, 1.0032446759241702, 0.0, 2.502622280006309, 3.5058669559304936, 6.615000000000005
0.0023997995991983955, 0.6896632418503674, 5.729099529635608E-4, 3.636958645375394, -0.004832115066087895, 0.0, 8.897191907854011E-4, -0.003942395875302496, -7.431195784620695, 0.0, 4.086708039832567, -3.3444877447880765, 1.0031402591017546, 0.0, 2.533725435527925, 3.536865694629734, 6.615000000000004
0.0024074148296593175, 0.6918063245562166, 5.747279553195204E-4, 3.6687258565982575, -0.004845622204577345, 0.0, 8.971850082733898E-4, -0.0039484371963039505, -7.428125516196736, 0.0, 4.1266408546759905, -3.301484661520843, 1.0030324946980318, 0.0, 2.565580530449028, 3.5686130251469543, 6.615000000000005
0.002415030060120239, 0.6939469372043439, 5.765459576754799E-4, 3.701135328264151, -0.0048591237737265845, 0.0, 9.047241862991827E-4, -0.0039543995874273975, -7.42506887979436, 0.0, 4.167415125004473, -3.2576537547898465, 1.0029214807965245, 0.0, 2.598200781803017, 3.601122262599575, 6.615000000000004
0.002422645290581161, 0.6960849983414821, 5.783639600314394E-4, 3.7341996079535917, -0.004872619798176815, 0.0, 9.123382684301899E-4, -0.003960281529746615, -7.422025718880005, 0.0, 4.209046038781708, -3.212979680098309, 1.0028073186279742, 0.0, 2.631599428206948, 3.6344067468348924, 6.615000000000005
0.0024302605210420832, 0.6982204253952937, 5.80181962387399E-4, 3.767931383426273, -0.004886110302282018, 0.0, 9.200288258837423E-4, -0.003966081476398266, -7.4189958740254855, 0.0, 4.251548825389191, -3.167447048636326, 1.002690112515863, 0.0, 2.665789726471496, 3.6684798389873103, 6.615000000000004
0.0024378757515030043, 0.7003531346830565, 5.819999647433584E-4, 3.8023434811968713, -0.004899595310103738, 0.0, 9.277974575990769E-4, -0.003971797852504665, -7.415979182952171, 0.0, 4.294938751956415, -3.1210404309957687, 1.0025699698201813, 0.0, 2.700784948170184, 3.7033549179903584, 6.615000000000004
0.0024454909819639267, 0.7024830414208385, 5.83817967099318E-4, 3.837448865001953, -0.004913074845405942, 0.0, 9.356457903026598E-4, -0.003977429055103268, -7.412975480577735, 0.0, 4.339231119639632, -3.073744360938255, 1.0024470008789534, 0.0, 2.736598376164149, 3.7390453770429244, 6.615000000000005
0.0024531062124248486, 0.7046100597331749, 5.856359694552775E-4, 3.8732606341562033, -0.004926548931649968, 0.0, 9.43575478566527E-4, -0.00398297345308344, -7.409984599065044, 0.0, 4.3844412598523705, -3.0255433392126867, 1.0023213189480513, 0.0, 2.7732433010859667, 3.7755646200340025, 6.615000000000004
0.00246072144288577, 0.7067341026632395, 5.87453971811237E-4, 3.9097920217918016, -0.00494001759198955, 0.0, 9.51588204859904E-4, -0.003988429387129656, -7.407006367873542, 0.0, 4.430584530444686, -2.9764218374288522, 1.0021930401387944, 0.0, 2.8107330177789893, 3.812926057917804, 6.615000000000003
0.0024683366733466924, 0.7088550821835293, 5.892719741671966E-4, 3.9470563929853526, -0.004953480849265974, 0.0, 9.596856795937164E-4, -0.003993795169672271, -7.404040613812845, 0.0, 4.4776763118346175, -2.926364301978182, 1.0020622833537893, 0.0, 2.849080821696102, 3.851143105049959, 6.615000000000004
0.0024759519038076135, 0.7109729092070574, 5.91089976523156E-4, 3.9850672427619145, -0.0049669387260032885, 0.0, 9.678696411580118E-4, -0.003999069084845267, -7.401087161098772, 0.0, 4.5257320030883434, -2.8753551580103873, 1.0019291702206412, 0.0, 2.8883000052542624, 3.8902291754749276, 6.6150000000000055
0.002483567134268536, 0.7130874935990561, 5.929079788791156E-4, 4.023838193980133, -0.004980391244403666, 0.0, 9.761418559524693E-4, -0.004004249388451199, -7.398145831411706, 0.0, 4.574767017951124, -2.8233788134606246, 1.001793825023728, 0.0, 2.9284038541464263, 3.930197679170115, 6.615000000000005
0.0024911823647294573, 0.7151987441892126, 5.94725981235075E-4, 4.063382995093548, -0.004993838426342816, 0.0, 9.845041184091859E-4, -0.0040093343079336515, -7.395216443957203, 0.0, 4.624796780828884, -2.7704196631282647, 1.0016563746340534, 0.0, 2.9694056436119536, 3.9710620182460974, 6.6150000000000055
0.0024987975951903793, 0.7173065687844213, 5.965439835910346E-4, 4.103715517785275, -0.0050072802933655795, 0.0, 9.9295825100846E-4, -0.004014322042357117, -7.392298815529076, 0.0, 4.675836722720592, -2.716462092808538, 1.0015169484370559, 0.0, 3.011318634664255, 4.012835583101251, 6.615000000000004
0.0025064128256513016, 0.7194108741820693, 5.983619859469942E-4, 4.144849754473086, -0.005020716866681576, 0.0, 0.0010015061042871493, -0.004019210762394429, -7.389392760574708, 0.0, 4.7279022770990995, -2.661490483475671, 1.001375678258461, 0.0, 3.054156070273943, 4.055531748532346, 6.615000000000005
0.0025140280561122227, 0.7215115661838598, 6.001799883029536E-4, 4.1867998156862285, -0.0050341481671610025, 0.0, 0.0010101495568392484, -0.004023998610321751, -7.386498091262777, 0.0, 4.781008875744211, -2.605489215518553, 1.0012326982881543, 0.0, 3.09793117151167, 4.099163869799832, 6.615000000000005
0.002521643286573145, 0.7236085496101718, 6.019979906589132E-4, 4.229579927304968, -0.005047574215330576, 0.0, 0.0010188905153090348, -0.0040286837000215354, -7.383614617553255, 0.0, 4.835171944525931, -2.5484426730273584, 1.0010881450021207, 0.0, 3.142657133647885, 4.143745278649961, 6.615000000000005
0.0025292585170340665, 0.7257017283149712, 6.038159930148726E-4, 4.27320442766721, -0.005060995031369547, 0.0, 0.0010277309143764332, -0.004033264116993113, -7.380742147269844, 0.0, 4.890406899136193, -2.490335248133758, 1.0009421570822745, 0.0, 3.188347122208225, 4.189289279290392, 6.6150000000000055
0.0025368737474949885, 0.7277910052012647, 6.056339953708323E-4, 4.317687764535009, -0.005074410635105925, 0.0, 0.0010366727167346497, -0.004037737918371266, -7.3778804861746385, 0.0, 4.946729140773093, -2.431151345401591, 1.000794875334488, 0.0, 3.235014268988376, 4.235809144322803, 6.615000000000005
0.0025444889779559104, 0.7298762822371155, 6.074519977267918E-4, 4.363044491919027, -0.005087821046012757, 0.0, 0.0010457179130598498, -0.004042103132952921, -7.375029438045206, 0.0, 5.004154051774066, -2.3708753862711744, 1.0006464426044777, 0.0, 3.282671668025, 4.283318110629467, 6.615000000000005
0.0025521042084168323, 0.7319574604722159, 6.092700000827513E-4, 4.409289266761007, -0.0051012262832046355, 0.0, 0.0010548685219727467, -0.004046357761231882, -7.372188804753965, 0.0, 5.062696991200545, -2.3094918135533726, 1.0004970036918537, 0.0, 3.3313323715254017, 4.331829375217293, 6.615000000000004
0.0025597194388777542, 0.7340344400550249, 6.110880024387109E-4, 4.456436845467962, -0.005114626365434268, 0.0, 0.0010641265899924163, -0.004050499775441873, -7.369358386349944, 0.0, 5.122373290371392, -2.246985095978612, 1.0003467052620278, 0.0, 3.3810093857525265, 4.381356091014529, 6.6150000000000055
0.002567334669338676, 0.7361071202504779, 6.129060047946704E-4, 4.504502080299233, -0.005128021311089263, 0.0, 0.0010734941914816078, -0.0040545271196076454, -7.366537981142895, 0.0, 5.183198248347671, -2.1833397327952278, 1.0001956957562241, 0.0, 3.431715666868903, 4.431911362625108, 6.615000000000005
0.0025749498997995977, 0.7381753994582667, 6.147240071506299E-4, 4.553499915599616, -0.005141411138189044, 0.0, 0.0010829734285841084, -0.004058437709604918, -7.363727385789604, 0.0, 5.2451871273684345, -2.1185402584211577, 1.0000441252996155, 0.0, 3.4834641167381695, 4.483508242037768, 6.6150000000000055
0.0025825651302605196, 0.7402391752317073, 6.165420095065894E-4, 4.603445383880015, -0.005154795864381919, 0.0, 0.0010925664311534373, -0.004062229433228492, -7.360926395382729, 0.0, 5.3083551482349645, -2.0525712471477444, 0.9998921456072593, 0.0, 3.536267578682641, 4.536159724289938, 6.615000000000004
0.0025901803607214415, 0.7422983442971817, 6.183600118625489E-4, 4.654353601739572, -0.005168175506942312, 0.0, 0.0011022753566734267, -0.004065900150268871, -7.3581348035419, 0.0, 5.372717485646581, -1.9854173178952408, 0.9997399098881617, 0.0, 3.5901388331989783, 4.589878743087196, 6.615000000000005
0.002597795591182363, 0.7443528025741781, 6.201780142185084E-4, 4.706239765629618, -0.005181550082768192, 0.0, 0.0011121023901700215, -0.004069447692598156, -7.355352402507136, 0.0, 5.438289263486917, -1.9170631390202013, 0.9995875727473986, 0.0, 3.645090593631793, 4.644678166379187, 6.6150000000000055
0.0026054108216432854, 0.7464024451959221, 6.21996016574468E-4, 4.7591191474534185, -0.005194919608378631, 0.0, 0.0011220497441147038, -0.004072869864263907, -7.352578983234559, 0.0, 5.505085550059712, -1.847493433174924, 0.9994352900862301, 0.0, 3.7011355018034666, 4.700570791889586, 6.6150000000000055
0.0026130260521042073, 0.7484471665306044, 6.238140189304275E-4, 4.813007090001349, -0.005208284099911568, 0.0, 0.0011321196583189697, -0.004076164441592601, -7.34981433549468, 0.0, 5.57312135327527, -1.7766929822193214, 0.9992832190000579, 0.0, 3.758286123602062, 4.757569342602214, 6.615000000000005
0.002620641282565129, 0.7504868602032212, 6.25632021286387E-4, 4.867919002218784, -0.005221643573121737, 0.0, 0.0011423143998200557, -0.004079329173301676, -7.347058247972648, 0.0, 5.642411615788379, -1.7046466321842981, 0.9991315176747475, 0.0, 3.816554944527695, 4.815686462202406, 6.615000000000005
0.002628256513026051, 0.7525214191180115, 6.274500236423466E-4, 4.923870354301769, -0.005234998043378802, 0.0, 0.001152636262758121, -0.004082361780620682, -7.344310508371212, 0.0, 5.7129712100832695, -1.6313392982877621, 0.9989803452805954, 0.0, 3.8759543651924697, 4.874934710473249, 6.615000000000005
0.002635871743486972, 0.7545507354815213, 6.29268025998306E-4, 4.980876672620255, -0.0052483475256656495, 0.0, 0.0011630875682438497, -0.004085259957421794, -7.341570903515759, 0.0, 5.784814933513781, -1.5567559700020543, 0.9988298618645846, 0.0, 3.936496696783633, 4.935326558648131, 6.615000000000005
0.0026434869739478946, 0.7565747008262743, 6.310860283542657E-4, 5.038953534464852, -0.0052616920345769005, 0.0, 0.001173670664217594, -0.004088021370359313, -7.338839219461838, 0.0, 5.857957503288926, -1.4808817161730892, 0.99868022824047, 0.0, 3.9981941564782377, 4.9968743847185415, 6.615000000000005
0.002651102204408816, 0.75859320603508, 6.32904030710225E-4, 5.098116562613413, -0.0052750315843176025, 0.0, 0.0011843879252987737, -0.0040906436590188045, -7.336115241605004, 0.0, 5.93241355141219, -1.4037016901928774, 0.9985316058769541, 0.0, 4.061058862819528, 5.05959046869638, 6.615000000000005
0.002658717434869738, 0.7606061413659566, 6.347220330661847E-4, 5.158381419715852, -0.005288366188702145, 0.0, 0.0011952417526266673, -0.0040931244360754866, -7.333398754792853, 0.0, 6.0081976195699465, -1.3252011352229727, 0.998384156783983, 0.0, 4.125102831048504, 5.123486987832434, 6.615000000000005
0.0026663326653306603, 0.7626133964776963, 6.365400354221443E-4, 5.219763802494498, -0.00530169586115335, 0.0, 0.0012062345736913258, -0.004095461287462035, -7.330689543439721, 0.0, 6.085324153969459, -1.2453653894703012, 0.9982380433967304, 0.0, 4.190337968392981, 5.188576011789689, 6.615000000000005
0.0026739478957915814, 0.764614860456067, 6.383580377781037E-4, 5.282279435756138, -0.005315020614701805, 0.0, 0.0012173688421552153, -0.0040976517725465865, -7.327987391643283, 0.0, 6.163807500129051, -1.1641798915142292, 0.9980934284580717, 0.0, 4.256776069315645, 5.254869497773714, 6.615000000000004
0.0026815631262525038, 0.7666104218406617, 6.401760401340633E-4, 5.3459440662129225, -0.005328340461985391, 0.0, 0.0012286470376655628, -0.004099693424319834, -7.325292083303943, 0.0, 6.243661897617006, -1.0816301856870691, 0.9979504748985618, 0.0, 4.324428810717558, 5.322379285615997, 6.615000000000004
0.0026891783567134253, 0.768599968652383, 6.419940424900227E-4, 5.410773456110732, -0.00534165541524902, 0.0, 0.001240071665656867, -0.004101583749592167, -7.322603402246181, 0.0, 6.324901474740454, -0.9977019275057358, 0.997809345714847, 0.0, 4.393307747099066, 5.391117092813927, 6.615000000000005
0.002696793587174347, 0.7705833884215952, 6.438120448459823E-4, 5.4767833766581475, -0.005354965486344633, 0.0, 0.0012516452571436562, -0.004103320229200978, -7.319921132342581, 0.0, 6.407540243186819, -0.9123808891558275, 0.9976702038457447, 0.0, 4.463424305680424, 5.461094509526106, 6.615000000000005
0.002704408817635269, 0.7725605682169294, 6.456300472019418E-4, 5.5439896012591845, -0.005368270686731385, 0.0, 0.0012633703685036718, -0.004104900318227717, -7.317245057639896, 0.0, 6.491592092613427, -0.8256529650264556, 0.9975332120466177, 0.0, 4.534789781477323, 5.532322993523961, 6.615000000000004
0.002712024048096191, 0.7745313946747503, 6.474480495579013E-4, 5.612407898539857, -0.005381571027476084, 0.0, 0.0012752495812509874, -0.0041063214462250825, -7.314574962487593, 0.0, 6.577070785188511, -0.7375041772989889, 0.9973985327616326, 0.0, 4.607415332335159, 5.6048138650968635, 6.615000000000005
0.002719639278557113, 0.7764957540292898, 6.492660519138609E-4, 5.682054025171453, -0.005394866519253858, 0.0, 0.0012872855017993772, -0.004107581017454481, -7.31191063166879, 0.0, 6.663989950081655, -0.6479206815870806, 0.9972663279939669, 0.0, 4.681311973919483, 5.678578301913507, 6.615000000000004
0.002727254509018035, 0.7784535321434588, 6.510840542698204E-4, 5.752943718484659, -0.005408157172349062, 0.0, 0.0012994807612152735, -0.00410867641113378, -7.309251850533477, 0.0, 6.7523630779058115, -0.5568887726277683, 0.9971367591740921, 0.0, 4.756490574665627, 5.753627333839606, 6.615000000000004
0.0027348697394789564, 0.7804046145403278, 6.529020566257799E-4, 5.82509268887182, -0.00542144299665644, 0.0, 0.0013118380149609032, -0.004109604981695533, -7.306598405134007, 0.0, 6.842203515108191, -0.4643948900259092, 0.9970099870261304, 0.0, 4.83296185068378, 5.829971837709812, 6.615000000000004
0.0027424849699398783, 0.7823488864353076, 6.547200589817394E-4, 5.898516611970706, -0.005434724001682524, 0.0, 0.0013243599426270916, -0.00411036405905545, -7.303950082363038, 0.0, 6.933524458313369, -0.3704256240498095, 0.9968861714321158, 0.0, 4.91073636062347, 5.90762253205547, 6.615000000000005
0.0027501002004008002, 0.7842862327689908, 6.565380613376989E-4, 5.973231120636797, -0.005448000196547281, 0.0, 0.001337049247655507, -0.004110950948891778, -7.301306670093796, 0.0, 7.026338948614111, -0.2749677214797406, 0.9967654712942564, 0.0, 4.9898245004932145, 5.9865899717874225, 6.615000000000005
0.0027577154308617217, 0.7862165382407078, 6.583560636936584E-4, 6.049251796689873, -0.0054612715899860255, 0.0, 0.001349908657051013, -0.004111362932935009, -7.298667957322594, 0.0, 7.120659865815157, -0.17800809150750113, 0.9966480443953236, 0.0, 5.07023649843938, 6.066884542834634, 6.615000000000004
0.002765330661322644, 0.7881396873427755, 6.601740660496181E-4, 6.126594162437215, -0.005474538190351608, 0.0, 0.0013629409210828714, -0.004111597269268736, -7.296033734313775, 0.0, 7.216499922625657, -0.0795338116881528, 0.9965340472569514, 0.0, 5.1519824094817315, 6.148516456738646, 6.615000000000004
0.002772945891783565, 0.7900555643954413, 6.619920684055775E-4, 6.205273671968939, -0.005487800005616836, 0.0, 0.001376148812975755, -0.00411165119264106, -7.29340379274695, 0.0, 7.313871658802316, 0.020467866055205855, 0.9964236349959886, 0.0, 5.235072110206152, 6.23149574520195, 6.6150000000000055
0.0027805611222444875, 0.7919640535825369, 6.638100707615371E-4, 6.28530570222523, -0.005501057043377192, 0.0, 0.0013895351285899814, -0.004111521914787194, -7.290777925866708, 0.0, 7.41278743524305, 0.1220095093762466, 0.99631696117871, 0.0, 5.319515293415077, 6.315832254593667, 6.615000000000004
0.0027881763527054094, 0.7938650389878524, 6.656280731174966E-4, 6.366705543826043, -0.0055143093108538125, 0.0, 0.001403102686090972, -0.004111206624762852, -7.288155928634358, 0.0, 7.513259428031025, 0.22510349939667504, 0.9962141776733824, 0.0, 5.405321462735358, 6.401535640408765, 6.615000000000004
0.002795791583166331, 0.7957584046322136, 6.674460754734561E-4, 6.449488391666279, -0.005527556814896759, 0.0, 0.001416854325607536, -0.004110702489289221, -7.285537597882354, 0.0, 7.615299622429494, 0.32976202454704534, 0.9961154345004636, 0.0, 5.4924999271844746, 6.488615361684842, 6.615000000000004
0.0028034068136272533, 0.7976440345112934, 6.692640778294157E-4, 6.533669335269792, -0.005540799561988535, 0.0, 0.0014307929088800408, -0.004110006653108508, -7.2829227324708565, 0.0, 7.718919806823923, 0.4359970743529003, 0.9960208796809847, 0.0, 5.581059795689833, 6.577080675370673, 6.6150000000000055
0.0028110220440881743, 0.7995218126341395, 6.710820801853751E-4, 6.619263348901001, -0.0055540375582479465, 0.0, 0.0014449213188962966, -0.004109116239351677, -7.280311133446808, 0.0, 7.82413156661954, 0.5438204331728439, 0.9959306590828586, 0.0, 5.671009971572387, 6.6669406306553975, 6.615000000000005
0.0028186372745490967, 0.8013916230624458, 6.729000825413347E-4, 6.706285281427796, -0.005567270809434224, 0.0, 0.0014592424595172918, -0.004108028349916939, -7.277702604204944, 0.0, 7.930946278085898, 0.653243673880778, 0.9958449162655094, 0.0, 5.762359146982888, 6.7582040632482325, 6.615000000000004
0.0028262525050100186, 0.8032533499505452, 6.747180848972942E-4, 6.7947498459346605, -0.005580499320951398, 0.0, 0.0014737592550913454, -0.004106740065860027, -7.275096950651768, 0.0, 8.03937510215081, 0.7642781514990896, 0.9957637923218878, 0.0, 5.855115797295092, 6.85087958961699, 6.615000000000004
0.00283386773547094, 0.80510687758616, 6.765360872532537E-4, 6.884671609084961, -0.005593723097853073, 0.0, 0.0014884746500569285, -0.004105248447796132, -7.272493981371329, 0.0, 8.149428978147741, 0.8769349967763597, 0.9956874257191177, 0.0, 5.949288175459511, 6.944975601178558, 6.615000000000004
0.0028414829659318625, 0.8069520904318837, 6.783540896092133E-4, 6.976064980222702, -0.005606942144847406, 0.0, 0.0015033916085339348, -0.0041035505363134495, -7.269893507793552, 0.0, 8.261118617511764, 0.9912251097180753, 0.9956159521368163, 0.0, 6.0448843063130075, 7.040500258449655, 6.615000000000005
0.002849098196392784, 0.8087888731674235, 6.801720919651727E-4, 7.0689442002171745, -0.005620156466302449, 0.0, 0.0015185131139038577, -0.004101643352398626, -7.26729534436502, 0.0, 8.374454497424951, 1.1071591530599896, 0.9955495043033982, 0.0, 6.141911980844294, 7.137461485147799, 6.615000000000005
0.002856713426853706, 0.8106171107326008, 6.819900943211323E-4, 7.163323330042459, -0.005633366066251794, 0.0, 0.0015338421683777428, -0.004099523897874029, -7.264699308721782, 0.0, 8.489446854414378, 1.224747545692579, 0.9954882118306515, 0.0, 6.240378750420049, 7.2358669622506495, 6.615000000000004
0.002864328657314628, 0.8124366883710985, 6.838080966770918E-4, 7.2592162390904775, -0.005646570948400532, 0.0, 0.001549381792553213, -0.004097189155847329, -7.26210522186484, 0.0, 8.606105677898318, 1.344000456033685, 0.9954322010460164, 0.0, 6.340291920965192, 7.33572412201143, 6.615000000000005
0.0028719438877755493, 0.8142474916749958, 6.856260990330513E-4, 7.3566365932143185, -0.005659771116131512, 0.0, 0.001565135024959037, -0.004094636091172488, -7.259512908337806, 0.0, 8.724440703684598, 1.4649277953465678, 0.9953815948229848, 0.0, 6.441658547103381, 7.437040141926161, 6.615000000000004
0.0028795591182364712, 0.8160494066300519, 6.874441013890108E-4, 7.45559784249599, -0.005672966572511975, 0.0, 0.0015811049215882188, -0.004091861650923765, -7.25692219640684, 0.0, 8.844461407416667, 1.5875392110096866, 0.9953365124096248, 0.0, 6.544485426251759, 7.539821938661257, 6.615000000000005
0.002887174348697393, 0.8178423196617819, 6.892621037449704E-4, 7.556113208739845, -0.00568615732030046, 0.0, 0.0015972945554190605, -0.004088862764881428, -7.254332918243143, 0.0, 8.966176997973557, 1.7118440797305539, 0.9952970692548487, 0.0, 6.648779092676757, 7.644076161931787, 6.615000000000005
0.002894789579158315, 0.8196261176822999, 6.9108010610093E-4, 7.658195672683689, -0.005699343361954088, 0.0, 0.0016137070159240562, -0.004085636346030045, -7.251744910107483, 0.0, 9.089596410817377, 1.837851500709884, 0.9952633768330146, 0.0, 6.754545811504682, 7.749809188337707, 6.615000000000005
0.002902404809619237, 0.8214006881379645, 6.928981084568895E-4, 7.761857960924601, -0.00571252469963616, 0.0, 0.001630345408566821, -0.004082179291069354, -7.249158012537399, 0.0, 9.214728301291245, 1.9655702887536879, 0.9952355424661921, 0.0, 6.8617915726896, 7.857027115155657, 6.615000000000004
0.002910020040080159, 0.8231659190577971, 6.94716110812849E-4, 7.867112532559474, -0.005725701335224098, 0.0, 0.0016472128542866296, -0.004078488480937444, -7.24657207053648, 0.0, 9.3415810378694, 2.0950089673329853, 0.9952136691446817, 0.0, 6.970522084940674, 7.965735754085389, 6.615000000000003
0.0029176352705410804, 0.8249216991027073, 6.965341131688085E-4, 7.973971565533134, -0.005738873270317763, 0.0, 0.0016643124889707712, -0.004074560781346995, -7.243986933766073, 0.0, 9.470162695356755, 2.226175761590832, 0.9951978553454954, 0.0, 7.080742769605873, 8.075940624951523, 6.615000000000004
0.002925250501002003, 0.8266679176155085, 6.983521155247681E-4, 8.082446942691575, -0.005752040506248057, 0.0, 0.0016816474629144339, -0.004070393043333603, -7.241402456739482, 0.0, 9.60048104803694, 2.3590785912974463, 0.9951881948485878, 0.0, 7.192458754511301, 8.187646949359848, 6.615000000000003
0.002932865731462924, 0.828404464671755, 7.001701178807275E-4, 8.192550237536523, -0.005765203044085961, 0.0, 0.0016992209402680557, -0.004065982103817891, -7.238818499018113, 0.0, 9.73254356277383, 2.493725063755566, 0.9951847765516258, 0.0, 7.305674867761179, 8.300859644312634, 6.615000000000004
0.0029404809619238462, 0.8301312311313698, 7.019881202366871E-4, 8.304292699680303, -0.005778360884651879, 0.0, 0.0017170360984721071, -0.004061324786179758, -7.2362349254105, 0.0, 9.866357392060804, 2.6301224666503886, 0.9951876842821078, 0.0, 7.420395631492579, 8.41558331577475, 6.615000000000004
0.002948096192384768, 0.8318481086910954, 7.038061225926466E-4, 8.41768523999221, -0.00579151402852534, 0.0, 0.0017350961276793794, -0.004056417900845991, -7.233651606173209, 0.0, 10.001929367022349, 2.7682777608489464, 0.9951969966079711, 0.0, 7.536625255589335, 8.531822252197154, 6.615000000000004
0.0029557114228456896, 0.8335549899377743, 7.056241249486061E-4, 8.532738415438047, -0.0058046624760551314, 0.0, 0.0017534042301639817, -0.004051258245891153, -7.231068417214234, 0.0, 10.139265990363668, 2.9081975731494443, 0.9952127866461229, 0.0, 7.6543676313517945, 8.649580417997932, 6.615000000000004
0.002963326653306612, 0.8352517684024392, 7.074421273045657E-4, 8.649462413604567, -0.00581780622736972, 0.0, 0.0017719636197182503, -0.004045842607651468, -7.228485240298861, 0.0, 10.278373429273799, 3.0498881889749154, 0.9952351218687375, 0.0, 7.773626325126027, 8.76886144699474, 6.615000000000003
0.002970941883767533, 0.8369383386152345, 7.092601296605251E-4, 8.767867036909763, -0.005830945282388092, 0.0, 0.0017907775210360584, -0.004040167761352072, -7.225901963257781, 0.0, 10.419257508274338, 3.193355545016248, 0.995264063907698, 0.0, 7.894404571886695, 8.889668635794138, 6.615000000000002
0.0029785571142284554, 0.8386145961611873, 7.110781320164847E-4, 8.887961686493327, -0.005844079640831015, 0.0, 0.0018098491690831837, -0.004034230471747835, -7.223318480197349, 0.0, 10.561923702024314, 3.3386052218270854, 0.9952996683572917, 0.0, 8.016705268782964, 9.01200493714038, 6.615000000000005
0.002986172344689377, 0.8402804377367938, 7.128961343724441E-4, 9.009755345779013, -0.005857209302232562, 0.0, 0.0018291818084550555, -0.004028027493777498, -7.220734691712575, 0.0, 10.706377128070761, 3.485642436358425, 0.9953419845743688, 0.0, 8.140530968636515, 9.135872953211113, 6.615000000000003
0.002993787575150299, 0.8419357612074752, 7.147141367284037E-4, 9.133256563712848, -0.0058703342659521904, 0.0, 0.0018487786927205152, -0.004021555573231656, -7.2181505051021135, 0.0, 10.852622539551188, 3.6344720344491983, 0.9953910554770319, 0.0, 8.265883873399599, 9.261274928876729, 6.615000000000002
0.003001402805611221, 0.8435804656658672, 7.165321390843634E-4, 9.258473437674184, -0.005883454531187064, 0.0, 0.0018686430837528967, -0.0040148114474341315, -7.215565834585753, 0.0, 11.000664317847622, 3.7850984832618204, 0.9954469173410021, 0.0, 8.39276582757085, 9.388212744911755, 6.615000000000004
0.0030090180360721427, 0.845214451490965, 7.183501414403228E-4, 9.385413596040053, -0.005896570096984853, 0.0, 0.0018887782510473017, -0.004007791845937525, -7.212980601524235, 0.0, 11.150506465187547, 3.9375258636631503, 0.9955095995940897, 0.0, 8.521178311565665, 9.516687911159556, 6.615000000000005
0.0030166332665330646, 0.846837620408126, 7.201681437962824E-4, 9.514084180420696, -0.005909680962256938, 0.0, 0.001909187471024698, -0.00400049349123225, -7.210394734641395, 0.0, 11.30215259719999, 4.0917578625586675, 0.9955791246086739, 0.0, 8.651122435048357, 9.646701559657119, 6.615000000000004
0.0030242484969939865, 0.848449875549951, 7.219861461522419E-4, 9.644491827551235, -0.005922787125791959, 0.0, 0.0019298740263220746, -0.003992913099469884, -7.207808170248607, 0.0, 11.455605935417324, 4.247797765168727, 0.9956555074921667, 0.0, 8.782598930217627, 9.778254437709805, 6.615000000000003
0.003031863727454908, 0.8500511215180149, 7.238041485082014E-4, 9.776642650831377, -0.005935888586269858, 0.0, 0.001950841205069255, -0.003985047381200604, -7.205220852471614, 0.0, 11.610869299730613, 4.405648447258947, 0.9957387558755304, 0.0, 8.915608145052179, 9.911346900927661, 6.615000000000004
0.00303947895791583, 0.8516412644454772, 7.256221508641609E-4, 9.91054222151871, -0.005948985342276258, 0.0, 0.0019720923001518946, -0.003976893042124376, -7.202632733479724, 0.0, 11.767945100793037, 4.565312367313344, 0.9958288696996548, 0.0, 9.050150036511601, 10.045978906211305, 6.615000000000004
0.003047094188376752, 0.8532202120605861, 7.274401532201204E-4, 10.046195549568552, -0.005962077392317327, 0.0, 0.0019936306084602715, -0.003968446783857046, -7.200043773717244, 0.0, 11.926835332375916, 4.726791558658754, 0.995925840999948, 0.0, 9.186224163697403, 10.182150004697421, 6.615000000000004
0.003054709418837674, 0.854787873751037, 7.2925815557608E-4, 10.183607064113573, -0.005975164734835016, 0.0, 0.0020154594301246935, -0.0039597053047103065, -7.197453942137389, 0.0, 12.087541563672056, 4.8900876215346925, 0.9960296536887187, 0.0, 9.323829680967675, 10.319859334656396, 6.615000000000004
0.0030623246492985957, 0.8563441606292503, 7.310761579320395E-4, 10.322780593582479, -0.005988247368222744, 0.0, 0.002037582067736351, -0.003950665300486378, -7.194863216438354, 0.0, 12.250064931553338, 5.055201715114859, 0.9961402833357527, 0.0, 9.462965331013823, 10.45910561434943, 6.615000000000004
0.0030699398797595172, 0.857888985598509, 7.32894160287999E-4, 10.463719345451011, -0.006001325290841504, 0.0, 0.0020600018255546373, -0.00394132346528684, -7.192271583302058, 0.0, 12.414406132773482, 5.222134549471391, 0.9962576969465593, 0.0, 9.603629437888731, 10.599887134835221, 6.615000000000004
0.003077555110220439, 0.859422263420043, 7.347121626439585E-4, 10.606425885623821, -0.006014398501036449, 0.0, 0.0020827220086992518, -0.0039316764923372355, -7.189679038634662, 0.0, 12.580565416128094, 5.390886377493215, 0.9963818527392383, 0.0, 9.74581990000066, 10.742201752739733, 6.615000000000004
0.003085170340681361, 0.8609439107809558, 7.36530164999918E-4, 10.75090211744606, -0.0060274669971538365, 0.0, 0.002105745922329337, -0.003921721074824483, -7.187085587810099, 0.0, 12.748542574556582, 5.561456986746424, 0.9965126999185595, 0.0, 9.889534183054288, 10.886046882972765, 6.615000000000004
0.0030927855711422826, 0.8624538463631097, 7.383481673558775E-4, 10.897149260333038, -0.006040530777558502, 0.0, 0.002129076870807177, -0.003911453906751357, -7.1844912459154076, 0.0, 12.918336937202135, 5.733845691286908, 0.9966501784487128, 0.0, 10.0347693129583, 11.031419491407238, 6.615000000000004
0.003100400801603205, 0.8639519909128963, 7.401661697118371E-4, 11.04516782801511, -0.006053589840651711, 0.0, 0.0021527181568475953, -0.0039008716838041177, -7.181896037998681, 0.0, 13.08994736141781, 5.908051323418886, 0.996794218823656, 0.0, 10.18152186868596, 11.178316087509376, 6.615000000000002
0.003108016032064127, 0.8654382673119401, 7.419841720677966E-4, 11.194957606405012, -0.006066644184889525, 0.0, 0.002176673080653377, -0.0038899711042361673, -7.179299999319287, 0.0, 13.26337222472287, 6.084072225403485, 0.9969447418356523, 0.0, 10.329787975092152, 11.326732716927731, 6.615000000000003
0.0031156312625250484, 0.8669126006487093, 7.438021744237562E-4, 11.34651763106956, -0.006079693808801571, 0.0, 0.002200944939035214, -0.0038787488697663366, -7.176703175600481, 0.0, 13.438609416711314, 6.261906241110775, 0.9971016583416563, 0.0, 10.479563295690836, 11.476664954032403, 6.615000000000004
0.0031232464929859707, 0.8683749182910674, 7.456201767797158E-4, 11.499846164307257, -0.0060927387110103004, 0.0, 0.002225537024517471, -0.0038672016864928493, -7.174105623284128, 0.0, 13.61565633090981, 6.441550707625368, 0.9972648690279705, 0.0, 10.6308430253882, 11.628107894415884, 6.615000000000003
0.0031308617234468918, 0.8698251499597536, 7.474381791356752E-4, 11.6549406718309, -0.00610577889025073, 0.0, 0.002250452624428634, -0.0038553262658220996, -7.171507409788118, 0.0, 13.794509856585567, 6.623002446797445, 0.9974342641725946, 0.0, 10.78362188317348, 11.781056147346074, 6.615000000000003
0.003138476953907814, 0.8712632278027963, 7.492561814916348E-4, 11.81179779904437, -0.006118814345390609, 0.0, 0.0022756950199774306, -0.0038431193254131746, -7.168908613765911, 0.0, 13.975166370506415, 6.806257756740543, 0.9976097234056892, 0.0, 10.937894104768242, 11.935503828173964, 6.615000000000004
0.0031460921843687356, 0.8726890864708752, 7.510741838475942E-4, 11.970413346916928, -0.006131845075451081, 0.0, 0.0023012674853133477, -0.003830577590137711, -7.166309325368368, 0.0, 14.157621728646523, 6.991312403278172, 0.9977911154681615, 0.0, 11.093653435229164, 12.091444550697314, 6.615000000000003
0.0031537074148296576, 0.8741026631936264, 7.528921862035538E-4, 12.130782247442653, -0.006144871079627851, 0.0, 0.0023271732865722816, -0.0038176977930555744, -7.163709646508154, 0.0, 14.341871257848915, 7.178161611340838, 0.9979782979680133, 0.0, 11.250893121514398, 12.248871419482496, 6.615000000000003
0.0031613226452905795, 0.8755038978568983, 7.547101885595133E-4, 12.292898538690565, -0.00615789235731279, 0.0, 0.0023534156809070297, -0.0038044766764057936, -7.161109691126196, 0.0, 14.527909747433688, 7.366800056307581, 0.9981711171349532, 0.0, 11.40960590500259, 12.407777022137674, 6.615000000000004
0.003168937875751501, 0.8768927330809735, 7.565281909154728E-4, 12.456755339430401, -0.006170908908116031, 0.0, 0.002379997915502384, -0.0037909109926136456, -7.158509585460759, 0.0, 14.715731440757125, 7.557221855296332, 0.9983694075727065, 0.0, 11.56978401397009, 12.568153421542759, 6.615000000000001
0.0031765531062124233, 0.8782691142997376, 7.583461932714324E-4, 12.622344823339404, -0.0061839207318886225, 0.0, 0.002406923226574688, -0.003776997505313927, -7.15590946831851, 0.0, 14.905330026723309, 7.749420558405034, 0.9985729920097789, 0.0, 11.731419156027892, 12.729992148037896, 6.615000000000003
0.003184168336673345, 0.8796329898408288, 7.601641956273918E-4, 12.78965819278136, -0.006196927828745581, 0.0, 0.0024341948383564058, -0.0037627329903891574, -7.1533094913484145, 0.0, 15.096698631243942, 7.943389139895501, 0.998781681047603, 0.0, 11.894502510513243, 12.893284191560795, 6.615000000000002
0.0031917835671342668, 0.8809843110067597, 7.619821979833514E-4, 12.95868565215062, -0.006209930199089506, 0.0, 0.002461815962064559, -0.00374811423702498, -7.150709819317533, 0.0, 15.289829808649001, 8.139119989331443, 0.9989952729071899, 0.0, 12.059024720839918, 13.058019993747125, 6.615000000000003
0.0031993987975951887, 0.8823230321569859, 7.638002003393109E-4, 13.129416380784846, -0.006222927843634674, 0.0, 0.0024897897948538764, -0.0037331380487808097, -7.148110630389322, 0.0, 15.484715533047508, 8.336604902658447, 0.9992135531736009, 0.0, 12.224975886805192, 13.224189439979066, 6.615000000000003
0.0032070140280561106, 0.8836491107910165, 7.656182026952704E-4, 13.301838505438866, -0.006235920763431655, 0.0, 0.0025181195187538308, -0.003717801244677868, -7.145512116404278, 0.0, 15.681347189641338, 8.53583507323742, 0.9994362945384289, 0.0, 12.392345556857425, 13.39178185139627, 6.615000000000003
0.003214629258517032, 0.8849625076324381, 7.674362050512299E-4, 13.475939072304925, -0.006248908959892435, 0.0, 0.0025468082995904126, -0.0037021006603020212, -7.142914483162989, 0.0, 15.87971556598354, 8.73680108282064, 0.9996632565401974, 0.0, 12.561122720314497, 13.560785976854781, 6.615000000000003
0.0032222444889779545, 0.8862631867139945, 7.692542074071895E-4, 13.651704018596433, -0.006261892434816049, 0.0, 0.0025758592858913937, -0.003686033148924704, -7.140317950711413, 0.0, 16.079810843193393, 8.939492892481967, 0.9998941853028649, 0.0, 12.731295799546821, 13.731189984849738, 6.615000000000004
0.003229859719438876, 0.8875511154636166, 7.71072209763149E-4, 13.829118143670428, -0.0062748711904147565, 0.0, 0.0026052756077757783, -0.003669595582638907, -7.1377227536284265, 0.0, 16.281622587116747, 9.143899833488316, 1.0001288132724404, 0.0, 12.902852642112448, 13.902981455384792, 6.615000000000003
0.003237474949899798, 0.8888262647914833, 7.728902121191086E-4, 14.008165079696937, -0.006287845229340689, 0.0, 0.002635060375827461, -0.003652784853513294, -7.135129141316072, 0.0, 16.485139739439823, 9.350010598123793, 1.0003668589511445, 0.0, 13.075780512852313, 14.076147371803586, 6.615000000000003
0.00324509018036072, 0.8900886091780591, 7.747082144750681E-4, 14.188827261863253, -0.0063008145547130915, 0.0, 0.002665216679951822, -0.0036355978747612677, -7.132537378291622, 0.0, 16.690350608752656, 9.557813230460983, 1.000608026630202, 0.0, 13.250066085943336, 14.250674112573483, 6.615000000000003
0.0032527054108216413, 0.8913381267631846, 7.765262168310276E-4, 14.371085898114643, -0.00631377917014608, 0.0, 0.0026957475882172788, -0.0036180315819288045, -7.129947744482569, 0.0, 16.89724286156091, 9.767295117078532, 1.0008520061200041, 0.0, 13.425695436905349, 14.42654744302555, 6.615000000000003
0.0032603206412825637, 0.892574799436141, 7.783442191869872E-4, 14.554920938424289, -0.0063267390797769035, 0.0, 0.0027266561456792474, -0.003600082934097658, -7.1273605355231835, 0.0, 17.10580351325193, 9.978442977728802, 1.0010984724790142, 0.0, 13.602654034570955, 14.603752507050023, 6.615000000000005
0.0032679358717434847, 0.8937986129267501, 7.801622215429466E-4, 14.740311043590168, -0.006339694288294782, 0.0, 0.0027579453731884154, -0.0035817489151063614, -7.124776063054468, 0.0, 17.316018919006414, 10.191242855951876, 1.0013470857396483, 0.0, 13.780926733007, 14.782273818746571, 6.615000000000003
0.003275551102204407, 0.8950095568975174, 7.819802238989062E-4, 14.927233553543715, -0.006352644800970252, 0.0, 0.002789618266182084, -0.003563026534788162, -7.12219465502536, 0.0, 17.52787476466389, 10.40568010963839, 1.0015974906331948, 0.0, 13.960497763397518, 14.962095254030567, 6.615000000000004
0.0032831663326653294, 0.8962076250367801, 7.837982262548658E-4, 15.115664455188266, -0.006365590623685165, 0.0, 0.002821677793458939, -0.0035439128302262035, -7.119616655996947, 0.0, 17.741356057537878, 10.621739401540912, 1.0018493163122073, 0.0, 14.141350725883276, 15.143200042195435, 6.615000000000003
0.0032907815631262505, 0.8973928151528985, 7.856162286108252E-4, 15.305578349738653, -0.006378531762963085, 0.0, 0.0028541268959371077, -0.0035244048670259806, -7.117042427448924, 0.0, 17.956447117180534, 10.839404689731413, 1.0021021760707807, 0.0, 14.323468581357835, 15.325570757428423, 6.615000000000004
0.003298396793587173, 0.8985651292694983, 7.874342309667848E-4, 15.496948419569549, -0.006391468226000356, 0.0, 0.0028869684853957203, -0.003504499740604683, -7.1144723480882694, 0.0, 18.173131566095915, 11.058659218007703, 1.0023556670630782, 0.0, 14.506833643218982, 15.509189310282174, 6.615000000000003
0.0033060120240480943, 0.8997245737217421, 7.892522333227442E-4, 15.689746394570989, -0.006404400020697727, 0.0, 0.002920205443198487, -0.003484194577499232, -7.111906814160228, 0.0, 18.39139232041003, 11.279485506249816, 1.0026093700199088, 0.0, 14.691427569085286, 15.6940369391052, 6.615000000000004
0.0033136272545090163, 0.9008711592536627, 7.910702356787038E-4, 15.883942517997184, -0.0064173271556924845, 0.0, 0.0029538406190017727, -0.0034634865366907144, -7.109346239761819, 0.0, 18.611211580481747, 11.501865340719677, 1.0028628489630236, 0.0, 14.877231352458754, 15.880094201421526, 6.615000000000003
0.003321242484969938, 0.9020049011165532, 7.928882380346633E-4, 16.07950551181341, -0.006430249640391227, 0.0, 0.0029878768294441735, -0.003442372810947107, -7.106791057157426, 0.0, 18.83257082147271, 11.725779764315202, 1.0031156509177546, 0.0, 15.064225314355289, 16.06734096527303, 6.615000000000003
0.0033288577154308597, 0.9031258191684008, 7.947062403906228E-4, 16.276402541523794, -0.0064431674850031415, 0.0, 0.0030223168568195777, -0.003420850628183557, -7.104241717097124, 0.0, 19.055450783862643, 11.951209066765502, 1.003367305623176, 0.0, 15.252389094886837, 16.255756400509984, 6.615000000000003
0.003336472945891782, 0.9042339379743991, 7.965242427465824E-4, 16.474599180491396, -0.006456080700573958, 0.0, 0.0030571634477332896, -0.003398917252840701, -7.101698689136758, 0.0, 19.27983146391653, 12.178132774779803, 1.0036173252409564, 0.0, 15.441701644801984, 16.44531897004302, 6.615000000000003
0.0033440881763527035, 0.9053292869085334, 7.983422451025418E-4, 16.674059373738828, -0.00646898929902036, 0.0, 0.0030924193117398344, -0.0033765699872804963, -7.099162461961124, 0.0, 19.50569210410062, 12.406529642139128, 1.0038652040613092, 0.0, 15.63214121698374, 16.636006421044645, 6.615000000000004
0.0033517034068136255, 0.9064119002562259, 8.001602474585015E-4, 16.874745401209566, -0.006481893293165135, 0.0, 0.003128087119963957, -0.0033538061732011695, -7.096633543708626, 0.0, 19.733011183452295, 12.636377639743614, 1.0041104182079572, 0.0, 15.82368535790735, 16.827795776115238, 6.615000000000004
0.0033593186372745474, 0.9074818173180725, 8.01978249814461E-4, 17.076617840519702, -0.006494792696772778, 0.0, 0.003164169503704087, -0.0033306231930686353, -7.094112462299123, 0.0, 19.96176640789524, 12.867653945595848, 1.004352425340109, 0.0, 16.016310899050552, 17.020663324390323, 6.615000000000004
0.003366933867735469, 0.9085390825146589, 8.037962521704205E-4, 17.27963552916242, -0.006507687524585771, 0.0, 0.0032006690530177254, -0.0033070184715680573, -7.091599765763304, 0.0, 20.191934700510405, 13.100334934747112, 1.0045906643533253, 0.0, 16.209993948267236, 17.214584612620587, 6.615000000000004
0.003374549098196391, 0.9095837454924656, 8.0561425452638E-4, 17.483755526173923, -0.006520577792361448, 0.0, 0.0032375883152896134, -0.003282989477071882, -7.089096022575241, 0.0, 20.423492191751627, 13.334396169176788, 1.0048245550775101, 0.0, 16.404709881112165, 17.409534436190135, 6.615000000000003
0.003382164328657313, 0.9106158612308759, 8.074322568823396E-4, 17.688933073258113, -0.006533463516909494, 0.0, 0.0032749297937813976, -0.0032585337231280653, -7.086601821986503, 0.0, 20.656414209618003, 13.569812387631154, 1.005053497973746, 0.0, 16.600433332130436, 17.605486830103796, 6.615000000000004
0.0033897795591182347, 0.911635490150271, 8.092502592382991E-4, 17.895121555365904, -0.00654634471612996, 0.0, 0.0033126959461643665, -0.003233648769965597, -7.0841177743631105, 0.0, 20.89067526976878, 13.80655749540588, 1.0052768738284878, 0.0, 16.79713818609529, 17.802415059923987, 6.615000000000002
0.0033973947895791566, 0.9126426982212252, 8.110682615942586E-4, 18.102272460716563, -0.0065592214090520184, 0.0, 0.0033508891830330984, -0.00320833222601892, -7.0816445115246465, 0.0, 21.126249065596163, 14.04460455407149, 1.0054940434460882, 0.0, 16.99479756921225, 18.000291612658312, 6.615000000000003
0.0034050100200400785, 0.9136375570748365, 8.128862639502181E-4, 18.310335340258234, -0.006572093615873225, 0.0, 0.0033895118664017815, -0.0031825817494713915, -7.079182687085763, 0.0, 21.363108458243573, 14.2839257711577, 1.0057043473391474, 0.0, 17.193383840274933, 18.199088187613903, 6.615000000000004
0.003412625250501, 0.9146201441141355, 8.147042663061776E-4, 18.519257766572537, -0.006584961357999524, 0.0, 0.003428566308181863, -0.003156395049817684, -7.076732976799916, 0.0, 21.601225466576558, 14.524492489776785, 1.005907105417108, 0.0, 17.392868581781066, 18.398775687198345, 6.615000000000003
0.0034202404809619224, 0.9155905426266511, 8.165222686621372E-4, 18.728985292207085, -0.006597824658085726, 0.0, 0.003468054768641843, -0.0031297698894438702, -7.074296078905696, 0.0, 21.840571257103257, 14.766275178197917, 1.0061016166723908, 0.0, 17.593222591004764, 18.599324207677498, 6.615000000000004
0.0034278557114228434, 0.9165488418980492, 8.183402710180966E-4, 18.939461407436056, -0.00661068354007676, 0.0, 0.003507979454848459, -0.0031027040852282667, -7.071872714475151, 0.0, 22.081116133843253, 15.009243419367795, 1.0062871588650835, 0.0, 17.794415871024484, 18.800703029889217, 6.615000000000004
0.003435470941883766, 0.9174951373269646, 8.201582733740562E-4, 19.150627497446067, -0.006623538029249484, 0.0, 0.003548342519089309, -0.003075195510160139, -7.069463627764735, 0.0, 22.322829528149914, 15.253365900385322, 1.0064629882051963, 0.0, 17.996417621711718, 19.002880609917014, 6.615000000000004
0.0034430861723446877, 0.9184295305409069, 8.219762757300157E-4, 19.362422798931448, -0.006636388152255158, 0.0, 0.003589146057277212, -0.003047242094978017, -7.067069586568399, 0.0, 22.565679988483865, 15.4986104019157, 1.0066283390332016, 0.0, 18.199196230677583, 19.205824569711105, 6.615000000000003
0.003450701402805609, 0.919352129513336, 8.237942780859752E-4, 19.57478435610983, -0.006649233937162572, 0.0, 0.0036303921073353312, -0.003018841829827229, -7.06469138257316, 0.0, 22.809635170132108, 15.744943787559256, 1.0067824234983906, 0.0, 18.402719264172823, 19.409501687671508, 6.615000000000003
0.0034583166332665316, 0.9202630486818864, 8.256122804419348E-4, 19.78764697614747, -0.006662075413501771, 0.0, 0.00367208264756487, -0.0029899927659368247, -7.062329831717089, 0.0, 23.054661824879602, 15.99233199316268, 1.0069244312351109, 0.0, 18.606953457945824, 19.61387788918101, 6.615000000000004
0.0034659318637274526, 0.9211624090677026, 8.274302827978942E-4, 20.000943183975323, -0.006674912612308504, 0.0, 0.0037142195949922824, -0.0029606930173161766, -7.059985774549288, 0.0, 23.300725790633, 16.240740016083446, 1.0070535290374516, 0.0, 18.811864708061883, 19.81891823709901, 6.615000000000003
0.003473547094188375, 0.9220503383959833, 8.292482851538539E-4, 20.21460317651713, -0.006687745566169299, 0.0, 0.003756804803698527, -0.0029309407624707046, -7.057660076592482, 0.0, 23.547791980994745, 16.490131904402222, 1.0071688605315703, 0.0, 19.017418061678754, 20.024586922210204, 6.615000000000004
0.0034811623246492965, 0.9229269712176169, 8.310662875098133E-4, 20.428554776301098, -0.006700574309267159, 0.0, 0.003799840063129639, -0.0029007342461375707, -7.055353628708066, 0.0, 23.795824374781308, 16.74047074607303, 1.0072695458459096, 0.0, 19.223577707773092, 20.23084725361885, 6.615000000000003
0.0034887775551102184, 0.9237924490320584, 8.328842898657729E-4, 20.642723384464034, -0.006713398877428011, 0.0, 0.003843327096386878, -0.0028700717810411502, -7.053067347463137, 0.0, 24.044786005502655, 16.991718658038955, 1.0073546812798215, 0.0, 19.430306967836735, 20.43766164911601, 6.615000000000004
0.0034963927855711403, 0.9246469204112806, 8.347022922217324E-4, 20.857031933129406, -0.006726219308167716, 0.0, 0.003887267558499552, -0.002838951749668167, -7.050802175500246, 0.0, 24.294638950779404, 17.24383677527956, 1.0074233389697027, 0.0, 19.637568286515634, 20.64499162548575, 6.615000000000003
0.0035040080160320623, 0.9254905411250043, 8.365202945776919E-4, 21.071400837184797, -0.006739035640739901, 0.0, 0.003931663034676583, -0.00280737260606323, -7.048559081909002, 0.0, 24.545344321724055, 17.496785239815207, 1.0074745665537983, 0.0, 19.84532322222229, 20.85279778877614, 6.615000000000003
0.003511623246492984, 0.9263234742669981, 8.383382969336515E-4, 21.285747945396565, -0.006751847916184273, 0.0, 0.003976515038540754, -0.0027753328776435743, -7.046339062600603, 0.0, 24.796862252257455, 17.750523189657155, 1.0075073868341566, 0.0, 20.053532437688016, 21.061039824522545, 6.615000000000004
0.003519238476953906, 0.9271458903826426, 8.40156299289611E-4, 21.499988490933674, -0.006764656177375778, 0.0, 0.00402182501034104, -0.002742831167034762, -7.044143140684286, 0.0, 25.049151888390014, 18.00500874770582, 1.007520797437217, 0.0, 20.26215569049009, 21.269676487927427, 6.615000000000005
0.0035268537074148276, 0.9279579675976546, 8.419743016455705E-4, 21.71403504121963, -0.0067774604690744224, 0.0, 0.004067594315148262, -0.002709866153926127, -7.04197236684619, 0.0, 25.302171377441972, 18.260199010596246, 1.007513770472282, 0.0, 20.471151823521527, 21.478665593994233, 6.615000000000004
0.0035344689378757495, 0.9287598917479771, 8.4379230400153E-4, 21.927797447161083, -0.006790260837975675, 0.0, 0.004113824241028727, -0.0026764365969469267, -7.03982781973096, 0.0, 25.55587785722116, 18.516050037490263, 1.0074852521874613, 0.0, 20.68047875542837, 21.68796400761587, 6.615000000000004
0.0035420841683366715, 0.9295518565109111, 8.456103063574895E-4, 22.14118279171589, -0.006803057332761727, 0.0, 0.004160515997199299, -0.0026425413355624927, -7.037710606324768, 0.0, 25.810227445147788, 18.7725168388234, 1.0074341626247147, 0.0, 20.890093470999652, 21.897527633624822, 6.615000000000004
0.003549699398797593, 0.9303340635374173, 8.47428308713449E-4, 22.35409533782922, -0.006815850004153297, 0.0, 0.0042076707121622425, -0.0026081792919910585, -7.035621862341704, 0.0, 26.065175227331014, 19.029553364989056, 1.0073593952717002, 0.0, 21.09995201151674, 22.107311406788188, 6.615000000000005
0.0035573146292585153, 0.9311067225856524, 8.492463110694086E-4, 22.56643647568012, -0.006828638904962266, 0.0, 0.0042552894318208245, -0.002573349473141459, -7.033562752611924, 0.0, 26.32067524759301, 19.28711249498147, 1.007259816712328, 0.0, 21.31000946505652, 22.317269281769256, 6.6150000000000055
0.003564929859719437, 0.9318700516556664, 8.510643134253681E-4, 22.778104669293953, -0.006841424090144924, 0.0, 0.004303373117573797, -0.002538050972571107, -7.031534471472354, 0.0, 26.576680496448372, 19.54514602497586, 1.007134266275002, 0.0, 21.5202199567583, 22.52735422303312, 6.6150000000000055
0.0035725450901803587, 0.9326242771253854, 8.528823157813276E-4, 22.988995402472483, -0.006854205616855994, 0.0, 0.004351922644390882, -0.0025022829724650197, -7.029538243159408, 0.0, 26.83314290002785, 19.8036046568684, 1.0069815556792374, 0.0, 21.73053663904086, 22.73751819471995, 6.615000000000004
0.003580160320641281, 0.933369633887775, 8.547003181372873E-4, 23.19900112404457, -0.006866983544503336, 0.0, 0.004400938798867424, -0.0024660447456359286, -7.027575322204532, 0.0, 27.09001330895929, 20.062437986754215, 1.0068004686797731, 0.0, 21.94091168178461, 22.94771215046386, 6.615000000000005
0.003587775551102202, 0.9341063654892023, 8.565183204932466E-4, 23.408011192455888, -0.0068797579348033894, 0.0, 0.00445042227725885, -0.0024293356575445235, -7.025646993831759, 0.0, 27.34724148718981, 20.321594493357587, 1.0065897607090137, 0.0, 22.1512962624619, 23.15788602317044, 6.615000000000004
0.0035953907815631245, 0.9348347242691224, 8.583363228492063E-4, 23.61591181965582, -0.0068925288518373665, 0.0, 0.004500373683495387, -0.002392155168342014, -7.023754574357727, 0.0, 27.604776100770422, 20.581021526412687, 1.0063481585173624, 0.0, 22.3616405562363, 23.367988714753697, 6.615000000000005
0.003603006012024046, 0.9355549715008928, 8.601543252051657E-4, 23.82258601430658, -0.006905296362108077, 0.0, 0.004550793527174843, -0.002354502834933242, -7.021899411593912, 0.0, 27.86256470657857, 20.840665294985097, 1.006074359811599, 0.0, 22.57189372600845, 23.577968085820498, 6.615000000000005
0.003610621242484968, 0.9362673775339001, 8.619723275611253E-4, 24.02791352428676, -0.006918060534597588, 0.0, 0.0046016822215373815, -0.002316378313060141, -7.0200828852514014, 0.0, 28.12055374099692, 21.100470855745726, 1.0057670328911335, 0.0, 22.78200391242245, 23.787770945313714, 6.6150000000000055
0.0036182364729458903, 0.9369722219369034, 8.637903299170849E-4, 24.231770778512555, -0.0069308214408256375, 0.0, 0.004653040081416426, -0.002277781359409134, -7.018306407347693, 0.0, 28.378688508546713, 21.360382101199026, 1.0054248162826123, 0.0, 22.991918223837608, 23.99734304012014, 6.615000000000005
0.0036258517034068113, 0.9376697936426517, 8.656083322730443E-4, 24.434030828028654, -0.006943579154908622, 0.0, 0.004704867321171938, -0.0022387118337366535, -7.016571422616472, 0.0, 28.63691317046025, 21.62034174784426, 1.0050463183716818, 0.0, 23.20158272624284, 24.20662904461497, 6.615000000000004
0.0036334669338677337, 0.9383603910937071, 8.674263346290039E-4, 24.634563286407456, -0.006956333753619584, 0.0, 0.004757164052600557, -0.0021991697010190353, -7.014879408918643, 0.0, 28.89517073321674, 21.88029132429801, 1.0046301170341176, 0.0, 23.410942433144225, 24.41557255017826, 6.615000000000003
0.003641082164328655, 0.9390443223896101, 8.692443369849633E-4, 24.83323426942661, -0.006969085316448707, 0.0, 0.0048099302828263635, -0.0021591550336222537, -7.013231877657069, 0.0, 29.153403037017764, 22.140171159360918, 1.0041747592633175, 0.0, 23.619941295397503, 24.62411605466094, 6.615000000000005
0.003648697394789577, 0.9397219054352304, 8.710623393409229E-4, 25.029906334023735, -0.006981833925664723, 0.0, 0.004863165912170023, -0.002118668013494751, -7.011630374192248, 0.0, 29.411550744217855, 22.39992037002589, 1.0036787607973658, 0.0, 23.828522191003547, 24.832200951801255, 6.615000000000005
0.003656312625250499, 0.9403934680904271, 8.728803416968824E-4, 25.224438416513976, -0.006994579666377001, 0.0, 0.00491687073199637, -0.0020777089343805705, -7.010076478261691, 0.0, 29.669553327704865, 22.659476849443664, 1.0031406057426444, 0.0, 24.036626914861202, 25.039767520604272, 6.615000000000005
0.0036639278557114205, 0.9410593483210006, 8.746983440528419E-4, 25.416685770099775, -0.0070073226265984934, 0.0, 0.004971044422542134, -0.0020362782040563576, -7.008571804400287, 0.0, 29.927349059234587, 22.91877725483445, 1.0025587461969028, 0.0, 24.244196168480027, 25.246754914677076, 6.615000000000004
0.003671543086172343, 0.9417198943508653, 8.765163464088015E-4, 25.60649990161187, -0.0070200628973092595, 0.0, 0.00502568655072104, -0.0019943763465882225, -7.007118002364251, 0.0, 30.18487499770456, 23.17775699534028, 1.0019316018688542, 0.0, 24.45116954964086, 25.45310115150969, 6.615000000000005
0.003679158316633265, 0.9423754648155978, 8.78334348764761E-4, 25.793728507528158, -0.007032800572521048, 0.0, 0.005080796567908177, -0.0019520040046129422, -7.005716757556364, 0.0, 30.44206697739167, 23.436350219835337, 1.001257559697167, 0.0, 24.657485542026524, 25.658743101723797, 6.615000000000004
0.0036867735470941863, 0.9430264289171602, 8.801523511207205E-4, 25.978215409238373, -0.007045535749342325, 0.0, 0.0051363738077034315, -0.00190916194163894, -7.004369791454558, 0.0, 30.698859596129267, 23.694489804674834, 1.0005349734660414, 0.0, 24.863081504798654, 25.863616478264873, 6.6150000000000055
0.0036943887775551082, 0.9436731665800213, 8.8197035347668E-4, 26.15980048755364, -0.007058268528044339, 0.0, 0.005192417483672426, -0.0018658510443720216, -7.003078862041869, 0.0, 30.95518620344288, 23.952107341400364, 0.9997621634200645, 0.0, 25.06789366214125, 26.067655825560788, 6.615000000000005
0.00370200400801603, 0.9443160686085568, 8.837883558326395E-4, 26.33831961644023, -0.0070709990121278895, 0.0, 0.005248926687066002, -0.0018220723250619436, -7.001845764239475, 0.0, 31.210978888629352, 24.20913312439007, 0.9989374158762218, 0.0, 25.27185709275453, 26.27079450863101, 6.615000000000004
0.0037096192384769517, 0.9449555368456863, 8.85606358188599E-4, 26.513604596017785, -0.007083727308390852, 0.0, 0.0053059003845188635, -0.0017778269238720862, -7.000672330341422, 0.0, 31.46616846879265, 24.465496138451478, 0.9980589828345144, 0.0, 25.474905719311668, 26.472964702146548, 6.615000000000005
0.003717234468937874, 0.9455919843328955, 8.874243605445587E-4, 26.68548308475988, -0.007096453526996502, 0.0, 0.005363337415725616, -0.0017331161112709853, -6.999560430452526, 0.0, 31.72068447682289, 24.721124046370267, 0.9971250815857471, 0.0, 25.676972297866637, 26.6740973794524, 6.615000000000005
0.0037248496993987955, 0.9462258354715507, 8.892423629005182E-4, 26.853778530932914, -0.007109177781542682, 0.0, 0.005421236491094411, -0.0016879412904481916, -6.998511972927718, 0.0, 31.974455149332154, 24.97594317640497, 0.9961338943182663, 0.0, 25.87798840722655, 26.87412230154526, 6.615000000000005
0.0037324649298597174, 0.9468575261855268, 8.910603652564777E-4, 27.018310103231897, -0.00712190018913173, 0.0, 0.0054795961893807366, -0.0016423039997510713, -6.997528904814476, 0.0, 32.2274074145385, 25.229878509723616, 0.9950835677218852, 0.0, 26.077884438276925, 27.072968005998494, 6.6150000000000055
0.0037400801603206394, 0.9474875040851494, 8.928783676124372E-4, 27.178892620667284, -0.00713462087044124, 0.0, 0.005538414955296153, -0.0015962059151450603, -6.996613212296865, 0.0, 32.47946688009721, 25.482853667800203, 0.9939722125905851, 0.0, 26.2765895832646, 27.270561795855006, 6.615000000000005
0.003747695390781561, 0.9481162286324887, 8.946963699683967E-4, 27.335336481600507, -0.007147339949795593, 0.0, 0.005597691097097762, -0.0015496488526978713, -6.995766921142822, 0.0, 32.73055782088657, 25.734790899743356, 0.99279790342225, 0.0, 26.47403182503896, 27.46682972846087, 6.615000000000004
0.0037553106212424832, 0.948744171307986, 8.965143723243563E-4, 27.487447592039416, -0.007160057555238331, 0.0, 0.005657422784152738, -0.0015026347710855037, -6.994992097152817, 0.0, 32.98060316674352, 25.985611069590554, 0.9915586780174025, 0.0, 26.67013792625332, 27.661696604270475, 6.615000000000004
0.0037629258517034043, 0.9493718157783917, 8.983323746803157E-4, 27.635027293086978, -0.007172773818605412, 0.0, 0.005717608044483152, -0.001455165774122219, -6.994290846611667, 0.0, 33.22952449014603, 26.235233643534507, 0.9902525370751835, 0.0, 26.86483341851695, 27.855085955592237, 6.615000000000005
0.0037705410821643266, 0.949999658066095, 9.001503770362753E-4, 27.77787228758325, -0.007185488875599095, 0.0, 0.005778244762286139, -0.001407244113313083, -6.99366531674202, 0.0, 33.477241993850676, 26.48357667710868, 0.9888774437877851, 0.0, 27.058042591512063, 28.04692003530001, 6.615000000000004
0.003778156312625249, 0.9506282067197445, 9.019683793922349E-4, 27.915774565958145, -0.007198202865862923, 0.0, 0.005839330675432519, -0.0013588721904302936, -6.993117696160778, 0.0, 33.72367449847675, 26.730556802315704, 0.9874313234325928, 0.0, 27.249688482063203, 28.237119805495404, 6.615000000000004
0.00378577154308617, 0.9512579829862595, 9.037863817481943E-4, 28.048521331227448, -0.007210915933057253, 0.0, 0.005900863372943793, -0.0013100525601134339, -6.99265021533744, 0.0, 33.96873943003922, 26.976089214702174, 0.9859120629624116, 0.0, 27.439692863161603, 28.42560492612438, 6.615000000000005
0.0037933867735470924, 0.9518895209842233, 9.056043841041539E-4, 28.175894923176656, -0.007223628224935889, 0.0, 0.005962840292443872, -0.0012607879324920968, -6.992265147054899, 0.0, 34.21235280744292, 27.220087660387776, 0.9843175105938693, 0.0, 27.627976232960606, 28.61229374355432, 6.615000000000005
0.003801002004008014, 0.9525233678785714, 9.074223864601133E-4, 28.297672741719907, -0.0072363398934233575, 0.0, 0.006025258717590437, -0.0012110811758328788, -6.99196480687279, 0.0, 34.454429229908776, 27.46246442303639, 0.9826454753934133, 0.0, 27.814457803707597, 28.797103279101368, 6.615000000000005
0.003808617234468936, 0.9531600840567043, 9.092403888160729E-4, 28.413627169383517, -0.0072490510946930965, 0.0, 0.006088115775482766, -0.0011609353192103544, -6.9917515535926436, 0.0, 34.694881864369016, 27.703130310776626, 0.980893726861875, 0.0, 27.999055490652673, 28.97994921751483, 6.615000000000004
0.0038162324649298578, 0.9538002433059658, 9.110583911720324E-4, 28.523525492988938, -0.0072617619892465495, 0.0, 0.006151408434044908, -0.0011103535552016153, -6.991627789726057, 0.0, 34.933622432799595, 27.941994643073414, 0.9790599945164475, 0.0, 28.18168590090352, 29.160745895419822, 6.615000000000004
0.0038238476953907793, 0.9544444329924584, 9.12876393527992E-4, 28.627129824453505, -0.007274472741992967, 0.0, 0.0062151334993891805, -0.0010593392426038184, -6.9915959619648715, 0.0, 35.170561199507176, 28.178965237542233, 0.9771419674708134, 0.0, 28.36226432223822, 29.339406289708993, 6.615000000000005
0.003831462925851701, 0.95509325424133, 9.146943958839515E-4, 28.72419702074012, -0.007287183522330282, 0.0, 0.006279287613152829, -0.0010078959091774087, -6.991658561653301, 0.0, 35.4056069583722, 28.413948396719015, 0.975137294013904, 0.0, 28.540704711885184, 29.51584200589915, 6.615000000000005
0.003839078156312623, 0.9557473221183201, 9.16512398239911E-4, 28.81447860293929, -0.007299894504226572, 0.0, 0.006343867249814256, -9.56027254412295E-4, -6.9918181252635, 0.0, 35.63866702002878, 28.646848894765313, 0.9730435811852466, 0.0, 28.716919685244058, 29.689963266429316, 6.6150000000000055
0.003846693386773545, 0.9564072658128442, 9.183304005958706E-4, 28.897720674501215, -0.007312605866302641, 0.0, 0.0064088687139843, -9.037371523183402E-4, -6.992077234871724, 0.0, 35.86964719900965, 28.877569964137752, 0.9708583943503534, 0.0, 28.89082050458047, 29.861678898930652, 6.615000000000004
0.003854308617234467, 0.9570737288223548, 9.201484029518301E-4, 28.973663838561606, -0.007325317791915342, 0.0, 0.0064742881376740335, -8.510296542413032E-4, -6.992438518639073, 0.0, 36.098451800834, 29.10601328219509, 0.9685792567716864, 0.0, 29.062317067670786, 30.030896324442633, 6.615000000000004
0.0038619238476953885, 0.9577473691381577, 9.219664053077896E-4, 29.042043114406624, -0.007338030469241769, 0.0, 0.006540121477541239, -7.979089917004578E-4, -6.992904651292527, 0.0, 36.324983609041425, 29.332078957749076, 0.9662036491797, 0.0, 29.23131789639772, 30.19752154557752, 6.615000000000004
0.0038695390781563104, 0.9584288594326775, 9.237844076637491E-4, 29.102587853051773, -0.007350744091364389, 0.0, 0.0066063645121100245, -7.443795792543839E-4, -6.993478354609476, 0.0, 36.54914387218757, 29.555665517577935, 0.9637290093407574, 0.0, 29.397730125318297, 30.36145913465892, 6.615000000000004
0.0038771543086172327, 0.9591188872480387, 9.256024100197087E-4, 29.155021651913103, -0.0073634588563569895, 0.0, 0.0066730128389688725, -6.904460173880189E-4, -6.994162397904157, 0.0, 36.77083229077909, 29.776669892875116, 0.9611527316234326, 0.0, 29.561459490175867, 30.522612221799385, 6.615000000000004
0.003884769539078154, 0.9598181551861256, 9.274204123756681E-4, 29.199062268578928, -0.007376174967371531, 0.0, 0.006740061871945008, -6.36113095426688E-4, -6.994959598516886, 0.0, 36.98994700416617, 29.994987405650114, 0.9584721665623582, 0.0, 29.722410316376703, 30.68088248294007, 6.615000000000004
0.003892384769539076, 0.9605273811000874, 9.292384147316277E-4, 29.234421533706154, -0.007388892632726017, 0.0, 0.006807506838252764, -5.81385794473227E-4, -6.995872822304649, 0.0, 37.20638457738438, 30.2105117550796, 0.9556846204211712, 0.0, 29.880485507425206, 30.836170127846223, 6.615000000000004
0.003899999999999998, 0.9612472982872067, 9.310564170875872E-4, 29.260805262948452, -0.007401612065992973, 0.0, 0.006875342775621379, -5.262692903715838E-4, -6.996904984135542, 0.0, 37.42003998793791, 30.423135003801836, 0.9527873547516743, 0.0, 30.035586533304137, 30.988373888055268, 6.615000000000003
