phi0, phi, rho, Z_fit_curve, F_id, F_fr, F_ex, F_total, mu_id, mu_fr, mu_ex, mu_kT, PV_id, PV_fr, PV_ex, PV_NkT, alpha
1.0000000000000005E-4, 0.028991958889415186, 2.387324146378431E-5, 1.0181916832391118, -2.777443868776376E-4, 0.0, 4.289610170697414E-6, -2.7345477670745894E-4, -10.500605134519098, 0.0, -0.3647394979833247, -10.865344632492304, 1.1335245373553962, 0.0, -0.5444222686370187, 0.5891022687502269, 6.615000000000025
1.0761523046092189E-4, 0.03117789645246222, 2.5691243819743836E-5, 1.0178138087546542, -2.967876902993276E-4, 0.0, 3.667020497843547E-6, -2.931206698019846E-4, -10.449333520372424, 0.0, -0.3205937854130018, -10.769927305775564, 1.1027615195432718, 0.0, -0.4633280385138745, 0.6394334810587426, 6.6150000000000215
1.1523046092184372E-4, 0.03336586193953288, 2.750924617570336E-5, 1.0175722425405855, -3.157390617354581E-4, 0.0, 3.1224544106694993E-6, -3.126166073252715E-4, -10.399462835867725, 0.0, -0.27888266238190157, -10.678345498240017, 1.0780985527218419, 0.0, -0.3923882957506307, 0.6857102569983732, 6.615000000000021
1.2284569138276555E-4, 0.03555573957385504, 2.9327248531662886E-5, 1.0175128654116252, -3.346010095257796E-4, 0.0, 2.6516063480648254E-6, -3.319494031781804E-4, -10.350950856603955, 0.0, -0.239474488561389, -10.590425345155982, 1.058268428475951, 0.0, -0.32988891476308474, 0.7283795137381063, 6.615000000000019
1.304609218436874E-4, 0.037747416594161906, 3.114525088762241E-5, 1.0176755290104047, -3.533759662682134E-4, 0.0, 2.250404924397406E-6, -3.511255613442648E-4, -10.303756478676748, 0.0, -0.20224325504923232, -10.505999733716855, 1.0423061214691467, 0.0, -0.27449840985653395, 0.7678077116361481, 6.615000000000016
1.3807615230460924E-4, 0.03994078328413443, 3.296325324358194E-5, 1.0180944546267958, -3.7206629083384556E-4, 0.0, 1.915002858120296E-6, -3.701512879761577E-4, -10.257839694463446, 0.0, -0.1670684018572815, -10.424908096311833, 1.0294652351944966, 0.0, -0.2251634825815469, 0.8043017526349616, 6.615000000000015
1.456913827655311E-4, 0.0421357329962315, 3.478125559954146E-5, 1.0187986146040422, -3.9067427033826385E-4, 0.0, 1.6417672283106415E-6, -3.890325031103698E-4, -10.213161568811879, 0.0, -0.1338346396515907, -10.346996208454806, 1.0191606577443786, 0.0, -0.18103728371980216, 0.8381233740452156, 6.6150000000000135
1.5330661322645293E-4, 0.04433216217013006, 3.659925795550099E-5, 1.019812096871913, -4.092021220699695E-4, 0.0, 1.427270051470824E-6, -4.077748520188997E-4, -10.169684215627989, 0.0, -0.10243177567801526, -10.272115991297571, 1.0109283139346499, 0.0, -0.14142901581895367, 0.869499298135086, 6.615000000000013
1.6092184368737475E-4, 0.04652997034599309, 3.8417260311460506E-5, 1.0211544531350891, -4.276519953765846E-4, 0.0, 1.2682791710429752E-6, -4.263837162059274E-4, -10.127370774857505, 0.0, -0.07275454380695144, -10.200125318656253, 1.004396350374193, 0.0, -0.10576780817720188, 0.898628542215238, 6.61500000000001
1.6853707414829662E-4, 0.04872906017277875, 4.023526266742004E-5, 1.0228410312331204, -4.460259735095665E-4, 0.0, 1.1617494522080616E-6, -4.448642240577295E-4, -10.086185389856889, 0.0, -0.04470243863151823, -10.130887828480414, 0.999264137249839, 0.0, -0.07357635109509393, 0.9256877861719599, 6.615000000000009
1.761523046092184E-4, 0.050929337411798864, 4.2053265023379556E-5, 1.0248832921766722, -4.6432607542813193E-4, 0.0, 1.1048142746595592E-6, -4.6322126115382924E-4, -10.04609318514876, 0.0, -0.018179553554126045, -10.064272738695106, 0.9952867212625349, 0.0, -0.044451337065949365, 0.9508353842128519, 6.615000000000008
1.8376753507014029E-4, 0.05313071093573114, 4.387126737933909E-5, 1.0272891123532624, -4.8255425756308875E-4, 0.0, 1.094777316159635E-6, -4.8145948024727196E-4, -10.007060244557184, 0.0, 0.006905577203018117, -10.000154667346596, 0.9922631483736695, 0.0, -0.018048735301644418, 0.97421441308741, 6.615000000000007
1.913827655310621E-4, 0.05533309272328406, 4.568926973529861E-5, 1.0300630713844257, -5.007124155412553E-4, 0.0, 1.1291046198020335E-6, -4.995833109217824E-4, -9.969053589718076, 0.0, 0.030640132727250878, -9.938413456983461, 0.9900275784016886, 0.0, 0.0059274457803262254, 0.9959550241965824, 6.615000000000007
1.9899799599198395E-4, 0.0575363978497098, 4.750727209125813E-5, 1.033206726105101, -5.188023858711539E-4, 0.0, 1.2054169380215629E-6, -5.175969689334485E-4, -9.932041158960077, 0.0, 0.05310715574785309, -9.878934003205057, 0.9884424435202106, 0.0, 0.027733841622258972, 1.0161762851562919, 6.6150000000000055
2.066132264529058E-4, 0.05974054447335563, 4.932527444721766E-5, 1.0367188711251238, -5.368259475906387E-4, 0.0, 1.3214823465041287E-6, -5.355044652444379E-4, -9.895991786551345, 0.0, 0.07438569923403587, -9.821606087310345, 0.9873931232495947, 0.0, 0.04759451841824072, 1.034987641680952, 6.615000000000005
2.1422845691382767E-4, 0.06194545381843989, 5.114327680317719E-5, 1.0405957864218924, -5.547848238771268E-4, 0.0, 1.4752091212648664E-6, -5.533096147561529E-4, -9.860875182307751, 0.0, 0.09455096932048622, -9.766324212980495, 0.9867837585183014, 0.0, 0.06570633492323888, 1.0524900934540011, 6.615000000000005
2.2184368737474948E-4, 0.06415105015423447, 5.296127915913671E-5, 1.0448314724027408, -5.726806836210789E-4, 0.0, 1.664638872273173E-6, -5.710160447490846E-4, -9.826661911557776, 0.0, 0.11367446462177483, -9.71298744692942, 0.9865339310181255, 0.0, 0.08224322091500355, 1.0687771519449762, 6.615000000000005
2.294589178356713E-4, 0.06635726077083179, 5.477928151509623E-5, 1.0494178728650763, -5.905151429633801E-4, 0.0, 1.88793992711552E-6, -5.886272030365315E-4, -9.793323375459844, 0.0, 0.1318241119963493, -9.661499263457095, 0.9865760067663375, 0.0, 0.097359623326573, 1.083935630104184, 6.615000000000004
2.3707414829659315E-4, 0.0685640159516692, 5.659728387105576E-5, 1.0543450862721246, -6.082897667972513E-4, 0.0, 2.143400958295481E-6, -6.061463658392113E-4, -9.760831791667446, 0.0, 0.14906439882022054, -9.611767392841012, 0.9868529944629856, 0.0, 0.11119330657525098, 1.098046301048963, 6.615000000000003
2.44689378757515E-4, 0.07077124894298055, 5.8415286227015284E-5, 1.0596015657520195, -6.260060702353265E-4, 0.0, 2.4294248478802125E-6, -6.235766453876906E-4, -9.7291601753378, 0.0, 0.1654565018298158, -9.563703673501946, 0.9873168064323884, 0.0, 0.12386764718586345, 1.1111844536284725, 6.615000000000004
2.5230460921843684E-4, 0.0729788959203398, 6.023328858297481E-5, 1.0651743082180507, -6.43665520042508E-4, 0.0, 2.7445227833094926E-6, -6.409209972594317E-4, -9.698282320479507, 0.0, 0.18105841259291813, -9.517223907880735, 0.987926837033482, 0.0, 0.13549352898991254, 1.1234203660331197, 6.615000000000003
2.5991983967935865E-4, 0.0751868959524587, 6.205129093893433E-5, 1.071049032998168, -6.612695360352203E-4, 0.0, 3.087308578290445E-6, -6.581822274571528E-4, -9.668172781635029, 0.0, 0.1959250596659466, -9.472247721963393, 0.9886487933743641, 0.0, 0.14617092028263037, 1.134819713666276, 6.615000000000003
2.675350701402805E-4, 0.07739519096239442, 6.386929329489386E-5, 1.0772103503521844, -6.788194924476628E-4, 0.0, 3.456493212805988E-6, -6.753629992350696E-4, -9.638806855893485, 0.0, 0.21010842749529787, -9.42869842839267, 0.9894537280064166, 0.0, 0.1559901957990921, 1.1454439238143583, 6.615000000000002
2.751503006012024E-4, 0.07960372568632153, 6.568729565085339E-5, 1.0836419202457506, -6.963167192656572E-4, 0.0, 3.850879586369906E-6, -6.924658396794903E-4, -9.610160565229712, 0.0, 0.2236576721198149, -9.386502893104547, 0.9903172344163249, 0.0, 0.165033252462802, 1.155350486887569, 6.615000000000002
2.827655310621242E-4, 0.08181244763001737, 6.750529800681291E-5, 1.0903266017408695, -7.137625035286829E-4, 0.0, 4.26935747876435E-6, -7.094931460501118E-4, -9.582210639165137, 0.0, 0.23661923373089722, -9.34559140542905, 0.9912187745772769, 0.0, 0.1733744573233704, 1.1645932319087007, 6.615000000000002
2.9038076152304603E-4, 0.08402130702320634, 6.932330036277243E-5, 1.0972465933536149, -7.311580906006766E-4, 0.0, 4.710898712597878E-6, -7.264471918882628E-4, -9.55493449774641, 0.0, 0.24903694614615046, -9.305897551595235, 0.9921411142698694, 0.0, 0.18108145804986103, 1.173222572327412, 6.615000000000003
2.979959919839679E-4, 0.08623025677190489, 7.114130271873196E-5, 1.1043835647207532, -7.485046854101763E-4, 0.0, 5.174552512123108E-6, -7.433301328982285E-4, -9.528310234837583, 0.0, 0.2609521432519001, -9.267358091580807, 0.9930698468500426, 0.0, 0.18821588014772983, 1.181285727005113, 6.615000000000002
3.056112224448897E-4, 0.08843925240890527, 7.295930507469149E-5, 1.1117187799081902, -7.658034536603683E-4, 0.0, 5.659441052853502E-6, -7.601440126076811E-4, -9.502316601721635, 0.0, 0.27240376246930004, -9.229912839247612, 0.9939929899936817, 0.0, 0.19483393025859447, 1.188826920259277, 6.615000000000002
3.1322645290581154E-4, 0.09064825204253249, 7.477730743065101E-5, 1.1192332126854736, -7.830555230096024E-4, 0.0, 6.164755196617119E-6, -7.768907678131431E-4, -9.476932991007386, 0.0, 0.28342844529818656, -9.193504545704632, 0.9949006429572154, 0.0, 0.20098692114549685, 1.19588756410939, 6.615000000000002
3.2084168336673336E-4, 0.09285721630380539, 7.659530978661053E-5, 1.1269076540821252, -8.002619842229231E-4, 0.0, 6.689750406783508E-6, -7.935722338162897E-4, -9.45213942083759, 0.0, 0.2940606349922575, -9.158078785840912, 0.9957846942603193, 0.0, 0.20672173101209587, 1.202506425278794, 6.615000000000001
3.2845691382765523E-4, 0.09506610829212851, 7.841331214257006E-5, 1.1347228125332012, -8.174238922951649E-4, 0.0, 7.233742838497361E-6, -8.101901494568094E-4, -9.42791651939426, 0.0, 0.3043326714185519, -9.123583847971439, 0.9966385715695727, 0.0, 0.21208120746629514, 1.2087197790419462, 6.615000000000001
3.360721442885771E-4, 0.09727489351963912, 8.02313144985296E-5, 1.1426594069132814, -8.345422675461383E-4, 0.0, 7.796105598846542E-6, -8.267461619474258E-4, -9.404245509697223, 0.0, 0.3142748831536757, -9.089970626539419, 0.9974570270527259, 0.0, 0.21710452457766827, 1.2145615516361938, 6.615000000000002
3.4368737474949887E-4, 0.09948353985432846, 8.20493168544891E-5, 1.1506982527500478, -8.516180966884514E-4, 0.0, 8.376265171989412E-6, -8.432418315165889E-4, -9.381108194691913, 0.0, 0.32391567686859524, -9.057192517819335, 0.9982359526671549, 0.0, 0.22182749998780107, 1.2200634526604863, 6.615000000000001
3.5130260521042074E-4, 0.10169201746205571, 8.386731921044863E-5, 1.158820341900683, -8.686523338684761E-4, 0.0, 8.973698004357508E-6, -8.596786358642387E-4, -9.358486942622527, 0.0, 0.3332816240533135, -9.025205318565364, 0.9989722208063517, 0.0, 0.22628287783323023, 1.2252550986448634, 6.615000000000001
3.589178356713426E-4, 0.10390029874756565, 8.568532156640816E-5, 1.1670069159665741, -8.856459016809802E-4, 0.0, 9.587927245144853E-6, -8.760579744359481E-4, -9.33636467268654, 0.0, 0.34239754513210235, -8.993967127550723, 0.9996635465059793, 0.0, 0.23050058226998624, 1.2301641287809961, 6.615000000000002
3.665330661322644E-4, 0.10610835829462226, 8.750332392236767E-5, 1.1752395337141506, -9.025996921579313E-4, 0.0, 1.021851963738469E-5, -8.923811725206526E-4, -9.314724840966905, 0.0, 0.3512865910194736, -8.963438249943849, 1.000308368042517, 0.0, 0.2345079455996666, 1.2348163136469785, 6.615000000000001
3.7414829659318625E-4, 0.10831617280536371, 8.93213262783272E-5, 1.1835001327622412, -9.195145677319777E-4, 0.0, 1.086508255500632E-5, -9.086494851770712E-4, -9.293551426637922, 0.0, 0.3599703221664751, -8.933581104468, 1.0009057432741124, 0.0, 0.2383299143522149, 1.2392356576308918, 6.615000000000001
3.817635270541081E-4, 0.11052372103898234, 9.113932863428673E-5, 1.1917710857889559, -9.363913621750945E-4, 0.0, 1.152726118135457E-5, -9.248641009938332E-4, -9.2728289184411, 0.0, 0.3684687851463263, -8.904360133291451, 1.0014552594963564, 0.0, 0.24198923615151394, 1.243444495652216, 6.615000000000001
3.8937875751503E-4, 0.11273098374983012, 9.295733099024626E-5, 1.2000352515038855, -9.532308815128858E-4, 0.0, 1.2204735824741765E-5, -9.410261456882315E-4, -9.252542301427205, 0.0, 0.37680058682790735, -8.875741714596103, 1.001956954934893, 0.0, 0.24550662975396376, 1.2474635846929933, 6.615000000000001
3.9699398797595175E-4, 0.11493794362504697, 9.477533334620577E-5, 1.2082760206243806, -9.700339049150254E-4, 0.0, 1.2897219366691015E-5, -9.571366855484165E-4, -9.232677043960798, 0.0, 0.3849829661849892, -8.847694077772735, 1.0024112502853295, 0.0, 0.24890094028929935, 1.251312190578568, 6.615000000000001
4.0460921843687357E-4, 0.11714458522180538, 9.65933357021653E-5, 1.2164773570876724, -9.868011855623054E-4, 0.0, 1.3604454838616102E-5, -9.731967307237655E-4, -9.21321908498354, 0.0, 0.3930318637886179, -8.820187221191977, 1.002818888950768, 0.0, 0.25218928143320657, 1.2550081703877096, 6.615000000000003
4.1222444889779544E-4, 0.11935089490426251, 9.841133805812483E-5, 1.2246238347238283, -0.0010035334514907604, 0.0, 1.4326213122767313E-5, -9.892072383680644E-4, -9.194154821532642, 0.0, 0.4009619890294713, -8.79319283250034, 1.0031808848271466, 0.0, 0.25538716599123756, 1.2585680508219388, 6.615000000000002
4.198396793587173E-4, 0.12155686078030827, 1.0022934041408436E-4, 1.232700669607854, -0.0010202314064133341, 0.0, 1.5062290773360568E-5, -0.0010051691156400398, -9.17547109651077, 0.0, 0.40878688511646, -8.7666842113916, 1.003498476653952, 0.0, 0.25850862616421416, 1.262007102821538, 6.615000000000004
4.274549098196392E-4, 0.12376247263819325, 1.020473427700439E-4, 1.240693748302666, -0.0010368957305195328, 0.0, 1.581250795388611E-5, -0.001021083222565708, -9.157155186703898, 0.0, 0.416518991897367, -8.740636194803935, 1.0037730880881293, 0.0, 0.26156632458962126, 1.265339412680946, 6.615000000000002
4.3507014028056095E-4, 0.12596772188312, 1.038653451260034E-4, 1.2485896521983242, -0.0010535270812535213, 0.0, 1.65767064866809E-5, -0.0010369503747668966, -9.139194791043472, 0.0, 0.42416970654667685, -8.715025084494314, 1.0040062927775413, 0.0, 0.26457165710515235, 1.268577949885714, 6.615000000000003
4.426853707414828E-4, 0.1281726014738756, 1.0568334748196293E-4, 1.2563756781464925, -0.0010701260940710943, 0.0, 1.7354748010925962E-5, -0.0010527713460602205, -9.121578019109386, 0.0, 0.43174944216532546, -8.689828576941684, 1.0041997838101664, 0.0, 0.26753484805542643, 1.2717346318684621, 6.615000000000003
4.503006012024047E-4, 0.13037710585958287, 1.0750134983792247E-4, 1.2640398555830568, -0.0010866933831759696, 0.0, 1.8146512245314195E-5, -0.0010685468709307037, -9.104293379870269, 0.0, 0.4392676843364743, -8.665025695531533, 1.0043553470001774, 0.0, 0.27046503885645656, 1.274820385859346, 6.615000000000002
4.5791583166332657E-4, 0.1325812309166426, 1.09319352193882E-4, 1.2715709603256957, -0.001103229542235818, 0.0, 1.8951895351711404E-5, -0.0010842776468841502, -9.08732977065766, 0.0, 0.4467330456809399, -8.640596724974566, 1.0044748375438104, 0.0, 0.2733703704420719, 1.2778452079884364, 6.615000000000002
4.6553106212424833E-4, 0.1347849738859397, 1.111373545498415E-4, 1.2789585252272877, -0.0011197351450784588, 0.0, 1.9770808396214192E-5, -0.0010999643366822846, -9.070676466370527, 0.0, 0.454153318455364, -8.616523147913114, 1.004560159639802, 0.0, 0.2762580601392447, 1.2808182197814555, 6.615000000000002
4.731462925851702E-4, 0.13698833331037924, 1.1295535690580103E-4, 1.2861928478602753, -0.0011362107463686408, 0.0, 2.0603175904083718E-5, -0.0011156075704645942, -9.054323108906864, 0.0, 0.46153552523569263, -8.59278758366923, 1.0046132487214154, 0.0, 0.27913447345321096, 1.283747722176897, 6.615000000000004
4.8076152304609197E-4, 0.13919130897281912, 1.1477335926176054E-4, 1.2932649954013582, -0.0011526568822658077, 0.0, 2.1448934505113994E-5, -0.0011312079477607268, -9.038259696818896, 0.0, 0.4688859677279847, -8.569373729089072, 1.0046360559922904, 0.0, 0.282005191186488, 1.2866412471809079, 6.615000000000003
4.883767535070138E-4, 0.1413939018344625, 1.1659136161772007E-4, 1.3001668068803849, -0.0011690740710632603, 0.0, 2.23080316660683E-5, -0.0011467660393972223, -9.022476575188605, 0.0, 0.4762102737481058, -8.546266301438758, 1.0046305349969842, 0.0, 0.28487507226712555, 1.2895056072661102, 6.615000000000003
4.959919839679357E-4, 0.14359611397376862, 1.184093639736796E-4, 1.3068908929517946, -0.0011854628138091119, 0.0, 2.3180424506889647E-5, -0.0011622823893022495, -9.006964425720247, 0.0, 0.4835134424112878, -8.523450983307312, 1.0045986299906189, 0.0, 0.28774831261933775, 1.2923469426118335, 6.615000000000005
5.036072144288576E-4, 0.1457979485259431, 1.2022736632963914E-4, 1.3134306333416779, -0.0012018235949094222, 0.0, 2.4066078697471723E-5, -0.0011777575162119744, -8.991714257046608, 0.0, 0.49079988757206766, -8.500914369472993, 1.0045422659006262, 0.0, 0.29062850037318816, 1.2951707662755623, 6.615000000000004
5.112224448897794E-4, 0.14799940962305919, 1.2204536868559867E-4, 1.3197801721182454, -0.0012181568827139026, 0.0, 2.496496743184113E-5, -0.0011931919152820827, -8.97671739524571, 0.0, 0.4980734795545864, -8.478643915689673, 1.0044633396988418, 0.0, 0.2935186676784108, 1.2979820073788773, 6.615000000000003
5.188376753507012E-4, 0.1502005023348658, 1.2386337104155817E-4, 1.3259344109284443, -0.001234463130084571, 0.0, 2.587707047668396E-5, -0.0012085860596079058, -8.961965474564842, 0.0, 0.5053375852126952, -8.456627889350786, 1.0043637130235397, 0.0, 0.29642133935982096, 1.3007850523848743, 6.615000000000005
5.26452905811623E-4, 0.15240123261033178, 1.256813733975177E-4, 1.3318890003383805, -0.001250742774947726, 0.0, 2.6802373291210895E-5, -0.0012239404016565307, -8.947450428348592, 0.0, 0.5125951063589282, -8.434855321988397, 1.0042452059101998, 0.0, 0.29933857862798396, 1.303583784539575, 6.615000000000004
5.34068136272545E-4, 0.1546016072199742, 1.2749937575347724E-4, 1.3376403294104202, -0.0012669962408296109, 0.0, 2.7740866215433836E-5, -0.0012392553746141918, -8.933164480167884, 0.0, 0.5198485166007083, -8.413315963566001, 1.0041095915058067, 0.0, 0.30227203003757885, 1.3063816215446773, 6.615000000000004
5.416833667334668E-4, 0.15680163369901773, 1.2931737810943677E-4, 1.3431855136448696, -0.0012832239373761374, 0.0, 2.86925437239915E-5, -0.0012545313936521579, -8.919100135146792, 0.0, 0.5270998966218329, -8.39200023852387, 1.0039585916562657, 0.0, 0.3052229598677487, 1.309181551525195, 6.615000000000004
5.492985971943886E-4, 0.15900132029142677, 1.3113538046539627E-4, 1.3485223814097043, -0.0012994262608570061, 0.0, 2.9657403742731987E-5, -0.0012697688571142844, -8.905250171484084, 0.0, 0.5343509679466935, -8.370899203536386, 1.00379387326855, 0.0, 0.3081922940824886, 1.311986167352122, 6.615000000000004
5.569138276553104E-4, 0.16120067589485454, 1.329533828213558E-4, 1.353649458977031, -0.0013156035946546025, 0.0, 3.063544702532865E-5, -0.0012849681476292821, -8.891607632166409, 0.0, 0.5416031252241994, -8.350004506941293, 1.0036170453608022, 0.0, 0.31118065401493145, 1.3147976993767114, 6.615000000000004
5.645290581162322E-4, 0.16339971000654507, 1.3477138517731534E-4, 1.3585659542805455, -0.0013317563097379876, 0.0, 3.1626676587268435E-5, -0.0013001296331507264, -8.878165816870151, 0.0, 0.548857467067954, -8.329308349801359, 1.0034296567226224, 0.0, 0.3141883899069677, 1.317618046630482, 6.615000000000004
5.721442885771542E-4, 0.16559843267022797, 1.3658938753327487E-4, 1.3632717395039817, -0.0013478847651223445, 0.0, 3.2631097194623165E-5, -0.0013152536679277268, -8.864918274048845, 0.0, 0.5561148254886092, -8.308803448559482, 1.003233194116885, 0.0, 0.31721561242438917, 1.3204488065420672, 6.615000000000005
5.797595190380759E-4, 0.16779685442403905, 1.3840738988923437E-4, 1.3677673326060917, -0.001363989308314196, 0.0, 3.364871490507858E-5, -0.0013303405934091217, -8.85185879320336, 0.0, 0.5633757939539816, -8.288482999248703, 1.0030290809612974, 0.0, 0.320262222258083, 1.3232913032200866, 6.6150000000000055
5.873747494989978E-4, 0.16999498624950013, 1.402253922451939E-4, 1.3720538778837361, -0.0013800702757427441, 0.0, 3.467953665875196E-5, -0.0013453907390839949, -8.838981397331652, 0.0, 0.5706407541119562, -8.268340643219096, 1.0028186764352627, 0.0, 0.32332793791307296, 1.3261466143489555, 6.615000000000004
5.949899799599196E-4, 0.17219283952158984, 1.4204339460115344E-4, 1.37613312567037, -0.0013961279931776367, 0.0, 3.572356991640654E-5, -0.0013604044232612324, -8.82628033555547, 0.0, 0.5779099012107234, -8.248370434344233, 1.0026032749626623, 0.0, 0.32641232177934265, 1.329015596742534, 6.6150000000000055
6.026052104208414E-4, 0.17439042595993245, 1.4386139695711294E-4, 1.3800074112634126, -0.0014121627761334939, 0.0, 3.6780822342718054E-5, -0.0013753819537907774, -8.813750075920881, 0.0, 0.585183268250474, -8.228566807669965, 1.0023841060270293, 0.0, 0.32951480457162535, 1.3318989105991093, 6.615000000000004
6.102204408817632E-4, 0.17658775758113365, 1.4567939931307247E-4, 1.3836796331700347, -0.0014281749302614934, 0.0, 3.785130153232522E-5, -0.0013903236287291685, -8.801385298369919, 0.0, 0.5924607489000671, -8.208924549469478, 1.002162334279722, 0.0, 0.33263470821890784, 1.3347970424990059, 6.615000000000005
6.178356713426852E-4, 0.17878484665228675, 1.47497401669032E-4, 1.3871532307570515, -0.0014441647517283414, 0.0, 3.8935014776442296E-5, -0.001405229736951899, -8.789180887880455, 0.0, 0.5997421192119812, -8.189438768668174, 1.0019390599060722, 0.0, 0.3357712672792251, 1.3377103271855983, 6.615000000000004
6.25450901803607E-4, 0.18098170564567273, 1.4931540402499154E-4, 1.3904321613870045, -0.0014601325275829145, 0.0, 4.003196886788351E-5, -0.0014201005587150303, -8.77713192777155, 0.0, 0.6070270581680013, -8.170104869603318, 1.0017153192179575, 0.0, 0.3389236489498661, 1.3406389681680493, 6.615000000000004
6.330661322645288E-4, 0.18317834719467632, 1.5113340638095104E-4, 1.39352087711897, -0.001476078536110885, 0.0, 4.114216994240068E-5, -0.0014349363661684833, -8.765233693171453, 0.0, 0.6143151670880483, -8.150918526083245, 1.001492085444563, 0.0, 0.3420909717390956, 1.3435830571838114, 6.615000000000004
6.406813627254506E-4, 0.18537478405093652, 1.5295140873691058E-4, 1.396424301048774, -0.0014920030471776134, 0.0, 4.226562335429664E-5, -0.0014497374238233154, -8.753481644645591, 0.0, 0.6216059879337765, -8.131875656711713, 1.001270269695946, 0.0, 0.3452723228611187, 1.3465425925571568, 6.615000000000005
6.482965931863726E-4, 0.1875710290427498, 1.547694110928701E-4, 1.399147803360423, -0.0015079063225595997, 0.0, 4.340233358433406E-5, -0.0014645039889752648, -8.741871421981783, 0.0, 0.628899020538295, -8.112972401443468, 1.0010507220766016, 0.0, 0.34846677441253915, 1.3495174964891556, 6.615000000000005
6.559118236472944E-4, 0.18976709503474198, 1.5658741344882964E-4, 1.401697177156689, -0.0015237886162647795, 0.0, 4.455230417801536E-5, -0.0014792363120867628, -8.730398838130006, 0.0, 0.6361937387927074, -8.094205099337348, 1.0008342329286088, 0.0, 0.3516733983850516, 1.3525076313136006, 6.615000000000005
6.635270541082161E-4, 0.19196299488882296, 1.5840541580478914E-4, 1.4040786141338233, -0.0015396501748419392, 0.0, 4.571553771236368E-5, -0.0014939346371295745, -8.719059873294096, 0.0, 0.6434896058200775, -8.075570267474122, 1.0006215341858513, 0.0, 0.3548912805664688, 1.3555128147522093, 6.6150000000000055
6.711422845691381E-4, 0.19415874142643763, 1.602234181607487E-4, 1.4062986801622166, -0.0015554912376795277, 0.0, 4.6892035789393365E-5, -0.001508599201890134, -8.707850669172702, 0.0, 0.6507860881665019, -8.057064581006367, 1.00041330082285, 0.0, 0.35811953337893887, 1.3585328342016192, 6.6150000000000055
6.787575150300598E-4, 0.1963543473921226, 1.620414205167082E-4, 1.4083642908315477, -0.0015713120372941273, 0.0, 4.808179905450783E-5, -0.0015232302382396186, -8.69676752334697, 0.0, 0.6580826690389231, -8.038684854308272, 1.000210152383218, 0.0, 0.3613573077011404, 1.3615674600841285, 6.615000000000004
6.863727454909818E-4, 0.19854982541838015, 1.6385942287266774E-4, 1.4102826870161844, -0.00158711279960886, 0.0, 4.9284827238121534E-5, -0.0015378279723707383, -8.685806883812328, 0.0, 0.665378860618605, -8.02042802319401, 1.0000126545744092, 0.0, 0.3646038037186432, 1.3646164582927658, 6.615000000000005
6.939879759519035E-4, 0.20074518799187568, 1.6567742522862725E-4, 1.4120614105134495, -0.0016028937442219757, 0.0, 5.0501119218845E-5, -0.0015523926250031314, -8.674965343651866, 0.0, 0.6726742154790034, -8.002291128173207, 0.9998213209166815, 0.0, 0.3678582808448445, 1.3676796017611872, 6.615000000000004
7.016032064128255E-4, 0.2029404474209661, 1.674954275845868E-4, 1.413708279804771, -0.0016186550846658888, 0.0, 5.173067310664029E-5, -0.0015669244115592493, -8.664239635848766, 0.0, 0.679968337135934, -7.984271298713229, 0.999636614435452, 0.0, 0.3711200667524586, 1.3707566811875187, 6.615000000000004
7.092184368737472E-4, 0.20513561580456402, 1.693134299405463E-4, 1.4152313659868763, -0.0016343970286568973, 0.0, 5.29734863443838E-5, -0.0015814235423125154, -8.653626628235353, 0.0, 0.6872608897580595, -7.966365738477752, 0.9994589493872187, 0.0, 0.37438856555444966, 1.3738475149412193, 6.615000000000004
7.168336673346691E-4, 0.20733070500234121, 1.7113143229650584E-4, 1.4166389689171905, -0.0016501197783358591, 0.0, 5.422955582634501E-5, -0.001595890222509517, -8.643123318576244, 0.0, 0.6945516070646657, -7.94857171151209, 0.9992886930104251, 0.0, 0.37766326517089976, 1.376951958180831, 6.615000000000004
7.244488977955908E-4, 0.209525726606273, 1.7294943465246535E-4, 1.4179395936156958, -0.001665823530500033, 0.0, 5.549887803211724E-5, -0.0016103246524679195, -8.632726829783223, 0.0, 0.701840300437813, -7.93088652934598, 0.999126167293267, 0.0, 0.38094374391746416, 1.3800699112101833, 6.615000000000003
7.320641282565129E-4, 0.21172069191352563, 1.747674370084249E-4, 1.4191419269623402, -0.001681508476826348, 0.0, 5.678144917461053E-5, -0.0016247270276517423, -8.622434405259414, 0.0, 0.7091268662750561, -7.913307538984981, 0.998971650751399, 0.0, 0.3842296763490328, 1.3832013270998373, 6.615000000000003
7.396793587174346E-4, 0.21391561190068423, 1.765854393643844E-4, 1.4202548147267262, -0.0016971748040863182, 0.0, 5.8077265360728996E-5, -0.0016390975387255953, -8.612243404370306, 0.0, 0.7164112926089797, -7.895832111761995, 0.9988253802093462, 0.0, 0.38752083839159424, 1.3863462186003064, 6.615000000000005
7.472945891783564E-4, 0.2161104971993222, 1.7840344172034392E-4, 1.421287238964794, -0.001712822694352845, 0.0, 5.938632276345138E-5, -0.0016534363715894015, -8.602151298039468, 0.0, 0.723693665018772, -7.878457633021416, 0.9986875525796691, 0.0, 0.39081711179317713, 1.3895046643721696, 6.615000000000005
7.549098196392783E-4, 0.21830535807290594, 1.8022144407630347E-4, 1.4222482958146005, -0.001728452325199115, 0.0, 6.070861780401713E-5, -0.001667743707395106, -8.592155664466414, 0.0, 0.7309741718594224, -7.861181492607766, 0.9985583266350551, 0.0, 0.3941184879247522, 1.3926768145590789, 6.615000000000005
7.625250501002001E-4, 0.2205002043950328, 1.8203944643226298E-4, 1.4231471737208068, -0.0017440638698898272, 0.0, 6.20441473430332E-5, -0.0016820197225468046, -8.58225418496445, 0.0, 0.7382531088327536, -7.84400107613252, 0.9984378247686951, 0.0, 0.3974250709595455, 1.3958628957274748, 6.615000000000004
7.70140280561122E-4, 0.22269504562899556, 1.838574487882225E-4, 1.4239931321161787, -0.0017596574975649623, 0.0, 6.339290887929853E-5, -0.0016962645886856754, -8.57244463991621, 0.0, 0.7455308829250591, -7.826913756992008, 0.9983261347388653, 0.0, 0.40073708045955175, 1.3990632151976226, 6.615000000000003
7.777555110220437E-4, 0.224889890808668, 1.8567545114418202E-4, 1.4247954805849932, -0.0017752333734162994, 0.0, 6.475490075524006E-5, -0.0017104784726610725, -8.562724904844622, 0.0, 0.7528080157349553, -7.809916889110568, 0.9982233113941669, 0.0, 0.40405485339603014, 1.4022781647893665, 6.615000000000003
7.853707414829657E-4, 0.22708474852070232, 1.8749345350014158E-4, 1.4255635585326476, -0.0017907916588568984, 0.0, 6.613012236785406E-5, -0.00172466153648906, -8.55309294659709, 0.0, 0.760085146215066, -7.793007800382976, 0.9981293783762243, 0.0, 0.40737884563052784, 1.4055082240058836, 6.615000000000004
7.929859719438874E-4, 0.2292796268880296, 1.8931145585610108E-4, 1.4263067153825564, -0.0018063325116837404, 0.0, 6.751857438412006E-5, -0.0017388139372996373, -8.543546819640714, 0.0, 0.7673630328505994, -7.776183786791105, 0.9980443297969886, 0.0, 0.41070963288180884, 1.408753962677896, 6.615000000000005
8.006012024048093E-4, 0.2314745335546557, 1.911294582120606E-4, 1.4270342913204097, -0.00182185608623374, 0.0, 6.892025895988245E-5, -0.001752935827273877, -8.53408466246635, 0.0, 0.7746425552974057, -7.759442107169973, 0.99796813188818, 0.0, 0.4140479112032728, 1.4120160430905246, 6.615000000000004
8.08216432865731E-4, 0.23366947567173785, 1.9294746056802012E-4, 1.427755598603212, -0.001837362533533308, 0.0, 7.033517996123345E-5, -0.0017670273535720954, -8.524704694099404, 0.0, 0.7819247155019449, -7.742779978598519, 0.9979007246206779, 0.0, 0.41739449699493286, 1.4152952216146606, 6.615000000000002
8.158316633266531E-4, 0.23586445988493346, 1.9476546292397968E-4, 1.428479903449858, -0.001852852001441675, 0.0, 7.176334318747637E-5, -0.0017810886582542212, -8.515405210715246, 0.0, 0.789210638324973, -7.7261945723913925, 0.9978420232919194, 0.0, 0.420750326573054, 1.4185923498639694, 6.615000000000004
8.234468937875748E-4, 0.23805949232300513, 1.9658346527993918E-4, 1.4292164085267611, -0.0018683246347881493, 0.0, 7.320475659479166E-5, -0.0017951198781933826, -8.5061845823571, 0.0, 0.796501571690363, -7.7096830106678915, 0.9977919200797342, 0.0, 0.4241164553198357, 1.4219083753985429, 6.615000000000003
8.310621242484967E-4, 0.24025457858767088, 1.9840146763589871E-4, 1.4299742360418954, -0.0018837805755035017, 0.0, 7.465943051975486E-5, -0.0018091211449837738, -8.49704124975443, 0.0, 0.8037988862802707, -7.69324236347535, 0.9977502855610602, 0.0, 0.42749405643512095, 1.4252443419951277, 6.615000000000005
8.386773547094185E-4, 0.24244972374468218, 2.0021946999185825E-4, 1.4307624114580308, -0.0018992199627456585, 0.0, 7.612737790190588E-5, -0.0018230925848437812, -8.4879737212397, 0.0, 0.8111040747972713, -7.6768696464436506, 0.9977169701944985, 0.0, 0.4308844193112112, 1.4286013895046286, 6.615000000000002
8.462925851703404E-4, 0.24464493231611575, 2.0203747234781775E-4, 1.4315898478348785, -0.001914642933019871, 0.0, 7.76086145045951E-5, -0.0018370343185153068, -8.47898056976153, 0.0, 0.818418750813795, -7.660561818948996, 0.9976918057654998, 0.0, 0.43428894755141856, 1.4319807533158102, 6.615000000000003
8.539078156312622E-4, 0.24684020827386205, 2.0385547470377728E-4, 1.4324653308079267, -0.0019300496202935447, 0.0, 7.910315913338447E-5, -0.0018509464611601934, -8.47006042999233, 0.0, 0.8257446472287905, -7.6443157827648385, 0.9976746067934257, 0.0, 0.4377091566522956, 1.4353837634445847, 6.615000000000004
8.61523046092184E-4, 0.2490355550342927, 2.056734770597368E-4, 1.4333975042108977, -0.0019454401561058974, 0.0, 8.061103385129367E-5, -0.001864829122254639, -8.46121199552826, 0.0, 0.8330836143511503, -7.628128381178422, 0.9976651718998681, 0.0, 0.44114667136904373, 1.4388118432677706, 6.615000000000002
8.691382765531059E-4, 0.25123097545408957, 2.0749147941569635E-4, 1.4343948563469096, -0.001960814669672604, 0.0, 8.213226419023643E-5, -0.0018786824054824068, -8.452434016179764, 0.0, 0.840437617629285, -7.6119963985518275, 0.9976632851375247, 0.0, 0.4446032227831743, 1.4422665079195403, 6.615000000000004
8.767535070140276E-4, 0.253426471827215, 2.0930948177165585E-4, 1.4354657069125094, -0.001976173287985598, 0.0, 8.366687935803354E-5, -0.001892506408627605, -8.443725295350724, 0.0, 0.8478087350450055, -7.595916560307103, 0.9976687172792678, 0.0, 0.4480806450901076, 1.445749362368184, 6.615000000000004
8.843687374749496E-4, 0.2556220458830062, 2.1112748412761538E-4, 1.4366181945768526, -0.0019915161359081884, 0.0, 8.521491244038008E-5, -0.0019063012234678519, -8.435084687504187, 0.0, 0.8551991541911117, -7.57988553331447, 0.9976812270672305, 0.0, 0.4515808721257025, 1.449262099191744, 6.615000000000002
8.919839679358713E-4, 0.25781769878536986, 2.129454864835749E-4, 1.437860265217765, -0.0020068433362656467, 0.0, 8.677640059724148E-5, -0.0019200669356684527, -8.426511095713048, 0.0, 0.8626111690497575, -7.563899926664727, 0.997700562421536, 0.0, 0.4551059336479506, 1.452806496068271, 6.615000000000003
8.995991983967933E-4, 0.26001343113305986, 2.1476348883953445E-4, 1.4391996608149613, -0.0020221550099314193, 0.0, 8.835138525311958E-5, -0.0019338036246783468, -8.418003469293627, 0.0, 0.8700471764899854, -7.547956292805108, 0.9977264616087305, 0.0, 0.4586579513916105, 1.456384412999094, 6.615000000000003
9.07214428857715E-4, 0.2622092429610117, 2.1658149119549395E-4, 1.4406439089996312, -0.0020374512759090972, 0.0, 8.993991228072359E-5, -0.0019475113636284245, -8.409560801520453, 0.0, 0.877509672501362, -7.532051129020578, 0.9977586543698163, 0.0, 0.4622391349116993, 1.459997789280262, 6.615000000000002
9.148296593186369E-4, 0.2644051337427177, 2.1839949355145348E-4, 1.442200313258233, -0.0020527322514103333, 0.0, 9.154203217755489E-5, -0.0019611902192328327, -8.401182127420372, 0.0, 0.885001248180852, -7.516180879241029, 0.9977968630081149, 0.0, 0.465851777232156, 1.46364864023901, 6.615000000000003
9.224448897795588E-4, 0.2666011023936122, 2.2021749590741302E-4, 1.4438759437879043, -0.0020679980519287826, 0.0, 9.315780023498983E-5, -0.00197484025169385, -8.392866521644295, 0.0, 0.8925245854893418, -7.500341936156497, 0.9978408034369031, 0.0, 0.4694982503149715, 1.467339053750592, 6.615000000000001
9.300601202404807E-4, 0.26879714727545, 2.2203549826337255E-4, 1.4456776289994528, -0.00208324879131028, 0.0, 9.478727669945075E-5, -0.0019884615146108886, -8.384613096414752, 0.0, 0.9000824527943612, -7.484530643621932, 0.9978901861873221, 0.0, 0.4731810003652698, 1.4710711865513155, 6.615000000000002
9.376753507014024E-4, 0.2709932662016515, 2.2385350061933205E-4, 1.4476119476631084, -0.002098484581819321, 0.0, 9.643052692529129E-5, -0.002002054054894091, -8.376420999547568, 0.0, 0.9076777002146582, -7.468743299334485, 0.9979447173765611, 0.0, 0.47690254298683543, 1.4748472603620957, 6.615000000000002
9.452905811623242E-4, 0.27318945644358816, 2.2567150297529156E-4, 1.4496852216914193, -0.002113705534202036, 0.0, 9.808762151904457E-5, -0.002015617912683056, -8.368289412545963, 0.0, 0.9153132547820194, -7.452976157765557, 0.9980040996369303, 0.0, 0.48066545820229784, 1.4786695578379003, 6.615000000000003
9.529058116232461E-4, 0.2753857147377867, 2.2748950533125112E-4, 1.4519035095528492, -0.0021289117577457514, 0.0, 9.975863647473377E-5, -0.0020291531212710857, -8.360217548765398, 0.0, 0.9229921154360176, -7.4372254333310055, 0.998068033005983, 0.0, 0.4844723853523215, 1.482540418356979, 6.615000000000005
9.60521042084168E-4, 0.2775820372940235, 2.2930750768721062E-4, 1.4542726003084778, -0.0021441033603352855, 0.0, 1.0144365329992517E-4, -0.0020426597070354303, -8.35220465164742, 0.0, 0.9307173478660189, -7.421487303783055, 0.9981362157783973, 0.0, 0.48832601788697405, 1.486462233664023, 6.615000000000005
9.681362725450898E-4, 0.27977841980428536, 2.3112551004317015E-4, 1.4567980082641747, -0.0021592804485060855, 0.0, 1.0314275913229095E-4, -0.0020561376893738687, -8.344249993021062, 0.0, 0.938492079215269, -7.40575791380746, 0.9982083453197369, 0.0, 0.49222909806262305, 1.4904374433810144, 6.615000000000004
9.757515030060115E-4, 0.2819748574525699, 2.3294351239912966E-4, 1.4594849682288433, -0.0021744431274943452, 0.0, 1.0485604684642259E-4, -0.0020695870806480003, -8.33635287146999, 0.0, 0.9463194926611347, -7.390033378810542, 0.9982841188429875, 0.0, 0.49618441155717885, 1.494468530398812, 6.615000000000004
9.833667334669335E-4, 0.28417134492549684, 2.3476151475508922E-4, 1.4623384313702743, -0.002189591501284209, 0.0, 1.0658361515068638E-4, -0.0020830078861336027, -8.328512610763884, 0.0, 0.9542028218850842, -7.374309788880499, 0.9983632341481792, 0.0, 0.5001947820158671, 1.4985580161626892, 6.615000000000005
9.909819639278552E-4, 0.28636787642370654, 2.3657951711104872E-4, 1.4653630616572089, -0.002204725672652182, 0.0, 1.0832556867394641E-4, -0.002096400103978318, -8.320728558352563, 0.0, 0.9621453454464896, -7.358583212907774, 0.9984453903257567, 0.0, 0.5042630655401562, 1.5027084558645605, 6.615000000000004
9.985971943887771E-4, 0.28856444567401524, 2.3839751946700826E-4, 1.468563232878542, -0.0022198457432088562, 0.0, 1.1008201804196642E-4, -0.002109763725166977, -8.31300008392115, 0.0, 0.9701503810727511, -7.342849702850084, 0.9985302884242703, 0.0, 0.508392145131036, 1.5069224335539866, 6.615000000000004
0.001006212424849699, 0.29076104594230145, 2.402155218229678E-4, 1.4719430262268864, -0.002234951813438071, 0.0, 1.1185307994338011E-4, -0.002123098733494781, -8.305326578004887, 0.0, 0.9782212798790298, -7.327105298127595, 0.9986176320831203, 0.0, 0.5125849250983728, 1.5112025571801304, 6.615000000000003
0.0010138276553106208, 0.29295767004709317, 2.4203352417892732E-4, 1.4755062284358338, -0.0022500439827335987, 0.0, 1.1363887718508082E-4, -0.0021364051055486103, -8.297707450662044, 0.0, 0.986361420529758, -7.311346030134042, 0.9987071281308343, 0.0, 0.5168443254472133, 1.5155514535766734, 6.615000000000003
0.0010214428857715427, 0.2951543103738307, 2.4385152653488682E-4, 1.4792563304586852, -0.002265122349433474, 0.0, 1.154395387369779E-4, -0.0021496828106965927, -8.290142130203453, 0.0, 0.9945742033544535, -7.295567926850756, 0.9987984871496727, 0.0, 0.521173276251943, 1.519971763400255, 6.615000000000003
0.0010290581162324644, 0.2973509588897736, 2.4566952889084633E-4, 1.4831965266749325, -0.00228018701085207, 0.0, 1.1725519976599251E-4, -0.0021629318110861777, -8.282630061977157, 0.0, 1.002863044429559, -7.279767017549381, 0.9988914240072994, 0.0, 0.5255747120287985, 1.524466136034724, 6.615000000000002
0.0010366733466933863, 0.29954760715952433, 2.474875312468059E-4, 1.487329714612857, -0.0022952380633100037, 0.0, 1.190860016593017E-4, -0.0021761520616508045, -8.27517070720687, 0.0, 1.0112313696375743, -7.263939337571058, 0.998985658355995, 0.0, 0.5300515661163065, 1.5290372244709542, 6.615000000000003
0.001044288577154308, 0.3017442463611402, 2.493055336027654E-4, 1.4916584951739216, -0.0023102756021619775, 0.0, 1.209320920367482E-4, -0.002189343510125336, -8.267763541882653, 0.0, 1.0196826087153854, -7.248080933169064, 0.9990809151003545, 0.0, 0.5346067650743168, 1.5336876801733033, 6.615000000000003
0.00105190380761523, 0.3039408673028028, 2.511235359587249E-4, 1.4961851733454, -0.0023252997218226666, 0.0, 1.2279362475243856E-4, -0.0022025060970703374, -8.260408055702577, 0.0, 1.02822018930163, -7.232187866402734, 0.9991769248340803, 0.0, 0.5392432231098945, 1.5384201479426223, 6.615000000000003
0.0010595190380761517, 0.3061374604400171, 2.529415383146844E-4, 1.5009117593873538, -0.0023403105157907035, 0.0, 1.2467075988552303E-4, -0.0022156397559052934, -8.253103751063902, 0.0, 1.0368475309952405, -7.216256220070473, 0.9992734242465621, 0.0, 0.5439638365408317, 1.5432372607860279, 6.615000000000003
0.0010671342685370736, 0.3083340158933108, 2.5475954067064396E-4, 1.505839970478821, -0.0023553080766708936, 0.0, 1.2656366372019995E-4, -0.0022287444129508098, -8.245850142102418, 0.0, 1.0455680394338371, -7.200282102670402, 0.9993701565001077, 0.0, 0.548771478303972, 1.5481416348027155, 6.615000000000002
0.0010747494989979953, 0.31053052346640264, 2.5657754302660347E-4, 1.5109712328099987, -0.002370292496194711, 0.0, 1.284725087149649E-4, -0.002241819987479866, -8.238646753778704, 0.0, 1.054385100403092, -7.184261653377432, 0.9994668715783877, 0.0, 0.5536689925181393, 1.5531358640951731, 6.615000000000002
0.0010823647294589173, 0.3127269726648126, 2.58395545382563E-4, 1.5163066841039419, -0.0023852638652391896, 0.0, 1.303974734612024E-4, -0.00225486639177811, -8.231493121009862, 0.0, 1.0633020739864696, -7.168191047025239, 0.9995633266070219, 0.0, 0.5586591891095468, 1.5582225157151974, 6.615000000000003
0.0010899799599198392, 0.3149233527148821, 2.6021354773852253E-4, 1.521847176553952, -0.002400222273844263, 0.0, 1.3233874263117036E-4, -0.0022678835312132167, -8.224388787845555, 0.0, 1.0723222887644939, -7.152066499082889, 0.9996592861469006, 0.0, 0.5637448385075539, 1.5634041246531032, 6.615000000000002
0.001097595190380761, 0.3171196525831757, 2.620315500944821E-4, 1.5275932801608976, -0.00241516781122865, 0.0, 1.342965069155095E-4, -0.0022808713043132697, -8.217333306686996, 0.0, 1.0814490360728377, -7.135884270615975, 0.9997545224610594, 0.0, 0.5689286664185519, 1.5686831888782875, 6.615000000000003
0.0011052104208416828, 0.3193158609962346, 2.638495524504416E-4, 1.5335452864552979, -0.0024301005658043675, 0.0, 1.3627096295035316E-4, -0.002293829602854146, -8.21032623754774, 0.0, 1.0906855643284077, -7.119640673221171, 0.9998488157558226, 0.0, 0.5742133486859395, 1.5740621644404247, 6.615000000000003
0.0011128256513026045, 0.32151196646065083, 2.656675548064011E-4, 1.539703212588391, -0.002445020625189919, 0.0, 1.382623132342028E-4, -0.0023067583119558534, -8.203367147354866, 0.0, 1.1000350734310986, -7.103332073925566, 0.9999419543970184, 0.0, 0.5796015062423686, 1.579543460638105, 6.615000000000001
0.0011204408817635267, 0.32370795728343515, 2.6748555716236066E-4, 1.5460668057772589, -0.0024599280762222656, 0.0, 1.402707660347048E-4, -0.0023196573101877003, -8.196455609289547, 0.0, 1.109500709250265, -7.086954900041077, 1.000033735101923, 0.0, 0.5850957001620096, 1.58512943526266, 6.615000000000004
0.0011280561122244484, 0.3259038215926441, 2.6930355951832016E-4, 1.552635548087481, -0.0024748230049676176, 0.0, 1.4229653528547763E-4, -0.0023325264696822815, -8.189591202165689, 0.0, 1.119085558203572, -7.070505643963919, 1.0001239631077223, 0.0, 0.59069842681923, 1.5908223899256746, 6.615000000000005
0.00113567134268537, 0.3280995473582432, 2.7112156187427967E-4, 1.5594086615389067, -0.0024897054967311476, 0.0, 1.4433984047316142E-4, -0.002345365656258132, -8.182773509845452, 0.0, 1.1287926419359813, -7.053980867911275, 1.0002124523172904, 0.0, 0.5964121131601383, 1.5966245654761613, 6.615000000000003
0.0011432865731462918, 0.3302951224131708, 2.729395642302392E-4, 1.5663851135171545, -0.0025045756360656556, 0.0, 1.464009065149319E-4, -0.0023581747295508717, -8.176002120690699, 0.0, 1.1386249121055856, -7.03737720858692, 1.0002990254227753, 0.0, 0.6022391120922359, 1.6025381375137453, 6.615000000000003
0.001150901803607214, 0.3324905344745758, 2.7475756658619873E-4, 1.5735636224772662, -0.0025194335067792845, 0.0, 1.4847996362658567E-4, -0.0023709535431528516, -8.169276627048882, 0.0, 1.1485852452850405, -7.020691381765678, 1.0003835140081287, 0.0, 0.6081816980000069, 1.6085652120068545, 6.615000000000002
0.0011585170340681356, 0.33468577116519943, 2.7657556894215824E-4, 1.5809426639216158, -0.0025342791919423175, 0.0, 1.5057724718151836E-4, -0.002383701944760955, -8.162596624772629, 0.0, 1.1586764379833765, -7.003920186791075, 1.0004657586308912, 0.0, 0.6142420623895966, 1.614707821019229, 6.615000000000004
0.0011661322645290574, 0.3368808200348723, 2.7839357129811774E-4, 1.5885204766384606, -0.0025491127738931415, 0.0, 1.5269299756069703E-4, -0.0023964197763326027, -8.155961712771694, 0.0, 1.1689012017967173, -6.987060510976818, 1.0005456088841789, 0.0, 0.6204223096703408, 1.620967918553246, 6.615000000000003
0.0011737474949899793, 0.3390756685820976, 2.802115736540773E-4, 1.5962950691844762, -0.002563934334243422, 0.0, 1.5482745999403466E-4, -0.002409106874249551, -8.149371492596286, 0.0, 1.179262158692459, -6.970109333905666, 1.0006229234395494, 0.0, 0.6267244530758809, 1.6273473765141775, 6.615000000000004
0.001181362725450901, 0.34127030427568894, 2.820295760100368E-4, 1.604264226595816, -0.002578743953882548, 0.0, 1.5698088439322503E-4, -0.002421763069489488, -8.142825568050718, 0.0, 1.1897618364346196, -6.953063731617915, 1.0006975700714211, 0.0, 0.6331504107320952, 1.6338479808022839, 6.615000000000003
0.0011889779559118231, 0.3434647145764388, 2.8384757836599637E-4, 1.6124255173130482, -0.0025935417129813996, 0.0, 1.591535251764516E-4, -0.0024343881878051174, -8.136323544836301, 0.0, 1.2004026641547085, -6.9359208806834065, 1.0007694256637192, 0.0, 0.6397020018744859, 1.6404714275369885, 6.615000000000004
0.0011965931863727448, 0.3456588869587847, 2.8566558072195587E-4, 1.6207763003037146, -0.002608327690995492, 0.0, 1.6134564108514268E-4, -0.0024469820499105227, -8.129865030222458, 0.0, 1.2111869680747993, -6.918678062149429, 1.0008383761995783, 0.0, 0.6463809432209207, 1.6472193194193354, 6.615000000000002
0.0012042084168336668, 0.3478528089324474, 2.8748358307791543E-4, 1.629313732368923, -0.0026231019666675534, 0.0, 1.6355749499314998E-4, -0.00245954447167458, -8.123449632745249, 0.0, 1.2221169673868917, -6.901332665360179, 1.0009043167344522, 0.0, 0.6531888455023745, 1.6540931622356188, 6.615000000000002
0.0012118236472945885, 0.3500464680640109, 2.8930158543387494E-4, 1.6380347756174434, -0.002637864618029568, 0.0, 1.6578935370849512E-4, -0.002472075264321252, -8.117076961931904, 0.0, 1.23319477029529, -6.88388219163837, 1.00096715135381, 0.0, 0.660127210157811, 1.6610943615104856, 6.615000000000004
0.0012194388777555104, 0.352239851998419, 2.9111958778983444E-4, 1.6469362050931373, -0.0026526157224043504, 0.0, 1.680414877681604E-4, -0.002484574234636372, -8.110746628050844, 0.0, 1.244422370224683, -6.866324257827911, 1.0010267931156183, 0.0, 0.6671974261942141, 1.668224219308709, 6.615000000000003
0.0012270541082164321, 0.35443294848035833, 2.9293759014579394E-4, 1.6560146165417675, -0.0026673553564066843, 0.0, 1.7031417122608558E-4, -0.0024970411851807832, -8.10445824188603, 0.0, 1.2558016421998903, -6.848656599687874, 1.0010831639784439, 0.0, 0.6744007672171992, 1.6754839311945395, 6.615000000000003
0.001234669338677354, 0.35662574537550146, 2.947555925017535E-4, 1.6652664343027375, -0.002682083595944072, 0.0, 1.7260768143476836E-4, -0.0025094759145094913, -8.098211414534697, 0.0, 1.2673343394015792, -6.830877075134824, 1.0011361947158914, 0.0, 0.6817383886352116, 1.6828745833500347, 6.615000000000002
0.001242284569138276, 0.35881823069158436, 2.9657359485771306E-4, 1.6746879193093795, -0.0026968005162171303, 0.0, 1.749222988207396E-4, -0.002521878217396583, -8.09200575722758, 0.0, 1.279022089900692, -6.812983667328548, 1.0011858248179228, 0.0, 0.6892113250392351, 1.6903971498561468, 6.615000000000003
0.001249899799599198, 0.3610103925992882, 2.9839159721367257E-4, 1.6842751771883127, -0.0027115061917197, 0.0, 1.7725830665429336E-4, -0.0025342478850656036, -8.085840881170821, 0.0, 1.2908663935775642, -6.7949744875949, 1.00123200237972, 0.0, 0.696820487762857, 1.6980524901415954, 6.615000000000005
0.0012575150300601196, 0.36320221945290276, 3.002095995696321E-4, 1.6940241664382323, -0.002726200696238662, 0.0, 1.7961599081378716E-4, -0.0025465847054250727, -8.07971639740857, 0.0, 1.3028686192264198, -6.776847778183859, 1.0012746839786646, 0.0, 0.70456666262251, 1.705841346600125, 6.615000000000002
0.0012651302605210415, 0.3653936998107434, 3.0202760192559163E-4, 1.7039307066827316, -0.002740884102853541, 0.0, 1.8199563954482038E-4, -0.0025588884633089204, -8.07363191670553, 0.0, 1.315030001851243, -6.758601914855993, 1.0013138345400563, 0.0, 0.7124505078430852, 1.7137643423820956, 6.615000000000004
0.0012727454909819632, 0.36758482245529567, 3.0384560428155114E-4, 1.713990486973322, -0.00275555648393589, 0.0, 1.8439754321470417E-4, -0.002571158940721393, -8.067587049448424, 0.0, 1.327351640154929, -6.740235409295159, 1.0013494271922623, 0.0, 0.7204725521697144, 1.7218219793609923, 6.615000000000003
0.001280360721442885, 0.3697755764130632, 3.0566360663751064E-4, 1.7241990741413953, -0.002770217911148557, 0.0, 1.8682199406252201E-4, -0.0025833959170862434, -8.06158140556582, 0.0, 1.3398344942241758, -6.721746911343286, 1.001381443111761, 0.0, 0.7286331931675013, 1.7300146362783024, 6.615000000000003
0.0012879759519038069, 0.3719659509740941, 3.0748160899347015E-4, 1.734551921177121, -0.0027848684554447564, 0.0, 1.8926928594518527E-4, -0.002595599169499783, -8.055614594465238, 0.0, 1.3524793834137985, -6.70313521105312, 1.0014098713586574, 0.0, 0.7369326957118857, 1.7383425670695525, 6.615000000000003
0.0012955911823647286, 0.3741559357111582, 3.0929961134942965E-4, 1.7450443756284715, -0.0027995081870671014, 0.0, 1.917397140798002E-4, -0.0026077684729875167, -8.04968622498697, 0.0, 1.3652869844320688, -6.684399240556487, 1.0014347087033424, 0.0, 0.7453711906705848, 1.7468058993730398, 6.615000000000004
0.0013032064128256507, 0.3763455204985574, 3.1111761370538927E-4, 1.7556716880057328, -0.0028141371755465395, 0.0, 1.9423357478275295E-4, -0.002619903600764002, -8.043795905373626, 0.0, 1.3782578296297299, -6.66553807574556, 1.0014559594448258, 0.0, 0.753948673778846, 1.755404633222702, 6.615000000000005
0.0013108216432865724, 0.37853469553053753, 3.1293561606134877E-4, 1.766429020181523, -0.0028287554897012393, 0.0, 1.967511652058558E-4, -0.0026320043244956047, -8.037943243254919, 0.0, 1.39139230549413, -6.646550937762355, 1.0014736352210747, 0.0, 0.7626650047087693, 1.7641386399289838, 6.615000000000003
0.0013184368737474944, 0.380723451339285, 3.147536184173083E-4, 1.7773114537735961, -0.0028433631976354868, 0.0, 1.9929278306999448E-4, -0.002644070414565715, -8.032127845646574, 0.0, 1.4046906513514819, -6.62743719429672, 1.001487754812335, 0.0, 0.7715199063347651, 1.7730076611461794, 6.615000000000002
0.001326052104208416, 0.38291177881248056, 3.165716207732678E-4, 1.7883139984999548, -0.0028579603667385676, 0.0, 2.0185872639651007E-4, -0.0026561016403422806, -8.026349318963044, 0.0, 1.4181529582771315, -6.608196360687497, 1.0014983439374505, 0.0, 0.7805129641947702, 1.7820113081313411, 6.615000000000003
0.001333667334669338, 0.3850996692103927, 3.1838962312922734E-4, 1.7994316004955078, -0.0028725470636837033, 0.0, 2.0444929323689152E-4, -0.002668097770447041, -8.020607269042971, 0.0, 1.431779168216296, -6.588828100828246, 1.0015054350441204, 0.0, 0.7896436261483624, 1.791149061191632, 6.615000000000005
0.0013412825651302597, 0.387287114182482, 3.2020762548518684E-4, 1.8106591505813456, -0.0028871233544270295, 0.0, 2.0706478140100528E-4, -0.0026800585730262587, -8.01490130118702, 0.0, 1.4455690733162108, -6.569332227872307, 1.001509067093203, 0.0, 0.7989112022325494, 1.800420269324987, 6.615000000000002
0.0013488977955911816, 0.38947410578350256, 3.2202562784114635E-4, 1.8219914924716796, -0.002901689304206669, 0.0, 2.097054881842974E-4, -0.0026919838160226013, -8.009231020207002, 0.0, 1.4595223154707995, -6.549708704737671, 1.0015092853380498, 0.0, 0.808314864715532, 1.8098241500528274, 6.615000000000003
0.0013565130260521036, 0.3916606364890737, 3.238436301971059E-4, 1.8334234309170183, -0.002916244977541889, 0.0, 2.123717100944174E-4, -0.0027038732674477105, -8.003596030486083, 0.0, 1.473638386077541, -6.52995764440997, 1.0015061410987969, 0.0, 0.8178536483473028, 1.819359789445407, 6.615000000000004
0.0013641282565130255, 0.3938466992107044, 3.2566163255306547E-4, 1.8449497397659587, -0.0029307904382323887, 0.0, 2.150637425775138E-4, -0.0027157266956551146, -7.9979959360490644, 0.0, 1.4879166260093086, -6.5100793100411725, 1.0014996915325058, 0.0, 0.8275264508096867, 1.829026142341511, 6.615000000000003
0.0013717434869739472, 0.39603228731024886, 3.2747963490902497E-4, 1.8565651699424037, -0.002945325749357717, 0.0, 2.1778187974475985E-4, -0.0027275438696131964, -7.992430340642255, 0.0, 1.5023562257985241, -6.49007411484512, 1.001489999399466, 0.0, 0.837332033362068, 1.838822032760876, 6.615000000000004
0.0013793587174348691, 0.39821739461377603, 3.292976372649845E-4, 1.868264457325497, -0.0029598509732768445, 0.0, 2.2052641409931348E-4, -0.002739324559177776, -7.986898847822366, 0.0, 1.5169562260369847, -6.469942621786831, 1.001477132825998, 0.0, 0.8472690216861778, 1.8487461545114705, 6.615000000000004
0.0013869739478957908, 0.400402015424832, 3.31115639620944E-4, 1.8800423305294254, -0.0029743661716279107, 0.0, 2.2329763626431366E-4, -0.0027510685353638498, -7.981401061053734, 0.0, 1.5317155179883377, -6.449685543066832, 1.0014611650643632, 0.0, 0.8573359069257456, 1.8587970719894358, 6.615000000000004
0.0013945891783567125, 0.40258614453707686, 3.329336419769035E-4, 1.8918935185671297, -0.002988871405328148, 0.0, 2.2609583471204216E-4, -0.0027627755706163557, -7.975936583813231, 0.0, 1.5466328444155484, -6.429303739399043, 1.0014421742501964, 0.0, 0.8675310469236414, 1.8689732211732273, 6.615000000000003
0.0014022044088176345, 0.4047697772462798, 3.3475164433286305E-4, 1.9038127584012428, -0.003003366734574002, 0.0, 2.2892129549493962E-4, -0.002774445439079314, -7.970505019702504, 0.0, 1.5617068006212835, -6.4087982190825805, 1.001420243157682, 0.0, 0.8778526676530528, 1.8792729108101267, 6.615000000000002
0.0014098196392785564, 0.4069529093616556, 3.365696466888226E-4, 1.915794802363504, -0.0030178522188414663, 0.0, 2.3177430197857276E-4, -0.0027860779168631424, -7.965105972566685, 0.0, 1.5769358357010952, -6.388170136866885, 1.0013954589531886, 0.0, 0.8882988648429921, 1.8896943237956263, 6.615000000000004
0.0014174348697394783, 0.4091355372165215, 3.383876490447821E-4, 1.9278344254458952, -0.0030323279168866456, 0.0, 2.346551345771796E-4, -0.0027976727823097163, -7.959739046619398, 0.0, 1.5923182540091783, -6.3674207926115285, 1.0013679129474027, 0.0, 0.8988676057967625, 1.9002355187435964, 6.615000000000004
0.0014250501002004, 0.4113176576782637, 3.402056514007416E-4, 1.9399264324496768, -0.0030467938867465285, 0.0, 2.375640704919791E-4, -0.0028092298162548093, -7.954403846573153, 0.0, 1.6078522168348357, -6.346551629739681, 1.0013377003466242, 0.0, 0.909556731401694, 1.9108944317477181, 6.615000000000004
0.001432665330661322, 0.41349926815759697, 3.420236537567012E-4, 1.9520656649917463, -0.0030612501857400364, 0.0, 2.4050138345276662E-4, -0.0028207488022875416, -7.94909997777475, 0.0, 1.6235357442896772, -6.325564233486395, 1.0013049200036326, 0.0, 0.9203639583293777, 1.9216688783324836, 6.615000000000003
0.0014402805611222437, 0.4156803666170969, 3.438416561126607E-4, 1.9642470083610806, -0.003075696870469284, 0.0, 2.4346734346313297E-4, -0.002832229527006406, -7.943827046345387, 0.0, 1.6393667174029531, -6.304460328943689, 1.0012696741680904, 0.0, 0.9312868814235679, 1.932556555591144, 6.615000000000005
0.0014478957915831656, 0.41786095157899905, 3.456596584686202E-4, 1.9764653982178668, -0.003090133996821133, 0.0, 2.464622165497144E-4, -0.002843671780271692, -7.938584659324785, 0.0, 1.6553428804249284, -6.283241778901066, 1.0012320682371978, 0.0, 0.9423229762752261, 1.9435550445120058, 6.6150000000000055
0.0014555110220440873, 0.4200410221322439, 3.474776608245797E-4, 1.9887158271328125, -0.00310456161996898, 0.0, 2.494862645157004E-4, -0.0028550753554535454, -7.9333724248187245, 0.0, 1.6714618433351482, -6.2619105814848055, 1.0011922105069495, 0.0, 0.9534696019816796, 1.954661812488166, 6.615000000000004
0.0014631262525050092, 0.4222205779387607, 3.4929566318053925E-4, 2.0009933509613274, -0.0031189797943748506, 0.0, 2.525397446992324E-4, -0.002866440049675892, -7.928189952149904, 0.0, 1.6877210845566075, -6.240468867594314, 1.0011502119240878, 0.0, 0.9647240040898427, 1.965874216013697, 6.615000000000003
0.0014707414829659312, 0.4243996192389699, 3.511136655364988E-4, 2.013293095051988, -0.0031333885737917337, 0.0, 2.5562290973682206E-4, -0.002877765664055188, -7.9230368520112755, 0.0, 1.70411795386939, -6.218918898143067, 1.0011061858392785, 0.0, 0.9760833177174978, 1.9771895035563813, 6.615000000000003
0.001478356713426853, 0.4265781468565021, 3.529316678924583E-4, 2.025610260277299, -0.0031477880112662196, 0.0, 2.587360073322706E-4, -0.0028890520039342284, -7.917912736621783, 0.0, 1.720649675526543, -6.197263061096242, 1.0010602477616428, 0.0, 0.9875445708548084, 1.9886048186162406, 6.615000000000004
0.0014859719438877748, 0.4287561622021137, 3.547496702484178E-4, 2.0379401288920023, -0.0031621781591414234, 0.0, 2.6187928003144786E-4, -0.0029002988791102416, -7.9128172198837845, 0.0, 1.737313351567538, -6.1755038683173336, 1.0010125151151765, 0.0, 0.9991046878411881, 2.000117202956027, 6.615000000000004
0.0014935871743486965, 0.43093366727679344, 3.565676726043773E-4, 2.0502780702117525, -0.003176559069060175, 0.0, 2.650529650033293E-4, -0.0029115061040571252, -7.907749917541981, 0.0, 1.7541059653250375, -6.153643952218053, 1.0009631069970197, 0.0, 1.0107604930129315, 2.011723600009626, 6.615000000000004
0.0015012024048096184, 0.4331106646740479, 3.583856749603369E-4, 2.0626195461109615, -0.00319093079196854, 0.0, 2.682572938273861E-4, -0.0029226734981414385, -7.902710447343185, 0.0, 1.7710243851284178, -6.131686062215807, 1.0009121439383588, 0.0, 1.0225087145255833, 2.0234208584636963, 6.615000000000003
0.0015088176352705401, 0.4352871575813584, 3.602036773162964E-4, 2.074960116336567, -0.0032052933781195666, 0.0, 2.714924922881701E-4, -0.002933800885831676, -7.897698429196918, 0.0, 1.7880653681931828, -6.109633061004693, 1.0008597476675134, 0.0, 1.0343459883386255, 2.035205736005958, 6.615000000000004
0.001516432865731462, 0.43746314978079853, 3.620216796722559E-4, 2.0872954436365037, -0.0032196468770774025, 0.0, 2.747587801768775E-4, -0.0029448880969008082, -7.892713485336088, 0.0, 1.8052255647020803, -6.087487920635023, 1.0008060408762662, 0.0, 1.0462688623697198, 2.0470749032457536, 6.615000000000004
0.001524048096192384, 0.43963864564880606, 3.6383968202821545E-4, 2.0996212986991365, -0.0032339913377216387, 0.0, 2.78056371100657E-4, -0.0029559349666212643, -7.887755240477714, 0.0, 1.8225015220668837, -6.065253718411711, 1.0007511469889645, 0.0, 1.058273800806139, 2.0590249477949993, 6.615000000000004
0.001531663326653306, 0.4418136501551009, 3.65657684384175E-4, 2.1119335649084174, -0.0032483268082519837, 0.0, 2.8138547229980364E-4, -0.0029669413359524736, -7.88282332198293, 0.0, 1.8398896893748193, -6.0429336326091105, 1.0006951899353311, 0.0, 1.0703571885777938, 2.0710523785129276, 6.615000000000003
0.0015392785571142276, 0.4439881688607435, 3.674756867401345E-4, 2.124228242908967, -0.003262653336193211, 0.0, 2.84746284473105E-4, -0.0029779070517203994, -7.877917360016634, 0.0, 1.8573864220108365, -6.020530938006608, 1.0006382939263734, 0.0, 1.0825153359831308, 2.083153629909493, 6.615000000000004
0.0015468937875751496, 0.4461622079153259, 3.69293689096094E-4, 2.136501454977905, -0.003276970968400401, 0.0, 2.881390016119343E-4, -0.0029888319667887475, -7.873036987705633, 0.0, 1.8749879864561128, -5.998049001250311, 1.000580583234494, 0.0, 1.0947444834674724, 2.0953250667019367, 6.615000000000005
0.0015545090180360713, 0.44833577405329283, 3.711116914520535E-4, 2.148749449211903, -0.0032912797510644696, 0.0, 2.915638108430391E-4, -0.002999715940221726, -7.868181841295519, 0.0, 1.8926905652576196, -5.975491276038572, 1.0005221819774637, 0.0, 1.1070408065495778, 2.1075629885271665, 6.615000000000004
0.0015621242484969932, 0.450508874589386, 3.729296938080131E-4, 2.1609686035222024, -0.0033055797297179825, 0.0, 2.950208922805486E-4, -0.0030105588374377203, -7.863351560305775, 0.0, 1.9104902621660376, -5.952861298140624, 1.0004632139066496, 0.0, 1.1194004208930939, 2.1198636347996254, 6.615000000000005
0.001569739478957915, 0.4526815174132074, 3.747476961639726E-4, 2.1731554294436597, -0.003319870949241234, 0.0, 2.98510418887703E-4, -0.0030213605303538384, -7.858545787683122, 0.0, 1.928383107435023, -5.930162680248913, 1.0004038021993713, 0.0, 1.131819387515346, 2.1322231897147215, 6.615000000000003
0.001577354709418837, 0.454853710982903, 3.7656569851993215E-4, 2.1853065757505776, -0.0033341534538686374, 0.0, 3.020325563479196E-4, -0.003032120897521012, -7.853764169952267, 0.0, 1.9463650632854157, -5.90739910666754, 1.0003440692562375, 0.0, 1.1442937181388992, 2.144637787395229, 6.615000000000003
0.0015849699398797587, 0.457025464317955, 3.7838370087589165E-4, 2.197418831891884, -0.0033484272871953415, 0.0, 3.0558746294642687E-4, -0.0030428398242492156, -7.849006357364203, 0.0, 1.9644320295220312, -5.8845743278427545, 1.000284136503058, 0.0, 1.156819380671022, 2.1571035171742925, 6.615000000000004
0.0015925851703406805, 0.4591967869910922, 3.8020170323185116E-4, 2.209489131234391, -0.003362692492184147, 0.0, 3.091752894618498E-4, -0.003053517202722604, -7.844272004041941, 0.0, 1.982579849303518, -5.861692154739131, 1.0002241241974945, 0.0, 1.1693923048139783, 2.169616429011571, 6.615000000000003
0.0016002004008016024, 0.4613676891193084, 3.820197055878107E-4, 2.221514554127566, -0.0033769491111726936, 0.0, 3.127961790686599E-4, -0.0030641529321043404, -7.839560768122738, 0.0, 2.0008043150612114, -5.838756453062158, 1.0001641512413249, 0.0, 1.182008387800436, 2.1821725390419338, 6.615000000000003
0.001607815631262524, 0.46353818135399194, 3.838377079437702E-4, 2.2334923307832675, -0.003391197185880844, 0.0, 3.1645026725048294E-4, -0.003074746918630664, -7.834872311897707, 0.0, 2.019101174560469, -5.8157711373378715, 1.0001043349971124, 0.0, 1.1946635002482804, 2.1947678352455484, 6.615000000000003
0.001615430861723446, 0.4657082748701691, 3.856557102997297E-4, 2.2454198439778867, -0.003405436757418406, 0.0, 3.2013768172437076E-4, -0.003085299075694339, -7.8302063019471655, 0.0, 2.037466137103759, -5.792740164844007, 1.0000447911112438, 0.0, 1.2073534921345939, 2.2073982832460235, 6.615000000000002
0.0016230460921843677, 0.46787798135485303, 3.8747371265568923E-4, 2.2572946315777553, -0.003419667866293018, 0.0, 3.2385854237673977E-4, -0.0030958093239165673, -7.8255624092731235, 0.0, 2.055894879864258, -5.769667529409162, 0.9999856333414445, 0.0, 1.2200741988764823, 2.2200598322183764, 6.615000000000004
0.0016306613226452897, 0.4700473129945146, 3.892917150116488E-4, 2.269114388888781, -0.0034338905524183157, 0.0, 3.276129612108322E-4, -0.0031062775912077843, -7.82094030942716, 0.0, 2.0743830543547594, -5.746557255072885, 0.9999269733907218, 0.0, 1.2328214475247015, 2.2327484209157107, 6.615000000000004
0.0016382765531062116, 0.47221628246166353, 3.9110971736760835E-4, 2.2808769708352212, -0.0034481048551223245, 0.0, 3.314010423058982E-4, -0.003116703812816737, -7.816339682634735, 0.0, 2.0929262930189254, -5.723413389616192, 0.9998689207465318, 0.0, 1.245591063057327, 2.2454599838042704, 6.615000000000004
0.0016458917835671335, 0.4743849029005497, 3.9292771972356785E-4, 2.292580393972461, -0.003462310813156048, 0.0, 3.3522288178872763E-4, -0.003127087931367616, -7.811760213914785, 0.0, 2.1115202159439557, -5.7002399979715115, 0.9998115825261706, 0.0, 1.2583788747716829, 2.258190457297925, 6.615000000000004
0.0016535070140280552, 0.47655318791198786, 3.9474572207952736E-4, 2.304222838336077, -0.003476508464702302, 0.0, 3.3907856781746637E-4, -0.0031374298968851544, -7.807201593195476, 0.0, 2.130160437689776, -5.677041155506093, 0.9997550633275997, 0.0, 1.271180722770525, 2.2709357860985393, 6.615000000000003
0.0016611222444889771, 0.47872115153731, 3.965637244354869E-4, 2.315802649126365, -0.0034906978473847458, 0.0, 3.4296818057757126E-4, -0.003147729666807496, -7.802663515424735, 0.0, 2.148842574229917, -5.653820941195229, 0.999699465086896, 0.0, 1.2839924645387433, 2.2836919296260385, 6.615000000000005
0.0016687374749498989, 0.4808888082414486, 3.983817267914464E-4, 2.327318338243657, -0.0035048789982770885, 0.0, 3.468917922910311E-4, -0.0031579872059863813, -7.7981456806763525, 0.0, 2.1675622499970535, -5.630583430679575, 0.9996448869414718, 0.0, 1.2968099816013958, 2.2964548685434045, 6.615000000000003
0.0016763527054108208, 0.48305617289515884, 4.0019972914740593E-4, 2.338768585662409, -0.00351905195391251, 0.0, 3.5084946723812333E-4, -0.0031682024866746886, -7.793647794251524, 0.0, 2.186315105027631, -5.607332689224464, 0.9995914250992075, 0.0, 1.3096291862600686, 2.309220611359459, 6.615000000000005
0.0016839679358717425, 0.4852232607563871, 4.0201773150336543E-4, 2.3501522406715925, -0.003533216750293253, 0.0, 3.548412617924042E-4, -0.003178375488501157, -7.789169566774763, 0.0, 2.205096802207165, -5.584072764567739, 0.9995391727144416, 0.0, 1.3224460284080655, 2.3219852011231326, 6.615000000000003
0.0016915831663326646, 0.48739008745078594, 4.0383573385932505E-4, 2.3614683229582756, -0.0035473734229003826, 0.0, 3.58867224468807E-4, -0.003188506198431878, -7.784710714285048, 0.0, 2.2239030346024204, -5.560807679682894, 0.9994882197699044, 0.0, 1.335256502411643, 2.3347447221820286, 6.615000000000005
0.0016991983967935863, 0.4895566689513964, 4.0565373621528455E-4, 2.3727160235529734, -0.0035615220067037154, 0.0, 3.6292739598529016E-4, -0.003198594610718735, -7.780270958321746, 0.0, 2.2427295328776125, -5.537541425444425, 0.9994386529650078, 0.0, 1.3480566540539822, 2.3474953070194617, 6.615000000000004
0.001706813627254508, 0.49172302155749176, 4.0747173857124406E-4, 2.3838947056598556, -0.003575662536171878, 0.0, 3.6702180933808796E-4, -0.0032086407268341185, -7.775850026005348, 0.0, 2.261572072791825, -5.514277953213817, 0.9993905556103363, 0.0, 1.3608425875396442, 2.360233143150493, 6.615000000000005
0.00171442885771543, 0.4938891618726055, 4.0928974092720356E-4, 2.395003905337372, -0.003589795045282536, 0.0, 3.711504898903762E-4, -0.003218644555392475, -7.77144765011208, 0.0, 2.2804264827719263, -5.4910211673403735, 0.9993440075293417, 0.0, 1.3736104725548781, 2.3729544800847693, 6.615000000000003
0.0017220440881763517, 0.4960551067817401, 4.1110774328316307E-4, 2.406043332072368, -0.0036039195675327397, 0.0, 3.753134554750915E-4, -0.0032286061120579664, -7.767063569143987, 0.0, 2.2992886515504174, -5.467774917593637, 0.9992990849654714, 0.0, 1.38635655137204, 2.3856556363382175, 6.615000000000004
0.0017296593186372736, 0.49822087342778115, 4.129257456391226E-4, 2.417012869220308, -0.003618036135949383, 0.0, 3.7951071651153576E-4, -0.003238525419438168, -7.7626975273927386, 0.0, 2.3181545358692786, -5.444542991523601, 0.999255860496458, 0.0, 1.3990771460007136, 2.3983330064978072, 6.615000000000005
0.0017372745490981953, 0.5003864791871127, 4.1474374799508213E-4, 2.427912574355119, -0.0036321447830997902, 0.0, 3.837422761360816E-4, -0.003248402506964021, -7.758349274997982, 0.0, 2.3370201682381153, -5.421329106759981, 0.999214402954938, 0.0, 1.4117686653736723, 2.410983068329248, 6.615000000000005
0.0017448897795591175, 0.5025519416444658, 4.165617503510417E-4, 2.438742679496187, -0.003646245541102393, 0.0, 3.8800813034692945E-4, -0.003258237410755796, -7.7540185680000615, 0.0, 2.3558816647470953, -5.398136903253054, 0.9991747773554754, 0.0, 1.4244276125688766, 2.4236023899250614, 6.615000000000004
0.0017525050100200392, 0.5047172785669892, 4.183797527070012E-4, 2.449503591238866, -0.0036603384416375117, 0.0, 3.923082681632456E-4, -0.0032680301734745888, -7.749705168386816, 0.0, 2.374735232922828, -5.374969935463803, 0.9991370448282951, 0.0, 1.437050592055453, 2.4361876368847044, 6.6150000000000055
0.001760120240480961, 0.5068825078775776, 4.2019775506296075E-4, 2.4601958907992163, -0.0036744235159581902, 0.0, 3.9664267179861153E-4, -0.0032777808441598823, -7.745408844134773, 0.0, 2.3935771796241947, -5.351831664511045, 0.9991012625592266, 0.0, 1.4496343169613988, 2.4487355795208807, 6.615000000000004
0.0017677354709418828, 0.5090476476274548, 4.2201575741892026E-4, 2.4708203339611323, -0.0036885007949011327, 0.0, 4.010113168486936E-4, -0.0032874894780527547, -7.7411293692441765, 0.0, 2.412403918973796, -5.328725450270252, 0.9990674837365691, 0.0, 1.462175616359437, 2.4612431000968824, 6.615000000000003
0.0017753507014028047, 0.5112127159680367, 4.2383375977487976E-4, 2.4813778509412963, -0.0037025703088976554, 0.0, 4.0541417249368057E-4, -0.003297156136404293, -7.736866523768794, 0.0, 2.431211980315108, -5.305654543453598, 0.9990357575036637, 0.0, 1.4746714425603589, 2.4737072000648612, 6.615000000000005
0.0017829659318637264, 0.513377731122088, 4.2565176213083927E-4, 2.491869546187896, -0.0037166320879847502, 0.0, 4.0985120171471766E-4, -0.0033067808862703406, -7.732620093838946, 0.0, 2.4499980161942685, -5.282622077644608, 0.9990061289189671, 0.0, 1.4871188784151201, 2.4861250073348806, 6.615000000000004
0.0017905811623246482, 0.5155427113541816, 4.2746976448679877E-4, 2.5022966980972043, -0.003730686161816131, 0.0, 4.1432236152544625E-4, -0.003316363800290998, -7.72838987167933, 0.0, 2.4687588103536267, -5.259631061325509, 0.9989786389217101, 0.0, 1.4995151446107096, 2.4984937835333474, 6.615000000000004
0.00179819639278557, 0.517707674940486, 4.2928776684275833E-4, 2.512660758676784, -0.0037447325596733122, 0.0, 4.188276032175924E-4, -0.0033259049564560153, -7.724175655620831, 0.0, 2.487491285740219, -5.236684369880244, 0.9989533243040758, 0.0, 1.5118576069659464, 2.510810931271079, 6.615000000000004
0.001805811623246492, 0.5198726401378927, 4.311057691987179E-4, 2.5229633531511304, -0.003758771310476732, 0.0, 4.233668726214407E-4, -0.0033354044378556182, -7.719977250106121, 0.0, 2.5061925125125546, -5.213784737593114, 0.9989302176900924, 0.0, 1.5241437837090899, 2.5230740014003925, 6.615000000000004
0.001813426853707414, 0.5220376251525073, 4.329237715546774E-4, 2.533206279501723, -0.0037728024427968803, 0.0, 4.279401103806504E-4, -0.00334486233241652, -7.715794465689602, 0.0, 2.5248597160509, -5.190934749638375, 0.9989093475205775, 0.0, 1.5363713527441916, 2.5352807002657665, 6.615000000000003
0.0018210420841683356, 0.524202648107512, 4.347417739106369E-4, 2.5433915079887335, -0.0037868259848653518, 0.0, 4.3254725224185395E-4, -0.0033542787326238215, -7.711627119031772, 0.0, 2.5434902849524588, -5.16813683407865, 0.9988907380438866, 0.0, 1.5485381588870075, 2.5474288969323013, 6.615000000000003
0.0018286573146292576, 0.5263677270104306, 4.3655977626659646E-4, 2.5535211806061966, -0.003800841964585998, 0.0, 4.3718822935848124E-4, -0.003363653735227834, -7.707475032887036, 0.0, 2.5620817790179897, -5.14539325386865, 0.9988744093137865, 0.0, 1.5606422210787327, 2.559516630393642, 6.615000000000003
0.0018362725450901793, 0.5285328797198087, 4.3837777862255596E-4, 2.5635976105298965, -0.0038148504095459577, 0.0, 4.41862968609339E-4, -0.0033729874409369337, -7.703338036086327, 0.0, 2.5806319372122886, -5.12270609887348, 0.9988603771926239, 0.0, 1.5726817395591732, 2.571542116753073, 6.615000000000004
0.0018438877755511012, 0.5306981239113342, 4.4019578097851547E-4, 2.573623281520817, -0.003828851347026687, 0.0, 4.465713929315922E-4, -0.0033822799540954044, -7.699215963513768, 0.0, 2.599138685601442, -5.100077277911997, 0.9988486533607872, 0.0, 1.5846551030034797, 2.583503756365299, 6.615000000000004
0.001851503006012023, 0.5328634770434066, 4.42013783334475E-4, 2.583600847322515, -0.00384284480401494, 0.0, 4.513134216679799E-4, -0.003391531382347267, -7.695108656077356, 0.0, 2.617600145252277, -5.077508510824833, 0.9988392453323873, 0.0, 1.5965608956086348, 2.5954001409419614, 6.615000000000003
0.001859118236472945, 0.5350289563222025, 4.438317856904346E-4, 2.5935331310375958, -0.0038568308072137016, 0.0, 4.560889709286518E-4, -0.0034007418362853514, -7.691015960674567, 0.0, 2.6360146400976507, -5.055001320576327, 0.9988321564762351, 0.0, 1.6083979041328085, 2.607230060610312, 6.615000000000003
0.0018667334669338668, 0.5371945786662286, 4.456497880463941E-4, 2.6034231245022426, -0.0038708093830530097, 0.0, 4.6089795396692546E-4, -0.0034099114290863913, -7.686937730151669, 0.0, 2.6543807047492094, -5.03255702540198, 0.9988273860432058, 0.0, 1.6201651248711728, 2.6189925109155467, 6.615000000000004
0.0018743486973947887, 0.5393603606704052, 4.474677904023536E-4, 2.6132739876635824, -0.003884780557700771, 0.0, 4.657402815694358E-4, -0.0034190402761316414, -7.682873823257604, 0.0, 2.672697092265392, -5.010176730991323, 0.9988249291993211, 0.0, 1.6318617705751948, 2.630686699776089, 6.615000000000004
0.0018819639278557104, 0.5415263185697009, 4.492857927583131E-4, 2.6230890479351814, -0.003898744357073416, 0.0, 4.706158624602009E-4, -0.0034281284946134907, -7.678824104592853, 0.0, 2.690962781852277, -4.987861322739915, 0.9988247770638382, 0.0, 1.6434872772943978, 2.6423120543595098, 6.615000000000001
0.0018895791583166323, 0.5436924682023332, 4.5110379511427266E-4, 2.6328717996203252, -0.003912700806846492, 0.0, 4.755246037190359E-4, -0.003437176203127768, -7.674788444552673, 0.0, 2.7091769865043065, -4.965611458048065, 0.9988269167531098, 0.0, 1.655041311146982, 2.653868227901084, 6.615000000000004
0.001897194388777554, 0.545858824972569, 4.5292179747023217E-4, 2.6426259032916093, -0.003926649932465145, 0.0, 4.8046641121300693E-4, -0.0034461835212524776, -7.6707667192644164, 0.0, 2.7273391605756974, -4.94342755868805, 0.9988313314304607, 0.0, 1.6665237750132813, 2.6653551064451606, 6.615000000000005
0.0019048096192384757, 0.5480254038131455, 4.5473979982619167E-4, 2.652355185219747, -0.003940591759154493, 0.0, 4.854411900423047E-4, -0.0034551505691125008, -7.666758810520294, 0.0, 2.7454490072695226, -4.921309803249895, 0.9988380003606657, 0.0, 1.677934815136247, 2.6767728154984756, 6.615000000000003
0.0019124248496993979, 0.5501922191473428, 4.5655780218215123E-4, 2.662063636849929, -0.0039545263119298265, 0.0, 4.90448844999439E-4, -0.003464077466930722, -7.662764605704813, 0.0, 2.76350648604521, -4.8992581196588905, 0.9988468989696876, 0.0, 1.6892748276324017, 2.6881217266035344, 6.615000000000004
0.0019200400801603196, 0.5523592848507151, 4.5837580453811074E-4, 2.671755414284526, -0.003968453615606739, 0.0, 4.954892810416669E-4, -0.003472964334565368, -7.658783997717024, 0.0, 2.7815118199359103, -4.8772721777800605, 0.9988579989097617, 0.0, 1.7005444649051313, 2.6994024638165923, 6.615000000000003
0.0019276553106212415, 0.5545266142125409, 4.601938068940703E-4, 2.6814348377924233, -0.003982373694811063, 0.0, 5.005624037767581E-4, -0.0034818112910345554, -7.654816884887724, 0.0, 2.799465502769352, -4.855351382117529, 0.9988712681293918, 0.0, 1.7117446419539004, 2.71061591008468, 6.615000000000003
0.0019352705410821632, 0.5566942198969821, 4.620118092500298E-4, 2.6911063914226503, -0.003996286573988669, 0.0, 5.056681199618776E-4, -0.003490618454027068, -7.650863170892073, 0.0, 2.8173683062854975, -4.833494864605919, 0.9988866709479514, 0.0, 1.72287654257341, 2.721763213522616, 6.615000000000003
0.0019428857715430852, 0.5588621139040058, 4.638298116059893E-4, 2.7007747226075054, -0.004010192277415083, 0.0, 5.10806338015187E-4, -0.0034993859394001946, -7.6469227646572, 0.0, 2.8352212871445173, -4.811701477511586, 0.9989041681351901, 0.0, 1.7339416254372555, 2.7328457935741857, 6.615000000000004
0.0019505010020040069, 0.5610303075300854, 4.656478139619488E-4, 2.7104446418416046, -0.0040240908292049835, 0.0, 5.159769685399037E-4, -0.003508113860665377, -7.64299558026528, 0.0, 2.8530257938213794, -4.789969786442691, 0.9989237169953279, 0.0, 1.7449416300630856, 2.743865347060262, 6.615000000000002
0.001958116232464929, 0.5631988113287149, 4.6746581631790837E-4, 2.7201211224315074, -0.004037982253321449, 0.0, 5.211799248612881E-4, -0.003516802328460478, -7.6390815368519736, 0.0, 2.870783473379579, -4.768298063471335, 0.9989452714555397, 0.0, 1.7558785826509478, 2.754823854108225, 6.615000000000004
0.0019657314629258505, 0.5653676350707537, 4.692838186738679E-4, 2.7298093002962958, -0.0040518665735850504, 0.0, 5.264151235755314E-4, -0.0035254514500098217, -7.635180558500722, 0.0, 2.888496278110861, -4.746684280389033, 0.998968782158568, 0.0, 1.766754801784, 2.7657235839440406, 6.615000000000003
0.0019733466933867724, 0.5675367877046482, 4.7110182102982743E-4, 2.7395144738233768, -0.004065743813682775, 0.0, 5.316824851102819E-4, -0.003534061328572789, -7.631292574132505, 0.0, 2.906166472049733, -4.72512610208145, 0.9989941965598026, 0.0, 1.7775729040010564, 2.776567100562809, 6.615000000000003
0.0019809619238476944, 0.5697062773165489, 4.7291982338578694E-4, 2.7492421038448214, -0.004079613997176695, 0.0, 5.369819342975523E-4, -0.003542632062879435, -7.627417517391654, 0.0, 2.923796637344822, -4.703620880045698, 0.9990214590280896, 0.0, 1.7883358092215182, 2.787357268251362, 6.615000000000005
0.0019885771543086163, 0.5718761110903491, 4.747378257417465E-4, 2.7589978136278575, -0.004093477147512427, 0.0, 5.423134009576633E-4, -0.003551163746555051, -7.6235553265277405, 0.0, 2.9413896804783417, -4.682165646048174, 0.9990505109503218, 0.0, 1.7990467460169168, 2.798097256969068, 6.615000000000003
0.001996192384769538, 0.5740462952676975, 4.76555828097706E-4, 2.768787388992166, -0.0041073332880274625, 0.0, 5.476768204940858E-4, -0.003559656467533679, -7.619705944272459, 0.0, 2.958948838344883, -4.660757105926122, 0.9990812908410616, 0.0, 1.8097092567406097, 2.8087905475837585, 6.615000000000002
0.0020038076152304597, 0.5762168351079782, 4.783738304536655E-4, 2.7786167784818474, -0.004121182441959115, 0.0, 5.53072134500157E-4, -0.003568110307459211, -7.615869317715391, 0.0, 2.9764776841581657, -4.63939163355585, 0.9991137344528148, 0.0, 1.8203272024822528, 2.819440936936971, 6.615000000000005
0.0020114228456913816, 0.5783877348483379, 4.80191832809625E-4, 2.7884920936464397, -0.004135024632452417, 0.0, 5.584992913750951E-4, -0.0035765253410776146, -7.612045398172776, 0.0, 2.993980133209752, -4.6180652649611105, 0.9991477748934817, 0.0, 1.8309047678765074, 2.8300525427725107, 6.615000000000004
0.002019038076152303, 0.5805589976637325, 4.820098351655845E-4, 2.798419609386812, -0.004148859882567573, 0.0, 5.639582469516308E-4, -0.0035849016356162577, -7.608234141056217, 0.0, 3.0114604484384313, -4.5967736926162805, 0.9991833427432953, 0.0, 1.841446465719812, 2.840629808465266, 6.615000000000003
0.0020266533066132255, 0.5827306256270982, 4.8382783752154413E-4, 2.8084057644338714, -0.00416268821528742, 0.0, 5.694489651323314E-4, -0.0035932392501553502, -7.604435505735191, 0.0, 3.0289232458451534, -4.575512259888509, 0.999220366178259, 0.0, 1.8519571414362175, 2.851177507616546, 6.615000000000004
0.0020342685370741474, 0.5849026196696017, 4.8564583987750363E-4, 2.8184571618534733, -0.004176509653524352, 0.0, 5.74971418536829E-4, -0.003601538234987768, -7.600649455398738, 0.0, 3.0463734997032033, -4.554275955694145, 0.9992587710936556, 0.0, 1.8624419773373242, 2.861700748432874, 6.615000000000002
0.002041883767535069, 0.5870749795410657, 4.8746384223346314E-4, 2.828580569729752, -0.004190324220127252, 0.0, 5.805255891573333E-4, -0.003609798630970204, -7.596875956912595, 0.0, 3.063816547601974, -4.533059409309247, 0.9992984812324229, 0.0, 1.872906496720088, 2.872204977954471, 6.615000000000003
0.002049498997995991, 0.5892477037705661, 4.892818445894226E-4, 2.838782921875506, -0.004204131937887983, 0.0, 5.861114690236826E-4, -0.003618020468864547, -7.593114980674282, 0.0, 3.0812580952813278, -4.511856885391625, 0.9993394183150156, 0.0, 1.8833565677568107, 2.8826959860736605, 6.615000000000002
0.002057114228456913, 0.591420789627239, 4.910998469453823E-4, 2.849071318699046, -0.004217932829547665, 0.0, 5.917290608772243E-4, -0.003626203768670743, -7.589366500465728, 0.0, 3.0987042212734845, -4.490662279190295, 0.9993815021716298, 0.0, 1.8937984071956528, 2.8931799093698474, 6.615000000000002
0.0020647294589178347, 0.593594233081358, 4.929178493013418E-4, 2.8594530281185087, -0.0042317269178027556, 0.0, 5.973783788520478E-4, -0.0036343485389509823, -7.585630493302558, 0.0, 3.1161613813439977, -4.469469111957447, 0.9994246508777039, 0.0, 1.9042385838661464, 2.9036632347455216, 6.615000000000003
0.0020723446893787566, 0.5957680287656668, 4.947358516573013E-4, 2.8699354866416513, -0.0042455142253107455, 0.0, 6.030594491651014E-4, -0.0036424547761459082, -7.581906939282091, 0.0, 3.133636412711169, -4.448270526569357, 0.9994687808902392, 0.0, 1.9146840219658248, 2.9141528028581636, 6.615000000000002
0.002079959919839678, 0.5979421699370565, 4.965538540132608E-4, 2.880526300474429, -0.004259294774695597, 0.0, 6.08772310813222E-4, -0.003650522463882662, -7.5781958214284915, 0.0, 3.1511365380598924, -4.427059283367016, 0.9995138071868365, 0.0, 1.9251420041478378, 2.9246558113368355, 6.615000000000002
0.0020875751503006005, 0.600116648438572, 4.983718563692204E-4, 2.891233246803324, -0.004273068588552969, 0.0, 6.145170162772501E-4, -0.0036585515722759674, -7.57449712553616, 0.0, 3.168669369330502, -4.405827756203138, 0.9995596434063709, 0.0, 1.9356201743896404, 2.935179817799029, 6.615000000000004
0.0020951903807615224, 0.6022914546618106, 5.001898587251799E-4, 2.9020642751303853, -0.004286835689455103, 0.0, 6.202936322332949E-4, -0.0036665420572220575, -7.570810840011355, 0.0, 3.1862429112800155, -4.384567928729843, 0.9996062019911401, 0.0, 1.946126540639835, 2.9457327426329702, 6.615000000000004
0.002102805611222444, 0.6044665775097596, 5.020078610811394E-4, 2.9130275087402424, -0.004300596099955412, 0.0, 6.261022402695563E-4, -0.0036744938596860763, -7.56713695571244, 0.0, 3.2038655648091368, -4.363271390901313, 0.9996533943301218, 0.0, 1.9566694772395845, 2.956322871572136, 6.615000000000002
0.002110420841683366, 0.606642004360051, 5.038258634370989E-4, 2.924131246235021, -0.004314349842592766, 0.0, 6.319429376097237E-4, -0.003682406904983301, -7.5634754657882715, 0.0, 3.221546130060588, -4.341929335725434, 0.9997011309038479, 0.0, 1.9672577271219012, 2.966958858028513, 6.615000000000003
0.0021180360721442873, 0.608817721028746, 5.056438657930584E-4, 2.9353839632449876, -0.0043280969398955945, 0.0, 6.378158378410985E-4, -0.0036902811020547597, -7.559826365515573, 0.0, 3.2392938092660573, -4.320532556247642, 0.9997493214303197, 0.0, 1.977900403769602, 2.9776497252023164, 6.615000000000003
0.0021256513026052092, 0.6109937117346258, 5.074618681490179E-4, 2.946794314113305, -0.004341837414385502, 0.0, 6.437210716482584E-4, -0.0036981163427375324, -7.556189652135193, 0.0, 3.257118209347244, -4.299071442786808, 0.999797875011391, 0.0, 1.9886069929355563, 2.988404867948657, 6.615000000000002
0.0021332665330661316, 0.613169959064035, 5.092798705049775E-4, 2.958371133813216, -0.004355571288580771, 0.0, 6.496587875506358E-4, -0.0037059125010303956, -7.552565324687457, 0.0, 3.27502934427072, -4.277535980415339, 0.9998467002802583, 0.0, 1.9993873541279226, 2.9992340544100906, 6.615000000000004
0.002140881763527053, 0.6153464439363395, 5.11097872860937E-4, 2.9701234398739302, -0.0043692985849994054, 0.0, 6.556291526451487E-4, -0.003713669432354522, -7.548953383847078, 0.0, 3.2930376371344727, -4.255915746709944, 0.9998957055488267, 0.0, 2.0102517218357474, 3.0101474273877535, 6.615000000000004
0.002148496993987975, 0.6175231455700153, 5.129158752168965E-4, 2.9820604344244543, -0.004383019326162052, 0.0, 6.61632353350752E-4, -0.0037213869728115823, -7.545353831756619, 0.0, 3.3111539220092197, -4.234199909745387, 0.9999447989566664, 0.0, 2.021210706523897, 3.021155505483124, 6.615000000000003
0.002156112224448897, 0.6197000414493765, 5.14733877572856E-4, 2.9941915063205897, -0.004396733534594432, 0.0, 6.676685961576933E-4, -0.0037290649384369504, -7.541766671861089, 0.0, 3.3293894454907926, -4.212377226368209, 0.9999938886182668, 0.0, 2.032275295347857, 3.0322691839686224, 6.615000000000002
0.0021637274549098184, 0.6218771072920433, 5.165518799288155E-4, 3.0065262333915825, -0.004410441232829569, 0.0, 6.737381083789075E-4, -0.0037367031244508967, -7.538191908741085, 0.0, 3.347755867999538, -4.190436040739669, 1.0000428827717411, 0.0, 2.0434568526290913, 3.043499735403166, 6.615000000000001
0.0021713426853707403, 0.6240543170171295, 5.18369882284775E-4, 3.019074384708972, -0.004424142443409762, 0.0, 6.798411389023267E-4, -0.003744301304507645, -7.5346295479466585, 0.0, 3.366265264797427, -4.168364283147594, 1.000091689926659, 0.0, 2.0547671200636928, 3.0548588099923943, 6.615000000000002
0.002178957915831662, 0.626231642714203, 5.201878846407346E-4, 3.0318459230027486, -0.004437837188888122, 0.0, 6.85977958946888E-4, -0.0037518592299414615, -7.531079595830977, 0.0, 3.384930126721464, -4.146149469107136, 1.000140219011682, 0.0, 2.0662182166571696, 3.0663584356716664, 6.615000000000002
0.0021865731462925838, 0.6284090546130507, 5.220058869966941E-4, 3.0448510071051373, -0.004451525491829933, 0.0, 6.921488628178147E-4, -0.003759376629012364, -7.527542059384886, 0.0, 3.4037633606370403, -4.12377869874544, 1.0001883795213042, 0.0, 2.077822638397258, 3.0780110179214373, 6.615000000000004
0.002194188376753506, 0.630586521054312, 5.238238893526537E-4, 3.0580999944573932, -0.004465207374813627, 0.0, 6.983541686633298E-4, -0.003766853206150506, -7.524016946071614, 0.0, 3.4227782896000365, -4.101238656469497, 1.0002360816621334, 0.0, 2.0895932576490077, 3.089829339313621, 6.615000000000004
0.0022018036072144276, 0.6327640084609639, 5.256418917086132E-4, 3.0716034437315045, -0.004478882860431544, 0.0, 7.045942192315116E-4, -0.0037742886412002958, -7.520504263662502, 0.0, 3.4419886527304957, -4.078515610930139, 1.0002832364981364, 0.0, 2.101543322277078, 3.101826558777584, 6.615000000000003
0.0022094188376753495, 0.6349414813107461, 5.274598940645727E-4, 3.0853721174844964, -0.004492551971290262, 0.0, 7.108693826256337E-4, -0.0037816825886648536, -7.517004020073505, 0.0, 3.46140860477924, -4.055595415291991, 1.0003297560946496, 0.0, 2.1136864544793963, 3.114016210576747, 6.615000000000002
0.002217034068136271, 0.6371189021095114, 5.292778964205322E-4, 3.0994169848313504, -0.004506214730010772, 0.0, 7.171800530602224E-4, -0.0037890346769507985, -7.513516223203089, 0.0, 3.48105271540561, -4.032463507793885, 1.0003755536611523, 0.0, 2.1260366493456835, 3.1264122030108994, 6.615000000000003
0.0022246492985971934, 0.6392962313655959, 5.310958987764918E-4, 3.113749224230048, -0.00451987115922831, 0.0, 7.235266516132941E-4, -0.00379634450761529, -7.510040880771502, 0.0, 3.5009359681456043, -4.009104912623655, 1.0004205436923836, 0.0, 2.138608273128352, 3.1390288168234943, 6.615000000000003
0.002232264529058115, 0.6414734275651763, 5.329139011324512E-4, 3.1283802262445306, -0.004533521281591845, 0.0, 7.299096269785948E-4, -0.003803611654613564, -7.506578000160612, 0.0, 3.5210737590675403, -3.9855042410903443, 1.0004646421086807, 0.0, 2.151416061215178, 3.1518807033271745, 6.615000000000003
0.002239879759519037, 0.6436504471487147, 5.347319034884108E-4, 3.1433215964038936, -0.00454716511976334, 0.0, 7.363294562134142E-4, -0.0038108356635502202, -7.503127588257443, 0.0, 3.541481895124618, -3.961645693128779, 1.000507766392552, 0.0, 2.1644751158211037, 3.1649828822182537, 6.615000000000004
0.0022474949899799587, 0.6458272444884661, 5.365499058443703E-4, 3.158585158014489, -0.004560802696416726, 0.0, 7.42786645484393E-4, -0.003818016050932593, -7.499689651296929, 0.0, 3.5621765921877846, -3.9375130591068133, 1.0005498357259515, 0.0, 2.177800903377501, 3.1783507391062686, 6.615000000000003
0.0022551102204408807, 0.6480037718671289, 5.383679082003298E-4, 3.174182955043136, -0.004574434034236521, 0.0, 7.492817308085448E-4, -0.0038251523034280865, -7.496264194709593, 0.0, 3.5831744727549992, -3.913089721950984, 1.0005907711223352, 0.0, 2.1914092516197665, 3.192000022745917, 6.615000000000002
0.002262725450901802, 0.6501799794576639, 5.401859105562893E-4, 3.1901272550234694, -0.004588059155916329, 0.0, 7.558152787904083E-4, -0.003832243877126046, -7.492851222969124, 0.0, 3.6044925633577023, -3.8883586596098443, 1.000630495559031, 0.0, 2.2053163463918404, 3.2059468419526813, 6.615000000000004
0.0022703406813627245, 0.6523558153042794, 5.420039129122489E-4, 3.2064305519013487, -0.004601678084156848, 0.0, 7.623878873535671E-4, -0.003839290196803468, -7.48945073944362, 0.0, 3.626148291615976, -3.863302447824717, 1.0006689341054238, 0.0, 2.219538728121923, 3.2202076622306195, 6.615000000000002
0.002277955911823646, 0.6545312253046655, 5.438219152682084E-4, 3.223105568886922, -0.004615290841663806, 0.0, 7.690001864678071E-4, -0.003846290655196226, -7.486062746249513, 0.0, 3.6481594829898225, -3.837903263257325, 1.0007060140487603, 0.0, 2.23409328801395, 3.234799302065493, 6.615000000000002
0.002285571142284568, 0.6567061531934899, 5.45639917624168E-4, 3.240165261356708, -0.004628897451145543, 0.0, 7.756528388678918E-4, -0.0038532446122778573, -7.482687244106655, 0.0, 3.6705443571917673, -3.812142886911661, 1.0007416650185148, 0.0, 2.2489972639269475, 3.249738928949067, 6.615000000000004
0.00229318637274549, 0.6588805405271834, 5.474579199801275E-4, 3.2576228196477928, -0.0046424979353103316, 0.0, 7.823465407677203E-4, -0.0038601513945427015, -7.4793242321993665, 0.0, 3.693321524269404, -3.7860027079273895, 1.0007758191047627, 0.0, 2.2642682359433914, 3.2650440550508923, 6.615000000000002
0.0023008016032064114, 0.6610543266700356, 5.49275922336087E-4, 3.2754916718720324, -0.0046560923168634085, 0.0, 7.890820225665562E-4, -0.003867010294297134, -7.4759737080378095, 0.0, 3.716509980338521, -3.759463727696921, 1.0008084109760873, 0.0, 2.279924121612788, 3.2807325325917573, 6.615000000000003
0.0023084168336673337, 0.6632274487816995, 5.510939246920466E-4, 3.293785486584227, -0.004669680618503947, 0.0, 7.958600495449452E-4, -0.0038738205689591992, -7.4726356673231225, 0.0, 3.740129103010886, -3.7325065643086064, 1.0008393779940288, 0.0, 2.295983170918322, 3.2968225489163387, 6.615000000000002
0.0023160320641282548, 0.6653998418060155, 5.52911927048006E-4, 3.3125181755627295, -0.004683262862921502, 0.0, 8.026814225561563E-4, -0.003880581440365693, -7.4693101038183665, 0.0, 3.7641986464490724, -3.7051114573668755, 1.0008686603211943, 0.0, 2.3124639608877238, 3.3133326212119645, 6.615000000000003
0.002323647294589177, 0.6675714384613368, 5.547299294039656E-4, 3.3317038963454024, -0.004696839072792431, 0.0, 8.095469787039802E-4, -0.003887292094088609, -7.465997009219806, 0.0, 3.7887387361031117, -3.677258273114475, 1.000896201029352, 0.0, 2.329385389919312, 3.3302815909511674, 6.615000000000004
0.0023312625250500995, 0.6697421692322388, 5.565479317599252E-4, 3.351357054784444, -0.0047104092707760375, 0.0, 8.164575920145446E-4, -0.0038939516787616073, -7.462696373033909, 0.0, 3.813769863090291, -3.6489265099405856, 1.000921946201779, 0.0, 2.3467666717699522, 3.3476886179749696, 6.615000000000001
0.0023388777555110206, 0.6719119623627818, 5.583659341158846E-4, 3.3714923074716694, -0.004723973479510487, 0.0, 8.23414174093845E-4, -0.0039005593054167714, -7.45940818245858, 0.0, 3.839312878250561, -3.6200953042045163, 1.000945845031325, 0.0, 2.3646273292518796, 3.365573174286938, 6.615000000000003
0.002346492985971943, 0.6740807438512301, 5.601839364718442E-4, 3.3921245640704, -0.004737531721608463, 0.0, 8.304176747777024E-4, -0.0039071140468308185, -7.45613242226682, 0.0, 3.865388985822697, -3.590743436440277, 1.0009678499159738, 0.0, 2.382987187570775, 3.383955037490698, 6.615000000000002
0.0023541082164328644, 0.6762484374463258, 5.620019388278036E-4, 3.413268989552023, -0.00475108401965265, 0.0, 8.374690827673299E-4, -0.003913614936885489, -7.452869074696721, 0.0, 3.8920197368077205, -3.56084933788614, 1.0009879165482372, 0.0, 2.401866367383262, 3.402854283934661, 6.615000000000003
0.0023617234468937863, 0.6784149646452178, 5.638199411837632E-4, 3.434941006199665, -0.00476463039619113, 0.0, 8.44569426253031E-4, -0.003920060969938251, -7.449618119344066, 0.0, 3.9192270219657117, -3.5303910973747734, 1.0010060040021072, 0.0, 2.421285277514775, 3.422291281520732, 6.615000000000004
0.0023693386773547083, 0.68058024469284, 5.656379435397227E-4, 3.4571562956233493, -0.0047781708737323035, 0.0, 8.517197735271459E-4, -0.003926451100205326, -7.446379533061029, 0.0, 3.947033064461671, -3.4993464685963445, 1.0010220748135126, 0.0, 2.4412646073508504, 3.442286682167674, 6.615000000000003
0.0023769539078156298, 0.6827441945830721, 5.674559458956822E-4, 3.479930800487864, -0.004791705474740039, 0.0, 8.589212335787209E-4, -0.003932784241161502, -7.443153289858084, 0.0, 3.9754604121772488, -3.467692877679163, 1.0010360950583586, 0.0, 2.4618253189314023, 3.462861413991758, 6.615000000000002
0.002384569138276552, 0.6849067290614872, 5.692739482516418E-4, 3.5032807261142125, -0.004805234221628212, 0.0, 8.661749566789608E-4, -0.003939059264949269, -7.4399393608124536, 0.0, 4.004531929650201, -3.435407431158433, 1.0010480344233206, 0.0, 2.4829886386930733, 3.484036673120246, 6.615000000000003
0.0023921843687374736, 0.6870677606297644, 5.710919506076012E-4, 3.527222541933611, -0.004818757136755441, 0.0, 8.734821349479921E-4, -0.003945275001807537, -7.436737713979557, 0.0, 4.034270789681573, -3.402466924293804, 1.0010578662744196, 0.0, 2.5047760489158013, 3.505833915194555, 6.615000000000003
0.0023997995991983955, 0.6892271995518572, 5.729099529635608E-4, 3.551772982630837, -0.004832274242419417, 0.0, 8.808440029077578E-4, -0.003951430239511635, -7.433548314312459, 0.0, 4.0647004645822635, -3.3688478497273215, 1.0010655677172133, 0.0, 2.527209278836041, 3.528274846556086, 6.615000000000003
0.0024074148296593175, 0.6913849538619025, 5.747279553195204E-4, 3.5769490492548357, -0.004845785560851247, 0.0, 8.882618380186957E-4, -0.003957523722832781, -7.4303711235831065, 0.0, 4.095844717063068, -3.33452640651755, 1.00107111965566, 0.0, 2.5503102954342016, 3.5513814150927505, 6.615000000000004
0.002415030060120239, 0.6935409293738177, 5.765459576754799E-4, 3.6027680098621886, -0.004859291114209623, 0.0, 8.957369611981361E-4, -0.003963554153011712, -7.427206100311451, 0.0, 4.127727590791245, -3.299478509516187, 1.0010745068431472, 0.0, 2.5741012939222645, 3.5751758007698204, 6.615000000000003
0.002422645290581161, 0.6956950296927967, 5.783639600314394E-4, 3.6292474000989614, -0.004872790924574791, 0.0, 9.032707373228671E-4, -0.003969520187252006, -7.424053199699761, 0.0, 4.160373400583505, -3.2636797991117716, 1.0010757179283536, 0.0, 2.598604687896487, 3.599680405829467, 6.615000000000005
0.0024302605210420832, 0.6978471562285071, 5.80181962387399E-4, 3.656405023526304, -0.004886285013942465, 0.0, 9.108645757136009E-4, -0.003975420438229009, -7.420912373571748, 0.0, 4.193806722241472, -3.2271056513265326, 1.0010747454965887, 0.0, 2.623843099164548, 3.62491784466513, 6.615000000000004
0.0024378757515030043, 0.6999972082101769, 5.819999647433584E-4, 3.684258951516995, -0.004899773404217791, 0.0, 9.185199305984104E-4, -0.003981253473619394, -7.417783570317297, 0.0, 4.228052382057002, -3.189731188255902, 1.0010715861059831, 0.0, 2.6498393472788204, 3.6509109333892216, 6.615000000000005
0.0024454909819639267, 0.7021450827035116, 5.83817967099318E-4, 3.7128275229661085, -0.004913256117208717, 0.0, 9.262383015598667E-4, -0.003987017815648933, -7.414666734845284, 0.0, 4.263135445947195, -3.151531288894441, 1.0010662403149053, 0.0, 2.676616438726753, 3.677682679045447, 6.615000000000005
0.0024531062124248486, 0.7042906746294789, 5.856359694552775E-4, 3.742129343729971, -0.004926733174620031, 0.0, 9.340212339589357E-4, -0.003992711940661128, -7.411561808539227, 0.0, 4.299081208270454, -3.112480600266157, 1.001058712708082, 0.0, 2.704197555840935, 3.705256268551689, 6.615000000000005
0.00246072144288577, 0.7064338767850242, 5.87453971811237E-4, 3.772183285621395, -0.0049402045980465915, 0.0, 9.418703193416755E-4, -0.003998334278704968, -7.4084687292214, 0.0, 4.335915180253653, -3.072553548962659, 1.0010490119132147, 0.0, 2.73260604534781, 3.7336550572662013, 6.615000000000004
0.0024683366733466924, 0.708574579865626, 5.892719741671966E-4, 3.8030084852132404, -0.004953670408967061, 0.0, 9.497871958209989E-4, -0.0040038832131460735, -7.405387431121688, 0.0, 4.373663078128211, -3.0317243529919886, 1.0010371506140376, 0.0, 2.76186540666537, 3.7629025572809147, 6.615000000000003
0.0024759519038076135, 0.7107126724898405, 5.91089976523156E-4, 3.834624342154598, -0.004967130628737219, 0.0, 9.577735484391052E-4, -0.004009357080298141, -7.402317844853157, 0.0, 4.412350810873105, -2.9899670339756725, 1.0010231455563299, 0.0, 2.7919992798374835, 3.7930224253982403, 6.615000000000004
0.002483567134268536, 0.7128480412257348, 5.929079788791156E-4, 3.8670505171521654, -0.004980585278583301, 0.0, 9.658311095071086E-4, -0.004014754169076248, -7.399259897395268, 0.0, 4.452004467645408, -2.9472554297453804, 1.0010070175466217, 0.0, 2.8230314331907205, 3.824038450741918, 6.615000000000003
0.0024911823647294573, 0.7149805706193391, 5.94725981235075E-4, 3.9003069296525155, -0.0049940343795955786, 0.0, 9.73961658920091E-4, -0.004020072720675463, -7.3962135120811325, 0.0, 4.492650304861963, -2.9035632072145305, 1.0009887914476332, 0.0, 2.854985750679459, 3.8559745421316918, 6.615000000000005
0.0024987975951903793, 0.7171101432250542, 5.965439835910346E-4, 3.9344137549392144, -0.005007477952721642, 0.0, 9.821670244485638E-4, -0.004025310928273077, -7.393178608592482, 0.0, 4.534314732960249, -2.8588638756263443, 1.000968496165777, 0.0, 2.887886218944934, 3.8888547151165977, 6.615000000000005
0.0025064128256513016, 0.7192366396379621, 5.983619859469942E-4, 3.9693914210047296, -0.005020916018759683, 0.0, 9.904490820085154E-4, -0.004030466936751291, -7.390155102962092, 0.0, 4.577024302790681, -2.81313080016804, 1.0009461646315667, 0.0, 2.921756914036052, 3.9227030786711956, 6.615000000000004
0.0025140280561122227, 0.721359938528279, 6.001799883029536E-4, 4.005260604888917, -0.005034348598351909, 0.0, 9.988097559013205E-4, -0.004035538842450788, -7.387142907581654, 0.0, 4.6208056917149545, -2.766337215862429, 1.00092183377509, 0.0, 2.9566219878805144, 3.9575438216602077, 6.6150000000000055
0.002521643286573145, 0.7234799166777088, 6.019979906589132E-4, 4.042042228443279, -0.005047775711978038, 0.0, 0.0010072510190323458, -0.00404052469294567, -7.384141931214993, 0.0, 4.665685689365513, -2.7184562418460048, 1.0008955444965557, 0.0, 2.9925056544456865, 3.9934011989456795, 6.615000000000004
0.0025292585170340665, 0.7255964490178679, 6.038159930148726E-4, 4.079757453895354, -0.005061197379948617, 0.0, 0.0010157748931019714, -0.004045422486846653, -7.381152079022627, 0.0, 4.71169118305857, -2.669460895961519, 1.0008673416255325, 0.0, 3.0294321755914537, 4.030299517219537, 6.615000000000003
0.0025368737474949885, 0.7277094086706895, 6.056339953708323E-4, 4.118427678711441, -0.005074613622398471, 0.0, 0.0010243834487689736, -0.004050230173629484, -7.378173252587828, 0.0, 4.758849142914921, -2.619324109668364, 1.0008372738791727, 0.0, 3.0674258466685815, 4.068263120552277, 6.615000000000004
0.0025444889779559104, 0.729818666990927, 6.074519977267918E-4, 4.158074529986152, -0.005088024459280285, 0.0, 0.0010330788057880472, -0.004054945653492188, -7.3752053499528785, 0.0, 4.807186606647225, -2.568018743299217, 1.000805393810746, 0.0, 3.106510981817548, 4.107316375634648, 6.615000000000004
0.0025521042084168323, 0.7319240936106508, 6.092700000827513E-4, 4.1987198583879035, -0.005101429910358261, 0.0, 0.0010418631331177396, -0.004059566777240561, -7.372248265660877, 0.0, 4.856730664048998, -2.5155176016051572, 1.0007717577530153, 0.0, 3.146711899008485, 4.147483656768286, 6.615000000000003
0.0025597194388777542, 0.7340255564858016, 6.110880024387109E-4, 4.240385731501419, -0.005114829995201686, 0.0, 0.0010507386490015112, -0.0040640913462001785, -7.369301890803952, 0.0, 4.907508441150683, -2.4617934496487632, 1.000736425755337, 0.0, 3.1880529047823427, 4.188789330542191, 6.615000000000004
0.002567334669338676, 0.7361229219447976, 6.129060047946704E-4, 4.283094426612934, -0.005128224733178732, 0.0, 0.0010597076210191944, -0.004068517112159442, -7.3663661130810585, 0.0, 4.9595470840805875, -2.4068190289959213, 1.0006994615117986, 0.0, 3.230558278734803, 4.231257740250997, 6.615000000000005
0.0025749498997995977, 0.7382160547391887, 6.147240071506299E-4, 4.32686842303292, -0.0051416141434503845, 0.0, 0.0010687723661073067, -0.004072841777343055, -7.36344081685847, 0.0, 5.012873742651632, -2.3505670742029405, 1.0006609322871431, 0.0, 3.274252257765621, 4.274913190056626, 6.6150000000000055
0.0025825651302605196, 0.7403048180964003, 6.165420095065894E-4, 4.371730393582766, -0.005154998244964572, 0.0, 0.0010779352505517516, -0.004077062994412822, -7.360525883240943, 0.0, 5.067515553613457, -2.293010329624156, 1.0006209088325615, 0.0, 3.319159020026379, 4.319779928862274, 6.615000000000005
0.0025901803607214415, 0.7423890737743968, 6.183600118625489E-4, 4.417703195808372, -0.005168377056449904, 0.0, 0.0010871986899489705, -0.004081178366500956, -7.357621190147893, 0.0, 5.1234996236215915, -2.23412156651937, 1.0005794652960855, 0.0, 3.3653026686240617, 4.365882133927115, 6.615000000000005
0.002597795591182363, 0.7444686821185935, 6.201780142185084E-4, 4.464809862377251, -0.005181750596410429, 0.0, 0.0010965651491338657, -0.004085185447276284, -7.354726612396683, 0.0, 5.180853011976976, -2.173873600416121, 1.0005366791277603, 0.0, 3.4127072151356335, 4.413243894266531, 6.615000000000003
0.0026054108216432854, 0.7465435021205984, 6.21996016574468E-4, 4.513073590776457, -0.005195118883119731, 0.0, 0.0011060371420806882, -0.004089081741039342, -7.351842021793249, 0.0, 5.239602712978612, -2.1122393088096483, 1.0004926309765865, 0.0, 3.4613965627656405, 4.461889193747698, 6.615000000000004
0.0026130260521042073, 0.7486133914791939, 6.238140189304275E-4, 4.562517732645347, -0.005208481934615752, 0.0, 0.001115617231764135, -0.004092864702851681, -7.348967287229678, 0.0, 5.299775638130747, -2.049191649096554, 1.0004474045819214, 0.0, 3.5113944894080267, 4.511841893992429, 6.615000000000005
0.002620641282565129, 0.7506782066631938, 6.25632021286387E-4, 4.613165782047645, -0.005221839768695535, 0.0, 0.0011253080299973572, -0.004096531738698027, -7.346102274787211, 0.0, 5.361398597978897, -1.9847036768043143, 1.0004010866595079, 0.0, 3.562724630358815, 4.563125717022081, 6.615000000000004
0.002628256513026051, 0.7527378029763498, 6.274500236423466E-4, 4.665041363564569, -0.005235192402910002, 0.0, 0.0011351121972285605, -0.004100080205681332, -7.34324684784872, 0.0, 5.424498283746466, -1.9187485640961561, 1.000353766778267, 0.0, 3.6154104608801356, 4.615764227664327, 6.615000000000004
0.002635871743486972, 0.7547920346243648, 6.29268025998306E-4, 4.7181682191762775, -0.005248539854559584, 0.0, 0.001145032442308111, -0.00410350741225135, -7.340400867213966, 0.0, 5.489101248707481, -1.8512996185024337, 1.0003055372358798, 0.0, 3.6694752785311526, 4.669780815770889, 6.615000000000005
0.0026434869739478946, 0.7568407547837879, 6.310860283542657E-4, 4.772570194849095, -0.005261882140689246, 0.0, 0.0011550715222211905, -0.004106810618468029, -7.3375641912273695, 0.0, 5.555233889276102, -1.7823303019449912, 1.0002564929210078, 0.0, 3.7249421852538087, 4.725198678181051, 6.615000000000004
0.002651102204408816, 0.7588838156729323, 6.32904030710225E-4, 4.82827122618869, -0.005275219278084303, 0.0, 0.0011652322417838867, -0.00410998703630025, -7.334736675905286, 0.0, 5.622922425931301, -1.711814249969572, 1.000206731177486, 0.0, 3.781834069334331, 4.782040800515966, 6.615000000000004
0.002658717434869738, 0.7609210686248065, 6.347220330661847E-4, 4.885295323528226, -0.005288551283266349, 0.0, 0.001175517453306657, -0.004113033829959631, -7.3319181750742946, 0.0, 5.692192883832846, -1.6397252912354399, 1.0001563516577763, 0.0, 3.840173587089635, 4.840329938753324, 6.6150000000000055
0.0026663326653306603, 0.7629523641619174, 6.365400354221443E-4, 4.943666556011294, -0.005301878172489289, 0.0, 0.0011859300562222022, -0.004115948116267212, -7.3291085405184235, 0.0, 5.763071073262268, -1.5660374672525093, 1.0001054561678304, 0.0, 3.8999831444162685, 4.900088600587943, 6.615000000000005
0.0026739478957915814, 0.7649775520730291, 6.383580377781037E-4, 5.0034090352964995, -0.005315199961735852, 0.0, 0.0011964729966747537, -0.004118726965060826, -7.326307622124056, 0.0, 5.835582569841083, -1.4907250522786049, 1.0000541485151373, 0.0, 3.961284878158139, 4.961339026677217, 6.615000000000003
0.0026815631262525038, 0.7669964814918937, 6.401760401340633E-4, 5.064546898177014, -0.005328516666714326, 0.0, 0.0012071492670783918, -0.004121367399636304, -7.323515268040679, 0.0, 5.909752694535203, -1.4137625734980386, 1.0000025343413772, 0.0, 4.024100637289207, 5.0241031716385995, 6.615000000000004
0.0026891783567134253, 0.7690090009777601, 6.419940424900227E-4, 5.127104288601913, -0.005341828302855338, 0.0, 0.0012179619056324753, -0.00412386639722289, -7.320731324842273, 0.0, 5.9856064934490885, -1.3351248313899593, 0.999950720954678, 0.0, 4.088451963932712, 5.08840268489066, 6.615000000000002
0.002696793587174347, 0.7710149585978114, 6.438120448459823E-4, 5.1911053389890185, -0.005355134885309334, 0.0, 0.0012289139958052558, -0.004126220889503783, -7.317955637694487, 0.0, 6.063168717475975, -1.2547869202156328, 0.9998988171572079, 0.0, 4.154360074265135, 5.154258891424765, 6.615000000000005
0.002704408817635269, 0.7730142020114306, 6.456300472019418E-4, 5.256574150408142, -0.005368436428944205, 0.0, 0.001240008665779356, -0.0041284277631646465, -7.315188050532123, 0.0, 6.142463801718446, -1.172724248808596, 0.9998469330628258, 0.0, 4.221845839228384, 5.221692772295977, 6.615000000000004
0.002712024048096191, 0.7750065785562117, 6.474480495579013E-4, 5.323534772492621, -0.005381732948343047, 0.0, 0.0012512490878565305, -0.004130483860486249, -7.31242840623643, 0.0, 6.223515844766135, -1.0889125614632629, 0.9997951799151833, 0.0, 4.29092976514025, 5.290724945062053, 6.615000000000005
0.002719639278557113, 0.7769919353358166, 6.492660519138609E-4, 5.392011182097576, -0.0053950244578025285, 0.0, 0.001262638477829106, -0.004132385979973327, -7.3096765468247105, 0.0, 6.306348587812962, -1.0033279590085422, 0.9997436698945424, 0.0, 4.361631974173315, 5.361375644070918, 6.6150000000000055
0.002727254509018035, 0.7789701193095433, 6.510840542698204E-4, 5.4620272613733505, -0.005408310971331456, 0.0, 0.001274180094308526, -0.0041341308770226695, -7.3069323136375885, 0.0, 6.3909853936216, -0.9159469200136002, 0.9996925159272868, 0.0, 4.433972184724176, 5.433664700653451, 6.615000000000004
0.0027348697394789564, 0.7809409773834708, 6.529020566257799E-4, 5.533606775047701, -0.005421592502649627, 0.0, 0.0012858772380216904, -0.004135715264627533, -7.304195547540393, 0.0, 6.477449225343915, -0.8267463221932773, 0.9996418314818177, 0.0, 4.507969691664473, 5.5076115231488725, 6.615000000000005
0.0027424849699398783, 0.78290435650357, 6.547200589817394E-4, 5.6067733467216385, -0.005434869065187491, 0.0, 0.0012977332510621734, -0.004137135814125115, -7.301466089120283, 0.0, 6.565762625234003, -0.7357034638839818, 0.9995917303699731, 0.0, 4.583643346529625, 5.583235076901587, 6.615000000000004
0.0027501002004008002, 0.7848601037500416, 6.565380613376989E-4, 5.681550434650944, -0.0054481406720853914, 0.0, 0.0013097515161061557, -0.004138389155979277, -7.298743778897166, 0.0, 6.655947693206578, -0.6427960856860202, 0.9995423265340735, 0.0, 4.661011537582133, 5.660553864120838, 6.615000000000003
0.0027577154308617217, 0.7868080664335193, 6.583560636936584E-4, 5.757961306277593, -0.005461407336193935, 0.0, 0.0013219354555905269, -0.004139471880603346, -7.296028457533996, 0.0, 6.748026065332395, -0.5480023921952172, 0.9994937338362934, 0.0, 4.740092169844435, 5.739585903687018, 6.615000000000004
0.002765330661322644, 0.7887480921927024, 6.601740660496181E-4, 5.836029012522886, -0.00547466907007419, 0.0, 0.0013342885308471955, -0.004140380539226975, -7.29331996605089, 0.0, 6.8420188922198415, -0.45130107382882395, 0.9994460658439742, 0.0, 4.820902645058881, 5.820348710905051, 6.615000000000004
0.002772945891783565, 0.7906800290934606, 6.619920684055775E-4, 5.915776360553991, -0.005487925885998928, 0.0, 0.0013468142412031217, -0.004141111644795768, -7.290618146049042, 0.0, 6.9379468173002286, -0.3526713287407172, 0.9993994356067607, 0.0, 4.903459841577161, 5.9028592771919595, 6.615000000000005
0.0027805611222444875, 0.7926037257294021, 6.638100707615371E-4, 5.997225886520027, -0.00550117779595344, 0.0, 0.0013595161230370925, -0.004141661672915992, -7.287922839933224, 0.0, 7.03582995509224, -0.2520928848369591, 0.9993539554344187, 0.0, 4.987780094267703, 5.987134049705611, 6.615000000000004
0.0027881763527054094, 0.7945190313238149, 6.656280731174966E-4, 6.08039982677883, -0.005514424811637546, 0.0, 0.0013723977487998043, -0.0041420270628377415, -7.285233891139529, 0.0, 7.135687869350546, -0.14954602178469, 0.9993097366712812, 0.0, 5.073879174335441, 6.073188911011018, 6.615000000000004
0.002795791583166331, 0.79642579583291, 6.674460754734561E-4, 6.165320088851331, -0.00552766694446747, 0.0, 0.0013854627259900082, -0.0041422042184776214, -7.282551144368891, 0.0, 7.237539551228109, -0.04501159313674072, 0.9992668894646182, 0.0, 5.161772269193792, 6.16103915866269, 6.615000000000004
0.0028034068136272533, 0.7983238700503463, 6.692640778294157E-4, 6.252008221073083, -0.005540904205578445, 0.0, 0.0013987146960964397, -0.004142189509481933, -7.279874445822015, 0.0, 7.341403397347414, 0.06152895153018359, 0.9992255225326713, 0.0, 5.251473962268802, 6.250699484806151, 6.615000000000005
0.0028110220440881743, 0.8002131057129702, 6.710820801853751E-4, 6.340485382101633, -0.0055541366058276765, 0.0, 0.0014121573334953813, -0.004141979272331953, -7.277203643437331, 0.0, 7.44729718792634, 0.1700935444963677, 0.9991857429301901, 0.0, 5.342998212895898, 6.342183955832938, 6.615000000000004
0.0028186372745490967, 0.8020933556076999, 6.729000825413347E-4, 6.430772309027361, -0.00556736415579764, 0.0, 0.0014257943443121424, -0.0041415698114856125, -7.27453858713221, 0.0, 7.555238064856891, 0.28069947772947246, 0.9991476558110718, 0.0, 5.436358336194412, 6.435505992010447, 6.615000000000004
0.0028262525050100186, 0.8039644736794465, 6.747180848972942E-4, 6.522889284928169, -0.005580586865799986, 0.0, 0.0014396294652368885, -0.004140957400562792, -7.271879129046944, 0.0, 7.665242509794284, 0.3933633807508746, 0.999111364189152, 0.0, 5.531566982991072, 6.530678347183306, 6.615000000000004
0.00283386773547094, 0.805826315140119, 6.765360872532537E-4, 6.616856105787974, -0.005593804745879729, 0.0, 0.0014536664623082396, -0.0041401382835712375, -7.269225123790067, 0.0, 7.777326322294611, 0.5081011985129598, 0.9990769686979428, 0.0, 5.628636119810149, 6.627713088516136, 6.615000000000004
0.0028414829659318625, 0.807678736578449, 6.783540896092133E-4, 6.7126920467176205, -0.005607017805819993, 0.0, 0.0014679091296514735, -0.004139108676168193, -7.266576428685868, 0.0, 7.8915045980041665, 0.6249281693257027, 0.9990445673489421, 0.0, 5.727577008952396, 6.726621576308262, 6.615000000000003
0.002849098196392784, 0.8095215960708124, 6.801720919651727E-4, 6.810415827000725, -0.005620226055147164, 0.0, 0.0014823612881804948, -0.004137864766966565, -7.263932904026294, 0.0, 8.007791706859493, 0.7438588028394412, 0.9990142552860563, 0.0, 5.828400188607672, 6.827414443899818, 6.615000000000004
0.002856713426853706, 0.8113547532927567, 6.819900943211323E-4, 6.910045574985816, -0.005633429503136613, 0.0, 0.0014970267842552565, -0.004136402718881035, -7.26129441331566, 0.0, 8.126201271426712, 0.8649068581180095, 0.9989861245479427, 0.0, 5.931115453141581, 6.93010157769601, 6.615000000000003
0.002864328657314628, 0.8131780696312543, 6.838080966770918E-4, 7.011598791934375, -0.005646628158818535, 0.0, 0.0015119094883083994, -0.004134718670509893, -7.25866082352737, 0.0, 8.246746145275278, 0.9880853217556848, 0.998960263818409, 0.0, 6.035731833430484, 7.034692097256314, 6.615000000000004
0.0028719438877755493, 0.8149914082974972, 6.856260990330513E-4, 7.115092315319998, -0.005659822030984682, 0.0, 0.0015270132934231961, -0.004132808737561014, -7.256032005352121, 0.0, 8.369438391480523, 1.113406386135805, 0.9989367581865084, 0.0, 6.1422575773651245, 7.141194335558348, 6.615000000000005
0.0028795591182364712, 0.8167946344404635, 6.874441013890108E-4, 7.220542281535927, -0.005673011128195423, 0.0, 0.0015423421138799215, -0.004130669014314595, -7.253407833452202, 0.0, 8.494289261283246, 1.2408814278343931, 0.9989156889008967, 0.0, 6.250700130525485, 7.24961581942841, 6.615000000000002
0.002887174348697393, 0.8185876152605536, 6.892621037449704E-4, 7.327964087578039, -0.005686195458786775, 0.0, 0.0015578998836602714, -0.004128295575126575, -7.250788186708816, 0.0, 8.621309172807646, 1.3705209861056895, 0.9988971331309767, 0.0, 6.361066116942935, 7.359963250080876, 6.615000000000003
0.002894789579158315, 0.8203702201240182, 6.9108010610093E-4, 7.437372353090723, -0.005699375030878839, 0.0, 0.0015736905549098706, -0.004125684475968533, -7.2481729484788175, 0.0, 8.750507690029478, 1.502334741555549, 0.9988811637205335, 0.0, 6.473361320141009, 7.472242483865802, 6.615000000000002
0.002902404809619237, 0.8221423206772496, 6.928981084568895E-4, 7.548780880585582, -0.005712549852383846, 0.0, 0.0015897180963730523, -0.004122831756010525, -7.245562006837901, 0.0, 8.88189350186853, 1.636331495036039, 0.9988678489541888, 0.0, 6.587590664307876, 7.586458513267086, 6.615000000000002
0.002910020040080159, 0.8239037909615181, 6.94716110812849E-4, 7.662202616097602, -0.005725719931015048, 0.0, 0.0016059864917766092, -0.0041197334392380075, -7.242955254832162, 0.0, 9.015474401478704, 1.7725191466555161, 0.9988572523165471, 0.0, 6.703758195707209, 7.702615448032109, 6.615000000000004
0.0029176352705410804, 0.8256545075275277, 6.965341131688085E-4, 7.777649608925458, -0.005738885274295834, 0.0, 0.001622499738188607, -0.004116385536107284, -7.24035259072266, 0.0, 9.151257265776927, 1.9109046750644314, 0.9988494322584989, 0.0, 6.821867064330489, 7.820716496599232, 6.615000000000003
0.002925250501002003, 0.8273943495502198, 6.983521155247681E-4, 7.895132971071689, -0.005752045889569671, 0.0, 0.0016392618443268614, -0.004112784045242249, -7.237753918230421, 0.0, 9.289248035186116, 2.0514941169625707, 0.9988444419640872, 0.0, 6.941919505802257, 7.940763947772416, 6.615000000000003
0.002932865731462924, 0.8291231989431109, 7.001701178807275E-4, 8.014662836063508, -0.005765201784010107, 0.0, 0.0016562768288461982, -0.004108924955163504, -7.235159146774828, 0.0, 9.429451693607446, 2.194292546841545, 0.9988423291239139, 0.0, 7.0639168235112875, 8.062759152643551, 6.615000000000003
0.0029404809619238462, 0.8308409404725987, 7.019881202366871E-4, 8.13624831746256, -0.005778352964631413, 0.0, 0.0016735487185770004, -0.004104804246053875, -7.232568191710153, 0.0, 9.571872248745944, 2.339304057041579, 0.998843135711091, 0.0, 7.187859371130957, 8.18670250684707, 6.615000000000002
0.002948096192384768, 0.8325474618717266, 7.038061225926466E-4, 8.259897467328301, -0.0057914994382995185, 0.0, 0.0016910815467311296, -0.004100417891567537, -7.229980974562873, 0.0, 9.716512712622313, 2.486531738064261, 0.9988468977566721, 0.0, 7.31374653533814, 8.312593433098424, 6.615000000000004
0.0029557114228456896, 0.8342426539534831, 7.056241249486061E-4, 8.385617233985613, -0.005804641211743414, 0.0, 0.0017088793510809663, -0.004095761860662059, -7.227397423253976, 0.0, 9.8633750824707, 2.6359776592248343, 0.9988536451405355, 0.0, 7.4415767189220725, 8.440430364070169, 6.615000000000003
0.002963326653306612, 0.8359264107236086, 7.074421273045657E-4, 8.513413419742392, -0.0058177782915671055, 0.0, 0.0017269461720892804, -0.0040908321194774305, -7.224817472327012, 0.0, 10.012460321970291, 2.787642849648547, 0.9988634013770971, 0.0, 7.571347324262422, 8.570210725644229, 6.615000000000002
0.002970941883767533, 0.8375986294924767, 7.092601296605251E-4, 8.643290638371582, -0.005830910684261683, 0.0, 0.0017452860510186047, -0.004085624633242732, -7.2222410631652405, 0.0, 10.163768342776693, 2.9415272796182093, 0.9988761834119007, 0.0, 7.703054737101503, 8.701930920519672, 6.615000000000003
0.0029785571142284554, 0.8392592109861461, 7.110781320164847E-4, 8.775252272655962, -0.005844038396218282, 0.0, 0.0017639030280011264, -0.004080135368216914, -7.21966814420205, 0.0, 10.317297986494037, 3.097629842297002, 0.9988920014259424, 0.0, 7.8366943107783635, 8.835586312208981, 6.615000000000003
0.002986172344689377, 0.8409080594564564, 7.128961343724441E-4, 8.90930043138269, -0.005857161433740584, 0.0, 0.0017828011400782828, -0.004074360293662149, -7.217098671129254, 0.0, 10.473047006996378, 3.255948335877259, 0.9989108586412895, 0.0, 7.9722603508200685, 8.971171209471278, 6.615000000000004
0.002993787575150299, 0.8425450827899255, 7.147141367284037E-4, 9.045435907006322, -0.005870279803058574, 0.0, 0.0018019844192026097, -0.0040682953838552804, -7.214532607090363, 0.0, 10.631012053226753, 3.41647944614593, 0.9989327511432312, 0.0, 8.109746100028776, 9.10867885118059, 6.615000000000004
0.003001402805611221, 0.8441701926152838, 7.165321390843634E-4, 9.183658132938945, -0.0058833935103422665, 0.0, 0.001821456890222145, -0.004061936620119638, -7.211969922876273, 0.0, 10.791188652385756, 3.5792187295136353, 0.998957667699764, 0.0, 8.249143723947887, 9.248101391651128, 6.615000000000003
0.0030090180360721427, 0.8457833044098395, 7.183501414403228E-4, 9.323965140531982, -0.005896502561715485, 0.0, 0.0018412225688163308, -0.004055279992898481, -7.209410597100141, 0.0, 10.953571193614673, 3.7441605965199334, 0.9989855896017149, 0.0, 8.390444296855662, 9.38942988646184, 6.615000000000003
0.0030166332665330646, 0.8473843376037946, 7.201681437962824E-4, 9.466353517699645, -0.005909606963270459, 0.0, 0.001861285459421269, -0.004048321503848928, -7.206854616379863, 0.0, 11.118152912180056, 3.9112982958052696, 0.9990164904961708, 0.0, 8.533637788240085, 9.532654278740967, 6.615000000000002
0.0030242484969939865, 0.8489732156833654, 7.219861461522419E-4, 9.610818366059902, -0.005922706721082516, 0.0, 0.0018816495531119581, -0.0040410571679707075, -7.204301975489013, 0.0, 11.284925874153572, 4.08062389867081, 0.9990503362513596, 0.0, 8.678713049793943, 9.67776338605176, 6.615000000000004
0.003031863727454908, 0.8505498662915167, 7.238041485082014E-4, 9.757353259513366, -0.0059358018412250125, 0.0, 0.0019023188254668477, -0.004033483015758094, -7.201752677520356, 0.0, 11.45388096165685, 4.252128284147105, 0.9990870848090168, 0.0, 8.825657802964507, 9.824744887784036, 6.615000000000001
0.00303947895791583, 0.8521142213269979, 7.256221508641609E-4, 9.905950203037719, -0.005948892329784666, 0.0, 0.0019232972344012944, -0.004025595095383305, -7.19920673401857, 0.0, 11.625007858658998, 4.4258011246454, 0.999126686067885, 0.0, 8.974458627064022, 9.973585313136788, 6.615000000000003
0.003047094188376752, 0.8536662170409919, 7.274401532201204E-4, 10.056599592058774, -0.005961978192876829, 0.0, 0.0019445887179745935, -0.004017389474901628, -7.196664165115414, 0.0, 11.798295037349597, 4.60163087224015, 0.999169081764427, 0.0, 9.125100947957382, 10.124270029726942, 6.615000000000003
0.003054709418837674, 0.8552057941313471, 7.2925815557608E-4, 10.209290172015244, -0.005975059436661408, 0.0, 0.001966197192178748, -0.004008862244481437, -7.194124999643712, 0.0, 11.97372974518388, 4.779604745542534, 0.9992142053753786, 0.0, 9.277569027412348, 10.276783232788416, 6.615000000000003
0.0030623246492985957, 0.8567328978343784, 7.310761579320395E-4, 10.364008999267753, -0.00598813606735882, 0.0, 0.001988126548698621, -0.004000009518659864, -7.1915892752420705, 0.0, 12.151297992501743, 4.959708717265877, 0.9992619820293683, 0.0, 9.431845953028398, 10.431107935063515, 6.615000000000003
0.0030699398797595172, 0.8582474780137499, 7.32894160287999E-4, 10.520741402180647, -0.006001208091265706, 0.0, 0.002010380652652688, -0.0039908274386123155, -7.189057038447785, 0.0, 12.33098454087106, 5.1419275024349265, 0.9993123284297772, 0.0, 9.587913628881958, 10.58722595732243, 6.615000000000003
0.003077555110220439, 0.8597494892466386, 7.347121626439585E-4, 10.679470943321576, -0.006014275514771772, 0.0, 0.0020329633403125547, -0.003981312174459295, -7.186528344765119, 0.0, 12.512772892114143, 5.326244547356345, 0.9993651528035193, 0.0, 9.745752766849483, 10.74511791966043, 6.615000000000004
0.003085170340681361, 0.8612388909066677, 7.36530164999918E-4, 10.840179383583745, -0.00602733834437558, 0.0, 0.0020558784168013267, -0.003971459927574056, -7.184003258732858, 0.0, 12.696645278041824, 5.512642019312091, 0.9994203548488749, 0.0, 9.905342878632894, 10.904763233484626, 6.615000000000003
0.0030927855711422826, 0.8627156472435029, 7.383481673558775E-4, 11.00284664548417, -0.006040396586701642, 0.0, 0.0020791296537790993, -0.00396126693292248, -7.181481853961184, 0.0, 12.882582650985457, 5.701100797027115, 0.9994778257155474, 0.0, 10.0666622685665, 11.066140094284803, 6.615000000000003
0.003100400801603205, 0.8641797274590566, 7.401661697118371E-4, 11.167450779648789, -0.006053450248515982, 0.0, 0.002102720787107687, -0.003950729461407537, -7.178964213163452, 0.0, 13.070564675048443, 5.8916004618937565, 0.9995374479874782, 0.0, 10.229688027137987, 11.229225475133207, 6.615000000000003
0.003108016032064127, 0.8656311057799488, 7.419841720677966E-4, 11.33396793126667, -0.00606649933674379, 0.0, 0.0021266555145022514, -0.003939843822240746, -7.176450428159351, 0.0, 13.260569718230679, 6.084119290073322, 0.9995990956969083, 0.0, 10.394396025366602, 11.393995121064437, 6.615000000000002
0.0031156312625250484, 0.8670697615260483, 7.438021744237562E-4, 11.502372309134444, -0.006079543858485288, 0.0, 0.0021509374931651393, -0.003928606365319887, -7.173940599871252, 0.0, 13.45257484536301, 6.278634245495313, 0.9996626343425709, 0.0, 10.560760909982235, 11.560423544328012, 6.615000000000003
0.0031232464929859707, 0.8684956791749361, 7.456201767797158E-4, 11.67263615515185, -0.006092583821032182, 0.0, 0.0021755703374141677, -0.003917013483617698, -7.171434838287757, 0.0, 13.64655581190603, 6.475120973626695, 0.9997279209412747, 0.0, 10.72875609944343, 11.728484020392706, 6.615000000000002
0.0031308617234468918, 0.8699088484220852, 7.474381791356752E-4, 11.844729716629445, -0.006105619231884773, 0.0, 0.0022005576162967277, -0.003905061615587957, -7.168933262415921, 0.0, 13.842487058690336, 6.673553796281678, 0.9997948040914761, 0.0, 10.898353780883447, 11.898148584982065, 6.615000000000002
0.003138476953907814, 0.871309264236448, 7.492561814916348E-4, 12.018621220102432, -0.006118650098767647, 0.0, 0.002225902851194339, -0.003892747247573214, -7.166436000210908, 0.0, 14.040341707506345, 6.87390570730487, 0.999863124057257, 0.0, 11.069524907886532, 12.0693880319531, 6.615000000000004
0.0031460921843687356, 0.8726969269112903, 7.510741838475942E-4, 12.194276846646972, -0.006131676429646094, 0.0, 0.00225160951342232, -0.0038800669162236123, -7.163943188481365, 0.0, 14.240091557781765, 7.076148369307336, 0.9999327128774212, 0.0, 11.242239199326571, 12.242171912210713, 6.615000000000004
0.0031537074148296576, 0.8740718421099665, 7.528921862035538E-4, 12.371660709886783, -0.006144698232741996, 0.0, 0.0022776810218237964, -0.0038670172109178114, -7.161454972769396, 0.0, 14.441707084111037, 7.28025211135935, 1.0000033944990092, 0.0, 11.416465139033928, 12.41646853355013, 6.615000000000004
0.0031613226452905795, 0.875434020906587, 7.547101885595133E-4, 12.550734836961055, -0.006157715516549658, 0.0, 0.0023041207403604047, -0.0038535947761887124, -7.158971507214396, 0.0, 14.645157434960494, 7.486185927750831, 1.0000749849267199, 0.0, 11.592169976611492, 12.592244961542228, 6.615000000000004
0.003168937875751501, 0.8767834798214302, 7.565281909154728E-4, 12.731459150281808, -0.006170728289851659, 0.0, 0.002330931975696532, -0.003839796314154431, -7.156492954381859, 0.0, 14.850410432276936, 7.693917477910376, 1.0001472924071946, 0.0, 11.769319729132249, 12.769467021553824, 6.615000000000005
0.0031765531062124233, 0.878120240849876, 7.583461932714324E-4, 12.91379145364408, -0.006183736561733183, 0.0, 0.0023581179747943215, -0.0038256185869383896, -7.154019485073154, 0.0, 15.057432572326704, 7.903413087265306, 1.0002201176301162, 0.0, 11.947879184023101, 12.948099301664351, 6.615000000000004
0.003184168336673345, 0.8794443314864218, 7.601641956273918E-4, 13.097687420317015, -0.006196740341597335, 0.0, 0.0023856819225018533, -0.0038110584190949315, -7.1515512781047486, 0.0, 15.266189027577184, 8.114637749481751, 1.0002932539610285, 0.0, 12.127811902970754, 13.128105156940377, 6.615000000000004
0.0031917835671342668, 0.8807557847417424, 7.619821979833514E-4, 13.28310058401803, -0.006209739639179783, 0.0, 0.0024136269391481224, -0.003796112700030607, -7.1490885200625085, 0.0, 15.476643649780753, 8.327555129723365, 1.0003664876979999, 0.0, 12.309080226992156, 13.309446714693895, 6.615000000000002
0.0031993987975951887, 0.882054639153619, 7.638002003393109E-4, 13.469982333725056, -0.006222734464561772, 0.0, 0.0024419560781506755, -0.0037807783864109434, -7.146631405023477, 0.0, 15.68875897418876, 8.542127569179598, 1.0004395983585341, 0.0, 12.491645282590014, 13.492084880962665, 6.615000000000002
0.0032070140280561106, 0.883340938790818, 7.656182026952704E-4, 13.658281911590166, -0.006235724828184247, 0.0, 0.0024706723236173345, -0.003765052504566213, -7.144180134247377, 0.0, 15.902496225133659, 8.758316090894526, 1.0005123589980771, 0.0, 12.675466989256536, 13.675979348261945, 6.615000000000002
0.003214629258517032, 0.8846147332507055, 7.674362050512299E-4, 13.847946413516183, -0.006248710740860253, 0.0, 0.0024997785879830037, -0.0037489321528767494, -7.141734915841924, 0.0, 16.117815322680247, 8.976080406848562, 1.0005845365523263, 0.0, 12.860504067973242, 13.861088604535157, 6.615000000000003
0.0032222444889779545, 0.885876077648593, 7.692542074071895E-4, 14.038920795253944, -0.006261692213787157, 0.0, 0.0025292777096299623, -0.003732414504156345, -7.139295964388378, 0.0, 16.334674890780285, 9.19537892639643, 1.0006558922189581, 0.0, 13.04671405120942, 14.047369943431796, 6.615000000000004
0.003229859719438876, 0.887125032600272, 7.71072209763149E-4, 14.231147881044308, -0.006274669258557897, 0.0, 0.00255917245055165, -0.0037154968080053696, -7.136863500537833, 0.0, 16.553032266585262, 9.416168766056625, 1.0007261818672586, 0.0, 13.23405329399623, 14.234779475871548, 6.615000000000005
0.003237474949899798, 0.8883616641966174, 7.728902121191086E-4, 14.42456837692589, -0.006287641887172039, 0.0, 0.0025894654940184503, -0.003698176393153396, -7.13443775057704, 0.0, 16.772843511283522, 9.638405760719014, 1.0007951564778925, 0.0, 13.422476986497735, 14.423272142987905, 6.615000000000003
0.00324509018036072, 0.8895860439694285, 7.747082144750681E-4, 14.619120888928592, -0.006300610112044651, 0.0, 0.0026201594422702867, -0.00368045066977446, -7.132018945948493, 0.0, 16.994063422208864, 9.862044476275372, 1.0008625626254923, 0.0, 13.611939167794356, 14.612801730434972, 6.615000000000004
0.0032527054108216413, 0.8907982488500927, 7.765262168310276E-4, 14.814741944515845, -0.006313573946016898, 0.0, 0.002651256814222569, -0.003662317131793047, -7.129607322740569, 0.0, 17.216645546574433, 10.08703822384473, 1.0009281429934014, 0.0, 13.80239274125095, 14.803320884253564, 6.615000000000004
0.0032603206412825637, 0.891998361117956, 7.783442191869872E-4, 15.011366021026333, -0.006326533402361863, 0.0, 0.002682760043227539, -0.0036437733591336285, -7.127203121139137, 0.0, 17.440542196455745, 10.313339075331163, 1.000991636920721, 0.0, 13.993789491039891, 14.99478112797427, 6.615000000000005
0.0032679358717434847, 0.8931864683412805, 7.801622215429466E-4, 15.208925577171613, -0.00633948849479316, 0.0, 0.0027146714748189638, -0.003624817019972637, -7.124806584838364, 0.0, 17.665704465578987, 10.540897880746902, 1.001052780993775, 0.0, 14.186080100469269, 15.187132881467324, 6.615000000000004
0.003275551102204407, 0.8943626633073762, 7.819802238989062E-4, 15.407351090747397, -0.006352439237470265, 0.0, 0.002746993364530159, -0.00360544587293965, -7.122417960410634, 0.0, 17.892082247413686, 10.769664287017875, 1.001111309674211, 0.0, 14.379214171500188, 15.380325481188635, 6.615000000000004
0.0032831663326653294, 0.8955270439441954, 7.837982262548658E-4, 15.606571102747694, -0.006365385645002842, 0.0, 0.002779727875722615, -0.003585657769279438, -7.1200374966341675, 0.0, 18.119624255109734, 10.999586758480747, 1.0011669559681837, 0.0, 14.573140246075074, 15.574307202047429, 6.615000000000004
0.0032907815631262505, 0.8966797132313502, 7.856162286108252E-4, 15.806512265531637, -0.006378327732454156, 0.0, 0.0028128770774616396, -0.003565450654991531, -7.117665443783586, 0.0, 18.348278042814457, 11.230612599041942, 1.0012194521314413, 0.0, 14.767805828746853, 15.769025280888114, 6.615000000000002
0.003298396793587173, 0.8978207791007478, 7.874342309667848E-4, 16.00709939915032, -0.0063912655153434, 0.0, 0.0028464429424331916, -0.0035448225729081684, -7.115302052867766, 0.0, 18.57799002896072, 11.462687976102448, 1.001268530425802, 0.0, 14.963157411208728, 15.964425941641434, 6.615000000000002
0.0033060120240480943, 0.898950354327205, 7.892522333227442E-4, 16.208255552639457, -0.006404199009646196, 0.0, 0.0028804273448929107, -0.0035237716647524286, -7.1129475748221624, 0.0, 18.80870552107323, 11.69575794626794, 1.0013139239189688, 0.0, 15.159140498284076, 16.160454422218837, 6.615000000000003
0.0033136272545090163, 0.900068556407259, 7.910702356787038E-4, 16.40990207246068, -0.006417128231793946, 0.0, 0.002914832058679262, -0.0035022961731136504, -7.110602259666057, 0.0, 19.040368742470083, 11.929766482809443, 1.001355367318012, 0.0, 15.355699635714394, 16.357055003036518, 6.615000000000003
0.003321242484969938, 0.9011755074270553, 7.928882380346633E-4, 16.61195867828428, -0.006430053198670297, 0.0, 0.002949658755261375, -0.0034803944434082523, -7.108266355594699, 0.0, 19.272922860676843, 12.164656505084555, 1.0013925978645004, 0.0, 15.552778439600916, 16.554171037466983, 6.615000000000004
0.0033288577154308597, 0.9022713339184776, 7.947062403906228E-4, 16.814343545942393, -0.006442973927608404, 0.0, 0.002984909001853442, -0.0034580649257541785, -7.105940108040216, 0.0, 19.506310017772538, 12.400369909733037, 1.001425356262017, 0.0, 15.750319627680387, 16.751744983942135, 6.615000000000005
0.003336472945891782, 0.9033561667032721, 7.965242427465824E-4, 17.016973397072434, -0.006455890436384219, 0.0, 0.003020584259576242, -0.003435306176807207, -7.103623758656187, 0.0, 19.74047136262293, 12.636847603975344, 1.0014533876751741, 0.0, 15.94826505241618, 16.94971844009899, 6.615000000000004
0.0033440881763527035, 0.9044301407245463, 7.983422451025418E-4, 17.21976359913606, -0.0064688027432083725, 0.0, 0.0030566858816754028, -0.0034121168615310893, -7.101317544281821, 0.0, 19.97534708506049, 12.8740295407798, 1.0014764427475087, 0.0, 16.14655573595333, 17.148032178699612, 6.615000000000004
0.0033517034068136255, 0.905493394865502, 8.001602474585015E-4, 17.42262826998558, -0.0064817108667177825, 0.0, 0.0030932151118280293, -0.00338849575488942, -7.09902169582153, 0.0, 20.210876451984966, 13.111854756176534, 1.0014942787038623, 0.0, 16.345131906873146, 17.346626185589688, 6.615000000000003
0.0033593186372745474, 0.9065460717552476, 8.01978249814461E-4, 17.625480394723127, -0.006494614825962006, 0.0, 0.003130173082474763, -0.003364441743487212, -7.096736437091569, 0.0, 20.44699784563926, 13.3502614085515, 1.0015066604794007, 0.0, 16.543933039082557, 17.545439699565726, 6.615000000000004
0.003366933867735469, 0.907588317560478, 8.037962521704205E-4, 17.828231949541077, -0.006507514640390427, 0.0, 0.003167560813270076, -0.0033399538271197127, -7.094461983592047, 0.0, 20.683648803774894, 13.589186820195822, 1.0015133619246266, 0.0, 16.74289789243761, 17.74441125437442, 6.615000000000004
0.003374549098196391, 0.9086202817635467, 8.0561425452638E-4, 18.030794034715655, -0.006520410329835913, 0.0, 0.0032053792095778633, -0.00331503112025755, -7.092198541244962, 0.0, 20.920766062114755, 13.828567520877144, 1.0015141670402907, 0.0, 16.94196455560181, 17.943478722648834, 6.615000000000004
0.003382164328657313, 0.9096421169263884, 8.074322568823396E-4, 18.233077018503536, -0.006533301914495509, 0.0, 0.0032436290610448615, -0.003289672853449832, -7.0899463050376355, 0.0, 21.158285598913032, 14.068339293884387, 1.001508871303619, 0.0, 17.141070490899917, 18.142579362211517, 6.615000000000003
0.0033897795591182347, 0.9106539784390257, 8.092502592382991E-4, 18.434990689685947, -0.006546189414910038, 0.0, 0.0032823110402777633, -0.0032638783746302136, -7.087705457642287, 0.0, 21.39614268173908, 14.308437224109769, 1.0014972830174322, 0.0, 17.34015258126359, 18.341649864291455, 6.615000000000003
0.0033973947895791566, 0.9116560242534888, 8.110682615942586E-4, 18.636444421925262, -0.006559072851940583, 0.0, 0.0033214257015898307, -0.0032376471503514637, -7.085476167936696, 0.0, 21.634271916520394, 14.548795748597566, 1.0014792247547697, 0.0, 17.53914717934828, 18.540626404117795, 6.615000000000003
0.0034050100200400785, 0.9126484146014207, 8.128862639502181E-4, 18.837347347303876, -0.006571952246740401, 0.0, 0.003360973479842211, -0.0032109787668967993, -7.083258589493451, 0.0, 21.87260729892287, 14.789348709432037, 1.001454534829772, 0.0, 17.737990158869877, 18.73944469370056, 6.615000000000003
0.003412625250501, 0.9136313116964772, 8.147042663061776E-4, 19.037608543327224, -0.006584827620727783, 0.0, 0.003400954689390001, -0.003183872931336762, -7.081052858978838, 0.0, 22.111082268053977, 15.030029409087343, 1.0014230688606134, 0.0, 17.93661696813633, 18.938040037007898, 6.615000000000002
0.0034202404809619224, 0.9146048794196595, 8.165222686621372E-4, 19.237137228752545, -0.006597698995552816, 0.0, 0.0034413695231141905, -0.0031563294724383795, -7.078859094492897, 0.0, 22.349629762712734, 15.27077066823948, 1.0013847013843098, 0.0, 18.134962686023158, 19.13634738742681, 6.615000000000004
0.0034278557114228434, 0.9155692829874731, 8.183402710180966E-4, 19.435842973452964, -0.00661056639306162, 0.0, 0.0034822180515680645, -0.0031283483414928925, -7.0766773938438075, 0.0, 22.588182279880694, 15.511504886037363, 1.0013393275347193, 0.0, 18.332962080053747, 19.334301407588136, 6.615000000000003
0.003435470941883766, 0.9165246886035661, 8.201582733740562E-4, 19.63363592161113, -0.006623429835258727, 0.0, 0.0035235002222296363, -0.003099929613028851, -7.074507832744665, 0.0, 22.826671935892143, 15.75216410315593, 1.0012868647965076, 0.0, 18.53054966703509, 19.531836531839755, 6.615000000000002
0.0034430861723446877, 0.9174712630918798, 8.219762757300157E-4, 19.830427023414813, -0.006636289344264353, 0.0, 0.0035652158588661, -0.0030710734853957034, -7.072350462939112, 0.0, 23.065030530181488, 15.992680067240768, 1.0012272548247168, 0.0, 18.727659776141472, 19.72888703096148, 6.615000000000003
0.003450701402805609, 0.9184091735114777, 8.237942780859752E-4, 20.026128286277526, -0.006649144942270358, 0.0, 0.003607364661016521, -0.0030417802812523487, -7.070205310249654, 0.0, 23.303189611564125, 16.232984301328106, 1.0011604653407655, 0.0, 18.924226614396964, 19.92538707974956, 6.615000000000002
0.0034583166332665316, 0.9193385867527972, 8.256122804419348E-4, 20.220653035037685, -0.006661996651489626, 0.0, 0.003649946203602372, -0.0030120504478873267, -7.068072372562631, 0.0, 23.541080547171706, 16.47300817462491, 1.0010864920845648, 0.0, 19.120184334667908, 20.121270826768395, 6.615000000000003
0.0034659318637274526, 0.9202596691148308, 8.274302827978942E-4, 20.413916188532312, -0.006674844494104586, 0.0, 0.0036929599366551935, -0.002981884557448633, -7.065951617716048, 0.0, 23.778634594260808, 16.712682976549107, 1.0010053608635774, 0.0, 19.315467106399808, 20.316472467266816, 6.615000000000004
0.003473547094188375, 0.9211725858620632, 8.292482851538539E-4, 20.605834551344742, -0.006687688492210207, 0.0, 0.003736405185194025, -0.00295128330701544, -7.063842981319664, 0.0, 24.01578297457512, 16.951939993266112, 1.000917129663758, 0.0, 19.51000918874113, 20.510926318414647, 6.615000000000003
0.0034811623246492965, 0.9220775007615742, 8.310662875098133E-4, 20.79632711893646, -0.006700528667753575, 0.0, 0.0037802811492201327, -0.0029202475185318155, -7.061746364497277, 0.0, 24.25245695176197, 17.190710587306423, 1.0008218908351287, 0.0, 19.703745006596595, 20.70456689747149, 6.615000000000003
0.0034887775551102184, 0.9229745755991807, 8.328842898657729E-4, 20.985315400976106, -0.006713365042468448, 0.0, 0.0038245869038737723, -0.002888778138593784, -7.059661631524126, 0.0, 24.48858791159759, 17.428926280079537, 1.0007197733771107, 0.0, 19.896609229312517, 20.897329002694626, 6.615000000000005
0.0034963927855711403, 0.9238639696745423, 8.347022922217324E-4, 21.172723759205837, -0.006726197637806734, 0.0, 0.0038693213997246234, -0.002856876238080508, -7.057588607409827, 0.0, 24.724107444939126, 17.66651883754799, 1.0006109452756826, 0.0, 20.088536851948867, 21.08914779724132, 6.6150000000000055
0.0035040080160320623, 0.9247458392743653, 8.365202945776919E-4, 21.35847976306104, -0.006739026474864872, 0.0, 0.0039144834632297565, -0.002824543011635372, -7.055527075366064, 0.0, 24.95894743413016, 17.903420358777726, 1.0004956159507017, 0.0, 20.279463279826476, 21.279958895791115, 6.615000000000004
0.003511623246492984, 0.9256203371228224, 8.383382969336515E-4, 21.542514562097494, -0.006751851574304749, 0.0, 0.003960071797336373, -0.002791779776966208, -7.053476774203564, 0.0, 25.19304014192916, 18.13956336774762, 1.0003740387685516, 0.0, 20.469324415448657, 21.469698454236646, 6.615000000000004
0.003519238476953906, 0.9264876118106287, 8.40156299289611E-4, 21.724763277423335, -0.006764672956271329, 0.0, 0.004006084982265512, -0.0027585879740044117, -7.051437395624546, 0.0, 25.426318304050493, 18.37488090844202, 1.0002465136565664, 0.0, 20.658056748846025, 21.65830326251699, 6.615000000000003
0.0035268537074148276, 0.9273478071986645, 8.419743016455705E-4, 21.90516541013494, -0.0067774906403039945, 0.0, 0.00405252147645252, -0.002724969163852342, -7.049408581438852, 0.0, 25.658715224469333, 18.60930664304054, 1.000113389787512, 0.0, 20.845597450527546, 21.84571084032615, 6.615000000000005
0.0035344689378757495, 0.9282010617997116, 8.4379230400153E-4, 22.08366527043836, -0.006790304645243661, 0.0, 0.004099379617661825, -0.002690925027579616, -7.047389920664302, 0.0, 25.89016487412483, 18.842774953486124, 0.999975068376115, 0.0, 21.031884467653626, 22.031859536052707, 6.615000000000004
0.0035420841683366715, 0.9290475081339622, 8.456103063574895E-4, 22.260212424924248, -0.00680311498913392, 0.0, 0.00414665762431321, -0.0026564573648196754, -7.045380946546395, 0.0, 26.12060199304531, 19.075221046497962, 0.9998320055505251, 0.0, 21.216856623413815, 22.216688628962167, 6.615000000000004
0.003549699398797593, 0.9298872720608173, 8.47428308713449E-4, 22.434762165874417, -0.0068159216891154895, 0.0, 0.004194353596952638, -0.002621568092161075, -7.043381133469903, 0.0, 26.349962195466944, 19.30658106200936, 0.9996847153253813, 0.0, 21.400453719262703, 22.40013843459831, 6.615000000000002
0.0035573146292585153, 0.9307204720845945, 8.492463110694086E-4, 22.607276000708225, -0.006828724761319634, 0.0, 0.004242465519960104, -0.0025862592413596897, -7.0413898937746335, 0.0, 26.578182078702085, 19.536792184934296, 0.9995337726709698, 0.0, 21.5826166406635, 22.582150413341502, 6.615000000000004
0.003564929859719437, 0.9315472186334972, 8.510643134253681E-4, 22.777722161015845, -0.006841524220749046, 0.0, 0.0042909912634087055, -0.002550532957338092, -7.0394065744635075, 0.0, 26.80519933533824, 19.765792760884615, 0.999379816676832, 0.0, 21.76328746602451, 22.76266728270858, 6.615000000000004
0.0035725450901803587, 0.9323676133129268, 8.528823157813276E-4, 22.946076138941862, -0.006854320081157363, 0.0, 0.004339928585202268, -0.002514391495955559, -7.03743045381015, 0.0, 27.030952868803823, 19.993522415024508, 0.9992235538158637, 0.0, 21.942409578717605, 22.94163313256485, 6.615000000000004
0.003580160320641281, 0.9331817481302238, 8.547003181372873E-4, 23.112321240114397, -0.006867112354921795, 0.0, 0.0043892751333423075, -0.002477837221579793, -7.035460737851967, 0.0, 27.255382912904572, 20.219922175073737, 0.9990657613165475, 0.0, 22.11992778296127, 23.118993544299308, 6.615000000000003
0.003587775551102202, 0.9339897046922587, 8.565183204932466E-4, 23.27644916529971, -0.006879901052906472, 0.0, 0.004439028448490534, -0.0024408726044142792, -7.033496556781775, 0.0, 27.478431154559132, 20.44493459779575, 0.9989072906274842, 0.0, 22.295788422604243, 23.294695713248185, 6.615000000000003
0.0035953907815631245, 0.9347915533741755, 8.583363228492063E-4, 23.438460613608186, -0.0068926861843237874, 0.0, 0.004489185966709108, -0.0024035002176128195, -7.031536961220921, 0.0, 27.700040860567192, 20.668503899356452, 0.9987490709999295, 0.0, 22.469939503784957, 23.4686885747929, 6.615000000000004
0.003603006012024046, 0.9355873524587963, 8.601543252051657E-4, 23.59836591147905, -0.006905467756584231, 0.0, 0.004539745022446806, -0.0023657227341358222, -7.029580918378766, 0.0, 27.92015700812255, 20.890576089748844, 0.9985921131724326, 0.0, 22.64233082110201, 23.64092293427764, 6.615000000000003
0.003610621242484968, 0.9363771472458424, 8.619723275611253E-4, 23.756185666949023, -0.006918245775141781, 0.0, 0.004590702851785644, -0.0023275429233567957, -7.027627308104247, 0.0, 28.13872641894916, 21.111099110865453, 0.9984375131601974, 0.0, 22.81291408716047, 23.81135160034197, 6.615000000000004
0.0036182364729458903, 0.9371609691317389, 8.637903299170849E-4, 23.911951450936613, -0.006931020243331837, 0.0, 0.004642056595904109, -0.0022889636474259234, -7.025674918801955, 0.0, 28.355697897615485, 21.330022978820434, 0.998286456173317, 0.0, 22.981643066103654, 23.979929522281786, 6.615000000000004
0.0036258517034068113, 0.9379388346571531, 8.656083322730443E-4, 24.06570650562935, -0.006943791162200563, 0.0, 0.004693803304821276, -0.0022499878573782883, -7.02372244325244, 0.0, 28.571022373624203, 21.547299930384263, 0.9981402206229337, 0.0, 23.148473710656063, 24.146613931290346, 6.615000000000004
0.0036334669338677337, 0.9387107445225311, 8.674263346290039E-4, 24.217506479624717, -0.0069565585303278665, 0.0, 0.004745939941383837, -0.002210618588943447, -7.021768474283277, 0.0, 28.78465304768689, 21.762884573414745, 0.9980001822714819, 0.0, 23.31336430313469, 24.311364485416636, 6.615000000000003
0.003641082164328655, 0.9394766825729519, 8.692443369849633E-4, 24.367420193491853, -0.006969322343640345, 0.0, 0.004798463385541796, -0.0021708589580972104, -7.019811500323826, 0.0, 28.996545541972175, 21.97673404168061, 0.9978678184899632, 0.0, 23.476275600167767, 24.47414341868845, 6.615000000000003
0.003648697394789577, 0.9402366147472279, 8.710623393409229E-4, 24.51553043475724, -0.006982082595218896, 0.0, 0.004851370438879177, -0.0021307121563397535, -7.017849900845929, 0.0, 29.20665805463408, 22.18880815379196, 0.9977447126254672, 0.0, 23.637170981470177, 24.634915694099497, 6.615000000000004
0.003656312625250499, 0.940990487995542, 8.728803416968824E-4, 24.661934781041055, -0.006994839275095928, 0.0, 0.004904657829445158, -0.0020901814456492085, -7.015881941655922, 0.0, 29.41495151841482, 22.399069576784196, 0.9976325585079092, 0.0, 23.796016602421084, 24.7936491609525, 6.615000000000004
0.0036639278557114205, 0.9417382291610252, 8.746983440528419E-4, 24.806746456815745, -0.007007592370042823, 0.0, 0.004958322216877642, -0.0020492701531676927, -7.013905770053241, 0.0, 29.621389763908752, 22.607483993864083, 0.9975331650815015, 0.0, 23.952781551043422, 24.950314716136365, 6.615000000000003
0.003671543086172343, 0.9424797438264179, 8.765163464088015E-4, 24.95009522070177, -0.00702034186335284, 0.0, 0.00501236019781004, -0.0020079816655397265, -7.011919409874914, 0.0, 29.82593968670265, 22.81402027684738, 0.9974484611477643, 0.0, 24.107438008614942, 25.104886469778844, 6.615000000000002
0.003679158316633265, 0.9432149151250755, 8.78334348764761E-4, 25.092128287098603, -0.007033087734609748, 0.0, 0.005066768311619896, -0.0019663194229884162, -7.009920756376664, 0.0, 30.028571419474332, 23.018650663112908, 0.9973805002583276, 0.0, 24.259961414929357, 25.257341915201287, 6.615000000000003
0.0036867735470941863, 0.9439436025147856, 8.801523511207205E-4, 25.233011279517086, -0.0070458299594498425, 0.0, 0.005121543046454846, -0.0019242869129949547, -7.00790757099715, 0.0, 30.229258508129494, 23.2213509371758, 0.997331465719853, 0.0, 24.41033063736547, 25.40766210312873, 6.615000000000003
0.0036943887775551082, 0.9446656405149412, 8.8197035347668E-4, 25.37292922141205, -0.007058568509314148, 0.0, 0.0051766808456077396, -0.0018818876637043402, -7.005877475954352, 0.0, 30.427978093049276, 23.42210061710671, 0.9973036757585673, 0.0, 24.55852814475845, 25.55583182052646, 6.615000000000002
0.00370200400801603, 0.9453808374044215, 8.837883558326395E-4, 25.51208755801781, -0.00707130335119055, 0.0, 0.005232178114223496, -0.001839125236966721, -7.003827948719745, 0.0, 30.624711094444642, 23.620883145713112, 0.9972995887985483, 0.0, 24.704540185093695, 25.70183977388008, 6.615000000000003
0.0037096192384769517, 0.9460889738812952, 8.85606358188599E-4, 25.650713220238686, -0.007084034447344935, 0.0, 0.005288031226336365, -0.0017960032210080357, -7.0017563163318695, 0.0, 30.81944240287289, 23.817686086568404, 0.9973218088912515, 0.0, 24.848356968084016, 25.845678777002046, 6.615000000000003
0.003717234468937874, 0.9467898016831526, 8.874243605445587E-4, 25.789055721339537, -0.007096761755041349, 0.0, 0.005344236532272673, -0.0017525252227688082, -6.9996597495684725, 0.0, 31.01216107448769, 24.012501324968863, 0.9973730912772476, 0.0, 24.989972852166144, 25.98734594349318, 6.615000000000003
0.0037248496993987955, 0.9474830421659348, 8.892423629005182E-4, 25.92738829643349, -0.00710948522625636, 0.0, 0.005400790366392849, -0.0017086948598630247, -6.997535256938279, 0.0, 31.20286053098074, 24.20532527406413, 0.9974563481250925, 0.0, 25.129386535908544, 26.12684288405476, 6.615000000000002
0.0037324649298597174, 0.9481683848418072, 8.910603652564777E-4, 26.066009075424518, -0.007122204807373196, 0.0, 0.005457689055228476, -0.0016645157521451015, -6.995379678572526, 0.0, 31.3915387645446, 24.39615908600886, 0.9975746543510138, 0.0, 25.26660125410156, 26.264175908489786, 6.615000000000004
0.0037400801603206394, 0.9488454858760349, 8.928783676124372E-4, 26.205242303491104, -0.007134920438874037, 0.0, 0.005514928925972606, -0.001619991512900043, -6.993189679894695, 0.0, 31.5781985481062, 24.585008868219365, 0.9977312536618675, 0.0, 25.401624978830956, 26.399356232499123, 6.615000000000004
0.003747695390781561, 0.9495139665397829, 8.946963699683967E-4, 26.345439594748314, -0.007147632055015056, 0.0, 0.005572506315362213, -0.0015751257396505736, -6.990961745172867, 0.0, 31.76284765035676, 24.771885905184725, 0.9979295646997003, 0.0, 25.534470625021285, 26.532400189719283, 6.615000000000004
0.0037553106212424832, 0.9501734116193035, 8.965143723243563E-4, 26.486981239228044, -0.0071603395834908545, 0.0, 0.005630417578976976, -0.0015299220045146278, -6.988692170880273, 0.0, 31.945499056115242, 24.95680688525342, 0.9981731873699611, 0.0, 25.665156260963812, 26.66332944835306, 6.615000000000003
0.0037629258517034043, 0.9508233677815241, 8.983323746803157E-4, 26.6302775425429, -0.00717304294508677, 0.0, 0.005688659100901772, -0.0014843838441851442, -6.986377058922043, 0.0, 32.126171192044424, 25.139794133161075, 0.9984659092938115, 0.0, 25.79370532391164, 26.79217123324431, 6.615000000000004
0.0037705410821643266, 0.9514633418933442, 9.001503770362753E-4, 26.775770213484066, -0.00718574205332017, 0.0, 0.005747227303855018, -0.001438514749465769, -6.9840123096458635, 0.0, 32.304888157462436, 25.320875847836575, 0.9988117124681549, 0.0, 25.920146840375356, 26.9189585528642, 6.615
0.003778156312625249, 0.9520927992957979, 9.019683793922349E-4, 26.92393380489375, -0.007198436814066025, 0.0, 0.005806118659686055, -0.0013923181543797902, -6.98159361472775, 0.0, 32.48167996084781, 25.50008634612459, 0.9992147800371327, 0.0, 26.044515651830313, 27.04373043187177, 6.615000000000003
0.00378577154308617, 0.9527111620296154, 9.037863817481943E-4, 27.075277188589098, -0.007211127125171829, 0.0, 0.005865329700377009, -0.0013457974247956805, -6.979116449861271, 0.0, 32.65658276155627, 25.67746631173119, 0.9996795032524975, 0.0, 26.16685264520765, 27.166532148497293, 6.615000000000002
0.0037933867735470924, 0.9533178070148836, 9.056043841041539E-4, 27.230345088377362, -0.0072238128760576115, 0.0, 0.005924857029400377, -0.0012989558466565132, -6.976576067245567, 0.0, 32.8296391175167, 25.853063050297326, 1.0002104886229577, 0.0, 26.287204989107096, 27.28741547775545, 6.615000000000001
0.003801002004008014, 0.9539120641801304, 9.074223864601133E-4, 27.389719658211106, -0.007236493947302747, 0.0, 0.005984697333631717, -0.0012517966136718073, -6.973967487939792, 0.0, 33.00089823809125, 26.026930750186818, 1.000812565186915, 0.0, 26.405626374700013, 27.406438939923145, 6.615000000000003
0.003808617234468936, 0.9544932145425946, 9.092403888160729E-4, 27.55402210887405, -0.007249170210220021, 0.0, 0.006044847395630937, -0.0012043228145872664, -6.971285493992788, 0.0, 33.17041624313183, 26.199130749143208, 1.001490792000409, 0.0, 26.522177262567002, 27.52366805456958, 6.615000000000003
0.0038162324649298578, 0.9550604882383595, 9.110583911720324E-4, 27.723914392772713, -0.007261841526411045, 0.0, 0.006105304106477583, -0.0011565374199353773, -6.968524620409536, 0.0, 33.33825642756064, 26.3697318071811, 1.0022504657724123, 0.0, 26.63692513459773, 27.639175600402243, 6.615000000000003
0.0038238476953907793, 0.9556130625003334, 9.12876393527992E-4, 27.900100931263296, -0.007274507747312364, 0.0, 0.006166064479041555, -0.0011084432682701983, -6.965679146916882, 0.0, 33.504489532019534, 26.53881038513301, 1.0030971286954005, 0.0, 26.74994475163413, 27.75304188035922, 6.615000000000002
0.003831462925851701, 0.9561500595833365, 9.146943958839515E-4, 28.083330408189795, -0.0072871687137227165, 0.0, 0.006227125661778743, -0.0010600430519449588, -6.962743089533545, 0.0, 33.66919401945112, 26.70645092993174, 1.0040365764558477, 0.0, 26.861318416626514, 27.865354993097608, 6.615000000000002
0.003839078156312623, 0.9566705446374328, 9.16512398239911E-4, 28.274397607077844, -0.007299824255314558, 0.0, 0.006288484953029139, -0.0010113393022841421, -6.959710191957496, 0.0, 33.832456357721874, 26.872746165788186, 1.0050748664151865, 0.0, 26.971136243443368, 27.976211109880968, 6.615000000000002
0.003846693386773545, 0.9571735235255971, 9.183304005958706E-4, 28.474145313593908, -0.00731247419013327, 0.0, 0.006350139815822553, -9.623343743108137E-4, -6.956573916739282, 0.0, 33.994371308514246, 27.03779739180949, 1.0062183259965298, 0.0, 27.079496431561267, 28.085714757592427, 6.615000000000004
0.003854308617234467, 0.9576579405871541, 9.201484029518301E-4, 28.6834662691399, -0.007325118324076327, 0.0, 0.0064120878932190095, -9.130304308575532E-4, -6.953327436250102, 0.0, 34.15504222234463, 27.20171478612977, 1.0074735612600765, 0.0, 27.186505546468144, 28.193979107763713, 6.615000000000001
0.0038619238476953885, 0.9581226763439759, 9.219664053077896E-4, 28.903305191735853, -0.007337756450357613, 0.0, 0.006474327024221793, -8.634294261320452E-4, -6.949963623473559, 0.0, 34.314581340080686, 27.364617716620224, 1.008847465644134, 0.0, 27.292278806117533, 28.30112627177067, 6.615000000000005
0.0038695390781563104, 0.9585665451502905, 9.237844076637491E-4, 29.134660848983913, -0.0073503883489557525, 0.0, 0.006536855260189878, -8.135330887635295E-4, -6.946475042537779, 0.0, 34.473110100535116, 27.526635058062343, 1.0103472289539916, 0.0, 27.396940373096673, 28.40728760211313, 6.615000000000002
0.0038771543086172327, 0.9589882927846958, 9.256024100197087E-4, 29.378588196632336, -0.007363013786041581, 0.0, 0.00659967088186364, -7.633429041784545E-4, -6.942853939101072, 0.0, 34.63075945514162, 27.687905516081386, 1.0119803464803583, 0.0, 27.500623653395905, 28.512603999917655, 6.615000000000005
0.003884769539078154, 0.959386593981705, 9.274204123756681E-4, 29.63620058413653, -0.007375632513392363, 0.0, 0.006662772416935914, -7.128600964552145E-4, -6.939092230446879, 0.0, 34.78767018857778, 27.84857795818495, 1.0137546284000578, 0.0, 27.603471600724145, 28.61722622917692, 6.615000000000004
0.003892384769539076, 0.9597600499043466, 9.292384147316277E-4, 29.90867201780202, -0.007388244267784838, 0.0, 0.006726158658244552, -6.620856095431726E-4, -6.935181495426211, 0.0, 34.94399324668157, 28.0088117512856, 1.0156782093123498, 0.0, 27.70563702764049, 28.721315236986182, 6.615000000000004
0.003899999999999998, 0.9601071855548895, 9.310564170875872E-4, 30.197239495901158, -0.007400848770370477, 0.0, 0.006789828682516319, -6.110200878479688E-4, -6.931112964141147, 0.0, 35.099890070505275, 28.168777106366626, 1.0177595580212306, 0.0, 27.807282922427827, 28.825042480444907, 6.615000000000004
