phi0, phi, rho, Z_fit_curve, F_id, F_fr, F_ex, F_total, mu_id, mu_fr, mu_ex, mu_kT, PV_id, PV_fr, PV_ex, PV_NkT, alpha
1.0000000000000005E-4, 0.03860323046810218, 2.387324146378431E-5, 1.0835851076905927, -3.077935475590678E-4, 0.0, -2.777734656084303E-4, -5.855670131675077E-4, -9.449902072681507, 0.0, 5.8719336615863815, -3.5779684110950774, 3.442923898437259, 0.0, 17.507281380488, 20.950205278925708, 6.615000000000011
1.0761523046092189E-4, 0.04042806590702962, 2.5691243819743836E-5, 1.0897965625118509, -3.249641420692334E-4, 0.0, -2.6716624210287285E-4, -5.921303841721157E-4, -9.439620176665272, 0.0, 5.797245749797346, -3.6423744268678755, 3.2092085195731306, 0.0, 16.196362428513943, 19.405570948087494, 6.615000000000011
1.1523046092184372E-4, 0.042258448125058704, 2.750924617570336E-5, 1.095980821676254, -3.421160648640109E-4, 0.0, -2.5669435544422453E-4, -5.988104203082449E-4, -9.429361158279617, 0.0, 5.7230484343857775, -3.7063127238937903, 3.00704159441281, 0.0, 15.054251252692788, 18.06129284710599, 6.615000000000011
1.2284569138276555E-4, 0.044094344465257805, 2.9327248531662886E-5, 1.1021368888400906, -3.5924935753498666E-4, 0.0, -2.463569137271152E-4, -6.056062712621112E-4, -9.419125017524543, 0.0, 5.649341715351676, -3.7697833021728195, 2.830553200571044, 0.0, 14.049615387842236, 16.880168588413646, 6.615000000000011
1.304609218436874E-4, 0.0459357222706953, 3.114525088762241E-5, 1.108263787881779, -3.763640616737469E-4, 0.0, -2.3615302504617497E-4, -6.125170867199312E-4, -9.408911754400055, 0.0, 5.576125592695041, -3.8327861617049646, 2.675243965896924, 0.0, 13.158438090297226, 15.833682056194496, 6.615000000000011
1.3807615230460924E-4, 0.047782548884439516, 3.296325324358194E-5, 1.1143605629018674, -3.9346021887187786E-4, 0.0, -2.260817974960336E-4, -6.195420163679206E-4, -9.398721368906145, 0.0, 5.503400066415872, -3.8953213024902253, 2.537607122835972, 0.0, 12.362000940103986, 14.899608062940283, 6.61500000000001
1.456913827655311E-4, 0.04963479164955881, 3.478125559954146E-5, 1.120426278223037, -4.10537870720966E-4, 0.0, -2.1614233917132121E-4, -6.266802098922964E-4, -9.388553861042817, 0.0, 5.431165136514171, -3.957388724528601, 2.4148690931986123, 0.0, 11.64549913468561, 14.06036822788453, 6.61500000000001
1.5330661322645293E-4, 0.051492417909121534, 3.659925795550099E-5, 1.1264600183900986, -4.2759705881259747E-4, 0.0, -2.0633375816666764E-4, -6.33930816979274E-4, -9.378409230810076, 0.0, 5.359420802989936, -4.0189884278200925, 2.3048073888407656, 0.0, 10.997069479297455, 13.301876868138512, 6.61500000000001
1.6092184368737475E-4, 0.05335539500619606, 3.8417260311460506E-5, 1.132460888169994, -4.446378247383586E-4, 0.0, -1.966551625767028E-4, -6.412929873150703E-4, -9.368287478207913, 0.0, 5.288167065843169, -4.080120412364698, 2.20562021675897, 0.0, 10.407094365248673, 12.61271458200792, 6.61500000000001
1.6853707414829662E-4, 0.05522369028385072, 4.023526266742004E-5, 1.1384280125517963, -4.616602100898359E-4, 0.0, -1.8710566049605666E-4, -6.487658705859014E-4, -9.358188603236334, 0.0, 5.217403925073867, -4.14078467816242, 2.115831435003878, 0.0, 9.86769444368313, 11.983525878687272, 6.61500000000001
1.761523046092184E-4, 0.057097271085153875, 4.2053265023379556E-5, 1.1443605367467087, -4.7866425645861515E-4, 0.0, -1.776843600193593E-4, -6.563486164779832E-4, -9.348112605895336, 0.0, 5.1471313806820325, -4.2009812252132575, 2.034220161667449, 0.0, 9.372352892509365, 11.40657305417707, 6.61500000000001
1.8376753507014029E-4, 0.058976104753173886, 4.387126737933909E-5, 1.1502576261880664, -4.956500054362833E-4, 0.0, -1.6839036924124035E-4, -6.640403746775322E-4, -9.338059486184923, 0.0, 5.077349432667666, -4.260710053517211, 1.95976788567046, 0.0, 8.915633104420964, 10.875400990091666, 6.61500000000001
1.913827655310621E-4, 0.06086015863097909, 4.568926973529861E-5, 1.156118466531334, -5.126174986144259E-4, 0.0, -1.592227962563301E-4, -6.718402948707648E-4, -9.328029244105089, 0.0, 5.008058081030765, -4.319971163074278, 1.8916182045033536, 0.0, 8.492963775054537, 10.384581979558126, 6.615000000000009
1.9899799599198395E-4, 0.06274940006163786, 4.750727209125813E-5, 1.1619422636541081, -5.2956677758463E-4, 0.0, -1.5018074915925826E-4, -6.797475267438968E-4, -9.31802187965584, 0.0, 4.939257325771332, -4.378764553884463, 1.8290458064737571, 0.0, 8.100473336464843, 9.929519142938826, 6.615000000000009
2.066132264529058E-4, 0.06464379638821853, 4.932527444721766E-5, 1.167728243656116, -5.464978839384816E-4, 0.0, -1.4126333604465484E-4, -6.877612199831448E-4, -9.308037392837171, 0.0, 4.870947166889364, -4.437090225947761, 1.7714323123599471, 0.0, 7.734861004729615, 9.506293317089778, 6.615000000000009
2.1422845691382767E-4, 0.06654331495378951, 5.114327680317719E-5, 1.173475652859216, -5.634108592675668E-4, 0.0, -1.3246966500714974E-4, -6.958805242747249E-4, -9.298075783649084, 0.0, 4.803127604384865, -4.494948179264176, 1.7182472696396283, 0.0, 7.393295330965111, 9.111542600604947, 6.615000000000009
2.2184368737474948E-4, 0.06844792310141906, 5.296127915913671E-5, 1.179183757807396, -5.803057451634722E-4, 0.0, -1.2379884414137293E-4, -7.041045893048535E-4, -9.288137052091582, 0.0, 4.735798638257832, -4.552338413833705, 1.6690330611865383, 0.0, 7.073333646983457, 8.7423667081702, 6.615000000000009
2.294589178356713E-4, 0.07035758817417559, 5.477928151509623E-5, 1.1848518452667771, -5.971825832177838E-4, 0.0, -1.1524998154195444E-4, -7.124325647597464E-4, -9.278221198164658, 0.0, 4.668960268508265, -4.60926092965635, 1.6233928190474973, 0.0, 6.772857551465389, 8.396250370513078, 6.615000000000009
2.3707414829659315E-4, 0.07227227751512745, 5.659728387105576E-5, 1.1904792222256093, -6.140414150220882E-4, 0.0, -1.0682218530352409E-4, -7.208636003256204E-4, -9.26832822186832, 0.0, 4.602612495136165, -4.66571572673211, 1.5809806676014304, 0.0, 6.490020829905278, 8.071001497506895, 6.61500000000001
2.44689378757515E-4, 0.074191958467343, 5.8415286227015284E-5, 1.1960652158942737, -6.308822821679715E-4, 0.0, -9.851456352071176E-5, -7.293968456886914E-4, -9.258458123202562, 0.0, 4.536755318141531, -4.721702805060986, 1.5414937886346454, 0.0, 6.223207099578696, 7.7647008882135236, 6.61500000000001
2.5230460921843684E-4, 0.07611659837389058, 6.023328858297481E-5, 1.2016091737052832, -6.4770522624702E-4, 0.0, -9.032622428814761E-5, -7.380314505351756E-4, -9.248610902167385, 0.0, 4.471388737524366, -4.7772221646429776, 1.504665923400071, 0.0, 5.970995124841539, 7.475661048241785, 6.615000000000009
2.5991983967935865E-4, 0.07804616457783854, 6.205129093893433E-5, 1.2071104633132808, -6.6451028885082E-4, 0.0, -8.225627570046146E-5, -7.467665645512893E-4, -9.238786558762794, 0.0, 4.406512753284667, -4.832273805478084, 1.4702620169513712, 0.0, 5.732130229662576, 7.2023922466141155, 6.615000000000009
2.675350701402805E-4, 0.07998062442225526, 6.386929329489386E-5, 1.2125684725950412, -6.81297511570958E-4, 0.0, -7.430382585228316E-5, -7.55601337423249E-4, -9.228985092988784, 0.0, 4.342127365422434, -4.886857727566306, 1.4380737771525798, 0.0, 5.505500592510003, 6.943574369662751, 6.615000000000009
2.751503006012024E-4, 0.08191994525020907, 6.568729565085339E-5, 1.2179826096494688, -6.9806693599902E-4, 0.0, -6.646798283824276E-5, -7.645349188372706E-4, -9.219206504845353, 0.0, 4.278232573937668, -4.940973930907643, 1.4079159711573688, 0.0, 5.290117477702605, 6.6980334488601345, 6.615000000000009
2.827655310621242E-4, 0.0838640944047683, 6.750529800681291E-5, 1.2233523027975997, -7.148186037265927E-4, 0.0, -5.8747854752970184E-5, -7.735664584795704E-4, -9.209450794332508, 0.0, 4.2148283788303695, -4.994622415502096, 1.3796233203310575, 0.0, 5.085098661127932, 6.464721981459143, 6.615000000000009
2.9038076152304603E-4, 0.08581303922900134, 6.932330036277243E-5, 1.2286770005826007, -7.315525563452617E-4, 0.0, -5.114254969109541E-5, -7.826951060363647E-4, -9.199717961450244, 0.0, 4.151914780100538, -5.047803181349665, 1.3530478837563333, 0.0, 4.8896544639220485, 6.2427023476785335, 6.615000000000009
2.979959919839679E-4, 0.08776674706597656, 7.114130271873196E-5, 1.2339561717697691, -7.482688354466142E-4, 0.0, -4.365117574724822E-5, -7.919200111938699E-4, -9.190008006198562, 0.0, 4.089491777748172, -5.100516228450348, 1.3280568429230442, 0.0, 4.703075927589085, 6.0311327705122775, 6.615000000000009
3.056112224448897E-4, 0.08972518525876229, 7.295930507469149E-5, 1.239189305346534, -7.649674826222358E-4, 0.0, -3.627284101605877E-5, -8.01240323638302E-4, -9.18032092857746, 0.0, 4.027559371773274, -5.152761556804148, 1.3045306176249938, 0.0, 4.524724757037356, 5.829255374662493, 6.615000000000008
3.1322645290581154E-4, 0.09168832115042685, 7.477730743065101E-5, 1.2443759105224546, -7.816485394637129E-4, 0.0, -2.900665359215693E-5, -8.106551930558771E-4, -9.170656728586945, 0.0, 3.966117562175843, -5.204539166411061, 1.2823612566971478, 0.0, 4.354024730658178, 5.636385987355465, 6.615000000000008
3.2084168336673336E-4, 0.09365612208403866, 7.659530978661053E-5, 1.249515516729221, -7.983120475626319E-4, 0.0, -2.185172157017258E-5, -8.201637691328117E-4, -9.161015406227008, 0.0, 3.905166348955878, -5.2558490572710905, 1.2614510579295621, 0.0, 4.1904543337039, 5.4519053916335976, 6.615000000000008
3.2845691382765523E-4, 0.09562855540266603, 7.841331214257006E-5, 1.2546076736206537, -8.149580485105793E-4, 0.0, -1.4807153044735628E-5, -8.297652015553222E-4, -9.151396961497657, 0.0, 3.8447057321133795, -5.306691229384237, 1.2417113799639716, 0.0, 4.033540416430927, 5.2752517963950325, 6.615000000000008
3.360721442885771E-4, 0.09760558844937733, 8.02313144985296E-5, 1.2596519510727058, -8.315865838991413E-4, 0.0, -7.872056110476073E-6, -8.394586400096246E-4, -9.141801394398886, 0.0, 3.784735711648348, -5.357065682750497, 1.2230616157214564, 0.0, 3.882852714463008, 5.105914330184594, 6.615000000000008
3.4368737474949887E-4, 0.0995871885672409, 8.20493168544891E-5, 1.2646479391834595, -8.481976953199038E-4, 0.0, -1.0455388620239E-6, -8.492432341819349E-4, -9.132228704930696, 0.0, 3.7252562875607844, -5.4069724173698726, 1.2054283023073464, 0.0, 3.7379990976426534, 4.943427399950128, 6.615000000000008
3.5130260521042074E-4, 0.10157332309932511, 8.386731921044863E-5, 1.269595248273129, -8.647914243644538E-4, 0.0, 5.6732906059910346E-6, -8.591181337584698E-4, -9.122678893093088, 0.0, 3.666267459850687, -5.456411433242364, 1.1887443466843604, 0.0, 3.598621436830027, 4.787365783514509, 6.615000000000008
3.589178356713426E-4, 0.1035639593886983, 8.568532156640816E-5, 1.274493508884059, -8.813678126243771E-4, 0.0, 1.228532419893875E-5, -8.690824884254452E-4, -9.113151958886066, 0.0, 3.6077692285180554, -5.5053827303679705, 1.1729483499199884, 0.0, 3.4643919968714734, 4.637340346791582, 6.615000000000007
3.665330661322644E-4, 0.10555906477842882, 8.750332392236767E-5, 1.2793423717807237, -8.979269016912598E-4, 0.0, 1.8791453822189182E-5, -8.791354478690775E-4, -9.103647902309623, 0.0, 3.549761593562893, -5.553886308746693, 1.1579840156720778, 0.0, 3.3350102792144134, 4.492994294886605, 6.615000000000007
3.7414829659318625E-4, 0.10755860661158506, 8.93213262783272E-5, 1.2841415079497314, -9.144687331566889E-4, 0.0, 2.5192571381112636E-5, -8.89276161775583E-4, -9.094166723363763, 0.0, 3.492244554985195, -5.601922168378531, 1.1437996309107392, 0.0, 3.2102002501053954, 4.353999881016247, 6.615000000000007
3.817635270541081E-4, 0.10956255223123534, 9.113932863428673E-5, 1.2888906085998177, -9.3099334861225E-4, 0.0, 3.1489568781079076E-5, -8.995037798311778E-4, -9.084708422048486, 0.0, 3.435218112784965, -5.649490309263484, 1.1303476087900934, 0.0, 3.089707900531408, 4.220055509321613, 6.615000000000007
3.8937875751503E-4, 0.11157086898044803, 9.295733099024626E-5, 1.2935893851618518, -9.4750078964953E-4, 0.0, 3.7683337927458516E-5, -9.098174517220783E-4, -9.07527299836379, 0.0, 3.3786822669622003, -5.696590731401552, 1.1175840851614276, 0.0, 2.9732990924881775, 4.090883177649716, 6.615000000000007
3.9699398797595175E-4, 0.11358352420229144, 9.477533334620577E-5, 1.2982375692888317, -9.639910978601146E-4, 0.0, 4.377477072562101E-5, -9.202163271345002E-4, -9.065860452309677, 0.0, 3.3226370175169047, -5.743223434792736, 1.1054685615249857, 0.0, 2.8607576531287497, 3.966226214653842, 6.615000000000007
4.0460921843687357E-4, 0.11560048523983396, 9.65933357021653E-5, 1.302834912855888, -9.804643148355904E-4, 0.0, 4.976475908093663E-5, -9.306995557546604E-4, -9.056470783886144, 0.0, 3.267082364449075, -5.789388419437033, 1.0939635883022432, 0.0, 2.7518836841345173, 3.845847272436864, 6.615000000000007
4.1222444889779544E-4, 0.117621719436144, 9.841133805812483E-5, 1.3073811879602812, -9.969204821675438E-4, 0.0, 5.565419489877549E-5, -9.41266287268775E-4, -9.047103993093197, 0.0, 3.212018307758712, -5.835085685334448, 1.0830344832145968, 0.0, 2.6464920584773095, 3.72952654169201, 6.615000000000007
4.198396793587173E-4, 0.11964719413428981, 1.0022934041408436E-4, 1.311876186921403, -0.0010133596414475612, 0.0, 6.144397008450762E-5, -9.5191567136306E-4, -9.037760079930829, 0.0, 3.1574448474458148, -5.880315232484978, 1.07264908031106, 0.0, 2.5444110807796876, 3.617060161090848, 6.615000000000007
4.274549098196392E-4, 0.1216768766773398, 1.020473427700439E-4, 1.3163197222807757, -0.0010297818342672284, 0.0, 6.713497654350307E-5, -9.626468577237318E-4, -9.028439044399045, 0.0, 3.103361983510385, -5.925077060888624, 1.0627775058227984, 0.0, 2.4454812908716095, 3.5082587966945065, 6.615000000000007
4.3507014028056095E-4, 0.12371073440836228, 1.038653451260034E-4, 1.3207116268020525, -0.001046187102218132, 0.0, 7.27281061811318E-5, -9.734589960370065E-4, -9.019140886497844, 0.0, 3.049769715952423, -5.969371170545384, 1.0533919775576168, 0.0, 2.349554392998436, 3.4029463705561507, 6.615000000000007
4.426853707414828E-4, 0.1257487346704257, 1.0568334748196293E-4, 1.325051753471018, -0.0010625754868918587, 0.0, 7.822425090276406E-5, -9.843512359891005E-4, -9.009865606227224, 0.0, 2.996668044771927, -6.013197561455261, 1.044466624999737, 0.0, 2.256492295549802, 3.3009589205496304, 6.615000000000007
4.503006012024047E-4, 0.12779084480659833, 1.0750134983792247E-4, 1.3293399754955872, -0.001078947029879994, 0.0, 8.362430261376981E-5, -9.953227272662302E-4, -9.000613203587184, 0.0, 2.9440569699688983, -6.0565562336182515, 1.0359773276638153, 0.0, 2.166166248225884, 3.20214357588979, 6.615000000000007
4.5791583166332657E-4, 0.12983703215994852, 1.09319352193882E-4, 1.333576186305806, -0.0010953017727741248, 0.0, 8.892915321951915E-5, -0.0010063726195546113, -8.99138367857773, 0.0, 2.891936491543336, -6.099447187034359, 1.0279015695782014, 0.0, 2.0784560652982202, 3.1063576348765087, 6.615000000000007
4.6553106212424833E-4, 0.13188726407354465, 1.111373545498415E-4, 1.3377602995538507, -0.0011116397571658367, 0.0, 9.413969462538205E-5, -0.0010175000625404604, -8.982177031198857, 0.0, 2.840306609495241, -6.141870421703582, 1.0202183080504885, 0.0, 1.9932494251066792, 3.013467733157252, 6.615000000000006
4.731462925851702E-4, 0.13394150789045509, 1.1295535690580103E-4, 1.3418922491140302, -0.0011279610246467168, 0.0, 9.925681873672868E-5, -0.001028704205909994, -8.972993261450565, 0.0, 2.789167323824613, -6.183825937625919, 1.0129078551062898, 0.0, 1.9104412372034731, 2.9233490923098486, 6.615000000000006
4.8076152304609197E-4, 0.13599973095374818, 1.1477335926176054E-4, 1.3459719890827821, -0.001144265616808351, 0.0, 1.0428141745892901E-4, -0.0010399841993494277, -8.963832369332858, 0.0, 2.7385186345314514, -6.2253137348013725, 1.005951770196026, 0.0, 1.8299330696435478, 2.8358848398396588, 6.615000000000006
4.883767535070138E-4, 0.13806190060649226, 1.1659136161772007E-4, 1.3499994937786761, -0.0011605535752423255, 0.0, 1.0921438269735314E-4, -0.001051339192544978, -8.95469435484573, 0.0, 2.6883605416157565, -6.26633381322994, 0.999332762939807, 0.0, 1.7516326298563465, 2.7509653927962354, 6.615000000000006
4.959919839679357E-4, 0.14012798419175568, 1.184093639736796E-4, 1.3539747577424128, -0.001176824941540227, 0.0, 1.1405660635737111E-4, -0.0010627683351828617, -8.945579217989184, 0.0, 2.6386930450775283, -6.306886172911624, 0.99303460483158, 0.0, 1.6754532933402924, 2.6684878981719526, 6.615000000000006
5.036072144288576E-4, 0.14219794905260683, 1.2022736632963914E-4, 1.357897795736823, -0.0011930797572936415, 0.0, 1.1880898034435308E-4, -0.0010742707769492942, -8.936486958763224, 0.0, 2.589516144916766, -6.346970813846424, 0.9870420489541866, 0.0, 1.601313675117978, 2.588355724072246, 6.615000000000006
5.112224448897794E-4, 0.14427176253211402, 1.2204536868559867E-4, 1.3617686427468687, -0.0012093180640941556, 0.0, 1.2347239656366896E-4, -0.001085845667530492, -8.92741757716784, 0.0, 2.5408298411334718, -6.386587736034338, 0.9813407568700724, 0.0, 1.5291372394932865, 2.510477996363434, 6.615000000000006
5.188376753507012E-4, 0.14634939197334565, 1.2386337104155817E-4, 1.3655873539796437, -0.0012255399035333548, 0.0, 1.2804774692068904E-4, -0.0010974921566126712, -8.918371073203044, 0.0, 2.492634133727644, -6.425736939475368, 0.9759172319502705, 0.0, 1.4588519441751977, 2.434769176125544, 6.615000000000006
5.26452905811623E-4, 0.14843080471937004, 1.256813733975177E-4, 1.3693540048643706, -0.0012417453172028263, 0.0, 1.3253592332078303E-4, -0.0011092093938820486, -8.909347446868829, 0.0, 2.444929022699284, -6.464418424169513, 0.9707587584899341, 0.0, 1.3903899152884742, 2.361148673778481, 6.6150000000000055
5.34068136272545E-4, 0.15051596811325554, 1.2749937575347724E-4, 1.3730686910524053, -0.001257934346694156, 0.0, 1.3693781766932128E-4, -0.0011209965290248404, -8.900346698165194, 0.0, 2.3977145080483893, -6.502632190116774, 0.9658533460326588, 0.0, 1.3236871501882737, 2.2895404962210075, 6.615000000000006
5.416833667334668E-4, 0.15260484949807054, 1.2931737810943677E-4, 1.3767315284172328, -0.0012741070335989303, 0.0, 1.4125432187167368E-4, -0.001132852711727262, -8.891368827092142, 0.0, 2.3509905897749612, -6.54037823731715, 0.9611896783911498, 0.0, 1.258683245342606, 2.219872923733828, 6.615000000000006
5.492985971943886E-4, 0.15469741621688332, 1.3113538046539627E-4, 1.3803426530544691, -0.0012902634195087355, 0.0, 1.4548632783321038E-4, -0.00114477709167553, -8.882413833649675, 0.0, 2.304757267879002, -6.577656565770641, 0.9567570669083724, 0.0, 1.1953211468498572, 2.152078213758299, 6.615000000000006
5.569138276553104E-4, 0.15679363561276233, 1.329533828213558E-4, 1.383902221281862, -0.0013064035460151574, 0.0, 1.496347274593014E-4, -0.0011567688185558612, -8.873481717837787, 0.0, 2.259014542360508, -6.614467175477248, 0.9525454075533718, 0.0, 1.133546921424833, 2.086092328978276, 6.615000000000006
5.645290581162322E-4, 0.15889347502877585, 1.3477138517731534E-4, 1.3874104096392896, -0.0013225274547097828, 0.0, 1.537004126553167E-4, -0.0011688270420544713, -8.86457247965648, 0.0, 2.2137624132194818, -6.6508100664369705, 0.9485451414896297, 0.0, 1.07330954592056, 2.021854687410256, 6.615000000000006
5.721442885771542E-4, 0.1609969018079923, 1.3658938753327487E-4, 1.390867414888761, -0.0013386351871841988, 0.0, 1.576842753266268E-4, -0.0011809509118575771, -8.85568611910576, 0.0, 2.169000880455921, -6.686685238649808, 0.9447472187924009, 0.0, 1.0145607136588268, 1.9593079324512968, 6.615000000000006
5.797595190380759E-4, 0.16310388329347994, 1.3840738988923437E-4, 1.3942734540144157, -0.0013547267850299897, 0.0, 1.615872073786012E-4, -0.0011931395776513937, -8.84682263618562, 0.0, 2.124729944069828, -6.722092692115761, 0.9411430650255638, 0.0, 0.9572546560240283, 1.898397721049661, 6.6150000000000055
5.873747494989978E-4, 0.16521438682830725, 1.402253922451939E-4, 1.3976287642225254, -0.0013708022898387435, 0.0, 1.6541010071661013E-4, -0.0012053921891221385, -8.837982030896061, 0.0, 2.080949604061202, -6.75703242683483, 0.9377245504183946, 0.0, 0.9013479779350365, 1.8390725283534985, 6.6150000000000055
5.949899799599196E-4, 0.16732837975554246, 1.4204339460115344E-4, 1.4009336029414912, -0.001386861743202046, 0.0, 1.6915384724602384E-4, -0.001217707895956027, -8.829164303237086, 0.0, 2.037659860430042, -6.791504442807013, 0.9344839614093862, 0.0, 0.84679950595179, 1.7812834673612414, 6.6150000000000055
6.026052104208414E-4, 0.16944582941825395, 1.4386139695711294E-4, 1.4041882478218457, -0.0014029051867114832, 0.0, 1.7281933887221225E-4, -0.001230085847839276, -8.820369453208691, 0.0, 1.99486071317635, -6.825508740032314, 0.9314139743476822, 0.0, 0.793570147898911, 1.7249841222466562, 6.6150000000000055
6.102204408817632E-4, 0.17156670315951014, 1.4567939931307247E-4, 1.4073929967362524, -0.0014189326619586415, 0.0, 1.7640746750054517E-4, -0.0012425251944581013, -8.81159748081088, 0.0, 1.9525521623001239, -6.859045318510727, 0.9285076311636878, 0.0, 0.7416227630002512, 1.6701303941640013, 6.6150000000000055
6.178356713426852E-4, 0.17369096832237937, 1.47497401669032E-4, 1.4105481677795053, -0.0014349442105351079, 0.0, 1.7991912503639322E-4, -0.0012550250854987195, -8.802848386043651, 0.0, 1.9107342078013643, -6.892114178242257, 0.9257583168389184, 0.0, 0.6909220416175018, 1.616680358456485, 6.6150000000000055
6.25450901803607E-4, 0.17581859224992993, 1.4931540402499154E-4, 1.4136540992685305, -0.0014509398740324673, 0.0, 1.8335520338512594E-4, -0.0012675846706473465, -8.794122168907004, 0.0, 1.8694068496800724, -6.924715319226905, 0.9231597385217654, 0.0, 0.6414343937743374, 1.564594132296164, 6.615000000000006
6.330661322645288E-4, 0.17794954228523022, 1.5113340638095104E-4, 1.416711149742382, -0.0014669196940423077, 0.0, 1.8671659445211375E-4, -0.0012802030995901987, -8.785418829400939, 0.0, 1.8285700879362468, -6.956848741464664, 0.9207059061505716, 0.0, 0.5931278457262701, 1.5138337518769012, 6.6150000000000055
6.406813627254506E-4, 0.18008378577134856, 1.5295140873691058E-4, 1.4197196979622486, -0.0014828837121562137, 0.0, 1.9000419014272624E-4, -0.001292879522013492, -8.776738367525457, 0.0, 1.7882239225698886, -6.98851444495554, 0.9183911144585856, 0.0, 0.5459719439068507, 1.4643630583654947, 6.6150000000000055
6.482965931863726E-4, 0.1822212900513534, 1.547694110928701E-4, 1.422680142911448, -0.001498831969965773, 0.0, 1.9321888236233423E-4, -0.0013056130876034433, -8.768080783280556, 0.0, 1.748368353580996, -7.019712429699531, 0.9162099262472562, 0.0, 0.49993766564362124, 1.4161475918909356, 6.6150000000000055
6.559118236472944E-4, 0.18436202246831296, 1.5658741344882964E-4, 1.4255929037954285, -0.001514764509062571, 0.0, 1.9636156301630693E-4, -0.0013184029460462684, -8.759446076666238, 0.0, 1.7090033809695708, -7.050442695696638, 0.9141571568246368, 0.0, 0.45499733609371706, 1.3691544929184105, 6.6150000000000055
6.635270541082161E-4, 0.18650595036529563, 1.5840541580478914E-4, 1.428458420041769, -0.001530681371038194, 0.0, 1.9943312401001504E-4, -0.0013312482470281834, -8.750834247682501, 0.0, 1.6701290047356134, -7.080705242946863, 0.9122278595154535, 0.0, 0.41112455089934824, 1.323352410414855, 6.6150000000000055
6.711422845691381E-4, 0.1886530410853699, 1.602234181607487E-4, 1.4312771513001805, -0.0015465825974842295, 0.0, 2.024344572488284E-4, -0.0013441481402354052, -8.742245296329347, 0.0, 1.6317452248791209, -7.1105000714502, 0.9104173121576107, 0.0, 0.36829410410893343, 1.2787114162665976, 6.6150000000000055
6.787575150300598E-4, 0.19080326197160388, 1.620414205167082E-4, 1.4340495774425044, -0.001562468229992262, 0.0, 2.0536645463811704E-4, -0.001357101775354149, -8.733679222606776, 0.0, 1.5938520414000974, -7.139827181206654, 0.9087210045077146, 0.0, 0.3264819209502985, 1.2352029254580636, 6.6150000000000055
6.863727454909818E-4, 0.19295658036706614, 1.6385942287266774E-4, 1.4367761985627123, -0.001578338310153879, 0.0, 2.0823000808325106E-4, -0.0013701083020706325, -8.725136026514786, 0.0, 1.5564494542985392, -7.168686572216221, 0.9071346264849971, 0.0, 0.28566499507910864, 1.1927996215641592, 6.615000000000005
6.939879759519035E-4, 0.19511296361482489, 1.6567742522862725E-4, 1.4394575349769074, -0.0015941928795606664, 0.0, 2.1102600948960025E-4, -0.0013831668700710702, -8.71661570805338, 0.0, 1.5195374635744483, -7.197078244478904, 0.9056540571892497, 0.0, 0.24582132995881528, 1.1514753871481158, 6.615000000000005
7.016032064128255E-4, 0.19727237905794862, 1.674954275845868E-4, 1.4420941272233245, -0.001610031979804211, 0.0, 2.1375535076253527E-4, -0.0013962766290416802, -8.708118267222554, 0.0, 1.4831160692278231, -7.225002197994704, 0.9042753546339541, 0.0, 0.20692988405816087, 1.111205238692168, 6.615000000000005
7.092184368737472E-4, 0.19943479403950554, 1.693134299405463E-4, 1.4446865360623276, -0.001625855652476098, 0.0, 2.1641892380742554E-4, -0.0014094367286686766, -8.699643704022312, 0.0, 1.4471852712586664, -7.2524584327636195, 0.9029947461408558, 0.0, 0.16897051957936893, 1.0719652657202772, 6.6150000000000055
7.168336673346691E-4, 0.20160017590256413, 1.7113143229650584E-4, 1.4472353424764122, -0.0016416639391679151, 0.0, 2.190176205296416E-4, -0.0014226463186382777, -8.69119201845265, 0.0, 1.4117450696669755, -7.279446948785648, 0.9018086193468047, 0.0, 0.1319239544543879, 1.0337325738012437, 6.6150000000000055
7.244488977955908E-4, 0.20376849199019262, 1.7294943465246535E-4, 1.4497411476702047, -0.0016574568814712472, 0.0, 2.215523328345534E-4, -0.001435904548636698, -8.68276321051357, 0.0, 1.3767954644527522, -7.305967746060795, 0.9007135137777653, 0.0, 0.09577171736879368, 0.9964852311466061, 6.6150000000000055
7.320641282565129E-4, 0.20593970964545955, 1.747674370084249E-4, 1.4522045730704631, -0.0016732345209776822, 0.0, 2.240239526275307E-4, -0.0014492105683501556, -8.674357280205074, 0.0, 1.342336455615995, -7.332020824589055, 0.8997061129487739, 0.0, 0.06049610559283066, 0.9602022185416527, 6.615000000000005
7.396793587174346E-4, 0.20811379621143303, 1.765854393643844E-4, 1.4546262603260747, -0.0016889968992788045, 0.0, 2.2643337181394392E-4, -0.0014625635274648646, -8.665974227527162, 0.0, 1.3083680431567055, -7.3576061843704315, 0.8987832369518638, 0.0, 0.026080145417310532, 0.9248633823692233, 6.615000000000004
7.472945891783564E-4, 0.21029071903118157, 1.7840344172034392E-4, 1.4570068713080597, -0.0017047440579662015, 0.0, 2.2878148229916266E-4, -0.001475962575667043, -8.657614052479829, 0.0, 1.2748902270748816, -7.3827238254049234, 0.8979418354972116, 0.0, -0.007492444991438306, 0.8904493905058206, 6.615000000000004
7.549098196392783E-4, 0.21247044544777352, 1.8022144407630347E-4, 1.459347088109568, -0.00172047603863146, 0.0, 2.310691759885577E-4, -0.0014894068626429063, -8.64927675506308, 0.0, 1.241903007370525, -7.40737374769253, 0.8971789813754332, 0.0, -0.04023729048840185, 0.8569416908870767, 6.615000000000004
7.625250501002001E-4, 0.21465294280427716, 1.8203944643226298E-4, 1.4616476130458798, -0.001736192882866165, 0.0, 2.3329734478749845E-4, -0.0015028955380786706, -8.640962335276912, 0.0, 1.2094063840436355, -7.431555951233253, 0.896491864311656, 0.0, -0.07216939175564162, 0.8243224725560586, 6.615000000000004
7.70140280561122E-4, 0.2168381784437609, 1.838574487882225E-4, 1.4639091686544075, -0.0017518946322619036, 0.0, 2.354668806013553E-4, -0.0015164277516605523, -8.632670793121328, 0.0, 1.1774003570942129, -7.455270436027092, 0.895877785184223, 0.0, -0.10330315616175245, 0.7925746290225157, 6.615000000000004
7.777555110220437E-4, 0.21902611970929306, 1.8567545114418202E-4, 1.4661324976946932, -0.0017675813284102621, 0.0, 2.3757867533549825E-4, -0.0015300026530747678, -8.624402128596323, 0.0, 1.145884926522257, -7.478517202074045, 0.895334150583025, 0.0, -0.1336524268083777, 0.7616817237746889, 6.615000000000004
7.853707414829657E-4, 0.2212167339439421, 1.8749345350014158E-4, 1.4683183631484111, -0.0017832530129028269, 0.0, 2.3963362089529717E-4, -0.0015436193920075336, -8.616156341701904, 0.0, 1.1148600923277674, -7.501296249374113, 0.8948584676843886, 0.0, -0.16323050988686524, 0.7316279577975675, 6.615000000000005
7.929859719438874E-4, 0.2234099884907762, 1.8931145585610108E-4, 1.4704675482193643, -0.0017989097273311838, 0.0, 2.416326091861225E-4, -0.0015572771181450648, -8.607933432438065, 0.0, 1.0843258545107446, -7.523607577927296, 0.8944483394213529, 0.0, -0.19205020045864735, 0.7023981389627478, 6.615000000000004
8.006012024048093E-4, 0.22560585069286387, 1.911294582120606E-4, 1.4725808563334897, -0.0018145515132869192, 0.0, 2.4357653211334385E-4, -0.001570974981173579, -8.599733400804807, 0.0, 1.0542822130711889, -7.545451187733597, 0.8941014599294833, 0.0, -0.22012380676429097, 0.6739776531652335, 6.615000000000004
8.08216432865731E-4, 0.22780428789327334, 1.9294746056802012E-4, 1.4746591111388518, -0.0018301784123616195, 0.0, 2.454662815823318E-4, -0.0015847121307792913, -8.591556246802135, 0.0, 1.0247291680091015, -7.566827078793012, 0.8938156102502325, 0.0, -0.24746317315828645, 0.6463524370919866, 6.615000000000004
8.158316633266531E-4, 0.2300052674350731, 1.9476546292397968E-4, 1.4767031565056488, -0.0018457904661468717, 0.0, 2.4730274949845595E-4, -0.0015984877166484196, -8.583401970430042, 0.0, 0.9956667193244779, -7.58773525110554, 0.8935886542748899, 0.0, -0.2740797017593384, 0.6195089525155951, 6.615000000000004
8.234468937875748E-4, 0.23220875666133134, 1.9658346527993918E-4, 1.478713856526208, -0.0018613877162342602, 0.0, 2.4908682776708657E-4, -0.0016123008884671778, -8.575270571688531, 0.0, 0.9670948670173246, -7.608175704671187, 0.8934185349136086, 0.0, -0.2999843728993257, 0.5934341620143235, 6.615000000000004
8.310621242484967E-4, 0.23441472291511653, 1.9840146763589871E-4, 1.4806920955149885, -0.0018769702042153737, 0.0, 2.5081940829359365E-4, -0.0016261507959217836, -8.567162050577606, 0.0, 0.9390136110876355, -7.628148439489948, 0.8933032704750646, 0.0, -0.32518776444800807, 0.5681155060270955, 6.615000000000004
8.386773547094185E-4, 0.23662313353949702, 2.0021946999185825E-4, 1.4826387780085792, -0.001892537971681797, 0.0, 2.5250138298334743E-4, -0.0016400365886984534, -8.55907640709726, 0.0, 0.9114229515354129, -7.647653455561825, 0.8932409512433407, 0.0, -0.34970007008488796, 0.543540881158495, 6.615000000000004
8.462925851703404E-4, 0.23883395587754105, 2.0203747234781775E-4, 1.4845548287657013, -0.0019080910602251163, 0.0, 2.5413364374171773E-4, -0.0016539574164834026, -8.551013641247497, 0.0, 0.8843228883606586, -7.666690752886818, 0.8932297362396288, 0.0, -0.3735311165845911, 0.5196986196550787, 6.615000000000004
8.539078156312622E-4, 0.24104715727231715, 2.0385547470377728E-4, 1.486441192767206, -0.0019236295114369187, 0.0, 2.557170824740746E-4, -0.0016679124289628476, -8.542973753028315, 0.0, 0.8577134215633709, -7.685260331464925, 0.8932678501572145, 0.0, -0.3966903801773351, 0.4965774699799157, 6.615000000000004
8.61523046092184E-4, 0.24326270506689357, 2.056734770597368E-4, 1.4882988352160755, -0.0019391533669087901, 0.0, 2.572525910857883E-4, -0.0016819007758230055, -8.534956742439718, 0.0, 0.8315945511435507, -7.703362191296147, 0.8933535804590043, 0.0, -0.41918700204169823, 0.4741665784173434, 6.615000000000004
8.691382765531059E-4, 0.24548056660433867, 2.0749147941569635E-4, 1.4901287415374227, -0.001954662668232317, 0.0, 2.5874106148222886E-4, -0.001695921606750092, -8.5269626094817, 0.0, 0.8059662771011956, -7.720996332380484, 0.8934852746276568, 0.0, -0.44102980298292743, 0.45245547164476807, 6.615000000000004
8.767535070140276E-4, 0.24770070922772072, 2.0930948177165585E-4, 1.491931917378492, -0.0019701574569990854, 0.0, 2.6018338556876614E-4, -0.001709974071430323, -8.518991354154267, 0.0, 0.7808285994363084, -7.738162754717937, 0.8936613375589995, 0.0, -0.4622272973462877, 0.43143404021275106, 6.615000000000004
8.843687374749496E-4, 0.24992310028010828, 2.1112748412761538E-4, 1.4937093886086572, -0.001985637774800682, 0.0, 2.615804552507704E-4, -0.0017240573195499147, -8.511042976457412, 0.0, 0.7561815181488869, -7.754861458308505, 0.8938802290901366, 0.0, -0.4827877062115892, 0.4110925228785825, 6.615000000000004
8.919839679358713E-4, 0.2521477071045695, 2.129454864835749E-4, 1.4954622013194254, -0.0020011036632286918, 0.0, 2.629331624336116E-4, -0.0017381705007950836, -8.503117476391145, 0.0, 0.7320250332389329, -7.771092443152191, 0.894140461654153, 0.0, -0.5027189699118098, 0.3914214917423803, 6.615000000000004
8.995991983967933E-4, 0.2543744970441729, 2.1476348883953445E-4, 1.4971914218244322, -0.0020165551638747035, 0.0, 2.642423990226597E-4, -0.001752312764852047, -8.495214853955456, 0.0, 0.7083591447064462, -7.786855709248989, 0.8944405980539845, 0.0, -0.5220287599159011, 0.3724118381381182, 6.615000000000004
9.07214428857715E-4, 0.2566034374419867, 2.1658149119549395E-4, 1.4988981366594454, -0.002031992318330301, 0.0, 2.655090569232852E-4, -0.0017664832614070194, -8.48733510915035, 0.0, 0.6851838525514261, -7.802151256598902, 0.8947792493483375, 0.0, -0.5407244901131255, 0.35405475923524976, 6.615000000000003
9.148296593186369E-4, 0.25883449564107935, 2.1839949355145348E-4, 1.5005834525823638, -0.0020474151681870723, 0.0, 2.667340280408578E-4, -0.0017806811401462177, -8.479478241975826, 0.0, 0.662499156773872, -7.816979085201934, 0.89515507284326, 0.0, -0.5588133275337758, 0.3363417453095183, 6.615000000000004
9.224448897795588E-4, 0.2610676389845192, 2.2021749590741302E-4, 1.5022484965732161, -0.0020628237550366023, 0.0, 2.679182042807475E-4, -0.001794905550755858, -8.471644252431886, 0.0, 0.6403050573737855, -7.831339195058083, 0.8955667701831561, 0.0, -0.576302202538885, 0.319264567644303, 6.615000000000004
9.300601202404807E-4, 0.26330283481537453, 2.2203549826337255E-4, 1.5038944158341618, -0.002078218120470479, 0.0, 2.6906247754832454E-4, -0.0018091556429221576, -8.463833140518528, 0.0, 0.6186015543511659, -7.845231586167341, 0.8960130855356139, 0.0, -0.5931978185093386, 0.30281526702631056, 6.615000000000004
9.376753507014024E-4, 0.26554005047671364, 2.2385350061933205E-4, 1.5055223777894933, -0.0020935983060802865, 0.0, 2.701677397489587E-4, -0.0018234305663313308, -8.45604490623575, 0.0, 0.5973886477060143, -7.8586562585297175, 0.8964928038646504, 0.0, -0.6095066610628443, 0.2869861428018368, 6.615000000000004
9.452905811623242E-4, 0.26777925331160507, 2.2567150297529156E-4, 1.507133570085631, -0.002108964353457613, 0.0, 2.712348827880205E-4, -0.0018377294706695955, -8.448279549583557, 0.0, 0.5766663374383264, -7.871613212145211, 0.897004749287445, 0.0, -0.625235006825409, 0.2717697424620681, 6.615000000000004
9.529058116232461E-4, 0.2700204106631171, 2.2748950533125112E-4, 1.5087292005911286, -0.002124316304194044, 0.0, 2.722647985708796E-4, -0.0018520515056231674, -8.440537070561945, 0.0, 0.5564346235481069, -7.8841024470138175, 0.8975477835098625, 0.0, -0.6403889317821947, 0.2571588517277019, 6.615000000000004
9.60521042084168E-4, 0.272263489874318, 2.2930750768721062E-4, 1.5103104973966694, -0.0021396541998811654, 0.0, 2.732583790029064E-4, -0.0018663958208782624, -8.432817469170914, 0.0, 0.5366935060353548, -7.896123963135542, 0.898120804336396, 0.0, -0.654974319231175, 0.2431464851052515, 6.615000000000003
9.681362725450898E-4, 0.2745084582882762, 2.3112551004317015E-4, 1.5118787088150674, -0.0021549780821105645, 0.0, 2.7421651598947064E-4, -0.001880761566121097, -8.425120745410466, 0.0, 0.5174429849000698, -7.907677760510378, 0.8987227442504226, 0.0, -0.6689968673613782, 0.22972587688907545, 6.615000000000003
9.757515030060115E-4, 0.27675528324806, 2.3294351239912966E-4, 1.5134351033812687, -0.0021702879924738266, 0.0, 2.751401014359424E-4, -0.0018951478910378876, -8.4174468992806, 0.0, 0.49868306014225033, -7.918763839138331, 0.8993525690609573, 0.0, -0.6824620964762877, 0.216890472584704, 6.615000000000004
9.833667334669335E-4, 0.27900393209673785, 2.3476151475508922E-4, 1.514980969852349, -0.0021855839725625397, 0.0, 2.7603002724769214E-4, -0.0019095539453148505, -8.409795930781316, 0.0, 0.4804137317618988, -7.9293821990194004, 0.9000092766122864, 0.0, -0.6953753558815999, 0.20463392073071476, 6.615000000000004
9.909819639278552E-4, 0.2812543721773781, 2.3657951711104872E-4, 1.5165176172075152, -0.0022008660639682874, 0.0, 2.768871853300891E-4, -0.001923978878638201, -8.402167839912615, 0.0, 0.46263499975901334, -7.939532840153583, 0.9006918955530578, 0.0, -0.707741830455414, 0.19295006509767376, 6.615000000000004
9.985971943887771E-4, 0.283506570833049, 2.3839751946700826E-4, 1.5180463746481057, -0.0022161343082826583, 0.0, 2.7771246758850465E-4, -0.0019384218406941567, -8.394562626674496, 0.0, 0.4453468641335944, -7.949215762540884, 0.9013994841617631, 0.0, -0.7195665469178034, 0.18183293724398836, 6.615000000000004
0.001006212424849699, 0.2857604954068189, 2.402155218229678E-4, 1.5195685915975892, -0.002231388747097238, 0.0, 2.7850676592830725E-4, -0.0019528819811689337, -8.38698029106696, 0.0, 0.42854932488564296, -7.958430966181301, 0.9021311292254792, 0.0, -0.7308543798156668, 0.17127674940984072, 6.615000000000004
0.0010138276553106208, 0.28801611324175624, 2.4203352417892732E-4, 1.5210856377015647, -0.002246629422003612, 0.0, 2.792709722548684E-4, -0.0019673584497487467, -8.379420833090004, 0.0, 0.4122423820151585, -7.9671784510748305, 0.9028859449691944, 0.0, -0.7416100572378957, 0.16127588773132606, 6.615000000000003
0.0010214428857715427, 0.29027339168092936, 2.4385152653488682E-4, 1.5225989028277642, -0.0022618563745933676, 0.0, 2.8000597847355744E-4, -0.001981850396119813, -8.371884252743634, 0.0, 0.3964260355221401, -7.975458217221478, 0.9036630720329981, 0.0, -0.751838166274842, 0.15182490575818297, 6.615000000000003
0.0010290581162324644, 0.29253229806740655, 2.4566952889084633E-4, 1.5241097970660475, -0.002277069646458091, 0.0, 2.8071267648974434E-4, -0.00199635696996835, -8.364370550027843, 0.0, 0.3811002854065887, -7.983270264621239, 0.9044616764947153, 0.0, -0.7615431582354107, 0.14291851825933194, 6.615000000000004
0.0010366733466933863, 0.29479279974425626, 2.474875312468059E-4, 1.5256197507284082, -0.002292269279189368, 0.0, 2.8139195820879945E-4, -0.002010877320980572, -8.356879724942633, 0.0, 0.36626513166850433, -7.990614593274113, 0.9052809489355658, 0.0, -0.7707293536342016, 0.13455159530139507, 6.615000000000004
0.001044288577154308, 0.29705486405454673, 2.493055336027654E-4, 1.527130214348969, -0.002307455314378785, 0.0, 2.820447155360925E-4, -0.002025410598842695, -8.349411777488008, 0.0, 0.351920574307886, -7.9974912031801075, 0.90612010354678, 0.0, -0.7794009469604408, 0.1267191565863639, 6.615000000000004
0.00105190380761523, 0.2993184583413464, 2.511235359587249E-4, 1.5286426586839834, -0.002322627793617929, 0.0, 2.826718403769943E-4, -0.0020399559532409376, -8.341966707663964, 0.0, 0.33806661332473653, -8.003900094339214, 0.9069783772749463, 0.0, -0.7875620112397674, 0.11941636603520524, 6.615000000000003
0.0010595190380761517, 0.30158354994772363, 2.529415383146844E-4, 1.5301585747118371, -0.002337786758498385, 0.0, 2.8327422463687385E-4, -0.0020545125338615137, -8.334544515470503, 0.0, 0.32470324871905215, -8.009841266751435, 0.9078550290042577, 0.0, -0.7952165023992972, 0.1126385266049873, 6.615000000000003
0.0010671342685370736, 0.30385010621674674, 2.5475954067064396E-4, 1.531679473633045, -0.0023529322506117404, 0.0, 2.83852760221102E-4, -0.002069079490390641, -8.327145200907625, 0.0, 0.31183048049083484, -8.015314720416773, 0.908749338773768, 0.0, -0.8023682634457862, 0.10638107532800799, 6.615000000000002
0.0010747494989979953, 0.306118094491484, 2.5657754302660347E-4, 1.5332068868702546, -0.0023680643115495813, 0.0, 2.8440833903504867E-4, -0.0020836559725145357, -8.319768763975327, 0.0, 0.2994483086400845, -8.020320455335227, 0.9096606070279117, 0.0, -0.8090210284661624, 0.10063957856177665, 6.615000000000002
0.0010823647294589173, 0.308387482115004, 2.58395545382563E-4, 1.5347423660682449, -0.002383182982903494, 0.0, 2.8494185298408336E-4, -0.002098241129919413, -8.312415204673611, 0.0, 0.2875567331668002, -8.024858471506798, 0.9105881538986645, 0.0, -0.8151784264591819, 0.09540972743950653, 6.615000000000003
0.0010899799599198392, 0.3106582364303749, 2.6021354773852253E-4, 1.5362874830939215, -0.0023982883062650647, 0.0, 2.8545419397357725E-4, -0.00211283411229149, -8.30508452300248, 0.0, 0.2761557540709848, -8.028928768931484, 0.9115313185178154, 0.0, -0.8208439850064668, 0.09068733351137033, 6.615000000000003
0.001097595190380761, 0.3129303247806651, 2.620315500944821E-4, 1.5378438300363244, -0.0024133803232258793, 0.0, 2.8594625390889925E-4, -0.002127434069316983, -8.297776718961929, 0.0, 0.2652453713526345, -8.03253134760928, 0.9124894583578403, 0.0, -0.8260211337907122, 0.08646832456715287, 6.615000000000003
0.0011052104208416828, 0.31520371450894297, 2.638495524504416E-4, 1.5394130192066249, -0.002428459075377524, 0.0, 2.8641892469542004E-4, -0.0021420401506821066, -8.290491792551961, 0.0, 0.25482558501175123, -8.035666207540194, 0.9134619486000423, 0.0, -0.8307132079684552, 0.0827487406316127, 6.615000000000003
0.0011128256513026045, 0.3174783729582768, 2.656675548064011E-4, 1.5409966831381228, -0.002443524604311586, 0.0, 2.8687309823850955E-4, -0.002156651506073079, -8.283229743772576, 0.0, 0.244896395048334, -8.038333348724224, 0.9144481815286379, 0.0, -0.8349234514043555, 0.07952473012431054, 6.615000000000003
0.0011204408817635267, 0.3197542674717351, 2.6748555716236066E-4, 1.54259647458625, -0.002458576951619652, 0.0, 2.8730966644353813E-4, -0.0021712672851761164, -8.27599057262377, 0.0, 0.2354578014623838, -8.040532771161374, 0.9154475659495341, 0.0, -0.8386550197735846, 0.0767925461759727, 6.615000000000002
0.0011280561122244484, 0.32203136539238586, 2.6930355951832016E-4, 1.5442140665285709, -0.002473616158893306, 0.0, 2.8772952121587485E-4, -0.002185886637677434, -8.26877427910555, 0.0, 0.22650980425390335, -8.042264474851635, 0.9164595266326582, 0.0, -0.8419109835385475, 0.07454854309413275, 6.615000000000002
0.00113567134268537, 0.3243096340632978, 2.7112156187427967E-4, 1.545851152164778, -0.002488642267724136, 0.0, 2.8813355446089103E-4, -0.002200508713263248, -8.26158086321791, 0.0, 0.2180524034228862, -8.043528459795011, 0.9174835037767393, 0.0, -0.8446943308058724, 0.07278917297089044, 6.615000000000003
0.0011432865731462918, 0.3265890408275392, 2.729395642302392E-4, 1.5475094449166957, -0.0025036553197037284, 0.0, 2.8852265808395575E-4, -0.0022151326616197753, -8.254410324960853, 0.0, 0.2100855989693379, -8.044324725991501, 0.918518952495459, 0.0, -0.8470079700691595, 0.07151098242632106, 6.615000000000003
0.001150901803607214, 0.32886955302817844, 2.7475756658619873E-4, 1.5491906784282796, -0.00251865535642367, 0.0, 2.8889772399043963E-4, -0.0022297576324332323, -8.247262664334379, 0.0, 0.20260939089325475, -8.04465327344111, 0.9195653423239957, 0.0, -0.8488547328429144, 0.07071060948110205, 6.615000000000003
0.0011585170340681356, 0.3311511380082838, 2.7657556894215824E-4, 1.5508966065656162, -0.0025336424194755446, 0.0, 2.8925964408571287E-4, -0.0022443827753898344, -8.240137881338486, 0.0, 0.19562377919463858, -8.044514102143832, 0.9206221567450619, 0.0, -0.8502373761925435, 0.0703847805525429, 6.615000000000003
0.0011661322645290574, 0.33343376311092343, 2.7839357129811774E-4, 1.552629003416922, -0.0025486165504509405, 0.0, 2.896093102751448E-4, -0.002259007240175798, -8.233035975973175, 0.0, 0.1891287638734922, -8.043907212099674, 0.9216888927334886, 0.0, -0.851158585165242, 0.07053030756826496, 6.615000000000003
0.0011737474949899793, 0.33571739567916614, 2.802115736540773E-4, 1.5543896632925451, -0.0025635777909414448, 0.0, 2.8994761446410615E-4, -0.00227363017647734, -8.225956948238446, 0.0, 0.18312434492981003, -8.042832603308625, 0.9227650603185413, 0.0, -0.8516209751262703, 0.07114408519228926, 6.615000000000003
0.001181362725450901, 0.3380020030560799, 2.820295760100368E-4, 1.5561804007249656, -0.0025785261825386407, 0.0, 2.902754485579668E-4, -0.002288250733980677, -8.218900798134301, 0.0, 0.17761052236359393, -8.041290275770693, 0.9238501821631572, 0.0, -0.8516270940048275, 0.0722230881583547, 6.615000000000003
0.0011889779559118231, 0.3402875525847333, 2.8384757836599637E-4, 1.5580030504687918, -0.0025934617668341184, 0.0, 2.9059370446209674E-4, -0.002302868062372024, -8.211867525660736, 0.0, 0.17258729617484575, -8.03928022948588, 0.9249437931593887, 0.0, -0.8511794244536524, 0.07376436870575444, 6.615000000000003
0.0011965931863727448, 0.3425740116081945, 2.8566558072195587E-4, 1.559859467500765, -0.0026083845854194612, 0.0, 2.9090327408186594E-4, -0.002317481311337597, -8.204857130817755, 0.0, 0.16805466636356364, -8.03680246445418, 0.9260454400392322, 0.0, -0.8502803859261555, 0.07576505411309445, 6.615000000000003
0.0012042084168336668, 0.34486134746953206, 2.8748358307791543E-4, 1.5617515270197568, -0.002623294679886256, 0.0, 2.912050493226447E-4, -0.002332089630563614, -8.197869613605354, 0.0, 0.16401263292975132, -8.033856980675592, 0.9271546810002813, 0.0, -0.848932336674724, 0.07822234432557879, 6.615000000000003
0.0012118236472945885, 0.3471495275118141, 2.8930158543387494E-4, 1.5636811244467692, -0.00263819209182609, 0.0, 2.914999220898026E-4, -0.0023466921697362893, -8.190904974023537, 0.0, 0.1604611958734032, -8.030443778150126, 0.9282710853454696, 0.0, -0.8471375756737028, 0.08113350967178154, 6.615000000000003
0.0012194388777555104, 0.34943851907810924, 2.9111958778983444E-4, 1.5656501754249357, -0.002653076862830549, 0.0, 2.917887842887102E-4, -0.002361288078541841, -8.183963212072303, 0.0, 0.15740035519452117, -8.026562856877769, 0.9293942331363046, 0.0, -0.8448983444703011, 0.0844958886660229, 6.615000000000003
0.0012270541082164321, 0.35172828951148566, 2.9293759014579394E-4, 1.5676606158195205, -0.0026679490344912187, 0.0, 2.92072527824738E-4, -0.0023758765066664834, -8.17704432775165, 0.0, 0.15483011089310705, -8.02221421685853, 0.9305237148590307, 0.0, -0.84221682896659, 0.08830688589246206, 6.615000000000004
0.001234669338677354, 0.35401880615501174, 2.947555925017535E-4, 1.5697144017179185, -0.002682808648399687, 0.0, 2.9235204460325507E-4, -0.0023904566037964343, -8.170148321061578, 0.0, 0.15275046296915898, -8.017397858092409, 0.9316591311031378, 0.0, -0.8390951611355503, 0.09256396996760805, 6.615000000000003
0.001242284569138276, 0.3563100363517558, 2.9657359485771306E-4, 1.5718135094296557, -0.002697655746147539, 0.0, 2.926282265296317E-4, -0.0024050275196179096, -8.163275192002091, 0.0, 0.1511614114226798, -8.012113780579401, 0.9328000922516938, 0.0, -0.835535420674007, 0.09726467157770247, 6.615000000000003
0.001249899799599198, 0.3586019474447863, 2.9839159721367257E-4, 1.5739599354863878, -0.002712490369326361, 0.0, 2.92901965509238E-4, -0.002419588403817125, -8.156424940573183, 0.0, 0.15006295625366572, -8.006361984319508, 0.9339462181829977, 0.0, -0.8315396365951417, 0.10240658158787405, 6.615000000000002
0.0012575150300601196, 0.36089450677717144, 3.002095995696321E-4, 1.5761556966419037, -0.0027273125595277388, 0.0, 2.9317415344744463E-4, -0.002434138406080297, -8.14959756677486, 0.0, 0.14945509746211869, -8.000142469312733, 0.9350971379830806, 0.0, -0.827109788763128, 0.10798734921997162, 6.615000000000002
0.0012651302605210415, 0.3631876816919797, 3.0202760192559163E-4, 1.5784028298721222, -0.00274212235834326, 0.0, 2.93445682249621E-4, -0.0024486766760936415, -8.142793070607118, 0.0, 0.1493378350480386, -7.993455235559069, 0.9362524896685842, 0.0, -0.8222478093723513, 0.11400468029625101, 6.615000000000002
0.0012727454909819632, 0.36548143953227935, 3.0384560428155114E-4, 1.5807033923750926, -0.0027569198073645104, 0.0, 2.9371744382113694E-4, -0.0024632023635433754, -8.136011452069958, 0.0, 0.14971116901142462, -7.986300283058522, 0.9374119199195781, 0.0, -0.8169555843735307, 0.12045633554606491, 6.615000000000003
0.001280360721442885, 0.3677757476411388, 3.0566360663751064E-4, 1.5830594615709934, -0.0027717049481830757, 0.0, 2.9399033006736336E-4, -0.0024777146181157146, -8.129252711163382, 0.0, 0.15057509935227947, -7.978677611811091, 0.93857508382193, 0.0, -0.8112349548489366, 0.12734012897301178, 6.615000000000003
0.0012879759519038069, 0.3700705733616264, 3.0748160899347015E-4, 1.585473135102136, -0.0027864778223905427, 0.0, 2.9426523289366967E-4, -0.002492212589496876, -8.122516847887386, 0.0, 0.15192962607059948, -7.9705872218167775, 0.9397416446188034, 0.0, -0.805087718338831, 0.13465392627999115, 6.615000000000002
0.0012955911823647286, 0.3723658840368105, 3.0929961134942965E-4, 1.5879465308329643, -0.002801238471578498, 0.0, 2.9454304420542586E-4, -0.0025066954273730738, -8.115803862241973, 0.0, 0.15377474916638553, -7.962029113075577, 0.9409112734709297, 0.0, -0.798515630121118, 0.14239564334982727, 6.615000000000002
0.0013032064128256507, 0.3746616470097595, 3.1111761370538927E-4, 1.59048178685005, -0.002815986937338528, 0.0, 2.9482465590800256E-4, -0.0025211622814305277, -8.109113754227142, 0.0, 0.15611046863964045, -7.953003285587491, 0.9420836492252639, 0.0, -0.7915204044461398, 0.1505632447791411, 6.615000000000002
0.0013108216432865724, 0.37695782962354163, 3.1293561606134877E-4, 1.593081061462097, -0.002830723261262218, 0.0, 2.9511095990676997E-4, -0.00253561230135545, -8.102446523842893, 0.0, 0.15893678449036053, -7.943509739352525, 0.9432584581917348, 0.0, -0.7841037157284307, 0.1591547424633174, 6.615000000000002
0.0013184368737474944, 0.3792543992212254, 3.147536184173083E-4, 1.5957465331999405, -0.002845447484941155, 0.0, 2.954028481070972E-4, -0.00255004463683406, -8.095802171089227, 0.0, 0.16225369671854944, -7.933548474370669, 0.9444353939277025, 0.0, -0.7762671996971501, 0.16816819423056725, 6.615000000000003
0.001326052104208416, 0.381551323145879, 3.165716207732678E-4, 1.5984804008165447, -0.002860159649966925, 0.0, 2.9570121241435433E-4, -0.0025644584375525722, -8.089180695966142, 0.0, 0.1660612053242035, -7.9231194906419296, 0.9456141570298671, 0.0, -0.7680124545069122, 0.17760170252297017, 6.615000000000003
0.001333667334669338, 0.38384856874057094, 3.1838962312922734E-4, 1.6012848832870061, -0.0028748597979311144, 0.0, 2.9600694473391244E-4, -0.0025788528531972034, -8.08258209847364, 0.0, 0.17035931030732454, -7.912222788166307, 0.9467944549332904, 0.0, -0.7593410418105261, 0.18745341312277686, 6.615000000000003
0.0013412825651302597, 0.3861461033483694, 3.2020762548518684E-4, 1.6041622198085523, -0.0028895479704253097, 0.0, 2.963209369711414E-4, -0.00259322703345417, -8.076006378611721, 0.0, 0.17514801166791166, -7.9008583669438, 0.9479760017172678, 0.0, -0.7502544877952046, 0.19772151392207712, 6.615000000000002
0.0013488977955911816, 0.3884438943123429, 3.2202562784114635E-4, 1.6071146698005414, -0.002904224209041097, 0.0, 2.966440810314104E-4, -0.0026075801280096888, -8.069453536380383, 0.0, 0.1804273094059667, -7.889026226974408, 0.9491585179177796, 0.0, -0.7407542841836695, 0.20840423373412503, 6.615000000000002
0.0013565130260521036, 0.39074190897555977, 3.238436301971059E-4, 1.6101445129044638, -0.0029188885553700626, 0.0, 2.9697726882009045E-4, -0.002621911286549974, -8.062923571779628, 0.0, 0.1861972035214897, -7.876726368258133, 0.9503417303462618, 0.0, -0.7308418892015526, 0.21949984114471985, 6.615000000000003
0.0013641282565130255, 0.3930401146810883, 3.2566163255306547E-4, 1.6132540489839369, -0.0029335410510037936, 0.0, 2.9732139224255074E-4, -0.0026362196587612447, -8.056416484809455, 0.0, 0.1924576940144778, -7.863958790794968, 0.9515253719144341, 0.0, -0.7205187285123704, 0.231006643402077, 6.615000000000003
0.0013717434869739472, 0.3953384787719968, 3.2747963490902497E-4, 1.6164455981247126, -0.0029481817375338745, 0.0, 2.9767734320416224E-4, -0.0026505043943297144, -8.049932275469864, 0.0, 0.1992087808849329, -7.850723494584921, 0.9527091814649779, 0.0, -0.7097861961213717, 0.24292298534362097, 6.615000000000003
0.0013793587174348691, 0.3976369685913537, 3.292976372649845E-4, 1.6197215006346721, -0.002962810656551893, 0.0, 2.9804601361029404E-4, -0.002664764642941601, -8.043470943760854, 0.0, 0.206450464132855, -7.837020479627991, 0.9538929036078123, 0.0, -0.6986456552494337, 0.25524724835839374, 6.615000000000003
0.0013869739478957908, 0.39993555148222737, 3.31115639620944E-4, 1.623084117043828, -0.002977427849649435, 0.0, 2.984282953663166E-4, -0.0026789995542831203, -8.037032489682428, 0.0, 0.21418274375824412, -7.8228497459241755, 0.9550762885617751, 0.0, -0.6870984391781845, 0.26797784938360475, 6.615000000000003
0.0013945891783567125, 0.4022341947876861, 3.329336419769035E-4, 1.626535828104323, -0.0029920333584180867, 0.0, 2.98825080377601E-4, -0.0026932082780404877, -8.030616913234585, 0.0, 0.2224056197611002, -7.808211293473477, 0.956259092001474, 0.0, -0.675145852067425, 0.28111323993406157, 6.615000000000001
0.0014022044088176345, 0.40453286585079834, 3.3475164433286305E-4, 1.6300790347904337, -0.0030066272244494347, 0.0, 2.992372605495155E-4, -0.002707389963899921, -8.024224214417321, 0.0, 0.23111909214142332, -7.793105122275892, 0.9574410749091445, 0.0, -0.6627891697459072, 0.2946519051632476, 6.615000000000002
0.0014098196392785564, 0.4068315320146324, 3.365696466888226E-4, 1.6337161582985624, -0.003021209489335065, 0.0, 2.996657277874314E-4, -0.0027215437615476356, -8.01785439323064, 0.0, 0.2403231608992125, -7.777531232331424, 0.9586220034312999, 0.0, -0.6500296404765131, 0.30859236295479775, 6.615000000000002
0.0014174348697394783, 0.4091301606222566, 3.383876490447821E-4, 1.637449640047247, -0.0030357801946665646, 0.0, 3.001113739967184E-4, -0.002735668820669848, -8.011507449674543, 0.0, 0.25001782603446865, -7.761489623640068, 0.9598016487400086, 0.0, -0.6368684856967308, 0.32293316304329167, 6.615000000000002
0.0014250501002004, 0.41142871901673916, 3.402056514007416E-4, 1.6412819416771536, -0.0030503393820355182, 0.0, 3.005750910827469E-4, -0.002749764290952774, -8.005183383749028, 0.0, 0.260203087547189, -7.74498029620183, 0.9609797868986081, 0.0, -0.6233069007354208, 0.3376728861632041, 6.615000000000002
0.001432665330661322, 0.4137271745411487, 3.420236537567012E-4, 1.645215545051079, -0.003064887093033514, 0.0, 3.010577709508858E-4, -0.0027638293220826303, -7.998882195454095, 0.0, 0.27087894543738195, -7.728003250016707, 0.9621561987317179, 0.0, -0.6093460555066857, 0.35281014322504395, 6.615000000000002
0.0014402805611222437, 0.4160254945385534, 3.438416561126607E-4, 1.649252952253954, -0.003079423369252137, 0.0, 3.0156030550650614E-4, -0.0027778630637456322, -7.992603884789744, 0.0, 0.28204539970503817, -7.710558485084698, 0.9633306696993592, 0.0, -0.5949870951817915, 0.36834357451757793, 6.615000000000003
0.0014478957915831656, 0.4183236463520218, 3.456596584686202E-4, 1.6533966855928348, -0.003093948252282974, 0.0, 3.0208358665497837E-4, -0.0027918646656279974, -7.986348451755974, 0.0, 0.29370245035016046, -7.692646001405808, 0.9645029897750589, 0.0, -0.5802311408398054, 0.3842718489352649, 6.615000000000002
0.0014555110220440873, 0.42062159732462207, 3.474776608245797E-4, 1.657649287596914, -0.003108461783717611, 0.0, 3.026285063016715E-4, -0.0028058332774159407, -7.980115896352788, 0.0, 0.3058500973727488, -7.67426579898003, 0.9656729533277781, 0.0, -0.5650792900978608, 0.40059366322992884, 6.615000000000002
0.0014631262525050092, 0.4229193147994226, 3.4929566318053925E-4, 1.6620133210175125, -0.003122964005147635, 0.0, 3.0319595635195664E-4, -0.0028197680487956796, -7.973906218580184, 0.0, 0.31848834077280697, -7.655417877807372, 0.9668403590075233, 0.0, -0.54953261772173, 0.41730774128580206, 6.615000000000002
0.0014707414829659312, 0.4252167661194917, 3.511136655364988E-4, 1.666491368828083, -0.003137454958164632, 0.0, 3.037868287112035E-4, -0.00283366812945343, -7.96771941843816, 0.0, 0.33161718055033307, -7.636102237887822, 0.9680050096345155, 0.0, -0.5335921762174239, 0.4344128334171019, 6.615000000000002
0.001478356713426853, 0.4275139186278979, 3.529316678924583E-4, 1.6710860342242075, -0.0031519346843601873, 0.0, 3.044020152847813E-4, -0.0028475326690754078, -7.96155549592672, 0.0, 0.34523661670532146, -7.616318879221393, 0.9691667120917793, 0.0, -0.51725899640451, 0.4519077156872789, 6.615000000000003
0.0014859719438877748, 0.42981073966770933, 3.547496702484178E-4, 1.6757999406235993, -0.0031664032253258885, 0.0, 3.05042407978061E-4, -0.002861360817347829, -7.955414451045863, 0.0, 0.3593466492377778, -7.5960678018080765, 0.9703252772210444, 0.0, -0.500534087971791, 0.4697911892492671, 6.615000000000003
0.0014935871743486965, 0.4321071965819945, 3.565676726043773E-4, 1.6806357316661036, -0.003180860622653321, 0.0, 3.05708898696412E-4, -0.002875151723956911, -7.949296283795587, 0.0, 0.37394727814770207, -7.575349005647878, 0.9714805197218259, 0.0, -0.4834184400160006, 0.4880620797058388, 6.615000000000003
0.0015012024048096184, 0.43440325671382174, 3.583856749603369E-4, 1.6855960712136964, -0.0031953069179340714, 0.0, 3.064023793452053E-4, -0.0028889045385888682, -7.943200994175894, 0.0, 0.3890385034350943, -7.5541624907407945, 0.9726322580535677, 0.0, -0.46591302156409925, 0.5067192364894789, 6.615000000000003
0.0015088176352705401, 0.4366988874062594, 3.602036773162964E-4, 1.6906836433504824, -0.0032097421527597265, 0.0, 3.071237418298099E-4, -0.0029026184109299186, -7.937128582186783, 0.0, 0.40462032509995255, -7.532508257086823, 0.9737803143407728, 0.0, -0.44801878207974233, 0.5257615322610428, 6.615000000000002
0.001516432865731462, 0.4389940560023758, 3.620216796722559E-4, 1.695901152382701, -0.0032241663687218726, 0.0, 3.078738780555967E-4, -0.002916292490666277, -7.931079047828253, 0.0, 0.4206927431422787, -7.510386304685972, 0.9749245142809613, 0.0, -0.4297366519545007, 0.5451878623264659, 6.615000000000002
0.001524048096192384, 0.4412887298452393, 3.6383968202821545E-4, 1.701251322838721, -0.0032385796074120947, 0.0, 3.086536799279359E-4, -0.0029299259274841605, -7.925052391100305, 0.0, 0.4372557575620673, -7.487796633538235, 0.9760646870554123, 0.0, -0.41106754298435305, 0.5649971440710677, 6.615000000000002
0.001531663326653306, 0.44358287627791826, 3.65657684384175E-4, 1.7067368994690388, -0.0032529819104219807, 0.0, 3.094640393521968E-4, -0.0029435178710697863, -7.919048612002942, 0.0, 0.4543093683593275, -7.464739243643609, 0.9772006652425596, 0.0, -0.39201234883193803, 0.5851883164106325, 6.615000000000002
0.0015392785571142276, 0.445876462643481, 3.674756867401345E-4, 1.7123606472462862, -0.003267373319343116, 0.0, 3.103058482337485E-4, -0.002957067471109369, -7.9130677105361595, 0.0, 0.4718535755340537, -7.441214135002101, 0.97833228473396, 0.0, -0.3725719454751377, 0.6057603392588308, 6.615000000000002
0.0015468937875751496, 0.44816945628499594, 3.69293689096094E-4, 1.7181253513652235, -0.0032817538757670866, 0.0, 3.111799984779639E-4, -0.002970573877289125, -7.907109686699958, 0.0, 0.48988837908624605, -7.417221307613709, 0.9794593846527343, 0.0, -0.35274719164237156, 0.6267121930103705, 6.615000000000002
0.0015545090180360713, 0.4504618245455314, 3.711116914520535E-4, 1.7240338172427423, -0.0032961236212854794, 0.0, 3.120873819902107E-4, -0.0029840362392952705, -7.901174540494341, 0.0, 0.5084137790159045, -7.392760761478432, 0.9805818072744219, 0.0, -0.33253892923508677, 0.6480428780393435, 6.615000000000003
0.0015621242484969932, 0.4527535347681558, 3.729296938080131E-4, 1.7300888705178639, -0.0033104825974898814, 0.0, 3.1302889067586024E-4, -0.0029974537068140224, -7.895262271919305, 0.0, 0.5274297753230289, -7.367832496596271, 0.9816993979501414, 0.0, -0.3119479837379317, 0.669751414212218, 6.615000000000002
0.001569739478957915, 0.4550445542959373, 3.747476961639726E-4, 1.7362933570517436, -0.0033248308459718767, 0.0, 3.140054164402816E-4, -0.0030108254295315964, -7.889372880974852, 0.0, 0.5469363680076212, -7.342436512967226, 0.9828120050319763, 0.0, -0.2909751646169503, 0.6918368404150338, 6.615000000000002
0.001577354709418837, 0.4573348504719445, 3.7656569851993215E-4, 1.742650142927665, -0.003339168408323054, 0.0, 3.1501785118884565E-4, -0.0030241505571342105, -7.883506367660979, 0.0, 0.5669335570696816, -7.3165728105912935, 0.9839194798005545, 0.0, -0.26962126570627354, 0.7142982140942901, 6.615000000000002
0.0015849699398797587, 0.45962439063924554, 3.7838370087589165E-4, 1.7491621144510447, -0.0033534953261349985, 0.0, 3.160670868269228E-4, -0.0030374282393080777, -7.87766273197769, 0.0, 0.5874213425092043, -7.290241389468478, 0.9850216763946757, 0.0, -0.24788706558364718, 0.7371346108110416, 6.615000000000003
0.0015925851703406805, 0.4619131421409089, 3.8020170323185116E-4, 1.7558321781494262, -0.0033678116409992954, 0.0, 3.171540152598815E-4, -0.003050657625739416, -7.871841973924983, 0.0, 0.6083997243261967, -7.263442249598779, 0.9861184517429857, 0.0, -0.22577332793516441, 0.7603451238078334, 6.615000000000003
0.0016002004008016024, 0.46420107232000296, 3.820197055878107E-4, 1.7626632607724873, -0.0033821173945075334, 0.0, 3.182795283930926E-4, -0.0030638378661144426, -7.866044093502858, 0.0, 0.629868702520659, -7.236175390982196, 0.9872096654975984, 0.0, -0.2032808019096384, 0.7839288635879686, 6.615000000000003
0.001607815631262524, 0.46648814851959597, 3.838377079437702E-4, 1.7696583092920353, -0.0033964126282512975, 0.0, 3.194445181319266E-4, -0.003076968110119372, -7.860269090711316, 0.0, 0.6518282770925854, -7.208440813618725, 0.9882951799695888, 0.0, -0.18041022246286517, 0.8078849575067328, 6.615000000000003
0.001615430861723446, 0.4687743380827563, 3.856557102997297E-4, 1.7768202909020094, -0.0034106973838221736, 0.0, 3.206498763817531E-4, -0.0030900475074404224, -7.854516965550355, 0.0, 0.6742784480419798, -7.180238517508373, 0.9893748600663228, 0.0, -0.1571623106921397, 0.8322125493741895, 6.615000000000002
0.0016230460921843677, 0.4710596083525524, 3.8747371265568923E-4, 1.78415219301848, -0.0034249717028117486, 0.0, 3.2189649504794264E-4, -0.003103075207763808, -7.848787718019977, 0.0, 0.6972192153688384, -7.151568502651135, 0.9904485732305535, 0.0, -0.13353777416139387, 0.8569107990691687, 6.615000000000002
0.0016306613226452897, 0.47334392667205255, 3.892917150116488E-4, 1.791657023279647, -0.003439235626811609, 0.0, 3.2318526603586535E-4, -0.003116050360775745, -7.843081348120181, 0.0, 0.720650579073163, -7.122430769047015, 0.9915161893812164, 0.0, -0.10953730721718519, 0.8819788821640397, 6.615000000000002
0.0016382765531062116, 0.4756272603843251, 3.9110971736760835E-4, 1.799337809545841, -0.0034534891974133406, 0.0, 3.245170812508904E-4, -0.0031289721161624514, -7.837397855850966, 0.0, 0.7445725391549574, -7.092825316696003, 0.9925775808558838, 0.0, -0.0851615912958931, 0.9074159895599999, 6.615000000000002
0.0016458917835671335, 0.4779095768324385, 3.9292771972356785E-4, 1.807197599899524, -0.0034677324562085296, 0.0, 3.2589283259838817E-4, -0.0031418396236101423, -7.831737241212335, 0.0, 0.7689850956142217, -7.062752145598113, 0.993632622354798, 0.0, -0.06041129522239321, 0.933221327132408, 6.615000000000002
0.0016535070140280552, 0.48019084335946094, 3.9474572207952736E-4, 1.815239462645291, -0.0034819654447887623, 0.0, 3.273134119837291E-4, -0.0031546520328050347, -7.8260995042042865, 0.0, 0.7938882484509463, -7.032211255753337, 0.9946811908864844, 0.0, -0.03528707550047313, 0.9593941153860188, 6.615000000000003
0.0016611222444889771, 0.482471027308461, 3.965637244354869E-4, 1.8234664863098633, -0.0034961882047456257, 0.0, 3.287797113122829E-4, -0.0031674084934333446, -7.820484644826818, 0.0, 0.8192819976651409, -7.0012026471616755, 0.9957231657148296, 0.0, -0.009789576595224527, 0.9859335891196115, 6.615000000000003
0.0016687374749498989, 0.48475009602250674, 3.983817267914464E-4, 1.8318817796420963, -0.003510400777670705, 0.0, 3.3029262248941986E-4, -0.0031801081551812867, -7.8148926630799345, 0.0, 0.8451663432567995, -6.969726319823129, 0.9967584283076134, 0.0, 0.016080568792227645, 1.012838997099851, 6.615000000000002
0.0016763527054108208, 0.4870280168446666, 4.0019972914740593E-4, 1.8404884716129761, -0.003524603205155588, 0.0, 3.3185303742051006E-4, -0.0031927501677350796, -7.809323558963631, 0.0, 0.8715412852259299, -6.9377822737376995, 0.9977868622864725, 0.0, 0.04232273945755355, 1.040109601744031, 6.615000000000002
0.0016839679358717425, 0.48930475711800914, 4.0201773150336543E-4, 1.84928971141562, -0.00353879552879186, 0.0, 3.334618480109234E-4, -0.003205333680780938, -7.80377733247791, 0.0, 0.8984068235725226, -6.905370508905385, 0.998808353378175, 0.0, 0.06893632543323389, 1.067744678811415, 6.615000000000002
0.0016915831663326646, 0.49158028418560257, 4.0383573385932505E-4, 1.858288668465276, -0.0035529777901711075, 0.0, 3.351199461660301E-4, -0.0032178578440050787, -7.798253983622772, 0.0, 0.9257629582965851, -6.872491025326183, 0.9998227893672483, 0.0, 0.09592072773566075, 1.0957435171029157, 6.615000000000003
0.0016991983967935863, 0.49385456539051514, 4.0565373621528455E-4, 1.8674885323993191, -0.0035671500308849156, 0.0, 3.368282237911995E-4, -0.0032303218070937182, -7.792753512398217, 0.0, 0.9536096893981136, -6.839143823000098, 1.000830060049869, 0.0, 0.12327535811898213, 1.1241054181688617, 6.615000000000003
0.001706813627254508, 0.49612756807581526, 4.0747173857124406E-4, 1.87689251307726, -0.003581312292524872, 0.0, 3.385875727918029E-4, -0.0032427247197330715, -7.787275918804242, 0.0, 0.9819470168771082, -6.80532890192713, 1.001830057188987, 0.0, 0.15099963883556866, 1.1528296960245652, 6.615000000000003
0.00171442885771543, 0.49839925958457143, 4.0928974092720356E-4, 1.8865038405807377, -0.0035954646166825636, 0.0, 3.4039888507321025E-4, -0.0032550657316093553, -7.78182120284085, 0.0, 1.0107749407335707, -6.7710462621072764, 1.002822674470636, 0.0, 0.1790930024028622, 1.1819156768735057, 6.615000000000002
0.0017220440881763517, 0.5006696072598519, 4.1110774328316307E-4, 1.8963257652135268, -0.0036096070449495757, 0.0, 3.4226305254078985E-4, -0.003267343992408787, -7.776389364508041, 0.0, 1.0400934609674994, -6.736295903540538, 1.0038078074614192, 0.0, 0.2075548913763992, 1.2113626988378252, 6.615000000000002
0.0017296593186372736, 0.502938578444725, 4.129257456391226E-4, 1.9063615575015254, -0.0036237396189174936, 0.0, 3.4418096709991374E-4, -0.0032795586518175822, -7.770980403805813, 0.0, 1.069902577578896, -6.701077826226916, 1.0047853535671087, 0.0, 0.23638475812883086, 1.241170111695946, 6.615000000000002
0.0017372745490981953, 0.5052061404822592, 4.1474374799508213E-4, 1.9166145081927675, -0.003637862380177906, 0.0, 3.4615352065595116E-4, -0.0032917088595219566, -7.765594320734167, 0.0, 1.1002022905677584, -6.66539203016641, 1.0057552119923439, 0.0, 0.2655820646347669, 1.271337276627115, 6.615000000000002
0.0017448897795591175, 0.5074722607155228, 4.165617503510417E-4, 1.927087928257417, -0.0036519753703223978, 0.0, 3.4818160511427263E-4, -0.003303793765208127, -7.760231115293105, 0.0, 1.130992599934087, -6.629238515359015, 1.00671728370136, 0.0, 0.29514628226124356, 1.3018635659626117, 6.615000000000002
0.0017525050100200392, 0.509736906487584, 4.183797527070012E-4, 1.9377851488877669, -0.0036660786309425557, 0.0, 3.502661123802476E-4, -0.003315812518562309, -7.754890787482624, 0.0, 1.162273505677882, -6.59261728180474, 1.0076714713797827, 0.0, 0.3250768915636585, 1.3327483629434451, 6.615000000000003
0.001760120240480961, 0.5120000451415112, 4.2019775506296075E-4, 1.9487095214982442, -0.0036801722036299642, 0.0, 3.524079343592459E-4, -0.0033277642692707203, -7.749573337302726, 0.0, 1.1940450077991465, -6.55552832950358, 1.0086176793973551, 0.0, 0.3553733820870041, 1.3639910614843644, 6.615000000000003
0.0017677354709418828, 0.514261644020373, 4.2201575741892026E-4, 1.9598644177254028, -0.003694256129976212, 0.0, 3.5460796295663875E-4, -0.003339648167019575, -7.7442787647534095, 0.0, 1.2263071062978752, -6.517971658455534, 1.0095558137717071, 0.0, 0.38603525217222023, 1.395591065943932, 6.615000000000003
0.0017753507014028047, 0.5165216704672375, 4.2383375977487976E-4, 1.9712532294279308, -0.003708330451572885, 0.0, 3.5686709007779556E-4, -0.0033514633614950906, -7.739007069834675, 0.0, 1.25905980117407, -6.479947268660605, 1.0104857821329751, 0.0, 0.41706200876757027, 1.4275477909005476, 6.615000000000003
0.0017829659318637264, 0.5187800918251732, 4.2565176213083927E-4, 1.9828793686866466, -0.0037223952100115675, 0.0, 3.591862076280849E-4, -0.003363209002383484, -7.733758252546523, 0.0, 1.2923030924277328, -6.441455160118789, 1.011407493689377, 0.0, 0.4484531672448172, 1.4598606609341993, 6.615000000000003
0.0017905811623246482, 0.5210368754372483, 4.2746976448679877E-4, 1.9947462678044978, -0.003736450446883848, 0.0, 3.6156620751287994E-4, -0.0033748842393709704, -7.728532312888954, 0.0, 1.3260369800588652, -6.40249533283009, 1.0123208591936712, 0.0, 0.48020825122008926, 1.4925291104137646, 6.615000000000003
0.00179819639278557, 0.5232919886465313, 4.2928776684275833E-4, 2.006857379306564, -0.0037504962037813124, 0.0, 3.6400798163754855E-4, -0.003386488222143766, -7.7233292508619655, 0.0, 1.3602614640674602, -6.363067786794507, 1.0132257909104285, 0.0, 0.5123267923793214, 1.525552583289753, 6.615000000000002
0.001805811623246492, 0.5255453987960905, 4.311057691987179E-4, 2.019216175940057, -0.0037645325222955468, 0.0, 3.665124219074606E-4, -0.0033980201003880875, -7.7181490664655605, 0.0, 1.3949765444535267, -6.323172522012038, 1.0141222025841659, 0.0, 0.5448083303081089, 1.558930532892274, 6.615000000000002
0.001813426853707414, 0.5277970732289944, 4.329237715546774E-4, 2.0318261506743185, -0.0037785594440181377, 0.0, 3.690804202279873E-4, -0.003409479023790151, -7.712991759699738, 0.0, 1.4301822212170554, -6.282809538482682, 1.0150100094082728, 0.0, 0.5776524123258078, 1.5926624217340837, 6.615000000000003
0.0018210420841683356, 0.5300469792883109, 4.347417739106369E-4, 2.0446908167008186, -0.00379257701054067, 0.0, 3.717128685044994E-4, -0.003420864142036172, -7.707857330564496, 0.0, 1.4658784943580485, -6.241978836206445, 1.015889127994718, 0.0, 0.6108585933238623, 1.6267477213185861, 6.615000000000003
0.0018286573146292576, 0.5322950843171088, 4.3655977626659646E-4, 2.0578137074331617, -0.003806585263454732, 0.0, 3.7441065864236454E-4, -0.0034321746048123687, -7.702745779059838, 0.0, 1.502065363876517, -6.200680415183323, 1.0167594763445038, 0.0, 0.6444264356081439, 1.6611859119526495, 6.615000000000003
0.0018362725450901793, 0.5345413556584563, 4.3837777862255596E-4, 2.07119837650708, -0.0038205842443519078, 0.0, 3.7717468254695437E-4, -0.0034434095618049547, -7.697657105185762, 0.0, 1.538742829772446, -6.158914275413316, 1.01762097381887, 0.0, 0.678355508745158, 1.6959764825640313, 6.615000000000002
0.0018438877755511012, 0.5367857606554217, 4.4019578097851547E-4, 2.0848483977804424, -0.0038345739948237863, 0.0, 3.8000583212363876E-4, -0.003454568162700149, -7.6925913089422675, 0.0, 1.5759108920458447, -6.116680416896425, 1.0184735411112114, 0.0, 0.7126453894121754, 1.7311189305233876, 6.615000000000003
0.001851503006012023, 0.5390282666510735, 4.42013783334475E-4, 2.0987673653332397, -0.0038485545564619517, 0.0, 3.82904999277788E-4, -0.0034656495571841655, -7.687548390329356, 0.0, 1.6135695506967094, -6.073978839632648, 1.0193171002196633, 0.0, 0.7472956612509565, 1.766612761470622, 6.615000000000003
0.001859118236472945, 0.54126884098848, 4.438317856904346E-4, 2.112958893467603, -0.003862525970857992, 0.0, 3.8587307591477155E-4, -0.003476652894943222, -7.682528349347025, 0.0, 1.651718805725042, -6.030809543621984, 1.0201515744204008, 0.0, 0.7823059147251359, 1.802457489145539, 6.615000000000003
0.0018667334669338668, 0.5435074510107095, 4.456497880463941E-4, 2.127426616707786, -0.0038764882796034914, 0.0, 3.8891095393995883E-4, -0.0034875773256635334, -7.677531185995278, 0.0, 1.6903586571308389, -5.987172528864438, 1.0209768882415526, 0.0, 0.8176757469810612, 1.838652635222617, 6.615000000000003
0.0018743486973947887, 0.5457440640608304, 4.474677904023536E-4, 2.142174189800178, -0.003890441524290038, 0.0, 3.9201952525872233E-4, -0.0034984219990313176, -7.672556900274111, 0.0, 1.7294891049141057, -5.94306779536001, 1.0217929674377852, 0.0, 0.8534047617120473, 1.8751977291498325, 6.615000000000003
0.0018819639278557104, 0.5479786474819109, 4.492857927583131E-4, 2.1572052877133, -0.0039043857465092167, 0.0, 3.9519968177642974E-4, -0.003509186064732789, -7.6676054921835295, 0.0, 1.7691101490748367, -5.898495343108694, 1.0225997389654666, 0.0, 0.8894925690259126, 1.9120923079913823, 6.615000000000003
0.0018895791583166323, 0.5502111686170197, 4.5110379511427266E-4, 2.1725236056377994, -0.003918320987852616, 0.0, 3.984523153984518E-4, -0.0035198686724541664, -7.662676961723528, 0.0, 1.8092217896130316, -5.853455172110496, 1.0233971309584784, 0.0, 0.9259387853157243, 1.949335916274208, 6.615000000000002
0.001897194388777554, 0.5524415948092248, 4.5292179747023217E-4, 2.18813285898646, -0.00393224728991182, 0.0, 4.0177831803015884E-4, -0.0035304689718816625, -7.657771308894109, 0.0, 1.8498240265286985, -5.807947282365411, 1.0241850727045556, 0.0, 0.9627430331336626, 1.9869281058382204, 6.615000000000002
0.0019048096192384757, 0.5546698934015946, 4.5473979982619167E-4, 2.2040367833941925, -0.003946164694278415, 0.0, 4.05178581576922E-4, -0.0035409861127014943, -7.652888533695273, 0.0, 1.8909168598218313, -5.761971673873443, 1.0249634946222357, 0.0, 0.9999049410678816, 2.0248684356901174, 6.615000000000003
0.0019124248496993979, 0.5568960317371978, 4.5655780218215123E-4, 2.22023913471804, -0.003960073242543989, 0.0, 4.0865399794410813E-4, -0.003551419244599882, -7.648028636127018, 0.0, 1.932500289492432, -5.715528346634588, 1.025732328238349, 0.0, 1.0374241436223657, 2.0631564718607156, 6.615000000000003
0.0019200400801603196, 0.5591199771591024, 4.5837580453811074E-4, 2.236743689037173, -0.003973972976300128, 0.0, 4.122054590370906E-4, -0.003561767517263038, -7.643191616189346, 0.0, 1.974574315540497, -5.6686173006488545, 1.0264915061660345, 0.0, 1.0753002810995744, 2.101791787265605, 6.615000000000003
0.0019276553106212415, 0.5613416970103768, 4.601938068940703E-4, 2.2535542426528994, -0.003987863937138416, 0.0, 4.158338567612379E-4, -0.003572030080377179, -7.638377473882255, 0.0, 2.017138937966028, -5.621238535916228, 1.0272409620832725, 0.0, 1.1135329994859464, 2.140773961569221, 6.615000000000003
0.0019352705410821632, 0.5635611586340895, 4.620118092500298E-4, 2.270674612088653, -0.004001746166650441, 0.0, 4.195400830219213E-4, -0.0035822060836285226, -7.633586209205747, 0.0, 2.060194156769025, -5.573392052436721, 1.0279806307119548, 0.0, 1.1521219503400415, 2.180102581052004, 6.615000000000004
0.0019428857715430852, 0.5657783293733087, 4.638298116059893E-4, 2.28810863409, -0.004015619706427791, 0.0, 4.2332502972450845E-4, -0.0035922946767032835, -7.628817822159822, 0.0, 2.103739971949494, -5.52507785021033, 1.0287104477974127, 0.0, 1.191066790683363, 2.2197772384807757, 6.615000000000002
0.0019505010020040069, 0.5679931765711028, 4.656478139619488E-4, 2.305860165624638, -0.0040294845980620485, 0.0, 4.2718958877437097E-4, -0.003602295009287679, -7.624072312744479, 0.0, 2.1477763835074266, -5.476295929237054, 1.0294303500884319, 0.0, 1.2303671828936782, 2.2597975329821116, 6.615000000000002
0.001958116232464929, 0.5702056675705403, 4.6746581631790837E-4, 2.323933083882396, -0.004043340883144803, 0.0, 4.311346520768809E-4, -0.0036122062310679245, -7.619349680959718, 0.0, 2.192303391442828, -5.427046289516891, 1.0301402753177635, 0.0, 1.2700227946008973, 2.3001630699186646, 6.615000000000002
0.0019657314629258505, 0.5724157697146892, 4.692838186738679E-4, 2.3423312862752317, -0.004057188603267639, 0.0, 4.351611115374033E-4, -0.0036220274917302367, -7.614649926805538, 0.0, 2.2373209957556948, -5.377328931049847, 1.030840162183042, 0.0, 1.3100332985853356, 2.340873460768376, 6.615000000000003
0.0019733466933867724, 0.5746234503466183, 4.7110182102982743E-4, 2.3610586904372344, -0.0040710278000221445, 0.0, 4.392698590613125E-4, -0.003631757940960833, -7.609973050281942, 0.0, 2.2828291964460257, -5.327143853835917, 1.0315299503281756, 0.0, 1.350398372678311, 2.3819283230064876, 6.615000000000003
0.0019809619238476944, 0.5768286768093956, 4.7291982338578694E-4, 2.3801192342246242, -0.004084858514999903, 0.0, 4.434617865539778E-4, -0.0036413967284459263, -7.6053190513889275, 0.0, 2.3288279935138285, -5.276491057875101, 1.032209580325157, 0.0, 1.3911176996650945, 2.423327279990251, 6.615000000000003
0.0019885771543086163, 0.5790314164460898, 4.747378257417465E-4, 2.3995168757157535, -0.004098680789792504, 0.0, 4.4773778592076784E-4, -0.003650943003871738, -7.600687930126494, 0.0, 2.3753173869590976, -5.225370543167402, 1.0328789936563034, 0.0, 1.4321909671900235, 2.465069960846325, 6.615000000000004
0.001996192384769538, 0.5812316365997687, 4.76555828097706E-4, 2.419255593211103, -0.004112494665991533, 0.0, 4.520987490670555E-4, -0.003660395916924478, -7.596079686494644, 0.0, 2.4222973767818266, -5.17378230971282, 1.0335381326968713, 0.0, 1.4736178676638232, 2.5071560003606925, 6.615000000000003
0.0020038076152304597, 0.5834293046135011, 4.783738304536655E-4, 2.439339385233289, -0.004126300185188573, 0.0, 4.5654556789820593E-4, -0.0036697546172903685, -7.591494320493376, 0.0, 2.469767962982028, -5.12172635751135, 1.0341869406981044, 0.0, 1.5153980981730744, 2.5495850388711796, 6.615000000000003
0.0020114228456913816, 0.5856243878303554, 4.80191832809625E-4, 2.459772270527051, -0.004140097388975214, 0.0, 4.610791343195933E-4, -0.0036790182546556226, -7.58693183212269, 0.0, 2.5177291455596946, -5.069202686562997, 1.0348253617706513, 0.0, 1.557531360391635, 2.592356722162289, 6.615000000000002
0.002019038076152303, 0.5878168535933996, 4.820098351655845E-4, 2.48055828805927, -0.004153886318943041, 0.0, 4.657003402365875E-4, -0.003688185978706456, -7.582392221382587, 0.0, 2.566180924514828, -5.016211296867764, 1.0354533408683557, 0.0, 1.6000173604941774, 2.6354707013625327, 6.615000000000003
0.0020266533066132255, 0.5900066692457026, 4.8382783752154413E-4, 2.501701497018949, -0.004167667016683642, 0.0, 4.704100775545566E-4, -0.003697256939129087, -7.577875488273066, 0.0, 2.6151232998474345, -4.962752188425635, 1.036070823772408, 0.0, 1.6428558090716279, 2.6789266328440346, 6.615000000000003
0.0020342685370741474, 0.5921938021303321, 4.8564583987750363E-4, 2.5232059768172213, -0.004181439523788601, 0.0, 4.7520923817887233E-4, -0.003706230285609731, -7.573381632794126, 0.0, 2.6645562715574997, -4.90882536123663, 1.0366777570758694, 0.0, 1.6860464210484618, 2.7227241781243317, 6.615000000000003
0.002041883767535069, 0.5943782195903567, 4.8746384223346314E-4, 2.545075827087358, -0.0041952038818495055, 0.0, 4.800987140149036E-4, -0.0037151051678346023, -7.568910654945769, 0.0, 2.7144798396450347, -4.854430815300742, 1.0372740881685278, 0.0, 1.729588915601959, 2.7668630037704802, 6.615000000000003
0.002049498997995991, 0.596559888968845, 4.892818445894226E-4, 2.5673151676847574, -0.00420896013245794, 0.0, 4.850793969680199E-4, -0.0037238807354899217, -7.564462554727996, 0.0, 2.7648940041100323, -4.799568550617961, 1.0378597652220902, 0.0, 1.7734830160831399, 2.811342781305236, 6.615000000000003
0.002057114228456913, 0.5987387776088653, 4.910998469453823E-4, 2.5899281386869477, -0.004222708317205494, 0.0, 4.901521789435945E-4, -0.003732556138261901, -7.560037332140802, 0.0, 2.8157987649525107, -4.744238567188297, 1.0384347371757299, 0.0, 1.81772844993955, 2.856163187115278, 6.615000000000003
0.0020647294589178347, 0.6009148528534856, 4.929178493013418E-4, 2.612918900393589, -0.0042364484776837505, 0.0, 4.953179518469939E-4, -0.003741130525836758, -7.555634987184192, 0.0, 2.86719412217244, -4.688440865011757, 1.0389989537219082, 0.0, 1.8623249486396616, 2.901323902361567, 6.615000000000003
0.0020723446893787566, 0.6030880820457746, 4.947358516573013E-4, 2.636291633326473, -0.004250180655484297, 0.0, 5.005776075835901E-4, -0.0037496030479007092, -7.551255519858164, 0.0, 2.9190800757698434, -4.632175444088323, 1.0395523652925474, 0.0, 1.9072722475990738, 2.946824612891624, 6.615000000000003
0.002079959919839678, 0.6052584325288003, 4.965538540132608E-4, 2.660050538229521, -0.004263904892198721, 0.0, 5.059320380587516E-4, -0.0037579728541399706, -7.546898930162717, 0.0, 2.971456625744709, -4.575442304418012, 1.0400949230454997, 0.0, 1.9525700861081834, 2.992665009153682, 6.615000000000003
0.0020875751503006005, 0.6074258716456316, 4.983718563692204E-4, 2.684199836068787, -0.004277621229418609, 0.0, 5.11382135177851E-4, -0.003766239094240759, -7.542565218097854, 0.0, 3.0243237720970475, -4.518241446000812, 1.0406265788512883, 0.0, 1.9982182072615569, 3.038844786112842, 6.615000000000003
0.0020951903807615224, 0.6095903667393364, 5.001898587251799E-4, 2.708743768032453, -0.004291329708735545, 0.0, 5.169287908462564E-4, -0.00377440091788929, -7.538254383663573, 0.0, 3.0776815148268524, -4.460572868836724, 1.0411472852801724, 0.0, 2.044216357888768, 3.085363643168939, 6.615000000000003
0.002102805611222444, 0.6117518851529831, 5.020078610811394E-4, 2.733686595530834, -0.004305030371741115, 0.0, 5.225728969693371E-4, -0.00378245747477178, -7.533966426859873, 0.0, 3.13152985393412, -4.40243657292576, 1.0416569955894694, 0.0, 2.0905642884867817, 3.1322212840762487, 6.615000000000004
0.002110420841683366, 0.6139103942296402, 5.038258634370989E-4, 2.7590326001963756, -0.004318723260026909, 0.0, 5.283153454524654E-4, -0.0037904079145744457, -7.529701347686755, 0.0, 3.1858687894188567, -4.343832558267906, 1.0421556637111669, 0.0, 2.1372617531537883, 3.1794174168649527, 6.615000000000003
0.0021180360721442873, 0.6160658613123758, 5.056438657930584E-4, 2.784786083883654, -0.0043324084151845094, 0.0, 5.3415702820101E-4, -0.003798251386983501, -7.525459146144222, 0.0, 3.2406983212810565, -4.284760824863168, 1.0426432442397764, 0.0, 2.184308509524453, 3.2269517537642303, 6.615000000000003
0.0021256513026052092, 0.6182182537442589, 5.074618681490179E-4, 2.8109513686693774, -0.004346085878805505, 0.0, 5.400988371203411E-4, -0.003805987041685166, -7.521239822232269, 0.0, 3.2960184495207256, -4.225221372711547, 1.0431196924204895, 0.0, 2.231704318706587, 3.2748240111270754, 6.615000000000003
0.0021332665330661316, 0.6203675388683572, 5.092798705049775E-4, 2.837532796852383, -0.004359755692481482, 0.0, 5.461416641158296E-4, -0.0038136140283656543, -7.517043375950898, 0.0, 3.351829174137868, -4.165214201813039, 1.0435849641375414, 0.0, 2.2794489452191375, 3.3230339093566736, 6.615000000000003
0.002140881763527053, 0.6225136840277392, 5.11097872860937E-4, 2.864534730953639, -0.004373417897804025, 0.0, 5.522864010928442E-4, -0.003821131496711182, -7.51286980730011, 0.0, 3.4081304951324696, -4.104739312167648, 1.0440390159028652, 0.0, 2.327542156931512, 3.3715811728343725, 6.615000000000003
0.002148496993987975, 0.6246566565654733, 5.129158752168965E-4, 2.8919615537162464, -0.004387072536364721, 0.0, 5.585339399567573E-4, -0.003828538596407966, -7.508719116279904, 0.0, 3.4649224125045373, -4.04379670377537, 1.044481804844952, 0.0, 2.3759837250042324, 3.4204655298491846, 6.615000000000003
0.002156112224448897, 0.6267964238246281, 5.14733877572856E-4, 2.9198176681054338, -0.004400719649755158, 0.0, 5.64885172612935E-4, -0.0038358344771422235, -7.5045913028902795, 0.0, 3.522204926254074, -3.982386376636212, 1.0449132886979706, 0.0, 2.4247734238308047, 3.4696867125287696, 6.615000000000004
0.0021637274549098184, 0.6289329531482714, 5.165518799288155E-4, 2.9481074973085635, -0.004414359279566919, 0.0, 5.713409909667501E-4, -0.0038430182886001712, -7.500486367131239, 0.0, 3.579978036381074, -3.920508330750163, 1.0453334257911058, 0.0, 2.473911030980794, 3.5192444567719066, 6.615000000000003
0.0021713426853707403, 0.631066211879472, 5.18369882284775E-4, 2.9768354847351293, -0.004427991467391593, 0.0, 5.779022869235734E-4, -0.0038500891804680213, -7.496404309002778, 0.0, 3.6382417428855507, -3.8581625661172354, 1.0457421750381342, 0.0, 2.523396327144184, 3.5691385021823128, 6.615000000000003
0.002178957915831662, 0.633196167361298, 5.201878846407346E-4, 3.0060060940167537, -0.004441616254820765, 0.0, 5.845699523887721E-4, -0.003857046302431994, -7.492345128504901, 0.0, 3.696996045767482, -3.7953490827374203, 1.0461394959271864, 0.0, 2.57322909607679, 3.6193685920039784, 6.615000000000004
0.0021865731462925838, 0.6353227869368182, 5.220058869966941E-4, 3.03562380900719, -0.004455233683446022, 0.0, 5.9134487926772E-4, -0.003863888804178304, -7.488308825637606, 0.0, 3.756240945026884, -3.7320678806107255, 1.0465253485107724, 0.0, 2.6234091245469267, 3.6699344730576997, 6.615000000000003
0.002194188376753506, 0.6374460379491007, 5.238238893526537E-4, 3.0656931337823257, -0.004468843794858951, 0.0, 5.98227959465784E-4, -0.0038706158353931687, -7.484295400400893, 0.0, 3.8159764406637664, -3.6683189597371366, 1.0468996933959704, 0.0, 2.6739362022831163, 3.7208358956790804, 6.615000000000003
0.0022018036072144276, 0.6395658877412134, 5.256418917086132E-4, 3.0962185926401737, -0.0044824466306511365, 0.0, 6.052200848883351E-4, -0.0038772265457628035, -7.480304852794763, 0.0, 3.876202532678096, -3.604102320116668, 1.0472624917348412, 0.0, 2.724810121922837, 3.7720726136576817, 6.615000000000004
0.0022094188376753495, 0.6416823036562254, 5.274598940645727E-4, 3.127204730100882, -0.004496042232414166, 0.0, 6.123221474407434E-4, -0.0038837200849734235, -7.476337182819216, 0.0, 3.9369192210699033, -3.539417961749316, 1.0476137052150327, 0.0, 2.776030678962507, 3.823644384177539, 6.615000000000004
0.002217034068136271, 0.6437952530372042, 5.292778964205322E-4, 3.1586561109067253, -0.004509630641739625, 0.0, 6.195350390283804E-4, -0.003890095602711246, -7.472392390474248, 0.0, 3.998126505839173, -3.4742658846350842, 1.0479532960505968, 0.0, 2.827597671708274, 3.8755509677588638, 6.615000000000003
0.0022246492985971934, 0.6459047032272192, 5.310958987764918E-4, 3.1905773200221197, -0.004523211900219101, 0.0, 6.268596515566142E-4, -0.0038963522486624887, -7.468470475759864, 0.0, 4.0598243869859125, -3.408646088773955, 1.0482812269729485, 0.0, 2.8795109012279965, 3.927792128200947, 6.615000000000003
0.002232264529058115, 0.6480106215693378, 5.329139011324512E-4, 3.222972962633594, -0.004536786049444178, 0.0, 6.342968769308139E-4, -0.003902489172513365, -7.464571438676063, 0.0, 4.1220128645101175, -3.3425585741659494, 1.0485974612220794, 0.0, 2.9317701713041, 3.980367632526178, 6.615000000000004
0.002239879759519037, 0.6501129754066289, 5.347319034884108E-4, 3.2558476641498295, -0.0045503531310064444, 0.0, 6.418476070563532E-4, -0.003908505523950093, -7.460695279222843, 0.0, 4.184691938411789, -3.2760033408110605, 1.0489019625378853, 0.0, 2.984375288387439, 4.0332772509253205, 6.615000000000003
0.0022474949899799587, 0.6522117320821609, 5.365499058443703E-4, 3.2892060702016193, -0.004563913186497486, 0.0, 6.495127338386002E-4, -0.003914400452658888, -7.456841997400205, 0.0, 4.247861608690926, -3.208980388709281, 1.0491946951517035, 0.0, 3.0373260615521005, 4.0865207567038055, 6.615000000000003
0.0022551102204408807, 0.6543068589390019, 5.383679082003298E-4, 3.3230528466418976, -0.004577466257508891, 0.0, 6.572931491829236E-4, -0.003920173108325969, -7.45301159320815, 0.0, 4.3115218753475375, -3.1414897178606185, 1.049475623778023, 0.0, 3.090622302451114, 4.140097926229135, 6.615000000000004
0.002262725450901802, 0.65639832332022, 5.401859105562893E-4, 3.357392679545728, -0.00459101238563224, 0.0, 6.651897449946958E-4, -0.003925822640637546, -7.449204066646677, 0.0, 4.375672738381603, -3.07353132826508, 1.0497447136063391, 0.0, 3.14426382527301, 4.194008538879347, 6.615000000000004
0.0022703406813627245, 0.6584860925688842, 5.420039129122489E-4, 3.3922302752103053, -0.004604551612459127, 0.0, 6.732034131792849E-4, -0.003931348199279843, -7.445419417715786, 0.0, 4.44031419779315, -3.0051052199226396, 1.0500019302932062, 0.0, 3.198250446699388, 4.248252376992592, 6.615000000000003
0.002277955911823646, 0.6605701340280624, 5.438219152682084E-4, 3.427570360154951, -0.004618083979581132, 0.0, 6.813350456420625E-4, -0.00393674893393907, -7.441657646415479, 0.0, 4.505446253582148, -2.936211392833331, 1.0502472399544112, 0.0, 3.2525819858631206, 4.302829225817534, 6.615000000000004
0.002285571142284568, 0.6626504150408232, 5.45639917624168E-4, 3.463417681121122, -0.004631609528589843, 0.0, 6.895855342883973E-4, -0.003942023994301447, -7.437918752745752, 0.0, 4.571068905748623, -2.8668498469971313, 1.05048060915734, 0.0, 3.3072582643076545, 4.357738873464993, 6.615000000000003
0.00229318637274549, 0.6647269029502347, 5.474579199801275E-4, 3.4997770050724055, -0.004645128301076848, 0.0, 6.979557710236621E-4, -0.003947172530053189, -7.434202736706607, 0.0, 4.637182154292565, -2.7970205824140484, 1.0507020049134679, 0.0, 3.362279105946862, 4.412981110860332, 6.615000000000003
0.0023008016032064114, 0.6667995650993654, 5.49275922336087E-4, 3.536653119194517, -0.004658640338633732, 0.0, 7.064466477532238E-4, -0.0039521936908805105, -7.430509598298046, 0.0, 4.703785999213965, -2.726723599084082, 1.0509113946710158, 0.0, 3.4176443370258878, 4.468555731696907, 6.615000000000004
0.0023084168336673337, 0.6688683688312839, 5.510939246920466E-4, 3.5740508308953083, -0.004672145682852081, 0.0, 7.150590563824526E-4, -0.003957086626469632, -7.426839337520066, 0.0, 4.770880440512846, -2.6559588970072254, 1.0511087463077389, 0.0, 3.473353786082695, 4.524462532390434, 6.615000000000004
0.0023160320641282548, 0.6709332814890578, 5.52911927048006E-4, 3.611974967804751, -0.004685644375323482, 0.0, 7.237938888167194E-4, -0.003961850486506766, -7.423191954372668, 0.0, 4.838465478189177, -2.584726476183493, 1.0512940281238816, 0.0, 3.529407283910296, 4.580701312034182, 6.615000000000004
0.002323647294589177, 0.6729942704157565, 5.547299294039656E-4, 3.6504303777749647, -0.004699136457639522, 0.0, 7.326520369613952E-4, -0.00396648442067813, -7.419567448855853, 0.0, 4.906541112242991, -2.5130263366128656, 1.0514672088352335, 0.0, 3.585804663519917, 4.637271872355151, 6.615000000000004
0.0023312625250500995, 0.6750513029544476, 5.565479317599252E-4, 3.689421928880185, -0.0047126219713917875, 0.0, 7.416343927218495E-4, -0.003970987578669938, -7.415965820969619, 0.0, 4.97510734267427, -2.4408584782953553, 1.0516282575663558, 0.0, 3.6425457601046594, 4.69417401767101, 6.615000000000004
0.0023388777555110206, 0.6771043464481995, 5.583659341158846E-4, 3.728954509416778, -0.00472610095817186, 0.0, 7.507418480034518E-4, -0.0039753591101684095, -7.412387070713969, 0.0, 5.0441641694829995, -2.3682229012309692, 1.0517771438439232, 0.0, 3.699630411004029, 4.751407554847955, 6.615000000000003
0.002346492985971943, 0.6791533682400809, 5.601839364718442E-4, 3.7690330279032564, -0.004739573459571332, 0.0, 7.599752947115737E-4, -0.003979598164859761, -7.408831198088898, 0.0, 5.1137115926692145, -2.2951196054196887, 1.0519138375902, 0.0, 3.757058455669148, 4.808972293259349, 6.615000000000003
0.0023541082164328644, 0.6811983356731599, 5.620019388278036E-4, 3.809662413080246, -0.004753039517181786, 0.0, 7.69335624751582E-4, -0.003983703892430204, -7.405298203094413, 0.0, 5.1837496122328846, -2.2215485908615356, 1.0520383091166385, 0.0, 3.8148297356285004, 4.866868044745131, 6.615000000000004
0.0023617234468937863, 0.6832392160905048, 5.638199411837632E-4, 3.850847613910515, -0.00476649917259481, 0.0, 7.788237300288504E-4, -0.003987675442565962, -7.401788085730508, 0.0, 5.254278228174024, -2.1475098575564884, 1.052150529117609, 0.0, 3.8729440944545286, 4.925094623572137, 6.615000000000004
0.0023693386773547083, 0.6852759768351843, 5.656379435397227E-4, 3.892593599578958, -0.004779952467401992, 0.0, 7.884405024487472E-4, -0.003991511964953246, -7.398300845997186, 0.0, 5.325297440492633, -2.0730034055045583, 1.0522504686642433, 0.0, 3.931401377730752, 4.983651846394992, 6.615000000000004
0.0023769539078156298, 0.6873085852502662, 5.674559458956822E-4, 3.934905359492597, -0.004793399443194913, 0.0, 7.981868339166421E-4, -0.003995212609278273, -7.394836483894447, 0.0, 5.396807249188705, -1.998029234705748, 1.052338099198394, 0.0, 3.9902014330195397, 5.042539532217932, 6.615000000000004
0.002384569138276552, 0.6893370086788196, 5.692739482516418E-4, 3.9777879032805963, -0.004806840141565165, 0.0, 8.080636163379069E-4, -0.003998776525227261, -7.391394999422289, 0.0, 5.468807654262254, -1.92258734516004, 1.0524133925267296, 0.0, 4.049344109830549, 5.101757502357278, 6.615000000000003
0.0023921843687374736, 0.6913612144639121, 5.710919506076012E-4, 4.021246260794236, -0.004820274604104329, 0.0, 8.180717416179082E-4, -0.0040022028624864215, -7.387976392580714, 0.0, 5.541298655713258, -1.8466777368674596, 1.0524763208149124, 0.0, 4.108829259589679, 5.161305580404587, 6.615000000000003
0.0023997995991983955, 0.6933811699486125, 5.729099529635608E-4, 4.06528548210694, -0.004833702872403996, 0.0, 8.282121016620204E-4, -0.0040054907707419785, -7.384580663369721, 0.0, 5.614280253541732, -1.7703004098279962, 1.0525268565819124, 0.0, 4.168656735608718, 5.221183592190628, 6.615000000000004
0.0024074148296593175, 0.6953968424759891, 5.747279553195204E-4, 4.109910637514255, -0.004847124988055751, 0.0, 8.384855883756107E-4, -0.004008639399680142, -7.381207811789309, 0.0, 5.6877524477476795, -1.693455364041638, 1.052564972694419, 0.0, 4.2288263930555, 5.281391365749913, 6.615000000000004
0.002415030060120239, 0.69740819938911, 5.765459576754799E-4, 4.155126817533862, -0.004860540992651177, 0.0, 8.48893093664049E-4, -0.0040116478989871305, -7.377857837839481, 0.0, 5.761715238331082, -1.6161425995084042, 1.0525906423613425, 0.0, 4.289338088924607, 5.341928731285948, 6.615000000000004
0.002422645290581161, 0.6994152080310441, 5.783639600314394E-4, 4.200939132905568, -0.004873950927781866, 0.0, 8.594355094327074E-4, -0.00401451541834916, -7.374530741520234, 0.0, 5.836168625291957, -1.5383621162282797, 1.0526038391284667, 0.0, 4.3501916820087185, 5.402795521137184, 6.615000000000004
0.0024302605210420832, 0.7014178357448592, 5.80181962387399E-4, 4.247352714591327, -0.0048873548350394005, 0.0, 8.701137275869556E-4, -0.004017241107452446, -7.371226522831568, 0.0, 5.911112608630303, -1.4601139142012718, 1.052604536873139, 0.0, 4.411387032870394, 5.463991569743529, 6.615000000000004
0.0024378757515030043, 0.7034160498736237, 5.819999647433584E-4, 4.294372713775195, -0.004900752756015366, 0.0, 8.809286400321623E-4, -0.004019824115983205, -7.367945181773488, 0.0, 5.986547188346103, -1.3813979934273881, 1.0525927097991121, 0.0, 4.472924003814431, 5.525516713613541, 6.615000000000003
0.0024454909819639267, 0.7054098177604063, 5.83817967099318E-4, 4.342004301863394, -0.004914144732301351, 0.0, 8.918811386736981E-4, -0.004022263593627656, -7.364686718345987, 0.0, 6.062472364439388, -1.3022143539066027, 1.052568332431451, 0.0, 4.5348024588608, 5.587370791292253, 6.615000000000004
0.0024531062124248486, 0.7073991067482752, 5.856359694552775E-4, 4.3902526704842435, -0.004927530805488942, 0.0, 9.029721154169331E-4, -0.00402455869007201, -7.361451132549069, 0.0, 6.138888136910127, -1.222562995638945, 1.0525313796115607, 0.0, 4.597022263717909, 5.649553643329467, 6.615000000000004
0.00246072144288577, 0.7093838841802986, 5.87453971811237E-4, 4.439123031488217, -0.004940911017169724, 0.0, 9.142024621672379E-4, -0.004026708555002489, -7.358238424382733, 0.0, 6.215794505758334, -1.1424439186244042, 1.052481826492269, 0.0, 4.659583285756585, 5.712065112248854, 6.615000000000004
0.0024683366733466924, 0.7113641173995452, 5.892719741671966E-4, 4.4886206169479115, -0.004954285408935284, 0.0, 9.255730708299815E-4, -0.0040287123381053044, -7.35504859384698, 0.0, 6.293191470984016, -1.0618571228629687, 1.0524196485330373, 0.0, 4.7224853939843925, 5.774905042517427, 6.615000000000004
0.0024759519038076135, 0.7133397737490828, 5.91089976523156E-4, 4.538750679158046, -0.004967654022377207, 0.0, 9.370848333105329E-4, -0.004030569189066675, -7.351881640941808, 0.0, 6.371079032587155, -0.9808026083546613, 1.05234482149525, 0.0, 4.7857284590204205, 5.838073280515664, 6.615000000000004
0.002483567134268536, 0.7153108205719803, 5.929079788791156E-4, 4.589518490635489, -0.004981016899087082, 0.0, 9.487386415142681E-4, -0.004032278257572817, -7.348737565667218, 0.0, 6.44945719056777, -0.8992803750994594, 1.0522573214375655, 0.0, 4.84931235307065, 5.90156967450821, 6.615000000000004
0.0024911823647294573, 0.7172772252113055, 5.94725981235075E-4, 4.64092934411922, -0.004994374080656491, 0.0, 9.605353873465474E-4, -0.0040338386933099464, -7.3456163680232125, 0.0, 6.52832594492584, -0.8172904230973741, 1.0521571247113917, 0.0, 4.913236949903643, 5.965394074615038, 6.615000000000004
0.0024987975951903793, 0.7192389550101276, 5.965439835910346E-4, 4.6929885525703705, -0.005007725608677025, 0.0, 9.724759627127502E-4, -0.004035249645964278, -7.342518048009788, 0.0, 6.607685295661388, -0.7348327523484056, 1.0520442079564203, 0.0, 4.977502124826765, 6.029546332783186, 6.615000000000004
0.0025064128256513016, 0.7211959773115142, 5.983619859469942E-4, 4.7457014491721825, -0.005021071524740269, 0.0, 9.84561259518242E-4, -0.004036510265222029, -7.339442605626945, 0.0, 6.687535242774401, -0.6519073628525501, 1.0519185480962436, 0.0, 5.042107754662783, 6.0940263027590245, 6.615000000000004
0.0025140280561122227, 0.7231482594585338, 6.001799883029536E-4, 4.799073387330036, -0.005034411870437806, 0.0, 9.96792169668392E-4, -0.004037619700769416, -7.336390040874685, 0.0, 6.767875786264866, -0.5685142546098226, 1.0517801223340546, 0.0, 5.107053717726919, 6.158833840060972, 6.615000000000004
0.002521643286573145, 0.725095768794255, 6.019979906589132E-4, 4.853109740671453, -0.0050477466873612275, 0.0, 0.0010091695850685733, -0.004038577102292654, -7.333360353753006, 0.0, 6.848706926132819, -0.48465342762019314, 1.0516289081484276, 0.0, 5.172339893804368, 6.223968801952789, 6.615000000000004
0.0025292585170340665, 0.7270384726617458, 6.038159930148726E-4, 4.907815903046064, -0.005061076017102115, 0.0, 0.0010216943976241542, -0.004039381619477964, -7.330353544261911, 0.0, 6.9300286623782235, -0.4003248818836916, 1.0514648832891704, 0.0, 5.237966164128052, 6.289431047417222, 6.615000000000004
0.0025368737474949885, 0.7289763384040749, 6.056339953708323E-4, 4.9631972885256594, -0.005074399901252057, 0.0, 0.0010343674992405044, -0.004040032402011553, -7.327369612401397, 0.0, 7.011840995001105, -0.31552861740029925, 1.0512880257732558, 0.0, 5.303932411357023, 6.355220437130273, 6.615000000000005
0.0025444889779559104, 0.7309093333643106, 6.074519977267918E-4, 5.019259331404127, -0.00508771838140264, 0.0, 0.001047189781822994, -0.004040528599579648, -7.3244085581714655, 0.0, 7.0941439240014486, -0.23026463417002, 1.0510983138808287, 0.0, 5.3702385195550235, 6.421336833435852, 6.615000000000004
0.0025521042084168323, 0.732837424885521, 6.092700000827513E-4, 5.076007486197517, -0.005101031499145451, 0.0, 0.001060162137276996, -0.004040869361868457, -7.321470381572116, 0.0, 7.176937449379262, -0.14453293219286115, 1.0508957261512681, 0.0, 5.436884374169578, 6.487780100320841, 6.615000000000004
0.0025597194388777542, 0.7347605803107748, 6.110880024387109E-4, 5.133447227643991, -0.005114339296072076, 0.0, 0.0010732854575078781, -0.0040410538385642, -7.31855508260335, 0.0, 7.260221571134542, -0.05833351146881158, 1.0506802413793332, 0.0, 5.503869862011398, 6.554550103390731, 6.615000000000004
0.002567334669338676, 0.73667876698314, 6.129060047946704E-4, 5.191584050703843, -0.005127641813774099, 0.0, 0.0010865606344210074, -0.0040410811793530925, -7.315662661265166, 0.0, 7.343996289267288, 0.028333628002117535, 1.0504518386113841, 0.0, 5.571194871234166, 6.621646709845547, 6.615000000000004
0.0025749498997995977, 0.7385919522456851, 6.147240071506299E-4, 5.250423470559506, -0.0051409390938431075, 0.0, 0.0010999885599217588, -0.004040950533921351, -7.312793117557562, 0.0, 7.428261603777496, 0.11546848621992621, 1.050210497141658, 0.0, 5.63885929131466, 6.689069788456314, 6.615000000000005
0.0025825651302605196, 0.7405001034414788, 6.165420095065894E-4, 5.309971022615539, -0.005154231177870689, 0.0, 0.0011135701259154997, -0.00404066105195519, -7.309946451480543, 0.0, 7.5130175146651705, 0.2030710631846256, 1.0499561965086075, 0.0, 5.706863013033277, 6.756819209541884, 6.615000000000005
0.0025901803607214415, 0.7424031879135888, 6.183600118625489E-4, 5.370232262498629, -0.005167518107448429, 0.0, 0.0011273062243076018, -0.00404021188314083, -7.307122663034104, 0.0, 7.5982640219303175, 0.29114135889620824, 1.049688916491322, 0.0, 5.775205928454858, 6.8248948449461775, 6.615000000000004
0.002597795591182363, 0.7443011730050837, 6.201780142185084E-4, 5.431212766057602, -0.005180799924167913, 0.0, 0.0011411977470034331, -0.004039602177164483, -7.304321752218248, 0.0, 7.6840011255729275, 0.3796793733546742, 1.0494086371059899, 0.0, 5.843887930909834, 6.893296568015823, 6.615000000000004
0.0026054108216432854, 0.7461940260590322, 6.21996016574468E-4, 5.492918129363412, -0.00519407666962073, 0.0, 0.0011552455859083653, -0.004038831083712365, -7.301543719032974, 0.0, 7.770228825593015, 0.4686851065600383, 1.049115338602441, 0.0, 5.912908914975783, 6.962024253578223, 6.615000000000004
0.0026130260521042073, 0.7480817144185024, 6.238140189304275E-4, 5.555353968709133, -0.005207348385398463, 0.0, 0.0011694506329277682, -0.0040378977524706955, -7.298788563478283, 0.0, 7.856947121990561, 0.5581585585122708, 1.048809001460739, 0.0, 5.9822687764591915, 7.031077777919926, 6.615000000000004
0.002620641282565129, 0.7499642054265625, 6.25632021286387E-4, 5.6185259206099865, -0.0052206151130927, 0.0, 0.0011838137799670117, -0.00403680133312569, -7.296056285554172, 0.0, 7.94415601476557, 0.6480997292113903, 1.0484896063878417, 0.0, 6.0519674123776594, 7.100457018765497, 6.615000000000005
0.002628256513026051, 0.7518414664262812, 6.274500236423466E-4, 5.682439641803317, -0.005233876894295027, 0.0, 0.0011983359189314674, -0.004035540975363562, -7.293346885260645, 0.0, 8.031855503918054, 0.7385086186574042, 1.0481571343142964, 0.0, 6.122004720942339, 7.170161855256633, 6.615000000000004
0.002635871743486972, 0.7537134647607262, 6.29268025998306E-4, 5.74710080924859, -0.005247133770597028, 0.0, 0.0012130179417265, -0.00403411582887053, -7.290660362597701, 0.0, 8.120045589447992, 0.8293852268502828, 1.0478115663910335, 0.0, 6.192380601540652, 7.24019216793168, 6.615000000000004
0.0026434869739478946, 0.7555801677729669, 6.310860283542657E-4, 5.812515120127429, -0.005260385783590295, 0.0, 0.0012278607402574871, -0.00403252504333281, -7.287996717565338, 0.0, 8.20872627135541, 0.920729553790067, 1.047452883986182, 0.0, 6.263094954719421, 7.3105478387056, 6.615000000000005
0.002651102204408816, 0.7574415428060706, 6.32904030710225E-4, 5.878688291843554, -0.005273632974866408, 0.0, 0.0012428652064297935, -0.0040307677684366175, -7.2853559501635585, 0.0, 8.297897549640286, 1.0125415994767233, 1.0470810686819396, 0.0, 6.334147682168136, 7.3812287508500765, 6.615000000000004
0.002658717434869738, 0.7592975572031063, 6.347220330661847E-4, 5.945626062022848, -0.005286875386016959, 0.0, 0.0012580322321487916, -0.00402884315386817, -7.282738060392359, 0.0, 8.387559424302632, 1.1048213639102666, 1.0466961022715315, 0.0, 6.405538686702662, 7.4522347889741924, 6.615000000000004
0.0026663326653306603, 0.7611481783071423, 6.365400354221443E-4, 6.013334188513307, -0.005300113058633531, 0.0, 0.0012733627093198495, -0.004026750349313685, -7.280143048251744, 0.0, 8.477711895342454, 1.1975688470907044, 1.0462979667561658, 0.0, 6.477267872249118, 7.5235658390052835, 6.615000000000004
0.0026739478957915814, 0.7629933734612466, 6.383580377781037E-4, 6.081818449385045, -0.0053133460343077095, 0.0, 0.0012888575298483362, -0.004024488504459375, -7.27757091374171, 0.0, 8.568354962759722, 1.2907840490180067, 1.045886644342103, 0.0, 6.5493351438280305, 7.595221788170132, 6.615000000000004
0.0026815631262525038, 0.7648331100084879, 6.401760401340633E-4, 6.151084642930349, -0.005326574354631083, 0.0, 0.0013045175856396278, -0.004022056768991459, -7.2750216568622585, 0.0, 8.659488626554477, 1.3844669696922147, 1.0454621174377157, 0.0, 6.621740407538906, 7.667202524976624, 6.615000000000005
0.0026891783567134253, 0.7666673552919344, 6.419940424900227E-4, 6.221138587663585, -0.005339798061195235, 0.0, 0.0013203437685990879, -0.004019454292596148, -7.2724952776133875, 0.0, 8.751112886726688, 1.4786176091132912, 1.045024368650652, 0.0, 6.69448357054482, 7.739507939195466, 6.615000000000005
0.002696793587174347, 0.7684960766546545, 6.438120448459823E-4, 6.291986122321297, -0.005353017195591755, 0.0, 0.0013363369706320917, -0.004016680224959666, -7.2699917759951, 0.0, 8.843227743276367, 1.5732359672812621, 1.0445733807850048, 0.0, 6.767564541057495, 7.812137921842499, 6.615000000000004
0.002704408817635269, 0.7703192414397166, 6.456300472019418E-4, 6.363633105862125, -0.005366231799412229, 0.0, 0.0013524980836440064, -0.0040137337157682244, -7.267511152007396, 0.0, 8.935833196203516, 1.6683220441961162, 1.0441091368385553, 0.0, 6.840983228322502, 7.8850923651610545, 6.615000000000004
0.002712024048096191, 0.7721368169901888, 6.474480495579013E-4, 6.43608541746686, -0.005379441914248241, 0.0, 0.0013688279995402019, -0.004010613914708042, -7.2650534056502725, 0.0, 9.028929245508133, 1.7638758398578498, 1.0436316200000457, 0.0, 6.914739542604738, 7.958371162604778, 6.615000000000004
0.002719639278557113, 0.7739487706491398, 6.492660519138609E-4, 6.509348956538416, -0.0053926475816913795, 0.0, 0.001385327610226048, -0.004007319971465333, -7.262618536923731, 0.0, 9.122515891190211, 1.859897354266478, 1.0431408136465172, 0.0, 6.988833395174169, 8.031974208820687, 6.615000000000004
0.002727254509018035, 0.7757550697596376, 6.510840542698204E-4, 6.583429642701837, -0.005405848843333229, 0.0, 0.0014019978076069157, -0.004003851035726314, -7.260206545827773, 0.0, 9.216593133249763, 1.9563865874219857, 1.0426367013406663, 0.0, 7.063264698291803, 8.105901399632467, 6.615000000000005
0.0027348697394789564, 0.777555681664751, 6.529020566257799E-4, 6.658333415804296, -0.005419045740765375, 0.0, 0.0014188394835881728, -0.004000206257177204, -7.257817432362397, 0.0, 9.311160971686773, 2.053343539324373, 1.0421192668282713, 0.0, 7.138033365195865, 8.180152632024136, 6.615000000000004
0.0027424849699398783, 0.7793505737075481, 6.547200589817394E-4, 6.73406623591511, -0.005432238315579409, 0.0, 0.0014358535300751938, -0.003996384785504217, -7.255451196527604, 0.0, 9.406219406501258, 2.1507682099736507, 1.0415884940356526, 0.0, 7.2131393100882635, 8.254727804123917, 6.615000000000005
0.0027501002004008002, 0.7811397132310973, 6.565380613376989E-4, 6.810634083325709, -0.005445426609366911, 0.0, 0.0014530408389733457, -0.003992385770393567, -7.253107838323392, 0.0, 9.501768437693208, 2.2486605993698086, 1.0410443670671554, 0.0, 7.288582448121226, 8.329626815188377, 6.615000000000005
0.0027577154308617217, 0.7829230675784666, 6.583560636936584E-4, 6.888042958549672, -0.005458610663719472, 0.0, 0.0014704023021880003, -0.0039882083615314715, -7.250787357749761, 0.0, 9.597808065262612, 2.3470207075128493, 1.0404868702027177, 0.0, 7.364362695384168, 8.404849565586884, 6.615000000000005
0.002765330661322644, 0.7847006040927249, 6.601740660496181E-4, 6.966298882322696, -0.005471790520228676, 0.0, 0.0014879388116245274, -0.00398385170860415, -7.248489754806714, 0.0, 9.694338289209506, 2.4458485344027845, 1.0399159878954247, 0.0, 7.440479968890854, 8.480395956786273, 6.615000000000004
0.002772945891783565, 0.7864722901169403, 6.619920684055775E-4, 7.045407895602603, -0.005484966220486107, 0.0, 0.0015056512591882926, -0.003979314961297817, -7.246215029494249, 0.0, 9.791359109533843, 2.5451440800395844, 1.0393317047691517, 0.0, 7.516934186566583, 8.556265891335729, 6.615000000000004
0.0027805611222444875, 0.7882380929941812, 6.638100707615371E-4, 7.125376059569374, -0.0054981378060833565, 0.0, 0.0015235405367846726, -0.003974597269298687, -7.243963181812366, 0.0, 9.888870526235667, 2.6449073444232973, 1.0387340056162226, 0.0, 7.593725267235855, 8.63245927285208, 6.615000000000004
0.0027881763527054094, 0.7899979800675159, 6.656280731174966E-4, 7.2062094556250855, -0.005511305318612008, 0.0, 0.0015416075363190321, -0.003969697782292977, -7.241734211761064, 0.0, 9.986872539314952, 2.745138327553882, 1.0381228753951017, 0.0, 7.670853130609953, 8.708976006005052, 6.615000000000005
0.002795791583166331, 0.7917519186800126, 6.674460754734561E-4, 7.287914185393964, -0.005524468799663646, 0.0, 0.0015598531496967454, -0.003964615649966901, -7.239528119340347, 0.0, 10.085365148771691, 2.845837029431343, 1.03749829922813, 0.0, 7.748317697274945, 8.785815996503073, 6.615000000000005
0.0028034068136272533, 0.7934998761747403, 6.692640778294157E-4, 7.3704963707223765, -0.005537628290829862, 0.0, 0.0015782782688231831, -0.00395935002200668, -7.237344904550211, 0.0, 10.184348354605914, 2.947003450055702, 1.0368602623993155, 0.0, 7.8261188886798205, 8.862979151079136, 6.615000000000005
0.0028110220440881743, 0.7952418198947662, 6.710820801853751E-4, 7.453962153678788, -0.005550783833702237, 0.0, 0.0015968837856037083, -0.00395390004809853, -7.2351845673906565, 0.0, 10.283822156817589, 3.0486375894269293, 1.0362087503521247, 0.0, 7.904256627124714, 8.940465377476839, 6.615000000000005
0.0028186372745490967, 0.79697771718316, 6.729000825413347E-4, 7.5383176965538325, -0.0055639354698723605, 0.0, 0.0016156705919436977, -0.003948264877928663, -7.233047107861684, 0.0, 10.383786555406745, 3.150739447545055, 1.0355437486873347, 0.0, 7.98273083574951, 9.01827458443684, 6.615000000000004
0.0028262525050100186, 0.7987075353829891, 6.747180848972942E-4, 7.623569181860253, -0.005577083240931817, 0.0, 0.0016346395797485194, -0.003942443661183301, -7.2309325259632935, 0.0, 10.484241550373367, 3.2533090244100675, 1.0348652431609195, 0.0, 8.061541438522438, 9.096406681683359, 6.615000000000005
0.00283386773547094, 0.8004312418373222, 6.765360872532537E-4, 7.709722812332922, -0.005590227188472193, 0.0, 0.0016537916409235425, -0.003936435547548653, -7.228840821695487, 0.0, 10.58518714171744, 3.3563463200219523, 1.0341732196819609, 0.0, 8.14068836022899, 9.174861579910953, 6.615000000000004
0.0028414829659318625, 0.8021488038892275, 6.783540896092133E-4, 7.796784810928862, -0.005603367354085077, 0.0, 0.0016731276673741403, -0.003930239686710938, -7.226771995058261, 0.0, 10.686623329438998, 3.459851334380728, 1.0334676643105924, 0.0, 8.220171526461003, 9.253639190771588, 6.615000000000005
0.002849098196392784, 0.8038601888817736, 6.801720919651727E-4, 7.884761420827193, -0.005616503779362052, 0.0, 0.0016926485510056792, -0.003923855228356377, -7.224726046051617, 0.0, 10.78855011353801, 3.5638240674863866, 1.0327485632559872, 0.0, 8.29999086360579, 9.332739426861778, 6.615000000000005
0.002856713426853706, 0.8055653641580289, 6.819900943211323E-4, 7.973658905429204, -0.005629636505894707, 0.0, 0.0017123551837235265, -0.003917281322171179, -7.222702974675557, 0.0, 10.890967494014497, 3.668264519338936, 1.0320159028743696, 0.0, 8.38014629883564, 9.412162201710006, 6.615000000000005
0.002864328657314628, 0.8072642970610613, 6.838080966770918E-4, 8.063483548358288, -0.0056427655752746275, 0.0, 0.0017322484574330624, -0.003910517117841569, -7.220702780930078, 0.0, 10.99387547086845, 3.773172689938365, 1.0312696696670616, 0.0, 8.460637760097287, 9.491907429764346, 6.615000000000005
0.0028719438877755493, 0.8089569549339393, 6.856260990330513E-4, 8.154241653459978, -0.0056558910290933975, 0.0, 0.0017523292640396473, -0.003903561765053753, -7.218725464815181, 0.0, 11.097274044099859, 3.878548579284677, 1.0305098502785481, 0.0, 8.541465176101713, 9.571975026380265, 6.615000000000004
0.0028795591182364712, 0.8106433051197316, 6.874441013890108E-4, 8.24593954480194, -0.005669012908942605, 0.0, 0.0017725984954486554, -0.0038964144134939534, -7.216771026330867, 0.0, 11.201163213708751, 3.9843921873778765, 1.0297364314946, 0.0, 8.622628476314041, 9.652364907808638, 6.615000000000004
0.002887174348697393, 0.8123233149615061, 6.892621037449704E-4, 8.338583566673968, -0.00568213125641384, 0.0, 0.0017930570435654549, -0.0038890742128483867, -7.214839465477135, 0.0, 11.305542979695097, 4.090703514217958, 1.028949400240411, 0.0, 8.704127590943518, 9.733076991183928, 6.615000000000005
0.002894789579158315, 0.8139969518023316, 6.9108010610093E-4, 8.432180083587992, -0.005695246113098683, 0.0, 0.0018137058002954199, -0.003881540312803266, -7.212930782253984, 0.0, 11.410413342058922, 4.197482559804929, 1.0281487435787424, 0.0, 8.785962450933814, 9.81411119451255, 6.615000000000004
0.002902404809619237, 0.8156641829852762, 6.928981084568895E-4, 8.526735480278061, -0.005708357520588724, 0.0, 0.0018345456575439177, -0.003873811863044807, -7.211044976661416, 0.0, 11.515774300800205, 4.304729324138781, 1.027334448708142, 0.0, 8.868132987953325, 9.895467436661463, 6.615000000000005
0.002910020040080159, 0.8173249758534082, 6.94716110812849E-4, 8.622256161700356, -0.005721465520475547, 0.0, 0.0018555775072163173, -0.003865888013259232, -7.209182048699431, 0.0, 11.621625855918957, 4.412443807219513, 1.026506502961152, 0.0, 8.950639134385742, 9.977145637346887, 6.615000000000005
0.0029176352705410804, 0.818979297749796, 6.965341131688085E-4, 8.718748553033208, -0.005734570154350738, 0.0, 0.0018768022412179895, -0.0038577679131327498, -7.207341998368028, 0.0, 11.727968007415168, 4.520626009047133, 1.025664893802574, 0.0, 9.033480823320657, 10.059145717123226, 6.615000000000005
0.002925250501002003, 0.8206271160175084, 6.983521155247681E-4, 8.816219099677063, -0.005747671463805887, 0.0, 0.001898220751454304, -0.0038494507123515848, -7.205524825667207, 0.0, 11.834800755288862, 4.629275929621651, 1.0248096088277323, 0.0, 9.116657988544453, 10.141467597372182, 6.615000000000004
0.002932865731462924, 0.8222683979996128, 7.001701178807275E-4, 8.914674267254496, -0.005760769490432575, 0.0, 0.0019198339298306319, -0.0038409355606019435, -7.203730530596967, 0.0, 11.942124099540003, 4.738393568943029, 1.0239406357607916, 0.0, 9.200170564531142, 10.224111200291926, 6.615000000000004
0.0029404809619238462, 0.8239031110391785, 7.019881202366871E-4, 9.014120541610222, -0.0057738642758223945, 0.0, 0.0019416426682523436, -0.0038322216075700535, -7.2019591131573115, 0.0, 12.049938040168627, 4.847978927011309, 1.0230579624530833, 0.0, 9.284018486433606, 10.307076448886686, 6.615000000000005
0.002948096192384768, 0.8255312224792734, 7.038061225926466E-4, 9.114564428811082, -0.005786955861566927, 0.0, 0.001963647858624808, -0.0038233080029421197, -7.200210573348237, 0.0, 12.158242577174716, 4.958032003826476, 1.0221615768814607, 0.0, 9.368201690074704, 10.390363266956163, 6.615000000000005
0.0029557114228456896, 0.8271526996629657, 7.056241249486061E-4, 9.216012455146043, -0.00580004428925776, 0.0, 0.0019858503928533947, -0.003814193896404368, -7.1984849111697455, 0.0, 12.267037710558265, 5.068552799388512, 1.0212514671466904, 0.0, 9.452720111938698, 10.473971579085383, 6.615000000000004
0.002963326653306612, 0.8287675099333243, 7.074421273045657E-4, 9.31847116712622, -0.005813129600486481, 0.0, 0.0020082511628434765, -0.0038048784376430046, -7.196782126621834, 0.0, 12.376323440319283, 5.179541313697446, 1.0203276214718509, 0.0, 9.537573689162762, 10.557901310634609, 6.615000000000005
0.002970941883767533, 0.8303756206334169, 7.092601296605251E-4, 9.42194713148482, -0.005826211836844672, 0.0, 0.0020308510605004174, -0.0037953607763442573, -7.1951022197045065, 0.0, 12.48609976645776, 5.290997546753252, 1.019390028200766, 0.0, 9.622762359528588, 10.642152387729356, 6.615000000000005
0.0029785571142284554, 0.8319769991063123, 7.110781320164847E-4, 9.526446935177248, -0.005839291039923927, 0.0, 0.0020536509777295984, -0.003785640062194331, -7.19344519041776, 0.0, 12.596366688973722, 5.402921498555956, 1.0184386757964736, 0.0, 9.70828606145417, 10.726724737250644, 6.615000000000005
0.002986172344689377, 0.8335716126950786, 7.128961343724441E-4, 9.631977185380958, -0.0058523672513158265, 0.0, 0.0020766518064363783, -0.00377571544487945, -7.191811038761597, 0.0, 12.707124207867139, 5.515313169105536, 1.0174735528396888, 0.0, 9.794144733985664, 10.811618286825352, 6.615000000000004
0.002993787575150299, 0.8351594287427846, 7.147141367284037E-4, 9.738544509495615, -0.005865440512611958, 0.0, 0.0020998544385261338, -0.0037655860740858273, -7.190199764736015, 0.0, 12.818372323138021, 5.628172558402003, 1.016494648027315, 0.0, 9.88033831678942, 10.896832964816737, 6.615000000000005
0.003001402805611221, 0.8367404145924981, 7.165321390843634E-4, 9.846155555142953, -0.005878510865403908, 0.0, 0.002123259765904232, -0.0037552510994996787, -7.188611368341016, 0.0, 12.930111034786385, 5.741499666445368, 1.0155019501709688, 0.0, 9.966866750144128, 10.982368700315098, 6.615000000000005
0.0030090180360721427, 0.8383145375872875, 7.183501414403228E-4, 9.954816990166858, -0.005891578351283263, 0.0, 0.0021468686804760433, -0.003744709670807221, -7.1870458495766005, 0.0, 13.042340342812203, 5.8552944932356015, 1.0144954481955348, 0.0, 10.053729974932995, 11.068225423128531, 6.615000000000005
0.0030166332665330646, 0.8398817650702219, 7.201681437962824E-4, 10.064535502633372, -0.0059046430118416095, 0.0, 0.0021706820741469388, -0.0037339609376946716, -7.185503208442765, 0.0, 13.155060247215491, 5.969557038772722, 1.0134751311377272, 0.0, 10.140927932636231, 11.154403063773955, 6.615000000000005
0.0030242484969939865, 0.8414420643843685, 7.219861461522419E-4, 10.17531780083062, -0.005917704888670533, 0.0, 0.0021947008388222894, -0.0037230040498482473, -7.183983444939513, 0.0, 13.268270747996242, 6.08428730305673, 1.0124409881446828, 0.0, 10.228460565323426, 11.240901553468113, 6.615000000000005
0.003031863727454908, 0.8429954028727964, 7.238041485082014E-4, 10.287170613268895, -0.005930764023361619, 0.0, 0.0022189258664074597, -0.0037118381569541618, -7.1824865590668425, 0.0, 13.38197184515446, 6.199485286087617, 1.011393008472576, 0.0, 10.316327815646225, 11.327720824118806, 6.6150000000000055
0.00303947895791583, 0.844541747878574, 7.256221508641609E-4, 10.400100688680606, -0.005943820457506456, 0.0, 0.0022433580488078284, -0.0037004624086986286, -7.181012550824754, 0.0, 13.496163538690142, 6.315150987865383, 1.0103311814852602, 0.0, 10.404529626830975, 11.41486080831623, 6.615000000000004
0.003047094188376752, 0.8460810667447695, 7.274401532201204E-4, 10.514114796020301, -0.00595687423269663, 0.0, 0.0022679982779287584, -0.0036888759547678736, -7.179561420213249, 0.0, 13.610845828603303, 6.431284408390056, 1.0092554966529057, 0.0, 10.493065942671612, 11.502321439324524, 6.615000000000004
0.003054709418837674, 0.8476133268144509, 7.2925815557608E-4, 10.629219724464651, -0.005969925390523726, 0.0, 0.002292847445675622, -0.003677077944848107, -7.178133167232324, 0.0, 13.726018714893929, 6.547885547661604, 1.0081659435506911, 0.0, 10.581936707522507, 11.590102651073202, 6.615000000000005
0.0030623246492985957, 0.8491384954306871, 7.310761579320395E-4, 10.74542228341246, -0.005982973972579332, 0.0, 0.0023179064439537937, -0.00366506752862554, -7.176727791881983, 0.0, 13.84168219756201, 6.664954405680024, 1.007062511857488, 0.0, 10.671141866291537, 11.678204378149024, 6.615000000000005
0.0030699398797595172, 0.8506565399365461, 7.32894160287999E-4, 10.862729302484652, -0.005996020020455031, 0.0, 0.0023431761646686335, -0.0036528438557863994, -7.1753452941622236, 0.0, 13.957836276607564, 6.7824909824453385, 1.0059451913545758, 0.0, 10.760681364433266, 11.766626555787843, 6.615000000000005
0.003077555110220439, 0.8521674276750966, 7.347121626439585E-4, 10.981147631524315, -0.006009063575742413, 0.0, 0.002368657499725523, -0.003640406076016893, -7.173985674073046, 0.0, 14.074480952030585, 6.900495277957533, 1.0048139719243812, 0.0, 10.850555147942089, 11.855369119866468, 6.615000000000005
0.003085170340681361, 0.8536711259894063, 7.36530164999918E-4, 11.10068414059663, -0.006022104680033063, 0.0, 0.0023943513410298236, -0.0036277533390032396, -7.172648931614452, 0.0, 14.191616223831067, 7.0189672922166135, 1.0036688435492205, 0.0, 10.940763163345638, 11.944432006894855, 6.6150000000000055
0.0030927855711422826, 0.8551676022225443, 7.383481673558775E-4, 11.221345719988928, -0.0060351433749185664, 0.0, 0.0024202585804869075, -0.0036148847944316616, -7.171335066786439, 0.0, 14.30924209200902, 7.1379070252225825, 1.0025097963100766, 0.0, 11.031305357698198, 12.033815154008275, 6.615000000000004
0.003100400801603205, 0.8566568237175787, 7.401661697118371E-4, 11.343139280210682, -0.006048179701990512, 0.0, 0.0024463801100021478, -0.0036017995919883656, -7.170044079589009, 0.0, 14.427358556564458, 7.2573144769754405, 1.001336820385384, 0.0, 11.12218167857424, 12.12351849895962, 6.615000000000004
0.003108016032064127, 0.8581387578175774, 7.419841720677966E-4, 11.46607175199346, -0.006061213702840482, 0.0, 0.0024727168214809126, -0.0035884968813595704, -7.1687759700221605, 0.0, 14.545965617497346, 7.377189647475183, 1.0001499060498364, 0.0, 11.21339207406201, 12.213541980111843, 6.615000000000005
0.0031156312625250484, 0.8596133718656095, 7.438021744237562E-4, 11.59015008629099, -0.006074245419060066, 0.0, 0.002499269606828571, -0.003574975812231495, -7.167530738085895, 0.0, 14.665063274807695, 7.497532536721797, 0.9989490436732121, 0.0, 11.304936492757314, 12.303885536430524, 6.615000000000005
0.0031232464929859707, 0.8610806332047432, 7.456201767797158E-4, 11.715381254279134, -0.00608727489224085, 0.0, 0.0025260393579504947, -0.003561235534290356, -7.16630838378021, 0.0, 14.784651528495527, 7.618343144715309, 0.9977342237192093, 0.0, 11.39681488375733, 12.394549107476532, 6.615000000000005
0.0031308617234468918, 0.8625405091780463, 7.474381791356752E-4, 11.841772247355854, -0.006100302163974417, 0.0, 0.002553026966752049, -0.0035472751972223677, -7.165108907105109, 0.0, 14.904730378560798, 7.739621471455683, 0.9965054367443078, 0.0, 11.489027196654401, 12.485532633398703, 6.615000000000005
0.003138476953907814, 0.8639929671285875, 7.492561814916348E-4, 11.969330077141288, -0.006113327275852358, 0.0, 0.0025802333251386134, -0.0035330939507137466, -7.1639323080605894, 0.0, 15.02529982500357, 7.861367516942973, 0.9952626733966458, 0.0, 11.581573381530216, 12.576836054926858, 6.615000000000005
0.0031460921843687356, 0.8654379743994349, 7.510741838475942E-4, 12.098061775477653, -0.006126350269466257, 0.0, 0.002607659325015551, -0.0035186909444507083, -7.1627785866466525, 0.0, 15.146359867823781, 7.983581281177124, 0.994005924414903, 0.0, 11.674453388949663, 12.66845931336457, 6.615000000000004
0.0031537074148296576, 0.8668754983336574, 7.528921862035538E-4, 12.227974394429353, -0.006139371186407701, 0.0, 0.002635305858288233, -0.0035040653281194697, -7.161647742863298, 0.0, 15.267910507021474, 8.106262764158167, 0.9927351806272183, 0.0, 11.767667169955223, 12.760402350582433, 6.615000000000004
0.0031613226452905795, 0.8683055062743232, 7.547101885595133E-4, 12.359075006282872, -0.006152390068268275, 0.0, 0.0026631738168620325, -0.003489216251406248, -7.160539776710525, 0.0, 15.389951742596624, 8.229411965886106, 0.9914504329500968, 0.0, 11.861214676061016, 12.852665109011127, 6.615000000000005
0.003168937875751501, 0.8697279655645003, 7.565281909154728E-4, 12.491370703546853, -0.0061654069566395645, 0.0, 0.0026912640926423075, -0.0034741428639972587, -7.159454688188335, 0.0, 15.512483574549249, 8.35302888636091, 0.9901516723873651, 0.0, 11.955095859247304, 12.945247531634669, 6.615000000000005
0.0031765531062124233, 0.8711428435472576, 7.583461932714324E-4, 12.624868598952077, -0.006178421893113161, 0.0, 0.002719577577534448, -0.0034588443155787133, -7.158392477296726, 0.0, 15.635506002879348, 8.477113525582617, 0.9888388900291164, 0.0, 12.049310671954757, 13.038149561983872, 6.615000000000005
0.003184168336673345, 0.8725501075656625, 7.601641956273918E-4, 12.75957582545141, -0.006191434919280644, 0.0, 0.002748115163443806, -0.003443319755836838, -7.157353144035699, 0.0, 15.759019027586897, 8.601665883551199, 0.987512077050675, 0.0, 12.143859067079044, 13.131371144129723, 6.615000000000005
0.0031917835671342668, 0.8739497249627843, 7.619821979833514E-4, 12.89549953621992, -0.0062044460767336045, 0.0, 0.0027768777422757657, -0.0034275683344578423, -7.156336688405256, 0.0, 15.88302264867192, 8.726685960266662, 0.9861712247115878, 0.0, 12.238740997965378, 13.22491222267697, 6.6150000000000055
0.0031993987975951887, 0.875341663081691, 7.638002003393109E-4, 13.032646904654735, -0.006217455407063628, 0.0, 0.0028058662059356875, -0.003411589201127942, -7.1553431104053935, 0.0, 16.00751686613441, 8.85217375572901, 0.9848163243546156, 0.0, 12.33395641840317, 13.318772742757785, 6.615000000000004
0.0032070140280561106, 0.8767258892654515, 7.656182026952704E-4, 13.171025124375163, -0.006230462951862299, 0.0, 0.0028350814463289457, -0.003395381505533356, -7.154372410036114, 0.0, 16.13250167997437, 8.97812926993825, 0.9834473674047471, 0.0, 12.429505282620744, 13.412952650025488, 6.615000000000004
0.003214629258517032, 0.8781023708571329, 7.674362050512299E-4, 13.310641409222626, -0.006243468752721204, 0.0, 0.002864524355360904, -0.0033789443973603027, -7.153424587297418, 0.0, 16.25797709019179, 9.10455250289437, 0.9820643453682273, 0.0, 12.52538754528013, 13.507451890648355, 6.615000000000005
0.0032222444889779545, 0.8794710751998049, 7.692542074071895E-4, 13.451502993260679, -0.006256472851231933, 0.0, 0.0028941958249369456, -0.003362277026294989, -7.1524996421893015, 0.0, 16.38394309678668, 9.231443454597382, 0.9806672498315979, 0.0, 12.621603161471954, 13.602270411303559, 6.615000000000004
0.003229859719438876, 0.8808319696365348, 7.71072209763149E-4, 13.593617130774987, -0.006269475288986066, 0.0, 0.0029240967469624235, -0.0033453785420236443, -7.151597574711769, 0.0, 16.510399699759038, 9.358802125047273, 0.97925607246074, 0.0, 12.718152086710425, 13.697408159171166, 6.615000000000005
0.003237474949899798, 0.8821850215103916, 7.728902121191086E-4, 13.736991096273385, -0.006282476107575195, 0.0, 0.002954228013342724, -0.003328248094232473, -7.150718384864818, 0.0, 16.637346899108866, 9.48662851424405, 0.9778308049999577, 0.0, 12.815034276928248, 13.792865081928209, 6.615000000000005
0.00324509018036072, 0.8835301981644432, 7.747082144750681E-4, 13.881632184485806, -0.006295475348590903, 0.0, 0.0029845905159832063, -0.0033108848326076964, -7.14986207264845, 0.0, 16.76478469483616, 9.614922622187713, 0.9763914392710432, 0.0, 12.912249688471828, 13.888641127742876, 6.6150000000000055
0.0032527054108216413, 0.8848674669417583, 7.765262168310276E-4, 14.027547710364331, -0.006308473053624778, 0.0, 0.003015185146789244, -0.003293287906835536, -7.1490286380626635, 0.0, 16.89271308694092, 9.743684448878248, 0.9749379671723828, 0.0, 13.00979827809635, 13.98473624526873, 6.615000000000004
0.0032603206412825637, 0.8861967951854055, 7.783442191869872E-4, 14.17474500908318, -0.0063214692642684055, 0.0, 0.0030460127976662133, -0.003275456466602194, -7.1482180811074585, 0.0, 17.021132075423143, 9.872913994315681, 0.9734703806780498, 0.0, 13.107680002961038, 14.081150383639088, 6.615000000000004
0.0032679358717434847, 0.8875181502384524, 7.801622215429466E-4, 14.323231436038668, -0.006334464022113371, 0.0, 0.0030770743605194693, -0.0032573896615939006, -7.147430401782837, 0.0, 17.150041660282817, 10.00261125849998, 0.971988671836929, 0.0, 13.205894820624446, 14.17788349246137, 6.615000000000005
0.003275551102204407, 0.8888314994439681, 7.819802238989062E-4, 14.473014366849279, -0.006347457368751263, 0.0, 0.0031083707272543965, -0.003239086641496868, -7.146665600088797, 0.0, 17.27944184151999, 10.132776241431195, 0.9704928327718492, 0.0, 13.304442689039831, 14.274935521811685, 6.615000000000004
0.0032831663326653294, 0.8901368101450207, 7.837982262548658E-4, 14.624101197355621, -0.006360449345773667, 0.0, 0.0031399027897763623, -0.0032205465559973067, -7.14592367602534, 0.0, 17.40933261913462, 10.263408943109283, 0.9689828556787193, 0.0, 13.40332356655051, 14.372306422229233, 6.615000000000005
0.0032907815631262505, 0.8914340496846781, 7.856162286108252E-4, 14.776499343620383, -0.006373439994772167, 0.0, 0.003171671439990727, -0.003201768554781442, -7.145204629592464, 0.0, 17.539713993126703, 10.394509363534238, 0.9674587328256901, 0.0, 13.502537411885413, 14.469996144711104, 6.615000000000005
0.003298396793587173, 0.8927231854060091, 7.874342309667848E-4, 14.930216241928475, -0.006386429357338353, 0.0, 0.00320367756980287, -0.003182751787535484, -7.144508460790171, 0.0, 17.670585963496265, 10.526077502706103, 0.9659204565523134, 0.0, 13.602084184154638, 14.568004640706961, 6.615000000000005
0.0033060120240480943, 0.8940041846520821, 7.892522333227442E-4, 15.085259348786861, -0.006399417475063809, 0.0, 0.0032359220711181604, -0.00316349540394565, -7.143835169618461, 0.0, 17.801948530243287, 10.65811336062482, 0.9643680192687252, 0.0, 13.70196384284499, 14.666331862113713, 6.615000000000004
0.0033136272545090163, 0.8952770147659653, 7.910702356787038E-4, 15.24163614092469, -0.006412404389540121, 0.0, 0.0032684058358419654, -0.003143998553698157, -7.143184756077333, 0.0, 17.93380169336778, 10.790616937290453, 0.9628014134548281, 0.0, 13.802176347815733, 14.764977761270568, 6.615000000000005
0.003321242484969938, 0.8965416430907269, 7.928882380346633E-4, 15.399354115293182, -0.006425390142358875, 0.0, 0.0033011297558796573, -0.0031242603864792204, -7.142557220166785, 0.0, 18.06614545286974, 10.92358823270296, 0.9612206316595024, 0.0, 13.902721659294262, 14.863942290953773, 6.615000000000004
0.0033288577154308597, 0.8977980369694356, 7.947062403906228E-4, 15.558420789065746, -0.00643837477511166, 0.0, 0.0033340947231366037, -0.003104280051975057, -7.141952561886821, 0.0, 18.19897980874916, 11.057027246862344, 0.9596256664998065, 0.0, 14.003599737871912, 14.963225404371723, 6.615000000000005
0.003336472945891782, 0.8990461637451599, 7.965242427465824E-4, 15.718843699637905, -0.006451358329390061, 0.0, 0.0033673016295181785, -0.0030840566998718844, -7.1413707812374385, 0.0, 18.332304761006068, 11.190933979768628, 0.9580165106602017, 0.0, 14.104810544499843, 15.062827055160046, 6.615000000000005
0.0033440881763527035, 0.9002859907609674, 7.983422451025418E-4, 15.880630404627265, -0.006464340846785663, 0.0, 0.003400751366929749, -0.003063589479855914, -7.1408118782186385, 0.0, 18.466120309640413, 11.325308431421778, 0.9563931568917857, 0.0, 14.206354040484829, 15.162747197376618, 6.615000000000004
0.0033517034068136255, 0.901517485359927, 8.001602474585015E-4, 16.043788481873655, -0.006477322368890053, 0.0, 0.0034344448272766864, -0.00304287754161337, -7.140275852830421, 0.0, 18.600426454652247, 11.460150601821823, 0.9547555980115358, 0.0, 14.308230187485393, 15.262985785496932, 6.615000000000005
0.0033593186372745474, 0.9027406148851072, 8.01978249814461E-4, 16.208325529438948, -0.006490302937294819, 0.0, 0.003468382902464359, -0.0030219200348304606, -7.139762705072786, 0.0, 18.735223196041545, 11.595460490968755, 0.9531038269015677, 0.0, 14.410438947507654, 15.363542774409218, 6.615000000000005
0.003366933867735469, 0.9039553466795759, 8.037962521704205E-4, 16.374249165607196, -0.006503282593591543, 0.0, 0.0035025664843981383, -0.0030007161091934083, -7.139272434945734, 0.0, 18.870510533808293, 11.731238098862564, 0.9514378365083815, 0.0, 14.512980282901468, 15.464418119409858, 6.615000000000004
0.003374549098196391, 0.9051616480864018, 8.0561425452638E-4, 16.541567028884565, -0.006516261379371817, 0.0, 0.003536996464983391, -0.002979264914388425, -7.1388050424492615, 0.0, 19.006288467952526, 11.867483425503263, 0.9497576198421609, 0.0, 14.615854156356601, 15.56561177619876, 6.615000000000004
0.003382164328657313, 0.906359486448653, 8.074322568823396E-4, 16.71028677799938, -0.006529239336227224, 0.0, 0.0035716737361254983, -0.0029575656001017275, -7.138360527583373, 0.0, 19.14255699847423, 12.004196470890854, 0.9480631699760309, 0.0, 14.719060530898785, 15.667123700874816, 6.615000000000005
0.0033897795591182347, 0.907548829109398, 8.092502592382991E-4, 16.880416091902035, -0.006542216505749349, 0.0, 0.0036065991897298137, -0.0029356173160195367, -7.137938890348066, 0.0, 19.279316125373377, 12.141377235025319, 0.9463544800453675, 0.0, 14.822599369886023, 15.768953849931398, 6.615000000000004
0.0033973947895791566, 0.9087296434117053, 8.110682615942586E-4, 17.051962669765114, -0.006555192929529781, 0.0, 0.003641773717701722, -0.0029134192118280607, -7.137540130743342, 0.0, 19.416565848650006, 12.27902571790667, 0.9446315432470925, 0.0, 14.926470637004872, 15.871102180251974, 6.615000000000005
0.0034050100200400785, 0.9099018966986427, 8.128862639502181E-4, 17.224934230983305, -0.006568168649160106, 0.0, 0.003677198211946583, -0.0028909704372135237, -7.137164248769199, 0.0, 19.55430616830411, 12.417141919534908, 0.9428943528389904, 0.0, 15.030674296266747, 15.973568649105736, 6.615000000000005
0.003412625250501, 0.9110655563132792, 8.147042663061776E-4, 17.399338515173433, -0.006581143706231909, 0.0, 0.0037128735643697734, -0.0028682701418621358, -7.1368112444256395, 0.0, 19.692537084335655, 12.555725839910027, 0.9411429021390225, 0.0, 15.13521031200423, 16.076353214143264, 6.615000000000005
0.0034202404809619224, 0.9122205895986829, 8.165222686621372E-4, 17.575183282174464, -0.006594118142336776, 0.0, 0.00374880066687666, -0.0028453174754601174, -7.136481117712662, 0.0, 19.831258596744696, 12.69477747903204, 0.9393771845246626, 0.0, 15.240078648867675, 16.179455833392343, 6.615000000000004
0.0034278557114228434, 0.913366963897922, 8.183402710180966E-4, 17.752476312047463, -0.006607091999066296, 0.0, 0.003784980411372608, -0.002822111587693684, -7.136173868630266, 0.0, 19.97047070553118, 12.834296836900915, 0.937597193432238, 0.0, 15.345279271821443, 16.282876465253675, 6.615000000000005
0.003435470941883766, 0.9145046465540654, 8.201582733740562E-4, 17.931225405075676, -0.006620065318012052, 0.0, 0.003821413689763001, -0.002798651628249051, -7.135889497178453, 0.0, 20.11017341069515, 12.974283913516702, 0.9358029223562636, 0.0, 15.450812146140624, 16.38661506849689, 6.615000000000004
0.0034430861723446877, 0.9156336049101808, 8.219762757300157E-4, 18.111438381764437, -0.006633038140765631, 0.0, 0.0038581013939531957, -0.002774936746812437, -7.135628003357221, 0.0, 20.25036671223658, 13.11473870887936, 0.9339943648488184, 0.0, 15.556677237407484, 16.490671602256302, 6.615000000000004
0.003450701402805609, 0.9167538063093367, 8.237942780859752E-4, 18.293123082841205, -0.006646010508918622, 0.0, 0.003895044415848571, -0.0027509660930700487, -7.135389387166573, 0.0, 20.391050610155467, 13.255661222988898, 0.932171514518897, 0.0, 15.6628745115081, 16.595046026027, 6.615000000000005
0.0034583166332665316, 0.9178652180946015, 8.256122804419348E-4, 18.476287369255623, -0.006658982464062609, 0.0, 0.003932243647354495, -0.0027267388167081155, -7.135173648606506, 0.0, 20.53222510445184, 13.397051455845338, 0.930334365031783, 0.0, 15.769403934629075, 16.699738299660865, 6.615000000000004
0.0034659318637274526, 0.9189678076090437, 8.274302827978942E-4, 18.660939122179403, -0.006671954047789177, 0.0, 0.003969699980376331, -0.002702254067412849, -7.13498078767702, 0.0, 20.673890195125647, 13.538909407448635, 0.9284829101084384, 0.0, 15.876265473254117, 16.804748383362565, 6.615000000000005
0.003473547094188375, 0.9200615421957317, 8.292482851538539E-4, 18.84708624300645, -0.006684925301689917, 0.0, 0.004007414306819456, -0.0026775109948704613, -7.134810804378119, 0.0, 20.816045882176958, 13.68123507779885, 0.9266171435248848, 0.0, 15.983459094160937, 16.91007623768583, 6.615000000000003
0.0034811623246492965, 0.9211463891977335, 8.310662875098133E-4, 19.034736653352716, -0.00669789626735641, 0.0, 0.0040453875185892385, -0.002652508748767173, -7.134663698709798, 0.0, 20.958692165605715, 13.82402846689592, 0.9247370591116043, 0.0, 16.090984764417854, 17.01572182352946, 6.615000000000004
0.0034887775551102184, 0.922222315958118, 8.328842898657729E-4, 19.223898295056397, -0.006710866986380245, 0.0, 0.004083620507591049, -0.0026272464787891973, -7.134539470672061, 0.0, 21.101829045411943, 13.967289574739885, 0.9228426507529501, 0.0, 16.198842451380784, 17.121685102133736, 6.615000000000004
0.0034963927855711403, 0.9232892898199528, 8.347022922217324E-4, 19.41457913017772, -0.006723837500353008, 0.0, 0.004122114165730259, -0.0026017233346227516, -7.134438120264904, 0.0, 21.24545652159564, 14.111018401330744, 0.9209339123865538, 0.0, 16.30703212269001, 17.227966035076577, 6.615000000000004
0.0035040080160320623, 0.924347278126307, 8.365202945776919E-4, 19.606787140999074, -0.006736807850866286, 0.0, 0.004160869384912232, -0.0025759384659540512, -7.134359647488331, 0.0, 21.38957459415681, 14.255214946668485, 0.9190108380027459, 0.0, 16.415553746267154, 17.334564584269906, 6.615000000000004
0.003511623246492984, 0.9253962482202484, 8.383382969336515E-4, 19.80053033002502, -0.006749778079511663, 0.0, 0.004199887057042346, -0.0025498910224693184, -7.134304052342339, 0.0, 21.534183263095436, 14.399879210753104, 0.9170734216439892, 0.0, 16.524407290312055, 17.441480711956054, 6.615000000000005
0.003519238476953906, 0.9264361674448458, 8.40156299289611E-4, 19.995816719982166, -0.006762748227880728, 0.0, 0.004239168074025969, -0.0025235801538547598, -7.1342713348269315, 0.0, 21.679282528411544, 14.54501119358461, 0.9151216574043086, 0.0, 16.633592723299838, 17.548714380704148, 6.615000000000004
0.0035268537074148276, 0.9274670031431674, 8.419743016455705E-4, 20.192654353819332, -0.0067757183375650645, 0.0, 0.004278713327768463, -0.002497005009796601, -7.134261494942104, 0.0, 21.82487239010509, 14.690610895162996, 0.9131555394287455, 0.0, 16.74311001397785, 17.65626555340661, 6.615000000000004
0.0035344689378757495, 0.9284887226582811, 8.4379230400153E-4, 20.391051294707434, -0.006788688450156261, 0.0, 0.00431852371017521, -0.0024701647399810525, -7.134274532687859, 0.0, 21.970952848176122, 14.836678315488268, 0.9111750619127945, 0.0, 16.852959131362866, 17.76413419327567, 6.615000000000004
0.0035420841683366715, 0.929501293333256, 8.456103063574895E-4, 20.591015626039525, -0.006801658607245904, 0.0, 0.004358600113151574, -0.002443058494094331, -7.134310448064197, 0.0, 22.11752390262462, 14.983213454560435, 0.9091802191018675, 0.0, 16.96314004473804, 17.872320263839917, 6.615000000000004
0.003549699398797593, 0.9305046825111601, 8.47428308713449E-4, 20.79255545143076, -0.006814628850425578, 0.0, 0.004398943428602923, -0.002415685421822654, -7.1343692410711155, 0.0, 22.264585553450576, 15.130216312379474, 0.9071710052907608, 0.0, 17.073652723650117, 17.980823728940887, 6.615000000000004
0.0035573146292585153, 0.9314988575350618, 8.492463110694086E-4, 20.995678894718484, -0.006827599221286871, 0.0, 0.004439554548434638, -0.002388044672852233, -7.134450911708618, 0.0, 22.412137800654023, 15.277686888945407, 0.9051474148231199, 0.0, 17.184497137906664, 18.089644552729784, 6.615000000000004
0.003564929859719437, 0.9324837857480291, 8.510643134253681E-4, 21.20039409996213, -0.006840569761421368, 0.0, 0.004480434364552071, -0.0023601353968692937, -7.134555459976702, 0.0, 22.560180644234908, 15.425625184258212, 0.90310944209093, 0.0, 17.295673257573146, 18.19878269966408, 6.615000000000004
0.0035725450901803587, 0.9334594344931308, 8.528823157813276E-4, 21.406709231443248, -0.006853540512420656, 0.0, 0.004521583768860608, -0.00233195674356005, -7.1346828858753675, 0.0, 22.70871408419328, 15.574031198317913, 0.9010570815339807, 0.0, 17.40718105297035, 18.30823813450434, 6.615000000000005
0.003580160320641281, 0.9344257711134352, 8.547003181372873E-4, 21.614632473665566, -0.006866511515876322, 0.0, 0.004563003653265613, -0.0023035078626107066, -7.134833189404618, 0.0, 22.857738120529113, 15.722904931124507, 0.8989903276393758, 0.0, 17.51902049467154, 18.418010822310922, 6.615000000000003
0.003587775551102202, 0.9353827629520106, 8.565183204932466E-4, 21.824172031354895, -0.006879482813379948, 0.0, 0.004604694909672451, -0.0022747879037075, -7.135006370564448, 0.0, 23.007252753242394, 15.87224638267796, 0.896909174941025, 0.0, 17.631191553499782, 18.528100728440823, 6.615000000000004
0.0035953907815631245, 0.9363303773519253, 8.583363228492063E-4, 22.035336129459235, -0.006892454446523129, 0.0, 0.004646658429986506, -0.002245796016536624, -7.135202429354861, 0.0, 23.15725798233317, 16.02205555297832, 0.8948136180191526, 0.0, 17.74369420052542, 18.638507818544586, 6.615000000000003
0.003603006012024046, 0.9372685816562474, 8.601543252051657E-4, 22.248133013148653, -0.006905426456897443, 0.0, 0.004688895106113134, -0.002216531350784312, -7.135421365775856, 0.0, 23.307753807801397, 16.172332442025546, 0.892703651499789, 0.0, 17.856528407063305, 18.749232058563102, 6.615000000000004
0.003610621242484968, 0.9381973432080459, 8.619723275611253E-4, 22.462570947815408, -0.006918398886094479, 0.0, 0.004731405829957708, -0.0021869930561367722, -7.135663179827433, 0.0, 23.4587402296471, 16.323077049819666, 0.8905792700543147, 0.0, 17.96969414467033, 18.860273414724645, 6.615000000000004
0.0036182364729458903, 0.9391166293503888, 8.637903299170849E-4, 22.67865821907383, -0.006931371775705826, 0.0, 0.0047741914934256065, -0.002157180282280218, -7.135927871509592, 0.0, 23.610217247870274, 16.47428937636068, 0.8884404683989671, 0.0, 18.083191385142822, 18.971631853541787, 6.615000000000004
0.0036258517034068113, 0.9400264074263441, 8.656083322730443E-4, 22.896403132760398, -0.006944345167323065, 0.0, 0.004817252988422185, -0.002127092178900879, -7.136215440822334, 0.0, 23.762184862470892, 16.62596942164856, 0.8862872412943694, 0.0, 18.197020100514038, 19.08330734180841, 6.615000000000004
0.0036334669338677337, 0.9409266447789806, 8.674263346290039E-4, 23.115814014933775, -0.006957319102537786, 0.0, 0.004860591206852834, -0.0020967278956849564, -7.136525887765658, 0.0, 23.914643073449, 16.77811718568335, 0.8841195835450716, 0.0, 18.31118026305174, 19.19529984659682, 6.615000000000004
0.003641082164328655, 0.9418173087513668, 8.692443369849633E-4, 23.336899211874652, -0.006970293622941574, 0.0, 0.004904207040622898, -0.0020660865823186776, -7.136859212339565, 0.0, 24.067591880804557, 16.930732668465, 0.8819374899990887, 0.0, 18.42567184525564, 19.307609335254742, 6.615000000000003
0.003648697394789577, 0.9426983666865705, 8.710623393409229E-4, 23.559667090085973, -0.006983268770126017, 0.0, 0.004948101381637773, -0.0020351673884882494, -7.137215414544052, 0.0, 24.221031284537588, 17.083815869993543, 0.8797409555474485, 0.0, 18.540494819855066, 19.420235775402528, 6.615000000000004
0.003656312625250499, 0.9435697859276606, 8.728803416968824E-4, 23.78412603629272, -0.006996244585682701, 0.0, 0.004992275121802812, -0.0020039694638798906, -7.137594494379123, 0.0, 24.374961284648094, 17.23736679026898, 0.8775299751237368, 0.0, 18.65564915980655, 19.533179134930297, 6.615000000000003
0.0036639278557114205, 0.9444315338177052, 8.746983440528419E-4, 24.010284457442026, -0.00700922111120321, 0.0, 0.005036729153023382, -0.0019724919581798235, -7.137996451844775, 0.0, 24.529381881136043, 17.391385429291283, 0.8753045437036643, 0.0, 18.7711348382914, 19.646439381995076, 6.615000000000004
0.003671543086172343, 0.9452835776997726, 8.765163464088015E-4, 24.2381507807032, -0.007022198388279132, 0.0, 0.0050814643672048715, -0.00194073402107426, -7.138421286941011, 0.0, 24.684293074001495, 17.545871787060484, 0.8730646563046198, 0.0, 18.886951828713517, 19.760016485018138, 6.615000000000004
0.003679158316633265, 0.9461258849169311, 8.78334348764761E-4, 24.467733453467616, -0.007035176458502054, 0.0, 0.005126481656252638, -0.0019086948022494152, -7.138868999667828, 0.0, 24.83969486324439, 17.700825863576565, 0.8708103079852557, 0.0, 19.00310010469689, 19.873910412682147, 6.615000000000004
0.0036867735470941863, 0.9469584228122495, 8.801523511207205E-4, 24.699040943348813, -0.007048155363463558, 0.0, 0.00517178191207205, -0.0018763734513915116, -7.1393395900252274, 0.0, 24.99558724886475, 17.85624765883953, 0.8685414938450378, 0.0, 19.119579640083515, 19.98812113392856, 6.615000000000004
0.0036943887775551082, 0.9477811587287954, 8.8197035347668E-4, 24.93208173818247, -0.007061135144755236, 0.0, 0.005217366026568481, -0.0018437691181867576, -7.139833058013209, 0.0, 25.15197023086258, 18.012137172849382, 0.8662582090238496, 0.0, 19.236390408931037, 20.102648617954898, 6.615000000000003
0.00370200400801603, 0.9485940600096379, 8.837883558326395E-4, 25.166864346026372, -0.0070741158439686725, 0.0, 0.005263234891647303, -0.001810880952321365, -7.140349403631773, 0.0, 25.30884380923789, 18.168494405606125, 0.8639604487015569, 0.0, 19.353532385510572, 20.21749283421213, 6.615000000000003
0.0037096192384769517, 0.9493970939978449, 8.85606358188599E-4, 25.40339729516046, -0.007087097502695453, 0.0, 0.00530938939921388, -0.00177770810348157, -7.140888626880919, 0.0, 25.466207983990657, 18.325319357109738, 0.8616482080976093, 0.0, 19.471005544304482, 20.332653752402084, 6.615000000000004
0.003717234468937874, 0.9501902280364847, 8.874243605445587E-4, 25.64168913408681, -0.007100080162527163, 0.0, 0.005355830441173597, -0.001744249721353567, -7.141450727760647, 0.0, 25.62406275512089, 18.482612027360254, 0.8593214824706255, 0.0, 19.588809860004233, 20.44813134247487, 6.615000000000003
0.0037248496993987955, 0.950973429468626, 8.892423629005182E-4, 25.881748431529573, -0.007113063865055391, 0.0, 0.0054025589094318024, -0.0017105049556235853, -7.142035706270957, 0.0, 25.78240812262858, 18.640372416357636, 0.8569802671180061, 0.0, 19.70694530750829, 20.5639255746263, 6.615000000000004
0.0037324649298597174, 0.951746665637337, 8.910603652564777E-4, 26.123583776435087, -0.007126048651871721, 0.0, 0.005449575695893879, -0.0016764729559778403, -7.14264356241185, 0.0, 25.941244086513755, 18.798600524101918, 0.854624557375522, 0.0, 19.825411861919964, 20.680036419295497, 6.615000000000003
0.0037400801603206394, 0.9525099038856863, 8.928783676124372E-4, 26.36720377797181, -0.00713903456456774, 0.0, 0.005496881692465202, -0.0016421528721025404, -7.143274296183325, 0.0, 26.100570646776394, 18.95729635059308, 0.8522543486169358, 0.0, 19.944209498545305, 20.796463847162254, 6.615000000000004
0.003747695390781561, 0.9532631115567415, 8.946963699683967E-4, 26.612617065530312, -0.007152021644735035, 0.0, 0.005544477791051125, -0.0016075438536839078, -7.143927907585382, 0.0, 26.260387803416478, 19.116459895831106, 0.8498696362536138, 0.0, 20.0633381928911, 20.913207829144717, 6.615000000000002
0.0037553106212424832, 0.9540062559935719, 8.965143723243563E-4, 26.85983228872334, -0.0071650099339651925, 0.0, 0.0055923648835570355, -0.0015726450504081578, -7.144604396618021, 0.0, 26.420695556434065, 19.276091159816048, 0.847470415734136, 0.0, 20.18279792066283, 21.030268336396972, 6.615000000000003
0.0037629258517034043, 0.9547393045392449, 8.983323746803157E-4, 27.10885811738568, -0.007177999473849796, 0.0, 0.005640543861888286, -0.0015374556119615093, -7.145303763281243, 0.0, 26.581493905829078, 19.43619014254784, 0.8450566825439324, 0.0, 20.30258865776257, 21.147645340306507, 6.615000000000003
0.0037705410821643266, 0.9554622245368302, 9.001503770362753E-4, 27.359703241574376, -0.0071909903059804384, 0.0, 0.005689015617950264, -0.0015019746880301707, -7.1460260075750455, 0.0, 26.74278285160159, 19.59675684402655, 0.8426284322049059, 0.0, 20.42271038028716, 21.26533881249207, 6.615000000000003
0.003778156312625249, 0.9561749833293944, 9.019683793922349E-4, 27.6123763715685, -0.007203982471948699, 0.0, 0.005737781043648336, -0.0014662014283003677, -7.146771129499432, 0.0, 26.904562393751576, 19.75779126425215, 0.8401856602750517, 0.0, 20.543163064526116, 21.38334872480118, 6.615000000000003
0.00378577154308617, 0.9568775482600071, 9.037863817481943E-4, 27.86688623786926, -0.007216976013346167, 0.0, 0.005786841030887857, -0.0014301349824583122, -7.147539129054399, 0.0, 27.066832532278987, 19.919293403224597, 0.8377283623481235, 0.0, 20.66394668695969, 21.501675049307824, 6.615000000000003
0.0037933867735470924, 0.9575698866717366, 9.056043841041539E-4, 28.12324159120008, -0.007229970971764429, 0.0, 0.0058361964715742155, -0.0013937745001902126, -7.148330006239949, 0.0, 27.229593267183905, 20.08126326094396, 0.8352565340532424, 0.0, 20.785061224257095, 21.62031775831034, 6.615000000000003
0.003801002004008014, 0.9582519659076508, 9.074223864601133E-4, 28.38145120250641, -0.00724296738879507, 0.0, 0.005885848257612765, -0.0013571191311823015, -7.149143761056082, 0.0, 27.392844598466258, 20.243700837410188, 0.8327701710545642, 0.0, 20.90650665327442, 21.73927682432899, 6.615000000000003
0.003808617234468936, 0.9589237533108181, 9.092403888160729E-4, 28.641523862955932, -0.007255965306029678, 0.0, 0.005935797280908891, -0.001320168025120784, -7.149980393502797, 0.0, 27.556586526126097, 20.40660613262331, 0.8302692690509215, 0.0, 21.028282951052923, 21.858552220103853, 6.615000000000002
0.0038162324649298578, 0.9595852162243073, 9.110583911720324E-4, 28.903468383938364, -0.007268964765059838, 0.0, 0.005986044433367957, -0.0012829203316918822, -7.150839903580095, 0.0, 27.720819050163406, 20.569979146583318, 0.8277538237754776, 0.0, 21.15039009481709, 21.978143918592576, 6.615000000000003
0.0038238476953907793, 0.960236321991186, 9.12876393527992E-4, 29.16729359706562, -0.007281965807477135, 0.0, 0.006036590606895329, -0.001245375200581808, -7.151722291287973, 0.0, 27.885542170578162, 20.733819879290202, 0.8252238309953879, 0.0, 21.27282806197281, 22.09805189296821, 6.615000000000002
0.003831462925851701, 0.9608770379545232, 9.146943958839515E-4, 29.4330083541717, -0.007294968474873159, 0.0, 0.006087436693396385, -0.0012075317814767735, -7.152627556626434, 0.0, 28.050755887370403, 20.898128330743976, 0.8226792865114585, 0.0, 21.39559683010566, 22.218276116617123, 6.615000000000003
0.003839078156312623, 0.9615073314573872, 9.16512398239911E-4, 29.700621527312784, -0.007307972808839493, 0.0, 0.006138583584776489, -0.001169389224063004, -7.153555699595477, 0.0, 28.21646020054011, 21.062904500944647, 0.8201201861578102, 0.0, 21.518696376979026, 22.33881656313685, 6.615000000000002
0.003846693386773545, 0.9621271698428461, 9.183304005958706E-4, 29.970142008767162, -0.007320978850967726, 0.0, 0.006190032172941019, -0.0011309466780267084, -7.154506720195103, 0.0, 28.382655110087274, 21.228148389892183, 0.8175465258015597, 0.0, 21.642126680532364, 22.459673206333935, 6.615000000000003
0.003854308617234467, 0.9627365204539683, 9.201484029518301E-4, 30.24157871103521, -0.007333986642849441, 0.0, 0.006241783349795331, -0.0010922032930541087, -7.155480618425311, 0.0, 28.549340616011918, 21.39385999758662, 0.8149583013424778, 0.0, 21.765887718879537, 22.580846020222022, 6.615000000000001
0.0038619238476953885, 0.9633353506338221, 9.219664053077896E-4, 30.514940566839506, -0.007346996226076227, 0.0, 0.006293838007244805, -0.0010531582188314237, -7.156477394286101, 0.0, 28.716516718314015, 21.560039324027922, 0.8123555087126825, 0.0, 21.88997947030695, 22.702334979019643, 6.615000000000002
0.0038695390781563104, 0.9639236277254762, 9.237844076637491E-4, 30.790236529124716, -0.0073600076422396694, 0.0, 0.006346197037194808, -0.0010138106050448584, -7.157497047777473, 0.0, 28.884183416993583, 21.726686369216125, 0.8097381438763126, 0.0, 22.014401913272014, 22.82414005714834, 6.615000000000003
0.0038771543086172327, 0.9645013190719988, 9.256024100197087E-4, 31.067475571057653, -0.007373020932931356, 0.0, 0.006398861331550721, -9.74159601380635E-4, -7.158539578899427, 0.0, 29.052340712050633, 21.893801133151214, 0.8071062028292116, 0.0, 22.139155026401358, 22.94626122923058, 6.615000000000002
0.003884769539078154, 0.9650683920164577, 9.274204123756681E-4, 31.346666686027238, -0.007386036139742868, 0.0, 0.006451831782217893, -9.342043575249724E-4, -7.1596049876519645, 0.0, 29.22098860348512, 22.061383615833172, 0.8044596815986214, 0.0, 22.264238788489177, 23.068698470087813, 6.615000000000003
0.003892384769539076, 0.9656248139019219, 9.292384147316277E-4, 31.62781888764457, -0.007399053304265799, 0.0, 0.006505109281101715, -8.939440231640859E-4, -7.160693274035083, 0.0, 29.390127091297103, 22.229433817262027, 0.8017985762428786, 0.0, 22.389653178495674, 23.191451754738562, 6.615000000000002
0.003899999999999998, 0.9661705520714599, 9.310564170875872E-4, 31.910941209742827, -0.007412072468091731, 0.0, 0.006558694720107545, -8.533777479841874E-4, -7.161804438048785, 0.0, 29.559756175486537, 22.397951737437765, 0.7991228828510978, 0.0, 22.515398175545325, 23.31452105839644, 6.615000000000003
