phi0, phi, rho, Z_fit_curve, F_id, F_fr, F_ex, F_total, mu_id, mu_fr, mu_ex, mu_kT, PV_id, PV_fr, PV_ex, PV_NkT, alpha
1.0000000000000005E-4, 0.025398462483623086, 2.387324146378431E-5, 1.0679634581103874, -2.9774613045529294E-4, 0.0, -2.9221373182031117E-6, -3.0066826777349487E-4, -9.641553674257015, 0.0, 0.3674311902493468, -9.274122484007677, 2.8304070733847984, 0.0, 0.4898333920046464, 3.320240465389386, 6.328000000000008
1.0581162324649302E-4, 0.026869984277297858, 2.5260664314385E-5, 1.071442353070072, -3.111161947432984E-4, 0.0, -2.411942043282715E-6, -3.1352813678658E-4, -9.63168632794891, 0.0, 0.36803342269795114, -9.263652905250972, 2.684545378045037, 0.0, 0.46351555306730985, 3.1480609311122896, 6.328000000000008
1.1162324649298601E-4, 0.02834151009310113, 2.6648087164985692E-5, 1.0748747881312666, -3.244725838740438E-4, 0.0, -1.90088163739032E-6, -3.26373465511433E-4, -9.621840639756911, 0.0, 0.3686782952276455, -9.253162344529278, 2.5543647991229634, 0.0, 0.4400110563981353, 2.9943758555210436, 6.328000000000008
1.1743486973947899E-4, 0.029813039592938018, 2.8035510015586382E-5, 1.078261567750907, -3.3781532789649434E-4, 0.0, -1.3888969407030766E-6, -3.392042248371963E-4, -9.612016609681014, 0.0, 0.3693658078384297, -9.242650801842593, 2.437535109145766, 0.0, 0.4189064418390567, 2.856441550984773, 6.328000000000008
1.2324649298597198E-4, 0.031284572438713645, 2.9422932866187073E-5, 1.0816034928070535, -3.511444568596151E-4, 0.0, -8.759287933981254E-7, -3.5202038565301216E-4, -9.602214237721215, 0.0, 0.3700959605303038, -9.232118277190922, 2.3321656032208606, 0.0, 0.39986623521304104, 2.732031838433854, 6.328000000000008
1.2905811623246496E-4, 0.03275610829233314, 3.081035571678776E-5, 1.0849013605988875, -3.6446000081237143E-4, 0.0, -3.619180356526143E-7, -3.64821918848023E-4, -9.592433523877517, 0.0, 0.37086875330326785, -9.22156477057426, 2.236706138206507, 0.0, 0.38261538936873246, 2.619321527575196, 6.328000000000007
1.3486973947895794E-4, 0.034227646815701625, 3.2197778567388454E-5, 1.0881559648467152, -3.7776198980372835E-4, 0.0, 1.5319449235631394E-7, -3.77608795311371E-4, -9.582674468149923, 0.0, 0.3716841861573218, -9.210990281992611, 2.1498737575945968, 0.0, 0.3669262649847264, 2.516800022579281, 6.328000000000007
1.4068136272545094E-4, 0.03569918767072422, 3.3585201417989144E-5, 1.0913680956919645, -3.910504538826513E-4, 0.0, 6.694679504515166E-7, -3.903809859321987E-4, -9.572937070538428, 0.0, 0.3725422590924655, -9.200394811445971, 2.070597503388349, 0.0, 0.3526088383539812, 2.4232063417422887, 6.328000000000007
1.4649298597194392E-4, 0.03717073051930604, 3.4972624268589835E-5, 1.0945385396971865, -4.043254230981051E-4, 0.0, 1.1869614984558457E-6, -4.0313846159964814E-4, -9.563221331043033, 0.0, 0.3734429721086993, -9.189778358934344, 1.9979763644139852, 0.0, 0.33950324001024484, 2.3374796044241903, 6.328000000000007
1.523046092184369E-4, 0.038642275023352206, 3.6360047119190525E-5, 1.0976680798460556, -4.1758692749905505E-4, 0.0, 1.705734296192159E-6, -4.158811932028619E-4, -9.55352724966374, 0.0, 0.3743863252060229, -9.179140924457727, 1.9312468522558417, 0.0, 0.32747400161632423, 2.258720853872128, 6.328000000000007
1.5811623246492988E-4, 0.040113820844767854, 3.7747469969791216E-5, 1.1007574955433688, -4.3083499713446647E-4, 0.0, 2.2258455034833114E-6, -4.286091516309821E-4, -9.54385482640055, 0.0, 0.37537231838443635, -9.168482508016123, 1.8697577277456705, 0.0, 0.31640557159943, 2.186163299345063, 6.328000000000007
1.639278557114229E-4, 0.041585367645458116, 3.913489282039191E-5, 1.1038075626150459, -4.440696620533045E-4, 0.0, 2.747354280152163E-6, -4.413223077731514E-4, -9.534204061253456, 0.0, 0.37640095164393983, -9.157803109609526, 1.8129501034799218, 0.0, 0.30619878467337874, 2.119148888153265, 6.328000000000007
1.6973947895791589E-4, 0.043056915087328076, 4.0522315670992603E-5, 1.10681905330813, -4.572909523045341E-4, 0.0, 3.2703197860215615E-6, -4.5402063251851165E-4, -9.524574954222466, 0.0, 0.3774722249845331, -9.147102729237943, 1.7603416338954274, 0.0, 0.2967680566301422, 2.0571096905255364, 6.328000000000007
1.7555110220440886E-4, 0.044528462832282886, 4.1909738521593294E-5, 1.1097927362907873, -4.7049889793712073E-4, 0.0, 3.7948011809143663E-6, -4.6670409675620545E-4, -9.514967505307576, 0.0, 0.37858613840621624, -9.13638136690137, 1.7115138456725545, 0.0, 0.2880391363303346, 1.9995529820028568, 6.328000000000007
1.8136272545090187E-4, 0.04600001054222767, 4.3297161372193984E-5, 1.112729376652306, -4.836935290000295E-4, 0.0, 4.320857624653434E-6, -4.7937267137537515E-4, -9.50538171450879, 0.0, 0.37974269190898935, -9.12563902259981, 1.666101904060807, 0.0, 0.27994728990768525, 1.9460491939684623, 6.3280000000000065
1.8717434869739485E-4, 0.04747155787906754, 4.4684584222794675E-5, 1.1156297359030987, -4.968748755422254E-4, 0.0, 4.84854827706162E-6, -4.92026327265163E-4, -9.495817581826103, 0.0, 0.38094188549285235, -9.11487569633326, 1.623786285691986, 0.0, 0.27243582324805116, 1.8962221089400082, 6.3280000000000065
1.9298597194388782E-4, 0.04894310450470761, 4.6072007073395365E-5, 1.1184945719746995, -5.100429676126738E-4, 0.0, 5.377932297961776E-6, -5.046650353147112E-4, -9.486275107259514, 0.0, 0.38218371915780525, -9.104091388101718, 1.5842859559940552, 0.0, 0.26545487143483937, 1.8497408274288656, 6.3280000000000065
1.987975951903808E-4, 0.05041465008105302, 4.7459429923996056E-5, 1.1213246392197664, -5.231978352603399E-4, 0.0, 5.909068847176763E-6, -5.172887664131622E-4, -9.47675429080903, 0.0, 0.383468192903848, -9.09328609790519, 1.547352743308648, 0.0, 0.25896040052960645, 1.8063131438382236, 6.3280000000000065
2.046092184368738E-4, 0.05188619427000888, 4.8846852774596746E-5, 1.1241206884120796, -5.363395085341887E-4, 0.0, 6.442017084529435E-6, -5.298974914496586E-4, -9.467255132474644, 0.0, 0.38479530673098067, -9.082459825743674, 1.5127666717779484, 0.0, 0.2529133794703637, 1.7656800512482913, 6.328000000000007
2.1042084168336678E-4, 0.05335773673348032, 5.023427562519744E-5, 1.1268834667465433, -5.494680174831856E-4, 0.0, 6.976836169842643E-6, -5.424911813133421E-4, -9.457777632256363, 0.0, 0.38616506063920325, -9.071612571617168, 1.4803320676389258, 0.0, 0.24727908919816047, 1.7276111568370607, 6.328000000000007
2.1623246492985976E-4, 0.05482927713337246, 5.162169847579813E-5, 1.1296137178391836, -5.625833921562957E-4, 0.0, 7.513585262939249E-6, -5.550698068933556E-4, -9.448321790154179, 0.0, 0.3875774546285157, -9.060744335525674, 1.4498742934181663, 0.0, 0.24202654319421157, 1.6919008366123498, 6.328000000000007
2.2204408817635274E-4, 0.05630081513159042, 5.300912132639882E-5, 1.1323121817271498, -5.75685662602484E-4, 0.0, 8.052323523642102E-6, -5.67633339078841E-4, -9.438887606168096, 0.0, 0.389032488698918, -9.04985511746919, 1.4212369949878465, 0.0, 0.23712799901570566, 1.6583649940035228, 6.328000000000007
2.2785571142284574E-4, 0.057772350390039334, 5.439654417699951E-5, 1.134979594868715, -5.887748588707159E-4, 0.0, 8.593110111774068E-6, -5.801817487589411E-4, -9.429475080298115, 0.0, 0.3905301628504103, -9.038944917447715, 1.3942797699165692, 0.0, 0.2325585445833901, 1.626838314499935, 6.3280000000000065
2.3366733466933872E-4, 0.059243882570624296, 5.57839670276002E-5, 1.1376166901432732, -6.018510110099565E-4, 0.0, 9.136004187157994E-6, -5.927150068227976E-4, -9.420084212544236, 0.0, 0.3920704770829925, -9.028013735461252, 1.3688761837678263, 0.0, 0.22829574620668566, 1.5971719299744862, 6.3280000000000065
2.394789579158317E-4, 0.06071541133525047, 5.717138987820089E-5, 1.140224196851344, -6.14914149069171E-4, 0.0, 9.681064909616735E-6, -6.052330841595533E-4, -9.410715002906459, 0.0, 0.3936534313966645, -9.017061571509803, 1.344912075238691, 0.0, 0.22431934785870128, 1.5692314230973656, 6.3280000000000065
2.4529058116232465E-4, 0.06218693634582294, 5.855881272880157E-5, 1.142802840714568, -6.279643030973245E-4, 0.0, 1.0228351438973149E-5, -6.177359516583504E-4, -9.40136745138478, 0.0, 0.3952790257914265, -9.006088425593363, 1.3222841022346883, 0.0, 0.2206110132013687, 1.5428951154360313, 6.3280000000000065
2.511022044088177E-4, 0.06365845726424686, 5.994623557940227E-5, 1.1453533438757098, -6.410015031433824E-4, 0.0, 1.0777922935050098E-5, -6.302235802083314E-4, -9.392041557979203, 0.0, 0.3969472602672784, -8.995094297711935, 1.3008984898464615, 0.0, 0.21715410343470107, 1.5180525932811377, 6.3280000000000065
2.5691382765531066E-4, 0.06512997375242731, 6.133365843000296E-5, 1.1478764248986557, -6.540257792563097E-4, 0.0, 1.1329838557670426E-5, -6.426959406986383E-4, -9.382737322689728, 0.0, 0.39865813482422, -8.984079187865518, 1.2806699482578634, 0.0, 0.2139334852975559, 1.4946034335553944, 6.3280000000000065
2.6272545090180364E-4, 0.06660148547226946, 6.272108128060365E-5, 1.1503727987684165, -6.670371614850715E-4, 0.0, 1.1884157466656998E-5, -6.551530040184138E-4, -9.373454745516353, 0.0, 0.4004116494622517, -8.973043096054111, 1.2615207342726273, 0.0, 0.2109353645511345, 1.47245609882374, 6.3280000000000065
2.685370741482966E-4, 0.06807299208567841, 6.410850413120434E-5, 1.1528431768911247, -6.80035679878633E-4, 0.0, 1.244093882183266E-5, -6.675947410567997E-4, -9.364193826459077, 0.0, 0.4022078041813733, -8.961986022277715, 1.2433798347025253, 0.0, 0.20814714108477292, 1.451526975787276, 6.3280000000000065
2.743486973947896E-4, 0.06954449325455928, 6.549592698180503E-5, 1.1552882670940365, -6.930213644859596E-4, 0.0, 1.3000241783020279E-5, -6.800211227029386E-4, -9.354954565517906, 0.0, 0.4040465989815846, -8.950907966536331, 1.2261822535469349, 0.0, 0.20555728243779733, 1.4317395359847107, 6.3280000000000065
2.8016032064128257E-4, 0.0710159886408172, 6.688334983240572E-5, 1.1577087736255305, -7.059942453560164E-4, 0.0, 1.35621255100427E-5, -6.924321198459729E-4, -9.345736962692833, 0.0, 0.405928033862886, -8.939808928829958, 1.209868387892558, 0.0, 0.20315521306329593, 1.4130236009558308, 6.328000000000006
2.859719438877756E-4, 0.07248747790635728, 6.827077268300641E-5, 1.160105397155109, -7.189543525377685E-4, 0.0, 1.4126649162722792E-5, -7.048277033750449E-4, -9.336541017983862, 0.0, 0.4078521088252773, -8.928688909158597, 1.1943834799122408, 0.0, 0.2009312170944134, 1.395314697006633, 6.328000000000006
2.917835671342686E-4, 0.07395896071308465, 6.96581955336071E-5, 1.1624788347733959, -7.319017160801811E-4, 0.0, 1.4693871900883396E-5, -7.172078441792969E-4, -9.327366731390992, 0.0, 0.40981882386875834, -8.917547907522243, 1.1796771343529846, 0.0, 0.1988763527306102, 1.3785534870835732, 6.328000000000006
2.9759519038076156E-4, 0.07543043672290445, 7.10456183842078E-5, 1.1648297799921397, -7.448363660322192E-4, 0.0, 1.5263852884347374E-5, -7.295725131478713E-4, -9.318214102914224, 0.0, 0.4118281789933294, -8.906385923920903, 1.1657028925606632, 0.0, 0.1969823766554296, 1.3626852692160751, 6.328000000000006
3.0340681362725453E-4, 0.07690190559772177, 7.243304123480848E-5, 1.167158922744211, -7.577583324428483E-4, 0.0, 1.5836651272937576E-5, -7.419216811699101E-4, -9.309083132553555, 0.0, 0.4138801741989903, -8.895202958354574, 1.152417855461002, 0.0, 0.1952416771407293, 1.3476595326017147, 6.328000000000006
3.092184368737475E-4, 0.07837336699944175, 7.382046408540918E-5, 1.1694669493836027, -7.706676453610335E-4, 0.0, 1.641232622647687E-5, -7.542553191345559E-4, -9.299973820308988, 0.0, 0.41597480948574106, -8.883999010823256, 1.1397823490559533, 0.0, 0.19364721469457244, 1.333429563750505, 6.328000000000006
3.150300601202405E-4, 0.07984482058996951, 7.520788693600987E-5, 1.171754542685432, -7.835643348357398E-4, 0.0, 1.69909369047881E-5, -7.66573397930951E-4, -9.290886166180522, 0.0, 0.4181120848535818, -8.87277408132695, 1.1277596269452739, 0.0, 0.19219246927862585, 1.3199520962238815, 6.328000000000006
3.2084168336673347E-4, 0.08131626603121017, 7.659530978661056E-5, 1.174022381845938, -7.964484309159326E-4, 0.0, 1.757254246769413E-5, -7.788758884482379E-4, -9.281820170168155, 0.0, 0.42029200030251246, -8.861528169865654, 1.116315605178729, 0.0, 0.19087139326208055, 1.3071869984407904, 6.328000000000006
3.266533066132265E-4, 0.08278770298506888, 7.798273263721125E-5, 1.1762711424824832, -8.09319963650577E-4, 0.0, 1.8157202075017814E-5, -7.911627615755586E-4, -9.272775832271892, 0.0, 0.42251455583253295, -8.850261276439369, 1.1054186254123384, 0.0, 0.18967836939766972, 1.2950969948099895, 6.328000000000005
3.324649298597195E-4, 0.08425913111345072, 7.937015548781194E-5, 1.1785014966335532, -8.22178963088638E-4, 0.0, 1.8744974886582E-5, -8.034339882020555E-4, -9.263753152491729, 0.0, 0.4247797514436433, -8.838973401048095, 1.0950392429054496, 0.0, 0.18860817320526546, 1.2836474161106999, 6.328000000000005
3.3827655310621245E-4, 0.08573055007826082, 8.075757833841263E-5, 1.1807141127587557, -8.350254592790811E-4, 0.0, 1.933592006220955E-5, -8.15689539216871E-4, -9.254752130827665, 0.0, 0.42708758713584366, -8.827664543691833, 1.085150036371151, 0.0, 0.1876559392329948, 1.2728059756041286, 6.328000000000005
3.4408817635270543E-4, 0.08720195954140432, 8.214500118901332E-5, 1.1829096557388221, -8.478594822708713E-4, 0.0, 1.9930096761723316E-5, -8.279293855091473E-4, -9.245772767279705, 0.0, 0.4294380629091338, -8.81633470437058, 1.0757254370963665, 0.0, 0.18681713073743988, 1.262542567833788, 6.328000000000005
3.498997995991984E-4, 0.08867335916478633, 8.353242403961401E-5, 1.185088786875607, -8.606810621129737E-4, 0.0, 2.052756414494616E-5, -8.40153497968027E-4, -9.236815061847844, 0.0, 0.4318311787635139, -8.80498388308434, 1.0667415750912252, 0.0, 0.18608751238539864, 1.2528290874766081, 6.328000000000006
3.557114228456914E-4, 0.09014474861031199, 8.49198468902147E-5, 1.1872521638920872, -8.734902288543536E-4, 0.0, 2.1128381371700928E-5, -8.523618474826522E-4, -9.227879014532085, 0.0, 0.434266934698984, -8.79361207983311, 1.058176140320127, 0.0, 0.18546312563164158, 1.2436392659517557, 6.328000000000006
3.6152304609218436E-4, 0.09161612753988639, 8.630726974081539E-5, 1.1894004409323624, -8.862870125439762E-4, 0.0, 2.1732607601810487E-5, -8.645544049421653E-4, -9.218964625332427, 0.0, 0.4367453307155437, -8.782219294616892, 1.0500082573173877, 0.0, 0.1849402664715411, 1.2349485237889153, 6.328000000000006
3.6733466933867734E-4, 0.0930874956154147, 8.769469259141608E-5, 1.1915342685616563, -8.990714432308066E-4, 0.0, 2.2340301995097677E-5, -8.767311412357084E-4, -9.21007189424887, 0.0, 0.4392663668131936, -8.770805527435686, 1.0422183717051658, 0.0, 0.18451546530556417, 1.2267338370107157, 6.328000000000006
3.731462925851704E-4, 0.09455885249880201, 8.908211544201677E-5, 1.1936542937663146, -9.118435509638102E-4, 0.0, 2.295152371138538E-5, -8.888920272524243E-4, -9.201200821281411, 0.0, 0.4418300429919333, -8.759370778289489, 1.0347881473160592, 0.0, 0.18418546868538305, 1.2189736160014264, 6.328000000000006
3.7895791583166335E-4, 0.09603019785195342, 9.046953829261746E-5, 1.1957611599538058, -9.246033657919518E-4, 0.0, 2.3566331910496426E-5, -9.010370338814549E-4, -9.192351406430056, 0.0, 0.44443635925176284, -8.747915047178305, 1.0277003727819263, 0.0, 0.1839472227396171, 1.2116475955215267, 6.328000000000005
3.8476953907815633E-4, 0.0975015313367741, 9.185696114321815E-5, 1.1978555069527224, -9.373509177641968E-4, 0.0, 2.4184785752253675E-5, -9.131661320119425E-4, -9.183523649694802, 0.0, 0.44708531559268233, -8.73643833410213, 1.0209388765881258, 0.0, 0.18379785810161495, 1.2047367346897229, 6.328000000000005
3.905811623246493E-4, 0.09897285261516915, 9.324438399381884E-5, 1.1999379710127782, -9.500862369295104E-4, 0.0, 2.480694439647999E-5, -9.252792925330299E-4, -9.174717551075648, 0.0, 0.4497769120146917, -8.724940639060966, 1.0144884497113937, 0.0, 0.1837346761828325, 1.1982231258942133, 6.328000000000005
3.963927855711423E-4, 0.1004441613490437, 9.463180684441953E-5, 1.2020091848048122, -9.628093533368575E-4, 0.0, 2.5432867002998227E-5, -9.373764863338589E-4, -9.165933110572595, 0.0, 0.45251114851779095, -8.713421962054813, 1.0083347750630955, 0.0, 0.18375513665371002, 1.1920899117167925, 6.328000000000005
4.0220440881763526E-4, 0.10191545720030284, 9.601922969502022E-5, 1.2040697774207838, -9.755202970352038E-4, 0.0, 2.6062612731631237E-5, -9.494576843035722E-4, -9.157170328185645, 0.0, 0.4552880251019801, -8.701882303083673, 1.0024643630495063, 0.0, 0.18385684600991428, 1.186321209059406, 6.328000000000005
4.0801603206412824E-4, 0.10338673983085174, 9.740665254562091E-5, 1.2061203743737774, -9.882190980735142E-4, 0.0, 2.669624074220187E-5, -9.615228573313118E-4, -9.148429203914793, 0.0, 0.45810754176725915, -8.690321662147543, 0.9968644926392128, 0.0, 0.18403754711572806, 1.1809020397549272, 6.328000000000005
4.138276553106212E-4, 0.1048580089025955, 9.87940753962216E-5, 1.2081615975979991, -0.0010009057865007537, 0.0, 2.7333810194532995E-5, -9.735719763062202E-4, -9.139709737760045, 0.0, 0.46096969851362807, -8.678740039246424, 0.991523157396272, 0.0, 0.18429510962853, 1.1758182670247899, 6.328000000000005
4.1963927855711425E-4, 0.10632926407743926, 1.001814982468223E-4, 1.2101940654487784, -0.0010135803923658874, 0.0, 2.7975380248447464E-5, -9.8560501211744E-4, -9.131011929721396, 0.0, 0.46387449534108693, -8.667137434380319, 0.9864290159977159, 0.0, 0.18462752121894832, 1.1710565372166546, 6.328000000000005
4.254509018036072E-4, 0.10780050501728809, 1.0156892109742299E-4, 1.2122183927025678, -0.0010262429457178813, 0.0, 2.8621010063768127E-5, -9.97621935654113E-4, -9.122335779798846, 0.0, 0.4668219322496357, -8.65551384754922, 0.9815713468066277, 0.0, 0.18503287951060549, 1.1666042263172232, 6.328000000000005
4.312625250501002E-4, 0.10927173138404718, 1.0295634394802368E-4, 1.2142351905569428, -0.0010388934766056997, 0.0, 2.9270758800317843E-5, -0.0010096227178053815, -9.1136812879924, 0.0, 0.46981200923927435, -8.643869278753133, 0.9769400061181704, 0.0, 0.1855093846715756, 1.162449390789734, 6.328000000000004
4.370741482965932E-4, 0.11074294283962162, 1.0434376679862437E-4, 1.2162450666306017, -0.0010515320150783082, 0.0, 2.9924685617919467E-5, -0.0010216073294603883, -9.105048454302054, 0.0, 0.4728447263100029, -8.63220372799206, 0.9725253897368138, 0.0, 0.18605533259689436, 1.158580722333695, 6.328000000000004
4.4288577154308616E-4, 0.1122141390459165, 1.0573118964922506E-4, 1.2182486249633653, -0.0010641585911846717, 0.0, 3.0582849676395845E-5, -0.001033575741508276, -9.096437278727807, 0.0, 0.4759200834618213, -8.620517195265997, 0.9683183975786417, 0.0, 0.18666910862783112, 1.1549875062064638, 6.328000000000004
4.4869739478957914E-4, 0.113685319664837, 1.0711861249982575E-4, 1.2202464660161785, -0.0010767732349737558, 0.0, 3.124531013556985E-5, -0.0010455279248381857, -9.087847761269664, 0.0, 0.4790380806947297, -8.608809680574945, 0.9643104010245624, 0.0, 0.18734918175925594, 1.1516595827838052, 6.328000000000005
4.545090180360721E-4, 0.11515648435828821, 1.0850603535042644E-4, 1.222239186671108, -0.001089375976494525, 0.0, 3.191212615526433E-5, -0.0010574638503392606, -9.079279901927622, 0.0, 0.4821987180087279, -8.597081183918903, 0.9604932127781455, 0.0, 0.18809409929141602, 1.1485873120695531, 6.328000000000005
4.6032064128256515E-4, 0.11662763278817528, 1.0989345820102713E-4, 1.2242273802313437, -0.0011019668457959457, 0.0, 3.258335689530214E-5, -0.0010693834889006432, -9.070733700701679, 0.0, 0.485401995403816, -8.58533170529787, 0.9568590590067948, 0.0, 0.18890248188684497, 1.1457615408936292, 6.328000000000005
4.661322645290581E-4, 0.1180987646164033, 1.1128088105162782E-4, 1.226211636421199, -0.0011145458729269816, 0.0, 3.325906151550614E-5, -0.0010812868114114752, -9.062209157591838, 0.0, 0.48864791287999404, -8.573561244711852, 0.9534005535668775, 0.0, 0.18977301899704685, 1.1431735725639125, 6.328000000000005
4.719438877755511E-4, 0.1195698795048774, 1.1266830390222851E-4, 1.2281925413861094, -0.0011271130879365987, 0.0, 3.3939299175699176E-5, -0.0010931737887608993, -9.053706272598099, 0.0, 0.491936470437262, -8.561769802160844, 0.9501106741333152, 0.0, 0.1907044646270825, 1.140815138760387, 6.328000000000005
4.777555110220441E-4, 0.1210409771155027, 1.140557267528292E-4, 1.2301706776926342, -0.0011396685208737622, 0.0, 3.46241290357041E-5, -0.001105044391838058, -9.045225045720459, 0.0, 0.49526766807561984, -8.549957377644848, 0.9469827400713403, 0.0, 0.19169563340928308, 1.1386783734806143, 6.328000000000004
4.8356713426853706E-4, 0.12251205711018434, 1.1544314960342989E-4, 1.2321466243284551, -0.001152212201787437, 0.0, 3.531361025534379E-5, -0.001116898591532093, -9.036765476958921, 0.0, 0.49864150579506755, -8.538123971163863, 0.9440103919039282, 0.0, 0.19274539696008655, 1.136755788864004, 6.328000000000004
4.8937875751503E-4, 0.12398311915082744, 1.1683057245403058E-4, 1.234120956702377, -0.0011647441607265882, 0.0, 3.6007801994441075E-5, -0.001128736358732147, -9.028327566313482, 0.0, 0.5020579835956052, -8.526269582717886, 0.9411875722422316, 0.0, 0.1938526804964605, 1.1350402527386836, 6.328000000000004
4.951903807615231E-4, 0.1254541628993371, 1.1821799530463127E-4, 1.2360942466443272, -0.0011772644277401815, 0.0, 3.6706763412818845E-5, -0.0011405576643273628, -9.019911313784146, 0.0, 0.5055171014772326, -8.514394212306922, 0.938508508058842, 0.0, 0.19501645969058556, 1.1335249677494215, 6.328000000000004
5.01002004008016E-4, 0.12692518801761843, 1.1960541815523196E-4, 1.238067062405357, -0.0011897730328771815, 0.0, 3.741055367029991E-5, -0.0011523624792068817, -9.011516719370912, 0.0, 0.5090188594399501, -8.502497859930969, 0.935967694194818, 0.0, 0.1962357577434535, 1.1322034519382642, 6.328000000000004
5.06813627254509E-4, 0.12839619416757667, 1.2099284100583265E-4, 1.2400399686576393, -0.001202270006186554, 0.0, 3.8119231926707174E-5, -0.0011641507742598469, -9.003143783073776, 0.0, 0.5125632574837573, -8.490580525590028, 0.9335598780014821, 0.0, 0.19750964265980622, 1.1310695206612775, 6.328000000000004
5.12625250501002E-4, 0.12986718101111677, 1.2238026385643334E-4, 1.2420135264944712, -0.0012147553777172636, 0.0, 3.883285734186345E-5, -0.0011759225203754001, -8.994792504892743, 0.0, 0.5161502956086546, -8.478642209284097, 0.9312800450268794, 0.0, 0.1988372247084396, 1.1301172697353112, 6.328000000000004
5.18436873747495E-4, 0.13133814821014397, 1.2376768670703403E-4, 1.243988293430272, -0.0012272291775182757, 0.0, 3.955148907559161E-5, -0.0011876776884426842, -8.98646288482781, 0.0, 0.5197799738146417, -8.466682911013176, 0.9291234056649975, 0.0, 0.2002176540533255, 1.1293410597183142, 6.328000000000004
5.242484969939879E-4, 0.13280909542656333, 1.2515510955763472E-4, 1.245964823400584, -0.0012396914356385554, 0.0, 4.027518628771451E-5, -0.0011994162493508408, -8.97815492287898, 0.0, 0.5234522921017186, -8.454702630777268, 0.9270853826929606, 0.0, 0.20165011854229611, 1.1287355012352487, 6.328000000000004
5.300601202404809E-4, 0.13428002232228003, 1.2654253240823541E-4, 1.2479436667620725, -0.0012521421821270683, 0.0, 4.1004008138055025E-5, -0.001211138173989013, -8.969868619046249, 0.0, 0.5271672504698856, -8.44270136857637, 0.9251615996281062, 0.0, 0.2031338416411993, 1.128295441269295, 6.328000000000004
5.35871743486974E-4, 0.13575092855919915, 1.279299552588361E-4, 1.2499253702925264, -0.001264581447032779, 0.0, 4.1738013786435995E-5, -0.001222843433246343, -8.961603973329618, 0.0, 0.5309248489191423, -8.430679124410485, 0.9233478698426574, 0.0, 0.20466808050248056, 1.1280159503451308, 6.328000000000004
5.416833667334669E-4, 0.1372218137992258, 1.293173781094368E-4, 1.251910477190856, -0.0012770092604046529, 0.0, 4.2477262392680256E-5, -0.0012345319980119724, -8.953360985729088, 0.0, 0.534725087449489, -8.418635898279609, 0.9216401863791511, 0.0, 0.2062521241580958, 1.127892310537237, 6.328000000000004
5.474949899799599E-4, 0.13869267770426516, 1.3070480096003749E-4, 1.2538995270770967, -0.0012894256522916552, 0.0, 4.3221813116610696E-5, -0.0012462038391750445, -8.945139656244661, 0.0, 0.5385679660609257, -8.406571690183746, 0.9200347124144685, 0.0, 0.2078852918275163, 1.1279200042419748, 6.328000000000004
5.533066132264528E-4, 0.1401635199362223, 1.3209222381063818E-4, 1.2558930559924046, -0.001301830652742751, 0.0, 4.397172511805015E-5, -0.001257858927624701, -8.936939984876334, 0.0, 0.542453484753452, -8.394486500122891, 0.9185277723248786, 0.0, 0.2095669313323653, 1.128094703657237, 6.328000000000004
5.591182364729459E-4, 0.14163434015700235, 1.3347964666123887E-4, 1.2578915963990605, -0.0013142242918069056, 0.0, 4.472705755682146E-5, -0.0012694972342500842, -8.92876197162411, 0.0, 0.5463816435270685, -8.38238032809705, 0.9171158433082753, 0.0, 0.21129641760992696, 1.1284122609181966, 6.328000000000004
5.649298597194388E-4, 0.1431051380285105, 1.3486706951183956E-4, 1.2598956771804668, -0.0013266065995330843, 0.0, 4.5487869592747514E-5, -0.0012811187299403368, -8.920605616487984, 0.0, 0.5503524423817747, -8.370253174106217, 0.9157955475235592, 0.0, 0.21307315131840446, 1.1288686988419547, 6.328000000000004
5.707414829659318E-4, 0.14457591321265176, 1.3625449236244025E-4, 1.2619058236411496, -0.001338977605970252, 0.0, 4.625422038565117E-5, -0.0012927233855846009, -8.912470919467962, 0.0, 0.5543658813175709, -8.358105038150399, 0.914563644710216, 0.0, 0.21489655752739584, 1.129460202237605, 6.328000000000004
5.765531062124249E-4, 0.14604666537133137, 1.3764191521304094E-4, 1.263922557506758, -0.001351337341167374, 0.0, 4.7026169095355265E-5, -0.0013043111720720188, -8.904357880564037, 0.0, 0.558421960334457, -8.34593592022959, 0.9134170252543388, 0.0, 0.2167660844875642, 1.1301831097418926, 6.328000000000004
5.823647294589178E-4, 0.14751739416645432, 1.3902933806364163E-4, 1.265946396924064, -0.0013636858351734153, 0.0, 4.780377488168264E-5, -0.001315882060291733, -8.896266499776218, 0.0, 0.5625206794324329, -8.333745820343792, 0.9123527036697391, 0.0, 0.2186812024739788, 1.1310339061437131, 6.328000000000003
5.881763527054108E-4, 0.14898809925992582, 1.4041676091424232E-4, 1.2679778564609625, -0.0013760231180373417, 0.0, 4.858709690445617E-5, -0.0013274360211328856, -8.888196777104495, 0.0, 0.5666620386114988, -8.321534738493003, 0.9113678124656165, 0.0, 0.22064140269802632, 1.1320092151636352, 6.328000000000003
5.939879759519037E-4, 0.15045878031365098, 1.41804183764843E-4, 1.2700174471064705, -0.0013883492198081175, 0.0, 4.9376194323498715E-5, -0.001338973025484619, -8.880148712548873, 0.0, 0.5708460378716546, -8.309302674677228, 0.9104595963741369, 0.0, 0.2226461962831981, 1.1331057926573278, 6.328000000000003
5.997995991983969E-4, 0.15192943698953496, 1.4319160661544373E-4, 1.2720656762707294, -0.001400664170534709, 0.0, 5.0171126298633144E-5, -0.0013504930442360757, -8.872122306109354, 0.0, 0.5750726772129002, -8.297049628896463, 0.9096254069136663, 0.0, 0.2246951133004216, 1.1343205202140785, 6.328000000000003
6.056112224448897E-4, 0.15340006894948277, 1.445790294660444E-4, 1.2741230477850023, -0.0014129680002660796, 0.0, 5.0971951989682245E-5, -0.0013619960482763977, -8.864117557785937, 0.0, 0.5793419566352357, -8.28477560115071, 0.9088626972649999, 0.0, 0.22678770185893396, 1.1356503991239286, 6.328000000000003
6.114228456913828E-4, 0.15487067585539968, 1.459664523166451E-4, 1.2761900619016762, -0.0014252607390511966, 0.0, 5.1778730556468976E-5, -0.0013734820084947278, -8.85613446757862, 0.0, 0.5836538761386613, -8.272480591439969, 0.9081690174398239, 0.0, 0.22892352724900444, 1.1370925446888205, 6.328000000000003
6.172344689378758E-4, 0.15634125736919063, 1.4735387516724577E-4, 1.2782672152942602, -0.0014375424169390234, 0.0, 5.2591521158816106E-5, -0.0013849508957802076, -8.848173035487404, 0.0, 0.5880084357231766, -8.260164599764234, 0.9075420097221033, 0.0, 0.23110217113308665, 1.1386441808551837, 6.328000000000003
6.230460921843687E-4, 0.15781181315276094, 1.4874129801784646E-4, 1.280355001057387, -0.0014498130639785261, 0.0, 5.341038295654651E-5, -0.0013964026810219796, -8.840233261512289, 0.0, 0.5924056353887818, -8.247827626123515, 0.9069794043646275, 0.0, 0.2333232307822403, 1.1403026351468584, 6.328000000000003
6.288577154308617E-4, 0.1592823428680156, 1.5012872086844715E-4, 1.2824539087068116, -0.00146207271021867, 0.0, 5.423537510948308E-5, -0.0014078373351091873, -8.832315145653276, 0.0, 0.5968454751354768, -8.235469670517805, 0.906479015524156, 0.0, 0.2355863183548916, 1.142065333879045, 6.328000000000002
6.346693386773547E-4, 0.1607528461768598, 1.5151614371904787E-4, 1.2845644241794132, -0.0014743213857084203, 0.0, 5.5066556777448654E-5, -0.0014192548289309716, -8.824418687910361, 0.0, 0.601327954963262, -8.223090732947108, 0.9060387374199246, 0.0, 0.23789106021522097, 1.1439297976351372, 6.328000000000002
6.404809619238478E-4, 0.16222332274119863, 1.5290356656964856E-4, 1.2866870298331923, -0.0014865591204967412, 0.0, 5.590398712026608E-5, -0.0014306551333764753, -8.81654388828355, 0.0, 0.605853074872137, -8.210690813411421, 0.9056565407012366, 0.0, 0.24023709628865875, 1.1458936369898873, 6.328000000000002
6.462925851703407E-4, 0.16369377222293716, 1.5429098942024925E-4, 1.2888222044472732, -0.0014987859446325988, 0.0, 5.674772529775819E-5, -0.0014420382193348405, -8.808690746772838, 0.0, 0.6104208348621017, -8.198269911910744, 0.9053304690111159, 0.0, 0.24262407945215442, 1.1479545484632623, 6.328000000000002
6.521042084168337E-4, 0.16516419428398063, 1.5567841227084994E-4, 1.2909704232219035, -0.001511001888164958, 0.0, 5.7597830469747886E-5, -0.00145340405769521, -8.800859263378227, 0.0, 0.6150312349331565, -8.185828028445078, 0.9050586357336321, 0.0, 0.24505167495705046, 1.1501103106906752, 6.328000000000002
6.579158316633268E-4, 0.16663458858623412, 1.5706583512145063E-4, 1.2931321577784531, -0.001523206981142784, 0.0, 5.8454361796058E-5, -0.0014647526193467262, -8.793049438099718, 0.0, 0.6196842750853011, -8.173365163014424, 0.9048392209136763, 0.0, 0.24751955988254334, 1.1523587807962141, 6.328000000000002
6.637274549098196E-4, 0.16810495479160265, 1.584532579720513E-4, 1.2953078761594148, -0.0015354012536150416, 0.0, 5.9317378436511364E-5, -0.0014760838751785303, -8.78526127093731, 0.0, 0.6243799553185355, -8.16088131561878, 0.9046704683385245, 0.0, 0.25002742261785715, 1.1546978909563754, 6.328000000000003
6.695390781563126E-4, 0.16957529256199147, 1.5984068082265199E-4, 1.2974980428284046, -0.001547584735630697, 0.0, 6.018693955093088E-5, -0.001487397796079766, -8.777494761891003, 0.0, 0.6291182756328598, -8.14837648625815, 0.9045506827714127, 0.0, 0.2525749623713875, 1.157125645142792, 6.328000000000003
6.753507014028055E-4, 0.17104560155930565, 1.6122810367325268E-4, 1.2997031186701618, -0.001559757457238714, 0.0, 6.106310429913937E-5, -0.001498694352939575, -8.769749910960796, 0.0, 0.6338992360282742, -8.135850674932529, 0.9044782273279374, 0.0, 0.25516188870518736, 1.1596401160331178, 6.328000000000003
6.811623246492986E-4, 0.17251588144545035, 1.6261552652385337E-4, 1.3019235609905468, -0.0015719194484880594, 0.0, 6.194593184095973E-5, -0.0015099735166470998, -8.76202671814669, 0.0, 0.6387228365047785, -8.123303881641919, 0.9044515209867742, 0.0, 0.25778792109328397, 1.162239442080052, 6.328000000000002
6.869739478957916E-4, 0.17398613188233064, 1.6400294937445408E-4, 1.3041598235165468, -0.0015840707394276972, 0.0, 6.283548133621477E-5, -0.0015212352580914826, -8.754325183448685, 0.0, 0.6435890770623726, -8.110736106386321, 0.904469036226732, 0.0, 0.26045278850241615, 1.1649218247291409, 6.328000000000002
6.927855711422846E-4, 0.1754563525318517, 1.6539037222505478E-4, 1.3064123563962682, -0.001596211360106593, 0.0, 6.373181194472738E-5, -0.0015324795481618657, -8.746645306866782, 0.0, 0.6484979577010566, -8.098147349165732, 0.9045292967827572, 0.0, 0.26315622899387175, 1.1676855257766228, 6.328000000000002
6.985971943887776E-4, 0.17692654305591857, 1.6677779507565547E-4, 1.3086816061989415, -0.0016083413405737113, 0.0, 6.463498282632037E-5, -0.0015437063577473911, -8.738987088400977, 0.0, 0.6534494784208303, -8.085537609980156, 0.9046308755139361, 0.0, 0.2658979893452015, 1.1705288648591303, 6.328000000000002
7.044088176352706E-4, 0.17839670311643646, 1.6816521792625616E-4, 1.3109680159149208, -0.0016204607108780183, 0.0, 6.554505314081667E-5, -0.001554915657737202, -8.731350528051275, 0.0, 0.6584436392216942, -8.07290688882959, 0.9047723923770316, 0.0, 0.26867782469065676, 1.1734502170676815, 6.328000000000002
7.102204408817636E-4, 0.17986683237531048, 1.6955264077685685E-4, 1.3132720249556826, -0.0016325695010684788, 0.0, 6.646208204803906E-5, -0.00156610741902044, -8.723735625817675, 0.0, 0.6634804401036479, -8.060255185714036, 0.9049525124995231, 0.0, 0.2714954981792824, 1.1764480106788007, 6.328000000000002
7.160320641282564E-4, 0.1813369304944456, 1.709400636274575E-4, 1.3155940691538264, -0.0016446677411940573, 0.0, 6.73861287078104E-5, -0.0015772816124862473, -8.716142381700175, 0.0, 0.6685598810666915, -8.047582500633492, 0.9051699443464847, 0.0, 0.2743507806496587, 1.1795207249961372, 6.328000000000002
7.218436873747495E-4, 0.1828069971357472, 1.723274864780582E-4, 1.3179345807630751, -0.00165675546130372, 0.0, 6.83172522799536E-5, -0.001588438209023767, -8.708570795698778, 0.0, 0.673681962110825, -8.03488883358796, 0.9054234379760011, 0.0, 0.2772434503203558, 1.182666888296352, 6.328000000000003
7.276553106212425E-4, 0.18427703196112022, 1.7371490932865892E-4, 1.3202939884582732, -0.001668832691446432, 0.0, 6.92555119242915E-5, -0.0015995771795221409, -8.70102086781348, 0.0, 0.6788466832360485, -8.022174184577437, 0.9057117833782131, 0.0, 0.28017329249522305, 1.185885075873431, 6.328000000000003
7.334669338677355E-4, 0.18574703463246983, 1.751023321792596E-4, 1.3226727173353887, -0.001680899461671158, 0.0, 7.020096680064696E-5, -0.0016106984948705114, -8.693492598044282, 0.0, 0.6840540444423616, -8.009438553601928, 0.9060338088932933, 0.0, 0.2831400992826863, 1.1891739081759742, 6.328000000000002
7.392785571142285E-4, 0.18721700481170117, 1.764897550298603E-4, 1.325071188911514, -0.0016929558020268628, 0.0, 7.115367606884277E-5, -0.0016218021259580204, -8.685985986391186, 0.0, 0.6893040457297648, -7.996681940661429, 0.9063883797040664, 0.0, 0.2861436693282888, 1.1925320490323499, 6.328000000000002
7.450901803607215E-4, 0.18868694216071932, 1.77877177880461E-4, 1.3274898211248636, -0.0017050017425625124, 0.0, 7.211369888870185E-5, -0.001632888043673811, -8.678501032854191, 0.0, 0.694596687098258, -7.98390434575594, 0.9067743963991706, 0.0, 0.2891838075597457, 1.1959582039589112, 6.328000000000002
7.509018036072145E-4, 0.1901568463414295, 1.7926460073106168E-4, 1.3299290283347738, -0.0017170373133270718, 0.0, 7.308109442004704E-5, -0.0016439562189070251, -8.671037737433297, 0.0, 0.6999319685478409, -7.971105768885463, 0.907190793602925, 0.0, 0.29226032494383924, 1.1994511185467578, 6.328000000000002
7.567134268537074E-4, 0.19162671701573666, 1.8065202358166237E-4, 1.3323892213217046, -0.0017290625443695058, 0.0, 7.40559218227012E-5, -0.0016550066225468052, -8.663596100128503, 0.0, 0.7053098900785137, -7.958286210049997, 0.9076365386683496, 0.0, 0.2953730382545164, 1.2030095769228617, 6.328000000000002
7.625250501002004E-4, 0.19309655384554608, 1.8203944643226303E-4, 1.3348708072872395, -0.00174107746573878, 0.0, 7.503824025648716E-5, -0.001666039225482293, -8.65617612093981, 0.0, 0.7107304516902764, -7.945445669249542, 0.9081106304299561, 0.0, 0.29852176985159096, 1.2066324002815396, 6.328000000000002
7.683366733466933E-4, 0.1945663564927628, 1.8342686928286372E-4, 1.3373741898540845, -0.0017530821074838593, 0.0, 7.60281088812278E-5, -0.001677053998602632, -8.64877779986722, 0.0, 0.716193653383129, -7.932584146484099, 0.9086120980131184, 0.0, 0.3017063474694879, 1.210318445482601, 6.328000000000002
7.741482965931863E-4, 0.19603612461929198, 1.8481429213346441E-4, 1.3398997690660692, -0.0017650764996537092, 0.0, 7.702558685674601E-5, -0.0016880509127969638, -8.64140113691073, 0.0, 0.7216994951570717, -7.919701641753667, 0.9091399996971018, 0.0, 0.30492660401550536, 1.2140666037126016, 6.328000000000003
7.799599198396794E-4, 0.19750585788703878, 1.8620171498406513E-4, 1.3424479413881432, -0.0017770606722972947, 0.0, 7.80307333428646E-5, -0.0016990299389544306, -8.63404613207034, 0.0, 0.7272479770121041, -7.906798155058245, 0.9096934218288953, 0.0, 0.3081823773770936, 1.2178757992059845, 6.328000000000002
7.857715430861724E-4, 0.19897555595790825, 1.8758913783466582E-4, 1.345019099706384, -0.001789034655463581, 0.0, 7.90436074994064E-5, -0.0017099910479641748, -8.626712785346053, 0.0, 0.7328390989482264, -7.893873686397834, 0.9102714777852717, 0.0, 0.31147351023768755, 1.2217449880229534, 6.328000000000002
7.915831663326653E-4, 0.2004452184938055, 1.889765606852665E-4, 1.3476136333279876, -0.0018009984792015329, 0.0, 8.006426848619431E-5, -0.001720934210715339, -8.619401096737866, 0.0, 0.7384728609654387, -7.8809282357724335, 0.9108733069805374, 0.0, 0.31479984990065174, 1.2256731568811838, 6.328000000000002
7.973947895791583E-4, 0.2019148451566357, 1.903639835358672E-4, 1.3502319279812753, -0.0018129521735601162, 0.0, 8.10927754630512E-5, -0.0017318593980970654, -8.61211106624578, 0.0, 0.7441492630637409, -7.8679618031820455, 0.911498073917705, 0.0, 0.3181612481209238, 1.2296593220386238, 6.328000000000002
8.032064128256514E-4, 0.20338443560830402, 1.917514063864679E-4, 1.352874365815691, -0.0018248957685882956, 0.0, 8.212918758979988E-5, -0.0017427665809984963, -8.604842693869793, 0.0, 0.749868305243133, -7.854974388626669, 0.912144967280838, 0.0, 0.32155756094396715, 1.2337025282247998, 6.328000000000002
8.090180360721442E-4, 0.20485398951071546, 1.9313882923706856E-4, 1.355541325401801, -0.0018368292943350367, 0.0, 8.317356402626319E-5, -0.0017536557303087735, -8.59759597960991, 0.0, 0.7556299875036148, -7.841965992106302, 0.9128131990665204, 0.0, 0.3249886485516649, 1.2378018476181785, 6.328000000000002
8.148296593186372E-4, 0.20632350652577522, 1.9452625208766925E-4, 1.3582331817312947, -0.001848752780849304, 0.0, 8.422596393226407E-5, -0.0017645268169170403, -8.590370923466127, 0.0, 0.7614343098451867, -7.828936613620946, 0.9135020037524904, 0.0, 0.32845437511480874, 1.2419563788672945, 6.328000000000002
8.206412825651302E-4, 0.20779298631538845, 1.9591367493826997E-4, 1.3609503062169848, -0.0018606662581800637, 0.0, 8.528644646762532E-5, -0.001775379811712439, -8.583167525438443, 0.0, 0.7672812722678485, -7.815886253170601, 0.9142106375016237, 0.0, 0.33195460865185505, 1.2461652461534736, 6.328000000000002
8.264529058116233E-4, 0.20926242854146018, 1.9730109778887066E-4, 1.363693066692807, -0.0018725697563762801, 0.0, 8.63550707921698E-5, -0.001786214685584111, -8.57598578552686, 0.0, 0.7731708747716002, -7.802814910755269, 0.9149383773994525, 0.0, 0.33548922089364136, 1.250427598293089, 6.328000000000003
8.322645290581162E-4, 0.21073183286589559, 1.9868852063947135E-4, 1.3664618274138187, -0.0018844633054869186, 0.0, 8.743189606572036E-5, -0.001797031409421199, -8.56882570373138, 0.0, 0.7791031173564414, -7.789722586374947, 0.9156845207236916, 0.0, 0.3390580871537696, 1.2547426078774557, 6.328000000000002
8.380761523046092E-4, 0.21220119895059983, 2.0007594349007204E-4, 1.369256949056202, -0.0018963469355609448, 0.0, 8.851698144809988E-5, -0.0018078299541128453, -8.561687280052002, 0.0, 0.785078000022373, -7.776609280029636, 0.9164483842441075, 0.0, 0.3426610862043849, 1.259109470448487, 6.328000000000002
8.438877755511023E-4, 0.21367052645747797, 2.0146336634067273E-4, 1.3720787887172614, -0.0019082206766473234, 0.0, 8.961038609913119E-5, -0.0018186102905481927, -8.554570514488724, 0.0, 0.7910955227693944, -7.7634749917193355, 0.9172293035513435, 0.0, 0.34629810015708273, 1.2635274037084214, 6.328000000000002
8.496993987975952E-4, 0.21513981504843516, 2.0285078919127342E-4, 1.374927699915423, -0.0019200845587950194, 0.0, 9.071216917863715E-5, -0.001829372389616383, -8.547475407041544, 0.0, 0.7971556855975055, -7.750319721444047, 0.9180266324132796, 0.0, 0.3499690143487079, 1.267995646761983, 6.328000000000002
8.555110220440882E-4, 0.21660906438537647, 2.042382120418741E-4, 1.3778040325902374, -0.0019319386120529988, 0.0, 9.182238984644061E-5, -0.0018401162222065586, -8.540401957710468, 0.0, 0.8032584885067066, -7.737143469203769, 0.9188397421576306, 0.0, 0.3536737172318061, 1.2725134593894318, 6.328000000000002
8.61322645290581E-4, 0.21807827413020706, 2.0562563489247477E-4, 1.3807081331023787, -0.0019437828664702257, 0.0, 9.294110726236443E-5, -0.001850841759207862, -8.533350166495493, 0.0, 0.8094039314969975, -7.723946234998501, 0.9196680210795318, 0.0, 0.35741210026951004, 1.2770801213490384, 6.328000000000002
8.671342685370741E-4, 0.21954744394483214, 2.0701305774307546E-4, 1.3836403442336411, -0.0019556173520956666, 0.0, 9.406838058623147E-5, -0.0018615489715094352, -8.526320033396617, 0.0, 0.8155920145683785, -7.710728018828246, 0.9205108738729572, 0.0, 0.3611840578346539, 1.2816949317076034, 6.328000000000001
8.729458917835671E-4, 0.2210165734911567, 2.0840048059367618E-4, 1.3866010051869453, -0.0019674420989782854, 0.0, 9.520426897786463E-5, -0.0018722378300004212, -8.519311558413843, 0.0, 0.8218227377208494, -7.697488820693001, 0.9213677210848356, 0.0, 0.36498948711291596, 1.2863572081977452, 6.328000000000002
8.787575150300601E-4, 0.22248566243108592, 2.0978790344427687E-4, 1.3895904515863318, -0.0019792571371670484, 0.0, 9.63488315970867E-5, -0.0018829083055699619, -8.51232474154717, 0.0, 0.8280961009544101, -7.684228640592767, 0.9222379985908548, 0.0, 0.36882828800980666, 1.2910662866006546, 6.328000000000001
8.845691382765532E-4, 0.22395471042652493, 2.1117532629487756E-4, 1.3926090154769661, -0.00199106249671092, 0.0, 9.750212760372057E-5, -0.0018935603691071995, -8.505359582796599, 0.0, 0.8344121042690607, -7.670947478527545, 0.9231211570918865, 0.0, 0.37270036306132065, 1.2958215201532015, 6.328000000000001
8.903807615230461E-4, 0.22542371713937878, 2.1256274914547825E-4, 1.3956570253251361, -0.002002858207658865, 0.0, 9.866421615758906E-5, -0.0019041939915012763, -8.498416082162128, 0.0, 0.8407707476648011, -7.657645334497333, 0.9240166616301814, 0.0, 0.376605617348091, 1.3006222789782664, 6.328000000000001
8.961923847695391E-4, 0.22689268223155273, 2.1395017199607894E-4, 1.3987348060182523, -0.00201464430005985, 0.0, 9.983515641851507E-5, -0.001914809143641335, -8.491494239643758, 0.0, 0.8471720311416315, -7.644322208502134, 0.9249239911243486, 0.0, 0.3805439584128808, 1.3054679495372217, 6.328000000000001
9.02004008016032E-4, 0.22836160536495176, 2.1533759484667963E-4, 1.4018426788648481, -0.0020264208039628387, 0.0, 1.010150075463214E-4, -0.0019254057964165176, -8.484594055241487, 0.0, 0.8536159546995518, -7.630978100541944, 0.9258426379223327, 0.0, 0.3845152961812652, 1.3103579341035916, 6.328000000000001
9.07815631262525E-4, 0.22983048620148105, 2.167250176972803E-4, 1.4049809615945805, -0.002038187749416797, 0.0, 1.0220382870083095E-4, -0.0019359839207159662, -8.477715528955322, 0.0, 0.860102518338562, -7.617613010616766, 0.926772107371559, 0.0, 0.3885195428853616, 1.3152916502569147, 6.328000000000001
9.13627254509018E-4, 0.2312993244030458, 2.1811244054788101E-4, 1.408149968358229, -0.00204994516647069, 0.0, 1.0340167904186658E-4, -0.001946543487428824, -8.470858660785254, 0.0, 0.8666317220586619, -7.604226938726599, 0.9277119174054801, 0.0, 0.3925566129904684, 1.3202685303959432, 6.328000000000001
9.19438877755511E-4, 0.232768119631551, 2.194998633984817E-4, 1.4113500097276963, -0.002061693085173483, 0.0, 1.0460861772925115E-4, -0.0019570844674442326, -8.464023450731286, 0.0, 0.873203565859852, -7.590819884871442, 0.9286615981458045, 0.0, 0.3966264231244879, 1.325288021270288, 6.328000000000002
9.25250501002004E-4, 0.23423687154890185, 2.208872862490824E-4, 1.414581392696007, -0.002073431535574141, 0.0, 1.0582470392280746E-4, -0.0019676068316513344, -8.457209898793423, 0.0, 0.8798180497421318, -7.577391849051297, 0.9296206915197154, 0.0, 0.4007288920100079, 1.3303495835297197, 6.328000000000002
9.31062124248497E-4, 0.23570557981700344, 2.2227470909968309E-4, 1.41784442067731, -0.0020851605477216293, 0.0, 1.0704999678235843E-4, -0.001978110550939272, -8.450418004971656, 0.0, 0.8864751737055018, -7.563942831266163, 0.9305887508914292, 0.0, 0.4048639403989274, 1.3354526912903533, 6.328000000000001
9.3687374749499E-4, 0.23717424409776094, 2.2366213195028378E-4, 1.4211393935068766, -0.002096880151664914, 0.0, 1.0828455546772689E-4, -0.001988595596197187, -8.443647769265995, 0.0, 0.8931749377499615, -7.55047283151604, 0.931565340707462, 0.0, 0.4090314910095152, 1.3405968317169692, 6.328000000000001
9.426853707414829E-4, 0.23864286405307938, 2.2504955480088447E-4, 1.4244666074411012, -0.002108590377452958, 0.0, 1.0952843913873567E-4, -0.0019990619383142227, -8.436899191676433, 0.0, 0.8999173418755109, -7.536981849800928, 0.9325500361550129, 0.0, 0.4132314684657973, 1.3457815046208057, 6.328000000000001
9.48496993987976E-4, 0.24011143934486398, 2.2643697765148516E-4, 1.427826355157501, -0.002120291255134728, 0.0, 1.1078170695520768E-4, -0.0020095095481795205, -8.430172272202972, 0.0, 0.9067023860821504, -7.523469886120827, 0.9335424228329298, 0.0, 0.417463799239172, 1.351006222072097, 6.328000000000001
9.543086172344688E-4, 0.2415799696350198, 2.2782440050208582E-4, 1.4312189257547159, -0.002131982814759189, 0.0, 1.1204441807696568E-4, -0.0020199383966822237, -8.423467010845611, 0.0, 0.9135300703698795, -7.509936940475739, 0.9345420964346691, 0.0, 0.42172841159215857, 1.3562705080268214, 6.328000000000001
9.601202404809618E-4, 0.24304845458545202, 2.292118233526865E-4, 1.4346446047525094, -0.002143665086375306, 0.0, 1.1331663166383267E-4, -0.0020303484547114737, -8.41678340760435, 0.0, 0.9204003947386988, -7.496383012865659, 0.9355486624427702, 0.0, 0.42602523552418836, 1.361573897966954, 6.328000000000002
9.659318637274549E-4, 0.24451689385806574, 2.3059924620328723E-4, 1.4381036740917665, -0.002155338100032045, 0.0, 1.145984068756314E-4, -0.002040739693156414, -8.410121462479193, 0.0, 0.927313359188608, -7.4828081032905915, 0.9365617358344017, 0.0, 0.43035420271935415, 1.366915938553752, 6.328000000000002
9.717434869739479E-4, 0.24598528711476603, 2.3198666905388792E-4, 1.4415964121344975, -0.00216700188577837, 0.0, 1.1588980287218475E-4, -0.0020511120829061857, -8.403481175470136, 0.0, 0.9342689637196072, -7.469212211750534, 0.9375809407974128, 0.0, 0.4347152464960334, 1.3722961872934425, 6.328000000000002
9.775551102204408E-4, 0.2474536340174581, 2.333740919044886E-4, 1.4451230936638335, -0.002178656473663246, 0.0, 1.1719087881331556E-4, -0.002061465594849931, -8.396862546577177, 0.0, 0.9412672083316959, -7.455595338245489, 0.9386059104565607, 0.0, 0.43910830175830706, 1.3777142122148631, 6.328000000000002
9.83366733466934E-4, 0.248921934228047, 2.347615147550893E-4, 1.4486839898840294, -0.0021903018937356397, 0.0, 1.1850169385884676E-4, -0.002071800199876794, -8.390265575800322, 0.0, 0.948308093024875, -7.441957482775455, 0.9396362866094162, 0.0, 0.443533304949106, 1.38316959155852, 6.328000000000001
9.891783567134269E-4, 0.2503901874084379, 2.3614893760569E-4, 1.452279368420463, -0.002201938176044516, 0.0, 1.1982230716860111E-4, -0.0020821158688759155, -8.383690263139568, 0.0, 0.9553916177991436, -7.428298645340432, 0.9406717194716127, 0.0, 0.4479901940050017, 1.388661913476611, 6.328000000000001
9.949899799599198E-4, 0.25185839322053577, 2.3753636045629068E-4, 1.4559094933196353, -0.002213565350638838, 0.0, 1.2115277790240148E-4, -0.002092412572736438, -8.377136608594915, 0.0, 0.9625177826545023, -7.414618825940419, 0.9417118674309636, 0.0, 0.45247890831258897, 1.3941907757435508, 6.328000000000001
0.0010008016032064127, 0.253326551326246, 2.3892378330689137E-4, 1.4595746250491701, -0.002225183447567573, 0.0, 1.2249316522007075E-4, -0.0021026902823475034, -8.370604612166362, 0.0, 0.9696865875909507, -7.400918024575419, 0.9427563968102236, 0.0, 0.45699938866638207, 1.399755785476603, 6.328000000000002
0.0010066132264529059, 0.2547946613874736, 2.4031120615749206E-4, 1.4632750204978133, -0.0022367924968796867, 0.0, 1.2384352828143184E-4, -0.0021129489685982553, -8.36409427385391, 0.0, 0.9768980326084893, -7.3871962412454275, 0.9438049816380125, 0.0, 0.46155157722817364, 1.4053565588661814, 6.328000000000002
0.0010124248496993988, 0.2562627230661235, 2.4169862900809275E-4, 1.4670109329754353, -0.002248392528624142, 0.0, 1.2520392624630746E-4, -0.0021231886023778354, -8.35760559365756, 0.0, 0.9841521177071174, -7.373453475950448, 0.9448573034276332, 0.0, 0.4661354174877907, 1.4109927209154207, 6.328000000000002
0.0010182364729458917, 0.2577307360241011, 2.4308605185869344E-4, 1.470782612213028, -0.0022599835728499057, 0.0, 1.2657441827452058E-4, -0.0021334091545753857, -8.351138571577309, 0.0, 0.9914488428868357, -7.359689728690481, 0.9459130509635016, 0.0, 0.4707508542251965, 1.4166639051886936, 6.328000000000002
0.0010240480961923846, 0.25919869992331146, 2.444734747092941E-4, 1.4745903043627069, -0.002271565659605942, 0.0, 1.27955063525894E-4, -0.0021436105960800484, -8.34469320761316, 0.0, 0.9987882081476436, -7.345904999465524, 0.9469719200947981, 0.0, 0.47539783347388126, 1.4223697535686746, 6.328000000000001
0.0010298597194388778, 0.26066661442565964, 2.458608975598948E-4, 1.4784342519977105, -0.0022831388189412166, 0.0, 1.2934592116025067E-4, -0.002153792897780967, -8.338269501765112, 0.0, 1.0061702134895418, -7.332099288275578, 0.9480336135361518, 0.0, 0.48007630248549404, 1.4281099160216426, 6.328
0.0010356713426853707, 0.2621344791930507, 2.472483204104955E-4, 1.4823146941124006, -0.002294703080904695, 0.0, 1.3074705033741334E-4, -0.002163956030567283, -8.331867454033166, 0.0, 1.0135948589125297, -7.318272595120643, 0.9490978406750057, 0.0, 0.4847862096956623, 1.4338840503706654, 6.328
0.0010414829659318636, 0.2636022938873899, 2.486357432610962E-4, 1.486231866122261, -0.002306258475545342, 0.0, 1.3215851021720486E-4, -0.002174099965328138, -8.32548706441732, 0.0, 1.0210621444166075, -7.304424920000718, 0.9501643173854355, 0.0, 0.4895275046909619, 1.439691822076393, 6.328000000000001
0.0010472945891783565, 0.26507005817058227, 2.5002316611169687E-4, 1.4901859998638987, -0.0023178050329121227, 0.0, 1.3358035995944813E-4, -0.002184224672952675, -8.319128332917575, 0.0, 1.028572070001775, -7.290556262915806, 0.9512327658481787, 0.0, 0.49430013817697926, 1.4455329040251528, 6.328000000000001
0.0010531062124248495, 0.266537771704533, 2.5141058896229753E-4, 1.4941773235950442, -0.0023293427830540026, 0.0, 1.35012658723966E-4, -0.002194330124330037, -8.312791259533931, 0.0, 1.0361246356680327, -7.276666623865905, 0.9523029143766171, 0.0, 0.49910406194743645, 1.451406976324048, 6.328000000000001
0.0010589178356713426, 0.2680054341511472, 2.5279801181289825E-4, 1.49820606199455, -0.0023408717560199467, 0.0, 1.364554656705814E-4, -0.0022044162903493664, -8.306475844266389, 0.0, 1.0437198414153803, -7.262756002851014, 0.9533744972484827, 0.0, 0.5039392288543318, 1.4573137261028133, 6.328000000000001
0.0010647294589178357, 0.26947304517232995, 2.5418543466349897E-4, 1.5022724361623936, -0.0023523919818589202, 0.0, 1.379088399591171E-4, -0.002214483141899804, -8.300182087114946, 0.0, 1.051357687243818, -7.248824399871134, 0.9544472545430926, 0.0, 0.5088055927790568, 1.4632528473221467, 6.328000000000001
0.0010705410821643284, 0.27094060442998635, 2.5557285751409963E-4, 1.5063766636196723, -0.0023639034906198877, 0.0, 1.3937284074939585E-4, -0.0022245306498704927, -8.293909988079605, 0.0, 1.0590381731533447, -7.234871814926267, 0.9555209319838609, 0.0, 0.5137031086044543, 1.469224040588312, 6.328000000000001
0.0010763527054108216, 0.2724081115860216, 2.5696028036470035E-4, 1.510518958308609, -0.002375406312351816, 0.0, 1.4084752720124077E-4, -0.002234558785150576, -8.287659547160365, 0.0, 1.0667612991439621, -7.220898248016408, 0.9565952807859339, 0.0, 0.5186317321877861, 1.4752270129737168, 6.328000000000002
0.0010821643286573145, 0.2738755663023408, 2.58347703215301E-4, 1.514699530592548, -0.002386900477103668, 0.0, 1.4233295847447446E-4, -0.002244567518629195, -8.281430764357225, 0.0, 1.0745270652156693, -7.206903699141562, 0.9576700575087234, 0.0, 0.5235914203345632, 1.4812614778432855, 6.328000000000001
0.0010879759519038077, 0.27534296824084903, 2.5973512606590173E-4, 1.5189185872559576, -0.0023983860149244113, 0.0, 1.4382919372891994E-4, -0.002254556821195492, -8.275223639670186, 0.0, 1.0823354713684663, -7.192888168301726, 0.9587450239131768, 0.0, 0.5285821307732224, 1.4873271546863944, 6.328000000000001
0.0010937875751503004, 0.2768103170634514, 2.611225489165024E-4, 1.5231763315044284, -0.0024098629558630086, 0.0, 1.4533629212439995E-4, -0.0022645266637386094, -8.269038173099249, 0.0, 1.090186517602353, -7.178851655496903, 0.959819946823577, 0.0, 0.5336038221306063, 1.4934237689541798, 6.328000000000001
0.0010995991983967935, 0.2782776124320531, 2.625099717671031E-4, 1.5274729629646744, -0.0024213313299684272, 0.0, 1.4685431282073747E-4, -0.0022744770171476913, -8.262874364644412, 0.0, 1.0980802039173299, -7.16479416072709, 0.9608945979937541, 0.0, 0.5386564539082237, 1.499551051901976, 6.328000000000001
0.0011054108216432864, 0.27974485400855925, 2.638973946177038E-4, 1.531808677684531, -0.0024327911672896315, 0.0, 1.4838331497775526E-4, -0.0022844078523118765, -8.256732214305678, 0.0, 1.1060165303133962, -7.150715683992288, 0.9619687539774909, 0.0, 0.5437399864592538, 1.505708740436739, 6.328000000000001
0.0011112224448897796, 0.281212041454875, 2.652848174683045E-4, 1.536183668132959, -0.0024442424978755864, 0.0, 1.4992335775527624E-4, -0.002294319140120311, -8.250611722083043, 0.0, 1.1139954967905532, -7.136616225292497, 0.9630421960030059, 0.0, 0.54885438096628, 1.5118965769692831, 6.328000000000001
0.0011170340681362725, 0.28267917443290536, 2.6667224031890515E-4, 1.540598123200041, -0.002455685351775257, 0.0, 1.514745003131232E-4, -0.0023042108514621344, -8.244512887976509, 0.0, 1.1220171033487996, -7.1224957846277155, 0.9641147098513626, 0.0, 0.5539995994197088, 1.5181143092710676, 6.328000000000002
0.0011228456913827654, 0.2841462526045555, 2.6805966316950587E-4, 1.5450522281969818, -0.002467119759037609, 0.0, 1.5303680181111902E-4, -0.0023140829572264906, -8.238435711986078, 0.0, 1.130081349988136, -7.1083543619979475, 0.965186085738637, 0.0, 0.559175604596868, 1.5243616903355006, 6.328000000000002
0.0011286573146292583, 0.28561327563173056, 2.6944708602010654E-4, 1.54954616485611, -0.002478545749711607, 0.0, 1.5461032140908653E-4, -0.0023239354283025216, -8.232380194111746, 0.0, 1.1381882367085618, -7.09419195740319, 0.9662561182017374, 0.0, 0.5643823600417448, 1.5306384782434805, 6.328000000000002
0.0011344689378757513, 0.2870802431763356, 2.708345088707072E-4, 1.5540801113308762, -0.002489963353846217, 0.0, 1.5619511826684866E-4, -0.002333768235579369, -8.226346334353515, 0.0, 1.146337763510078, -7.080008570843444, 0.9673246059877406, 0.0, 0.5696198300453506, 1.5369444360330862, 6.328000000000001
0.0011402805611222444, 0.28854715490027594, 2.722219317213079E-4, 1.558654242195857, -0.0025013726014904035, 0.0, 1.5779125154422827E-4, -0.0023435813499461757, -8.220334132711384, 0.0, 1.1545299303926844, -7.065804202318707, 0.9683913519465821, 0.0, 0.5748879796266826, 1.5432793315732605, 6.328000000000001
0.001146092184368737, 0.2900140104654565, 2.736093545719086E-4, 1.5632687284467464, -0.0025127735226931317, 0.0, 1.5939878040104806E-4, -0.0023533747422920847, -8.214343589185358, 0.0, 1.16276473735638, -7.0515788518289835, 0.9694561629270563, 0.0, 0.5801867745142664, 1.5496429374413205, 6.328
0.0011519038076152302, 0.2914808095337824, 2.749967774225093E-4, 1.5679237375003674, -0.002524166147503367, 0.0, 1.6101776399713108E-4, -0.0023631483835062366, -8.208374703775428, 0.0, 1.171042184401166, -7.03733251937427, 0.9705188496759232, 0.0, 0.585516181128259, 1.556035030804177, 6.328000000000001
0.0011577154308617232, 0.2929475517671589, 2.7638420027310996E-4, 1.5726194331946612, -0.0025355505059700746, 0.0, 1.6264826149230008E-4, -0.0023729022444777753, -8.202427476481603, 0.0, 1.1793622715270415, -7.023065204954566, 0.9715792267400783, 0.0, 0.5908761665630868, 1.5624553933031626, 6.328000000000001
0.0011635270541082163, 0.2944142368274911, 2.777716231237107E-4, 1.5773559757886955, -0.0025469266281422202, 0.0, 1.6429033204637796E-4, -0.002382636296095843, -8.196501907303878, 0.0, 1.1877249987340073, -7.0087769085698755, 0.9726371123716485, 0.0, 0.5962666985706092, 1.5689038109422546, 6.328000000000001
0.0011693386773547094, 0.29588086437668404, 2.791590459743114E-4, 1.5821335219626576, -0.0025582945440687684, 0.0, 1.6594403481918758E-4, -0.0023923505092495814, -8.190597996242252, 0.0, 1.1961303660220632, -6.9944676302201945, 0.9736923284359102, 0.0, 0.6016877455437787, 1.5753800739796846, 6.328000000000001
0.0011751503006012022, 0.29734743407664277, 2.8054646882491206E-4, 1.5869522248178605, -0.002569654283798683, 0.0, 1.6760942897055167E-4, -0.0024020448548281326, -8.18471574329673, 0.0, 1.204578373391208, -6.980137369905526, 0.97474470032195, 0.0, 0.6071392765007888, 1.5818839768227373, 6.328000000000001
0.0011809619238476953, 0.29881394558927266, 2.819338916755128E-4, 1.591812233876739, -0.0025810058773809317, 0.0, 1.6928657366029325E-4, -0.0024117193037206395, -8.178855148467305, 0.0, 1.2130690208414439, -6.965786127625868, 0.9757940568559701, 0.0, 0.6126212610696925, 1.5884153179256593, 6.328000000000001
0.0011867735470941882, 0.30028039857647865, 2.8332131452611344E-4, 1.5967136950828507, -0.002592349354864478, 0.0, 1.7097552804823507E-4, -0.002421373826816244, -8.173016211753984, 0.0, 1.221602308372769, -6.95141390338122, 0.9768402302171111, 0.0, 0.6181336694734657, 1.5949738996905758, 6.328000000000001
0.0011925851703406814, 0.30174679270016586, 2.8470873737671416E-4, 1.601656750800876, -0.0026036847462982886, 0.0, 1.7267635129420008E-4, -0.0024310083950040895, -8.167198933156762, 0.0, 1.2301782359851843, -6.937020697171584, 0.9778830558557727, 0.0, 0.6236764725155151, 1.6015595283712838, 6.328000000000001
0.001198396793587174, 0.3032131276222394, 2.860961602273148E-4, 1.6066415398166196, -0.002615012081731326, 0.0, 1.7438910255801097E-4, -0.002440622979173316, -8.161403312675644, 0.0, 1.2387968036786887, -6.922606508996959, 0.978922372414274, 0.0, 0.629249641565601, 1.6081720139798732, 6.328000000000001
0.0012042084168336672, 0.30467940300460455, 2.8748358307791554E-4, 1.6116681973370068, -0.0026263313912125584, 0.0, 1.7611384099949084E-4, -0.0024502175502130693, -8.155629350310623, 0.0, 1.247458011453284, -6.908171338857345, 0.9799580216498631, 0.0, 0.6348531485461754, 1.6148111701960375, 6.328000000000001
0.0012100200400801601, 0.3061456185091663, 2.888710059285162E-4, 1.6167368549900882, -0.0026376427047909495, 0.0, 1.7785062577846232E-4, -0.002459792079012488, -8.149877046061706, 0.0, 1.2561618593089685, -6.893715186752743, 0.9809898483598773, 0.0, 0.6404869659191035, 1.6214768142789782, 6.328000000000001
0.0012158316633266533, 0.30761177379782983, 2.902584287791169E-4, 1.6218476408250369, -0.002648946052515465, 0.0, 1.7959951605474845E-4, -0.002469346536460717, -8.144146399928887, 0.0, 1.2649083472457436, -6.879238052683149, 0.9820177003091104, 0.0, 0.6461510666727773, 1.628168766981883, 6.328000000000002
0.0012216432865731464, 0.30907786853250024, 2.9164585162971764E-4, 1.627000679312147, -0.0026602414644350697, 0.0, 1.8136057098817196E-4, -0.002478880893446898, -8.138437411912172, 0.0, 1.2736974752636083, -6.8647399366485695, 0.9830414281592176, 0.0, 0.6518454243095877, 1.6348868524688, 6.328000000000002
0.001227454909819639, 0.31054390237508245, 2.9303327448031825E-4, 1.632196091342837, -0.002671528970598727, 0.0, 1.8313384973855554E-4, -0.002488395120860172, -8.132750082011556, 0.0, 1.2825292433625624, -6.850220838649, 0.9840608854001387, 0.0, 0.6575700128337583, 1.6416308982338923, 6.328000000000002
0.001233266533066132, 0.312009874987482, 2.9442069733091896E-4, 1.6374339942296487, -0.002682808601055405, 0.0, 1.8491941146572247E-4, -0.0024978891895896835, -8.127084410227043, 0.0, 1.291403651542607, -6.8356807586844415, 0.9850759282834604, 0.0, 0.6633248067395215, 1.648400735022979, 6.328000000000001
0.001239078156312625, 0.31347578603160375, 2.9580812018151963E-4, 1.6427145017062468, -0.002694080385854068, 0.0, 1.867173153294953E-4, -0.002507363070524574, -8.12144039655863, 0.0, 1.300320699803741, -6.821119696754894, 0.9860864157576551, 0.0, 0.6691097809996254, 1.6551961967572775, 6.328000000000001
0.001244889779559118, 0.3149416351693529, 2.9719554303212034E-4, 1.6480377239274178, -0.0027053443550436812, 0.0, 1.8852762048969702E-4, -0.0025168167345539848, -8.115818041006316, 0.0, 1.3092803881459654, -6.806537652860357, 0.987092209405119, 0.0, 0.6749249110541665, 1.6620171204592793, 6.328
0.001250701402805611, 0.3164074220626344, 2.98582965882721E-4, 1.6534037674690722, -0.002716600538673209, 0.0, 1.903503861061504E-4, -0.0025262501525670595, -8.110217343570104, 0.0, 1.3182827165692794, -6.791934627000832, 0.9880931733809828, 0.0, 0.680770172799729, 1.6688633461807083, 6.328000000000001
0.001256513026052104, 0.3178731463733536, 2.999703887333217E-4, 1.658812735328244, -0.0027278489667916165, 0.0, 1.921856713386783E-4, -0.00253566329545294, -8.104638304249994, 0.0, 1.3273276850736835, -6.777310619176317, 0.9890891743536215, 0.0, 0.6866455425788311, 1.6757347169324521, 6.328000000000001
0.0012623246492985969, 0.3193388077634155, 3.013578115839224E-4, 1.6642647269230872, -0.00273908966944787, 0.0, 1.940335353471036E-4, -0.0025450561341007682, -8.099080923045985, 0.0, 1.336415293659177, -6.762665629386815, 0.9900800814467943, 0.0, 0.6925509971696568, 1.6826310786164507, 6.328000000000001
0.00126813627254509, 0.32080440589472525, 3.027452344345231E-4, 1.669759838092883, -0.0027503226766909354, 0.0, 1.9589403729124925E-4, -0.0025544286393996874, -8.093545199958077, 0.0, 1.3455455423257612, -6.747999657632322, 0.9910657661833797, 0.0, 0.698486513776076, 1.6895522799594547, 6.328000000000001
0.0012739478957915832, 0.3222699404291881, 3.041326572851238E-4, 1.6752981610980324, -0.002761548018569776, 0.0, 1.9776723633093795E-4, -0.0025637807822388387, -8.08803113498627, 0.0, 1.354718431073435, -6.733312703912841, 0.9920461024306545, 0.0, 0.7044520700179319, 1.696498172448583, 6.328000000000001
0.0012797595190380759, 0.3237354110287089, 3.055200801357245E-4, 1.68087978462006, -0.002772765725133356, 0.0, 1.9965319162599255E-4, -0.0025731125335073644, -8.082538728130563, 0.0, 1.3639339599021985, -6.718604768228372, 0.9930209663470642, 0.0, 0.7104476439215976, 1.7034686102686578, 6.328000000000002
0.001285571142284569, 0.32520081735519296, 3.069075029863252E-4, 1.686504793761613, -0.002783975826430644, 0.0, 2.0155196233623607E-4, -0.002582423864094409, -8.077067979390957, 0.0, 1.3731921288120519, -6.703875850578911, 0.9939902363304375, 0.0, 0.7164732139107874, 1.7104634502412217, 6.328000000000001
0.001291382765531062, 0.32666615907054536, 3.0829492583692587E-4, 1.692173270046464, -0.002795178352510603, 0.0, 2.0346360762149124E-4, -0.0025917147448891124, -8.071618888767453, 0.0, 1.382492937802995, -6.689125950964464, 0.9949537929675887, 0.0, 0.7225287587976155, 1.717482551765199, 6.328000000000001
0.001297194388777555, 0.32813143583667126, 3.096823486875266E-4, 1.6978852914195062, -0.0028063733334221983, 0.0, 2.0538818664158097E-4, -0.002600985146780618, -8.066191456260048, 0.0, 1.3918363868750285, -6.674355069385027, 0.9959115189852862, 0.0, 0.7286142577738953, 1.7245257767591773, 6.328000000000001
0.001303006012024048, 0.3295966473154757, 3.1106977153812725E-4, 1.703640932246755, -0.0028175607992143954, 0.0, 2.0732575855632806E-4, -0.0026102350406580683, -8.060785681868747, 0.0, 1.4012224760281515, -6.659563205840601, 0.9968632992025356, 0.0, 0.7347296904026718, 1.731592989605205, 6.328000000000001
0.001308817635270541, 0.33106179316886386, 3.1245719438872797E-4, 1.7094402633153511, -0.002828740779936159, 0.0, 2.0927638252555536E-4, -0.002619464397410604, -8.055401565593545, 0.0, 1.4106512052623648, -6.6447503603311855, 0.9978090204841207, 0.0, 0.7408750366099809, 1.7386840570940967, 6.328000000000001
0.001314629258517034, 0.33252687305874096, 3.138446172393287E-4, 1.7152833518335575, -0.0028399133056364553, 0.0, 2.1124011770908585E-4, -0.0026286731879273705, -8.050039107434445, 0.0, 1.420122574577668, -6.6299165328567815, 0.9987485716953861, 0.0, 0.7470502766768238, 1.745798848372209, 6.328000000000002
0.001320440881763527, 0.3339918866470119, 3.1523204008992935E-4, 1.7211702614307587, -0.002851078406364248, 0.0, 2.1321702326674224E-4, -0.002637861383097507, -8.044698307391444, 0.0, 1.4296365839740606, -6.615061723417389, 0.9996818436582158, 0.0, 0.7532553912313569, 1.752937234889571, 6.328000000000002
0.00132625250501002, 0.33545683359558187, 3.1661946294053E-4, 1.7271010521574623, -0.0028622361121685034, 0.0, 2.152071583583474E-4, -0.002647028953810157, -8.039379165464545, 0.0, 1.4391932334515434, -6.600185932013009, 1.0006087291081607, 0.0, 0.7594903612412859, 1.7600990903494451, 6.328000000000002
0.0013320641282565126, 0.3369217135663561, 3.180068857911307E-4, 1.7330757804853012, -0.0028733864530981865, 0.0, 2.172105821437242E-4, -0.0026561758709544633, -8.034081681653747, 0.0, 1.4487925230101155, -6.585289158643639, 1.001529122652698, 0.0, 0.7657551680064576, 1.7672842906591526, 6.328
0.0013378757515030057, 0.33838652622123966, 3.193943086417314E-4, 1.7390944993070296, -0.002884529459202263, 0.0, 2.1922735378269564E-4, -0.0026653021054195685, -8.028805855959051, 0.0, 1.4584344526497783, -6.570371403309279, 1.0024429207305665, 0.0, 0.7720497931516478, 1.7744927138822115, 6.328
0.0013436873747494987, 0.33985127122213765, 3.2078173149233206E-4, 1.7451572579365249, -0.0028956651605296967, 0.0, 2.212575324350844E-4, -0.0026744076280946134, -8.023551688380456, 0.0, 1.4681190223705307, -6.55543266600993, 1.0033500215721713, 0.0, 0.778374218619531, 1.7817242401917006, 6.328000000000001
0.0013494989979959918, 0.34131594823095524, 3.221691543429328E-4, 1.7512641021087865, -0.0029067935871294544, 0.0, 2.2330117726071348E-4, -0.0026834924098687422, -8.01831917891796, 0.0, 1.4778462321723733, -6.5404729467455915, 1.0042503251610042, 0.0, 0.78472842666384, 1.7889787518248426, 6.328000000000001
0.001355310621242485, 0.3427805569095975, 3.235565771935335E-4, 1.757415073979938, -0.0029179147690505006, 0.0, 2.2535834741940563E-4, -0.0026925564216310955, -8.013108327571565, 0.0, 1.4876160820553055, -6.525492245516266, 1.005143733196052, 0.0, 0.7911123998426928, 1.7962561330387405, 6.328000000000001
0.0013611222444889777, 0.3442450969199696, 3.2494400004413415E-4, 1.763610212127225, -0.002929028736341799, 0.0, 2.2742910207098358E-4, -0.0027015996342708167, -8.007919134341272, 0.0, 1.4974285720193274, -6.510490562321951, 1.0060301490551768, 0.0, 0.7975261210120956, 1.8035562700672707, 6.328000000000001
0.0013669338677354708, 0.34570956792397656, 3.2633142289473487E-4, 1.7698495515490178, -0.002940135519052317, 0.0, 2.295135003752705E-4, -0.0027106220186770475, -8.00275159922708, 0.0, 1.5072837020644396, -6.495467897162648, 1.006909477759429, 0.0, 0.8039695733196117, 1.8108790510790354, 6.328000000000001
0.0013727454909819637, 0.34717396958352364, 3.2771884574533554E-4, 1.776133123664807, -0.0029512351472310186, 0.0, 2.3161160149208897E-4, -0.00271962354573893, -7.99760572222899, 0.0, 1.5171814721906414, -6.480424250038354, 1.0077816259382582, 0.0, 0.810442740198188, 1.8182243661364408, 6.328000000000002
0.0013785571142284569, 0.3486383015605159, 3.2910626859593625E-4, 1.7824609563152078, -0.0029623276509268695, 0.0, 2.3372346458126205E-4, -0.0027286041863456086, -7.992481503346999, 0.0, 1.5271218823979336, -6.465359620949071, 1.0086465017956154, 0.0, 0.8169456053601402, 1.8255921071557535, 6.328000000000002
0.0013843687374749498, 0.3501025635168584, 3.304936914465369E-4, 1.788833073761958, -0.0029734130601888347, 0.0, 2.3584914880261246E-4, -0.0027375639113862227, -7.987378942581111, 0.0, 1.537104932686315, -6.4502740098948, 1.009504015076904, 0.0, 0.8234781527912891, 1.8329821678681895, 6.328000000000001
0.0013901803607214427, 0.3515667551144564, 3.3188111429713763E-4, 1.7952494966879189, -0.0029844914050658785, 0.0, 2.3798871331596303E-4, -0.002746502691749917, -7.982298039931322, 0.0, 1.5471306230557866, -6.435167416875541, 1.010354077036752, 0.0, 0.8300403667452437, 1.8403944437819952, 6.328000000000001
0.0013959919839679356, 0.3530308760152149, 3.332685371477383E-4, 1.801710242197074, -0.0029955627156069676, 0.0, 2.4014221728113673E-4, -0.0027554204983258317, -7.977238795397636, 0.0, 1.557198953506348, -6.420039841891293, 1.011196600407613, 0.0, 0.8366322317378261, 1.847828832145437, 6.328000000000001
0.0014018036072144288, 0.3544949258810391, 3.34655959998339E-4, 1.80821532381453, -0.0030066270218610663, 0.0, 2.423097198579564E-4, -0.002764317302003111, -7.9722012089800485, 0.0, 1.5673099240379995, -6.404891284942053, 1.0120314993691135, 0.0, 0.843253732541637, 1.855285231910748, 6.328000000000002
0.001407615230460922, 0.3559589043738341, 3.3604338284893973E-4, 1.814764751486516, -0.0030176843538771408, 0.0, 2.444912802062449E-4, -0.002773193073670897, -7.967185280678562, 0.0, 1.5774635346507413, -6.389721746027826, 1.012858689518191, 0.0, 0.8499048541807555, 1.8627635436989443, 6.328000000000001
0.0014134268537074146, 0.35742281115550495, 3.374308056995404E-4, 1.8213585315803846, -0.003028734741704154, 0.0, 2.4668695748582487E-4, -0.00278204778421833, -7.962191010493178, 0.0, 1.587659785344572, -6.374531225148612, 1.013678087839948, 0.0, 0.856585581925566, 1.8702636697655115, 6.328000000000001
0.0014192384769539078, 0.35888664588795693, 3.388182285501411E-4, 1.827996666884613, -0.0030397782153910734, 0.0, 2.488968108565195E-4, -0.002790881404534555, -7.957218398423895, 0.0, 1.5978986761194933, -6.359319722304408, 1.0144896126792382, 0.0, 0.8632959012877204, 1.877785513966956, 6.328000000000001
0.0014250501002004005, 0.3603504082330949, 3.402056514007417E-4, 1.834679156608797, -0.0030508148049868625, 0.0, 2.511208994781513E-4, -0.0027996939055087125, -7.952267444470713, 0.0, 1.6081802069755038, -6.344087237495215, 1.015293183712934, 0.0, 0.8700357980152128, 1.8853289817281453, 6.328000000000001
0.0014308617234468936, 0.36181409785282426, 3.4159307425134244E-4, 1.8414059963836609, -0.003061844540540488, 0.0, 2.5335928251054353E-4, -0.002808485258029946, -7.947338148633631, 0.0, 1.6185043779126052, -6.328833770721031, 1.0160887219228778, 0.0, 0.8768052580875848, 1.8928939800104612, 6.328000000000001
0.0014366733466933865, 0.36327771440905005, 3.429804971019431E-4, 1.8481771782610459, -0.003072867452100914, 0.0, 2.556120191135187E-4, -0.0028172554329873962, -7.942430510912651, 0.0, 1.6288711889307956, -6.313559321981861, 1.016876149569487, 0.0, 0.8836042677112377, 1.9004804172807217, 6.328000000000001
0.0014424849699398795, 0.3647412575636773, 3.443679199525438E-4, 1.8549926907139216, -0.0030838835697171063, 0.0, 2.578791684468998E-4, -0.0028260044012702076, -7.937544531307771, 0.0, 1.6392806400300763, -6.2982638912777, 1.0176553901659997, 0.0, 0.8904328133148663, 1.9080882034808633, 6.328000000000001
0.0014482965931863724, 0.36620472697861123, 3.457553428031445E-4, 1.8618525186363775, -0.0030948929234380297, 0.0, 2.601607896705097E-4, -0.002834732133767521, -7.932680209818993, 0.0, 1.6497327312104466, -6.282947478608551, 1.0184263684533326, 0.0, 0.8972908815449969, 1.9157172499983273, 6.328000000000001
0.0014541082164328655, 0.36766812231575696, 3.471427656537452E-4, 1.8687566433436271, -0.0031058955433126497, 0.0, 2.624569419441713E-4, -0.0028434386013684795, -7.927837546446315, 0.0, 1.6602274624719073, -6.267610083974413, 1.0191890103755548, 0.0, 0.9041784592616349, 1.923367469637188, 6.328000000000002
0.0014599198396793587, 0.3691314432370196, 3.485301885043459E-4, 1.8757050425720057, -0.003116891459389931, 0.0, 2.6476768442770744E-4, -0.002852123774962225, -7.923016541189737, 0.0, 1.670764833814458, -6.252251707375286, 1.0199432430559403, 0.0, 0.9110955335340147, 1.9310387765899526, 6.328000000000002
0.0014657314629258514, 0.3705946894043041, 3.499176113549466E-4, 1.882697690478972, -0.0031278807017188393, 0.0, 2.670930762809407E-4, -0.002860787625437899, -7.918217194049262, 0.0, 1.6813448452380977, -6.236872348811171, 1.0206889947735829, 0.0, 0.9180420916364533, 1.938731086410032, 6.328000000000002
0.0014715430861723445, 0.37205786047951594, 3.513050342055473E-4, 1.8897345576431097, -0.003138863300348339, 0.0, 2.694331766636944E-4, -0.002869430123684646, -7.913439505024887, 0.0, 1.691967496742828, -6.221472008282065, 1.021426194940577, 0.0, 0.9250181210443004, 1.9464443159848763, 6.328000000000002
0.0014773547094188374, 0.37352095612455993, 3.5269245705614796E-4, 1.8968156110641217, -0.003149839285327396, 0.0, 2.71788044735791E-4, -0.0028780512405916065, -7.9086834741166125, 0.0, 1.7026327883286483, -6.206050685787972, 1.0221547740797396, 0.0, 0.932023609429983, 1.9541783835097193, 6.328000000000001
0.0014831663326653306, 0.3749839760013413, 3.540798799067487E-4, 1.9039408141628371, -0.0031608086867049756, 0.0, 2.741577396570536E-4, -0.0028866509470479237, -7.903949101324441, 0.0, 1.7133407199955584, -6.190608381328888, 1.0228746638028332, 0.0, 0.9390585446591446, 1.9619332084619772, 6.328000000000001
0.0014889779559118235, 0.3764469197717652, 3.5546730275734935E-4, 1.911110126781207, -0.003171771534530043, 0.0, 2.76542320587305E-4, -0.0028952292139427394, -7.899236386648369, 0.0, 1.7240912917435582, -6.175145094904816, 1.0235857967893331, 0.0, 0.9461229147868752, 1.969708711576206, 6.328000000000001
0.0014947895791583164, 0.3779097870977367, 3.5685472560795006E-4, 1.9183235051823044, -0.003182727858851562, 0.0, 2.789418466863679E-4, -0.0029037860121651957, -7.894545330088398, 0.0, 1.734884503572648, -6.159660826515756, 1.024288106765651, 0.0, 0.9532167080540291, 1.9775048148196785, 6.328000000000001
0.0015006012024048096, 0.37937257764116106, 3.582421484585508E-4, 1.9255809020503265, -0.0031936776897185, 0.0, 2.813563771140654E-4, -0.0029123213126044357, -7.889875931644528, 0.0, 1.7457203554828278, -6.1441555761617055, 1.0249815284848847, 0.0, 0.9603399128836264, 1.9853214413685074, 6.328000000000001
0.0015064128256513025, 0.38083529106394315, 3.5962957130915144E-4, 1.932882266490592, -0.0032046210571798203, 0.0, 2.8378597103022015E-4, -0.0029208350861496014, -7.8852281913167594, 0.0, 1.7565988474740972, -6.128629343842667, 1.0256659977069904, 0.0, 0.9674925178773391, 1.993158515584328, 6.328000000000001
0.0015122244488977956, 0.3822979270279883, 3.6101699415975216E-4, 1.9402275440295458, -0.0032155579912844894, 0.0, 2.862306875946552E-4, -0.0029293273036898357, -7.88060210910509, 0.0, 1.767519979546457, -6.11308212955864, 1.0263414511794582, 0.0, 0.9746745118120589, 2.0010159629915156, 6.328000000000002
0.001518036072144288, 0.3837604851952014, 3.6240441701035277E-4, 1.9476166766147498, -0.0032264885220814705, 0.0, 2.88690585967193E-4, -0.0029377979361142788, -7.875997685009524, 0.0, 1.7784837516999055, -6.0975139333096235, 1.0270078266183864, 0.0, 0.9818858836365425, 2.008893710254928, 6.328000000000002
0.0015238476953907812, 0.38522296522748795, 3.637918398609535E-4, 1.9550496026148954, -0.003237412679619731, 0.0, 2.91165725307657E-4, -0.002946246954312075, -7.871414919030057, 0.0, 1.789490163934445, -6.081924755095619, 1.02766506269003, 0.0, 0.9891266224681364, 2.0167916851581635, 6.328000000000002
0.0015296593186372742, 0.3866853667867528, 3.6517926271155415E-4, 1.962526256819792, -0.003248330493948235, 0.0, 2.9365616477586965E-4, -0.0029546743291723665, -7.866853811166692, 0.0, 1.8005392162500737, -6.066314594916625, 1.0283130989927396, 0.0, 0.9963967175895703, 2.0247098165823068, 6.328000000000002
0.0015354709418837673, 0.3881476895349012, 3.6656668556215487E-4, 1.9700465704403758, -0.0032592419951159484, 0.0, 2.9616196353165396E-4, -0.002963080031584296, -7.862314361419428, 0.0, 1.811630908646793, -6.050683452772641, 1.0289518760393288, 0.0, 1.0036961584458315, 2.0326480344851583, 6.328000000000002
0.0015412825651302605, 0.38960993313383807, 3.679541084127556E-4, 1.9776104711087037, -0.003270147213171836, 0.0, 2.9868318073483286E-4, -0.0029714640324370045, -7.857796569788265, 0.0, 1.8227652411246023, -6.035031328663668, 1.0295813352398269, 0.0, 1.0110249346411033, 2.040606269880929, 6.328000000000001
0.0015470941883767532, 0.3910720972454687, 3.6934153126335625E-4, 1.9852178828779543, -0.003281046178164862, 0.0, 3.012198755452288E-4, -0.0029798263026196343, -7.853300436273202, 0.0, 1.8339422136835006, -6.019358222589706, 1.0302014188846347, 0.0, 1.0183830359357748, 2.0485844548204084, 6.328000000000001
0.0015529058116232463, 0.3925341815316983, 3.7072895411395697E-4, 1.9928687262224325, -0.003291938920143993, 0.0, 3.037721071226652E-4, -0.0029881668130213295, -7.848825960874241, 0.0, 1.8451618263234897, -6.003664134550758, 1.0308120701280419, 0.0, 1.0257704522435203, 2.056582522371561, 6.328000000000001
0.0015587174348697392, 0.3939961856544318, 3.7211637696455763E-4, 2.0005629180375637, -0.0033028254691581933, 0.0, 3.063399346269644E-4, -0.0029964855345312306, -7.8443731435913815, 0.0, 1.8564240790445685, -5.987949064546818, 1.0314132329721302, 0.0, 1.0331871736284386, 2.0646004066005688, 6.328000000000001
0.0015645290581162324, 0.39545810927557434, 3.7350379981515835E-4, 2.0083003716398977, -0.0033137058552564287, 0.0, 3.0892341721794965E-4, -0.0030047824380384806, -7.8399419844246205, 0.0, 1.8677289718467371, -5.97221301257789, 1.0320048522510261, 0.0, 1.040633190302262, 2.072638042553286, 6.328000000000002
0.0015703406813627253, 0.3969199520570312, 3.74891222665759E-4, 2.016080996767105, -0.0033245801084876643, 0.0, 3.1152261405544365E-4, -0.0030130574944322217, -7.835532483373962, 0.0, 1.8790765047299953, -5.956455978643973, 1.0325868736154986, 0.0, 1.0481084926216213, 2.080695366237116, 6.328000000000002
0.0015761523046092182, 0.3983817136607073, 3.7627864551635973E-4, 2.023904699577983, -0.0033354482589008643, 0.0, 3.1413758429926916E-4, -0.0030213106746015965, -7.831144640439405, 0.0, 1.8904666776943437, -5.940677962745067, 1.0331592435179067, 0.0, 1.0556130710853788, 2.088772314603284, 6.328000000000002
0.0015819639278557111, 0.39984339374850786, 3.776660683669604E-4, 2.0317713826524457, -0.0033463103365449953, 0.0, 3.1676838710924916E-4, -0.0030295419494357476, -7.826778455620948, 0.0, 1.9018994907397813, -5.924878964881173, 1.0337219091974827, 0.0, 1.0631469163320106, 2.0968688255294907, 6.328000000000001
0.0015877755511022043, 0.4013049919823381, 3.790534912175611E-4, 2.0396809449915376, -0.0033571663714690217, 0.0, 3.194150816452065E-4, -0.003037751289823817, -7.822433928918594, 0.0, 1.9133749438663101, -5.9090589850522885, 1.0342748186659154, 0.0, 1.0707100191370578, 2.1049848378029727, 6.328000000000002
0.0015935871743486974, 0.4027665080241031, 3.8044091406816183E-4, 2.0476332820174212, -0.0033680163937219094, 0.0, 3.220777270669641E-4, -0.0030459386666549463, -7.818111060332339, 0.0, 1.9248930370739283, -5.893218023258416, 1.0348179206932842, 0.0, 1.0783023704106187, 2.1131202911039018, 6.328000000000002
0.0015993987975951901, 0.4042279415357077, 3.818283369187625E-4, 2.055628285573382, -0.0033788604333526216, 0.0, 3.2475638253434447E-4, -0.003054104050818278, -7.813809849862186, 0.0, 1.9364537703626354, -5.877356079499556, 1.0353511647942655, 0.0, 1.0859239611949116, 2.121275125989174, 6.328000000000001
0.0016052104208416833, 0.4056892921790574, 3.832157597693632E-4, 2.0636658439238316, -0.0033896985204101256, 0.0, 3.274511072071709E-4, -0.003062247413202956, -7.809530297508132, 0.0, 1.9480571437324334, -5.861473153775704, 1.0358745012146584, 0.0, 1.0935747826618816, 2.129449283876537, 6.328000000000001
0.0016110220440881762, 0.40715055961605723, 3.846031826199639E-4, 2.071745841754302, -0.003400530684943386, 0.0, 3.3016196024526605E-4, -0.003070368724698121, -7.80527240327018, 0.0, 1.959703157183321, -5.845569246086865, 1.0363878809182008, 0.0, 1.1012548261108572, 2.137642707029055, 6.328000000000002
0.001616833667334669, 0.4086117435086121, 3.8599060547056454E-4, 2.079868160171447, -0.0034113569570013674, 0.0, 3.3288900080845276E-4, -0.003078467956192916, -7.801036167148331, 0.0, 1.9713918107152988, -5.829644356433037, 1.0368912555736602, 0.0, 1.108964082966265, 2.145855338539924, 6.328000000000002
0.001622645290581162, 0.4100728435186274, 3.873780283211652E-4, 2.0880326767030475, -0.0034221773666330353, 0.0, 3.356322880565539E-4, -0.0030865450785764826, -7.7968215891425805, 0.0, 1.9831231043283661, -5.8136984848142195, 1.0373845775422152, 0.0, 1.1167025447753867, 2.154087122317599, 6.328000000000002
0.001628456913827655, 0.41153385930800807, 3.887654511717659E-4, 2.096239265298004, -0.003432991943887355, 0.0, 3.3839188114939234E-4, -0.0030946000627379644, -7.792628669252932, 0.0, 1.9948970380225228, -5.797731631230414, 1.0378677998650925, 0.0, 1.1244702032061682, 2.1623380030712602, 6.328000000000002
0.0016342685370741479, 0.41299479053865934, 3.901528740223666E-4, 2.1044877963263406, -0.003443800718813292, 0.0, 3.4116783924679095E-4, -0.0031026328795665027, -7.788457407479384, 0.0, 2.00671361179777, -5.781743795681619, 1.0383408762514872, 0.0, 1.1322670500450749, 2.1706079262965594, 6.328000000000002
0.001640080160320641, 0.4144556368724863, 3.915402968729673E-4, 2.1127781365792058, -0.0034546037214598117, 0.0, 3.439602215085727E-4, -0.00311064349995124, -7.784307803821937, 0.0, 2.018572825654108, -5.765734978167835, 1.038803761066708, 0.0, 1.1400930771949898, 2.178896838261695, 6.328000000000002
0.0016458917835671342, 0.4159163979713941, 3.92927719723568E-4, 2.1211101492688673, -0.0034654009818758783, 0.0, 3.467690870945603E-4, -0.003118631894781319, -7.780179858280591, 0.0, 2.0304746795915354, -5.749705178689061, 1.0392564093206158, 0.0, 1.1479482766731595, 2.1872046859937724, 6.328000000000002
0.001651703406813627, 0.4173770734972878, 3.943151425741687E-4, 2.1294836940287203, -0.0034761925301104567, 0.0, 3.495944951645765E-4, -0.0031265980349458817, -7.776073570855346, 0.0, 2.042419173610052, -5.733654397245299, 1.0396987766562684, 0.0, 1.1558326406091806, 2.1955314172654488, 6.328000000000001
0.00165751503006012, 0.41883766311207254, 3.957025654247694E-4, 2.13789862691328, -0.0034869783962125133, 0.0, 3.524365048784443E-4, -0.00313454189133407, -7.771988941546202, 0.0, 2.054406307709659, -5.717582633836549, 1.040130819338831, 0.0, 1.163746161243034, 2.2038769805818625, 6.328000000000001
0.001663326653306613, 0.42029816647765345, 3.9708998827537006E-4, 2.1463548003981874, -0.003497758610231012, 0.0, 3.552951753959865E-4, -0.003142463434835027, -7.7679259703531605, 0.0, 2.0664360818903553, -5.701489888462809, 1.0405524942446942, 0.0, 1.171688830923152, 2.2122413251678466, 6.328000000000002
0.001669138276553106, 0.42175858325593574, 3.984774111259708E-4, 2.1548520633802015, -0.0035085332022149205, 0.0, 3.581705658770262E-4, -0.0031503626363378954, -7.7638846572762175, 0.0, 2.0785084961521427, -5.68537616112408, 1.0409637588508553, 0.0, 1.1796606421045324, 2.220624400955385, 6.328000000000002
0.001674949899799599, 0.4232189131088244, 3.9986483397657144E-4, 2.1633902611772093, -0.003519302202213201, 0.0, 3.6106273548138586E-4, -0.003158239466731816, -7.759865002315376, 0.0, 2.090623550495019, -5.669241451820361, 1.041364571224468, 0.0, 1.1876615873468892, 2.2290261585713558, 6.328000000000002
0.001680761523046092, 0.42467915569822456, 4.0125225682717216E-4, 2.171969235528218, -0.00353006564027482, 0.0, 3.639717433688885E-4, -0.0031660938969059324, -7.755867005470634, 0.0, 2.1027812449189853, -5.653085760551655, 1.0417548900126687, 0.0, 1.1956916593128442, 2.23744654932551, 6.328000000000002
0.001686573146292585, 0.4261393106860415, 4.026396796777729E-4, 2.1805888245933596, -0.003540823546448743, 0.0, 3.668976486993572E-4, -0.0031739258977493867, -7.751890666741996, 0.0, 2.1149815794240414, -5.636909087317959, 1.0421346744325652, 0.0, 1.2037508507661496, 2.2458855251987115, 6.328000000000002
0.001692384769539078, 0.4275993777341801, 4.0402710252837354E-4, 2.1892488629538853, -0.0035515759507839337, 0.0, 3.698405106326145E-4, -0.0031817354401513205, -7.747935986129458, 0.0, 2.1272245540101884, -5.6207114321192755, 1.0425038842614582, 0.0, 1.211839154569957, 2.2543430388314123, 6.328000000000002
0.0016981963927855711, 0.4290593565045457, 4.0541452537897426E-4, 2.1979491816121746, -0.003562322883329359, 0.0, 3.7280038832848336E-4, -0.003189522495000877, -7.744002963633021, 0.0, 2.139510168677424, -5.604492794955601, 1.0428624798272563, 0.0, 1.2199565636851113, 2.262819043512366, 6.328000000000002
0.001704008016032064, 0.4305192466590433, 4.068019482295749E-4, 2.2066896079917244, -0.0035730643741339837, 0.0, 3.7577734094678664E-4, -0.003197287033187198, -7.740091599252685, 0.0, 2.15183842342575, -5.588253175826939, 1.0432104219990843, 0.0, 1.2281030711684888, 2.2713134931675714, 6.328000000000001
0.001709819639278557, 0.431979047859578, 4.0818937108017564E-4, 2.215469965937161, -0.003583800453246772, 0.0, 3.787714276473472E-4, -0.003205029025599426, -7.73620189298845, 0.0, 2.1642093182551663, -5.5719925747332875, 1.0435476721780816, 0.0, 1.2362786701713637, 2.2798263423494443, 6.328000000000002
0.0017156312625250497, 0.433438759768055, 4.0957679393077625E-4, 2.224290075714226, -0.0035945311507166898, 0.0, 3.817827075899878E-4, -0.0032127484431267034, -7.732333844840315, 0.0, 2.176622853165671, -5.555710991674648, 1.0438741922883983, 0.0, 1.244483353937807, 2.2883575462262056, 6.328000000000002
0.0017214428857715428, 0.43489838204637943, 4.1096421678137697E-4, 2.2331497540097907, -0.003605256496592703, 0.0, 3.8481123993453154E-4, -0.0032204452566581723, -7.728487454808281, 0.0, 2.1890790281572676, -5.53940842665102, 1.044189944768364, 0.0, 1.2527171158031276, 2.296907060571487, 6.328000000000002
0.001727254509018036, 0.43635791435645643, 4.123516396319777E-4, 2.242048813931845, -0.003615976520923775, 0.0, 3.8785708384080113E-4, -0.0032281194370829755, -7.724662722892349, 0.0, 2.2015778432299533, -5.523084879662401, 1.044494892561831, 0.0, 1.2609799491923255, 2.3054748417541555, 6.328000000000002
0.0017330661322645287, 0.437817356360191, 4.1373906248257835E-4, 2.250987065009503, -0.0036266912537588725, 0.0, 3.909202984686193E-4, -0.003235770955290255, -7.720859649092517, 0.0, 2.214119298383728, -5.506740350708796, 1.044788999109716, 0.0, 1.2692718476185976, 2.3140608467283115, 6.328000000000002
0.0017388777555110218, 0.43927670771948835, 4.1512648533317906E-4, 2.2599643131930036, -0.0036374007251469605, 0.0, 3.9400094297780915E-4, -0.003243399782169153, -7.717078233408786, 0.0, 2.226703393618594, -5.4903748397901975, 1.0450722283416731, 0.0, 1.2775928046818619, 2.322665033023534, 6.328000000000002
0.0017446893787575147, 0.4407359680962536, 4.1651390818377973E-4, 2.2689803608537065, -0.003648104965137004, 0.0, 3.9709907652819333E-4, -0.003251005888608812, -7.713318475841158, 0.0, 2.2393301289345495, -5.473988346906613, 1.0453445446679648, 0.0, 1.2859428140673106, 2.3312873587352745, 6.328000000000002
0.0017505010020040079, 0.4421951371523919, 4.1790133103438045E-4, 2.278035006784095, -0.0036588040037779674, 0.0, 4.002147582795949E-4, -0.0032585892454983743, -7.709580376389629, 0.0, 2.251999504331595, -5.457580872058039, 1.0456059129714825, 0.0, 1.2943218695439962, 2.339927782515477, 6.328000000000001
0.0017563126252505008, 0.44365421454980825, 4.192887538849811E-4, 2.2871280461977737, -0.0036694978711188167, 0.0, 4.0334804739183654E-4, -0.003266149823726982, -7.705863935054202, 0.0, 2.2647115198097296, -5.441152415244477, 1.0458562985999291, 0.0, 1.302729964963442, 2.34858626356337, 6.328000000000002
0.0017621242484969937, 0.4451131999504079, 4.206761767355818E-4, 2.296259270729473, -0.0036801865972085172, 0.0, 4.064990030247411E-4, -0.0032736875941837772, -7.702169151834875, 0.0, 2.2774661753689545, -5.424702976465925, 1.0460956673581485, 0.0, 1.311167094258288, 2.3572627616164343, 6.328000000000002
0.0017679358717434866, 0.44657209301609596, 4.220635995861825E-4, 2.3054284684350455, -0.003690870212096033, 0.0, 4.0966768433813147E-4, -0.0032812025277579033, -7.698496026731649, 0.0, 2.290263471009269, -5.4082325557223845, 1.0463239855006128, 0.0, 1.3196332514409501, 2.365957236941562, 6.328000000000002
0.0017737474949899798, 0.44803089340877755, 4.234510224367832E-4, 2.314635423791465, -0.003701548745830331, 0.0, 4.1285415049183074E-4, -0.003288694595338502, -7.694844559744524, 0.0, 2.3031034067306746, -5.391741153013854, 1.0465412197240633, 0.0, 1.3281284306023184, 2.3746696503263816, 6.328000000000002
0.001779559118236473, 0.4494896007903577, 4.248384452873839E-4, 2.323879917696832, -0.003712222228460375, 0.0, 4.1605846064566145E-4, -0.0032961637678147154, -7.691214750873499, 0.0, 2.3159859825331695, -5.375228768340336, 1.0467473371602816, 0.0, 1.3366526259104732, 2.3833999630707536, 6.328000000000003
0.0017853707414829658, 0.4509482148227416, 4.262258681379846E-4, 2.3331617274703613, -0.003722890690035131, 0.0, 4.192806739594465E-4, -0.003303610016075686, -7.687606600118577, 0.0, 2.328911198416754, -5.358695401701828, 1.0469423053690117, 0.0, 1.345205831609429, 2.39214813697844, 6.328000000000002
0.0017911823647294588, 0.4524067351678344, 4.276132909885853E-4, 2.3424806268524025, -0.003733554160603563, 0.0, 4.2252084959300886E-4, -0.0033110333110105564, -7.684020107479754, 0.0, 2.341879054381428, -5.3421410530983335, 1.047126092331013, 0.0, 1.3537880420179054, 2.400914134348917, 6.328000000000002
0.0017969939879759517, 0.4538651614875411, 4.2900071383918597E-4, 2.351836386004421, -0.003744212670214638, 0.0, 4.257790467061713E-4, -0.003318433623508468, -7.680455272957034, 0.0, 2.3548895504271923, -5.325565722529847, 1.0472986664412642, 0.0, 1.362399251528115, 2.409697917969378, 6.328000000000002
0.0018028056112224448, 0.455323493443767, 4.303881366897867E-4, 2.361228771509004, -0.00375486624891732, 0.0, 4.290553244587568E-4, -0.0033258109244585646, -7.6769120965504145, 0.0, 2.367942686554047, -5.308969409996372, 1.0474599965022702, 0.0, 1.3710394546045819, 2.4184994511068507, 6.328000000000002
0.0018086172344689375, 0.4567817306984171, 4.317755595403873E-4, 2.370657546369867, -0.003765514926760573, 0.0, 4.323497420105879E-4, -0.003333165184749987, -7.6733905782598955, 0.0, 2.3810384627619907, -5.292352115497909, 1.047610051717528, 0.0, 1.379708645782976, 2.4273186975005037, 6.328000000000002
0.0018144288577154305, 0.4582398729133965, 4.33162982390988E-4, 2.3801224700118455, -0.003776158733793364, 0.0, 4.3566235852148785E-4, -0.003340496375271878, -7.669890718085478, 0.0, 2.3941768790510243, -5.275713839034458, 1.047748801685099, 0.0, 1.3884068196689792, 2.436155621354078, 6.328000000000002
0.0018202404809619234, 0.4596979197506105, 4.345504052415887E-4, 2.389623298280898, -0.0037867977000646588, 0.0, 4.389932331512793E-4, -0.0033478044669133806, -7.666412516027161, 0.0, 2.4073579354211487, -5.2590545806060165, 1.0478762163913147, 0.0, 1.3971339709371653, 2.4450101873284775, 6.328000000000003
0.0018260521042084165, 0.4611558708719641, 4.359378280921894E-4, 2.3991597834441025, -0.0037974318556234206, 0.0, 4.4234242505978525E-4, -0.0033550894305636367, -7.662955972084945, 0.0, 2.4205816318723623, -5.242374340212587, 1.0479922662045822, 0.0, 1.4058900943299002, 2.453882360534482, 6.328000000000003
0.0018318637274549097, 0.46261372593936245, 4.373252509427901E-4, 2.408731674189667, -0.003808061230518616, 0.0, 4.4570999340682845E-4, -0.0033623512371117894, -7.659521086258829, 0.0, 2.4338479684046668, -5.225673117854167, 1.048096921869353, 0.0, 1.4146751846562728, 2.4627721065256254, 6.328000000000003
0.0018376753507014026, 0.46407148461471054, 4.387126737933908E-4, 2.4183387156269163, -0.003818685854799209, 0.0, 4.490959973522316E-4, -0.003369589857446979, -7.656107858548816, 0.0, 2.4471569450180604, -5.20895091353076, 1.048190154500145, 0.0, 1.423489236791033, 2.471679391291178, 6.328000000000001
0.0018434869739478955, 0.46552914655991356, 4.401000966439915E-4, 2.4279806492863036, -0.003829305758514166, 0.0, 4.5250049605581784E-4, -0.00337680526245835, -7.652716288954902, 0.0, 2.460508561712544, -5.192207727242363, 1.0482719355757357, 0.0, 1.4323322456735648, 2.4806041812493, 6.328000000000002
0.0018492985971943884, 0.4669867114368768, 4.4148751949459216E-4, 2.437657213119401, -0.0038399209717124507, 0.0, 4.559235486774097E-4, -0.0033839974230350433, -7.649346377477089, 0.0, 2.473902818488117, -5.175443558988977, 1.0483422369334165, 0.0, 1.4412042063068629, 2.4895464432402794, 6.328000000000002
0.0018551102204408816, 0.4684441789075052, 4.428749423451929E-4, 2.4473681414989024, -0.00385053152444303, 0.0, 4.593652143768305E-4, -0.003391166310066202, -7.645998124115379, 0.0, 2.4873397153447807, -5.158658408770603, 1.0484010307633937, 0.0, 1.4501051137565417, 2.4985061445199355, 6.328000000000002
0.0018609218436873745, 0.4699015486337039, 4.4426236519579354E-4, 2.4571131652186304, -0.003861137446754869, 0.0, 4.628255523139027E-4, -0.003398311894440967, -7.642671528869768, 0.0, 2.500819252282534, -5.14185227658724, 1.0484482896032714, 0.0, 1.4590349631498543, 2.5074832527531217, 6.328000000000002
0.0018667334669338674, 0.47135882027737813, 4.4564978804639426E-4, 2.4668920114935267, -0.0038717387686969303, 0.0, 4.6630462164844926E-4, -0.0034054341470484825, -7.6393665917402584, 0.0, 2.5143414293013766, -5.125025162438886, 1.0484839863326378, 0.0, 1.467993749674735, 2.5164777360073716, 6.328000000000003
0.0018725450901803606, 0.47281599350043296, 4.4703721089699497E-4, 2.476704403959653, -0.003882335520318182, 0.0, 4.6980248154029317E-4, -0.0034125330387778903, -7.636083312726851, 0.0, 2.5279062464013102, -5.108177066325545, 1.0485080941677711, 0.0, 1.476981468578858, 2.525489562746629, 6.328000000000003
0.0018783567134268535, 0.4742730679647734, 4.4842463374759564E-4, 2.4865500626741985, -0.0038929277316675876, 0.0, 4.7331919114925705E-4, -0.0034196085405183325, -7.632821691829544, 0.0, 2.541513703582333, -5.091307988247214, 1.0485205866564236, 0.0, 1.4859981151687096, 2.5345187018251334, 6.328000000000002
0.0018841683366733466, 0.47573004333230484, 4.4981205659819635E-4, 2.496428704115475, -0.003903515432794114, 0.0, 4.7685480963516406E-4, -0.0034266606231589513, -7.629581729048335, 0.0, 2.5551638008444457, -5.0744179282038955, 1.048521437672709, 0.0, 1.4950436848086854, 2.5435651224813918, 6.328000000000002
0.0018899799599198395, 0.47718691926493206, 4.51199479448797E-4, 2.5063400411829155, -0.003914098653746724, 0.0, 4.804093961578367E-4, -0.003433689257588889, -7.6263634243832295, 0.0, 2.568856538187649, -5.057506886195587, 1.0485106214120798, 0.0, 1.5041181729201991, 2.5526287943322767, 6.328000000000002
0.0018957915831663325, 0.47864369542456037, 4.5258690229939773E-4, 2.51628378319708, -0.003924677424574385, 0.0, 4.8398300987709795E-4, -0.0034406944146972884, -7.623166777834225, 0.0, 2.5825919156119412, -5.0405748622222895, 1.0484881123864178, 0.0, 1.5132215749808045, 2.5617096873672196, 6.328000000000002
0.0019016032064128254, 0.4801003714730949, 4.539743251499984E-4, 2.5262596358996428, -0.00393525177532606, 0.0, 4.875757099527708E-4, -0.003447676065373291, -7.619991789401322, 0.0, 2.5963699331173236, -5.023621856284004, 1.0484538854191796, 0.0, 1.5223538865233446, 2.5708077719425235, 6.328000000000002
0.0019074148296593183, 0.4815569470724408, 4.5536174800059906E-4, 2.536267301453412, -0.0039458217360507164, 0.0, 4.91187555544678E-4, -0.0034546341805060405, -7.616838459084519, 0.0, 2.610190590703796, -5.006647868380728, 1.0484079156406698, 0.0, 1.5315151031351042, 2.579923018775773, 6.328000000000003
0.0019132264529058115, 0.483013421884503, 4.567491708511998E-4, 2.5463064784423097, -0.003956387336797318, 0.0, 4.948186058126425E-4, -0.0034615687309846772, -7.613706786883818, 0.0, 2.6240538883713582, -4.989652898512465, 1.0483501784833582, 0.0, 1.5407052204569833, 2.5890553989403404, 6.328000000000003
0.0019190380761523044, 0.4844697955711869, 4.5813659370180044E-4, 2.5563768618713816, -0.00396694860761483, 0.0, 4.98468919916487E-4, -0.0034684796876983453, -7.610596772799218, 0.0, 2.637959826120011, -4.972636946679212, 1.048280649677325, 0.0, 1.5499242341826887, 2.5982048838600136, 6.328000000000002
0.0019248496993987973, 0.48592606779439745, 4.5952401655240116E-4, 2.566478143166806, -0.003977505578552218, 0.0, 5.021385570160345E-4, -0.0034753670215361856, -7.6075084168307185, 0.0, 2.6519084039497525, -4.9556000128809705, 1.0481993052457599, 0.0, 1.5591721400579308, 2.60737144530369, 6.328000000000002
0.0019306613226452902, 0.4873822382160398, 4.609114394030018E-4, 2.576610010175875, -0.003988058279658448, 0.0, 5.058275762711077E-4, -0.003482230703387342, -7.604441718978319, 0.0, 2.665899621860585, -4.93854209711774, 1.0481061215005447, 0.0, 1.568448933879649, 2.616555055380192, 6.328000000000003
0.0019364729458917834, 0.48883830649801907, 4.6229886225360254E-4, 2.586772147167001, -0.003998606740982484, 0.0, 5.095360368415297E-4, -0.0034890707041409555, -7.601396679242021, 0.0, 2.6799334798525067, -4.921463199389519, 1.048001075037924, 0.0, 1.5777546114952354, 2.6257556865331577, 6.328000000000002
0.0019422845691382763, 0.4902942723022404, 4.636862851042032E-4, 2.5969642348297297, -0.004009150992573291, 0.0, 5.132639978871231E-4, -0.00349588699468617, -7.598373297621825, 0.0, 2.6940099779255187, -4.90436331969631, 1.0478841427342616, 0.0, 1.5870891688017845, 2.6349733115360463, 6.328000000000002
0.0019480961923847692, 0.4917501352906089, 4.650737079548039E-4, 2.607185950274726, -0.004019691064479834, 0.0, 5.170115185677109E-4, -0.0035026795459121257, -7.595371574117728, 0.0, 2.70812911607962, -4.887242458038114, 1.04775530174185, 0.0, 1.5964526017453498, 2.6442079034871986, 6.328000000000003
0.001953907815631262, 0.49320589512502966, 4.664611308054046E-4, 2.617436967033772, -0.004030226986751081, 0.0, 5.207786580431158E-4, -0.0035094483287079663, -7.592391508729733, 0.0, 2.722290894314811, -4.870100614414928, 1.0476145294848114, 0.0, 1.605844906320217, 2.653459435805026, 6.328000000000003
0.0019597194388777553, 0.4946615514674079, 4.678485536560053E-4, 2.627716955059774, -0.004040758789435993, 0.0, 5.245654754731609E-4, -0.0035161933139628344, -7.589433101457839, 0.0, 2.736495312631093, -4.852937788826751, 1.0474618036550645, 0.0, 1.6152660785681876, 2.6627278822232503, 6.328000000000002
0.0019655310621242484, 0.4961171039796487, 4.69235976506606E-4, 2.6380255807267696, -0.0040512865025835385, 0.0, 5.283720300176692E-4, -0.0035229144725658712, -7.5864963523020466, 0.0, 2.750742371028465, -4.835753981273586, 1.0472971022083681, 0.0, 1.624716114577878, 2.6720132167862465, 6.328000000000002
0.001971342685370741, 0.497572552323657, 4.706233993572067E-4, 2.648362506829913, -0.00406181015624268, 0.0, 5.321983808364627E-4, -0.0035296117754062195, -7.5835812612623545, 0.0, 2.7650320695069253, -4.818549191755433, 1.0471204033604362, 0.0, 1.6341950104840268, 2.6813154138444633, 6.328000000000003
0.0019771543086172343, 0.49902789616133836, 4.720108222078074E-4, 2.6587273925854804, -0.004072329780462385, 0.0, 5.360445870893651E-4, -0.0035362851933730217, -7.580687828338764, 0.0, 2.779364408066477, -4.801323420272291, 1.0469316855831052, 0.0, 1.6437027624668215, 2.6906344480499254, 6.328000000000003
0.0019829659318637274, 0.5004831351545974, 4.7339824505840806E-4, 2.6691198936308718, -0.004082845405291618, 0.0, 5.399107079361992E-4, -0.00354293469735542, -7.577816053531273, 0.0, 2.7937393867071183, -4.784076666824159, 1.0467309276005945, 0.0, 1.6532393667512257, 2.699970294351818, 6.328000000000002
0.00198877755511022, 0.5019382689653394, 4.747856679090088E-4, 2.679539662024617, -0.004093357060779343, 0.0, 5.437968025367873E-4, -0.0035495602582425578, -7.5749659368398845, 0.0, 2.808157005428849, -4.76680893141104, 1.0465181083858082, 0.0, 1.662804819606331, 2.7093229279921385, 6.328000000000003
0.0019945891783567133, 0.5033932972554699, 4.7617309075960945E-4, 2.6899863462463522, -0.004103864776974526, 0.0, 5.477029300509529E-4, -0.003556161846923576, -7.572137478264596, 0.0, 2.82261726423167, -4.7495202140329305, 1.0462932071567164, 0.0, 1.672399117344713, 2.718692324501431, 6.328000000000002
0.0020004008016032064, 0.5048482196868934, 4.7756051361021016E-4, 2.700459591196857, -0.004114368583926133, 0.0, 5.516291496385185E-4, -0.003562739434287617, -7.569330677805408, 0.0, 2.8371201631155807, -4.732210514689832, 1.0460562033728018, 0.0, 1.6820222563217964, 2.728078459694597, 6.328000000000002
0.002006212424849699, 0.5063030359215154, 4.7894793646081077E-4, 2.710959038198021, -0.0041248685116831284, 0.0, 5.555755204593068E-4, -0.003569292991223823, -7.566545535462321, 0.0, 2.8516657020805813, -4.714879833381746, 1.0458070767315488, 0.0, 1.6916742329352374, 2.7374813096667845, 6.328000000000003
0.0020120240480961922, 0.5077577456212409, 4.803353593114115E-4, 2.7214843249928573, -0.004135364590294476, 0.0, 5.595421016731412E-4, -0.003575822488621337, -7.563782051235337, 0.0, 2.8662538811266725, -4.6975281701086695, 1.04554580716501, 0.0, 1.7013550436243137, 2.7469008507893222, 6.328000000000003
0.002017835671342685, 0.5092123484479749, 4.817227821620122E-4, 2.732035085745506, -0.004145856849809144, 0.0, 5.635289524398438E-4, -0.003582327897369302, -7.561040225124452, 0.0, 2.8808847002538513, -4.680155524870606, 1.0452723748364443, 0.0, 1.7110646848693212, 2.7563370597057646, 6.328000000000003
0.002023647294589178, 0.510666844063623, 4.8311020501261287E-4, 2.742610951041229, -0.004156345320276095, 0.0, 5.675361319192381E-4, -0.0035888091883568597, -7.558320057129669, 0.0, 2.895558159462122, -4.662761897667552, 1.0449867601369673, 0.0, 1.7208031531909942, 2.765789913327962, 6.328000000000003
0.0020294589178356712, 0.5121212321300898, 4.844976278632136E-4, 2.753211547886412, -0.004166830031744296, 0.0, 5.715636992711469E-4, -0.003595266332473152, -7.555621547250987, 0.0, 2.9102742587514836, -4.645347288499507, 1.0446889436823172, 0.0, 1.7305704451499146, 2.7752593888322328, 6.328000000000003
0.002035270541082164, 0.5135755123092804, 4.8588505071381425E-4, 2.763836499708558, -0.004177311014262711, 0.0, 5.756117136553927E-4, -0.0036016993006073206, -7.552944695488406, 0.0, 2.9250329981219325, -4.627911697366478, 1.04437890630963, 0.0, 1.7403665573459488, 2.784745463655579, 6.328000000000002
0.002041082164328657, 0.5150296842631004, 4.8727247356441497E-4, 2.7744854263563017, -0.004187788297880306, 0.0, 5.796802342317986E-4, -0.003608108063648509, -7.550289501841925, 0.0, 2.939834377573473, -4.610455124268456, 1.0440566290742952, 0.0, 1.7501914864176942, 2.794248115491987, 6.328000000000002
0.00204689378757515, 0.5164837476534545, 4.886598964150157E-4, 2.7851579440993968, -0.0041982619126460455, 0.0, 5.837693201601877E-4, -0.0036144925924858594, -7.547655966311544, 0.0, 2.9546783971061035, -4.592977569205447, 1.0437220932468534, 0.0, 1.7600452290419164, 2.8037673222887665, 6.328000000000003
0.0020527054108216434, 0.5179377021422481, 4.900473192656164E-4, 2.795853665628716, -0.004208731888608894, 0.0, 5.878790306003824E-4, -0.003620852858008515, -7.545044088897266, 0.0, 2.9695650567198233, -4.575479032177447, 1.043375280309952, 0.0, 1.769927781933021, 2.8133030622429747, 6.328000000000003
0.0020585170340681365, 0.5193915473913863, 4.914347421162171E-4, 2.8065722000562583, -0.004219198255817819, 0.0, 5.920094247122056E-4, -0.0036271888311056157, -7.542453869599089, 0.0, 2.984494356414634, -4.557959513184459, 1.043016171955359, 0.0, 1.779839141842515, 2.8228553137978754, 6.328000000000003
0.002064328657314629, 0.5208452830627738, 4.928221649668177E-4, 2.817313152915149, -0.004229661044321783, 0.0, 5.9616056165548E-4, -0.003633500482666305, -7.539885308417013, 0.0, 2.999466296190533, -4.540419012226484, 1.042644750081006, 0.0, 1.7897793055584863, 2.8324240556394913, 6.328000000000002
0.002070140280561122, 0.5222989088183162, 4.942095878174184E-4, 2.8280761261596328, -0.004240120284169753, 0.0, 6.003325005900289E-4, -0.003639787783579725, -7.537338405351036, 0.0, 3.0144808760475215, -4.52285752930352, 1.0422609967881014, 0.0, 1.7997482699050913, 2.8420092666931898, 6.328000000000003
0.002075951903807615, 0.5237524243199186, 4.955970106680192E-4, 2.8388607181650745, -0.0042505760054106926, 0.0, 6.045253006756752E-4, -0.003646050704735019, -7.534813160401162, 0.0, 3.0295380959856013, -4.5052750644155655, 1.0418648943782791, 0.0, 1.8097460317420528, 2.8516109261203306, 6.328000000000003
0.002081763527054108, 0.5252058292294858, 4.969844335186199E-4, 2.849666523727968, -0.004261028238093569, 0.0, 6.087390210722416E-4, -0.0036522892170213306, -7.532309573567388, 0.0, 3.0446379560047716, -4.487671617562622, 1.041456425350818, 0.0, 1.819772587964155, 2.8612290133149743, 6.328000000000003
0.002087575150300601, 0.526659123208923, 4.983718563692205E-4, 2.8604931340659228, -0.004271477012267346, 0.0, 6.129737209395504E-4, -0.003658503291327798, -7.529827644849715, 0.0, 3.0597804561050297, -4.470047188744691, 1.0410355723998703, 0.0, 1.8298279355007632, 2.870863507900633, 6.328000000000003
0.002093386773547094, 0.5281123059201357, 4.997592792198212E-4, 2.8713401368176825, -0.00428192235798099, 0.0, 6.172294594374255E-4, -0.003664692898543566, -7.527367374248143, 0.0, 3.074965596286379, -4.452401777961769, 1.0406023184117665, 0.0, 1.8399120713153407, 2.880514389727106, 6.328000000000003
0.002099198396793587, 0.5295653770250288, 5.011467020704219E-4, 2.8822071160430984, -0.004292364305283463, 0.0, 6.21506295725689E-4, -0.0036708580095577772, -7.524928761762673, 0.0, 3.0901933765488185, -4.434735385213859, 1.0401566464623484, 0.0, 1.85002499240498, 2.8901816388673294, 6.328000000000002
0.00210501002004008, 0.5310183361855072, 5.025341249210225E-4, 2.893093652223162, -0.004302802884223735, 0.0, 6.258042889641638E-4, -0.003676998595259573, -7.522511807393303, 0.0, 3.1054637968923466, -4.41704801050096, 1.039698539814373, 0.0, 1.8601666957999303, 2.8998652356143038, 6.328000000000003
0.002110821643286573, 0.5324711830634763, 5.039215477716233E-4, 2.903999322259973, -0.004313238124850768, 0.0, 6.301234983126731E-4, -0.0036831146265380974, -7.520116511140033, 0.0, 3.1207768573169656, -4.3993396538230725, 1.0392279819149108, 0.0, 1.8703371785631524, 2.9095651604780626, 6.328000000000003
0.002116633266533066, 0.5339239173208411, 5.05308970622224E-4, 2.9149236994767644, -0.004323670057213527, 0.0, 6.344639829310397E-4, -0.00368920607428249, -7.517742873002866, 0.0, 3.136132557822675, -4.381610315180195, 1.0387449563928297, 0.0, 1.8805364377898612, 2.9192813941826907, 6.328000000000003
0.002122444889779559, 0.5353765386195066, 5.066963934728247E-4, 2.925866353617884, -0.004334098711360979, 0.0, 6.38825801979086E-4, -0.0036952729093818948, -7.515390892981798, 0.0, 3.151530898409473, -4.363859994572331, 1.0382494470563168, 0.0, 1.890764470607086, 2.9290139176634002, 6.328000000000004
0.0021282565130260516, 0.5368290466213781, 5.080838163234253E-4, 2.9368268508488056, -0.004344524117342087, 0.0, 6.432090146166352E-4, -0.0037013151027254537, -7.513060571076832, 0.0, 3.166971879077361, -4.346088691999478, 1.0377414378904073, 0.0, 1.9010212741732386, 2.9387627120636433, 6.328000000000003
0.0021340681362725447, 0.5382814409883608, 5.09471239174026E-4, 2.947804753756127, -0.004354946305205818, 0.0, 6.476136800035103E-4, -0.0037073326252023094, -7.510751907287967, 0.0, 3.182455499826339, -4.328296407461633, 1.0372209130545929, 0.0, 1.911306845677685, 2.9485277587322756, 6.328000000000002
0.002139879759519038, 0.5397337213823598, 5.108586620246267E-4, 2.958799621347572, -0.004365365305001138, 0.0, 6.520398572995341E-4, -0.0037133254477016045, -7.508464901615204, 0.0, 3.1979817606564076, -4.3104831409588, 1.036687856880448, 0.0, 1.9216211823403229, 2.958309039220769, 6.328000000000002
0.002145691382765531, 0.5411858874652801, 5.122460848752275E-4, 2.9698110090519827, -0.0043757811467770085, 0.0, 6.564876056645294E-4, -0.0037192935411124823, -7.50619955405854, 0.0, 3.2135506615675666, -4.292648892490979, 1.0361422538693, 0.0, 1.9319642814111697, 2.9681065352804703, 6.328000000000003
0.002151503006012024, 0.5426379388990268, 5.136335077258282E-4, 2.980838468719323, -0.004386193860582398, 0.0, 6.609569842583189E-4, -0.003725236876324082, -7.503955864617978, 0.0, 3.2291622025598157, -4.274793662058167, 1.0355840886899337, 0.0, 1.942336140169956, 2.9779202288598903, 6.328000000000003
0.002157314629258517, 0.5440898753455049, 5.150209305764288E-4, 2.9918815486206807, -0.00439660347646627, 0.0, 6.654480522407252E-4, -0.0037311554242255474, -7.501733833293517, 0.0, 3.2448163836331525, -4.256917449660369, 1.0350133461763393, 0.0, 1.9527367559257243, 2.9877501021020656, 6.328000000000002
0.00216312625250501, 0.54554169646662, 5.164083534270295E-4, 3.002939793448274, -0.004407010024477591, 0.0, 6.699608687715721E-4, -0.003737049155706021, -7.499533460085155, 0.0, 3.2605132047875807, -4.2390202552975795, 1.0344300113254943, 0.0, 1.9631661260164388, 2.9975961373419318, 6.328000000000003
0.0021689378757515027, 0.5469934019242766, 5.177957762776301E-4, 3.014012744315433, -0.004417413534665325, 0.0, 6.744954930106813E-4, -0.0037429180416546455, -7.497354744992896, 0.0, 3.276252666023098, -4.221102078969803, 1.0338340692951715, 0.0, 1.9736242478085926, 3.007458317103761, 6.328000000000003
0.0021747494989979954, 0.5484449913803803, 5.191831991282308E-4, 3.0250999387566173, -0.004427814037078438, 0.0, 6.790519841178762E-4, -0.0037487620529605627, -7.495197688016739, 0.0, 3.292034767339705, -4.203162920677038, 1.033225505401797, 0.0, 1.984111118696829, 3.0173366240986246, 6.328000000000003
0.0021805611222444885, 0.5498964644968362, 5.205706219788315E-4, 3.0362009107274077, -0.004438211561765894, 0.0, 6.836304012529802E-4, -0.0037545811605129167, -7.493062289156681, 0.0, 3.307859508737403, -4.185202780419283, 1.0326043051183407, 0.0, 1.9946267361035694, 3.027231041221909, 6.328000000000004
0.0021863727454909817, 0.5513478209355492, 5.219580448294323E-4, 3.0473151906045093, -0.00444860613877666, 0.0, 6.882308035758157E-4, -0.0037603753352008474, -7.4909485484127245, 0.0, 3.3237268902161903, -4.16722165819654, 1.0319704540722254, 0.0, 2.0051710974786365, 3.037141551550863, 6.328000000000003
0.0021921843687374744, 0.5527990603584244, 5.233454676800329E-4, 3.058442305185742, -0.0044589977981597, 0.0, 6.928532502462048E-4, -0.0037661445479134966, -7.488856465784869, 0.0, 3.3396369117760667, -4.149219554008807, 1.0313239380432913, 0.0, 2.0157442002988994, 3.0470681383421887, 6.328000000000002
0.0021979959919839675, 0.5542501824273671, 5.247328905306336E-4, 3.069581777690067, -0.0044693865699639785, 0.0, 6.974978004239717E-4, -0.0037718887695400096, -7.486786041273115, 0.0, 3.355589573417035, -4.131196467856085, 1.0306647429617606, 0.0, 2.026346042067913, 3.0570107850296737, 6.328000000000003
0.0022038076152304607, 0.5557011868042826, 5.261203133812343E-4, 3.0807331277575467, -0.0044797724842384635, 0.0, 7.021645132689385E-4, -0.0037776079709695262, -7.48473727487746, 0.0, 3.3715848751390927, -4.1131523997383725, 1.029992854906286, 0.0, 2.0369766203155613, 3.0669694752218457, 6.328000000000003
0.002209619238476954, 0.5571520731510755, 5.27507736231835E-4, 3.0918958714493843, -0.004490155571032117, 0.0, 7.068534479409283E-4, -0.003783302123091191, -7.482710166597908, 0.0, 3.38762281694224, -4.095087349655674, 1.0293082601019656, 0.0, 2.047635932597719, 3.076944192699684, 6.328000000000003
0.0022154308617234465, 0.5586028411296512, 5.288951590824356E-4, 3.1030695212478916, -0.0045005358603939045, 0.0, 7.115646635997633E-4, -0.003788971196794144, -7.480704716434456, 0.0, 3.4037033988264755, -4.077001317607985, 1.0286109449184457, 0.0, 2.058323976495904, 3.0869349214143487, 6.328000000000004
0.00222124248496994, 0.5600534904019151, 5.302825819330365E-4, 3.114253586056517, -0.004510913382372794, 0.0, 7.162982194052676E-4, -0.0037946151629675282, -7.4787209243871065, 0.0, 3.419826620791804, -4.058894303595306, 1.0279008958680176, 0.0, 2.0690407496169505, 3.096941645484967, 6.328000000000003
0.0022270541082164324, 0.5615040206297718, 5.316700047836371E-4, 3.1254475711998193, -0.004521288167017747, 0.0, 7.210541745172622E-4, -0.0038002339925004864, -7.476758790455857, 0.0, 3.435992482838219, -4.040766307617643, 1.0271780996037656, 0.0, 2.0797862495926647, 3.1069643491964283, 6.328000000000003
0.0022328657314629255, 0.5629544314751268, 5.330574276342378E-4, 3.1366509784234893, -0.004531660244377731, 0.0, 7.25832588095572E-4, -0.003805827656282161, -7.474818314640708, 0.0, 3.4522009849657267, -4.022617329674985, 1.0264425429177202, 0.0, 2.0905604740795183, 3.117003016997239, 6.328000000000004
0.0022386773547094186, 0.564404722599885, 5.344448504848385E-4, 3.1478633058943357, -0.004542029644501711, 0.0, 7.306335193000188E-4, -0.003811396125201695, -7.472899496941659, 0.0, 3.468452127174323, -4.004447369767341, 1.025694212739079, 0.0, 2.101363420758308, 3.1270576334973863, 6.328000000000003
0.0022444889779559118, 0.5658548936659517, 5.358322733354392E-4, 3.159084048200292, -0.004552396397438652, 0.0, 7.354570272904257E-4, -0.003816939370148228, -7.471002337358713, 0.0, 3.4847459094640096, -3.986256427894708, 1.0249330961323952, 0.0, 2.1121950873338573, 3.137128183466253, 6.328000000000003
0.0022503006012024045, 0.5673049443352318, 5.372196961860398E-4, 3.1703126963504116, -0.004562760533237517, 0.0, 7.40303171226615E-4, -0.0038224573620109052, -7.469126835891867, 0.0, 3.5010823318347857, -3.968044504057087, 1.0241591802958707, 0.0, 2.123055471534699, 3.147214651830569, 6.328000000000003
0.002256112224448897, 0.5687548742696306, 5.386071190366404E-4, 3.181548737774881, -0.004573122081947275, 0.0, 7.4517201026841E-4, -0.0038279500716788674, -7.4672729925411225, 0.0, 3.5174613942866513, -3.949811598254476, 1.0233724525596017, 0.0, 2.1339445711127687, 3.1573170236723698, 6.328000000000003
0.0022619238476953908, 0.5702046831310533, 5.399945418872413E-4, 3.1927916563249976, -0.00458348107361689, 0.0, 7.500636035756344E-4, -0.003833417470041257, -7.465440807306478, 0.0, 3.533883096819609, -3.9315577104868735, 1.0225729003838995, 0.0, 2.1448623838431096, 3.1674352842270066, 6.328000000000003
0.0022677354709418835, 0.5716543705814048, 5.413819647378419E-4, 3.2040409322731853, -0.004593837538295325, 0.0, 7.549780103081093E-4, -0.0038388595279872186, -7.463630280187936, 0.0, 3.5503474394336543, -3.9132828407542855, 1.0217605113576196, 0.0, 2.1558089075235656, 3.1775694188811876, 6.328000000000004
0.0022735470941883766, 0.5731039362825903, 5.427693875884426E-4, 3.215296042312993, -0.004604191506031547, 0.0, 7.599152896256591E-4, -0.0038442762164058912, -7.4618414111854925, 0.0, 3.56685442212879, -3.8949869890567075, 1.020935273196524, 0.0, 2.1667841399745056, 3.18771941317103, 6.328000000000003
0.002279358717434869, 0.5745533798965149, 5.441568104390432E-4, 3.226556459559091, -0.0046145430068745205, 0.0, 7.648755006881051E-4, -0.003849667506186418, -7.460074200299153, 0.0, 3.583404044905014, -3.876670155394143, 1.020097173741648, 0.0, 2.1777880790385225, 3.197885252780171, 6.328000000000003
0.0022851703406813625, 0.576002701085084, 5.45544233289644E-4, 3.2378216535472784, -0.004624892070873213, 0.0, 7.698587026552723E-4, -0.0038550333682179417, -7.458328647528912, 0.0, 3.599996307762332, -3.858332339766586, 1.019246200957725, 0.0, 2.1888207225801612, 3.2080669235378827, 6.328000000000003
0.002290981963927855, 0.5774518995102023, 5.469316561402446E-4, 3.2490910902344647, -0.004635238728076585, 0.0, 7.748649546869815E-4, -0.0038603737733896057, -7.456604752874773, 0.0, 3.616631210700737, -3.8399735421740417, 1.0183823429316052, 0.0, 2.199882068485626, 3.21826441141723, 6.328000000000003
0.0022967935871743483, 0.5789009748337752, 5.483190789908454E-4, 3.260364231998693, -0.004645583008533606, 0.0, 7.798943159430568E-4, -0.0038656886925905517, -7.454902516336734, 0.0, 3.6333087537202324, -3.8215937626165073, 1.0175055878707204, 0.0, 2.210972114662525, 3.2284777025332443, 6.328000000000003
0.0023026052104208414, 0.5803499267177078, 5.497065018414461E-4, 3.2716405376391267, -0.00465592494229324, 0.0, 7.849468455833205E-4, -0.003870978096709922, -7.4532219379147975, 0.0, 3.650028936820818, -3.8031930010939834, 1.016615924101551, 0.0, 2.2220908590395845, 3.238706783141136, 6.328000000000003
0.0023084168336673346, 0.5817987548239052, 5.510939246920468E-4, 3.282919462376052, -0.004666264559404451, 0.0, 7.900226027675959E-4, -0.0038762419566368573, -7.451563017608962, 0.0, 3.6667917600024937, -3.784771257606472, 1.0157133400681366, 0.0, 2.2332382995663926, 3.2489516396345284, 6.328000000000003
0.0023142284569138273, 0.5832474588142722, 5.524813475426474E-4, 3.2942004578508746, -0.004676601889916205, 0.0, 7.95121646655705E-4, -0.0038814802432605025, -7.449925755419227, 0.0, 3.6835972232652585, -3.7663285321539726, 1.0147978243305955, 0.0, 2.244414434213131, 3.2592122585437275, 6.328000000000003
0.0023200400801603204, 0.5846960383507144, 5.538687703932481E-4, 3.3054829721261263, -0.0046869369638774675, 0.0, 8.002440364074716E-4, -0.0038866929274699973, -7.4483101513455905, 0.0, 3.700445326609114, -3.7478648247364825, 1.0138693655636775, 0.0, 2.2556192609703234, 3.2694886265339975, 6.328000000000004
0.0023258517034068136, 0.5861444930951368, 5.552561932438488E-4, 3.316766449685464, -0.004697269811337203, 0.0, 8.053898311827184E-4, -0.0038918799801544867, -7.446716205388058, 0.0, 3.7173360700340594, -3.7293801353540035, 1.0129279525553148, 0.0, 2.266852777848573, 3.2797807304038873, 6.328000000000004
0.0023316633266533067, 0.5875928227094444, 5.566436160944495E-4, 3.3280503314336647, -0.004707600462344377, 0.0, 8.105590901412677E-4, -0.003897041372203112, -7.445143917546626, 0.0, 3.7342694535400947, -3.7108744640065363, 1.0119735742052334, 0.0, 2.2781149828783227, 3.2900885570835565, 6.328000000000003
0.002337474949899799, 0.5890410268555422, 5.580310389450502E-4, 3.3393340546966246, -0.004717928946947953, 0.0, 8.157518724429421E-4, -0.0039021770745050143, -7.443593287821295, 0.0, 3.7512454771272177, -3.692347810694082, 1.0110062195235503, 0.0, 2.2894058741095975, 3.3004120936331485, 6.328000000000003
0.0023432865731462926, 0.5904891051953358, 5.59418461795651E-4, 3.3506170532213737, -0.004728255295196901, 0.0, 8.20968237247566E-4, -0.003907287057949337, -7.442064316212064, 0.0, 3.768264140795434, -3.673800175416636, 1.0100258776294078, 0.0, 2.300725449611774, 3.3107513272411784, 6.328000000000003
0.0023490981963927853, 0.5919370573907298, 5.608058846462516E-4, 3.3618987571760544, -0.004738579537140181, 0.0, 8.262082437149608E-4, -0.003912371293425223, -7.4405570027189345, 0.0, 3.7853254445447373, -3.6552315581742025, 1.0090325377496177, 0.0, 2.312073707473324, 3.3211062452229414, 6.328000000000003
0.002354909819639278, 0.5933848831036294, 5.621933074968522E-4, 3.373178593149934, -0.00474890170282676, 0.0, 8.314719510049498E-4, -0.003917429751821813, -7.439071347341906, 0.0, 3.8024293883751312, -3.6366419589667798, 1.0080261892173483, 0.0, 2.3234506458015987, 3.331476835018948, 6.328000000000003
0.002360721442885771, 0.5948325819959401, 5.635807303474529E-4, 3.3844559841534076, -0.004759221822305605, 0.0, 8.367594182773562E-4, -0.00392246240402825, -7.437607350080978, 0.0, 3.8195759722866156, -3.618031377794367, 1.0070068214708028, 0.0, 2.334856262722582, 3.3418630841933843, 6.328000000000003
0.0023665330661322643, 0.5962801537295669, 5.649681531980536E-4, 3.39573034961799, -0.004769539925625678, 0.0, 8.420707046920026E-4, -0.003927469220933679, -7.4361650109361515, 0.0, 3.836765196279191, -3.599399814656965, 1.005974424051932, 0.0, 2.3462905563806684, 3.3522649804326012, 6.328000000000003
0.0023723446893787574, 0.5977275979664146, 5.663555760486544E-4, 3.4070011053963203, -0.0047798560428359465, 0.0, 8.474058694087119E-4, -0.0039324501734272375, -7.434744329907425, 0.0, 3.8539970603528553, -3.5807472695545752, 1.0049289866051658, 0.0, 2.3577535249384307, 3.3626825115435963, 6.328000000000004
0.00237815631262525, 0.5991749143683885, 5.67742998899255E-4, 3.4182676637621547, -0.004790170203985375, 0.0, 8.527649715873064E-4, -0.003937405232398071, -7.4333453069948, 0.0, 3.8712715645076083, -3.5620737424871973, 1.003870498876162, 0.0, 2.3692451665764063, 3.3731156654525667, 6.328000000000003
0.0023839679358717437, 0.600622102597394, 5.691304217498558E-4, 3.4295294334103827, -0.004800482439122929, 0.0, 8.581480703876102E-4, -0.003942334368735322, -7.431967942198278, 0.0, 3.888588708743454, -3.5433792334548277, 1.002798950710562, 0.0, 2.3807654794928776, 3.383564430203441, 6.328000000000003
0.002389779559118236, 0.6020691623153357, 5.705178446004564E-4, 3.440785819457007, -0.004810792778297572, 0.0, 8.635552249694441E-4, -0.003947237553328129, -7.430612235517854, 0.0, 3.905948493060386, -3.524663742457474, 1.0017143320527946, 0.0, 2.392314461903644, 3.394028793956437, 6.328000000000003
0.002395591182364729, 0.603516093184119, 5.719052674510571E-4, 3.45203622343916, -0.004821101251558272, 0.0, 8.689864944926332E-4, -0.003952114757065641, -7.429278186953533, 0.0, 3.9233509174584102, -3.505927269495128, 1.0006166329448614, 0.0, 2.40389211204183, 3.4045087449866895, 6.328000000000003
0.002401402805611222, 0.6049628948656491, 5.732926903016577E-4, 3.463280043315094, -0.004831407888953991, 0.0, 8.74441938116999E-4, -0.003956965950836995, -7.427965796505313, 0.0, 3.940795981937523, -3.487169814567794, 0.9995058435251568, 0.0, 2.4154984281576533, 3.4150042716828093, 6.328000000000003
0.0024072144288577154, 0.6064095670218312, 5.746801131522586E-4, 3.4745166734641826, -0.0048417127205336976, 0.0, 8.799216150023655E-4, -0.003961791105531335, -7.426675064173191, 0.0, 3.958283686497728, -3.468391377675469, 0.9983819540273149, 0.0, 2.427133408518238, 3.425515362545552, 6.328000000000003
0.002413026052104208, 0.6078561093145701, 5.760675360028592E-4, 3.485745504686925, -0.004852015776346354, 0.0, 8.85425584308554E-4, -0.003966590192037801, -7.425405989957174, 0.0, 3.9758140311390204, -3.449591958818157, 0.9972449547790557, 0.0, 2.4387970514073953, 3.436042006186449, 6.328000000000003
0.002418837675350701, 0.6093025214057712, 5.774549588534599E-4, 3.496965924204946, -0.004862317086440926, 0.0, 8.909539051953886E-4, -0.00397136318124554, -7.424158573857254, 0.0, 3.9933870158614044, -3.4307715579958553, 0.9960948362010544, 0.0, 2.450489355125435, 3.446584191326487, 6.328000000000003
0.002424649298597194, 0.6107488029573394, 5.788423817040605E-4, 3.508177315660988, -0.00487261668086638, 0.0, 8.965066368226912E-4, -0.003976110044043692, -7.422932815873438, 0.0, 4.011002640664877, -3.411930175208566, 0.9949315888058285, 0.0, 2.462210317988961, 3.4571419067947895, 6.328000000000004
0.0024304609218436875, 0.6121949536311799, 5.802298045546613E-4, 3.5193790591189167, -0.0048829145896716825, 0.0, 9.020838383502861E-4, -0.003980830751321399, -7.421728716005722, 0.0, 4.028660905549442, -3.3930678104562846, 0.9937552031966399, 0.0, 2.473959938330679, 3.467715141527318, 6.328000000000003
0.00243627254509018, 0.613640973089198, 5.816172274052619E-4, 3.5305705310637183, -0.004893210842905794, 0.0, 9.076855689379945E-4, -0.003985525273967802, -7.420546274254106, 0.0, 4.046361810515094, -3.3741844637390175, 0.992565670066414, 0.0, 2.4857382144991997, 3.478303884565612, 6.328000000000002
0.002442084168336673, 0.6150868609932985, 5.830046502558626E-4, 3.5417511044015217, -0.004903505470617683, 0.0, 9.133118877456398E-4, -0.003990193582872045, -7.419385490618593, 0.0, 4.0641053555618365, -3.355280135056761, 0.9913629801966676, 0.0, 2.4975451448588593, 3.4889081250555263, 6.328000000000003
0.002447895791583166, 0.6165326170053869, 5.843920731064634E-4, 3.5529201484595463, -0.0049137985028563135, 0.0, 9.189628539330455E-4, -0.0039948356489232706, -7.418246365099179, 0.0, 4.08189154068967, -3.3363548244095145, 0.9901471244564668, 0.0, 2.5093807277895244, 3.4995278522459907, 6.328000000000003
0.0024537074148296588, 0.617978240787368, 5.85779495957064E-4, 3.5640770289861594, -0.004924089969670652, 0.0, 9.246385266600336E-4, -0.003999451443010621, -7.417128897695867, 0.0, 4.099720365898591, -3.3174085317972817, 0.9889180938013806, 0.0, 2.5212449616864117, 3.51016305548779, 6.328000000000003
0.002459519038076152, 0.619423732001147, 5.871669188076647E-4, 3.575221108150841, -0.0049343799011096635, 0.0, 9.303389650864278E-4, -0.0040040409360232385, -7.416033088408656, 0.0, 4.117591831188604, -3.2984412572200563, 0.9876758792724623, 0.0, 2.5331378449599042, 3.5208137242323674, 6.328000000000003
0.0024653306613226446, 0.6208690903086291, 5.885543416582653E-4, 3.5863517445441984, -0.004944668327222312, 0.0, 9.360642283720501E-4, -0.004008604098850265, -7.414958937237546, 0.0, 4.135505936559706, -3.2794530006778446, 0.9864204719952453, 0.0, 2.5450593760353755, 3.5314798480306213, 6.328000000000003
0.002471142284569138, 0.6223143153717194, 5.899417645088661E-4, 3.5974682931779602, -0.004954955278057564, 0.0, 9.418143756767247E-4, -0.004013140902380842, -7.413906444182536, 0.0, 4.1534626820119005, -3.2604437621706417, 0.9851518631787437, 0.0, 2.5570095533530117, 3.542161416531754, 6.328000000000004
0.002476953907815631, 0.623759406852323, 5.913291873594667E-4, 3.608570105484972, -0.0049652407836643835, 0.0, 9.475894661602725E-4, -0.004017651317504114, -7.412875609243628, 0.0, 4.171462067545181, -3.2414135416984515, 0.9838700441144782, 0.0, 2.5689883753676357, 3.552858419482113, 6.328000000000003
0.002482765531062124, 0.6252043644123453, 5.927166102100674E-4, 3.6196565293192116, -0.004975524874091736, 0.0, 9.533895589825177E-4, -0.00402213531510922, -7.411866432420821, 0.0, 4.189504093159555, -3.222362339261271, 0.982575006175503, 0.0, 2.580995840548544, 3.5635708467240446, 6.328000000000003
0.002488577154308617, 0.6266491877136909, 5.941040330606682E-4, 3.6307269089557774, -0.004985807579388587, 0.0, 9.592147133032831E-4, -0.004026592866085307, -7.410878913714114, 0.0, 4.207588758855018, -3.2032901548591015, 0.981266740815468, 0.0, 2.5930319473793233, 3.5742986881947916, 6.328000000000003
0.0024943887775551103, 0.6280938764182652, 5.954914559112689E-4, 3.641780585090884, -0.004996088929603902, 0.0, 9.650649882823912E-4, -0.004031023941321514, -7.409913053123509, 0.0, 4.22571606463157, -3.1841969884919443, 0.9799452395676668, 0.0, 2.6050966943576985, 3.5850419339253654, 6.328000000000003
0.0025002004008016026, 0.6295384301879732, 5.968788787618695E-4, 3.6528168948418758, -0.005006368954786644, 0.0, 9.709404430796641E-4, -0.004035428511706982, -7.408968850649004, 0.0, 4.243886010489209, -3.1650828401598003, 0.9786104940441112, 0.0, 2.6171900799953614, 3.5958005740394725, 6.328000000000002
0.0025060120240480957, 0.6309828486847203, 5.982663016124702E-4, 3.6638351717472233, -0.005016647684985781, 0.0, 9.768411368549263E-4, -0.004039806548130857, -7.408046306290601, 0.0, 4.262098596427942, -3.145947709862664, 0.977262495934628, 0.0, 2.6293121028178112, 3.6065745987524385, 6.328000000000003
0.002511823647294589, 0.6324271315704112, 5.996537244630709E-4, 3.674834745766513, -0.005026925150250277, 0.0, 9.827671287679998E-4, -0.0040441580214822795, -7.407145420048298, 0.0, 4.280353822447763, -3.1267915976005396, 0.9759012370059509, 0.0, 2.641462761364189, 3.6173639983701387, 6.328000000000003
0.002517635270541082, 0.6338712785069516, 6.010411473136716E-4, 3.685814943280451, -0.0050372013806290975, 0.0, 9.887184779787076E-4, -0.004048482902650393, -7.406266191922096, 0.0, 4.298651688548675, -3.1076145033734264, 0.9745267091008353, 0.0, 2.653642054187128, 3.6281687632879627, 6.328000000000004
0.0025234468937875747, 0.635315289156246, 6.024285701642723E-4, 3.6967750870908755, -0.0050474764061712064, 0.0, 9.946952436468719E-4, -0.004052781162524338, -7.405408621911995, 0.0, 4.316992194730676, -3.088416427181324, 0.9731389041371805, 0.0, 2.665849979852595, 3.638988883989777, 6.328000000000003
0.0025292585170340683, 0.6367591631802001, 6.038159930148731E-4, 3.7077144964207474, -0.005057750256925572, 0.0, 0.001000697484932317, -0.004057052771993257, -7.404572710017995, 0.0, 4.33537534099377, -3.069197369024232, 0.971737814107174, 0.0, 2.678086536939738, 3.649824351046909, 6.328000000000003
0.002535070140280561, 0.6382029002407186, 6.052034158654737E-4, 3.7186324869141414, -0.005068022962941156, 0.0, 0.0010067252609948642, -0.004061297701946295, -7.403758456240097, 0.0, 4.35380112733795, -3.0499573289021527, 0.9703234310764294, 0.0, 2.690351724040726, 3.6606751551171555, 6.328000000000003
0.002540881763527054, 0.6396464999997067, 6.065908387160744E-4, 3.729528370636263, -0.005078294554266925, 0.0, 0.0010127786309943375, -0.004065515923272589, -7.402965860578299, 0.0, 4.372269553763221, -3.030696306815083, 0.968895747183154, 0.0, 2.702645539760619, 3.6715412869437727, 6.328000000000003
0.0025466933867735464, 0.6410899621190695, 6.07978261566675E-4, 3.740401456073437, -0.005088565060951842, 0.0, 0.0010188576540905582, -0.0040697074068612865, -7.402194923032602, 0.0, 4.39078062026958, -3.0114143027630274, 0.9674547546373222, 0.0, 2.7149679827172046, 3.6824227373545244, 6.328000000000002
0.0025525050100200395, 0.6425332862607123, 6.093656844172757E-4, 3.7512510481331205, -0.005098834513044877, 0.0, 0.0010249623894433512, -0.004073872123601529, -7.401445643603006, 0.0, 4.409334326857032, -2.9921113167459796, 0.9660004457198462, 0.0, 2.7273190515408605, 3.6933194972607066, 6.328000000000003
0.0025583166332665327, 0.6439764720865402, 6.107531072678765E-4, 3.762076448143876, -0.005109102940594992, 0.0, 0.0010310928962125384, -0.004078010044382457, -7.400718022289511, 0.0, 4.427930673525573, -2.972787348763944, 0.9645328127817845, 0.0, 2.7396987448744086, 3.7042315576561924, 6.328000000000003
0.0025641282565130254, 0.6454195192584581, 6.121405301184771E-4, 3.772876953855402, -0.005119370373651152, 0.0, 0.0010372492335579422, -0.004082121140093213, -7.400012059092118, 0.0, 4.446569660275203, -2.95344239881692, 0.9630518482435406, 0.0, 2.7521070613729752, 3.715158909616515, 6.328000000000004
0.002569939879759519, 0.6468624274383715, 6.135279529690779E-4, 3.7836518594385176, -0.005129636842262324, 0.0, 0.0010434314606393867, -0.00408620538162294, -7.399327754010825, 0.0, 4.465251287105925, -2.9340764669049046, 0.9615575445940776, 0.0, 2.764543999703853, 3.7261015442979293, 6.328000000000003
0.0025757515030060117, 0.6483051962881851, 6.149153758196785E-4, 3.794400455485161, -0.005139902376477472, 0.0, 0.0010496396366166932, -0.004090262739860781, -7.398665107045632, 0.0, 4.483975554017735, -2.914689553027903, 0.9600498943901534, 0.0, 2.777009558546359, 3.737059452936511, 6.328000000000003
0.002581563126252505, 0.6497478254698044, 6.163027986702792E-4, 3.805122029008399, -0.00515016700634556, 0.0, 0.001055873820649686, -0.004094293185695877, -7.398024118196542, 0.0, 4.5027424610106355, -2.895281657185911, 0.9585288902555401, 0.0, 2.7895037365917053, 3.7480326268472455, 6.328000000000004
0.0025873747494989975, 0.651190314645134, 6.176902215208798E-4, 3.8158158634424124, -0.005160430761915555, 0.0, 0.0010621340718981864, -0.004098296690017372, -7.397404787463551, 0.0, 4.521552008084625, -2.8758527793789312, 0.9569945248802914, 0.0, 2.802026532542864, 3.759021057423156, 6.328000000000002
0.002593186372745491, 0.6526326634760796, 6.190776443714806E-4, 3.82648123864252, -0.005170693673236422, 0.0, 0.0010684204495220193, -0.004102273223714406, -7.396807114846663, 0.0, 4.540404195239708, -2.8564029196069605, 0.9554467910199823, 0.0, 2.814577945114435, 3.770024736134419, 6.328000000000002
0.002598997995991984, 0.6540748716245461, 6.204650672220813E-4, 3.8371174308851552, -0.0051809557703571246, 0.0, 0.0010747330126810054, -0.004106222757676123, -7.396231100345875, 0.0, 4.5592990224758765, -2.8369320778700025, 0.9538856814949939, 0.0, 2.8271579730325094, 3.781043654527505, 6.328000000000003
0.0026048096192384765, 0.6555169387524385, 6.21852490072682E-4, 3.8477237128678636, -0.00519121708332663, 0.0, 0.0010810718205349684, -0.004110145262791664, -7.395676743961187, 0.0, 4.578236489793136, -2.8174402541680568, 0.9523111891897783, 0.0, 2.8397666150345535, 3.79207780422433, 6.328000000000003
0.0026106212424849696, 0.6569588645216621, 6.232399129232827E-4, 3.8582993537093326, -0.005201477642193903, 0.0, 0.0010874369322437319, -0.0041140407099501735, -7.395144045692601, 0.0, 4.597216597191487, -2.7979274485011194, 0.9507233070521437, 0.0, 2.8524038698692733, 3.803127176921416, 6.328000000000003
0.0026164328657314628, 0.658400648594122, 6.246273357738834E-4, 3.868843618949354, -0.005211737477007907, 0.0, 0.001093828406967118, -0.004117909070040792, -7.394633005540116, 0.0, 4.616239344670927, -2.7783936608691944, 0.9491220280925597, 0.0, 2.8650697362964923, 3.8141917643890504, 6.328000000000003
0.0026222444889779555, 0.6598422906317232, 6.26014758624484E-4, 3.8793557705488624, -0.005221996617817609, 0.0, 0.0011002463038649495, -0.004121750313952662, -7.394143623503732, 0.0, 4.635304732231456, -2.758838891272281, 0.9475073453834594, 0.0, 2.8777642130870276, 3.8252715584704866, 6.328000000000003
0.0026280561122244486, 0.6612837902963707, 6.274021814750847E-4, 3.889835066889902, -0.005232255094671974, 0.0, 0.0011066906820970499, -0.0041255644125749264, -7.393675899583448, 0.0, 4.654412759873075, -2.7392631397103773, 0.9458792520585542, 0.0, 2.8904872990225727, 3.836366551081126, 6.328000000000003
0.0026338677354709418, 0.6627251472499701, 6.287896043256855E-4, 3.9002807627756404, -0.005242512937619966, 0.0, 0.0011131616008232413, -0.0041293513367967275, -7.393229833779266, 0.0, 4.673563427595785, -2.7196664061834857, 0.9442377413121535, 0.0, 2.90323899289557, 3.8474767342077225, 6.328000000000003
0.002639679358717435, 0.6641663611544262, 6.301770271762862E-4, 3.910692109430376, -0.005252770176710552, 0.0, 0.0011196591192033473, -0.004133111057507208, -7.392805426091184, 0.0, 4.692756735399586, -2.7000486906916037, 0.9425828063985062, 0.0, 2.9160192935090974, 3.8586020999076034, 6.328000000000002
0.0026454909819639276, 0.665607431671644, 6.315644500268868E-4, 3.9210683544995213, -0.005263026841992696, 0.0, 0.0011261832963971896, -0.004136843545595508, -7.392402676519204, 0.0, 4.711992683284474, -2.680409993234735, 0.9409144406311342, 0.0, 2.92882819967675, 3.869742640307883, 6.328000000000003
0.0026513026052104203, 0.667048358463529, 6.329518728774874E-4, 3.9314087420496104, -0.005273282963515362, 0.0, 0.001132734191564592, -0.004140548771950773, -7.392021585063325, 0.0, 4.731271271250453, -2.6607503138128767, 0.9392326373821862, 0.0, 2.9416657102225274, 3.8808983476047145, 6.328000000000002
0.0026571142284569135, 0.668489141191986, 6.343392957280882E-4, 3.941712512568322, -0.005283538571327517, 0.0, 0.0011393118638653773, -0.0041442267074621435, -7.391662151723545, 0.0, 4.750592499297522, -2.641069652426029, 0.9375373900817987, 0.0, 2.9545318239807155, 3.8920692140625146, 6.328000000000003
0.002662925851703406, 0.6699297795189201, 6.357267185786888E-4, 3.9519789029644246, -0.005293793695478126, 0.0, 0.001145916372459368, -0.004147877323018761, -7.391324376499869, 0.0, 4.769956367425681, -2.6213680090741938, 0.9358286922174593, 0.0, 2.967426539795777, 3.9032552320132363, 6.328000000000003
0.0026687374749498993, 0.6713702731062366, 6.371141414292895E-4, 3.9622071465678292, -0.005304048366016155, 0.0, 0.0011525477765063875, -0.00415150058950977, -7.391008259392292, 0.0, 4.78936287563493, -2.601645383757367, 0.9341065373333873, 0.0, 2.980349856522241, 3.9144563938556263, 6.328000000000002
0.0026745490981963924, 0.6728106216158407, 6.385015642798903E-4, 3.972396473129577, -0.005314302612990567, 0.0, 0.0011592061351662583, -0.004155096477824313, -7.390713800400817, 0.0, 4.8088120239252685, -2.581901776475553, 0.9323709190299035, 0.0, 2.9933017730245917, 3.9256726920544973, 6.328000000000003
0.0026803607214428856, 0.6742508247096374, 6.39888987130491E-4, 3.982546108821812, -0.005324556466450329, 0.0, 0.0011658915075988033, -0.004158664958851529, -7.390440999525441, 0.0, 4.8283038122966975, -2.562137187228749, 0.93062183096285, 0.0, 3.006282288177162, 3.9369041191400114, 6.328000000000003
0.0026861723446893783, 0.6756908820495318, 6.412764099810916E-4, 3.992655276237813, -0.005334809956444405, 0.0, 0.001172603952963845, -0.004162206003480563, -7.390189856766167, 0.0, 4.847838240749215, -2.5423516160169575, 0.9288592668429557, 0.0, 3.019291400864025, 3.9481506677069795, 6.328000000000003
0.0026919839679358714, 0.677130793297429, 6.426638328316923E-4, 4.002723194391979, -0.00534506311302176, 0.0, 0.001179343530421207, -0.004165719582600556, -7.389960372122995, 0.0, 4.8674153092828245, -2.522545062840175, 0.9270832204352655, 0.0, 3.032329109978894, 3.9594123304141595, 6.328000000000002
0.0026977955911823646, 0.6785705581152343, 6.44051255682293E-4, 4.012749078719837, -0.00535531596623136, 0.0, 0.0011861102991307115, -0.004169205667100652, -7.389752545595924, 0.0, 4.887035017897523, -2.502717527698405, 0.9252936855585531, 0.0, 3.0453954144250117, 3.970689099983566, 6.328000000000002
0.0027036072144288577, 0.6800101761648524, 6.454386785328937E-4, 4.0227321410780315, -0.005365568546122171, 0.0, 0.0011929043182521816, -0.004172664227869992, -7.389566377184952, 0.0, 4.906697366593312, -2.482869010591645, 0.9234906560847426, 0.0, 3.058490313115052, 3.9819809691997947, 6.328000000000003
0.00270941883767535, 0.6814496471081887, 6.468261013834943E-4, 4.032671589744326, -0.005375820882743156, 0.0, 0.0011997256469454393, -0.004176095235797719, -7.389401866890083, 0.0, 4.926402355370187, -2.4629995115198993, 0.9216741259383288, 0.0, 3.0716138049710158, 3.9932879309093443, 6.328000000000002
0.0027152304609218436, 0.6828889706071486, 6.482135242340952E-4, 4.0425666294176175, -0.005386073006143282, 0.0, 0.0012065743443703098, -0.004179498661772975, -7.389259014711314, 0.0, 4.946149984228158, -2.4431090304831606, 0.9198440890958208, 0.0, 3.084765888924141, 4.004609978019961, 6.328000000000003
0.0027210420841683363, 0.6843281463236368, 6.496009470846958E-4, 4.052416461217918, -0.0053963249463715125, 0.0, 0.0012134504696866134, -0.004182874476684903, -7.389137820648645, 0.0, 4.965940253167216, -2.4231975674814357, 0.9180005395851991, 0.0, 3.097946563914786, 4.015947103499985, 6.328000000000003
0.0027268537074148294, 0.6857671739195587, 6.509883699352965E-4, 4.0622202826863685, -0.005406576733476815, 0.0, 0.0012203540820541745, -0.004186222651422644, -7.389038284702078, 0.0, 4.985773162187364, -2.40326512251472, 0.916143471485346, 0.0, 3.111155828892348, 4.027299300377695, 6.328000000000003
0.002732665330661322, 0.6872060530568191, 6.523757927858971E-4, 4.071977287785223, -0.005416828397508152, 0.0, 0.001227285240632815, -0.0041895431568753395, -7.388960406871612, 0.0, 5.0056487112886, -2.383311695583017, 0.9142728789255163, 0.0, 3.1243936828151617, 4.038666561740678, 6.328000000000003
0.0027384769539078157, 0.6886447833973236, 6.537632156364979E-4, 4.081686666897869, -0.005427079968514492, 0.0, 0.0012342440045823595, -0.004192835963932136, -7.388904187157248, 0.0, 5.025566900470929, -2.3633372866863227, 0.912388756084803, 0.0, 3.1376601246504046, 4.050048880735209, 6.328000000000002
0.0027442885771543084, 0.6900833646029766, 6.551506384870985E-4, 4.091347606828816, -0.005437331476544797, 0.0, 0.001241230433062628, -0.004196101043482172, -7.388869625558983, 0.0, 5.045527729734346, -2.343341895824642, 0.9104910971916065, 0.0, 3.1509551533739995, 4.061446250565606, 6.328000000000003
0.002750100200400801, 0.6915217963356839, 6.565380613376992E-4, 4.100959290803683, -0.005447582951648032, 0.0, 0.0012482445852334452, -0.004199338366414591, -7.38885672207682, 0.0, 5.065531199078853, -2.3233255229979717, 0.9085798965231093, 0.0, 3.1642787679705315, 4.0728586644936415, 6.328000000000002
0.0027559118236472947, 0.6929600782573506, 6.579254841883E-4, 4.110520898469234, -0.0054578344238731666, 0.0, 0.001255286520254635, -0.004202547903618535, -7.388865476710759, 0.0, 5.085577308504452, -2.3032881682063113, 0.9066551484047738, 0.0, 3.1776309674331453, 4.08428611583792, 6.328000000000002
0.002761723446893787, 0.6943982100298813, 6.593129070389006E-4, 4.120031605893338, -0.005468085923269161, 0.0, 0.0012623562972860168, -0.004205729625983146, -7.388895889460797, 0.0, 5.105666058011137, -2.283229831449665, 0.9047168472098266, 0.0, 3.1910117507634626, 4.095728597973286, 6.328000000000003
0.00276753507014028, 0.6958361913151816, 6.607003298895013E-4, 4.129490585564991, -0.005478337479884982, 0.0, 0.001269453975487417, -0.004208883504397569, -7.388947960326937, 0.0, 5.125797447598914, -2.2631505127280263, 0.9027649873587494, 0.0, 3.204421116971492, 4.107186104330243, 6.328000000000002
0.002773346693386773, 0.6972740217751564, 6.620877527401019E-4, 4.138897006394322, -0.0054885891237695964, 0.0, 0.0012765796140186568, -0.004212009509750943, -7.3890216893091765, 0.0, 5.145971477267781, -2.2430502120414015, 0.9007995633188038, 0.0, 3.217859065075541, 4.1186586283943445, 6.328000000000003
0.0027791583166332664, 0.6987117010717111, 6.634751755907027E-4, 4.148250033712567, -0.005498840884971968, 0.0, 0.0012837332720395597, -0.004215107612932411, -7.38911707640752, 0.0, 5.16618814701774, -2.2229289293897847, 0.8988205696035154, 0.0, 3.2313255941021306, 4.130146163705645, 6.328000000000003
0.002784969939879759, 0.7001492288667501, 6.648625984413034E-4, 4.157548829272092, -0.005509092793541061, 0.0, 0.0012909150087099478, -0.004218177784831116, -7.3892341216219615, 0.0, 5.186447456848787, -2.2027866647731806, 0.8968280007722261, 0.0, 3.2448207030858964, 4.141648703858121, 6.328000000000002
0.0027907815631262522, 0.7015866048221794, 6.662500212919041E-4, 4.166792551246394, -0.005519344879525843, 0.0, 0.0012981248831896446, -0.004221219996336201, -7.389372824952504, 0.0, 5.206749406760923, -2.182623418191587, 0.8948218514295798, 0.0, 3.2583443910695284, 4.153166242499107, 6.328000000000002
0.002796593186372745, 0.7030238285999035, 6.676374441425047E-4, 4.175980354230082, -0.005529597172975277, 0.0, 0.001305362954638472, -0.004224234218336807, -7.38953318639915, 0.0, 5.2270939967541485, -2.162439189645007, 0.8928021162250758, 0.0, 3.2718966571036674, 4.164698773328742, 6.328000000000002
0.0028024048096192385, 0.7044608998618281, 6.690248669931055E-4, 4.185111389238893, -0.00553984970393833, 0.0, 0.0013126292822162545, -0.0042272204217220785, -7.3897152059618945, 0.0, 5.247481226828467, -2.142233979133433, 0.8907687898525973, 0.0, 3.2854775002468335, 4.1762462900994315, 6.328000000000002
0.002808216432865731, 0.7058978182698578, 6.704122898437061E-4, 4.194184803709682, -0.005550102502463965, 0.0, 0.001319923925082813, -0.004230178577381155, -7.389918883640742, 0.0, 5.267911096983872, -2.122007786656874, 0.8887218670499492, 0.0, 3.299086919565335, 4.187808786615284, 6.328000000000002
0.0028140280561122243, 0.707334583485898, 6.717997126943068E-4, 4.203199741500434, -0.005560355598601149, 0.0, 0.0013272469423979722, -0.00423310865620318, -7.3901442194356886, 0.0, 5.288383607220369, -2.101760612215325, 0.8866613425984096, 0.0, 3.312724914133196, 4.199386256731605, 6.328000000000002
0.002819839679358717, 0.7087711951718536, 6.731871355449076E-4, 4.212155342890258, -0.005570609022398846, 0.0, 0.0013345983933215533, -0.004236010629077296, -7.390391213346737, 0.0, 5.308898757537954, -2.0814924558087884, 0.8845872113222772, 0.0, 3.326391483032077, 4.2109786943543535, 6.328000000000002
0.00282565130260521, 0.7102076529896298, 6.745745583955083E-4, 4.221050744579367, -0.005580862803906022, 0.0, 0.0013419783370133805, -0.004238884466892645, -7.390659865373887, 0.0, 5.329456547936631, -2.0612033174372604, 0.8824994680884338, 0.0, 3.34008662535119, 4.222586093439624, 6.328000000000002
0.002831462925851703, 0.7116439566011318, 6.759619812461089E-4, 4.229885079689124, -0.0055911169731716415, 0.0, 0.0013493868326332754, -0.004241730140538369, -7.390950175517137, 0.0, 5.350056978416397, -2.040893197100746, 0.8803981078058991, 0.0, 3.3538103401872252, 4.234208447993123, 6.328000000000003
0.0028372745490981956, 0.7130801056682649, 6.773494040967095E-4, 4.2386574777620005, -0.005601371560244669, 0.0, 0.0013568239393410618, -0.004244547620903611, -7.391262143776489, 0.0, 5.370700048977251, -2.020562094799242, 0.878283125425409, 0.0, 3.3675626266442724, 4.245845752069683, 6.328000000000001
0.002843086172344689, 0.7145160998529339, 6.787368269473103E-4, 4.247367064761589, -0.005611626595174075, 0.0, 0.0013642897162965634, -0.004247336878877514, -7.39159577015194, 0.0, 5.391385759619199, -2.000210010532747, 0.8761545159389891, 0.0, 3.3813434838337546, 4.257497999772741, 6.328000000000001
0.002848897795591182, 0.715951938817044, 6.801242497979109E-4, 4.256012963072612, -0.005621882108008817, 0.0, 0.0013717842226596009, -0.004250097885349219, -7.391951054643495, 0.0, 5.412114110342235, -1.9798369443012651, 0.8740122743795153, 0.0, 3.3951529108743337, 4.269165185253848, 6.328000000000002
0.002854709418837675, 0.7173876222225005, 6.815116726485116E-4, 4.264594291500911, -0.005632138128797864, 0.0, 0.0013793075175899986, -0.004252830611207868, -7.392327997251148, 0.0, 5.43288510114636, -1.9594428961047936, 0.8718563958203229, 0.0, 3.4089909068918574, 4.280847302712178, 6.328000000000002
0.002860521042084168, 0.7188231497312082, 6.828990954991124E-4, 4.273110165273454, -0.005642394687590181, 0.0, 0.0013868596602475793, -0.004255535027342606, -7.392726597974902, 0.0, 5.453698732031576, -1.9390278659433324, 0.8696868753747847, 0.0, 3.4228574710192716, 4.292544346394057, 6.328000000000002
0.0028663326653306613, 0.7202585210050725, 6.842865183497131E-4, 4.2815596960383235, -0.005652651814434734, 0.0, 0.0013944407097921652, -0.004258211104642573, -7.393146856814759, 0.0, 5.474555002997882, -1.918591853816883, 0.8675037081958974, 0.0, 3.436752602396561, 4.30425631059246, 6.328000000000002
0.0028721442885771536, 0.7216937357059984, 6.856739412003137E-4, 4.28994199186473, -0.005662909539380485, 0.0, 0.0014020507253835787, -0.00426085881399691, -7.393588773770715, 0.0, 5.4954539140452745, -1.898134859725447, 0.8653068894759, 0.0, 3.4506763001706613, 4.31598318964656, 6.328000000000003
0.0028779559118236467, 0.7231287934958911, 6.870613640509144E-4, 4.29825615724301, -0.005673167892476403, 0.0, 0.0014096897661816446, -0.004263478126294762, -7.394052348842775, 0.0, 5.51639546517376, -1.8776568836690195, 0.8630964144458495, 0.0, 3.464628563495411, 4.327724977941261, 6.328000000000002
0.00288376753507014, 0.7245636940366558, 6.884487869015151E-4, 4.306501293084624, -0.005683426903771452, 0.0, 0.001417357891346184, -0.004266069012425271, -7.394537582030933, 0.0, 5.537379656383336, -1.8571579256476027, 0.8608722783752624, 0.0, 3.4786093915314606, 4.339481669906722, 6.328000000000002
0.002889579158316633, 0.7259984369901974, 6.898362097521158E-4, 4.3146764967221465, -0.005693686603314596, 0.0, 0.001425055160037021, -0.004268631443277579, -7.395044473335194, 0.0, 5.558406487674001, -1.8366379856611967, 0.8586344765717012, 0.0, 3.4926187834462157, 4.351253260017916, 6.328000000000001
0.0028953907815631257, 0.7274330220184211, 6.912236326027164E-4, 4.322780861909285, -0.005703947021154801, 0.0, 0.001432781631413977, -0.004271165389740827, -7.395573022755554, 0.0, 5.579475959045755, -1.8160970637098035, 0.8563830043804095, 0.0, 3.506656738413763, 4.363039742794172, 6.328000000000001
0.0029012024048096193, 0.728867448783232, 6.926110554533173E-4, 4.330813478820861, -0.0057142081873410334, 0.0, 0.001440537364636877, -0.0042736708227041585, -7.396123230292016, 0.0, 5.600588070498603, -1.7955351597934188, 0.854117857183921, 0.0, 3.5207232556148176, 4.374841112798736, 6.328000000000002
0.002907014028056112, 0.7303017169465353, 6.939984783039179E-4, 4.338773434052824, -0.005724470131922254, 0.0, 0.0014483224188655414, -0.004276147713056716, -7.396695095944579, 0.0, 5.621742822032536, -1.7749522739120482, 0.8518390304016991, 0.0, 3.5348183342366304, 4.38665736463833, 6.328000000000001
0.002912825651302605, 0.7317358261702361, 6.953859011545186E-4, 4.346659810622244, -0.005734732884947433, 0.0, 0.0014561368532597944, -0.004278596031687643, -7.397288619713242, 0.0, 5.64294021364756, -1.7543484060656878, 0.8495465194897642, 0.0, 3.5489419734729544, 4.398488492962719, 6.328000000000001
0.002918637274549098, 0.7331697761162396, 6.967733240051192E-4, 4.354471687967324, -0.005744996476465533, 0.0, 0.0014639807269794585, -0.004281015749486077, -7.397903801598008, 0.0, 5.664180245343675, -1.7337235562543383, 0.8472403199403249, 0.0, 3.5630941725239547, 4.410334492464278, 6.328000000000002
0.002924448897795591, 0.7346035664464508, 6.9816074685572E-4, 4.36220814194737, -0.00575526093652552, 0.0, 0.0014718540991843572, -0.004283406837341167, -7.398540641598872, 0.0, 5.685462917120879, -1.7130777244779989, 0.8449204272814241, 0.0, 3.5772749305961566, 4.422195357877581, 6.328000000000001
0.0029302605210420837, 0.7360371968227748, 6.995481697063206E-4, 4.369868244842829, -0.005765526295176359, 0.0, 0.0014797570290343118, -0.004285769266142051, -7.399199139715839, 0.0, 5.706788228979172, -1.6924109107366725, 0.8425868370765824, 0.0, 3.591484246902379, 4.434071083978963, 6.328000000000002
0.0029360721442885764, 0.7374706669071167, 7.009355925569213E-4, 4.377451065355263, -0.005775792582467014, 0.0, 0.0014876895756891465, -0.004288103006777871, -7.3998792959489075, 0.0, 5.728156180918556, -1.6717231150303566, 0.8402395449244436, 0.0, 3.605722120661679, 4.445961665586123, 6.328000000000002
0.00294188376753507, 0.7389039763613818, 7.023230154075221E-4, 4.384955668607359, -0.0057860598284464534, 0.0, 0.0014956517983086854, -0.0042904080301377715, -7.400581110298075, 0.0, 5.7495667729390325, -1.6510143373590496, 0.8378785464584368, 0.0, 3.619988551099278, 4.457867097557713, 6.328000000000001
0.0029476953907815627, 0.7403371248474752, 7.037104382581227E-4, 4.392381116142927, -0.00579632806316364, 0.0, 0.001503643756052748, -0.004292684307110895, -7.401304582763346, 0.0, 5.771020005040595, -1.630284577722756, 0.8355038373464216, 0.0, 3.6342835374465072, 4.469787374792928, 6.328000000000001
0.002953507014028056, 0.7417701120273018, 7.050978611087234E-4, 4.399726465926896, -0.005806597316667539, 0.0, 0.0015116655080811602, -0.004294931808586382, -7.402049713344716, 0.0, 5.7925158772232495, -1.6095338361214722, 0.8331154132903554, 0.0, 3.648607078940755, 4.48172249223111, 6.328000000000001
0.0029593186372745485, 0.7432029375627669, 7.06485283959324E-4, 4.4069907723453206, -0.0058168676190071145, 0.0, 0.0015197171135537427, -0.004297150505453376, -7.402816502042187, 0.0, 5.814054389486992, -1.5887621125552016, 0.8307132700259606, 0.0, 3.662959174825394, 4.493672444851353, 6.328000000000001
0.002965130260521042, 0.7446356011157759, 7.078727068099248E-4, 4.414173086205386, -0.005827139000231336, 0.0, 0.0015277986316303204, -0.004299340368601018, -7.403604948855759, 0.0, 5.835635541831828, -1.5679694070239378, 0.8282974033223927, 0.0, 3.6773398243497315, 4.50563722767212, 6.328000000000001
0.002970941883767535, 0.7460681023482333, 7.092601296605254E-4, 4.421272454735385, -0.005837411490389162, 0.0, 0.0015359101214707138, -0.004301501368918452, -7.404415053785434, 0.0, 5.85725933425775, -1.5471557195276882, 0.8258678089819018, 0.0, 3.691749026768947, 4.517616835750849, 6.328000000000002
0.0029767535070140275, 0.7475004409220445, 7.106475525111262E-4, 4.4282879215847455, -0.005847685119529563, 0.0, 0.0015440516422347472, -0.004303633477294819, -7.405246816831207, 0.0, 5.8789257667647625, -1.5263210500664504, 0.8234244828395388, 0.0, 3.706186781344035, 4.529611264183573, 6.328000000000001
0.0029825651302605206, 0.7489326164991146, 7.120349753617269E-4, 4.43521852682402, -0.005857959917701504, 0.0, 0.001552223253082244, -0.004305736664619263, -7.4061002379930825, 0.0, 5.9006348393528665, -1.5054653986402222, 0.8209674207627983, 0.0, 3.7206530873417574, 4.541620508104554, 6.328000000000002
0.0029883767535070138, 0.7503646287413491, 7.134223982123276E-4, 4.442063306944863, -0.005868235914953947, 0.0, 0.0015604250131730263, -0.004307810901780925, -7.406975317271059, 0.0, 5.92238655202206, -1.4845887652490044, 0.8184966186513281, 0.0, 3.735147944034573, 4.553644562685902, 6.328
0.0029941883767535065, 0.7517964773106526, 7.148098210629282E-4, 4.448821294860082, -0.005878513141335859, 0.0, 0.001568656981666916, -0.004309856159668947, -7.407872054665136, 0.0, 5.944180904772343, -1.4636911498927994, 0.8160120724366151, 0.0, 3.7496713507005905, 4.565683423137205, 6.328000000000001
0.0029999999999999996, 0.7532281618689305, 7.161972439135289E-4, 4.455491519903589, -0.005888791626896206, 0.0, 0.0015769192177237379, -0.0043118724091724715, -7.408790450175315, 0.0, 5.966017897603717, -1.4427725525716046, 0.8135137780816664, 0.0, 3.7642233066235122, 4.577737084705178, 6.328000000000001
