phi0, phi, rho, Z_fit_curve, F_id, F_fr, F_ex, F_total, mu_id, mu_fr, mu_ex, mu_kT, PV_id, PV_fr, PV_ex, PV_NkT, alpha
0.0030000000000000005, 0.7523915631940759, 7.161972439135291E-4, 4.922586470652277, -0.005880960717805917, 0.0, 0.11506545785368757, 0.10918449713586798, -7.211339995224173, 0.0, 169.34278816547211, 162.13144817025426, 1.0000302212688146, 0.0, 8.681100576542889, 9.68113079783711, 6.327999999999989
0.003007815631262526, 0.7543216976573093, 7.180630884367508E-4, 4.965334591534031, -0.005894413530763235, 0.0, 0.11538117901467818, 0.10948676548389302, -7.208740376564133, 0.0, 169.08182910266945, 161.87308872610137, 1.0000279415450526, 0.0, 8.397926987791013, 9.397954929362644, 6.327999999999991
0.0030156312625250507, 0.7562438677611174, 7.199289329599724E-4, 5.011944726749789, -0.005907861499440995, 0.0, 0.11569642932686883, 0.10978856782740798, -7.206147403479231, 0.0, 168.8380156790372, 161.63186827554375, 1.0000257741300485, 0.0, 8.132668206495113, 9.132693980638523, 6.327999999999991
0.003023446893787576, 0.7581579724467843, 7.21794777483194E-4, 5.062366308466721, -0.005921304636209599, 0.0, 0.11601124039529137, 0.11008993575905995, -7.203561044688706, 0.0, 168.61093517702494, 161.40737413233063, 1.0000237150354216, 0.0, 7.884861763460375, 8.884885478520415, 6.327999999999992
0.003031262525050101, 0.760063914073671, 7.236606220064157E-4, 5.116548602264118, -0.005934742953381245, 0.0, 0.11632564306106982, 0.11039090010767649, -7.200981269087102, 0.0, 168.40018148644708, 161.199200217361, 1.0000217603808048, 0.0, 7.654053365579778, 8.654075125978311, 6.327999999999992
0.003039078156312626, 0.7619615983648624, 7.255264665296373E-4, 5.1744407213817, -0.005948176463210256, 0.0, 0.11663966741374138, 0.11069149095051115, -7.19840804574342, 0.0, 168.2053550407467, 161.00694699500713, 1.0000199063914939, 0.0, 7.43979679494463, 8.439816701367535, 6.327999999999992
0.003046893787575151, 0.7638509343532233, 7.273923110528589E-4, 5.235991640948214, -0.005961605177893406, 0.0, 0.11695334280333924, 0.11099173762542888, -7.195841343900296, 0.0, 168.02606275352494, 160.830221409615, 1.0000181493961349, 0.0, 7.241653809119207, 8.241671958529032, 6.327999999999992
0.003054709418837676, 0.7657318343281292, 7.292581555760805E-4, 5.3011502119503575, -0.005975029109570242, 0.0, 0.11726669785246085, 0.11129166874287447, -7.193281132973154, 0.0, 167.86191795531926, 160.66863682235098, 1.0000164858244616, 0.0, 7.059194042241427, 8.059210528092896, 6.327999999999992
0.003062525050100201, 0.767604213782514, 7.311240000993021E-4, 5.3698651753067566, -0.005988448270323402, 0.0, 0.11757976046817636, 0.11159131219783694, -7.190727382549372, 0.0, 167.71254033087638, 160.52181294832204, 1.0000149122050666, 0.0, 6.891994907382501, 7.8920098196045245, 6.327999999999995
0.0030703406813627258, 0.7694679913603977, 7.329898446225237E-4, 5.442085175635157, -0.006001862672178946, 0.0, 0.11789255785382716, 0.11189069518162947, -7.188180062387451, 0.0, 167.5775558562705, 160.38937579388582, 1.0000134251632466, 0.0, 6.739641499435636, 7.739654924627235, 6.327999999999993
0.003078156312625251, 0.771323088805068, 7.348556891457453E-4, 5.517758775065886, -0.006015272327106658, 0.0, 0.11820511652070628, 0.11218984419357853, -7.1856391424161945, 0.0, 167.45659673679265, 160.27095759436702, 1.0000120214188275, 0.0, 6.601726499457626, 7.601738520895728, 6.327999999999994
0.003085971943887776, 0.7731694309076822, 7.36721533668967E-4, 5.596834466871655, -0.006028677247020381, 0.0, 0.11851746229962556, 0.1124887850525862, -7.18310459273387, 0.0, 167.3493013447727, 160.16619675204007, 1.0000106977841112, 0.0, 6.477850079606724, 7.477860777417842, 6.327999999999995
0.0030937875751503013, 0.7750069454562662, 7.385873781921886E-4, 5.6792606890066395, -0.006042077443778315, 0.0, 0.11882962035235387, 0.11278754290856091, -7.180576383607395, 0.0, 167.25531415785767, 160.07473777424104, 1.0000094511617705, 0.0, 6.367619809210051, 7.367629260382399, 6.327999999999994
0.003101603206412826, 0.7768355631852667, 7.404532227154102E-4, 5.764985837520953, -0.006055472929183342, 0.0, 0.11914161518296201, 0.11308614225375796, -7.178054485471511, 0.0, 167.17428569745087, 159.99623121199167, 1.000008278542867, 0.0, 6.2706505616044295, 7.270658840187586, 6.327999999999995
0.0031094188376753515, 0.7786552177257201, 7.423190672386318E-4, 5.853958279898507, -0.006068863714983342, 0.0, 0.11945347064903092, 0.11338460693402924, -7.175538868927957, 0.0, 167.10587246768026, 159.93033359875133, 1.0000071770048713, 0.0, 6.186564422167751, 7.186571599196353, 6.327999999999995
0.0031172344689378764, 0.7804658455555776, 7.441849117618535E-4, 5.946126368245643, -0.006082249812871489, 0.0, 0.11976520997278992, 0.11368296015990606, -7.173029504744664, 0.0, 167.0497368941121, 159.87670738935446, 1.0000061437096934, 0.0, 6.114990596654306, 7.114996740367634, 6.327999999999996
0.0031250501002004017, 0.7822673859507988, 7.460507562850751E-4, 6.041438452361433, -0.006095631234486575, 0.0, 0.12007685575205568, 0.11398122451755174, -7.170526363854931, 0.0, 167.00554726345922, 159.83502089961317, 1.0000051759018085, 0.0, 6.055565321248278, 7.055570497182218, 6.327999999999996
0.0031328657314629266, 0.7840597809369357, 7.479166008082967E-4, 6.1398428927219015, -0.006109007991413307, 0.0, 0.12038842997115107, 0.11427942197972013, -7.168029417356619, 0.0, 166.97297766306107, 159.8049482457157, 1.0000042709063657, 0.0, 6.007931772859489, 7.007936043800695, 6.327999999999997
0.003140681362725452, 0.7858429752408742, 7.497824453315184E-4, 6.241288073292537, -0.006122380095182621, 0.0, 0.12069995401165232, 0.1145775739164534, -7.165538636511335, 0.0, 166.9517079207295, 159.78616928423207, 1.0000034261273711, 0.0, 5.971739980449861, 6.971743406612856, 6.327999999999998
0.0031484969939879768, 0.7876169162433437, 7.5164828985474E-4, 6.345722414287252, -0.0061357475572719825, 0.0, 0.12101144866309094, 0.1148757011057999, -7.163053992743617, 0.0, 166.94142354493087, 159.7783695521862, 1.0000026390458974, 0.0, 5.9466467371807665, 6.946649376250956, 6.327999999999997
0.003156312625250502, 0.7893815539318744, 7.535141343779616E-4, 6.453094384753399, -0.006149110389105692, 0.0, 0.12132293413341089, 0.11517382374429092, -7.1605754576401495, 0.0, 166.94181566535855, 159.78124020772506, 1.0000019072182864, 0.0, 5.932315513692576, 6.932317420936452, 6.327999999999998
0.003164128256513027, 0.791136840854071, 7.553799789011832E-4, 6.563352515013094, -0.006162468602055187, 0.0, 0.12163443005947433, 0.1154719614574029, -7.158103002948934, 0.0, 166.95258097368017, 159.79447797072268, 1.0000012282744664, 0.0, 5.928416371898731, 6.928417600186144, 6.327999999999998
0.0031719438877755523, 0.7928827320714559, 7.572458234244049E-4, 6.67644540904746, -0.0061758222074393375, 0.0, 0.12194595551735773, 0.11577013330990038, -7.155636600578509, 0.0, 166.97342166438145, 159.81778506380618, 1.0000005999162171, 0.0, 5.934625879552045, 6.934626479495314, 6.327999999999998
0.003179759519038077, 0.7946191851137525, 7.591116679476265E-4, 6.792321756683521, -0.006189171216524749, 0.0, 0.12225752903256246, 0.11606835781602229, -7.15317622259714, 0.0, 167.00404537634293, 159.85086915374586, 1.0000000199155217, 0.0, 5.950627026043823, 6.950627045979697, 6.3279999999999985
0.003187575150300602, 0.796346159933679, 7.60977512470848E-4, 6.910930345703719, -0.006202515640526062, 0.0, 0.12256916859013986, 0.11636665294959658, -7.150721841232013, 0.0, 167.04416513409902, 159.89344329286607, 0.9999994861129532, 0.0, 5.97610913837695, 6.9761086245115855, 6.3279999999999985
0.003195390781563127, 0.7980636188621635, 7.628433569940696E-4, 7.032220073785197, -0.0062158554906062416, 0.0, 0.12288089164463711, 0.11666503615400928, -7.1482734288684675, 0.0, 167.09349929006655, 159.94522586120192, 0.9999989964160372, 0.0, 6.010767798714796, 7.01076679516301, 6.3279999999999985
0.003203206412825652, 0.7997715265639386, 7.647092015172913E-4, 7.1561399603358495, -0.00622919077787688, 0.0, 0.12319271513004929, 0.11696352435215274, -7.145830958049172, 0.0, 167.15177146636373, 160.0059405083176, 0.9999985487977227, 0.0, 6.0543047618733095, 7.054303310699792, 6.3279999999999985
0.003211022044088177, 0.8014698499936732, 7.665750460405129E-4, 7.282639158136135, -0.006242521513398478, 0.0, 0.12350465546954448, 0.11726213395612967, -7.143394401473358, 0.0, 167.21871049743189, 160.07531609597117, 0.9999981412948097, 0.0, 6.1064278742673554, 7.106426015596148, 6.327999999999998
0.003218837675350702, 0.8031585583526645, 7.684408905637345E-4, 7.411666964965548, -0.0062558477081807486, 0.0, 0.12381672858515641, 0.11756088087695651, -7.140963731996027, 0.0, 167.29405037276746, 160.15308664076346, 0.9999977720064569, 0.0, 6.16685099335465, 7.166848765378028, 6.3279999999999985
0.0032266533066132273, 0.8048376230456676, 7.703067350869562E-4, 7.543172834924803, -0.0062691693731828976, 0.0, 0.12412894990736639, 0.11785978053416576, -7.138538922627145, 0.0, 167.37753017962842, 160.23899125701433, 0.9999974390927108, 0.0, 6.235293907535993, 7.235291346664805, 6.327999999999998
0.003234468937875752, 0.8065070176386624, 7.721725796101778E-4, 7.677106389787923, -0.006282486519313915, 0.0, 0.12444133438452037, 0.1181588478651815, -7.136119946530893, 0.0, 167.4688940467471, 160.33277410022524, 0.9999971407730287, 0.0, 6.311482257606523, 7.311479398420892, 6.3279999999999985
0.0032422845691382775, 0.8081667178163594, 7.740384241333994E-4, 7.813417430083973, -0.0062957991574328675, 0.0, 0.12475389649223317, 0.11845809733478888, -7.133706777024854, 0.0, 167.56789108739335, 160.43418431037944, 0.9999968753248838, 0.0, 6.39514745789518, 7.395144333245782, 6.328
0.0032501002004008024, 0.8098167013411464, 7.75904268656621E-4, 7.952055946124574, -0.006309107298349173, 0.0, 0.12506665024258964, 0.11875754294422006, -7.131299387579264, 0.0, 167.67427534362963, 160.54297595605104, 0.9999966410823448, 0.0, 6.48602661917482, 7.486023260284131, 6.3279999999999985
0.0032579158316633277, 0.8114569480113116, 7.777701131798427E-4, 8.092972128758788, -0.006322410952822892, 0.0, 0.12537960919332003, 0.11905719824048705, -7.128897751816205, 0.0, 167.78780573013475, 160.65890797832319, 0.9999964364347257, 0.0, 6.583862471481061, 7.583858907933399, 6.3279999999999985
0.0032657314629258526, 0.8130874396205834, 7.796359577030643E-4, 8.236116380262956, -0.006335710131565015, 0.0, 0.12569278645683737, 0.11935707632526182, -7.126501843508853, 0.0, 167.90824597865145, 160.78174413515362, 0.9999962598252446, 0.0, 6.688403288033392, 7.688399547883176, 6.3279999999999985
0.003273547094188378, 0.8147081599178928, 7.815018022262859E-4, 8.381439324669714, -0.0063490048452377315, 0.0, 0.1260061947091385, 0.11965718986388912, -7.1241116365807, 0.0, 168.0353645827725, 160.91125294622398, 0.9999961097496907, 0.0, 6.799402809963869, 7.7993989197606535, 6.328
0.003281362725450903, 0.8163190945673439, 7.833676467495076E-4, 8.528891818379975, -0.006362295104454718, 0.0, 0.12631984619871295, 0.11995755109423997, -7.121727105104777, 0.0, 168.16893474275415, 161.04720763764664, 0.9999959847551585, 0.0, 6.916620171349044, 7.916616156124808, 6.328
0.0032891783567134277, 0.8179202311089282, 7.852334912727291E-4, 8.678424960242864, -0.00637558091978141, 0.0, 0.12663375275514607, 0.12025817183534546, -7.119348223302905, 0.0, 168.30873431081275, 161.18938608752669, 0.9999958834387526, 0.0, 7.039819825397206, 8.039815708877246, 6.328
0.0032969939879759526, 0.8195115589192598, 7.870993357959507E-4, 8.82999010183778, -0.006388862301735293, 0.0, 0.1269479257979246, 0.1205590634961741, -7.116974965544901, 0.0, 168.45454573652535, 161.33757077099546, 0.9999958044463909, 0.0, 7.1687714707535735, 8.168767275234302, 6.328
0.003304809619238478, 0.8210930691733349, 7.889651803191723E-4, 8.983538857337521, -0.006402139260786158, 0.0, 0.12726237634479054, 0.12086023708398869, -7.114607306347847, 0.0, 168.60615601282856, 161.49154870647166, 0.9999957464715434, 0.0, 7.303249979247843, 8.303245725730228, 6.327999999999999
0.003312625250501003, 0.822664754806145, 7.90831024842394E-4, 9.139023113287635, -0.006415411807356389, 0.0, 0.12757711502028324, 0.12116170321290903, -7.112245220375306, 0.0, 168.76335662186779, 161.6511114015022, 0.9999957082540764, 0.0, 7.443035323511683, 8.44303103179799, 6.327999999999999
0.003320440881763528, 0.8242266104750171, 7.926968693656156E-4, 9.296395038376545, -0.006428679951821238, 0.0, 0.1278921520640115, 0.12146347211218106, -7.109888682436575, 0.0, 168.925943481495, 161.81605479904533, 0.9999956885790708, 0.0, 7.587912505843722, 8.587908194421308, 6.328
0.003328256513026053, 0.8257786325223979, 7.945627138888372E-4, 9.455607092836885, -0.006441943704509079, 0.0, 0.12820749733891862, 0.12176555363439362, -7.107537667485925, 0.0, 169.09371689172667, 161.98617922428622, 0.9999956862756688, 0.0, 7.737671487291317, 8.737667173632477, 6.328
0.0033360721442885783, 0.8273208189388699, 7.964285584120588E-4, 9.616612037844106, -0.0064552030757017, 0.0, 0.12852316033933397, 0.12206795726361497, -7.105192150621854, 0.0, 169.2664814819715, 162.161289331386, 0.9999957002159667, 0.0, 7.892107118014782, 8.89210281828885, 6.328
0.003343887775551103, 0.8288531693268055, 7.982944029352805E-4, 9.779362944690888, -0.006468458075634552, 0.0, 0.1288391501991022, 0.12237069212345036, -7.102852107086318, 0.0, 169.44404615784393, 162.3411940507697, 0.9999957293139126, 0.0, 8.05101906737659, 9.0510147967242, 6.328
0.0033517034068136285, 0.8303756848641892, 8.001602474585021E-4, 9.943813203836612, -0.0064817087144970345, 0.0, 0.12915547569945462, 0.12267376698494115, -7.100517512264012, 0.0, 169.6262240488291, 162.52570653658154, 0.9999957725242178, 0.0, 8.214211755438024, 9.214207527999204, 6.328
0.0033595190380761534, 0.8318883682690454, 8.020260919817237E-4, 10.109916533748901, -0.006494955002432741, 0.0, 0.1294721452768392, 0.12297719027438775, -7.098188341681582, 0.0, 169.81283245605354, 162.71464411436335, 0.9999958288413195, 0.0, 8.381494284839098, 9.381490113695156, 6.328000000000001
0.0033673346693386783, 0.8333912237644152, 8.038919365049454E-4, 10.27762698968536, -0.006508196949539738, 0.0, 0.1297891670306776, 0.12328097008112354, -7.095864571006925, 0.0, 170.0036928001944, 162.90782822919812, 0.9999958972983202, 0.0, 8.552680373128988, 9.552676270455773, 6.327999999999999
0.0033751503006012036, 0.8348842570432937, 8.05757781028167E-4, 10.446898972170516, -0.006521434565870825, 0.0, 0.13010654873097516, 0.12358511416508755, -7.093546176048416, 0.0, 170.19863056991736, 163.105084393912, 0.999995976965994, 0.0, 8.727588286024119, 9.727584263054007, 6.328
0.0033829659318637285, 0.8363674752343166, 8.076236255513886E-4, 10.61768723543912, -0.006534667861433792, 0.0, 0.1304242978259224, 0.12388962996446712, -7.091233132754172, 0.0, 170.3974752704449, 163.30624213771708, 0.9999960669517918, 0.0, 8.90604077101717, 9.906036838021965, 6.327999999999999
0.003390781563126254, 0.8378408868679625, 8.094894700746102E-4, 10.789946895695266, -0.006547896846191682, 0.0, 0.1307424214492447, 0.12419452460304092, -7.08892541721133, 0.0, 170.6000603722842, 163.5111349550563, 0.9999961663988496, 0.0, 9.087864991664587, 10.0878611580618, 6.328000000000001
0.0033985971943887787, 0.8393045018426728, 8.113553145978319E-4, 10.963633439138107, -0.006561121530063049, 0.0, 0.13106092642764827, 0.12449980489756651, -7.086623005645295, 0.0, 170.80622326052554, 163.71960025488852, 0.999996274485049, 0.0, 9.272892462523892, 10.272888737040278, 6.328
0.0034064128256513036, 0.8407583313918883, 8.132211591210534E-4, 11.13870272986037, -0.006574341922922215, 0.0, 0.13137981928804188, 0.12480547736509506, -7.084325874419013, 0.0, 171.01580518423532, 163.93147930983352, 0.9999963904220812, 0.0, 9.46095898466038, 10.460955375129878, 6.327999999999999
0.003414228456913829, 0.8422023880513376, 8.150870036442751E-4, 11.31511101768615, -0.006587558034599532, 0.0, 0.13169910626464304, 0.12511154823002496, -7.082034000032243, 0.0, 171.22865120620457, 164.14661720623567, 0.9999965134545252, 0.0, 9.65190458184067, 10.651901095381275, 6.328000000000001
0.0034220440881763538, 0.8436366856263058, 8.169528481674967E-4, 11.492814945631267, -0.006600769874881622, 0.0, 0.1320187933061734, 0.12541802343128172, -7.079747359120816, 0.0, 171.44461015287584, 164.3648627937685, 0.9999966428589552, 0.0, 9.845573436981947, 10.84557007986669, 6.327999999999999
0.0034298597194388786, 0.8450612391601908, 8.188186926907183E-4, 11.671771557406487, -0.0066139774535116476, 0.0, 0.13233888608272243, 0.1257249086291885, -7.077465928455931, 0.0, 171.66353456449824, 164.586068636065, 0.9999967779430526, 0.0, 10.041813829418386, 11.041810607411362, 6.327999999999999
0.003437675350701404, 0.8464760649024421, 8.206845372139399E-4, 11.851938304632199, -0.0066271807801895535, 0.0, 0.13265938999264315, 0.1260322092124359, -7.07518968494341, 0.0, 171.88528064603307, 164.8100909611021, 0.9999969180447582, 0.0, 10.240478073055058, 11.240474991133826, 6.328
0.003445490981963929, 0.8478811802776689, 8.225503817371615E-4, 12.033273053864718, -0.006640379864572317, 0.0, 0.13298031016942485, 0.12633993030482804, -7.072918605622986, 0.0, 172.10970821761703, 165.03678961196658, 0.9999970625314161, 0.0, 10.441422454280646, 11.44141951681442, 6.327999999999999
0.003453306613226454, 0.8492766038546569, 8.244162262603832E-4, 12.215734093662945, -0.006653574716274201, 0.0, 0.13330165148830153, 0.12664807677200624, -7.0706526676675825, 0.0, 172.33668066581052, 165.26602799817599, 0.9999972107989512, 0.0, 10.644507171156869, 11.64450438201446, 6.328000000000001
0.003461122244488979, 0.8506623553160138, 8.262820707836048E-4, 12.39928014115685, -0.006666765344867, 0.0, 0.13362341857289683, 0.12695665322801258, -7.068391848382584, 0.0, 172.56606489512393, 165.49767304673682, 0.999997362271074, 0.0, 10.849596273004343, 11.849593635291772, 6.328000000000001
0.0034689378757515044, 0.8520384554283322, 8.281479153068264E-4, 12.583870348755, -0.006679951759880292, 0.0, 0.1339456158017559, 0.12726566404186768, -7.066136125205155, 0.0, 172.79773127945015, 165.73159515421534, 0.999997516398457, 0.0, 11.056557600193345, 12.056555116571708, 6.328
0.0034767535070140292, 0.8534049260122059, 8.30013759830048E-4, 12.769464310465764, -0.006693133970801667, 0.0, 0.13426824731477843, 0.1275751133439631, -7.063885475703481, 0.0, 173.03155361413178, 165.96766813843652, 0.9999976726579867, 0.0, 11.265262724844694, 12.265260397527369, 6.327999999999999
0.0034845691382765546, 0.8547617899131845, 8.318796043532697E-4, 12.956022068202174, -0.006706311987076994, 0.0, 0.13459131701949534, 0.12788500503239975, -7.061639877576098, 0.0, 173.26740906824196, 166.2057691906825, 0.9999978305519902, 0.0, 11.475586892085852, 12.475584722676826, 6.328
0.0034923847695390794, 0.8561090709729171, 8.337454488764913E-4, 13.143504117794237, -0.006719485818110644, 0.0, 0.13491482859740522, 0.12819534277927574, -7.059399308651157, 0.0, 173.50517813703996, 166.445778828393, 0.9999979896074976, 0.0, 11.687408961557349, 12.687406951191637, 6.327999999999999
0.0035002004008016048, 0.8574467940005364, 8.356112933997129E-4, 13.331871414933858, -0.0067326554732657475, 0.0, 0.1352387855100679, 0.12850613003678268, -7.057163746885737, 0.0, 173.7447445947131, 166.68758084787578, 0.9999981493755123, 0.0, 11.900611349643757, 12.900609499090967, 6.328
0.0035080160320641296, 0.8587749847445714, 8.374771379229346E-4, 13.5210853808494, -0.006745820961864415, 0.0, 0.13556319100523806, 0.1288173700433406, -7.054933170365131, 0.0, 173.98599544761663, 166.93106227726605, 0.9999983094302874, 0.0, 12.115079972294474, 13.115078281778793, 6.328
0.003515831663326655, 0.860093669865232, 8.393429824461562E-4, 13.711107907887708, -0.006758982293187998, 0.0, 0.135888048122764, 0.12912906582956557, -7.052707557302145, 0.0, 174.2288208873323, 167.17611333003126, 0.9999984693686458, 0.0, 12.330704188082725, 13.330702657464913, 6.327999999999999
0.0035236472945891794, 0.8614028769070334, 8.412088269693777E-4, 13.901901364883543, -0.006772139476477307, 0.0, 0.136213359700608, 0.12944122022412136, -7.050486886036406, 0.0, 174.47311424464357, 167.4226273586291, 0.9999986288092798, 0.0, 12.547376742169044, 13.547375371011325, 6.328
0.003531462925851705, 0.8627026342716697, 8.430746714925995E-4, 14.093428602404629, -0.00678529252093286, 0.0, 0.13653912838057586, 0.1297538358596348, -7.048271135033653, 0.0, 174.71877194326657, 167.67050080823796, 0.9999987873920985, 0.0, 12.764993710499006, 13.764992497905869, 6.327999999999999
0.0035392785571142296, 0.863992971191542, 8.44940516015821E-4, 14.28565295768226, -0.006798441435715106, 0.0, 0.13686535661403482, 0.13006691517831032, -7.046060282885057, 0.0, 174.9656934539253, 167.9196331710637, 0.9999989447775548, 0.0, 12.983454444484684, 13.983453389296823, 6.328
0.0035470941883767545, 0.8652739177032172, 8.468063605390426E-4, 14.47853825963989, -0.0068115862299446715, 0.0, 0.13719204666765134, 0.13038046043768842, -7.0438543083065195, 0.0, 175.2137812491092, 168.16992694082626, 0.9999991006460196, 0.0, 13.202661516469906, 14.202660617161078, 6.328
0.00355490981963928, 0.866545504621858, 8.486722050622642E-4, 14.672048833438566, -0.006824726912702588, 0.0, 0.1375192006288014, 0.1306944737160829, -7.041653190137982, 0.0, 175.46294075763805, 168.42128756750293, 0.9999992546971587, 0.0, 13.422520665510637, 14.422519920229437, 6.328
0.0035627254509018047, 0.8678077635154375, 8.505380495854859E-4, 14.86614950500848, -0.006837863493030511, 0.0, 0.13784682041120705, 0.131008956918164, -7.039456907342746, 0.0, 175.7130803197358, 168.67362341237896, 0.9999994066492955, 0.0, 13.642940743514139, 14.642940150164073, 6.328000000000001
0.00357054108216433, 0.8690607266795058, 8.524038941087075E-4, 15.060805605467294, -0.006850995979930969, 0.0, 0.1381749077602113, 0.1313239117802671, -7.03726543900678, 0.0, 175.96411114225765, 168.92684570327233, 0.9999995562388397, 0.0, 13.863833662073182, 14.863833218349027, 6.327999999999999
0.003578356713426855, 0.8703044271124725, 8.542697386319291E-4, 15.25598297520878, -0.006864124382367577, 0.0, 0.13850346425811694, 0.1316393398757335, -7.035078764338045, 0.0, 176.2159472545645, 169.18086849022438, 0.999999703219677, 0.0, 14.085114339982495, 15.085114043218674, 6.3279999999999985
0.0035861723446893802, 0.8715388984910866, 8.561355831551507E-4, 15.45164796793847, -0.006877248709265268, 0.0, 0.13883249132944353, 0.131955242620164, -7.032896862665793, 0.0, 176.46850546392955, 169.43560860130202, 0.9999998473626195, 0.0, 14.306700650492676, 15.306700497910228, 6.327999999999999
0.003593987975951905, 0.8727641751463286, 8.580014276783724E-4, 15.647767454456698, -0.006890368969510525, 0.0, 0.13916199024600673, 0.13227162127648373, -7.030719713439926, 0.0, 176.72170531229003, 169.6909855988819, 0.99999998845482, 0.0, 14.528513370221917, 15.528513358723062, 6.3279999999999985
0.0036018036072144304, 0.8739802920394695, 8.59867272201594E-4, 15.844308826326824, -0.006903485171951592, 0.0, 0.139491962132074, 0.13258847696009718, -7.028547296230272, 0.0, 176.975469032048, 169.9469217358217, 1.0000001262992413, 0.0, 14.750476127130975, 15.750476253463466, 6.327999999999999
0.0036096192384769553, 0.8751872847388409, 8.617331167248156E-4, 16.041239999313575, -0.00691659732539871, 0.0, 0.13982240796921563, 0.13290581064379992, -7.026379590725962, 0.0, 177.22972150324733, 170.203341912597, 1.000000260714103, 0.0, 14.972515350328566, 15.972515611138057, 6.327999999999999
0.0036174348697394806, 0.8763851893966501, 8.635989612480373E-4, 16.238529416729307, -0.006929705438624332, 0.0, 0.14015332860133206, 0.13322362316268038, -7.024216576734711, 0.0, 177.48439021050598, 170.46017363379528, 1.0000003915323759, 0.0, 15.194560219524647, 16.19456061111272, 6.328
0.0036252505010020055, 0.8775740427261183, 8.654648057712589E-4, 16.436146052461254, -0.006942809520363345, 0.0, 0.14048472473938411, 0.13354191521900677, -7.022058234182182, 0.0, 177.73940519997197, 170.71734696582683, 1.0000005186012548, 0.0, 15.416542614946186, 16.41654313360066, 6.328
0.003633066132264531, 0.878753881979393, 8.673306502944805E-4, 16.63405941402334, -0.006955909579313294, 0.0, 0.14081659696621723, 0.133860687386874, -7.019904543111305, 0.0, 177.99469903724503, 170.97479449416167, 1.000000641781663, 0.0, 15.638397068201913, 16.63839771004601, 6.328
0.0036408817635270557, 0.879924744925078, 8.691964948177021E-4, 16.832239545217817, -0.006969005624134589, 0.0, 0.14114894574109116, 0.13417994011694362, -7.017755483681615, 0.0, 178.25020676504224, 171.23245128136344, 1.0000007609477513, 0.0, 15.860060713320602, 16.860061474286077, 6.327999999999999
0.003648697394789581, 0.8810866698268955, 8.710623393409238E-4, 17.030657028771884, -0.006982097663450737, 0.0, 0.1414817714044212, 0.1344996737409483, -7.015611036168584, 0.0, 178.50586586135455, 171.49025482520727, 1.0000008759864465, 0.0, 16.08147323812252, 17.081474114155736, 6.328
0.0036565130260521055, 0.8822396954219585, 8.729281838641453E-4, 17.229282988792875, -0.00699518570584854, 0.0, 0.14181507418214678, 0.13481988847628357, -7.013471180962967, 0.0, 178.76161619782977, 171.74814501689463, 1.00000098679695, 0.0, 16.30257683633105, 17.302577823172633, 6.327999999999999
0.003664328657314631, 0.8833838608998823, 8.747940283873669E-4, 17.42808909291807, -0.007008269759878332, 0.0, 0.142148854190273, 0.13514058443037769, -7.0113358985701515, 0.0, 179.0173999983946, 172.00606409983112, 1.000001093290296, 0.0, 16.52331615980653, 17.523317253122926, 6.327999999999999
0.0036721442885771557, 0.8845192058820577, 8.766598729105885E-4, 17.62704755446498, -0.007021349834054167, 0.0, 0.14248311143913617, 0.13546176160505774, -7.009205169609476, 0.0, 179.27316179829876, 172.263956628712, 1.0000011953889152, 0.0, 16.743638271597817, 17.743639467037134, 6.327999999999999
0.003679959919839681, 0.8856457704013168, 8.785257174338102E-4, 17.826131134301022, -0.0070344259368540505, 0.0, 0.14281784583767143, 0.1357834199007908, -7.007078974813608, 0.0, 179.528848403375, 172.52176942859995, 1.0000012930261726, 0.0, 16.963492599284294, 17.963493892379294, 6.327999999999999
0.003687775551102206, 0.8867635948815322, 8.803915619570318E-4, 18.025313142595678, -0.007047498076720142, 0.0, 0.14315305719772464, 0.1361055591209811, -7.0049572950278725, 0.0, 179.78440884937766, 172.77945155437672, 1.0000013861459698, 0.0, 17.18283088842109, 18.18283227462057, 6.327999999999999
0.0036955911823647308, 0.8878727201184402, 8.822574064802534E-4, 18.224567440144256, -0.007060566262058964, 0.0, 0.14348874523805077, 0.13642817897597925, -7.002840111209605, 0.0, 180.03979436203412, 173.03695425084524, 1.0000014747023085, 0.0, 17.4016071571276, 18.40160863186484, 6.3279999999999985
0.003703406813627256, 0.8889731872595781, 8.841232510034751E-4, 18.423868440159822, -0.007073630501241618, 0.0, 0.14382490958842808, 0.136751279087169, -7.000727404427514, 0.0, 180.29495831684943, 173.29423091245278, 1.0000015586588933, 0.0, 17.61977765036703, 18.619779209076537, 6.3279999999999985
0.003711222444889781, 0.8900650377856505, 8.859890955266967E-4, 18.623191108992387, -0.0070866908026039795, 0.0, 0.1441615497935993, 0.1370748589909826, -6.998619155861028, 0.0, 180.54985619963318, 173.55123704380784, 1.0000016379887342, 0.0, 17.837300795213533, 18.8373024332523, 6.327999999999999
0.0037190380761523063, 0.8911483134915632, 8.878549400499183E-4, 18.822510967549533, -0.007099747174446911, 0.0, 0.1444986653172149, 0.13739891814275607, -6.996515346799658, 0.0, 180.80444556717748, 173.80793022038898, 1.0000017126737482, 0.0, 18.054137156334328, 19.054138869032638, 6.3279999999999985
0.003726853707414831, 0.8922230564679277, 8.8972078457314E-4, 19.02180409189691, -0.007112799625036475, 0.0, 0.14483625554562185, 0.137723455920568, -6.994415958642352, 0.0, 181.05868600798283, 174.06427004936606, 1.0000017827044145, 0.0, 18.27024939175862, 19.270251174508164, 6.328
0.0037346693386773565, 0.893289309083066, 8.915866290963616E-4, 19.22104711399379, -0.007125848162604115, 0.0, 0.14517431979160422, 0.13804847162898826, -6.9923209728968745, 0.0, 181.31253910365652, 174.320218130791, 1.0000018480793484, 0.0, 18.485602209435836, 19.48560405755986, 6.328
0.0037424849699398814, 0.8943471139648684, 8.934524736195832E-4, 19.420217222295832, -0.007138892795346885, 0.0, 0.145512857298141, 0.13837396450278683, -6.990230371179138, 0.0, 181.56596839026926, 174.57573801908, 1.0000019088050156, 0.0, 18.700162323792505, 19.700164232595544, 6.327999999999999
0.0037503006012024067, 0.8953965139836519, 8.953183181428048E-4, 19.61929216190083, -0.0071519335314276285, 0.0, 0.1458518672419411, 0.13869993371049383, -6.988144135212609, 0.0, 181.81893932008103, 174.83079518484806, 1.00000196489531, 0.0, 18.913898412968212, 19.91390037786508, 6.3279999999999985
0.0037581162324649316, 0.8964375522345662, 8.971841626660265E-4, 19.81825023492297, -0.007164970378975191, 0.0, 0.146191348737011, 0.13902637835802722, -6.98606224682765, 0.0, 182.07141922368626, 175.08535697690087, 1.0000020163712586, 0.0, 19.126781076489948, 20.12678309291303, 6.327999999999998
0.003765931863727457, 0.8974702720209846, 8.990500071892481E-4, 20.01707030023431, -0.00717800334608462, 0.0, 0.1465313008381316, 0.13935329749202863, -6.983984687960901, 0.0, 182.32337727238365, 175.33939258445977, 1.0000020632606745, 0.0, 19.338782793328104, 20.338784856646228, 6.3279999999999985
0.0037737474949899813, 0.8984947168377131, 9.009158517124696E-4, 20.215731773586867, -0.007191032440817346, 0.0, 0.14687172254423309, 0.13968069010340445, -6.981911440654654, 0.0, 182.57478444060038, 175.59287299997368, 1.0000021055978188, 0.0, 19.549877880173156, 20.54987998581146, 6.3279999999999985
0.0037815631262525067, 0.899510930354674, 9.027816962356912E-4, 20.414214626972353, -0.0072040576712014085, 0.0, 0.14721261280176456, 0.140008555130558, -6.979842487056225, 0.0, 182.8256134687067, 175.84577098167068, 1.0000021434231101, 0.0, 19.760042450160668, 20.760044593609738, 6.327999999999999
0.0037893787575150315, 0.9005189564009481, 9.046475407589129E-4, 20.612499388189008, -0.007217079045231615, 0.0, 0.14755397050794283, 0.14033689146269035, -6.977777809417338, 0.0, 183.07583882657153, 176.09806101717285, 1.0000021767827842, 0.0, 19.96925437252089, 20.969256549345417, 6.3279999999999985
0.003797194388777557, 0.9015188389491646, 9.065133852821345E-4, 20.810567140292278, -0.007230096570869774, 0.0, 0.1478957945138798, 0.14066569794298733, -6.975717390093501, 0.0, 183.32543667656003, 176.3497192865061, 1.0000022057286253, 0.0, 20.177493231852775, 21.177495437646, 6.327999999999998
0.0038050100200400817, 0.9025106220997539, 9.083792298053561E-4, 21.008399520531384, -0.007243110256044853, 0.0, 0.14823808362781132, 0.1409949733717406, -6.973661211543391, 0.0, 183.57438483750542, 176.60072362599482, 1.0000022303176457, 0.0, 20.384740288306332, 21.384742518685236, 6.327999999999999
0.003812825651302607, 0.9034943500662438, 9.102450743285778E-4, 21.205978719413906, -0.00725612010865319, 0.0, 0.14858083661807964, 0.1413247165094238, -6.971609256328237, 0.0, 183.82266274855127, 176.8510534922795, 1.0000022506118107, 0.0, 20.590978437952824, 21.590980688624025, 6.327999999999999
0.003820641282565132, 0.9044700671601604, 9.121109188517994E-4, 21.40328747961439, -0.007269126136558686, 0.0, 0.14892405221617888, 0.1416549260796105, -6.969561507111212, 0.0, 184.07025143367474, 177.10068992661996, 1.000002266677774, 0.0, 20.796192173809477, 21.7961944405543, 6.3279999999999985
0.0038284569138276573, 0.9054378177764466, 9.13976763375021E-4, 21.600309094298154, -0.007282128347592981, 0.0, 0.14926772911960784, 0.14198560077199252, -6.967517946656817, 0.0, 184.31713346595853, 177.3496155193291, 1.0000022785865816, 0.0, 21.000367546866343, 22.000369825504762, 6.3279999999999985
0.003836272545090182, 0.9063976463794332, 9.158426078982426E-4, 21.797027405960762, -0.007295126749555657, 0.0, 0.14961186599478715, 0.1423167392452166, -6.965478557830279, 0.0, 184.56329293257505, 177.59781437476482, 1.0000022864134324, 0.0, 21.203492127795077, 22.20349441424483, 6.3279999999999985
0.0038440881763527075, 0.9073495974886372, 9.177084524214643E-4, 21.99342680448899, -0.00730812135021441, 0.0, 0.149956461479817, 0.14264834012958116, -6.963443323596948, 0.0, 184.80871539993925, 177.8452720763647, 1.0000022902373913, 0.0, 21.405554969039798, 22.405557259322954, 6.3279999999999985
0.0038519038076152323, 0.9082937156652782, 9.195742969446859E-4, 22.189492225409595, -0.007321112157305258, 0.0, 0.15030151418724536, 0.14298040202992257, -6.961412227021679, 0.0, 185.05338787897676, 178.09197565196743, 1.0000022901411854, 0.0, 21.606546567049307, 22.606548857221892, 6.327999999999998
0.0038597194388777572, 0.9092300454987194, 9.214401414679075E-4, 22.38520914782339, -0.007334099178532701, 0.0, 0.1506470227066875, 0.14331292352814207, -6.959385251268241, 0.0, 185.29729879102624, 178.33791353977048, 1.0000022862109226, 0.0, 21.806458825341586, 22.806461111578827, 6.3279999999999985
0.0038675350701402825, 0.9101586315932066, 9.233059859911292E-4, 22.580563592211547, -0.007347082421569921, 0.0, 0.15099298560745755, 0.14364590318585513, -6.957362379598725, 0.0, 185.54043793343794, 178.583075553881, 1.000002278535863, 0.0, 22.005285017286234, 23.0052872958991, 6.3279999999999985
0.0038753507014028074, 0.9110795185554141, 9.251718305143508E-4, 22.775542118122303, -0.007360061894058962, 0.0, 0.15133940144105795, 0.14397933954698183, -6.955343595372933, 0.0, 185.78279644624948, 178.8274528509154, 1.0000022672082078, 0.0, 22.203019750151235, 23.203022017416853, 6.3279999999999985
0.0038831663326653327, 0.9119927509815744, 9.270376750375724E-4, 22.97013182166893, -0.007373037603610909, 0.0, 0.1516862687437377, 0.14431323114010686, -6.953328882047796, 0.0, 186.02436677831963, 179.0710378963074, 1.000002252322857, 0.0, 22.39965892856595, 23.399661180945873, 6.3279999999999985
0.003890981963927857, 0.9128983734452212, 9.289035195607939E-4, 23.16432033276851, -0.007386009557806074, 0.0, 0.15203358603879746, 0.14464757648097248, -6.951318223176773, 0.0, 186.26514265447275, 179.31382443134302, 1.0000022339772077, 0.0, 22.595199719298737, 23.595201953343334, 6.327999999999999
0.0038987975951903825, 0.9137964304849975, 9.307693640840156E-4, 23.358095812466217, -0.007398977764194169, 0.0, 0.15238135183904278, 0.14498237407483494, -6.949311602409265, 0.0, 186.50511904218112, 179.55580743980565, 1.0000022122709327, 0.0, 22.789640515442557, 23.789642727761983, 6.3279999999999985
0.003906613226452907, 0.9146869665933521, 9.326352086072372E-4, 23.55144694974115, -0.0074119422302944835, 0.0, 0.15272956464898713, 0.14531762241866986, -6.947309003490034, 0.0, 186.7442921193655, 179.79698311593205, 1.0000021873057778, 0.0, 22.982980902016358, 23.982983089403152, 6.327999999999998
0.003914428857715433, 0.9155700262045419, 9.345010531304588E-4, 23.74436295860278, -0.007424902963596078, 0.0, 0.15307822296713613, 0.1456533200035267, -6.945310410258603, 0.0, 186.98265924167484, 180.03734883144318, 1.0000021591853827, 0.0, 23.175221620985507, 24.175223780212136, 6.327999999999999
0.003922244488977958, 0.9164456536835659, 9.363668976536804E-4, 23.93683357454165, -0.007437859971557931, 0.0, 0.15342732528815006, 0.14598946531657497, -6.943315806648687, 0.0, 187.22021891055715, 180.27690310393925, 1.0000021280150568, 0.0, 23.36636453723029, 24.366366665294425, 6.327999999999998
0.0039300601202404825, 0.9173138933153453, 9.382327421769021E-4, 24.12884905132296, -0.007450813261609144, 0.0, 0.15377687010485985, 0.1463260568432373, -6.941325176687607, 0.0, 187.4569707416622, 180.51564556497817, 1.0000020939016199, 0.0, 23.55641260502715, 24.556414698946654, 6.327999999999999
0.003937875751503008, 0.9181747892937642, 9.400985867001237E-4, 24.320400157061158, -0.007463762841149105, 0.0, 0.154126855910511, 0.14666309306935743, -6.939338504495708, 0.0, 187.69291543266561, 180.75357692819543, 1.0000020569532209, 0.0, 23.745369833732614, 24.74537189071613, 6.327999999999998
0.003945691382765533, 0.9190283857114063, 9.419644312233453E-4, 24.511478170822556, -0.00747670871754764, 0.0, 0.15447728120055038, 0.14700057248298914, -6.937355774285794, 0.0, 187.92805473301655, 180.99069895875886, 1.0000020172791273, 0.0, 23.93324125590036, 24.933243273222015, 6.327999999999999
0.003953507014028058, 0.9198747265490428, 9.43830275746567E-4, 24.702074878340227, -0.00748965089814523, 0.0, 0.1548281444746783, 0.14733849357651474, -6.935376970362542, 0.0, 188.1623914120446, 181.22701444171202, 1.0000019749896145, 0.0, 24.12003289349668, 25.120034868535676, 6.3279999999999985
0.003961322645290583, 0.9207138556662113, 9.456961202697886E-4, 24.892182568242788, -0.007502589390253136, 0.0, 0.15517944423867547, 0.1476768548484073, -6.93340207712194, 0.0, 188.39592922886825, 181.46252715176078, 1.0000019301957532, 0.0, 24.305751726177643, 25.305753656403734, 6.3279999999999985
0.003969138276553108, 0.9215458167909882, 9.475619647930102E-4, 25.081794027614706, -0.007515524201153604, 0.0, 0.15553117900623414, 0.1480156548050644, -6.931431079050708, 0.0, 188.6286729017412, 181.6972418227318, 1.0000018830092756, 0.0, 24.490405659018904, 25.490407542086512, 6.327999999999999
0.0039769539078156335, 0.9223706535107872, 9.494278093162318E-4, 25.270902537767142, -0.007528455338100006, 0.0, 0.1558833473007415, 0.14835489196263918, -6.929463960725737, 0.0, 188.86062807806343, 181.9311641174105, 1.000001833542414, 0.0, 24.674003490979718, 25.674005324597346, 6.3279999999999985
0.003984769539078159, 0.9231884092630391, 9.512936538394535E-4, 25.45950186964501, -0.007541382808317029, 0.0, 0.15623594765697824, 0.14869456484865462, -6.927500706813534, 0.0, 189.0918013044105, 182.1643005976169, 1.0000017819077454, 0.0, 24.856554883492418, 25.856556665426986, 6.327999999999999
0.003992585170340683, 0.9239991273265353, 9.531594983626751E-4, 25.647586279206735, -0.0075543066190008334, 0.0, 0.15658897862271481, 0.14903467200370268, -6.9255413020696395, 0.0, 189.32219999697418, 182.39665869495857, 1.0000017282180742, 0.0, 25.03807032958768, 26.03807205787163, 6.327999999999999
0.004000400801603209, 0.9248028508123398, 9.550253428858967E-4, 25.83515050251708, -0.00756722677731921, 0.0, 0.15694243876036706, 0.14937521198302772, -6.923585731338077, 0.0, 189.55183241251555, 182.62824668123827, 1.0000016725862566, 0.0, 25.218561123485458, 26.218562796153577, 6.327999999999999
0.004008216432865733, 0.9255996226553727, 9.568911874091183E-4, 26.022189750986854, -0.00758014329041176, 0.0, 0.15729632664851234, 0.1497161833580909, -6.921633979550807, 0.0, 189.78070761919133, 182.8590736396857, 1.0000016151250941, 0.0, 25.398039330220687, 26.39804094540106, 6.327999999999998
0.004016032064128258, 0.9263894856065256, 9.587570319323399E-4, 26.208699706008247, -0.007593056165390053, 0.0, 0.15765064088337688, 0.15005758471796882, -6.919686031727149, 0.0, 190.0088354677462, 183.08914943607087, 1.0000015559472, 0.0, 25.576517755679205, 26.57651931169702, 6.327999999999998
0.004023847695390784, 0.9271724822241136, 9.606228764555615E-4, 26.39467651396899, -0.007605965409337788, 0.0, 0.15800538008029996, 0.15039941467095586, -6.917741872973246, 0.0, 190.23622656328948, 183.31848469035143, 1.0000014951648737, 0.0, 25.75400991725557, 26.754011412462205, 6.3279999999999985
0.004031663326653309, 0.9279486548665403, 9.624887209787832E-4, 26.58011678074581, -0.007618871029310945, 0.0, 0.15836054287507695, 0.15074167184576126, -6.915801488481502, 0.0, 190.46289223688555, 183.54709074845132, 1.0000014328899713, 0.0, 25.93053001446346, 26.93053144740561, 6.3279999999999985
0.0040394789579158335, 0.9287180456845912, 9.643545655020048E-4, 26.765017566106508, -0.0076317730323379645, 0.0, 0.15871612792532108, 0.15108435489297523, -6.913864863530047, 0.0, 190.68884451800503, 183.77497965451232, 1.0000013692337963, 0.0, 26.106092900398743, 27.106094269678092, 6.3279999999999985
0.004047294589178359, 0.9294806966142461, 9.662204100252264E-4, 26.949376378317083, -0.007644671425419903, 0.0, 0.15907213391163633, 0.15142746248621508, -6.911931983482177, 0.0, 190.91409610666068, 184.00216412320688, 1.000001304307007, 0.0, 26.280714053094677, 27.280715357431436, 6.3279999999999985
0.004055110220440884, 0.9302366493692755, 9.68086254548448E-4, 27.133191168029953, -0.007657566215530571, 0.0, 0.15942855953906165, 0.15177099332351274, -6.910002833785813, 0.0, 191.1386603461655, 184.2286575124066, 1.0000012382194732, 0.0, 26.454409547227016, 27.454410785492353, 6.327999999999999
0.0040629258517034085, 0.9309859454349407, 9.699520990716697E-4, 27.316460322638704, -0.007670457409616715, 0.0, 0.15978540353798287, 0.1521149461283644, -6.908077399972962, 0.0, 191.36255119610664, 184.45447379616124, 1.000001171080211, 0.0, 26.627196026597026, 27.627197197706597, 6.327999999999998
0.004070741482965934, 0.9317286260607114, 9.718179435948913E-4, 27.49918265994802, -0.007683345014598171, 0.0, 0.16014266466549265, 0.15245931965086656, -6.906155667659184, 0.0, 191.58578320558635, 184.67962753793736, 1.0000011029972584, 0.0, 26.799090676425603, 27.799091779461783, 6.327999999999998
0.004078557114228459, 0.9324647322545427, 9.736837881181129E-4, 27.681357422282417, -0.0076962290373679965, 0.0, 0.16050034170626737, 0.15280411266888416, -6.904237622543041, 0.0, 191.80837148678742, 184.90413386427463, 1.0000010340775851, 0.0, 26.970111196478662, 27.970112230602112, 6.3279999999999985
0.0040863727454909845, 0.933194304776169, 9.755496326413345E-4, 27.862984269928802, -0.007709109484792657, 0.0, 0.1608584334737353, 0.15314932398891612, -6.902323250405571, 0.0, 192.03033168883314, 185.12800843843593, 1.0000009644270196, 0.0, 27.140275774194073, 28.14027673865662, 6.3279999999999985
0.004094188376753509, 0.9339173841314059, 9.77415477164556E-4, 28.044063274797736, -0.007721986363712154, 0.0, 0.1612169388110145, 0.15349495244729772, -6.900412537109742, 0.0, 192.25167997149282, 185.3512674344521, 1.000000894150148, 0.0, 27.30960305789771, 28.30960395212161, 6.3279999999999985
0.004102004008016034, 0.9346340105661142, 9.792813216877778E-4, 28.22459491377367, -0.007734859680940198, 0.0, 0.16157585659181017, 0.1538409969108656, -6.898505468599955, 0.0, 192.4724329800436, 185.5739275115209, 1.0000008233502207, 0.0, 27.47811213122318, 28.47811295465508, 6.3279999999999985
0.004109819639278559, 0.9353442240612608, 9.811471662109993E-4, 28.40458006215522, -0.007747729443264332, 0.0, 0.16193518572130583, 0.15418745627802544, -6.896602030901473, 0.0, 192.69260781986947, 185.79600578901636, 1.0000007521290946, 0.0, 27.64582248727945, 28.645823239473284, 6.3279999999999985
0.004117635270541085, 0.9360480643266929, 9.83013010734221E-4, 28.584019986662497, -0.007760595657446123, 0.0, 0.16229492513704913, 0.15453432947958579, -6.894702210119926, 0.0, 192.9122220308, 186.0175198207335, 1.0000006805871504, 0.0, 27.81275400256953, 28.812754683227645, 6.327999999999998
0.004125450901803609, 0.9367455707969814, 9.848788552574426E-4, 28.762916338670948, -0.007773458330221267, 0.0, 0.16265507380966548, 0.1548816154794319, -6.892805992440765, 0.0, 193.1312935630115, 186.23848757062723, 1.0000006088232256, 0.0, 27.978926912650007, 28.978927521542232, 6.327999999999998
0.004133266533066135, 0.9374367826259107, 9.867446997806643E-4, 28.941271146918552, -0.0077863174682997706, 0.0, 0.16301563074364744, 0.15522931327533507, -6.890913364128771, 0.0, 193.34984075225344, 186.45892738818475, 1.0000005369345224, 0.0, 28.144361787043007, 29.14436232405036, 6.327999999999998
0.004141082164328659, 0.9381217386816667, 9.886105443038858E-4, 29.119086810577755, -0.007799173078366079, 0.0, 0.1633765949780257, 0.1555774218996493, -6.889024311527499, 0.0, 193.5678822954856, 186.6788579840016, 1.0000004650165752, 0.0, 28.309079504681172, 29.309079969751703, 6.3279999999999985
0.0041488977955911836, 0.938800477542908, 9.904763888271073E-4, 29.29636609179397, -0.007812025167079236, 0.0, 0.16373796558709364, 0.1559259404200044, -6.88713882105879, 0.0, 193.78543722710842, 186.89829840607314, 1.0000003931631707, 0.0, 28.47310122989473, 29.473101623091512, 6.3279999999999985
0.00415671342685371, 0.9394730374939453, 9.92342233350329E-4, 29.47311210823409, -0.007824873741073024, 0.0, 0.16409974168087715, 0.15627486793978118, -6.885256879222241, 0.0, 194.00252489510783, 187.11726801593537, 1.0000003214662914, 0.0, 28.636448388572003, 29.636448710111196, 6.327999999999999
0.004164529058116235, 0.9401394565209626, 9.942080778735508E-4, 29.649328325802344, -0.007837718806956094, 0.0, 0.16446192240582014, 0.15662420359886275, -6.883378472594704, 0.0, 194.21916493790374, 187.33578646534778, 1.000000250016057, 0.0, 28.799142644806523, 29.799142894862616, 6.327999999999999
0.0041723446893787595, 0.9407997723079653, 9.960739223967723E-4, 29.825018550679488, -0.007850560371312142, 0.0, 0.1648245069452583, 0.15697394657392993, -6.881503587829763, 0.0, 194.43537726105106, 187.55387367330016, 1.0000001789006938, 0.0, 28.961205877611587, 29.961206056607423, 6.3279999999999985
0.004180160320641284, 0.9414540222329038, 9.979397669199939E-4, 30.00018692185222, -0.007863398440700019, 0.0, 0.16518749451989256, 0.1573240960791895, -6.879632211657238, 0.0, 194.65118201455286, 187.77154980293514, 1.0000001082064498, 0.0, 29.12266015824743, 30.122660266496435, 6.3279999999999985
0.00418797595190381, 0.9421022433646575, 9.998056114432156E-4, 30.174837903068692, -0.007876233021653896, 0.0, 0.16555088438823296, 0.1576746513665621, -6.877764330882672, 0.0, 194.86659957001396, 187.98883523916098, 1.0000000380175798, 0.0, 29.283527727417624, 30.283527765481836, 6.3279999999999985
0.0041957915831663355, 0.9427444724588829, 0.0010016714559664373, 30.348976275095993, -0.00788906412068339, 0.0, 0.1659146758469996, 0.1580256117262997, -6.875899932386832, 0.0, 195.08165049856166, 188.20575056623693, 0.999999968416296, 0.0, 29.443830973275286, 30.443830941770166, 6.3279999999999985
0.00420360721442886, 0.9433807459559782, 0.0010035373004896589, 30.522607127321862, -0.007901891744273708, 0.0, 0.16627886823144222, 0.15837697648714721, -6.874039003125205, 0.0, 195.29635554918406, 188.42231654611547, 0.999999899482715, 0.0, 29.60359240992728, 30.6035923094878, 6.327999999999999
0.004211422845691384, 0.9440110999769873, 0.0010054031450128804, 30.695735849899393, -0.00791471589888579, 0.0, 0.1666434609156875, 0.158728745016796, -6.872181530127505, 0.0, 195.51073562635574, 188.63855409622596, 0.9999998312948255, 0.0, 29.762834655195952, 30.762834486494175, 6.327999999999999
0.0042192384769539105, 0.9446355703217213, 0.0010072689895361021, 30.868368125485176, -0.00792753659095645, 0.0, 0.16700845331301317, 0.15908091672204483, -6.8703275004971704, 0.0, 195.72481176899683, 188.85448426847958, 0.9999997639284685, 0.0, 29.921580409785697, 30.921580173705916, 6.3279999999999985
0.004227054108216435, 0.9452541924655584, 0.0010091348340593236, 31.040509920569093, -0.007940353826898493, 0.0, 0.16737384487601492, 0.1594334910491142, -6.868476901410877, 0.0, 195.938605129297, 189.07012822794084, 0.9999996974572833, 0.0, 30.07985243641794, 31.079852133932153, 6.3279999999999985
0.00423486973947896, 0.9458670015575104, 0.0010110006785825454, 31.212167477362527, -0.00795316761310088, 0.0, 0.1677396350968734, 0.1597864674837508, -6.866629720118033, 0.0, 196.15213695207453, 189.2855072320056, 0.9999996319526986, 0.0, 30.237673539399456, 31.237673171422777, 6.327999999999999
0.004242685370741485, 0.9464740324174787, 0.0010128665231057669, 31.38334730520819, -0.007965977955928842, 0.0, 0.16810582350751035, 0.16013984555156413, -6.864785943940305, 0.0, 196.36542855329918, 189.50064260941954, 0.9999995674838971, 0.0, 30.395066543460896, 31.395066111022615, 6.3279999999999985
0.004250501002004011, 0.9470753195346413, 0.0010147323676289886, 31.55405617155793, -0.007978784861724023, 0.0, 0.16847240967959354, 0.16049362481785812, -6.862945560271125, 0.0, 196.57850130100388, 189.71555574071695, 0.9999995041177777, 0.0, 30.55205427513037, 31.55205377924354, 6.327999999999999
0.004258316633266535, 0.9476708970655032, 0.0010165982121522101, 31.724301093863687, -0.00799158833680461, 0.0, 0.16883939322477115, 0.1608478048879587, -6.8611085565752035, 0.0, 196.79137659431623, 189.93026803783928, 0.9999994419189621, 0.0, 30.70865954199503, 31.708658984019973, 6.327999999999999
0.004266132264529061, 0.9482607988319192, 0.0010184640566754319, 31.894089330222414, -0.008004388387465467, 0.0, 0.16920677379457394, 0.16120238540710474, -6.8592749203880485, 0.0, 197.00407584414134, 190.14480092379702, 0.9999993809497514, 0.0, 30.864905113939148, 31.864904494936255, 6.327999999999999
0.004273947895791585, 0.9488450583196908, 0.0010203299011986534, 32.06342837082593, -0.008017185019978269, 0.0, 0.16957455108052422, 0.16155736606051851, -6.857444639315483, 0.0, 197.21662045362794, 190.359175814345, 0.9999993212701234, 0.0, 31.02081370395507, 32.02081302528465, 6.327999999999999
0.004281763527054111, 0.9494237086772834, 0.0010221957457218751, 32.23232592891509, -0.008029978240591634, 0.0, 0.16994272481403838, 0.1619127465734207, -6.855617701033171, 0.0, 197.42903179862068, 190.57341409771135, 0.999999262937715, 0.0, 31.176407949139954, 32.176407212227005, 6.3279999999999985
0.004289579158316636, 0.9499967827146731, 0.0010240615902450967, 32.40078993143379, -0.008042768055531235, 0.0, 0.17031129476630813, 0.16226852671076686, -6.853794093286141, 0.0, 197.64133120979093, 190.78753711652217, 0.999999206007795, 0.0, 31.3317103933846, 32.331709599419575, 6.327999999999999
0.004297394789579161, 0.9505643129018608, 0.0010259274347683184, 32.568828510418825, -0.008055554470999966, 0.0, 0.17068026074842657, 0.16262470627742842, -6.851973803888308, 0.0, 197.8535399522759, 191.00156614843522, 0.9999991505332909, 0.0, 31.48674346732696, 32.486742617906096, 6.3279999999999985
0.004305210420841686, 0.9511263313686005, 0.00102779327929154, 32.73644999329463, -0.008068337493178026, 0.0, 0.1710496226109579, 0.16298128511775745, -6.850156820722006, 0.0, 198.06567920915793, 191.21552238845902, 0.9999990965647348, 0.0, 31.64152947268293, 32.6415285692926, 6.3279999999999985
0.004313026052104211, 0.9516828699031548, 0.0010296591238147614, 32.90366289387748, -0.008081117128223082, 0.0, 0.17141938024390768, 0.16333826311566702, -6.848343131737525, 0.0, 198.27777006214944, 191.42942693048752, 0.9999990441502853, 0.0, 31.796090563385096, 32.79608960762804, 6.3279999999999985
0.004320841683366736, 0.952233959951994, 0.0010315249683379832, 33.070475902940416, -0.008093893382270371, 0.0, 0.17178953357658489, 0.16369564019429106, -6.846532724952626, 0.0, 198.48983347439795, 191.64330074948387, 0.9999989933357234, 0.0, 31.950448728940845, 32.95044772233782, 6.327999999999999
0.004328657314629261, 0.9527796326193405, 0.0010333908128612047, 33.23689787876174, -0.008106666261432848, 0.0, 0.1721600825771954, 0.1640534163157621, -6.8447255884521, 0.0, 198.70189027271954, 191.85716468427233, 0.9999989441644463, 0.0, 32.10462577747355, 33.10462472164331, 6.327999999999999
0.004336472945891786, 0.9533199186668266, 0.0010352566573844264, 33.40293783770994, -0.008119435771801286, 0.0, 0.17253102725275204, 0.16441159148094808, -6.8429217103872855, 0.0, 198.9139611303582, 192.071039420025, 0.9999988966774603, 0.0, 32.25864331897482, 33.25864221570893, 6.3279999999999985
0.00434428857715431, 0.9538548485133651, 0.001037122501907648, 33.56860494463854, -0.008132201919444417, 0.0, 0.1729023676486412, 0.16477016572917091, -6.8411210789756245, 0.0, 199.1260665502689, 192.28494547132965, 0.999998850913391, 0.0, 32.41252274940597, 33.4125216003807, 6.327999999999998
0.004352104208416837, 0.9543844522353462, 0.0010389883464308697, 33.73390850327905, -0.008144964710409052, 0.0, 0.1732741038483121, 0.16512913913788507, -6.8393236825001935, 0.0, 199.33822684815496, 192.49890316573786, 0.9999988069084841, 0.0, 32.56628523442768, 33.56628404143655, 6.3279999999999985
0.004359919839679361, 0.954908759566619, 0.0010408541909540912, 33.89885794658312, -0.008157724150720197, 0.0, 0.17364623597294893, 0.16548851182222646, -6.837529509309258, 0.0, 199.5504621363952, 192.71293262713925, 0.9999987646966132, 0.0, 32.719951694027294, 33.71995045877942, 6.327999999999999
0.004367735470941886, 0.9554277998990042, 0.001042720035477313, 34.063462827093645, -0.008170480246381182, 0.0, 0.17401876418108952, 0.16584828393469486, -6.835738547815807, 0.0, 199.76279230769052, 192.9270537598982, 0.9999987243092869, 0.0, 32.87354278691085, 33.873541511256555, 6.3279999999999985
0.004375551102204411, 0.955941602282528, 0.0010445858800005345, 34.22773280688125, -0.008183233003373773, 0.0, 0.17439168866814758, 0.16620845566476206, -6.8339507864971125, 0.0, 199.97523701914548, 193.14128623268155, 0.9999986857756566, 0.0, 33.027078895412906, 34.02707758123299, 6.3279999999999985
0.004383366733466936, 0.9564501954262994, 0.001046451724523756, 34.3916776481301, -0.008195982427658297, 0.0, 0.17476500966595254, 0.16656902723827693, -6.832166213894286, 0.0, 200.18781567717224, 193.35564946334767, 0.9999986491225118, 0.0, 33.180580111204115, 34.18057876041288, 6.327999999999999
0.0043911823647294615, 0.956953607698936, 0.0010483175690469777, 34.55530720286788, -0.00820872852517377, 0.0, 0.1751387274423375, 0.16692999891715243, -6.8303848186118135, 0.0, 200.40054742174712, 193.5701626031743, 0.9999986143743365, 0.0, 33.334066220296336, 34.334064834720465, 6.3279999999999985
0.004398997995991987, 0.9574518671294872, 0.0010501834135701995, 34.71863140338701, -0.008221471301837986, 0.0, 0.17551284230061137, 0.16729137099875513, -6.828606589317124, 0.0, 200.61345111135654, 193.78484452213794, 0.9999985815532706, 0.0, 33.48755668883983, 34.48755527050901, 6.3279999999999985
0.004406813627254511, 0.9579450014090378, 0.001052049258093421, 34.881660251982794, -0.008234210763547665, 0.0, 0.1758873545789137, 0.167653143815365, -6.826831514740155, 0.0, 200.8265453092119, 193.999713794498, 0.9999985506791533, 0.0, 33.64107065029144, 34.641069200997826, 6.327999999999998
0.0044146292585170365, 0.9584330378908623, 0.0010539151026166425, 35.04440381115364, -0.008246946916178551, 0.0, 0.17626226464982153, 0.16801531773362788, -6.825059583672896, 0.0, 201.03984826752486, 194.21478868383804, 0.9999985217695349, 0.0, 33.79462689039445, 34.7946254121644, 6.3279999999999985
0.004422444889779562, 0.9589160035924476, 0.0010557809471398642, 35.20687219349293, -0.008259679765585547, 0.0, 0.17663757291960347, 0.16837789315401164, -6.823290784968966, 0.0, 201.25337791415078, 194.43008712913962, 0.9999984948397057, 0.0, 33.94824383485256, 34.94824232965605, 6.327999999999999
0.004430260521042087, 0.9593939251967862, 0.001057646791663086, 35.36907555149719, -0.00827240931760279, 0.0, 0.17701327982768222, 0.16874087051007325, -6.821525107543168, 0.0, 201.46715183856517, 194.64562673105397, 0.9999984699026843, 0.0, 34.10193953612962, 35.1019380060701, 6.328
0.004438076152304612, 0.959866829053289, 0.0010595126361863075, 35.53102406786002, -0.008285135578043815, 0.0, 0.17738938584598407, 0.16910425026794318, -6.819762540371068, 0.0, 201.68118727839465, 194.86142473813572, 0.9999984469692799, 0.0, 34.25573166090123, 35.2557301079799, 6.327999999999998
0.004445891783567137, 0.96033474118037, 0.001061378480709529, 35.69272794481367, -0.008297858552701633, 0.0, 0.17776589147826782, 0.1694680329255569, -6.818003072488549, 0.0, 201.89550110584292, 195.07749803334337, 0.999998426048082, 0.0, 34.40963747741162, 35.409635903457456, 6.3279999999999985
0.004453707414829662, 0.9607976872664192, 0.0010632443252327508, 35.85419739428835, -0.008310578247348854, 0.0, 0.17814279725940452, 0.16983221901202805, -6.816246692991403, 0.0, 202.11010981455897, 195.29386312158158, 0.9999984071454964, 0.0, 34.5636738433085, 35.56367225049398, 6.3279999999999985
0.004461523046092187, 0.9612556926721005, 0.0010651101697559723, 36.015442627663106, -0.008323294667737796, 0.0, 0.1785201037546722, 0.17019680908691592, -6.814493391034888, 0.0, 202.32502950757163, 195.51053611654058, 0.9999983902657716, 0.0, 34.7178571945207, 35.71785558480766, 6.327999999999999
0.004469338677354712, 0.9617087824323551, 0.001066976014279194, 36.1764738456568, -0.008336007819600599, 0.0, 0.1788978115590263, 0.17056180373940366, -6.812743155833311, 0.0, 202.54027588413862, 195.7275327282919, 0.9999983754110157, 0.0, 34.87220353306293, 35.872201908481166, 6.327999999999999
0.004477154308617237, 0.9621569812581985, 0.0010688418588024155, 36.33730122788802, -0.00834871770864934, 0.0, 0.17927592129634773, 0.17092720358768387, -6.810995976659612, 0.0, 202.75586422761847, 195.94486825101924, 0.9999983625812396, 0.0, 35.026728415874075, 36.026726778529294, 6.327999999999999
0.004484969939879763, 0.9626003135393848, 0.0010707077033256373, 36.49793492280514, -0.008361424340576122, 0.0, 0.179654433618607, 0.1712930092780156, -6.809251842844933, 0.0, 202.97180939407764, 196.16255755130382, 0.9999983517743706, 0.0, 35.1814469444594, 36.18144529631916, 6.327999999999999
0.004492785571142287, 0.9630388033464499, 0.0010725735478488588, 36.65838503734085, -0.00837412772105321, 0.0, 0.1800333492050865, 0.1716592214840289, -6.807510743778218, 0.0, 203.18812580014898, 196.38061505642276, 0.999998342986287, 0.0, 35.33637375371887, 36.33637209676124, 6.3279999999999985
0.0045006012024048124, 0.9634724744329954, 0.0010744393923720805, 36.81866162685037, -0.008386827855733118, 0.0, 0.18041266876158923, 0.17202584090584772, -6.805772668905785, 0.0, 203.4048274118695, 196.5990547430306, 0.9999983362108457, 0.0, 35.49152300175722, 36.49152133804277, 6.3279999999999985
0.004508416833667337, 0.9639013502387641, 0.001076305236895302, 36.9787746846705, -0.008399524750248712, 0.0, 0.1807923930195261, 0.1723928682692688, -6.804037607730914, 0.0, 203.62192773350074, 196.8178901258636, 0.9999983314399177, 0.0, 35.64690835977942, 36.64690669132108, 6.3279999999999985
0.004516232464929863, 0.9643254538919024, 0.0010781710814185238, 37.13873413192232, -0.008412218410213343, 0.0, 0.1811725227350327, 0.17276030432482203, -6.802305549813454, 0.0, 203.83943979703315, 197.03713424730512, 0.9999983286634093, 0.0, 35.80254300263173, 36.80254133137806, 6.327999999999999
0.0045240480961923875, 0.964744808211762, 0.0010800369259417453, 37.298549807277595, -0.008424908841220923, 0.0, 0.1815530586881513, 0.17312814984691993, -6.80057648476939, 0.0, 204.0573761513971, 197.25679966661727, 0.9999983278693234, 0.0, 35.958439598977925, 36.95843792684647, 6.3279999999999985
0.004531863727454913, 0.9651594357118451, 0.001081902770464967, 37.45823145652139, -0.008437596048846044, 0.0, 0.1819340016818618, 0.17349640563300506, -6.798850402270461, 0.0, 204.27574885230425, 197.47689845010075, 0.999998329043755, 0.0, 36.11461030223619, 37.11460863135681, 6.328
0.004539679358717437, 0.9655693586028669, 0.0010837686149881886, 37.61778872265859, -0.008450280038644079, 0.0, 0.18231535254116293, 0.1738650725025006, -6.797127292043748, 0.0, 204.4945694523558, 197.69744216035343, 0.9999983321709492, 0.0, 36.27106674172424, 37.27106507395342, 6.328
0.004547494989979963, 0.9659745987950767, 0.00108563445951141, 37.777231135343754, -0.008462960816151286, 0.0, 0.18269711211220008, 0.17423415129604214, -6.7954071438712615, 0.0, 204.71384899121162, 197.91844184735174, 0.9999983372333461, 0.0, 36.42782001381263, 37.42781835106351, 6.327999999999999
0.004555310621242488, 0.9663751779029219, 0.0010875003040346318, 37.93656810081848, -0.008475638386884908, 0.0, 0.18307928126107775, 0.17460364287418484, -6.7936899475895665, 0.0, 204.9335979867917, 198.13990803920282, 0.9999983442115897, 0.0, 36.58488067438946, 37.584879018609115, 6.3279999999999985
0.004563126252505012, 0.9667711172463793, 0.0010893661485578533, 38.09580889170684, -0.008488312756343274, 0.0, 0.1834618608732348, 0.17497354811688792, -6.7919756930893715, 0.0, 205.15382642495584, 198.36185073192303, 0.9999983530845828, 0.0, 36.74225872927433, 37.74225708241875, 6.3279999999999985
0.004570941883767538, 0.9671624378558441, 0.001091231993081075, 38.25496263679997, -0.0085009839300059, 0.0, 0.18384485185206545, 0.17534386792205314, -6.790264370315138, 0.0, 205.374543752288, 198.5842793819653, 0.9999983638295202, 0.0, 36.899963628420274, 37.8999619922481, 6.328
0.004578757515030063, 0.9675491604747641, 0.0010930978376042966, 38.41403831081152, -0.008513651913333592, 0.0, 0.18422825511819685, 0.17571460320484178, -6.788555969264683, 0.0, 205.5957588660102, 198.80720289669878, 0.999998376421935, 0.0, 37.05800425663021, 38.05800263302506, 6.327999999999999
0.004586573146292588, 0.9679313055631891, 0.0010949636821275183, 38.5730447244332, -0.008526316711768542, 0.0, 0.18461207160822068, 0.17608575489644718, -6.786850479988806, 0.0, 205.8174801067384, 199.03062962678746, 0.9999983908357291, 0.0, 37.21638892760564, 38.21638731848377, 6.3279999999999985
0.004594388777555113, 0.968308893301689, 0.0010968295266507398, 38.731990514015706, -0.00853897833073443, 0.0, 0.18499630227389252, 0.17645732394316305, -6.785147892590883, 0.0, 206.0397152502975, 199.25456735771186, 0.9999984070432181, 0.0, 37.37512537661485, 38.375123783658815, 6.328000000000001
0.004602204408817638, 0.9686819435943903, 0.0010986953711739616, 38.890884131598796, -0.008551636775636515, 0.0, 0.18538094808087147, 0.1768293113052306, -6.7834481972264955, 0.0, 206.26247149945797, 199.47902330230576, 0.9999984250151611, 0.0, 37.5342207534928, 38.53421917858622, 6.327999999999999
0.004610020040080163, 0.9690504760736225, 0.001100561215697183, 39.04973383503784, -0.008564292051861738, 0.0, 0.1857660100077272, 0.1772017179558465, -6.7817513841030435, 0.0, 206.4857554773471, 199.70400409328923, 0.9999984447208197, 0.0, 37.69368161705924, 38.693680061842436, 6.327999999999999
0.004617835671342689, 0.9694145101027392, 0.0011024270602204048, 39.20854767758101, -0.008576944164778817, 0.0, 0.1861514890448328, 0.17757454488004454, -6.78005744347936, 0.0, 206.70957321971733, 199.9295157763065, 0.9999984661279874, 0.0, 37.85351392848759, 38.85351239469268, 6.327999999999999
0.004625651302605213, 0.9697740647808892, 0.0011042929047436264, 39.36733349838323, -0.008589593119738344, 0.0, 0.18653738619325821, 0.17794779307350472, -6.77836636566535, 0.0, 206.93393016846764, 200.1555638027846, 0.9999984892030345, 0.0, 38.01372304591542, 39.01372153511448, 6.327999999999999
0.0046334669338677385, 0.9701291589460119, 0.001106158749266848, 39.52609891222892, -0.008602238922072876, 0.0, 0.1869237024637438, 0.17832146354165213, -6.776678141021579, 0.0, 207.15883116433878, 200.3821530233542, 0.9999985139109623, 0.0, 38.1743137181448, 39.174312232109784, 6.3279999999999985
0.004641282565130264, 0.9704798111799526, 0.0011080245937900696, 39.68485129998771, -0.008614881577097028, 0.0, 0.187310438875401, 0.17869555729831754, -6.774992759958958, 0.0, 207.384280441688, 200.60928768182632, 0.9999985402154076, 0.0, 38.33529008065862, 39.33528862095906, 6.328
0.004649098196392788, 0.9708260398118007, 0.0011098904383132911, 39.84359779865554, -0.008627521090107572, 0.0, 0.18769759645474293, 0.1790700753646246, -6.773310212938314, 0.0, 207.61028162164905, 200.83697140876936, 0.9999985680787382, 0.0, 38.496655649712274, 39.49665421785932, 6.328
0.004656913827655314, 0.9711678629221581, 0.0011117562828365129, 40.002345291481106, -0.008640157466383533, 0.0, 0.18808517623441734, 0.17944501876802077, -6.7716304904700495, 0.0, 207.83683770656222, 201.06520721619827, 0.9999985974620698, 0.0, 38.65841331795383, 39.65841191553373, 6.327999999999999
0.004664729458917839, 0.9715052983478731, 0.0011136221273597346, 40.161100398565395, -0.008652790711186272, 0.0, 0.18847317925206175, 0.1798203885408829, -6.769953583113782, 0.0, 208.06395107494754, 201.29399749185447, 0.9999986283253055, 0.0, 38.82056535046559, 39.82056397880493, 6.3279999999999985
0.004672545090180363, 0.9718383636853272, 0.0011154879718829561, 40.31986946709003, -0.00866542082975958, 0.0, 0.18886160654930428, 0.18019618571952734, -6.768279481477965, 0.0, 208.2916234754302, 201.52334399398256, 0.9999986606271929, 0.0, 38.983113379616455, 39.98311204028955, 6.327999999999999
0.004680360721442889, 0.9721670762959622, 0.0011173538164061777, 40.4786585617403, -0.008678047827329774, 0.0, 0.1892504591702684, 0.18057241134293633, -6.766608176219523, 0.0, 208.5198560229024, 201.75324784675513, 0.999998694325366, 0.0, 39.14605840258576, 40.14605709698544, 6.327999999999999
0.004688176352705414, 0.9724914533099103, 0.0011192196609293994, 40.63747345529555, -0.008690671709105773, 0.0, 0.18963973816067003, 0.18094906645157183, -6.764939658043521, 0.0, 208.74864919311725, 201.98370953506856, 0.9999987293763741, 0.0, 39.30940077677572, 40.309399506140174, 6.327999999999999
0.004695991983967939, 0.9728115116305833, 0.0011210855054526211, 40.79631961913947, -0.00870329248027921, 0.0, 0.19002944456648851, 0.18132615208619818, -6.763273917702762, 0.0, 208.9780028183649, 202.21472890073338, 0.9999987657357671, 0.0, 39.47314021667867, 40.47313898249561, 6.328
0.004703807615230464, 0.97312726793926, 0.0011229513499758426, 40.95520221415245, -0.008715910146024504, 0.0, 0.19041957943281318, 0.1817036692867826, -6.761610945997475, 0.0, 209.2079160841048, 202.446305138097, 0.9999988033580985, 0.0, 39.63727579153153, 40.637274594884694, 6.327999999999999
0.004711623246492989, 0.9734387386998193, 0.0011248171944990642, 41.11412608113278, -0.008728524711498953, 0.0, 0.19081014380256622, 0.18208161909107456, -6.759950733774938, 0.0, 209.43838752436727, 202.67843679067587, 0.9999988421969946, 0.0, 39.8018059218401, 40.80180476411415, 6.3279999999999985
0.004719438877755514, 0.9737459401631945, 0.001126683039022286, 41.273095731939975, -0.00874113618184282, 0.0, 0.1912011387153032, 0.18246000253343686, -6.75829327192913, 0.0, 209.66941501907166, 202.91112174707544, 0.9999988822051961, 0.0, 39.96672837773916, 40.966727259898136, 6.3279999999999985
0.004727254509018039, 0.9740488883716996, 0.0011285488835455074, 41.43211534041984, -0.008753744562179418, 0.0, 0.1915925652060988, 0.1828388206438949, -6.756638551400393, 0.0, 209.90099578956506, 203.1443572381327, 0.9999989233345983, 0.0, 40.13204027548781, 41.13203919881213, 6.3279999999999985
0.004735070140280564, 0.9743475991645365, 0.0011304147280687292, 41.59118873318948, -0.008766349857615206, 0.0, 0.19198442430410934, 0.18321807444648952, -6.754986563175077, 0.0, 210.13312639719757, 203.3781398341276, 0.9999989655363039, 0.0, 40.297738077277614, 41.29773704292313, 6.3279999999999985
0.0047428857715430895, 0.9746420881818487, 0.0011322805725919507, 41.750319380988, -0.008778952073239867, 0.0, 0.19237671703158288, 0.18359776495831648, -6.7533372982851905, 0.0, 210.36580273940592, 203.61246544118686, 0.9999990087606864, 0.0, 40.463817588141445, 41.4638165969917, 6.328
0.004750701402805615, 0.9749323708696895, 0.0011341464171151724, 41.9095103898253, -0.008791551214126378, 0.0, 0.19276944440239596, 0.1839778931882683, -6.751690747808081, 0.0, 210.599020048342, 203.8473293005293, 0.9999990529573833, 0.0, 40.63027395581678, 41.6302730087707, 6.327999999999999
0.004758517034068139, 0.9752184624849747, 0.001136012261638394, 42.06876449244919, -0.00880414728533113, 0.0, 0.19316260742096425, 0.1843584601356305, -6.7500469028660754, 0.0, 210.83277288777936, 204.08272598493085, 0.9999990980754123, 0.0, 40.7971016685455, 41.79710076664077, 6.328
0.0047663326653306646, 0.9755003781002234, 0.0011378781061616157, 42.22808403960698, -0.008816740291893992, 0.0, 0.19355620708091292, 0.1847394667890092, -6.748405754626146, 0.0, 211.06705515189032, 204.31864939728032, 0.999999144063176, 0.0, 40.964294554946704, 41.964293699034556, 6.327999999999999
0.00477414829659319, 0.9757781326086015, 0.0011397439506848372, 42.387470991738155, -0.008829330238838367, 0.0, 0.19395024436382924, 0.1851209141249992, -6.746767294299584, 0.0, 211.30186006390883, 204.55509276961584, 0.9999991908685023, 0.0, 41.131845783692256, 42.131844974560046, 6.327999999999999
0.004781963927855714, 0.9760517407290319, 0.0011416097952080587, 42.54692691055607, -0.008841917131171334, 0.0, 0.19434472023803018, 0.1855028031068482, -6.745131513141672, 0.0, 211.5371801743131, 204.7920486612313, 0.9999992384387228, 0.0, 41.2997478626792, 42.2997471011871, 6.327999999999999
0.00478977955911824, 0.9763212170099802, 0.0011434756397312805, 42.70645295098984, -0.00885450097388367, 0.0, 0.19473963565737185, 0.18588513468349266, -6.743498402451324, 0.0, 211.77300736000674, 205.02950895764766, 0.9999992867206976, 0.0, 41.46799263915436, 42.467991925963375, 6.327999999999999
0.004797595190380764, 0.9765865758364303, 0.001145341484254502, 42.86604985311351, -0.008867081771949972, 0.0, 0.19513499155984304, 0.18626790978790053, -6.7418679535708055, 0.0, 212.00933282396045, 205.26746487052944, 0.9999993356608577, 0.0, 41.636571300478565, 42.6365706362727, 6.327999999999999
0.00480541082164329, 0.9768478314330231, 0.0011472073287777237, 43.025717933827764, -0.008879659530328723, 0.0, 0.19553078886645947, 0.1866511293361235, -6.7402401578853555, 0.0, 212.24614709433584, 205.5059069363776, 0.9999993852052845, 0.0, 41.80547437410048, 42.805473759239234, 6.327999999999999
0.004813226452905815, 0.9771049978705513, 0.0011490731733009452, 43.18545707984413, -0.008892234253962369, 0.0, 0.1959270284798369, 0.18703479422585945, -6.73861500682291, 0.0, 212.48344002446646, 205.74482501772994, 0.9999994352997144, 0.0, 41.97469172865791, 42.97469116405713, 6.327999999999999
0.00482104208416834, 0.9773580890696731, 0.001150939017824167, 43.345266739062936, -0.008904805947777397, 0.0, 0.19632371128313286, 0.18741890533533967, -6.736992491853754, 0.0, 212.72120079332635, 205.98420830159122, 0.9999994858896007, 0.0, 42.14421257523651, 43.14421206125844, 6.327999999999999
0.0048288577154308645, 0.9776071188073026, 0.0011528048623473885, 43.50514591389765, -0.008917374616684421, 0.0, 0.1967208381385941, 0.1878034635219139, -6.735372604490204, 0.0, 212.95941790563668, 206.22404530116304, 0.99999953692018, 0.0, 42.314025468600086, 43.31402500553313, 6.3279999999999985
0.00483667334669339, 0.977852100720563, 0.0011546707068706102, 43.66509315334042, -0.008929940265578267, 0.0, 0.19711840988652174, 0.18818846962093838, -6.733755336286298, 0.0, 213.19807919235345, 206.46432385618647, 0.9999995883364973, 0.0, 42.48411830842986, 43.484117896890076, 6.3279999999999985
0.004844488977955915, 0.9780930483129922, 0.0011565365513938317, 43.82510654599537, -0.008942502899338026, 0.0, 0.19751642734373975, 0.1885739244443907, -6.732140678837493, 0.0, 213.43717181235124, 206.70503113361644, 0.999999640083445, 0.0, 42.65447834218172, 43.654477982377415, 6.3279999999999985
0.0048523046092184404, 0.9783299749584806, 0.0011584023959170535, 43.98518371287537, -0.008955062522827155, 0.0, 0.197914891302581, 0.1889598287797316, -6.730528623780327, 0.0, 213.6766822529453, 206.94615362920672, 0.9999996921058348, 0.0, 42.82509216632353, 43.825091858490296, 6.328
0.004860120240480965, 0.97856289390751, 0.001160268240440275, 44.145321800642705, -0.008967619140893533, 0.0, 0.19831380252946929, 0.18934618338858966, -6.728919162792131, 0.0, 213.9165963317354, 207.18767716900683, 0.9999997443484118, 0.0, 42.995945729235785, 43.995945473635764, 6.328
0.00486793587174349, 0.9787918182918265, 0.0011621340849634967, 44.305517474593216, -0.00898017275836957, 0.0, 0.19871316176378606, 0.18973298900538405, -6.727312287590713, 0.0, 214.15689919863627, 207.42958691106907, 0.999999796755941, 0.0, 43.16702433404373, 44.16702413085112, 6.3279999999999985
0.0048757515030060155, 0.979016761128948, 0.0011639999294867183, 44.46576691258815, -0.00899272338007224, 0.0, 0.19911296971657766, 0.1901202463365208, -6.725707989934052, 0.0, 214.39757533770256, 207.671867347757, 0.9999998492732098, 0.0, 43.33831264137299, 44.33831249062147, 6.327999999999999
0.00488356713426854, 0.9792377353290735, 0.0011658657740099398, 44.62606579802559, -0.009005271010803177, 0.0, 0.1995132270693385, 0.1905079560585241, -6.724106261620001, 0.0, 214.63860856933462, 207.91450230781413, 0.9999999018450909, 0.0, 43.50979467241215, 44.509794574366346, 6.3279999999999985
0.004891382765531065, 0.9794547536980343, 0.0011677316185331615, 44.78640931407244, -0.009017815655348767, 0.0, 0.19991393447276318, 0.19089611881739232, -6.722507094485978, 0.0, 214.87998205345573, 208.1574749589889, 0.9999999544166075, 0.0, 43.6814538129652, 44.681453767419875, 6.3279999999999985
0.004899198396793591, 0.9796678289442866, 0.0011695974630563833, 44.94679213737618, -0.009030357318480179, 0.0, 0.2003150925454107, 0.19128473522694556, -6.720910480408685, 0.0, 215.1216782922895, 208.40076781194324, 1.0000000069329313, 0.0, 43.85327281717089, 44.8532728241534, 6.327999999999999
0.004907014028056116, 0.97987697368292, 0.0011714633075796048, 45.10720843214767, -0.009042896004953475, 0.0, 0.20071670187274426, 0.19167380586780647, -6.719316411303786, 0.0, 215.36367913293873, 208.64436272181473, 1.0000000593394738, 0.0, 44.02523381069387, 45.02523387019974, 6.327999999999999
0.00491482965931864, 0.9800822004415615, 0.0011733291521028263, 45.26765184490796, -0.009055431719509663, 0.0, 0.20111876300559306, 0.19206333128608755, -6.717724879125644, 0.0, 215.60596577226215, 208.88824089316518, 1.0000001115818886, 0.0, 44.197318296700466, 45.197318408307495, 6.328
0.004922645290581166, 0.9802835216650934, 0.001175194996626048, 45.42811549848193, -0.009067964466874783, 0.0, 0.2015212764592178, 0.1924533119923586, -6.716135875866996, 0.0, 215.84851875894284, 209.13238288310475, 1.0000001636061595, 0.0, 44.3695071585023, 45.36950732212408, 6.3279999999999985
0.004930460921843691, 0.9804809497205866, 0.0011770608411492698, 45.588591987052496, -0.009080494251759962, 0.0, 0.20192424271193143, 0.1928437484601444, -6.7145493935586975, 0.0, 216.09131799889053, 209.3767686054291, 1.0000002153585978, 0.0, 44.541780665905506, 45.54178088138436, 6.3279999999999985
0.004938276553106216, 0.9806744969035606, 0.0011789266856724913, 45.74907337110926, -0.009093021078861495, 0.0, 0.20232766220392584, 0.1932346411250565, -6.7129654242694095, 0.0, 216.33434275907013, 209.6213773349207, 1.000000266785919, 0.0, 44.71411847980318, 45.71411874671574, 6.327999999999999
0.004946092184368741, 0.9808641754413863, 0.0011807925301957128, 45.90955117208432, -0.009105544952860917, 0.0, 0.20273153533616028, 0.19362599038327044, -6.711383960105333, 0.0, 216.57757167228687, 209.8661877121527, 1.0000003178352626, 0.0, 44.886499657664494, 45.88649997549549, 6.327999999999999
0.004953907815631266, 0.9810499974998912, 0.0011826583747189345, 46.07001636838322, -0.009118065878425065, 0.0, 0.2031358624691464, 0.19401779659071128, -6.709804993209913, 0.0, 216.8209827416816, 210.11117774850254, 1.0000003684542484, 0.0, 45.058902658815114, 46.0589030273087, 6.328
0.0049617234468937906, 0.9812319751878, 0.001184524219242156, 46.23045939050644, -0.009130583860206154, 0.0, 0.2035406439217189, 0.19441006006152772, -6.70822851576357, 0.0, 217.06455334633114, 210.3563248307501, 1.0000004185910083, 0.0, 45.23130535082651, 46.23130576958743, 6.3279999999999985
0.004969539078156317, 0.9814101205617831, 0.0011863900637653778, 46.39087011708398, -0.009143098902841845, 0.0, 0.20394587997000357, 0.1948027810671631, -6.706654519983406, 0.0, 217.30826024682176, 210.60160572691447, 1.00000046819424, 0.0, 45.40368501570608, 46.40368548397526, 6.327999999999999
0.004977354709418841, 0.9815844456314693, 0.0011882559082885993, 46.551237870797195, -0.009155611010955309, 0.0, 0.20435157084614897, 0.19519595983517402, -6.705082998122953, 0.0, 217.55207959035036, 210.84699659230327, 1.000000517213228, 0.0, 45.57601835580629, 46.5760188731119, 6.3279999999999985
0.0049851703406813665, 0.9817549623649171, 0.001190121752811821, 46.711551414202404, -0.009168120189155289, 0.0, 0.20475771673719922, 0.1955895965480252, -6.703513942471878, 0.0, 217.79598691735336, 211.0924729749685, 1.0000005655978919, 0.0, 45.74828150113705, 46.74828206683766, 6.328
0.004992985971943891, 0.9819216826933577, 0.0011919875973350426, 46.87179894698056, -0.009180626442036186, 0.0, 0.20516431778399014, 0.19598369134197569, -6.7019473453557294, 0.0, 218.03995716787642, 211.3380098225028, 1.000000613298831, 0.0, 45.92045001639157, 46.920450629654255, 6.327999999999999
0.005000801603206416, 0.9820846185154295, 0.0011938534418582643, 47.031968102233805, -0.00919312977417812, 0.0, 0.20557137408021742, 0.19637824430601913, -6.70038319913565, 0.0, 218.28396468733095, 211.58358148821887, 1.000000660267371, 0.0, 46.09249890720959, 47.09249956751742, 6.327999999999999
0.005008617234468942, 0.9822437817038896, 0.0011957192863814858, 47.19204594319308, -0.009205630190146976, 0.0, 0.2059788856709277, 0.19677325548077018, -6.69882149620813, 0.0, 218.5279832342467, 211.8291617380601, 1.000000706455566, 0.0, 46.264402628914254, 47.264403335400175, 6.327999999999999
0.005016432865731466, 0.9823991841086439, 0.0011975851309047074, 47.35201896116996, -0.009218127694494491, 0.0, 0.20638685255179468, 0.1971687248572893, -6.69726222900473, 0.0, 218.77198598706838, 212.07472375815152, 1.0000007518162826, 0.0, 46.436135093628245, 47.43613584554148, 6.327999999999999
0.005024248496993991, 0.9825508375628118, 0.001199450975427929, 47.51187307219152, -0.009230622291758318, 0.0, 0.20679527466785697, 0.1975646523760819, -6.695705389991825, 0.0, 219.0159455517673, 212.32024016191235, 1.000000796303201, 0.0, 46.607669678650915, 47.60767047510495, 6.327999999999999
0.005032064128256516, 0.9826987538872558, 0.0012013168199511506, 47.6715936153596, -0.00924311398646208, 0.0, 0.20720415191255537, 0.19796103792609898, -6.694150971670347, 0.0, 219.25983396903405, 212.5656829974507, 1.000000839870869, 0.0, 46.77897923415991, 47.77898007411303, 6.3279999999999985
0.005039879759519042, 0.9828429448955625, 0.0012031826644743723, 47.831165350329684, -0.009255602783115439, 0.0, 0.20761348412662883, 0.1983578813434992, -6.692598966575516, 0.0, 219.50362272288086, 212.81102375638284, 1.0000008824747368, 0.0, 46.9500360924354, 47.95003697499944, 6.3279999999999985
0.0050476953907815664, 0.9829834223979397, 0.0012050485089975939, 47.99057245621225, -0.009268088686214166, 0.0, 0.20802327109709218, 0.19875518241088752, -6.691049367276598, 0.0, 219.74728274838657, 213.05623338114032, 1.0000009240711927, 0.0, 47.12081207615284, 48.12081300024646, 6.327999999999999
0.005055511022044091, 0.9831201982073914, 0.0012069143535208154, 48.149798529440886, -0.009280571700240192, 0.0, 0.20843351255619158, 0.19915294085593693, -6.689502166376657, 0.0, 219.9907844407828, 213.3012822744751, 1.0000009646175763, 0.0, 47.29127850803084, 48.291279472729364, 6.3279999999999985
0.005063326653306617, 0.9832532841434727, 0.0012087801980440373, 48.30882658312112, -0.009293051829661692, 0.0, 0.20884420818046312, 0.19955115635080567, -6.687957356512285, 0.0, 220.2340976636523, 213.54614030728453, 1.0000010040722536, 0.0, 47.46140621950054, 48.46140722371381, 6.327999999999999
0.005071142284569142, 0.9833826920364537, 0.0012106460425672589, 48.4676390456043, -0.009305529078933113, 0.0, 0.2092553575898588, 0.19994982851087606, -6.68641493035337, 0.0, 220.47719175862474, 213.79077682831092, 1.0000010423946122, 0.0, 47.63116556081197, 48.63116660328711, 6.327999999999999
0.005078957915831667, 0.9835084337337427, 0.0012125118870904804, 48.62621776063315, -0.009318003452495267, 0.0, 0.20966696034629972, 0.2003489568937944, -6.684874880602845, 0.0, 220.72003555444738, 214.03516067394378, 1.0000010795451122, 0.0, 47.80052641098455, 48.8005274906372, 6.327999999999999
0.005086773547094192, 0.9836305211024197, 0.0012143777316137021, 48.78454398615577, -0.009330474954775386, 0.0, 0.2100790159534638, 0.20074854099870887, -6.683337199996439, 0.0, 220.96259737655137, 214.27926017666215, 1.0000011154853228, 0.0, 47.96945818722815, 48.969459302803834, 6.327999999999999
0.005094589178356717, 0.9837489660346321, 0.0012162435761369236, 48.94259839502047, -0.009342943590187168, 0.0, 0.21049152385522074, 0.20114858026503502, -6.681801881302457, 0.0, 221.20484505749775, 214.52304317621974, 1.0000011501779302, 0.0, 48.13792985635734, 49.137931006558524, 6.328
0.005102404809619243, 0.9838637804523955, 0.0012181094206601454, 49.10036107484484, -0.009355409363130856, 0.0, 0.21090448343511792, 0.2015490740719672, -6.68026891732151, 0.0, 221.44674594628455, 214.76647702900542, 1.0000011835867968, 0.0, 48.30590994419553, 49.30591112784102, 6.327999999999999
0.005110220440881767, 0.9839749763111278, 0.001219975265183367, 49.25781152887066, -0.009367872277993284, 0.0, 0.2113178940151963, 0.20195002173722099, -6.678738300886309, 0.0, 221.68826692004635, 215.00952861920544, 1.000001215676968, 0.0, 48.47336654791922, 49.47336776362684, 6.328
0.0051180360721442926, 0.9840825656049503, 0.0012218411097065886, 49.41492867663692, -0.009380332339147947, 0.0, 0.21173175485533768, 0.20235142251618576, -6.677210024861408, 0.0, 221.9293743938985, 215.25216436909358, 1.000001246414714, 0.0, 48.640267346106796, 49.64026859258124, 6.3279999999999985
0.005125851703406817, 0.9841865603699489, 0.0012237069542298102, 49.57169085539863, -0.009392789550955054, 0.0, 0.2121460651523357, 0.2027532756013395, -6.6756840821429755, 0.0, 222.17003433237, 215.49435025031144, 1.0000012757675614, 0.0, 48.80657961059922, 49.80658088648485, 6.327999999999999
0.005133667334669343, 0.9842869726888743, 0.001225572798753032, 49.72807582173482, -0.009405243917761593, 0.0, 0.21256082403909904, 0.20315558012136492, -6.674160465658574, 0.0, 222.41021226045902, 215.7360517948557, 1.0000013037043127, 0.0, 48.972270217872406, 49.97227152160957, 6.328
0.005141482965931868, 0.9843838146954234, 0.0012274386432762534, 49.88406075331659, -0.009417695443901376, 0.0, 0.2129760305837607, 0.20355833513986266, -6.672639168366941, 0.0, 222.64987327601088, 215.9772341076614, 1.0000013301950568, 0.0, 49.13730566180451, 50.13730699201432, 6.327999999999998
0.005149298597194392, 0.9844770985780258, 0.001229304487799475, 50.03962225110445, -0.009430144133695114, 0.0, 0.21339168378896112, 0.20396153965525343, -6.671120183257733, 0.0, 222.88898206067438, 216.21786187748626, 1.0000013552112335, 0.0, 49.301652064877835, 50.30165342016889, 6.327999999999999
0.005157114228456917, 0.9845668365841647, 0.0012311703323226967, 50.19473634199676, -0.00944258999145046, 0.0, 0.2138077825910596, 0.2043651925995933, -6.669603503351328, 0.0, 223.12750289283204, 216.45789938954735, 1.0000013787256246, 0.0, 49.46527519141001, 50.46527657021514, 6.327999999999999
0.005164929859719442, 0.9846530410239573, 0.0012330361768459182, 50.34937848197296, -0.00945503302146208, 0.0, 0.2142243258593366, 0.20476929283787815, -6.6680891216986, 0.0, 223.3653996596311, 216.69731053797125, 1.0000014007124, 0.0, 49.62814045989038, 50.628141860638586, 6.328
0.005172745490981968, 0.9847357242738646, 0.00123490202136914, 50.503523558672896, -0.009467473228011702, 0.0, 0.21464131239548756, 0.20517383916744425, -6.666577031380692, 0.0, 223.60263586972673, 216.93605883847627, 1.0000014211471304, 0.0, 49.79021295579061, 50.79021437709355, 6.3279999999999985
0.0051805611222444925, 0.9848148987812131, 0.0012367678658923614, 50.657145895933354, -0.009479910615368159, 0.0, 0.215058740932613, 0.2055788303172399, -6.665067225508809, 0.0, 223.83917466668467, 217.1741074412456, 1.0000014400068056, 0.0, 49.95145744544019, 50.95145888552073, 6.327999999999999
0.005188376753507017, 0.9848905770675174, 0.001238633710415583, 50.81021925733148, -0.00949234518778748, 0.0, 0.21547661013484642, 0.20598426494704825, -6.663559697224005, 0.0, 224.074978842117, 217.4114191449506, 1.0000014572698712, 0.0, 50.11183838911713, 51.11183984645324, 6.327999999999999
0.005196192384769543, 0.9849627717314036, 0.001240499554938805, 50.96271685000829, -0.009504776949512907, 0.0, 0.21589491859650867, 0.20639014164700153, -6.662054439696961, 0.0, 224.31001084874535, 217.64795640913997, 1.0000014729162336, 0.0, 50.27131995444756, 51.27132142745071, 6.327999999999999
0.0052040080160320685, 0.9850314954536259, 0.0012423653994620264, 51.1146113306786, -0.009517205904774971, 0.0, 0.2163136648415387, 0.20679645893675236, -6.660551446127791, 0.0, 224.54423281522088, 217.8836813691812, 1.0000014869272864, 0.0, 50.429866031336225, 51.429867518360766, 6.3279999999999985
0.005211823647294593, 0.9850967609991095, 0.001244231243985248, 51.26587480937451, -0.009529632057791544, 0.0, 0.216732847323013, 0.20720321526518504, -6.6590507097458165, 0.0, 224.77760655959122, 218.11855584991085, 1.0000014992859385, 0.0, 50.587440245472656, 51.587441744853315, 6.327999999999999
0.005219639278557117, 0.9851585812210111, 0.0012460970885084695, 51.416478855990135, -0.009542055412767899, 0.0, 0.21715246442236236, 0.20761040900959316, -6.657552223809382, 0.0, 225.01009360383836, 218.35254138016072, 1.0000015099766215, 0.0, 50.744005973150195, 51.7440074832596, 6.3279999999999985
0.005227454909819643, 0.9852169690643464, 0.0012479629330316912, 51.56639450565126, -0.009554475973896743, 0.0, 0.21757251444906966, 0.20801803847515732, -6.656055981605635, 0.0, 225.24165518878976, 218.58559920729942, 1.0000015189853004, 0.0, 50.899526356070226, 51.899527875183345, 6.3279999999999985
0.005235270541082169, 0.985271937568065, 0.001249828777554913, 51.71559226516547, -0.0095668937453583, 0.0, 0.2179929956399942, 0.20842610189463784, -6.65456197645034, 0.0, 225.47225228907124, 218.81769031261604, 1.0000015262995106, 0.0, 51.053964316488255, 52.05396584278138, 6.3279999999999985
0.005243086172344693, 0.9853234998692066, 0.0012516946220781345, 51.86404211923218, -0.00957930873132033, 0.0, 0.2184139061589434, 0.20883459742762156, -6.6530702016876635, 0.0, 225.7018456278087, 219.0487754262157, 1.000001531908361, 0.0, 51.20728257190917, 52.20728410391341, 6.327999999999998
0.005250901803607218, 0.9853716692057795, 0.001253560466601356, 52.01171353838072, -0.009591720935938216, 0.0, 0.21883524409619515, 0.20924352316027672, -6.651580650690004, 0.0, 225.9303956933525, 219.27881504277292, 1.0000015358025383, 0.0, 51.359443651844956, 52.359445187742146, 6.327999999999998
0.005258717434869743, 0.9854164589190297, 0.0012554263111245777, 52.15857548616259, -0.009604130363355005, 0.0, 0.21925700746824006, 0.209652877104884, -6.650093316857773, 0.0, 226.15786275391432, 219.5077694370291, 1.0000015379743494, 0.0, 51.51040991230915, 52.51041145025687, 6.3279999999999985
0.005266533066132269, 0.9854578824571796, 0.0012572921556477995, 52.304596426474745, -0.00961653701770144, 0.0, 0.2196791942170222, 0.2100626571992832, -6.6486081936192205, 0.0, 226.38420687428402, 219.73559868074588, 1.0000015384177, 0.0, 51.66014355279135, 52.66014509131998, 6.327999999999999
0.005274348697394794, 0.9854959533766845, 0.001259158000171021, 52.44974433266543, -0.009628940903096033, 0.0, 0.22010180220996212, 0.21047286130688025, -6.647125274430232, 0.0, 226.60938793222655, 219.96226265789034, 1.0000015371281366, 0.0, 51.80860663228846, 52.80860816949931, 6.327999999999999
0.005282164328657318, 0.985530685347122, 0.0012610238446942425, 52.59398669609436, -0.009641342023645113, 0.0, 0.22052482923938577, 0.21088348721575656, -6.645644552774164, 0.0, 226.8333656348331, 220.18772108212914, 1.0000015341028248, 0.0, 51.95576108576456, 52.955762619925004, 6.327999999999999
0.005289979959919843, 0.9855620921515147, 0.001262889689217464, 52.7372905350785, -0.009653740383442886, 0.0, 0.22094827302228026, 0.21129453263883313, -6.644166022161637, 0.0, 227.0560995358703, 220.41193351388833, 1.0000015293406008, 0.0, 52.101568741348984, 53.101570270872614, 6.3279999999999985
0.005297795591182368, 0.9855901876897093, 0.0012647555337406858, 52.879622404831025, -0.009666135986571461, 0.0, 0.22137213120011712, 0.2117059952135465, -6.642689676130367, 0.0, 227.27754905285536, 220.63485937673485, 1.00000152284194, 0.0, 52.245991337208096, 53.24599286005921, 6.327999999999998
0.005305611222444894, 0.9856149859809236, 0.0012666213782639075, 53.020948407774995, -0.009678528837100917, 0.0, 0.2217964013384357, 0.21211787250131575, -6.641215508244972, 0.0, 227.4976734840929, 220.8564579758917, 1.0000015146089887, 0.0, 52.388990538570106, 53.3889920532379, 6.3279999999999985
0.0053134268537074186, 0.9856365011650752, 0.001268487222787129, 53.16123420316217, -0.009690918939089355, 0.0, 0.22222108092683257, 0.212530161987738, -6.639743512096825, 0.0, 227.7164320272967, 221.07668851529002, 1.0000015046455584, 0.0, 52.53052795601499, 53.530529460754785, 6.3279999999999985
0.005321242484969943, 0.9856547475058655, 0.0012703530673103505, 53.300445019471226, -0.009703306296582937, 0.0, 0.22264616737855736, 0.2129428610820039, -6.638273681303838, 0.0, 227.9337837973351, 221.29551011606898, 1.00000149295714, 0.0, 52.67056516320063, 53.67056665617225, 6.3279999999999985
0.005329058116232469, 0.9856697393917173, 0.0012722189118335725, 53.43854566455775, -0.009715690913615956, 0.0, 0.2230716580307126, 0.21335596711707971, -6.636806009510325, 0.0, 228.14968784404527, 221.51288183450404, 1.0000014795509065, 0.0, 52.809063714183154, 53.80906519371649, 6.3279999999999985
0.0053368737474949945, 0.9856814913385747, 0.001274084756356794, 53.575500538561755, -0.009728072794210847, 0.0, 0.22349755014373507, 0.2137694773495431, -6.635340490386807, 0.0, 228.36410317167764, 221.72876268126114, 1.0000014644357031, 0.0, 52.94598516293594, 53.94598662732711, 6.3279999999999985
0.005344689378757519, 0.9856900179906063, 0.0012759506008800155, 53.711273645680194, -0.009740451942378282, 0.0, 0.2239238409017119, 0.2141833889593494, -6.633877117629858, 0.0, 228.5769887573501, 221.9431116398128, 1.0000014476220795, 0.0, 53.08129108122306, 54.08129252892528, 6.3279999999999985
0.005352505010020044, 0.985695334123367, 0.0012778164454032373, 53.845828607562, -0.009752828362117182, 0.0, 0.224350527412029, 0.21459769904989834, -6.632415884961929, 0.0, 228.78830357026408, 222.1558876854406, 1.0000014291222588, 0.0, 53.21494307776297, 54.21494450703418, 6.327999999999998
0.005360320641282569, 0.9856974546430415, 0.0012796822899264588, 53.979128676553955, -0.009765202057414785, 0.0, 0.2247776067056817, 0.21501240464823201, -6.630956786131193, 0.0, 228.99800659143094, 222.36704980541904, 1.0000014089501612, 0.0, 53.34690281738457, 54.34690422648132, 6.3279999999999985
0.005368136272545095, 0.9856963945899686, 0.0012815481344496805, 54.11113674916851, -0.00977757303224669, 0.0, 0.22520507573695703, 0.21542750270471522, -6.629499814911387, 0.0, 229.20605683325383, 222.57655701846016, 1.0000013871213793, 0.0, 53.47713204053505, 54.47713342777034, 6.3279999999999985
0.005375951903807619, 0.9856921691383391, 0.001283413978972902, 54.241815381225024, -0.009789941290576894, 0.0, 0.22563293138393448, 0.21584299009333296, -6.628044965101635, 0.0, 229.41241335914762, 222.7843683941962, 1.0000013636532092, 0.0, 53.60559258218734, 54.60559394600994, 6.3279999999999985
0.005383767535070144, 0.9856847935981712, 0.0012852798234961236, 54.371126802310755, -0.009802306836357856, 0.0, 0.22606117044817697, 0.21625886361181834, -6.626592230526304, 0.0, 229.61703530492633, 222.99044307446047, 1.0000013385646205, 0.0, 53.73224639315301, 54.73224773177869, 6.327999999999999
0.005391583166332669, 0.985674283415662, 0.0012871456680193453, 54.49903293108218, -0.009814669673530535, 0.0, 0.22648978965525846, 0.21667511998172628, -6.625141605034854, 0.0, 229.81988189798875, 223.19474029299107, 1.0000013118762594, 0.0, 53.85705555854264, 54.85705687045732, 6.3279999999999985
0.0053993987975951944, 0.9856606541747759, 0.0012890115125425668, 54.625495391541335, -0.009827029806024429, 0.0, 0.22691878565464396, 0.21709175584863605, -6.623693082501678, 0.0, 230.0209124793613, 223.39721939704705, 1.0000012836104413, 0.0, 53.97998231959253, 54.9799836033776, 6.327999999999999
0.00540721442885772, 0.9856439215969282, 0.0012908773570657886, 54.75047552914475, -0.009839387237757643, 0.0, 0.2273481550201515, 0.2175087677823635, -6.622246656825946, 0.0, 230.22008652430068, 223.59783986750827, 1.0000012537911622, 0.0, 54.10098909360276, 55.100990347450946, 6.327999999999998
0.005415030060120244, 0.9856241015424061, 0.00129274320158901, 54.87393442800385, -0.009851741972636913, 0.0, 0.22777789424997863, 0.21792615227738654, -6.620802321931472, 0.0, 230.41736366378825, 223.79656134186294, 1.0000012224440686, 0.0, 54.22003849510874, 55.2200397175243, 6.327999999999998
0.005422845691382769, 0.9856012100103655, 0.0012946090461122316, 54.99583292862371, -0.009864094014557652, 0.0, 0.22820799976746287, 0.2183439057528993, -6.6193600717665575, 0.0, 230.61270370653463, 223.9933436348715, 1.0000011895964485, 0.0, 54.33709335699968, 55.337094546704115, 6.327999999999998
0.005430661322645296, 0.985575263139097, 0.0012964748906354536, 55.11613164535811, -0.009876443367404035, 0.0, 0.2286384679207778, 0.2187620245533637, -6.617919900303855, 0.0, 230.80606666029112, 224.18814676006073, 1.0000011552772503, 0.0, 54.45211675177186, 55.45211790713033, 6.3279999999999985
0.00543847695390782, 0.9855462772064882, 0.001298340735158675, 55.234790985552536, -0.00988879003504897, 0.0, 0.2290692949838462, 0.21918050494880248, -6.616481801540226, 0.0, 230.99741275500497, 224.3809309536486, 1.000001119517029, 0.0, 54.5650720136889, 55.565073133385724, 6.327999999999999
0.005446292585170345, 0.985514268629224, 0.0013002065796818966, 55.35177116842533, -0.009901134021354223, 0.0, 0.22950047715671928, 0.21959934313538376, -6.615045769496592, 0.0, 231.18670246464117, 224.57165669525367, 1.0000010823479775, 0.0, 54.67592276002844, 55.67592384247111, 6.327999999999999
0.005454108216432869, 0.9854792539631774, 0.0013020724242051181, 55.467032245105656, -0.009913475330170408, 0.0, 0.22993201056574541, 0.2200185352355959, -6.613611798217817, 0.0, 231.37389653036826, 224.76028473210948, 1.0000010438038784, 0.0, 54.78463291385858, 55.784633957605465, 6.3279999999999985
0.005461923847695394, 0.9854412499039782, 0.0013039382687283399, 55.580534118867945, -0.009925813965337059, 0.0, 0.2303638912644157, 0.2204380772991037, -6.612179881772558, 0.0, 231.55895598350776, 224.94677610169407, 1.0000010039201102, 0.0, 54.89116672606302, 55.89116772992276, 6.327999999999998
0.005469739478957921, 0.9854002732843696, 0.0013058041132515616, 55.69223656532995, -0.009938149930682658, 0.0, 0.2307961152337601, 0.22085796530310198, -6.61075001425314, 0.0, 231.7418421692915, 225.1310921551442, 1.0000009627336226, 0.0, 54.995488798525635, 55.99548976134629, 6.3279999999999985
0.005477555110220445, 0.9853563410756294, 0.0013076699577747831, 55.8020992552556, -0.009950483230024688, 0.0, 0.23122867838293004, 0.2212781951529017, -6.609322189775422, 0.0, 231.92251677014622, 225.31319458045638, 1.0000009202829299, 0.0, 55.09756410670513, 56.097565027076435, 6.327999999999998
0.0054853707414829695, 0.9853094703852534, 0.0013095358022980046, 55.91008177558979, -0.009962813867169677, 0.0, 0.2316615765500849, 0.22169876268290878, -6.60789640247868, 0.0, 232.10094182954992, 225.49304542721939, 1.0000008766080724, 0.0, 55.19735802255539, 56.197358899316534, 6.327999999999999
0.005493186372745495, 0.9852596784570196, 0.0013114016468212264, 56.01614365202113, -0.009975141845913239, 0.0, 0.23209480550279515, 0.2221196636568532, -6.606472646525464, 0.0, 232.2770797767948, 225.6706071303256, 1.0000008317506202, 0.0, 55.29483633872863, 56.29483717055742, 6.3279999999999985
0.005501002004008021, 0.9852069826701992, 0.001313267491344448, 56.120244373021706, -0.009987467170040116, 0.0, 0.2325283609388542, 0.2225408937687856, -6.605050916101497, 0.0, 232.45089345111012, 225.84584253500836, 1.0000007857536337, 0.0, 55.389965291832425, 56.38996607760748, 6.327999999999998
0.005508817635270545, 0.9851514005363242, 0.0013151333358676696, 56.22234341294097, -0.009999789843324228, 0.0, 0.2329622384872838, 0.222962448643937, -6.603631205415532, 0.0, 232.62234612621174, 226.01871492085806, 1.0000007386616725, 0.0, 55.48271158597322, 56.48271232471393, 6.3279999999999985
0.00551663326653307, 0.9850929496999754, 0.0013169991803908911, 56.322400257369736, -0.010012109869528699, 0.0, 0.23339643370887764, 0.2233843238393458, -6.602213508699261, 0.0, 232.79140153617766, 226.18918802746913, 1.0000006905207115, 0.0, 55.57304241798556, 56.57304310849938, 6.3279999999999985
0.005524448897795594, 0.985031647936367, 0.0013188650249141127, 56.420374426597846, -0.010024427252405928, 0.0, 0.23383094209725463, 0.22380651484481007, -6.600797820207181, 0.0, 232.95802390011934, 226.35722607994944, 1.0000006413781803, 0.0, 55.66092550107568, 56.66092614252045, 6.3279999999999985
0.0055322645290581205, 0.984967513148689, 0.0013207308694373344, 56.51622550354659, -0.010036741995697603, 0.0, 0.2342657590797419, 0.2242290170840242, -6.599384134216465, 0.0, 233.12217794804198, 226.52279381386634, 1.0000005912829197, 0.0, 55.7463290897919, 56.74632968113085, 6.327999999999999
0.005540080160320646, 0.9849005633672405, 0.0013225967139605561, 56.60991315841238, -0.010049054103134763, 0.0, 0.2347008800184156, 0.22465182591525945, -6.597972445026883, 0.0, 233.28382894648348, 226.6858565015637, 1.0000005402851424, 0.0, 55.82922200466169, 56.82922254507014, 6.3279999999999985
0.00554789579158317, 0.9848308167474613, 0.0013244625584837777, 56.701397176067985, -0.010061363578437822, 0.0, 0.2351363002109199, 0.22507493663248468, -6.596562746960691, 0.0, 233.44294272551008, 226.84637997856322, 1.000000488436389, 0.0, 55.90957365836188, 56.909574146810115, 6.3279999999999985
0.005555711422845695, 0.9847582915669051, 0.0013263284030069992, 56.79063748448971, -0.010073670425316627, 0.0, 0.23557201489183122, 0.2254983444665175, -6.595155034362489, 0.0, 233.5994857041116, 227.00433066992733, 1.0000004357895498, 0.0, 55.98735407988363, 56.9873545158492, 6.3279999999999985
0.005563527054108222, 0.9846830062224683, 0.0013281942475302211, 56.877594181707536, -0.010085974647470507, 0.0, 0.23600801923354808, 0.22592204458610432, -6.593749301599155, 0.0, 233.7534249179968, 227.15967561647741, 1.0000003823987902, 0.0, 56.0625339414659, 57.062534323924304, 6.3279999999999985
0.005571342685370746, 0.9846049792292391, 0.0013300600920534427, 56.96222756583302, -0.010098276248588264, 0.0, 0.23644430834760222, 0.22634603209906423, -6.592345543059727, 0.0, 233.90472804565175, 227.3123825026579, 1.0000003283195253, 0.0, 56.135084583481266, 57.13508491182883, 6.3279999999999985
0.005579158316633271, 0.9845242292156442, 0.0013319259365766642, 57.044498164454126, -0.010110575232348294, 0.0, 0.2368808772858877, 0.22677030205354143, -6.590943753155293, 0.0, 234.05336343627238, 227.46241968328013, 1.00000027360842, 0.0, 56.20497804126882, 57.20497831503874, 6.327999999999999
0.005586973947895796, 0.9844407749224189, 0.001333791781099886, 57.12436676456855, -0.010122871602418562, 0.0, 0.23731772104178184, 0.2271948494393783, -6.58954392631892, 0.0, 234.1993001377199, 227.60975621127218, 1.0000002183233032, 0.0, 56.27218707207908, 57.27218729026239, 6.328
0.005594789579158321, 0.984354635197711, 0.0013356576256231074, 57.20179444405949, -0.010135165362456676, 0.0, 0.23775483455167823, 0.22761966918919718, -6.5881460570055355, 0.0, 234.34250792263228, 227.75436186582482, 1.0000001625231723, 0.0, 56.336685179875545, 57.33668534261503, 6.327999999999999
0.005602605210420847, 0.9842658289949284, 0.0013375234701463292, 57.276742602625745, -0.0101474565161099, 0.0, 0.23819221269617152, 0.22804475618005782, -6.5867501396918335, 0.0, 234.48295731935912, 227.89620717979054, 1.000000106268139, 0.0, 56.3984466452305, 57.39844675162477, 6.3279999999999985
0.005610420841683371, 0.984174375368525, 0.0013393893146695507, 57.34917299540393, -0.01015974506701524, 0.0, 0.2386298503016313, 0.22847010523461186, -6.585356168876207, 0.0, 234.62061963808821, 228.03526346927745, 1.0000000496193944, 0.0, 56.4574465501312, 57.457446599819164, 6.327999999999999
0.0056182364729458955, 0.9840802934699653, 0.0013412551591927722, 57.41904776466981, -0.010172031018799437, 0.0, 0.23906774214172444, 0.22889571112295748, -6.583964139078638, 0.0, 234.75546700005827, 228.17150286107116, 0.9999999926391648, 0.0, 56.513660805921305, 57.51366079862779, 6.327999999999999
0.005626052104208421, 0.9839836025448676, 0.001343121003715994, 57.48632947432634, -0.010184314375079028, 0.0, 0.23950588293880237, 0.2293215685637282, -6.582574044840622, 0.0, 234.88747236780029, 228.3048983232114, 0.9999999353906666, 0.0, 56.56706618238229, 57.56706611802105, 6.327999999999998
0.005633867735470946, 0.9838843219268512, 0.0013449868482392155, 57.550981144326215, -0.010196595139460406, 0.0, 0.23994426736562602, 0.22974767222615, -6.581185880725073, 0.0, 235.01660957242225, 228.435423691835, 0.9999998779380977, 0.0, 56.61764033361657, 57.61764021170413, 6.3279999999999985
0.0056416833667334715, 0.9837824710355463, 0.0013468526927624372, 57.612966286171286, -0.010208873315539812, 0.0, 0.24038289004694668, 0.2301740167313575, -6.579799641316248, 0.0, 235.14285334511544, 228.56305370380207, 0.9999998203465494, 0.0, 56.665361828271244, 57.6653616486573, 6.3279999999999985
0.005649498997995996, 0.9836780693703702, 0.0013487185372856587, 57.67224893799721, -0.01022114890690341, 0.0, 0.24082174556108527, 0.23060059665416688, -6.578415321219682, 0.0, 235.26617934533837, 228.68776402416367, 0.9999997626819699, 0.0, 56.710210176450765, 57.71020993918884, 6.3279999999999985
0.00565731462925852, 0.9835711365058799, 0.0013505843818088802, 57.72879370203009, -0.010233421917127327, 0.0, 0.2412608284421136, 0.2310274065249942, -6.57703291506208, 0.0, 235.3865641920333, 228.8095312770509, 0.9999997050111513, 0.0, 56.752165859227645, 57.752165564312605, 6.3279999999999985
0.0056651302605210474, 0.9834616920877792, 0.0013524502263321022, 57.7825657819194, -0.010245692349777687, 0.0, 0.241700133181169, 0.23145444083139743, -6.575652417491283, 0.0, 235.50398549402757, 228.92833307651796, 0.9999996474016363, 0.0, 56.79121035799229, 57.7912100053711, 6.3279999999999985
0.005672945891783572, 0.9833497558263815, 0.0013543160708553237, 57.833531020347436, -0.010257960208410624, 0.0, 0.2421396542286729, 0.2318816940202737, -6.574273823176145, 0.0, 235.61842187943662, 229.04414805637958, 0.9999995899217052, 0.0, 56.82732618214599, 57.82732577217833, 6.3279999999999985
0.005680761523046096, 0.9832353474923679, 0.0013561819153785452, 57.88165593897429, -0.010270225496572374, 0.0, 0.24257938599612672, 0.23230916049953265, -6.572897126806506, 0.0, 235.7298530284427, 229.15695590186962, 0.9999995326403122, 0.0, 56.86049690049541, 57.86049643338512, 6.3279999999999985
0.005688577154308621, 0.9831184869104348, 0.0013580477599017668, 57.926907776956796, -0.010282488217799259, 0.0, 0.24301932285804462, 0.23273683464027428, -6.571522323093108, 0.0, 235.83825970341394, 229.26673738035456, 0.9999994756270153, 0.0, 56.89070716989832, 57.8907066455378, 6.327999999999998
0.005696392785571147, 0.9829991939535745, 0.0013599136044249885, 57.969254532348714, -0.010294748375617776, 0.0, 0.24345945915425027, 0.23316471077864342, -6.570149406767522, 0.0, 235.9436237801821, 229.3734743735178, 0.9999994189519603, 0.0, 56.91794276481195, 57.91794218385914, 6.3279999999999985
0.005704208416833672, 0.9828774885374472, 0.0013617794489482102, 58.00866500308621, -0.010307005973544586, 0.0, 0.24389978919157507, 0.23359278321807153, -6.568778372582099, 0.0, 236.04592828082852, 229.47714990828666, 0.9999993626857865, 0.0, 56.942190608803486, 57.94218997149937, 6.3279999999999985
0.005712024048096197, 0.9827533906140644, 0.0013636452934714318, 58.045108828431694, -0.010319261015086595, 0.0, 0.24434030724646938, 0.23402104623138698, -6.567409215309905, 0.0, 236.14515740519792, 229.57774818987744, 0.9999993068996003, 0.0, 56.96343880412958, 57.96343811101553, 6.3279999999999985
0.005719839679358721, 0.982626920163959, 0.0013655111379946533, 58.07855653305887, -0.01033151350374097, 0.0, 0.24478100756701338, 0.23444949406331794, -6.566041929744637, 0.0, 236.24129656251117, 229.675254632776, 0.9999992516649151, 0.0, 56.98167666187011, 57.98167591351114, 6.3279999999999985
0.005727655310621247, 0.9824980971919146, 0.001367376982517875, 58.10897956968256, -0.01034376344299519, 0.0, 0.24522188437512504, 0.2348781209321089, -6.564676510700618, 0.0, 236.33433240600272, 229.769655895177, 0.9999991970535664, 0.0, 56.9968947349548, 57.996893931898555, 6.327999999999997
0.005735470941883773, 0.9823669417179843, 0.0013692428270410967, 58.1363503631801, -0.010356010836327062, 0.0, 0.24566293186887478, 0.23530692103258843, -6.563312953012693, 0.0, 236.42425286380976, 229.8609399107874, 0.9999991431376811, 0.0, 57.009084847376265, 58.00908399047456, 6.3279999999999985
0.005743286573146297, 0.9822334737705347, 0.0013711086715643183, 58.16064235710655, -0.010368255687204791, 0.0, 0.24610414422543592, 0.2357358885382439, -6.561951251536206, 0.0, 236.51104717315255, 229.9490959216658, 0.9999990899895994, 0.0, 57.018240126245004, 58.01823921627473, 6.3279999999999985
0.005751102204408822, 0.9820977133804476, 0.0013729745160875398, 58.181830059380445, -0.010380497999086994, 0.0, 0.2465455156028078, 0.23616501760376885, -6.560591401146931, 0.0, 236.59470591369205, 230.03411451253993, 0.9999990376818263, 0.0, 57.02435503393237, 58.024354071573995, 6.327999999999998
0.005758917835671346, 0.9819596805719542, 0.0013748403606107613, 58.19988908828964, -0.010392737775422744, 0.0, 0.24698704014275563, 0.23659430236733492, -6.559233396741046, 0.0, 236.67522104152744, 230.11598764465214, 0.9999989862869416, 0.0, 57.02742539997842, 58.02742438612959, 6.327999999999998
0.005766733466933872, 0.9818193953543997, 0.001376706205133983, 58.21479622076731, -0.010404975019651621, 0.0, 0.2474287119734413, 0.2370237369537911, -6.557877233235076, 0.0, 236.7525859221805, 230.19470868900245, 0.9999989358775574, 0.0, 57.02744845222834, 58.0274473881619, 6.327999999999998
0.0057745490981963975, 0.9816768777165947, 0.0013785720496572048, 58.22652944197762, -0.010417209735203723, 0.0, 0.24787052521183206, 0.23745331547662296, -6.556522905565839, 0.0, 236.8267953665284, 230.27027246109307, 0.999998886526247, 0.0, 57.02442285109301, 58.024421737753656, 6.327999999999999
0.005782364729458922, 0.9815321476152903, 0.0013804378941804263, 58.23506799346069, -0.010429441925499732, 0.0, 0.2483124739667648, 0.23788303204128702, -6.555170408690431, 0.0, 236.8978456641461, 230.3426752556115, 0.9999988383054644, 0.0, 57.0183487207582, 58.01834755920363, 6.3279999999999985
0.0057901803607214464, 0.9813852249694861, 0.0013823037387036478, 58.24039242322033, -0.010441671593950935, 0.0, 0.2487545523414223, 0.23831288074748613, -6.553819737586162, 0.0, 236.96573461856116, 230.41191488111411, 0.9999987912874875, 0.0, 57.00922768274887, 58.00922647416477, 6.3279999999999985
0.0057979959919839735, 0.981236129649524, 0.0013841695832268698, 58.242484638620226, -0.010453898743959274, 0.0, 0.249196754436392, 0.23874285569240428, -6.55247088725054, 0.0, 237.03046158272187, 230.47799069562367, 0.9999987455443352, 0.0, 56.99706288929904, 57.997061635016244, 6.3279999999999985
0.005805811623246498, 0.9810848814687105, 0.0013860354277500913, 58.24132795676269, -0.010466123378917355, 0.0, 0.24963907435249233, 0.23917295097359847, -6.551123852701231, 0.0, 237.0920274941454, 230.54090364147277, 0.9999987011476916, 0.0, 56.98185905658698, 57.98185775774629, 6.327999999999999
0.005813627254509022, 0.9809315001746839, 0.0013879012722733128, 58.23690715842531, -0.010478345502208527, 0.0, 0.2500815061939239, 0.23960316069172016, -6.549778628976001, 0.0, 237.1504349099668, 230.60065628097004, 0.999998658168869, 0.0, 56.96362249765244, 57.96362115579709, 6.328
0.005821442885771548, 0.9807760054389476, 0.0013897671167965346, 58.229208541124535, -0.010490565117206896, 0.0, 0.250524044071037, 0.24003347895386185, -6.548435211132747, 0.0, 237.20568804451023, 230.6572528333465, 0.9999986166786645, 0.0, 56.942361158129174, 57.94235977475402, 6.327999999999999
0.005829258517034073, 0.9806184168481877, 0.001391632961319756, 58.218219974573, -0.010502782227277357, 0.0, 0.2509666821036163, 0.24046389987632466, -6.547093594249416, 0.0, 237.2577928046731, 230.71069921042928, 0.9999985767473349, 0.0, 56.91808464943378, 57.91808322619697, 6.327999999999999
0.005837074148296598, 0.9804587538926413, 0.0013934988058429778, 58.2039309559259, -0.010514996835775652, 0.0, 0.2514094144241543, 0.24089441758837538, -6.545753773423987, 0.0, 237.30675682585922, 230.76100305243003, 0.9999985384445185, 0.0, 56.890804282528805, 57.8908028209705, 6.327999999999998
0.005844889779559123, 0.980297035956788, 0.0013953646503661993, 58.1863326660241, -0.010527208946048378, 0.0, 0.25185223518114697, 0.2413250262350779, -6.544415743774479, 0.0, 237.352589509984, 230.8081737661101, 0.9999985018391087, 0.0, 56.86053310376007, 57.86053160551459, 6.3279999999999985
0.005852705410821647, 0.980133282309005, 0.0013972304948894208, 58.165418027856504, -0.010539418561433056, 0.0, 0.2522951385419674, 0.24175571998057066, -6.543079500438903, 0.0, 237.3953020618799, 230.85222256134588, 0.9999984669992202, 0.0, 56.82728592941318, 57.827284396291304, 6.327999999999999
0.005860521042084173, 0.9799675120899707, 0.0013990963394126426, 58.141181763770874, -0.010551625685258156, 0.0, 0.25273811869699614, 0.24218649301175255, -6.541745038575254, 0.0, 237.43490752679887, 230.8931624882277, 0.9999984339920845, 0.0, 56.791079380483666, 57.79107781446941, 6.327999999999999
0.005868336673346698, 0.9797997443024045, 0.001400962183935864, 58.113620455624186, -0.01056383032084312, 0.0, 0.2531811698624402, 0.2426173395416562, -6.540412353361493, 0.0, 237.47142082863112, 230.93100847534686, 0.9999984028839655, 0.0, 56.75193191912119, 57.75193032204022, 6.328
0.005876152304609223, 0.9796299977994352, 0.0014028280284590858, 58.08273260520946, -0.010576032471498414, 0.0, 0.2536242862841984, 0.243048253812729, -6.5390814399955355, 0.0, 237.50485880720953, 230.96577736726792, 0.999998373740071, 0.0, 56.70986388342834, 57.70986225720167, 6.328
0.005883967935871748, 0.9794582912722163, 0.0014046938729823074, 58.048518694296945, -0.010588232140525572, 0.0, 0.25406746224148336, 0.24347923010096295, -6.5377522936952435, 0.0, 237.5352402565055, 230.99748796276245, 0.9999983466244738, 0.0, 56.66489752334303, 57.66489586991601, 6.327999999999999
0.005891783567134273, 0.9792846432393603, 0.0014065597175055289, 58.01098124787677, -0.010600429331217217, 0.0, 0.25451069205037413, 0.24391026271909766, -6.536424909698404, 0.0, 237.5625859634268, 231.02616105381273, 0.9999983216000184, 0.0, 56.617057037191465, 57.61705535891793, 6.3279999999999985
0.005899599198396799, 0.9791090720342339, 0.0014084255620287508, 57.970124897605274, -0.010612624046857104, 0.0, 0.2549539700674526, 0.2443413460205992, -6.535099283262743, 0.0, 237.58691874743826, 231.05181946416565, 0.9999982987282203, 0.0, 56.56636860902205, 57.56636690773775, 6.327999999999999
0.005907414829659324, 0.978931595791714, 0.0014102914065519724, 57.92595644503308, -0.010624816290720162, 0.0, 0.25539729069412687, 0.2447724744033959, -6.533775409665903, 0.0, 237.60826349775945, 231.07448808814578, 0.9999982780691872, 0.0, 56.512860443046975, 57.51285872117606, 6.327999999999998
0.005915230460921848, 0.9787522324370812, 0.0014121572510751939, 57.878484926884994, -0.010637006066072525, 0.0, 0.2558406483800475, 0.2452036423139603, -6.532453284205455, 0.0, 237.62664721457028, 231.09419393026081, 0.9999982596815155, 0.0, 56.45656280275672, 57.45656106234461, 6.3279999999999985
0.0059230460921843725, 0.9785709996721081, 0.0014140230955984154, 57.82772168178053, -0.010649193376171569, 0.0, 0.2562840376271911, 0.24563484425103077, -6.531132902198873, 0.0, 237.64209904697066, 231.11096614486803, 0.9999982436222097, 0.0, 56.397508046332504, 57.39750629004301, 6.328000000000001
0.005930861723446899, 0.978387914961786, 0.0014158889401216371, 57.77368041676527, -0.01066137822426596, 0.0, 0.2567274529940189, 0.24606607476970055, -6.529814258983583, 0.0, 237.65465033513075, 231.12483607623682, 0.9999982299465542, 0.0, 56.3357306662168, 57.335728896289986, 6.327999999999999
0.005938677354709424, 0.9782029955209666, 0.0014177547846448589, 57.716377276039566, -0.01067356061359568, 0.0, 0.2571708890995197, 0.24649732848590666, -6.528497349916926, 0.0, 237.66433464794602, 231.1358372980171, 0.9999982187080513, 0.0, 56.27126732429049, 57.271265542998755, 6.3279999999999985
0.0059464929859719485, 0.9780162583006415, 0.0014196206291680804, 57.65583090927976, -0.010685740547392054, 0.0, 0.25761434062747135, 0.24692860008008566, -6.527182170376172, 0.0, 237.67118782520265, 231.14400565487148, 0.9999982099583002, 0.0, 56.20415689142613, 57.204155101424945, 6.3279999999999985
0.005954308617234473, 0.977827719973881, 0.001421486473691302, 57.592062542258645, -0.010697918028877823, 0.0, 0.2580578023306739, 0.24735988430179567, -6.52586871575855, 0.0, 237.6752480180517, 231.14937930241595, 0.9999982037468993, 0.0, 56.13444048539053, 57.13443868926047, 6.3279999999999985
0.005962124248496999, 0.9776373969214731, 0.0014233523182145236, 57.5250960484409, -0.010710093061267143, 0.0, 0.2585012690351949, 0.24779117597385536, -6.524556981481245, 0.0, 237.6765557297879, 231.15199874837973, 0.9999982001213366, 0.0, 56.062161509063216, 57.062159709308496, 6.327999999999999
0.005969939879759524, 0.977445305216996, 0.0014252181627377454, 57.45495802031655, -0.010722265647765638, 0.0, 0.2589447356449792, 0.2482224699972182, -6.523246962981409, 0.0, 237.67515385700952, 231.15190689410028, 0.9999981991269005, 0.0, 55.98736568880072, 56.98736388799657, 6.3279999999999985
0.005977755511022049, 0.9772514606124076, 0.001427084007260967, 57.38167784352845, -0.01073443579157044, 0.0, 0.2593881971463148, 0.2486537613547508, -6.521938655716193, 0.0, 237.6710877320429, 231.1491490763385, 0.999998200806552, 0.0, 55.91010111418839, 56.9100993150022, 6.3279999999999985
0.005985571142284573, 0.9770558785217958, 0.0014289498517841884, 57.30528777129075, -0.010746603495870232, 0.0, 0.2598316486124084, 0.24908504511649454, -6.5206320551627295, 0.0, 237.66440516338614, 231.1437731083164, 0.9999982052008592, 0.0, 55.83041827575515, 56.83041648107952, 6.327999999999999
0.005993386773547099, 0.976858574007295, 0.00143081569630741, 57.22582299800706, -0.010758768763845265, 0.0, 0.2602750852078408, 0.24951631644395533, -6.51932715681821, 0.0, 237.6551564794594, 231.13582932266013, 0.999998212347819, 0.0, 55.74837010610054, 56.748368318495395, 6.327999999999999
0.006001202404809625, 0.9766595617622471, 0.001432681540830632, 57.14332173895673, -0.010770931598667407, 0.0, 0.260718502193523, 0.2499475705948555, -6.5180239561998645, 0.0, 237.6433945705268, 231.12537061437297, 0.9999982222827984, 0.0, 55.66401201886421, 56.66401024119308, 6.327999999999999
0.006009018036072149, 0.9764588560947658, 0.0014345473853538534, 57.05782530464057, -0.010783092003500193, 0.0, 0.26116189493161457, 0.2503788029281253, -6.516722448844993, 0.0, 237.62917493031313, 231.1124524816904, 0.9999982350384289, 0.0, 55.577401947439604, 56.57740018269265, 6.328
0.006016833667334674, 0.9762564709126877, 0.001436413229877075, 56.96937818144215, -0.010795249981498832, 0.0, 0.26160525889024555, 0.25081000890873284, -6.515422630310999, 0.0, 237.61255570097362, 231.0971330709583, 0.9999982506444521, 0.0, 55.48860038720006, 56.48859863814989, 6.327999999999999
0.006024649298597199, 0.9760524197056668, 0.0014382790744002965, 56.878028111037565, -0.010807405535810277, 0.0, 0.2620485896483906, 0.2512411841125761, -6.514124496175435, 0.0, 237.59359771463454, 231.0794732185698, 0.9999982691276212, 0.0, 55.3976704342115, 56.39766870345276, 6.327999999999999
0.006032464929859725, 0.9758467155284336, 0.0014401449189235184, 56.78382617031457, -0.01081955866957325, 0.0, 0.2624918829011733, 0.251672324231599, -6.512828042036005, 0.0, 237.57236453784463, 231.05953649599576, 0.9999982905116024, 0.0, 55.30467782657874, 56.3046761172782, 6.328
0.00604028056112225, 0.975639370983103, 0.00144201076344674, 56.686826854915125, -0.010831709385918263, 0.0, 0.26293513446496775, 0.25210342507910966, -6.511533263510619, 0.0, 237.54892251514266, 231.03738925167605, 0.9999983148168319, 0.0, 55.209690985072946, 56.20968929989205, 6.3279999999999985
0.006048096192384774, 0.9754303982030308, 0.0014438766079699615, 56.58708816044964, -0.010843857687967674, 0.0, 0.26337834028253226, 0.25253448259454814, -6.510240156237426, 0.0, 237.5233408139507, 231.01310065761956, 0.999998342060394, 0.0, 55.11278105508551, 56.11277939706359, 6.328
0.0060559118236473, 0.9752198088328612, 0.0014457424524931832, 56.48467166868795, -0.010856003578835734, 0.0, 0.2638214964281147, 0.2529654928492775, -6.508948715874854, 0.0, 237.4956914672273, 230.9867427514327, 0.9999983722559207, 0.0, 55.01402194638393, 56.01402031872113, 6.327999999999999
0.006063727454909825, 0.9750076140112753, 0.0014476082970164047, 56.37964263190224, -0.01086814706162861, 0.0, 0.2642645991134742, 0.25339645205194117, -6.507658938101637, 0.0, 237.46604941986942, 230.95839048189828, 0.9999984054134687, 0.0, 54.91349037600573, 55.9134887814837, 6.3279999999999985
0.00607154308617235, 0.974793824352588, 0.0014494741415396264, 56.27207005931996, -0.010880288139444408, 0.0, 0.2647076446926917, 0.2538273565532343, -6.50637081861689, 0.0, 237.4344925732858, 230.92812175475288, 0.9999984415393492, 0.0, 54.811265910187075, 55.811264351819325, 6.327999999999999
0.0060793587174348745, 0.9745784499270655, 0.001451339986062848, 56.16202680426068, -0.010892426815373247, 0.0, 0.2651506296680566, 0.25425820285267164, -6.505084353140117, 0.0, 237.4011018297416, 230.8960174766656, 0.999998480636066, 0.0, 54.70743100534069, 55.70742948604891, 6.327999999999999
0.006087174348697399, 0.974361500242722, 0.0014532058305860695, 56.04958965492551, -0.010904563092497268, 0.0, 0.26559355069565527, 0.25468898760315284, -6.503799537411282, 0.0, 237.36596113877553, 230.86216160153344, 0.9999985227021433, 0.0, 54.602071051338356, 55.602069574213246, 6.328
0.006094989979959925, 0.974142984225324, 0.0014550716751092912, 55.934839422479854, -0.010916696973890689, 0.0, 0.26603640459096667, 0.25511970761702685, -6.502516367190872, 0.0, 237.32915754343426, 230.82664117642614, 0.9999985677319925, 0.0, 54.495274414629264, 55.495272982577795, 6.3279999999999985
0.00610280561122245, 0.973922910197075, 0.0014569375196325127, 55.81786103355989, -0.01092882846261983, 0.0, 0.2664791883350013, 0.25555035987235186, -6.5012348382599106, 0.0, 237.2907812248151, 230.7895463865402, 0.9999986157158206, 0.0, 54.38713247931775, 55.38713109503887, 6.3279999999999985
0.006110621242484975, 0.9737012858596472, 0.0014588033641557345, 55.69874362145492, -0.01094095756174316, 0.0, 0.26692189907991093, 0.25598094151814976, -6.499954946420047, 0.0, 237.25092554942816, 230.75097060291156, 0.9999986666394566, 0.0, 54.277739691450066, 55.27773835800533, 6.327999999999999
0.006118436873747499, 0.9734781182697532, 0.001460669208678956, 55.57758062046196, -0.010953084274311346, 0.0, 0.26736453415509587, 0.25641144988077613, -6.498676687493599, 0.0, 237.20968711585712, 230.71101042849753, 0.9999987204842452, 0.0, 54.167193602282566, 55.167192322906565, 6.327999999999999
0.006126252505010025, 0.9732534138225049, 0.0014625350532021775, 55.45446986090974, -0.010965208603367261, 0.0, 0.2678070910730277, 0.25684188246972184, -6.497400057323622, 0.0, 237.16716580248706, 230.66976574509664, 0.9999987772268785, 0.0, 54.0555949128377, 55.05559368995576, 6.327999999999999
0.006134068136272551, 0.9730271782263031, 0.0014644008977253995, 55.32951366479392, -0.010977330551946048, 0.0, 0.26824956753613094, 0.2572722369841607, -6.496125051773956, 0.0, 237.1234648122759, 230.62733976057362, 0.9999988368392888, 0.0, 53.943047514804164, 54.943046351731645, 6.327999999999999
0.006141883767535075, 0.9727994164836957, 0.001466266742248621, 55.20281894240179, -0.01098945012307516, 0.0, 0.26869196144188834, 0.25770251131883626, -6.4948516667292955, 0.0, 237.07869072215817, 230.5838390557032, 0.9999988992885097, 0.0, 53.82965853731119, 54.82965743685829, 6.327999999999999
0.0061496993987976, 0.9725701328692082, 0.0014681325867718425, 55.074497292749584, -0.01100156731977438, 0.0, 0.26913427089027664, 0.25813270357054563, -6.493579898095273, 0.0, 237.03295353151964, 230.539373633498, 0.9999989645364943, 0.0, 53.71553839120585, 54.715537355786424, 6.327999999999999
0.006157515030060126, 0.9723393309056121, 0.0014699984312950643, 54.94466510081838, -0.011013682145055876, 0.0, 0.2695764941896712, 0.25856281204466924, -6.4923097417985, 0.0, 236.9863667078067, 230.49405696609784, 0.999999032540023, 0.0, 53.600800811538946, 54.60079984413199, 6.3279999999999985
0.00616533066132265, 0.972107013344143, 0.0014718642758182858, 54.81344364063989, -0.011025794601924233, 0.0, 0.2700186298633831, 0.25899283526142014, -6.4910411937866535, 0.0, 236.93904723658554, 230.44800604284825, 0.9999991032505307, 0.0, 53.48556290409454, 54.48556200742077, 6.3279999999999985
0.006173146292585176, 0.971873182138637, 0.0014737301203415075, 54.68095917617029, -0.011037904693376503, 0.0, 0.2704606766562314, 0.2594227719628641, -6.4897742500285505, 0.0, 236.8911156701234, 230.40134142010035, 0.9999991766139662, 0.0, 53.369945190444575, 54.369944367057805, 6.327999999999999
0.0061809619238477, 0.9716378384251385, 0.001475595964864729, 54.547343065118184, -0.011050012422402226, 0.0, 0.27090263354140376, 0.2598526211189949, -6.488508906514219, 0.0, 236.84269617520755, 230.3541872687559, 0.999999252570645, 0.0, 53.25407165207263, 54.25407090471034, 6.327999999999999
0.0061887775551102255, 0.9714009824955525, 0.0014774618093879506, 54.41273186466424, -0.011062117791983479, 0.0, 0.2713444997271708, 0.2602823819352409, -6.4872451592549805, 0.0, 236.7939165839818, 230.30667142467695, 0.9999993310550884, 0.0, 53.13806977764222, 54.13806910861115, 6.3279999999999985
0.006196593186372751, 0.9711626137764, 0.0014793276539111723, 54.277267436351394, -0.01107422080509493, 0.0, 0.27178627466393834, 0.26071205385885676, -6.485983004283514, 0.0, 236.74490844132356, 230.25892543691634, 0.9999994119959091, 0.0, 53.0220706066041, 54.02207001846727, 6.328
0.006204408817635276, 0.970922730802215, 0.001481193498434394, 54.141097053841804, -0.011086321464703848, 0.0, 0.2722279580507525, 0.2611416365860393, -6.48472243765397, 0.0, 236.69580705647283, 230.21108461887425, 0.9999994953156073, 0.0, 52.90620877745354, 53.90620827283087, 6.328000000000001
0.006212224448897801, 0.9706813311917557, 0.0014830593429576155, 54.00437351173605, -0.011098419773770173, 0.0, 0.27266954984299474, 0.26157113006917143, -6.483463455442014, 0.0, 236.64675155171986, 230.16328809636104, 0.9999995809304645, 0.0, 52.7906225722692, 53.79062215331868, 6.3279999999999985
0.006220040080160326, 0.9704384116252385, 0.001484925187480837, 53.86725523565838, -0.011110515735246532, 0.0, 0.2731110502587555, 0.2620005345235761, -6.482206053744952, 0.0, 236.59788491385112, 230.11567886011002, 0.9999996687503501, 0.0, 52.67545396493173, 53.67545363364071, 6.327999999999999
0.00622785571142285, 0.9701939678137137, 0.0014867910320040586, 53.72990639337513, -0.011122609352078303, 0.0, 0.27355245978721854, 0.26242985043518274, -6.4809502286818, 0.0, 236.54935404321793, 230.06840381464795, 0.9999997586785888, 0.0, 52.56084866563655, 53.560848424398365, 6.327999999999999
0.0062356713426853765, 0.9699479944799805, 0.0014886568765272805, 53.592497007368365, -0.011134700627203635, 0.0, 0.27399377919483925, 0.26285907856764723, -6.479695976393372, 0.0, 236.501309806295, 230.02161383000012, 0.9999998506117873, 0.0, 52.44695617041325, 53.44695602111573, 6.327999999999999
0.006243486973947901, 0.9697004853274365, 0.001490522721050502, 53.45520306946128, -0.011146789563553493, 0.0, 0.2744350095333701, 0.2632882199697981, -6.4784432930423925, 0.0, 236.4539070855414, 229.9754637925725, 0.9999999444396718, 0.0, 52.333929806730374, 53.33392975125589, 6.327999999999999
0.006251302605210426, 0.9694514330151662, 0.0014923885655737236, 53.31820665516716, -0.011158876164051708, 0.0, 0.27487615214761973, 0.26371727598352024, -6.477192174813562, 0.0, 236.40730483096854, 229.93011265627754, 1.000000040044949, 0.0, 52.22192678101802, 53.221926821217515, 6.328
0.006259118236472951, 0.9692008291322054, 0.001494254410096945, 53.181696041399846, -0.011170960431615015, 0.0, 0.2753172086825444, 0.2641462482508672, -6.475942617913694, 0.0, 236.36166611250036, 229.88572349474222, 1.0000001373031078, 0.0, 52.111108227459766, 53.11110836496005, 6.327999999999999
0.006266933867735477, 0.968948664168849, 0.001496120254620167, 53.04586582320917, -0.011183042369153092, 0.0, 0.27575818109128036, 0.26457513872216865, -6.474694618571777, 0.0, 236.317158171465, 229.842463552952, 1.0000002360822868, 0.0, 52.001639255313826, 53.00163949142721, 6.327999999999999
0.006274749498998001, 0.9686949274913843, 0.0014979860991433886, 52.910917035580496, -0.01119512197956859, 0.0, 0.27619907164298496, 0.2650039496634484, -6.473448173039115, 0.0, 236.27395247300092, 229.80050429999213, 1.0000003362430678, 0.0, 51.89368899730699, 52.893689333558996, 6.3279999999999985
0.006282565130260526, 0.9684396073111827, 0.00149985194366661, 52.777057271800004, -0.011207199265757209, 0.0, 0.27663988293075903, 0.26543268366499717, -6.4722032775894, 0.0, 236.23222475846268, 229.76002148088975, 1.0000004376383524, 0.0, 51.7874306580051, 52.787431095663, 6.327999999999999
0.006290380761523052, 0.9681826906578692, 0.0015017177881898318, 52.64450080721872, -0.011219274230607696, 0.0, 0.27708061787970095, 0.26586134364914926, -6.470959928518828, 0.0, 236.19215509762904, 229.7211951691723, 1.0000005401131566, 0.0, 51.68304156192707, 52.68304210206501, 6.328
0.0062981963927855765, 0.9679241633519382, 0.0015035836327130534, 52.513468722012476, -0.011231346877001912, 0.0, 0.2775212797546729, 0.26628993287768665, -6.469718122146233, 0.0, 236.15392794377559, 229.68420982160507, 1.0000006435044442, 0.0, 51.58070320474604, 52.58070384821576, 6.328
0.006306012024048102, 0.9676640099729639, 0.001505449477236275, 52.38418902689591, -0.011243417207814885, 0.0, 0.27796187216918966, 0.2667184549613886, -6.468477854813159, 0.0, 236.1177321841455, 229.64925432936278, 1.0000007476409762, 0.0, 51.48060129917162, 52.48060204683385, 6.327999999999999
0.006313827655310626, 0.9674022138333385, 0.0015073153217594966, 52.25689678986964, -0.011255485225914826, 0.0, 0.278402399093185, 0.26714691386725065, -6.467239122884014, 0.0, 236.08376119622605, 229.61652207348342, 1.0000008523430945, 0.0, 51.382925827416514, 52.38292667991393, 6.328
0.0063216432865731515, 0.967138756946369, 0.0015091811662827181, 52.131834262865596, -0.011267550934163173, 0.0, 0.27884286486156284, 0.2675753139274164, -6.466001922746149, 0.0, 236.05221290100818, 229.58621097835606, 1.0000009574225783, 0.0, 51.287871090154574, 52.28787204766011, 6.3279999999999985
0.006329458917835677, 0.9668736199957948, 0.0015110470108059399, 52.00925101230678, -0.011279614335414677, 0.0, 0.27928327418309706, 0.2680036598477429, -6.464766250810008, 0.0, 236.0232898151027, 229.55852356446223, 1.000001062682457, 0.0, 51.19563575413666, 52.19563681694865, 6.3279999999999985
0.006337274549098201, 0.9666067823069397, 0.0015129128553291614, 51.88940405010362, -0.011291675432517386, 0.0, 0.2797236321484249, 0.2684319567158724, -6.463532103509235, 0.0, 235.99719910875433, 229.53366700535346, 1.0000011679168166, 0.0, 51.10642290633654, 52.10642407438493, 6.327999999999999
0.006345090180360727, 0.9663382218150502, 0.0015147786998523831, 51.772557964664884, -0.011303734228312715, 0.0, 0.2801639442392343, 0.2688602100109705, -6.462299477300787, 0.0, 235.9741526575619, 229.51185318042295, 1.0000012729106305, 0.0, 51.02044010104352, 52.020441374083696, 6.3279999999999985
0.006352905811623252, 0.9660679150327525, 0.0015166445443756046, 51.65898505607038, -0.011315790725635513, 0.0, 0.2806042163371423, 0.269288425611542, -6.4610683686650825, 0.0, 235.95436709925778, 229.49329873064897, 1.0000013774395782, 0.0, 50.93789941225227, 51.937900789724914, 6.328
0.006360721442885776, 0.9657958370206359, 0.0015185103888988262, 51.54896546957025, -0.011327844927314059, 0.0, 0.28104445473208983, 0.2697166098048278, -6.4598387741061245, 0.0, 235.9380638888722, 229.4782251148257, 1.0000014812698288, 0.0, 50.85901748478801, 51.85901896608318, 6.328
0.006368537074148303, 0.9655219613531898, 0.0015203762334220481, 51.44278733516694, -0.011339896836170153, 0.0, 0.28148466613221146, 0.27014476929606346, -6.458610690151606, 0.0, 235.9254693531354, 229.4668586631426, 1.000001584157906, 0.0, 50.78401558372963, 51.78401716803177, 6.328
0.006376352705410827, 0.9652462600863885, 0.0015222420779452696, 51.34074690230773, -0.01135194645501911, 0.0, 0.281924857672184, 0.2705729112172044, -6.457384113353076, 0.0, 235.91681474794305, 229.45943063471063, 1.0000016858504428, 0.0, 50.713119647931315, 51.713121333876494, 6.3279999999999985
0.006384168336673352, 0.9649687037268109, 0.0015241079224684912, 51.24314868290094, -0.011363993786669873, 0.0, 0.28236503692301795, 0.2710010431363372, -6.456159040286055, 0.0, 235.91233631385543, 229.45617727361034, 1.0000017860840382, 0.0, 50.646560340661246, 51.64656212679335, 6.3279999999999985
0.006391983967935878, 0.9646892611956304, 0.001525973766991713, 51.150305590592325, -0.011376038833924976, 0.0, 0.28280521190083974, 0.2714291730669878, -6.454935467550171, 0.0, 235.91227533223721, 229.45733986474167, 1.0000018845850278, 0.0, 50.58457310157655, 51.58457498616837, 6.3279999999999985
0.006399799599198402, 0.9644078997961714, 0.0015278396115149344, 51.062539084116, -0.011388081599580652, 0.0, 0.2832453910773225, 0.27185730947769926, -6.453713391769313, 0.0, 235.9168781821282, 229.46316479039035, 1.0000019810693073, 0.0, 50.52739819838202, 51.52740017951067, 6.328
0.0064076152304609274, 0.9641245851803433, 0.0015297054560381561, 50.980179311096435, -0.011400122086426868, 0.0, 0.28368558338808825, 0.2722854613017134, -6.452492809591761, 0.0, 235.92639639795246, 229.47390358837868, 1.0000020752421392, 0.0, 50.47528078069072, 51.4752828559168, 6.327999999999999
0.006415430861723453, 0.9638392813133123, 0.0015315713005613777, 50.90356525525567, -0.011412160297247334, 0.0, 0.28412579824328077, 0.2727136379459765, -6.451273717690328, 0.0, 235.94108672613027, 229.48981300840322, 1.000002166797943, 0.0, 50.42847093139838, 51.42847309819679, 6.328
0.006423246492985977, 0.9635519504377896, 0.0015334371450845992, 50.83304488295107, -0.011424196234819599, 0.0, 0.2845660455366641, 0.27314184930189, -6.450056112762516, 0.0, 235.96121118220796, 229.5111550695305, 1.0000022554201122, 0.0, 50.38722371957567, 51.387225975051145, 6.327999999999999
0.0064310621242485025, 0.9632625530406216, 0.001535302989607821, 50.76897529233247, -0.011436229901915054, 0.0, 0.28500633565618827, 0.2735701057543629, -6.448839991530664, 0.0, 235.98703711048728, 229.53819711891182, 1.0000023407807799, 0.0, 50.351799254935074, 51.35180159561263, 6.3279999999999985
0.006438877755511028, 0.9629710478148041, 0.0015371688341310427, 50.711722863285104, -0.01144826130129902, 0.0, 0.2854466794937345, 0.27399841819246973, -6.447625350742073, 0.0, 236.01883723929598, 229.5712118887457, 1.0000024225406772, 0.0, 50.322462738510126, 51.322465161220286, 6.327999999999999
0.006446693386773552, 0.9626773916261584, 0.0015390346786542642, 50.66166341130156, -0.011460290435730743, 0.0, 0.2858870884544764, 0.27442679801874803, -6.446412187169204, 0.0, 236.05688974288788, 229.6104775556631, 1.0000025003488502, 0.0, 50.29948452024743, 51.29948702053914, 6.3279999999999985
0.006454509018036078, 0.9623815394728297, 0.0015409005231774857, 50.6191823395493, -0.011472317307963496, 0.0, 0.2863275744684799, 0.2748552571604925, -6.445200497609799, 0.0, 236.10147829674392, 229.65627779928994, 1.0000025738425147, 0.0, 50.28314014857798, 51.28314272259181, 6.328
0.006462324649298602, 0.962083444452162, 0.0015427663677007072, 50.58467479477986, -0.011484341920744587, 0.0, 0.2867681499997765, 0.275283808079017, -6.443990278887054, 0.0, 236.15289213965497, 229.70890186064187, 1.0000026426468167, 0.0, 50.273710428449306, 51.273713070979774, 6.3279999999999985
0.006470140280561128, 0.9617830577213908, 0.0015446322122239292, 50.558545824867906, -0.011496364276815427, 0.0, 0.28720882805747294, 0.27571246378067826, -6.442781527849765, 0.0, 236.21142612993728, 229.76864460219545, 1.0000027063746404, 0.0, 50.27148147220178, 51.27148417867092, 6.328
0.006477955911823653, 0.961480328457867, 0.0015464980567471507, 50.54121053792187, -0.011508384378911569, 0.0, 0.2876496222063629, 0.2761412378275203, -6.441574241372502, 0.0, 236.277380807561, 229.8358065662675, 1.0000027646263918, 0.0, 50.27674475671787, 51.27674752137867, 6.3279999999999985
0.006485771543086178, 0.9611752038249506, 0.0015483639012703722, 50.53309425947373, -0.01152040222976276, 0.0, 0.2880905465771022, 0.2765701443473354, -6.440368416355771, 0.0, 236.35106245231628, 229.9106940359093, 1.0000028169897741, 0.0, 50.289797176927785, 51.28979999386895, 6.3279999999999985
0.0064935871743487025, 0.9608676289305151, 0.0015502297457935937, 50.53463269898202, -0.01153241783209298, 0.0, 0.28853161587705145, 0.2769991980449511, -6.439164049726192, 0.0, 236.43278314485974, 229.99361909509943, 1.0000028630395685, 0.0, 50.310941101797724, 51.31094396480795, 6.3279999999999985
0.006501402805611229, 0.9605575467876406, 0.0015520955903168157, 50.54627210920444, -0.011544431188620521, 0.0, 0.2889728454015845, 0.2774284142130874, -6.4379611384366235, 0.0, 236.52286082640435, 230.08489968799205, 1.0000029023374735, 0.0, 50.34048442869873, 51.340487330981006, 6.3279999999999985
0.006509218436873753, 0.9602448982762013, 0.0015539614348400372, 50.568469455232844, -0.011556442302057983, 0.0, 0.2894142510449136, 0.277857808742926, -6.436759679466409, 0.0, 236.62161935999464, 230.1848596806184, 1.0000029344317847, 0.0, 50.37874063970934, 51.378743574186, 6.327999999999998
0.006517034068136278, 0.959929622102365, 0.0015558272793632587, 50.601692577649374, -0.011568451175112376, 0.0, 0.2898558493108361, 0.27828739813576675, -6.435559669821472, 0.0, 236.72938859069947, 230.29382892069893, 1.0000029588572745, 0.0, 50.42602885692296, 51.42603181557345, 6.327999999999999
0.006524849699398804, 0.9596116547574951, 0.0015576931238864805, 50.64642036423902, -0.011580457810485147, 0.0, 0.29029765732428814, 0.27871719951389196, -6.434361106534543, 0.0, 236.84650440745096, 230.4121433007925, 1.0000029751349164, 0.0, 50.482673898917454, 51.48267687387136, 6.327999999999999
0.006532665330661328, 0.959290930478744, 0.001559558968409702, 50.703142918035155, -0.01159246221087222, 0.0, 0.29073969284273815, 0.2791472306318745, -6.433163986665321, 0.0, 236.97330880439546, 230.54014481759043, 1.0000029827716665, 0.0, 50.54900633687907, 51.54900931950552, 6.327999999999998
0.0065404809619238535, 0.9589673812064916, 0.0015614248129329237, 50.772361731447745, -0.011604464378964075, 0.0, 0.29118197426723214, 0.2795775098883091, -6.431968307300656, 0.0, 237.11014994285432, 230.67818163555322, 1.000002981260251, 0.0, 50.62536255159564, 51.62536553282918, 6.3279999999999985
0.006548296593186379, 0.958640936541812, 0.0015632906574561452, 50.85458985788864, -0.011616464317445774, 0.0, 0.2916245206546755, 0.2800080563372269, -6.430774065554725, 0.0, 237.25738221252266, 230.8266081469208, 1.0000029700789366, 0.0, 50.712084788933154, 51.71208775896669, 6.3279999999999985
0.006556112224448903, 0.9583115237064845, 0.0015651565019793668, 50.95035208889749, -0.011628462028997005, 0.0, 0.29206735172860476, 0.28043888969963504, -6.429581258569228, 0.0, 237.41536629507576, 230.98578503659908, 1.0000029486912807, 0.0, 50.80952121872504, 51.80952416749142, 6.327999999999999
0.006563927855711429, 0.9579790674991386, 0.0015670223465025885, 51.06018513048184, -0.011640457516292174, 0.0, 0.29251048789166134, 0.2808700303754854, -6.42838988351356, 0.0, 237.58446922591634, 231.1560793425357, 1.0000029165459403, 0.0, 50.918025990750806, 51.9180289073555, 6.327999999999999
0.006571743486973953, 0.9576434902501774, 0.00156888819102581, 51.1846377820184, -0.011652450782000421, 0.0, 0.2929539502374361, 0.2813014994554841, -6.427199937585021, 0.0, 237.76506445685163, 231.33786451935703, 1.0000028730764072, 0.0, 51.03795929208554, 52.0379621652215, 6.3279999999999985
0.006579559118236479, 0.9573047117819442, 0.0015707540355490318, 51.32427111809375, -0.01166444182878568, 0.0, 0.29339776056224665, 0.28173331873345475, -6.426011418008988, 0.0, 237.95753192017213, 231.53152050203553, 1.0000028177007803, 0.0, 51.16968740593273, 52.16969022350987, 6.327999999999999
0.006587374749499004, 0.9569626493629784, 0.0015726198800722533, 51.479658668948105, -0.011676430659306732, 0.0, 0.29384194137705677, 0.2821655107177321, -6.42482432203913, 0.0, 238.16225809172465, 231.73743376983157, 1.00000274982153, 0.0, 51.31358276939801, 52.313585519376986, 6.3279999999999985
0.006595190380761528, 0.9566172176611474, 0.0015744857245954748, 51.651386606507, -0.011688417276217273, 0.0, 0.29428651592055033, 0.2825980986443781, -6.423638646957575, 0.0, 238.37963605436647, 231.95599740740056, 1.0000026688252794, 0.0, 51.47002403094851, 52.47002669973685, 6.327999999999998
0.006603006012024054, 0.9562683287026346, 0.0015763515691186968, 51.84005392965628, -0.011700401682165944, 0.0, 0.29473150817101157, 0.28303110648885976, -6.422454390075138, 0.0, 238.61006556195275, 232.1876111720721, 1.0000025740825331, 0.0, 51.63939610920536, 52.63939868347342, 6.3279999999999985
0.006610821643286579, 0.9559158918238495, 0.0015782174136419183, 52.04627265263116, -0.011712383879796392, 0.0, 0.2951769428587383, 0.28346455897893463, -6.4212715487315, 0.0, 238.85395310428405, 232.4326815555363, 1.0000024649474637, 0.0, 51.82209025239499, 52.82209271733085, 6.3279999999999985
0.006618637274549104, 0.9555598136270476, 0.0015800832581651398, 52.27066799343447, -0.011724363871747336, 0.0, 0.295622845478718, 0.28389848160693987, -6.420090120295435, 0.0, 239.1117119709564, 232.6916218509247, 1.00000234075764, 0.0, 52.01850409657652, 53.01850643761736, 6.328
0.006626452905811629, 0.9551999979332493, 0.0015819491026883615, 52.51387856708607, -0.011736341660652612, 0.0, 0.296069242303588, 0.2843329006430011, -6.4189101021649835, 0.0, 239.38376231722341, 232.96485221504514, 1.0000022008338243, 0.0, 52.22904172574013, 53.22904392651914, 6.3279999999999985
0.006634268537074154, 0.9548363457354583, 0.001583814947211583, 52.776556577766314, -0.011748317249141226, 0.0, 0.29651616039647877, 0.28476784314728576, -6.417731491767693, 0.0, 239.67053122720623, 233.25279973573706, 1.0000020444796818, 0.0, 52.454113729369006, 53.454115774179904, 6.327999999999999
0.006642084168336679, 0.9544687551504012, 0.0015856807917348048, 53.059368013899075, -0.01176029063983741, 0.0, 0.29696362762367556, 0.28520333698389067, -6.4165542865607925, 0.0, 239.97245278201086, 233.55589849550844, 1.000001870981567, 0.0, 52.694137265062345, 53.69413913606913, 6.3279999999999985
0.0066498997995992045, 0.9540971213730529, 0.0015875466362580263, 53.362992845795816, -0.011772261835360683, 0.0, 0.29741167266826096, 0.28563941083295674, -6.415378484031452, 0.0, 240.28996812263358, 233.87458963837278, 1.0000016796082374, 0.0, 52.94953611536739, 53.94953779471075, 6.3279999999999985
0.006657715430861729, 0.9537213366261881, 0.0015894124807812478, 53.68812522411463, -0.011784230838325901, 0.0, 0.29786032504284066, 0.2860760942044678, -6.414204081696946, 0.0, 240.6235255178951, 234.2093214363815, 1.0000014696106463, 0.0, 53.22074075026033, 54.22074222008384, 6.327999999999998
0.006665531062124254, 0.9533412901133147, 0.0015912783253044696, 54.03547368006548, -0.011796197651343326, 0.0, 0.2983096151032356, 0.28651341745192127, -6.413031077104899, 0.0, 240.97358042932726, 234.5605493524073, 1.0000012402216645, 0.0, 53.50818838601006, 54.50818962639847, 6.327999999999999
0.0066733466933867796, 0.9529568679685951, 0.0015931441698276913, 54.405761330446694, -0.011808162277018655, 0.0, 0.29875957406166265, 0.28695141178467054, -6.411859467833512, 0.0, 241.34059558057004, 234.92873611274183, 1.0000009906558045, 0.0, 53.81232304891623, 54.81232403956068, 6.3279999999999985
0.006681162324649305, 0.9525679532078186, 0.0015950100143509128, 54.799726078112144, -0.011820124717953101, 0.0, 0.29921023400080315, 0.2873901092828959, -6.410689251491759, 0.0, 241.72504101936283, 235.3143517680198, 1.0000007201090053, 0.0, 54.13359563112412, 55.13359635135313, 6.3279999999999985
0.006688977955911829, 0.952174425676418, 0.0015968758588741343, 55.218120822595665, -0.01183208497674346, 0.0, 0.29966162788703343, 0.28782954291029483, -6.409520425719625, 0.0, 242.12739418980644, 235.7178737640792, 1.0000004277583552, 0.0, 54.47246395727875, 55.47246438502646, 6.3279999999999985
0.006696793587174354, 0.951776162001579, 0.0015987417033973559, 55.661713664914714, -0.011844043055982124, 0.0, 0.3001137895847208, 0.28826974652868387, -6.408352988188331, 0.0, 242.54813999475041, 236.139787006665, 1.000000112761816, 0.0, 54.82939284067709, 55.82939295357609, 6.327999999999998
0.00670460921843688, 0.9513730355394614, 0.0016006075479205778, 56.131288120901445, -0.011855998958257207, 0.0, 0.30056675386968834, 0.28871075491149156, -6.407186936600571, 0.0, 242.98777086845143, 236.58058393210626, 0.9999997742579879, 0.0, 55.20485415025383, 56.20485392472948, 6.327999999999999
0.006712424849699405, 0.9509649163234997, 0.0016024733924437993, 56.62764333060477, -0.01186795268615253, 0.0, 0.30102055644395165, 0.28915260375781315, -6.4060222686907125, 0.0, 243.44678684051482, 237.04076457192846, 0.9999994113658269, 0.0, 55.59932686809675, 56.59932627955817, 6.327999999999998
0.00672024048096193, 0.9505516710128177, 0.0016043392369670209, 57.15159427491017, -0.011879904242247736, 0.0, 0.3014752339497093, 0.28959532970747404, -6.404858982225064, 0.0, 243.9256956060234, 237.52083662350017, 0.9999990231843869, 0.0, 56.01329715365889, 57.01329617653735, 6.327999999999999
0.006728056112224454, 0.9501331628408707, 0.0016062050814902424, 57.703971989947604, -0.01189185362911833, 0.0, 0.30193082398301385, 0.29003897035395454, -6.403697075002094, 0.0, 244.4250125938373, 238.02131551921696, 0.9999986087925478, 0.0, 56.44725840638236, 57.447257015519924, 6.3279999999999985
0.00673587174348698, 0.9497092515584882, 0.0016080709260134643, 58.2856237856613, -0.011903800849335733, 0.0, 0.30238736510990094, 0.29048356426064714, -6.4025365448526586, 0.0, 244.9452610353817, 238.5427244904735, 0.9999981672487539, 0.0, 56.90171132732044, 57.90170949446273, 6.328
0.006743687374749506, 0.9492797933849317, 0.0016099367705366859, 58.897413466795115, -0.01191574590546735, 0.0, 0.3028448968791295, 0.29092915097366756, -6.401377389640267, 0.0, 245.48697203279434, 239.08559464318677, 0.9999976975907281, 0.0, 57.37716398227468, 58.37716167989476, 6.3279999999999985
0.00675150300601203, 0.9488446409513926, 0.0016118026150599074, 59.540221553412266, -0.011927688800076634, 0.0, 0.303303459838105, 0.29137577103807644, -6.400219607261304, 0.0, 246.05068462999907, 239.6504650228959, 0.9999971988352067, 0.0, 57.874131865917704, 58.87412906488124, 6.3279999999999985
0.0067593186372745554, 0.948403643245797, 0.0016136684595831291, 60.21494550528587, -0.01193962953572314, 0.0, 0.3037630955476871, 0.29182346601204756, -6.399063195645269, 0.0, 246.63694588, 240.23788268464696, 0.9999966699776801, 0.0, 58.393137962876544, 59.39313463309463, 6.327999999999999
0.00676713426853708, 0.9479566455594295, 0.0016155343041063506, 60.92249994917074, -0.01195156811496259, 0.0, 0.3042238465967628, 0.2922722784818035, -6.397908152755043, 0.0, 247.24631091796644, 240.84840276543795, 0.9999961099920865, 0.0, 58.9347128147944, 59.934708925011044, 6.3279999999999985
0.006774949899799605, 0.9475034894311989, 0.0016174001486295724, 61.66381690572598, -0.011963504540346954, 0.0, 0.30468575661744524, 0.2927222520771622, -6.396754476587121, 0.0, 247.87934302758237, 241.48258855117768, 0.9999955178305647, 0.0, 59.49939458031263, 60.49939009828615, 6.3279999999999985
0.0067827655310621305, 0.9470440125893731, 0.0016192659931527939, 62.439846019784454, -0.011975438814424465, 0.0, 0.30514887030098947, 0.2931734314866077, -6.395602165171875, 0.0, 248.53661371507613, 242.14101154992318, 0.9999948924231351, 0.0, 60.0877291023332, 61.0877239947489, 6.327999999999998
0.006790581162324655, 0.946578048898914, 0.0016211318376760154, 63.25155479335808, -0.011987370939739735, 0.0, 0.305613233412096, 0.2936258624723962, -6.394451216573792, 0.0, 249.2187027777644, 242.82425156130736, 0.999994232677461, 0.0, 60.70026997083742, 61.70026420360702, 6.327999999999999
0.00679839679358718, 0.9461054282988357, 0.0016229976821992371, 64.09992881811922, -0.011999300918833788, 0.0, 0.30607889280564393, 0.29407959188686306, -6.393301628891735, 0.0, 249.92619837479012, 243.53289674599708, 0.9999935374785444, 0.0, 61.33757858644095, 62.33757212398556, 6.3279999999999985
0.006806212424849705, 0.9456259767506765, 0.0016248635267224587, 64.98597201437224, -0.012011228754244136, 0.0, 0.30654589644147734, 0.2945346676872447, -6.3921534002592155, 0.0, 250.6596971009391, 244.26754370051535, 0.9999928056884309, 0.0, 62.000224228274824, 63.00021703379162, 6.3279999999999985
0.006814028056112231, 0.9451395161762548, 0.0016267293712456804, 65.91070686612511, -0.012023154448504842, 0.0, 0.30701429340054887, 0.29499113895205653, -6.391006528844645, 0.0, 251.41980405542762, 245.02879752685186, 0.9999920361459277, 0.0, 62.68878411604441, 63.68877615245154, 6.327999999999999
0.006821843687374755, 0.9446458644007976, 0.001628595215768902, 66.87517466506688, -0.012035078004146577, 0.0, 0.3074841339007435, 0.2954490558966114, -6.389861012851565, 0.0, 252.20713291577968, 245.81727190295734, 0.9999912276663485, 0.0, 63.403843477420224, 64.40383470510687, 6.327999999999999
0.00682965931863728, 0.9441448350919472, 0.0016304610602921234, 67.88043575029587, -0.012046999423696697, 0.0, 0.30795546931325646, 0.295908469889568, -6.38871685051898, 0.0, 253.02230600823006, 246.63358915768762, 0.9999903790411548, 0.0, 64.14599561165963, 65.1459859906723, 6.3279999999999985
0.006837474949899806, 0.9436362377018668, 0.0016323269048153454, 68.92756975389784, -0.012058918709679315, 0.0, 0.30842835217854514, 0.29636943346888245, -6.387574040121552, 0.0, 253.86595438144923, 247.47838034132846, 0.9999894890377385, 0.0, 64.91584195685765, 65.915831445886, 6.3279999999999985
0.006845290581162331, 0.9431198774076393, 0.001634192749338567, 70.01767584870686, -0.012070835864615348, 0.0, 0.30890283622242265, 0.29683200035773893, -6.386432579969927, 0.0, 254.73871787904923, 248.35228529953395, 0.9999885563990658, 0.0, 65.7139921559362, 66.71398071283176, 6.327999999999999
0.006853106212424856, 0.9425955550472338, 0.0016360585938617884, 71.15187299609534, -0.012082750891022594, 0.0, 0.3093789763731678, 0.2972962254821141, -6.385292468410963, 0.0, 255.64124521202865, 249.25595274375976, 0.9999875798434229, 0.0, 66.54106412199637, 67.54105170200087, 6.327999999999999
0.006860921843687381, 0.9420630670619801, 0.0016379244383850102, 72.33130019740202, -0.012094663791415801, 0.0, 0.30985682877744836, 0.2977621649860822, -6.384153703828043, 0.0, 256.57419403304607, 250.1900403290113, 0.9999865580640809, 0.0, 67.39768410627167, 68.39767066409868, 6.327999999999999
0.0068687374749499056, 0.941522205433273, 0.0016397902829082317, 73.55711674771737, -0.012106574568306744, 0.0, 0.3103364508176085, 0.2982298762493798, -6.383016284641315, 0.0, 257.538231007829, 251.15521472327134, 0.9999854897290406, 0.0, 68.28448676242782, 69.28447225219294, 6.327999999999999
0.006876553106212432, 0.9409727576185958, 0.0016416561274314534, 74.83050249025109, -0.012118483224204276, 0.0, 0.31081790112843066, 0.29869941790421706, -6.381880209307991, 0.0, 258.5340318918852, 252.15215168250492, 0.9999843734806936, 0.0, 69.20211521653468, 70.20209958994873, 6.327999999999999
0.006884368737474956, 0.9404145064910949, 0.001643521971954675, 76.1526580748905, -0.0121303897616144, 0.0, 0.3113012396138757, 0.29917084985228115, -6.380745476322624, 0.0, 259.56228160249105, 253.18153612618266, 0.9999832079355322, 0.0, 70.15122113237238, 71.15120434031004, 6.327999999999999
0.006892184368737481, 0.9398472302753476, 0.0016453878164778965, 77.52480521675898, -0.012142294183040366, 0.0, 0.3117865274645766, 0.2996442332815903, -6.3796120842173965, 0.0, 260.6236742939094, 254.244062209817, 0.9999819916838452, 0.0, 71.13246477955659, 72.1324467713326, 6.327999999999999
0.006900000000000006, 0.9392707024826166, 0.0016472536610011182, 78.9481869599258, -0.012154196490982703, 0.0, 0.31227382717510466, 0.30011963068417913, -6.378480031562383, 0.0, 261.71891343154135, 255.3404334001197, 0.999980723289418, 0.0, 72.1465151007826, 73.14649582417803, 6.327999999999999
