phi0, phi, rho, Z_fit_curve, F_id, F_fr, F_ex, F_total, mu_id, mu_fr, mu_ex, mu_kT, PV_id, PV_fr, PV_ex, PV_NkT, alpha
0.0030000000000000005, 0.7518617578730556, 7.161972439135291E-4, 3.093881593112002, -0.005880962532589307, 0.0, -0.046487778626535095, -0.05236874115912765, -7.211227815695798, 0.0, -67.86902124958002, -75.0802490652795, 1.0001449347128177, 0.0, -2.9598373318772477, -1.9596923971635798, 6.3279999999999905
0.003007815631262526, 0.753877919158258, 7.180630884367508E-4, 3.2939962542827175, -0.005894415141883559, 0.0, -0.046613980416797166, -0.052508395558684196, -7.208634215696193, 0.0, -67.40818568221043, -74.61681989791077, 1.0001363461160178, 0.0, -2.491911377848853, -1.4917750317321445, 6.3279999999999905
0.0030156312625250507, 0.7558810047188312, 7.199289329599724E-4, 3.4931870888923413, -0.005907862917940225, 0.0, -0.04673933027401729, -0.052647193191960984, -7.206047060593912, 0.0, -66.95580639148949, -74.161853452088, 1.0001280873476672, 0.0, -2.0336618100104125, -1.0335337226625234, 6.3279999999999905
0.003023446893787576, 0.7578710915211404, 7.21794777483194E-4, 3.6914597533811673, -0.005921305872759423, 0.0, -0.04686384382424556, -0.0527851496970078, -7.203466323541629, 0.0, -66.51172067794164, -73.71518700148793, 1.0001201493423366, 0.0, -1.5848948180292495, -0.5847746686876674, 6.327999999999992
0.003031262525050101, 0.7598482559293607, 7.236606220064157E-4, 3.8888201407359304, -0.005934744018291273, 0.0, -0.04698753639153047, -0.052922280409824135, -7.200891977803017, 0.0, -66.07576752722929, -73.27665950503791, 1.000112523224893, 0.0, -1.1454190148932166, -0.14530649167062726, 6.327999999999992
0.003039078156312626, 0.7618125737100846, 7.255264665296373E-4, 4.085274377130332, -0.005948177366436116, 0.0, -0.047110423001060234, -0.05305860036749996, -7.198323996752482, 0.0, -65.6477876027903, -72.8461115995509, 1.00010520030719, 0.0, -0.7150454157266218, 0.28505978457742387, 6.327999999999992
0.003046893787575151, 0.7637641200368992, 7.273923110528589E-4, 4.280828818516767, -0.005961605929044717, 0.0, -0.04723251838228826, -0.05319412431133612, -7.195762353874874, 0.0, -65.22762323837874, -72.42338559226091, 1.0000981720848123, 0.0, -0.2935874167436776, 0.7065107553381597, 6.327999999999991
0.003054709418837676, 0.7657029694949516, 7.292581555760805E-4, 4.475490047221797, -0.005975029717918469, 0.0, -0.04735383697203853, -0.053328866689959134, -7.193207022765216, 0.0, -64.81511843068952, -72.00832545346036, 1.000091430233872, 0.0, 0.11913922547773804, 1.1192306557089255, 6.327999999999991
0.003062525050100201, 0.7676291960854654, 7.311240000993021E-4, 4.669264868480411, -0.005988448744809603, 0.0, -0.04747439291759721, -0.05346284166240979, -7.190657977128426, 0.0, -64.41011883192907, -71.60077680906429, 1.0000849666078553, 0.0, 0.5233164145533151, 1.5234013811584348, 6.327999999999993
0.0030703406813627258, 0.7695428732302931, 7.329898446225237E-4, 4.862160306979973, -0.006001863021421389, 0.0, -0.04759420007980816, -0.05359606310123313, -7.188115190779041, 0.0, -64.0124717424125, -71.20058693319821, 1.000078773234522, 0.0, 0.9191237346275686, 1.919202507860311, 6.327999999999993
0.003078156312625251, 0.7714440737763959, 7.348556891457453E-4, 5.054183603349031, -0.0060152725594083386, 0.0, -0.047713272036129115, -0.05372854459554109, -7.185578637640929, 0.0, -63.62202610315072, -70.80760474079857, 1.0000728423128684, 0.0, 1.3067384704689105, 2.3068113127798053, 6.327999999999994
0.003085971943887776, 0.7733328700003359, 7.36721533668967E-4, 5.2453422106484595, -0.0060286773703764115, 0.0, -0.04783162208368988, -0.05386029945406853, -7.1830482917470295, 0.0, -63.23863248843824, -70.42168078018989, 1.0000671662101048, 0.0, 1.6863356273738728, 2.686402793582406, 6.327999999999994
0.0030937875751503013, 0.7752093336127331, 7.385873781921886E-4, 5.4356437908145665, -0.0060420774658832225, 0.0, -0.04794926324233538, -0.05399134070822112, -7.1805241272390585, 0.0, -62.862143098443596, -70.04266722568676, 1.0000617374587353, 0.0, 2.0580879508587993, 3.058149688316851, 6.327999999999994
0.003101603206412826, 0.7770735357627178, 7.404532227154102E-4, 5.625096211097741, -0.006055472857438236, 0.0, -0.04806620825764531, -0.05412168111508653, -7.1780061183672395, 0.0, -62.49241175180835, -69.67041787018168, 1.0000565487536361, 0.0, 2.4221659461259, 3.4222224948774684, 6.327999999999994
0.0031094188376753515, 0.7789255470423374, 7.423190672386318E-4, 5.813707540469778, -0.006068863556502974, 0.0, -0.0481824696039585, -0.054251333160463946, -7.175494239490029, 0.0, -62.129293878217226, -69.30478811771204, 1.0000515929492009, 0.0, 2.7787378973822725, 3.778789490330022, 6.327999999999995
0.0031172344689378764, 0.7807654374909836, 7.441849117618535E-4, 6.001486046008694, -0.006082249574491214, 0.0, -0.04829805948736059, -0.05438030906185473, -7.172988465073827, 0.0, -61.772646511002236, -68.94563497607791, 1.0000468630565464, 0.0, 3.1279698868970507, 4.128016749955695, 6.327999999999995
0.0031250501002004017, 0.7825932765997647, 7.460507562850751E-4, 6.188440189265322, -0.006095630922769196, 0.0, -0.04841298984867591, -0.054508620771447844, -7.170488769692716, 0.0, -61.422328279724375, -68.5928170494208, 1.0000423522407358, 0.0, 3.47002581391146, 4.470068166152159, 6.327999999999994
0.0031328657314629266, 0.7844091333158664, 7.479166008082967E-4, 6.374578622607686, -0.0061090076126558155, 0.0, -0.048527272366435364, -0.05463627997909319, -7.167995128028167, 0.0, -61.078199402776065, -68.2461945308085, 1.0000380538180718, 0.0, 3.8050674133240556, 4.8051054671405575, 6.327999999999996
0.003140681362725452, 0.7862130760469113, 7.497824453315184E-4, 6.55991018554451, -0.006122379655422833, 0.0, -0.048640918459833815, -0.054763298115259554, -7.165507514868773, 0.0, -60.74012167996214, -67.9056291948374, 1.0000339612534168, 0.0, 4.133254274214936, 5.133288235465737, 6.327999999999995
0.0031484969939879768, 0.7880051726652815, 7.5164828985474E-4, 6.74444390102866, -0.00613574706229506, 0.0, -0.048753939291684284, -0.0548896863539825, -7.163025905109969, 0.0, -60.40795848506418, -67.57098439017841, 1.0000300681575622, 0.0, 4.45474385821693, 5.4547739263744335, 6.327999999999996
0.003156312625250502, 0.7897854905124247, 7.535141343779616E-4, 6.928188971737512, -0.006149109844450575, 0.0, -0.04886634577132952, -0.055015455615782735, -7.16055027375375, 0.0, -60.08157475848582, -67.24212503224543, 1.000026368284646, 0.0, 4.76969151758674, 5.769717885869036, 6.327999999999996
0.003164128256513027, 0.7915540964031419, 7.553799789011832E-4, 7.111154776344819, -0.006162468013020906, 0.0, -0.04897814855757107, -0.05514061657059456, -7.158080595908398, 0.0, -59.76083699978457, -66.91891759569754, 1.0000228555296002, 0.0, 5.078250513254028, 6.078273368782476, 6.327999999999997
0.0031719438877755523, 0.7933110566298641, 7.572458234244049E-4, 7.293350865763301, -0.006175821579091242, 0.0, -0.049089358061569735, -0.05526517964066388, -7.155616846788203, 0.0, -59.445613260306494, -66.60123010709954, 1.0000195239256549, 0.0, 5.380572032573194, 6.380591556497848, 6.327999999999996
0.003179759519038077, 0.7950564369668841, 7.591116679476265E-4, 7.474786959372636, -0.00618917055370062, 0.0, -0.04919998444973109, -0.05538915500343411, -7.153159001713189, 0.0, -59.135773135747236, -66.28893213746497, 1.0000163676418632, 0.0, 5.676805206976313, 6.676821574616785, 6.327999999999996
0.003187575150300602, 0.7967903026746179, 7.60977512470848E-4, 7.655472941234848, -0.006202514947842127, 0.0, -0.04931003764658304, -0.055512552594428485, -7.150707036108827, 0.0, -58.831187758747156, -65.98189479486045, 1.0000133809806802, 0.0, 5.967097129430838, 6.967110510411411, 6.327999999999998
0.003195390781563127, 0.7985127185037844, 7.628433569940696E-4, 7.835418856284377, -0.006215854772463095, 0.0, -0.04941952733763061, -0.055635382110097414, -7.1482609255057685, 0.0, -58.53172979149106, -65.67999071700224, 1.0000105583755774, 0.0, 6.2515928717156575, 7.251603430090677, 6.327999999999997
0.003203206412825652, 0.8002237486996135, 7.647092015172913E-4, 8.014634906506501, -0.006229190038465305, 0.0, -0.049528462972215206, -0.0557576530106839, -7.1458206455395565, 0.0, -58.2372734182862, -65.38309406383361, 1.0000078943887063, 0.0, 6.530435501579972, 7.530443395965251, 6.327999999999997
0.003211022044088177, 0.801923457006021, 7.665750460405129E-4, 8.193131447110602, -0.006242520756705167, 0.0, -0.04963685376633373, -0.055879374523041356, -7.143386171950363, 0.0, -57.947694338158264, -65.09108051011295, 1.0000053837085643, 0.0, 6.803766099689657, 7.803771483397119, 6.327999999999998
0.003218837675350702, 0.8036119066697512, 7.684408905637345E-4, 8.370918982659958, -0.006255846937993926, 0.0, -0.04974470870546456, -0.05600055564346221, -7.140957480582697, 0.0, -57.66286975744026, -64.80382723802329, 1.0000030211477426, 0.0, 7.071723776450717, 8.071726797602967, 6.327999999999998
0.0032266533066132273, 0.8052891604445138, 7.703067350869562E-4, 8.548008163217418, -0.006269168593097855, 0.0, -0.04985203654737763, -0.05612120514047722, -7.138534547385135, 0.0, -57.38267838234923, -64.52121292974023, 1.000000801640677, 0.0, 7.334445688687318, 8.334446490324387, 6.327999999999998
0.003234468937875752, 0.8069552805951086, 7.721725796101778E-4, 8.724409780461599, -0.006282485732738447, 0.0, -0.04995884582491156, -0.05624133155765389, -7.136117348410039, 0.0, -57.10700041160735, -64.24311776002112, 0.9999987202414601, 0.0, 7.592067056098749, 8.59206577634151, 6.327999999999997
0.0032422845691382775, 0.8086103289015094, 7.740384241333994E-4, 8.900134763785644, -0.006295798367592608, 0.0, -0.05006514484877453, -0.05636094321637031, -7.133705859813284, 0.0, -56.83571752898758, -63.96942338880412, 0.9999967721216602, 0.0, 7.844721177691138, 8.84471794981364, 6.3279999999999985
0.0032501002004008024, 0.8102543666629419, 7.75904268656621E-4, 9.075194176398185, -0.006309106508292852, 0.0, -0.05017094171028129, -0.0564800482185769, -7.131300057853972, 0.0, -56.568712895938, -63.70001295380001, 0.9999949525682064, 0.0, 8.092539447918607, 9.092534400482329, 6.327999999999998
0.0032579158316633277, 0.8118874547019366, 7.777701131798427E-4, 9.249599211394894, -0.0063224101654274925, 0.0, -0.05027624428412483, -0.05659865444955457, -7.1288999188941675, 0.0, -56.3058711441708, -63.43477106307144, 0.9999932569812732, 0.0, 8.335651372778266, 9.335644629755956, 6.3279999999999985
0.0032657314629258526, 0.8135096533683819, 7.796359577030643E-4, 9.423361187833308, -0.006335709349540832, 0.0, -0.050381060231103225, -0.05671676958064775, -7.1265054193986055, 0.0, -56.04707836821339, -63.173583787619826, 0.9999916808722354, 0.0, 8.57418458576081, 9.574176266629953, 6.327999999999999
0.003273547094188378, 0.8151210225435214, 7.815018022262859E-4, 9.596491546782602, -0.00634900407113336, 0.0, -0.05048539700084237, -0.05683440107197821, -7.124116535934426, 0.0, -55.792222118050574, -62.91633865399042, 0.9999902198616254, 0.0, 8.808264863583004, 9.808255083442372, 6.327999999999998
0.003281362725450903, 0.8167216216439654, 7.833676467495076E-4, 9.769001847361125, -0.006362294340661932, 0.0, -0.05058926183450592, -0.0569515561751715, -7.121733245170887, 0.0, -55.541191391664995, -62.662924636842526, 0.9999888696771385, 0.0, 9.038016141886008, 10.03800501156116, 6.327999999999998
0.0032891783567134277, 0.8183115096256564, 7.852334912727291E-4, 9.940903762793141, -0.006375580168539974, 0.0, -0.050692661767490016, -0.05706824193603306, -7.119355523879094, 0.0, -55.293876627683446, -62.413232151566966, 0.9999876261516676, 0.0, 9.263560530690782, 10.263548156841942, 6.3279999999999985
0.0032969939879759526, 0.8198907449878529, 7.870993357959507E-4, 10.112209076411915, -0.006388861565137662, 0.0, -0.05079560363210869, -0.057184465197250414, -7.11698334893172, 0.0, -55.05016969788327, -62.167153046819394, 0.9999864852213659, 0.0, 9.485018329866568, 10.485004815088688, 6.3279999999999985
0.003304809619238478, 0.8214593857770446, 7.889651803191723E-4, 10.282929677679675, -0.006402138540782117, 0.0, -0.050898094060251975, -0.057300232601035214, -7.114616697302723, 0.0, -54.80996389987798, -61.92458059718725, 0.9999854429237439, 0.0, 9.702508044272165, 10.702493487190784, 6.3279999999999985
0.003312625250501003, 0.8230174895908898, 7.90831024842394E-4, 10.453077558202551, -0.006415411105757587, 0.0, -0.05100013948604243, -0.05741555059180324, -7.11225554606708, 0.0, -54.57315394963647, -61.68540949570634, 0.9999844953957912, 0.0, 9.916146398951048, 10.916130894348127, 6.327999999999998
0.003320440881763528, 0.8245651135820998, 7.926968693656156E-4, 10.622664807721264, -0.006428679270305643, 0.0, -0.05110174614848237, -0.057530425418791845, -7.1098998724004945, 0.0, -54.33963597410238, -61.44953584650279, 0.9999836388721381, 0.0, 10.126048354105432, 11.126031992982494, 6.3279999999999985
0.003328256513026053, 0.8261023144623448, 7.945627138888372E-4, 10.791703610096079, -0.006441943044625362, 0.0, -0.05120292009407315, -0.05764486313870211, -7.107549653579133, 0.0, -54.109307503765045, -61.21685715734549, 0.999982869683237, 0.0, 10.332327119976759, 11.33230998966322, 6.3279999999999985
0.0033360721442885783, 0.8276291485060958, 7.964285584120588E-4, 10.960206239298543, -0.006455202438873514, 0.0, -0.0513036671794222, -0.05775886961829865, -7.105204866979339, 0.0, -53.88206746527687, -60.98727233226123, 0.9999821842535711, 0.0, 10.535094171559523, 11.535076355811768, 6.327999999999998
0.003343887775551103, 0.8291456715544752, 7.982944029352805E-4, 11.128185055385359, -0.006468457463164754, 0.0, -0.05140399307385006, -0.05787245053701749, -7.102865490077356, 0.0, -53.65781617402285, -60.760681664110976, 0.9999815790999105, 0.0, 10.734459263260273, 11.734440842352766, 6.328
0.0033517034068136285, 0.830651939019091, 8.001602474585021E-4, 11.295652500465735, -0.0064817081275717996, 0.0, -0.051503903261971754, -0.05798561138954683, -7.100531500449055, 0.0, -53.436455326712654, -60.53698682717158, 0.9999810508295607, 0.0, 10.93053044340065, 11.930511494224435, 6.327999999999999
0.0033595190380761534, 0.8321480058858219, 8.020260919817237E-4, 11.462621094667952, -0.006494954442125622, 0.0, -0.05160340304626611, -0.05809835748839502, -7.09820287576965, 0.0, -53.2178879939676, -60.31609086974414, 0.999980596138676, 0.0, 11.123414068611705, 12.123394664747606, 6.3279999999999985
0.0033673346693386783, 0.8336339267186254, 8.038919365049454E-4, 11.62910343209262, -0.006508196416815635, 0.0, -0.05170249754963173, -0.058210693966450816, -7.095879593813427, 0.0, -53.00201861290748, -60.097898206727486, 0.9999802118105814, 0.0, 11.313214818114341, 12.313195029922626, 6.3279999999999985
0.0033751503006012036, 0.835109755663274, 8.05757781028167E-4, 11.795112176776001, -0.00652143406158987, 0.0, -0.051801191717931266, -0.05832262577952471, -7.093561632453461, 0.0, -52.78875297976866, -59.88231461222782, 0.9999798947141163, 0.0, 11.5000357078586, 12.500015602571443, 6.327999999999999
0.0033829659318637285, 0.8365755464511351, 8.076236255513886E-4, 11.960660058636165, -0.006534667386355164, 0.0, -0.0518994903225212, -0.058434157708879386, -7.091248969661347, 0.0, -52.57799824244552, -59.669247212110136, 0.9999796418020096, 0.0, 11.683978104628121, 12.683957746430607, 6.327999999999999
0.003390781563126254, 0.8380313524028803, 8.094894700746102E-4, 12.125759869417095, -0.00654789640097735, 0.0, -0.05199739796276345, -0.05854529436374292, -7.0889415835069025, 0.0, -52.36966289312186, -59.45860447663161, 0.9999794501093017, 0.0, 11.865141739940102, 12.865121190049171, 6.327999999999999
0.0033985971943887787, 0.8394772264321908, 8.113553145978319E-4, 12.29042445863007, -0.006561121115281428, 0.0, -0.05209491906852948, -0.05865604018381365, -7.086639452157919, 0.0, -52.16365676083849, -59.25029621300059, 0.9999793167517392, 0.0, 12.043624723909774, 13.04360404066072, 6.327999999999999
0.0034064128256513036, 0.840913221049457, 8.132211591210534E-4, 12.454666729511018, -0.0065743415390517555, 0.0, -0.052192057902690464, -0.05876639944174483, -7.084342553879857, 0.0, -51.9598910040848, -59.04423355797091, 0.9999792389242576, 0.0, 12.219523558985268, 13.219502797906484, 6.327999999999999
0.003414228456913829, 0.8423393883654332, 8.150870036442751E-4, 12.618499634934551, -0.006587557682032232, 0.0, -0.05228881856358025, -0.058876376245616174, -7.082050867035594, 0.0, -51.758278103403946, -58.84032897044758, 0.9999792138994354, 0.0, 12.392933153548487, 13.392912367444412, 6.3279999999999985
0.0034220440881763538, 0.8437557800949153, 8.169528481674967E-4, 12.781936173375357, -0.00660076955392647, 0.0, -0.05238520498747462, -0.05898597454140392, -7.079764370085117, 0.0, -51.558731853950746, -58.63849622404534, 0.9999792390260165, 0.0, 12.563946835498266, 13.563926074518267, 6.327999999999999
0.0034298597194388786, 0.8451624475603272, 8.188186926907183E-4, 12.944989384824453, -0.006613977164397984, 0.0, -0.05248122095101068, -0.05909519811541178, -7.077483041585277, 0.0, -51.36116735811637, -58.43865039970876, 0.9999793117274052, 0.0, 12.732656365609637, 13.732635677333732, 6.328
0.003437675350701404, 0.8465594416953796, 8.206845372139399E-4, 13.107672346749439, -0.006627180523070372, 0.0, -0.05257687007364417, -0.05920405059671868, -7.075206860189483, 0.0, -51.165501018092684, -58.2407078782881, 0.9999794295002497, 0.0, 12.899151950917965, 13.899131380417323, 6.327999999999999
0.003445490981963929, 0.8479468130486236, 8.225503817371615E-4, 13.269998170008307, -0.006640379639527487, 0.0, -0.052672155820053496, -0.05931253545958434, -7.072935804647449, 0.0, -50.97165052847824, -58.04458633313044, 0.9999795899129766, 0.0, 13.06352225791577, 14.063501847828082, 6.3279999999999985
0.003453306613226454, 0.8493246117870545, 8.244162262603832E-4, 13.431979994799178, -0.006653574523313626, 0.0, -0.05276708150254927, -0.059420656025865465, -7.070669853804893, 0.0, -50.77953486884834, -57.85020472265934, 0.9999797906044146, 0.0, 13.225854425713344, 14.225834216314748, 6.328
0.003461122244488979, 0.8506928876996411, 8.262820707836048E-4, 13.593630986595656, -0.006666765183933707, 0.0, -0.05286165028346093, -0.05952841546739632, -7.0684089866032815, 0.0, -50.58907429636207, -57.65748328297258, 0.9999800292823925, 0.0, 13.38623407905695, 14.386214108334157, 6.328
0.0034689378757515044, 0.8520516902008608, 8.281479153068264E-4, 13.75496433208906, -0.006679951630853437, 0.0, -0.05295586517751644, -0.059635816808373154, -7.066153182079536, 0.0, -50.40019033835349, -57.46634352044187, 0.9999803037223729, 0.0, 13.544745341278617, 14.544725644996097, 6.3279999999999985
0.0034767535070140292, 0.8534010683342399, 8.30013759830048E-4, 13.915993235127871, -0.006693133873499506, 0.0, -0.05304972905420885, -0.059742862927712165, -7.06390241936576, 0.0, -50.212805784899935, -57.27670820426763, 0.9999806117661308, 0.0, 13.70147084717807, 14.70145145894685, 6.328
0.0034845691382765546, 0.8547410707758164, 8.318796043532697E-4, 14.076730912661844, -0.00670631192125975, 0.0, -0.05314324464014075, -0.059849556561404116, -7.061656677688967, 0.0, -50.026844681429495, -57.08850135912351, 0.9999809513204072, 0.0, 13.856491755765687, 14.85647270708539, 6.327999999999999
0.0034923847695390794, 0.856071745837634, 8.337454488764913E-4, 14.237190590703051, -0.006719485783483342, 0.0, -0.05323641452135813, -0.05995590030484582, -7.059415936370793, 0.0, -49.842232321309154, -56.901648257684926, 0.9999813203556388, 0.0, 14.009887762940231, 15.009869083296099, 6.327999999999999
0.0035002004008016048, 0.8573931414711955, 8.356112933997129E-4, 14.397385500260498, -0.006732655469480954, 0.0, -0.05332924114567644, -0.060061896615160454, -7.0571801748272325, 0.0, -49.658895238432564, -56.716075413259176, 0.9999817169046455, 0.0, 14.161737114087, 15.16171883099592, 6.327999999999999
0.0035080160320641296, 0.8587053052708996, 8.374771379229346E-4, 14.557328873306801, -0.006745820988524938, 0.0, -0.053421726824984, -0.06016754781351197, -7.054949372568342, 0.0, -49.4767611997995, -56.531710572369725, 0.9999821390614039, 0.0, 14.312116616588023, 15.312098755651165, 6.328
0.003515831663326655, 0.8600082844774526, 8.393429824461562E-4, 14.717033938748557, -0.006758982349849509, 0.0, -0.05351387373754127, -0.060272856087395715, -7.052723509197981, 0.0, -49.295759198115555, -56.34848270731487, 0.99998258497979, 0.0, 14.46110165223911, 15.461084237223448, 6.327999999999999
0.0035236472945891794, 0.861302125981276, 8.412088269693777E-4, 14.876513918370335, -0.006772139562650907, 0.0, -0.05360568393025847, -0.06037782349291257, -7.0505025644135255, 0.0, -49.1158194443847, -56.166322008802986, 0.999983052872359, 0.0, 14.608766189581614, 15.608749242453007, 6.327999999999999
0.003531462925851705, 0.8625868763258804, 8.430746714925995E-4, 15.035782022836031, -0.006785292636087584, 0.0, -0.05369715932095534, -0.0604824519570466, -7.048286518005588, 0.0, -48.93687336049132, -55.98515987850095, 0.9999835410091601, 0.0, 14.755182796158016, 15.75516633716749, 6.327999999999999
0.0035392785571142296, 0.8638625817112262, 8.44940516015821E-4, 15.194851447647522, -0.006798441579280365, 0.0, -0.05378830170062793, -0.06058674327991112, -7.046075349857746, 0.0, -48.75885357179137, -55.80492892165697, 0.9999840477165407, 0.0, 14.900422650702817, 15.900406698414852, 6.327999999999999
0.0035470941883767545, 0.8651292879970628, 8.468063605390426E-4, 15.353735369140168, -0.006811586401312631, 0.0, -0.05387911273567006, -0.060690699136985354, -7.043869039946265, 0.0, -48.581693899703495, -55.625562939651964, 0.9999845713759877, 0.0, 15.044555555216514, 16.044540126593443, 6.3279999999999985
0.00355490981963928, 0.8663870407062559, 8.486722050622642E-4, 15.512446940476934, -0.006824727111230487, 0.0, -0.05396959397011236, -0.06079432108134686, -7.041667568339809, 0.0, -48.40532935428489, -55.44699692262775, 0.9999851104229857, 0.0, 15.187649947014116, 16.18763505743878, 6.327999999999999
0.0035627254509018047, 0.8676358850280714, 8.505380495854859E-4, 15.670999287656059, -0.006837863718042934, 0.0, -0.05405974682782813, -0.06089761054587475, -7.039470915199184, 0.0, -48.229696126857895, -55.269167042059905, 0.9999856633458933, 0.0, 15.329772910623058, 16.32975857397046, 6.327999999999999
0.00357054108216433, 0.8688758658214842, 8.524038941087075E-4, 15.829405505510408, -0.006850996230722044, 0.0, -0.05414957261472578, -0.06100056884544977, -7.037279060777037, 0.0, -48.05473158254305, -55.09201064332981, 0.9999862286848294, 0.0, 15.47099018969941, 16.4709764183768, 6.327999999999999
0.003578356713426855, 0.8701070276184175, 8.542697386319291E-4, 15.987678653737419, -0.006864124658203127, 0.0, -0.054239072520936904, -0.06110319717914248, -7.035091985417593, 0.0, -47.88037425291661, -54.91546623833695, 0.999986805030589, 0.0, 15.611366198756302, 16.611353003787013, 6.327999999999999
0.0035861723446893802, 0.871329414626999, 8.561355831551507E-4, 16.14583175293069, -0.006877249009384907, 0.0, -0.05432824762298791, -0.06120549663237598, -7.032909669556378, 0.0, -47.7065638285312, -54.739473498089325, 0.9999873910235652, 0.0, 15.75096403495256, 16.750951425978087, 6.328
0.003593987975951905, 0.8725430707347759, 8.580014276783724E-4, 16.30387778060856, -0.006890369293129683, 0.0, -0.05441709888594723, -0.061307468179082225, -7.030732093719936, 0.0, -47.53324115156124, -54.56397324527936, 0.9999879853526882, 0.0, 15.889845489671995, 16.8898334750327, 6.3279999999999985
0.0036018036072144304, 0.8737480395119421, 8.59867272201594E-4, 16.461829667280938, -0.00690348551826351, 0.0, -0.054505627165581716, -0.06140911268384924, -7.02855923852555, 0.0, -47.360348208340945, -54.388907446872345, 0.999988586754398, 0.0, 16.028071060165633, 17.02805964691885, 6.327999999999999
0.0036096192384769553, 0.8749443642144863, 8.617331167248156E-4, 16.619700292504263, -0.006916597693576361, 0.0, -0.05459383321046915, -0.061510430904047286, -7.026391084680971, 0.0, -47.187828122004724, -54.214219206690956, 0.9999891940116202, 0.0, 16.16569996098648, 17.1656891549949, 6.327999999999999
0.0036174348697394806, 0.8761320877873886, 8.635989612480373E-4, 16.777502480953785, -0.006929705827822292, 0.0, -0.05468171766411356, -0.06161142349193824, -7.024227612984127, 0.0, -47.01562514505215, -54.03985275804443, 0.9999898059527462, 0.0, 16.302790135450056, 17.3027799413974, 6.328
0.0036252505010020055, 0.877311252867756, 8.654648057712589E-4, 16.935248998511213, -0.006942809929719623, 0.0, -0.05476928106706211, -0.061712090996783625, -7.022068804322874, 0.0, -46.8436846519326, -53.86575345626255, 0.9999904214506545, 0.0, 16.43939826702499, 17.439388688470753, 6.3279999999999985
0.003633066132264531, 0.8784819017879644, 8.673306502944805E-4, 17.09295254837201, -0.006955910007951089, 0.0, -0.0548565238589713, -0.06181243386692706, -7.019914639674682, 0.0, -46.671953131641416, -53.69186777131463, 0.9999910394217292, 0.0, 16.575579790602394, 17.57557083003098, 6.3279999999999985
0.0036408817635270557, 0.8796440765787222, 8.691964948177021E-4, 17.250625767142765, -0.006969006071164021, 0.0, -0.054943446380693706, -0.061912452451862526, -7.017765100106384, 0.0, -46.500378180293865, -53.51814328040226, 0.9999916588249081, 0.0, 16.711388903761247, 17.711380562589653, 6.327999999999999
0.003648697394789581, 0.8807978189722248, 8.710623393409238E-4, 17.408281220991967, -0.0069820981279705065, 0.0, -0.0550300488763277, -0.062012147004302076, -7.0156201667738864, 0.0, -46.328908493755776, -53.34452866053457, 0.9999922786607374, 0.0, 16.846878577885224, 17.84687085654549, 6.3279999999999985
0.0036565130260521055, 0.8819431704051667, 8.729281838641453E-4, 17.565931401763237, -0.00699518618694755, 0.0, -0.0551163314952722, -0.062111517682223116, -7.013479820921899, 0.0, -46.157493860189675, -53.170973681116614, 0.999992897970424, 0.0, 16.98210056932185, 17.982093467291087, 6.327999999999999
0.003664328657314631, 0.8830801720218209, 8.747940283873669E-4, 17.72358872315874, -0.007008270256637254, 0.0, -0.055202294294242255, -0.062210564550883, -7.011344043883645, 0.0, -45.986085152664465, -52.997429196549625, 0.9999935158349549, 0.0, 17.11710543038574, 18.117098946223173, 6.327999999999999
0.0036721442885771557, 0.8842088646770692, 8.766598729105885E-4, 17.88126551689072, -0.007021350345546963, 0.0, -0.05528793723930556, -0.06230928758485468, -7.009212817080598, 0.0, -45.81463432173798, -52.82384713882613, 0.9999941313741744, 0.0, 17.251942520366924, 18.25193665173601, 6.327999999999999
0.003679959919839681, 0.8853292889393929, 8.785257174338102E-4, 18.038974028880602, -0.007034426462149451, 0.0, -0.05537326020786709, -0.062407686670020585, -7.007086122022196, 0.0, -45.64309438806691, -52.65018051009396, 0.9999947437459002, 0.0, 17.38666001640675, 18.386654760152396, 6.3279999999999985
0.003687775551102206, 0.8864414850938979, 8.803915619570318E-4, 18.19672641545617, -0.007047498614883063, 0.0, -0.05545826299068263, -0.06250576160556762, -7.004963940305565, 0.0, -45.47141943495007, -52.47638337526212, 0.9999953521450604, 0.0, 17.521304924429124, 18.521300276569896, 6.3279999999999985
0.0036955911823647308, 0.8875454931452436, 8.822574064802534E-4, 18.35453473959319, -0.00706056681215189, 0.0, -0.05554294529380216, -0.062603512105956, -7.0028462536152425, 0.0, -45.29956460096928, -52.302410854592374, 0.9999959558028294, 0.0, 17.65592308985047, 18.65591904564766, 6.327999999999999
0.003703406813627256, 0.888641352820648, 8.841232510034751E-4, 18.512410967120445, -0.007073631062325939, 0.0, -0.0556273067405644, -0.06270093780289132, -7.000733043722904, 0.0, -45.12748607254739, -52.12821911627728, 0.9999965539857935, 0.0, 17.79055920838794, 18.79055576236786, 6.3279999999999985
0.003711222444889781, 0.8897291035727748, 8.859890955266967E-4, 18.670366963013407, -0.007086691373741277, 0.0, -0.05571134687352092, -0.06279803824726696, -6.998624292487068, 0.0, -44.95514107654463, -51.95376536904204, 0.9999971459951169, 0.0, 17.925256836707362, 18.925253982697512, 6.327999999999999
0.0037190380761523063, 0.8908087845826778, 8.878549400499183E-4, 18.82841448764293, -0.007099747754700207, 0.0, -0.05579506515638952, -0.06289481291109525, -6.99651998185285, 0.0, -44.78248787286354, -51.7790078547132, 0.9999977311657129, 0.0, 18.06005840305459, 19.06005613422972, 6.327999999999999
0.003726853707414831, 0.8918804347626735, 8.8972078457314E-4, 18.986565193088836, -0.007112800213471424, 0.0, -0.05587846097595758, -0.06299126118943216, -6.994420093851649, 0.0, -44.60948574699701, -51.60390584085791, 0.9999983088654705, 0.0, 18.195005217846873, 19.195003526706635, 6.327999999999999
0.0037346693386773565, 0.8929440927592429, 8.915866290963616E-4, 19.14483061945475, -0.007125848758290179, 0.0, -0.055961533643996836, -0.06308738240229175, -6.992324610600899, 0.0, -44.43609500268558, -51.42841961329191, 0.9999988784944323, 0.0, 18.330137484128187, 19.330136362622504, 6.3279999999999985
0.0037424849699398814, 0.8939997969558686, 8.934524736195832E-4, 19.30322219118284, -0.0071388933973584355, 0.0, -0.056044282399162815, -0.06318317579652549, -6.990233514303773, 0.0, -44.2622769544269, -51.25251046873424, 0.9999994394840452, 0.0, 18.465494308116504, 19.465493747601723, 6.3279999999999985
0.0037503006012024067, 0.8950475854758759, 8.953183181428048E-4, 19.461751213447315, -0.007151934138845029, 0.0, -0.05612670640886097, -0.06327864054770918, -6.988146787248917, 0.0, -44.08799392012682, -51.07614070738123, 0.999999991296367, 0.0, 18.601113709533735, 19.601113700828165, 6.327999999999999
0.0037581162324649316, 0.8960874961852505, 8.971841626660265E-4, 19.62042886848758, -0.007164970990885828, 0.0, -0.05620880477111917, -0.06337377576200803, -6.986064411810164, 0.0, -43.91320921366889, -50.89927362548162, 1.0000005334233404, 0.0, 18.737032631987365, 19.737033165411532, 6.327999999999998
0.003765931863727457, 0.8971195666954495, 8.990500071892481E-4, 19.77926621205802, -0.007178003961583896, 0.0, -0.05629057651644265, -0.06346858047803006, -6.983986370446261, 0.0, -43.737887137480456, -50.721873507934895, 1.0000010653860383, 0.0, 18.873286953299115, 19.87328801868088, 6.327999999999998
0.0037737474949899813, 0.8981438343661453, 9.009158517124696E-4, 19.938274169800025, -0.007191033059009642, 0.0, -0.056372020609636475, -0.06356305366865, -6.981912645700592, 0.0, -43.56199297518496, -50.54390562088925, 1.0000015867339414, 0.0, 19.00991149567543, 20.009913082409987, 6.327999999999999
0.0037815631262525067, 0.8991603363080418, 9.027816962356912E-4, 20.097463533729638, -0.007204058291200986, 0.0, -0.05645313595165552, -0.06365719424285862, -6.979843220200897, 0.0, -43.38549298409449, -50.36533620430557, 1.0000020970442205, 0.0, 19.146940036033072, 20.146942133069455, 6.3279999999999985
0.0037893787575150315, 0.9001691093855535, 9.046475407589129E-4, 20.256844958686315, -0.00721707966616351, 0.0, -0.05653392138138075, -0.06375100104754705, -6.977778076658998, 0.0, -43.20835438790499, -50.18613246456979, 1.0000025959210315, 0.0, 19.28440531600598, 20.284407911924294, 6.3279999999999985
0.003797194388777557, 0.9011701902195703, 9.065133852821345E-4, 20.41642895881921, -0.007230097191870621, 0.0, -0.056614375677450424, -0.06384447286932415, -6.975717197870517, 0.0, -43.03054536921327, -50.006262567091106, 1.0000030829948277, 0.0, 19.422339052157188, 20.422342135148128, 6.328
0.0038050100200400817, 0.9021636151901381, 9.083792298053561E-4, 20.57622590412268, -0.007243110876263695, 0.0, -0.05669449756001199, -0.06393760843627877, -6.973660566714602, 0.0, -42.85203506211484, -49.82569562883216, 1.0000035579216688, 0.0, 19.560771945989316, 20.560775503911664, 6.3279999999999985
0.003812825651302607, 0.9031494204391519, 9.102450743285778E-4, 20.73624601697611, -0.00725612072725225, 0.0, -0.05677428569251436, -0.06403040641976943, -6.9716081661536515, 0.0, -42.67279354483143, -49.644401710995396, 1.0000040203825595, 0.0, 19.699733693937382, 20.699737714312707, 6.3279999999999985
0.003820641282565132, 0.9041276418730093, 9.121109188517994E-4, 20.89649936868659, -0.007269126752714091, 0.0, -0.0568537386834434, -0.06412286543616125, -6.969559979233033, 0.0, -42.492791832275685, -49.462351811511596, 1.00000447008279, 0.0, 19.839252997330224, 20.839257467414253, 6.327999999999998
0.0038284569138276573, 0.9050983151652561, 9.13976763375021E-4, 21.056995876124233, -0.007282128960495456, 0.0, -0.05693285508807777, -0.0642149840485749, -6.9675159890808045, 0.0, -42.31200186861564, -49.27951785769973, 1.0000049067512788, 0.0, 19.979357572343357, 20.979362479093176, 6.3279999999999985
0.003836272545090182, 0.9060614757592269, 9.158426078982426E-4, 21.217745298313503, -0.00729512735841119, 0.0, -0.05701163341020615, -0.06430676076861891, -6.965476178907438, 0.0, -42.130396519904394, -49.0958726988184, 1.00000533013995, 0.0, 20.120074159813743, 21.120079489948843, 6.3279999999999985
0.0038440881763527075, 0.9070171588706104, 9.177084524214643E-4, 21.37875723309196, -0.0073081219542448835, 0.0, -0.057090072103840706, -0.06439819405808844, -6.963440532005547, 0.0, -41.94794956667885, -48.91139009868165, 1.0000057400230937, 0.0, 20.261428535051504, 21.26143427508046, 6.3279999999999985
0.0038519038076152323, 0.9079653994900854, 9.195742969446859E-4, 21.54004111377367, -0.00732111275574903, 0.0, -0.057168169574928596, -0.0644892823306798, -6.961409031749602, 0.0, -41.76463569647368, -48.72604472822658, 1.0000061361967543, 0.0, 20.4034455177051, 21.403451653900916, 6.327999999999999
0.0038597194388777572, 0.9089062323858439, 9.214401414679075E-4, 21.701606205882968, -0.007334099770645182, 0.0, -0.05724592418301855, -0.06458002395366735, -6.95938166159566, 0.0, -41.580430496507724, -48.53981215811014, 1.0000065184781277, 0.0, 20.546148981376177, 21.546155499851483, 6.3279999999999985
0.0038675350701402825, 0.9098396921061729, 9.233059859911292E-4, 21.863461603863357, -0.007347083006624095, 0.0, -0.05732333424295122, -0.06467041724957778, -6.957358405081071, 0.0, -41.3953104462041, -48.35266885129047, 1.0000068867049643, 0.0, 20.68956186339875, 21.689568750101095, 6.327999999999998
0.0038753507014028074, 0.9107658129819423, 9.251718305143508E-4, 22.02561622784299, -0.007360062471345883, 0.0, -0.05740039802649949, -0.06476046049784884, -6.955339245824226, 0.0, -41.20925290981589, -48.16459215563712, 1.0000072407349727, 0.0, 20.8337061744308, 21.83371341517251, 6.327999999999998
0.0038831663326653327, 0.9116846291291588, 9.270376750375724E-4, 22.188078820420287, -0.007373038172440176, 0.0, -0.05747711376402809, -0.06485015193646909, -6.953324167524257, 0.0, -41.022236128988446, -47.97556029651215, 1.0000075804452626, 0.0, 20.978603008103324, 21.978610588550026, 6.3279999999999985
0.003890981963927857, 0.912596174451417, 9.289035195607939E-4, 22.350857943520282, -0.007386010117506256, 0.0, -0.05755347964611213, -0.06493948976362163, -6.951313153960774, 0.0, -40.83423921536429, -47.78555236933431, 1.0000079057317592, 0.0, 21.12427255055589, 22.1242804562819, 6.327999999999997
0.0038987975951903825, 0.9135004826423814, 9.307693640840156E-4, 22.513961975205802, -0.007398978314113224, 0.0, -0.057629493825163636, -0.06502847213927776, -6.949306188993571, 0.0, -40.645242143190956, -47.59454833218663, 1.000008216508667, 0.0, 21.27073408995215, 22.27074230645968, 6.327999999999998
0.003906613226452907, 0.9143975871882454, 9.326352086072372E-4, 22.677399106586336, -0.007411942769800129, 0.0, -0.057705154417020954, -0.06511709718682412, -6.947303256562374, 0.0, -40.45522574186466, -47.40252899843754, 1.0000085127078957, 0.0, 21.41800602599417, 22.41801453869481, 6.327999999999999
0.003914428857715433, 0.9152875213701555, 9.345010531304588E-4, 22.841177338729608, -0.007424903492076144, 0.0, -0.05778045950255106, -0.06520536299463026, -6.945304340686534, 0.0, -40.26417168857099, -47.20947602926053, 1.0000087942785545, 0.0, 21.56610587932893, 22.56611467360774, 6.3279999999999985
0.003922244488977958, 0.916170318266617, 9.363668976536804E-4, 23.00530447961978, -0.007437860488420683, 0.0, -0.05785540712921883, -0.06529326761764465, -6.94330942546477, 0.0, -40.072062500827684, -47.01537192629481, 1.0000090611863977, 0.0, 21.715050300992974, 22.7150593621825, 6.327999999999998
0.0039300601202404825, 0.9170460107558772, 9.382327421769021E-4, 23.16978814111542, -0.007450813766283574, 0.0, -0.05792999531264259, -0.06538080907892951, -6.941318495074888, 0.0, -39.87888152911171, -46.820200024200254, 1.0000093134133141, 0.0, 21.86485508173447, 22.864864395137694, 6.327999999999999
0.003937875751503008, 0.9179146315183428, 9.400985867001237E-4, 23.33463573600534, -0.007463763333085196, 0.0, -0.058004222038152864, -0.06546798537124082, -6.939331533773493, 0.0, -39.68461294942535, -46.62394448320065, 1.0000095509568212, 0.0, 22.015535161376217, 23.015544712334165, 6.3279999999999985
0.003945691382765533, 0.9187762130388736, 9.419644312233453E-4, 23.499854475011034, -0.007476709196216619, 0.0, -0.05807808526231273, -0.06555479445853396, -6.937348525895729, 0.0, -39.48924175588808, -46.426590281788144, 1.0000097738295455, 0.0, 22.167104638089576, 23.16711441191968, 6.3279999999999985
0.003953507014028058, 0.919630787609161, 9.43830275746567E-4, 23.665451363919715, -0.0074896513630397675, 0.0, -0.05815158291445244, -0.06564123427749541, -6.93536945585498, 0.0, -39.29275375333885, -46.2281232091958, 1.0000099820587627, 0.0, 22.319576777650628, 23.319586759710816, 6.327999999999998
0.003961322645290583, 0.9204783873300085, 9.456961202697886E-4, 23.831433200669153, -0.00750258984088755, 0.0, -0.058224712898157505, -0.06572730273904681, -6.933394308142611, 0.0, -39.09513554992246, -46.028529858059194, 1.0000101756858815, 0.0, 22.472964022641225, 23.47297419833484, 6.327999999999999
0.003969138276553108, 0.9213190441136623, 9.475619647930102E-4, 23.997806572519153, -0.007515524637064021, 0.0, -0.05829747309277439, -0.06581299772984261, -6.931423067327682, 0.0, -38.89637454964923, -45.8277976169804, 1.0000103547659813, 0.0, 22.62727800167405, 23.627288356440985, 6.3279999999999985
0.0039769539078156335, 0.9221527896860555, 9.494278093162318E-4, 24.164577853241894, -0.0075284557588445, 0.0, -0.058369861354888364, -0.06589831711373667, -6.929455718056672, 0.0, -38.696458945044, -45.62591466310812, 1.0000105193673359, 0.0, 22.78252953847823, 23.78254005784212, 6.327999999999999
0.003984769539078159, 0.9229796555890935, 9.512936538394535E-4, 24.331753200345588, -0.007541383213475742, 0.0, -0.05844187551977875, -0.06598325873325717, -6.927492245053201, 0.0, -38.49537770967676, -45.42286995473506, 1.0000106695709652, 0.0, 22.93872866105887, 23.938739330627538, 6.3279999999999985
0.003992585170340683, 0.9237996731828608, 9.531594983626751E-4, 24.49933855235622, -0.007554307008176067, 0.0, -0.058513513402872475, -0.06606782041105136, -6.925532633117748, 0.0, -38.29312059077186, -45.21865322389209, 1.0000108054701866, 0.0, 23.09588461075655, 24.095895416227215, 6.327999999999999
0.004000400801603209, 0.9246128736478618, 9.550253428858967E-4, 24.667339626099533, -0.007567227150135509, 0.0, -0.05858477280118707, -0.06615199995132687, -6.9235768671273865, 0.0, -38.089678101832746, -45.01325496895556, 1.000010927170147, 0.0, 23.254005851260608, 24.254016778439816, 6.3279999999999985
0.004008216432865733, 0.9254192879871943, 9.568911874091183E-4, 24.8357619140628, -0.007580143646515953, 0.0, -0.058655651494746996, -0.06623579514126482, -6.921624932035492, 0.0, -37.88504151515514, -44.806666447192974, 1.0000110347874178, 0.0, 23.41310007768702, 24.41311111247405, 6.327999999999998
0.004016032064128258, 0.9262189470287785, 9.587570319323399E-4, 25.004610681755253, -0.007593056504451283, 0.0, -0.05872614724799041, -0.06631920375244477, -6.919676812871475, 0.0, -37.67920285450918, -44.59887966738861, 1.000011128449542, 0.0, 23.57317422545861, 24.57318535390341, 6.3279999999999985
0.004023847695390784, 0.9270118814274437, 9.606228764555615E-4, 25.173890965159217, -0.0076059657310475195, 0.0, -0.05879625781117487, -0.06640222354222419, -6.917732494740495, 0.0, -37.47215488765315, -44.38988738239011, 1.0000112082946377, 0.0, 23.734234479334592, 24.734245687634644, 6.3279999999999985
0.004031663326653309, 0.9277981216671465, 9.624887209787832E-4, 25.343607568156585, -0.0076188713333829585, 0.0, -0.05886598092174988, -0.06648485225513578, -6.915791962823189, 0.0, -37.26389111894409, -44.179683081758675, 1.0000112744709604, 0.0, 23.896286282290617, 24.896297556773234, 6.327999999999998
0.0040394789579158335, 0.9285776980630277, 9.643545655020048E-4, 25.513765060054993, -0.00763177331850832, 0.0, -0.058935314305725905, -0.06656708762423708, -6.913855202375391, 0.0, -37.05440578194847, -43.96826098432112, 1.0000113271365225, 0.0, 24.0593343443779, 25.059345671520127, 6.327999999999999
0.004047294589178359, 0.929350640763537, 9.662204100252264E-4, 25.68436777312536, -0.007644671693446889, 0.0, -0.059004255679023065, -0.06664892737247485, -6.911922198727865, 0.0, -36.843693832031406, -43.755616030758596, 1.0000113664586736, 0.0, 24.223382651565707, 25.22339401803012, 6.327999999999998
0.004055110220440884, 0.9301169797525457, 9.68086254548448E-4, 25.855419800171376, -0.007657566465194639, 0.0, -0.05907280274882909, -0.06673036921402786, -6.909992937286001, 0.0, -36.631750938891095, -43.54174387617966, 1.0000113926137313, 0.0, 24.38843447463166, 25.388445867247093, 6.327999999999998
0.0040629258517034085, 0.9308767448513561, 9.699520990716697E-4, 26.026924992167324, -0.007670457640720384, 0.0, -0.05914095321490381, -0.06681141085562747, -6.908067403529567, 0.0, -36.41857347923518, -43.32664088276467, 1.0000114057865772, 0.0, 24.554492377838546, 25.55450378362857, 6.327999999999998
0.004070741482965934, 0.9316299657207757, 9.718179435948913E-4, 26.198886955936814, -0.007683345226965923, 0.0, -0.05920870477090179, -0.06689204999787124, -6.9061455830124165, 0.0, -36.204158529288534, -43.11030411229697, 1.0000114061702978, 0.0, 24.7215582277827, 25.721569633960616, 6.3279999999999985
0.004078557114228459, 0.9323766718631524, 9.736837881181129E-4, 26.371309051835397, -0.007696229230846158, 0.0, -0.05927605510566747, -0.06697228433651709, -6.904227461362212, 0.0, -35.98850385742774, -42.89273131880442, 1.0000113939658015, 0.0, 24.889633202072083, 25.88964459602696, 6.327999999999998
0.0040863727454909845, 0.9331168926243374, 9.755496326413345E-4, 26.544194391534575, -0.007709109659249251, 0.0, -0.05934300190452613, -0.06705211156377705, -6.902313024280147, 0.0, -35.7716079167874, -42.673920941075814, 1.000011369381472, 0.0, 25.05871779801285, 26.058729167387774, 6.327999999999998
0.004094188376753509, 0.9338506571957176, 9.77415477164556E-4, 26.71754583580332, -0.007721986519036748, 0.0, -0.05940954285054462, -0.06713152936958433, -6.9004022575406765, 0.0, -35.55346983779321, -42.45387209534099, 1.0000113326327953, 0.0, 25.228811841323804, 26.228823173952527, 6.3279999999999985
0.004102004008016034, 0.9345779946161626, 9.792813216877778E-4, 26.891365992365763, -0.007734859817043727, 0.0, -0.05947567562579992, -0.06721053544284628, -6.898495146991224, 0.0, -35.33408942076922, -42.23258456776486, 1.0000112839420263, 0.0, 25.399914494769998, 26.399925778710294, 6.327999999999998
0.004109819639278559, 0.9352989337739446, 9.811471662109993E-4, 27.065657213768418, -0.007747729560078919, 0.0, -0.05954139791260549, -0.06728912747268961, -6.896591678551918, 0.0, -35.113467128588525, -42.01005880714563, 1.0000112235378396, 0.0, 25.572024266696094, 26.57203549023405, 6.327999999999998
0.004117635270541085, 0.936013503408721, 9.83013010734221E-4, 27.240421595346334, -0.007760595754924863, 0.0, -0.05960670739476431, -0.06736730314969103, -6.894691838215315, 0.0, -34.89160407916103, -41.786295917380734, 1.000011151654987, 0.0, 25.74513901973603, 26.745150171388513, 6.327999999999999
0.004125450901803609, 0.936721732113405, 9.848788552574426E-4, 27.415660973171953, -0.007773458408338012, 0.0, -0.05967160175876052, -0.06744506016710305, -6.892795612046108, 0.0, -34.668502038101224, -41.561297650156924, 1.0000110685339791, 0.0, 25.919255979266953, 26.91926704779593, 6.327999999999998
0.004133266533066135, 0.9374236483360344, 9.867446997806643E-4, 27.59137692211607, -0.007786317527048905, 0.0, -0.05973607869497127, -0.0675223962220251, -6.890902986180859, 0.0, -34.44416341131694, -41.33506639749432, 1.0000109744207664, 0.0, 26.094371741949683, 27.09438271637892, 6.3279999999999985
0.004141082164328659, 0.9381192803817066, 9.886105443038858E-4, 27.767570753898553, -0.007799173117762268, 0.0, -0.059800135898860185, -0.06759930901662548, -6.889013946827718, 0.0, -34.21859123750238, -41.10760518433417, 1.0000108695664158, 0.0, 26.27048228433375, 27.270493153899157, 6.327999999999998
0.0041488977955911836, 0.9388086564143747, 9.904763888271073E-4, 27.944243515208882, -0.007812025187157166, 0.0, -0.05986377107213936, -0.06767579625930098, -6.887128480266156, 0.0, -33.99178918087398, -40.87891766114804, 1.000010754226787, 0.0, 26.44758297117525, 27.447593725398637, 6.327999999999998
0.00415671342685371, 0.9394918044586961, 9.92342233350329E-4, 28.121395985917616, -0.007824873741887128, 0.0, -0.05992698192394219, -0.06775185566583264, -6.885246572846672, 0.0, -33.76376152365297, -40.64900809650041, 1.000010628662247, 0.0, 26.625668564007132, 27.625679192671956, 6.3279999999999985
0.004164529058116235, 0.9401687524018353, 9.942080778735508E-4, 28.29902867723854, -0.007837718788580274, 0.0, -0.05998976617195789, -0.06782748496054086, -6.883368210990518, 0.0, -33.53451315866457, -40.41788136964928, 1.000010493137372, 0.0, 26.80473322954244, 27.804743722688336, 6.327999999999998
0.0041723446893787595, 0.9408395279952619, 9.960739223967723E-4, 28.477141830053597, -0.00785056033383947, 0.0, -0.060052121543564096, -0.06790268187740744, -6.881493381189434, 0.0, -33.3040495819925, -40.1855429631773, 1.000010347920649, 0.0, 26.984770548009017, 27.98478089593819, 6.327999999999999
0.004180160320641284, 0.9415041588565338, 9.979397669199939E-4, 28.65573541320191, -0.007863398384242427, 0.0, -0.06011404577696228, -0.06797744416120888, -6.87962207000536, 0.0, -33.07237688548002, -39.951998955492435, 1.0000101932841794, 0.0, 27.165773521629372, 28.165783714910678, 6.3279999999999985
0.00418797595190381, 0.9421626724710356, 9.998056114432156E-4, 28.834809121853368, -0.00787623294634186, 0.0, -0.06017553662225783, -0.06805176956860537, -6.877754264070155, 0.0, -32.83950174941824, -39.71725601349523, 1.0000100295034176, 0.0, 27.34773458284705, 28.347744612349313, 6.327999999999998
0.0041957915831663355, 0.9428150961937182, 0.0010016714559664373, 29.014362375936116, -0.0078890640266656, 0.0, -0.06023659184257768, -0.06812565586924885, -6.875889950085333, 0.0, -32.60543143502439, -39.481321385118086, 1.0000098568568894, 0.0, 27.53064560279029, 28.530655459644382, 6.327999999999998
0.00420360721442886, 0.9434614572507992, 0.0010035373004896589, 29.1943943186252, -0.007901891631716723, 0.0, -0.060297209215120884, -0.06819910084684072, -6.874029114821769, 0.0, -32.37017377714579, -39.244202891970126, 1.0000096756259107, 0.0, 27.71449789943254, 28.71450757505899, 6.327999999999998
0.004211422845691384, 0.9441017827414916, 0.0010054031450128804, 29.374903814838035, -0.007914715767973705, 0.0, -0.060357386532239876, -0.06827210230021769, -6.872171745119433, 0.0, -32.13373717674044, -39.00590892185978, 1.0000094860943485, 0.0, 27.89928224599732, 28.899291732095847, 6.327999999999998
0.0042192384769539105, 0.9447360996396514, 0.0010072689895361021, 29.555889449830374, -0.00792753644189052, 0.0, -0.060417121602486135, -0.068344658044379, -6.870317827887111, 0.0, -31.896130593529662, -38.76644842142876, 1.0000092885483371, 0.0, 28.084988879145897, 29.084998167684574, 6.327999999999997
0.004227054108216435, 0.94536443479543, 0.0010091348340593236, 29.737349527840934, -0.007940353659896773, 0.0, -0.06047641225163958, -0.06841676591153839, -6.868467350102125, 0.0, -31.657363538617723, -38.525830888730326, 1.000009083276039, 0.0, 28.271607507172547, 29.27161659044012, 6.3279999999999985
0.00423486973947896, 0.9459868149369346, 0.0010110006785825454, 29.919282070735562, -0.00795316742839785, 0.0, -0.0605352563237308, -0.06848842375213154, -6.866620298810054, 0.0, -31.41744606700345, -38.28406636581753, 1.000008870567399, 0.0, 28.45912731829152, 29.45913618885776, 6.327999999999998
0.004242685370741485, 0.9466032666718434, 0.0010128665231057669, 30.101684816802617, -0.007965977753775012, 0.0, -0.06059365168207187, -0.06855962943584876, -6.86477666112446, 0.0, -31.17638877018041, -38.0411654313072, 1.0000086507138881, 0.0, 28.6475369888354, 29.647545639548813, 6.327999999999998
0.004250501002004011, 0.9472138164889743, 0.0010147323676289886, 30.284555219505364, -0.00797878464238556, 0.0, -0.06065159621020827, -0.06863038085259604, -6.862936424226607, 0.0, -30.934202768813723, -37.79713919304964, 1.000008424008293, 0.0, 28.836824691289912, 29.836833115291082, 6.3279999999999985
0.004258316633266535, 0.947818490759896, 0.0010165982121522101, 30.467890446342153, -0.007991588100562918, 0.0, -0.060709087812936824, -0.06870067591350193, -6.861099575365187, 0.0, -30.69089970521548, -37.55199928058165, 1.0000081907444553, 0.0, 29.02697810258766, 30.02698629333328, 6.3279999999999985
0.004266132264529061, 0.94841731574048, 0.0010184640566754319, 30.651687377770486, -0.008004388134616798, 0.0, -0.060766124417258593, -0.06877051255187838, -6.859266101856043, 0.0, -30.446491736026818, -37.30575783788384, 1.0000079512170623, 0.0, 29.217984412122387, 30.21799236334141, 6.3279999999999985
0.004273947895791585, 0.9490103175724195, 0.0010203299011986534, 30.835942606142225, -0.008017184750833298, 0.0, -0.06082270397332057, -0.06883988872415547, -6.857435991081882, 0.0, -30.200991524740935, -37.0584275158284, 1.0000077057214234, 0.0, 29.409830329904164, 30.40983803562158, 6.327999999999998
0.004281763527054111, 0.9495975222848093, 0.0010221957457218751, 31.020652434727026, -0.008029977955475043, 0.0, -0.06087882445538162, -0.0689088024108595, -6.855609230492011, 0.0, -29.95441223430565, -36.81002146480406, 1.000007454553247, 0.0, 29.602502094650937, 30.60250954920057, 6.327999999999998
0.004289579158316636, 0.9501789557955436, 0.0010240615902450967, 31.205812876819664, -0.008042767754781296, 0.0, -0.06093448386269895, -0.06897725161748525, -6.853785807602054, 0.0, -29.706767519770693, -36.560553327364794, 1.000007198008435, 0.0, 29.79598548175045, 30.795992679771725, 6.3279999999999985
0.004297394789579161, 0.9507546439129224, 0.0010259274347683184, 31.39141965483168, -0.008055554154968092, 0.0, -0.06098968022048745, -0.06904523437545651, -6.851965709993663, 0.0, -29.458071520770286, -36.310037230764294, 1.0000069363828792, 0.0, 29.990265811451007, 30.99027274783448, 6.327999999999998
0.004305210420841686, 0.9513246123370175, 0.00102779327929154, 31.577468199520354, -0.008068337162228352, 0.0, -0.06104441158076146, -0.06911274874299389, -6.850148925314264, 0.0, -29.208338854233748, -36.058487779551385, 1.0000066699722447, 0.0, 30.18532795670269, 31.185334626675527, 6.3279999999999985
0.004313026052104211, 0.951888886661154, 0.0010296591238147614, 31.763953649215182, -0.008081116782732019, 0.0, -0.061098676023272125, -0.06917979280600783, -6.848335441276762, 0.0, -28.957584606891892, -35.80592004816921, 1.0000063990717842, 0.0, 30.381156351289466, 31.381162750364275, 6.327999999999998
0.004320841683366736, 0.9524474923733507, 0.0010315249683379832, 31.95087084915258, -0.00809389302262616, 0.0, -0.06115247165634263, -0.06924636467897238, -6.8465252456592625, 0.0, -28.705824327872392, -35.55234957353113, 1.0000061239761477, 0.0, 30.577734997766516, 31.577741121746662, 6.327999999999998
0.004328657314629261, 0.9530004548576896, 0.0010333908128612047, 32.13821435080854, -0.008106665888035108, 0.0, -0.06120579661773218, -0.06931246250576906, -6.844718326304803, 0.0, -28.453074021336658, -35.29779234763567, 1.0000058449791907, 0.0, 30.775047475378017, 31.775053320364716, 6.327999999999998
0.004336472945891786, 0.9535477993957215, 0.0010352566573844264, 32.325978411387496, -0.008119435385060566, 0.0, -0.0612586490754814, -0.06937808446054372, -6.842914671121074, 0.0, -28.199350139015202, -35.04226481014474, 1.0000055623737778, 0.0, 30.973076948052487, 31.97308251041951, 6.327999999999997
0.00434428857715431, 0.9540895511678388, 0.001037122501907648, 32.51415699327504, -0.008132201519781735, 0.0, -0.0613110272287436, -0.0694432287485286, -6.841114268080131, 0.0, -27.944669572846404, -34.78578384092717, 1.0000052764516285, 0.0, 31.171806172275485, 32.17181144872963, 6.3279999999999985
0.004352104208416837, 0.9546257352545964, 0.0010389883464308697, 32.70274376359362, -0.008144964298255447, 0.0, -0.061362929308590775, -0.06950789360685083, -6.83931710521814, 0.0, -27.689049647493338, -34.5283667527141, 1.0000049875031192, 0.0, 31.371217505054187, 32.37122249255913, 6.327999999999998
0.004359919839679361, 0.9551563766380654, 0.0010408541909540912, 32.89173209385285, -0.008157723726516252, 0.0, -0.06141435357881975, -0.06957207730533921, -6.837523170635068, 0.0, -27.432508113045362, -34.27003128367583, 1.0000046958171334, 0.0, 31.571292911692538, 32.57129760751735, 6.3279999999999985
0.004367735470941886, 0.9556815002031324, 0.001042720035477313, 33.08111505957754, -0.008170479810576567, 0.0, -0.061465298336730645, -0.06963577814731026, -6.8357324524944305, 0.0, -27.175063137486863, -34.01079558999102, 1.0000044016808785, 0.0, 31.77201397376711, 32.77201837544118, 6.3279999999999985
0.004375551102204411, 0.9562011307387879, 0.0010445858800005345, 33.270885440122356, -0.008183232556426778, 0.0, -0.061515761913921385, -0.06969899447035133, -6.833944939023011, 0.0, -26.91673329937791, -33.750678238393526, 1.000004105379725, 0.0, 31.973361896902084, 32.97336600229223, 6.327999999999997
0.004383366733466936, 0.9567152929393742, 0.001046451724523756, 33.4610357183999, -0.00819598197003537, 0.0, -0.06156574267701098, -0.06976172464704722, -6.832160618510564, 0.0, -26.65753758040154, -33.48969819891495, 1.000003807197072, 0.0, 32.17531751860436, 33.175321325799416, 6.327999999999997
0.0043911823647294615, 0.9572240114058865, 0.0010483175690469777, 33.651558080809764, -0.008208728057349025, 0.0, -0.061615239028421476, -0.06982396708577376, -6.830379479309562, 0.0, -26.397495357939192, -33.227874837251, 1.0000035074141593, 0.0, 32.377861316122555, 33.37786482353757, 6.327999999999998
0.004398997995991987, 0.9577273106471588, 0.0010501834135701995, 33.842444417157594, -0.008221470824292766, 0.0, -0.06166424940709547, -0.06988572023139183, -6.828601509834906, 0.0, -26.13662639767751, -32.96522790752976, 1.000003206309948, 0.0, 32.58097341420861, 33.580976620504636, 6.3279999999999985
0.004406813627254511, 0.9582252150810773, 0.001052049258093421, 34.033686320657125, -0.00823421027677004, 0.0, -0.061712772289196804, -0.0699469825659701, -6.8268266985636545, 0.0, -25.874950846283312, -32.701777544838976, 1.0000029041609448, 0.0, 32.78463359279128, 33.7846364969633, 6.327999999999997
0.0044146292585170365, 0.9587177490358046, 0.0010539151026166425, 34.22527508798635, -0.00824694642066287, 0.0, -0.061760806188842055, -0.07000775260950776, -6.825055034034727, 0.0, -25.612489223777523, -32.437544257822914, 1.0000026012411043, 0.0, 32.988821294976184, 33.98882389620931, 6.3279999999999985
0.004422444889779562, 0.9592049367509319, 0.0010557809471398642, 34.41720171944439, -0.00825967926183194, 0.0, -0.06180834965877324, -0.07006802892060904, -6.823286504848653, 0.0, -25.349262416372525, -32.17254892121633, 1.0000022978216423, 0.0, 33.19351563452291, 34.193517932353046, 6.3279999999999985
0.004430260521042087, 0.9596868023786078, 0.001057646791663086, 34.60945691914617, -0.008272408806116729, 0.0, -0.06185540129103673, -0.07012781009715774, -6.821521099667276, 0.0, -25.08529166887372, -31.906812768540842, 1.0000019941709446, 0.0, 33.39869540376026, 34.3986973979354, 6.327999999999998
0.004438076152304612, 0.9601633699847201, 0.0010595126361863075, 34.80203109527292, -0.008285135059335601, 0.0, -0.061901959717652, -0.0701870947769937, -6.819758807213485, 0.0, -24.82059857738924, -31.64035738460743, 1.0000016905543976, 0.0, 33.60433908118059, 34.60434077173604, 6.327999999999998
0.004445891783567137, 0.9606346635499847, 0.001061378480709529, 34.99491436042422, -0.008297858027285967, 0.0, -0.061948023611250735, -0.07024588163854162, -6.817999616270927, 0.0, -24.555205081850602, -31.373204698128095, 1.0000013872343128, 0.0, 33.810424839191896, 34.81042622642428, 6.327999999999998
0.004453707414829662, 0.9611007069710424, 0.0010632443252327508, 35.18809653204198, -0.008310577715744335, 0.0, -0.06199359168572316, -0.070304169401469, -6.816243515683745, 0.0, -24.289133458618558, -31.10537697429646, 1.0000010844697491, 0.0, 34.01693055178881, 35.01693163626582, 6.327999999999997
0.004461523046092187, 0.9615615240615197, 0.0010651101697559723, 35.38156713285889, -0.008323294130466471, 0.0, -0.06203866269681968, -0.07036195682728874, -6.814490494356287, 0.0, -24.022406313077564, -30.83689680743557, 1.0000007825164365, 0.0, 34.22383380218992, 35.22383458470708, 6.327999999999998
0.004469338677354712, 0.9620171385531291, 0.001066976014279194, 35.5753153914211, -0.008336007277187491, 0.0, -0.06208323544278127, -0.07041924271997191, -6.8127405412528335, 0.0, -23.755046572256916, -30.567787113509493, 1.0000004816266372, 0.0, 34.4311118904731, 35.431112372102945, 6.327999999999998
0.004477154308617237, 0.9624675740966545, 0.0010688418588024155, 35.76933024278287, -0.008348717161621973, 0.0, -0.06212730876492023, -0.07047602592654478, -6.8109936453973186, 0.0, -23.48707747733708, -30.298071122749672, 1.0000001820490507, 0.0, 34.63874184127643, 35.638742023312616, 6.327999999999998
0.004484969939879763, 0.9629128542630027, 0.0010707077033256373, 35.96360032909797, -0.008361423789464075, 0.0, -0.06217088154819117, -0.07053230533765809, -6.809249795873052, 0.0, -23.218522576351788, -30.027772372221758, 0.9999998840287005, 0.0, 34.846700411292076, 35.84670029532651, 6.327999999999998
0.004492785571142287, 0.9633530025441855, 0.0010725735478488588, 36.15811400045823, -0.008374127166387635, 0.0, -0.06221395272177477, -0.0705880798881674, -6.807508981822449, 0.0, -22.949405716656752, -29.756914698486735, 0.9999995878068204, 0.0, 35.05496409700345, 36.05496368480738, 6.3279999999999985
0.0045006012024048124, 0.9637880423543281, 0.0010744393923720805, 36.35285931565886, -0.008386827298046295, 0.0, -0.062256521259622666, -0.07064334855767163, -6.805771192446737, 0.0, -22.679751037624623, -29.485522230074416, 0.999999293620773, 0.0, 35.26350914215767, 36.26350843577787, 6.3279999999999985
0.004508416833667337, 0.9642179970305724, 0.001076305236895302, 36.54782404311891, -0.008399524190073596, 0.0, -0.06229858618098927, -0.07069811037106621, -6.804036417005697, 0.0, -22.409582963162272, -29.21361938016742, 0.9999990017039337, 0.0, 35.47231154540211, 36.4723105471097, 6.327999999999998
0.004516232464929863, 0.9646428898340766, 0.0010781710814185238, 36.74299566187619, -0.008412217848083103, 0.0, -0.06234014655095477, -0.07075236439904131, -6.802304644817368, 0.0, -22.1389261943167, -28.941230839140392, 0.9999987122856148, 0.0, 35.68134706782211, 36.68134578010459, 6.3279999999999985
0.0045240480961923875, 0.965062743950903, 0.0010800369259417453, 36.938361362620526, -0.00842490827766849, 0.0, -0.06238120148095039, -0.07080610975862422, -6.800575865257785, 0.0, -21.867805701917558, -28.668381567176834, 0.9999984255909619, 0.0, 35.890591240443165, 36.890589666037584, 6.327999999999998
0.004531863727454913, 0.96547758249291, 0.001081902770464967, 37.13390804879509, -0.008437595484403678, 0.0, -0.06242175012923712, -0.07085934561364549, -6.798850067760687, 0.0, -21.596246719081623, -28.395096786842128, 0.9999981418408745, 0.0, 36.100019371826214, 37.100017513671595, 6.327999999999998
0.004539679358717437, 0.9658874284986816, 0.0010837686149881886, 37.32962233782837, -0.008450279473842916, 0.0, -0.06246179170140176, -0.07091207117525133, -6.797127241817258, 0.0, -21.324274733873914, -28.121401975696084, 0.9999978612519153, 0.0, 36.30960655552151, 37.30960441677466, 6.3279999999999985
0.004547494989979963, 0.9662923049343488, 0.00108563445951141, 37.525490562375126, -0.0084629602515209, 0.0, -0.06250132545082276, -0.07096428570234614, -6.795407376975828, 0.0, -21.05191548182546, -27.84732285880074, 0.9999975840362375, 0.0, 36.51932767763679, 37.51932526167585, 6.3279999999999985
0.004555310621242488, 0.9666922346944313, 0.0010875003040346318, 37.72149877166112, -0.00847563782295288, 0.0, -0.0625403506791028, -0.07101598850206203, -6.793690462841608, 0.0, -20.77919493861873, -27.57288540147241, 0.9999973104015059, 0.0, 36.72915742420614, 37.72915473460143, 6.327999999999998
0.004563126252505012, 0.9670872406026949, 0.0010893661485578533, 37.91763273293873, -0.008488312193634768, 0.0, -0.06257886673655855, -0.07106717893019787, -6.791976489076413, 0.0, -20.50613931258922, -27.298115801675202, 0.9999970405508248, 0.0, 36.939070288794994, 37.93906732934044, 6.3279999999999985
0.004570941883767538, 0.9674773454129206, 0.001091231993081075, 38.11387793294807, -0.008500983369043228, 0.0, -0.06261687302259622, -0.07111785639164292, -6.790265445398382, 0.0, -20.232775037345615, -27.023040482742612, 0.9999967746826525, 0.0, 37.14904057988032, 38.14903735456754, 6.3279999999999985
0.004578757515030063, 0.9678625718097218, 0.0010930978376042966, 38.31021957951771, -0.008513651354635806, 0.0, -0.06265436898615306, -0.07116802034079184, -6.7885573215816954, 0.0, -19.959128764373762, -26.74768608595198, 0.9999965129907605, 0.0, 37.35904242830775, 38.35903894130471, 6.3279999999999985
0.004586573146292588, 0.9682429424092776, 0.0010949636821275183, 38.50664260319354, -0.008526316155851003, 0.0, -0.06269135412609639, -0.07121767028195225, -6.786852107456302, 0.0, -19.68522735561115, -26.472079463060354, 0.9999962556641437, 0.0, 37.56904979473858, 38.569046050414265, 6.3279999999999985
0.004594388777555113, 0.9686184797601085, 0.0010968295266507398, 38.70313165899461, -0.008538977778108412, 0.0, -0.06272782799159848, -0.0712668057697109, -6.78514979290765, 0.0, -19.411097876042756, -26.196247668942775, 0.9999960028869707, 0.0, 37.77903647705322, 38.77903247995147, 6.3279999999999985
0.004602204408817638, 0.9689892063437917, 0.0010986953711739616, 38.899671128209775, -0.008551636226808802, 0.0, -0.06276379018251887, -0.07131542640933397, -6.783450367876393, 0.0, -19.136767586272672, -25.92021795414386, 0.9999957548385275, 0.0, 37.988976117785576, 38.988971872635034, 6.3279999999999985
0.004610020040080163, 0.9693551445756736, 0.001100561215697183, 39.096245120265394, -0.008564291507334216, 0.0, -0.06279924034976092, -0.07136353185709854, -6.781753822358117, 0.0, -18.862263935138532, -25.644017757496076, 0.999995511693156, 0.0, 38.19884221149128, 39.1988377231881, 6.327999999999999
0.004617835671342689, 0.9697163168055378, 0.0011024270602204048, 39.292837474768476, -0.008576943625048091, 0.0, -0.06283417819560055, -0.07141112182065268, -6.780060146403081, 0.0, -18.58761455231218, -25.367674698714655, 0.9999952736201975, 0.0, 38.408608112104545, 39.40860338572901, 6.327999999999998
0.004625651302605213, 0.9700727453183038, 0.0011042929047436264, 39.489431763456196, -0.00858959258529534, 0.0, -0.06286860347403234, -0.07145819605933112, -6.778369330115908, 0.0, -18.31284724084124, -25.091216570962054, 0.999995040783955, 0.0, 38.61824704037028, 39.61824208115246, 6.3279999999999985
0.0046334669338677385, 0.9704244523346754, 0.001106158749266848, 39.68601129240005, -0.008602238393402474, 0.0, -0.0629025159911013, -0.07150475438450832, -6.776681363655333, 0.0, -18.037989969743126, -24.814671333395264, 0.9999948133436356, 0.0, 38.82773209121107, 39.827726904562006, 6.3279999999999985
0.004641282565130264, 0.9707714600117372, 0.0011080245937900696, 39.88255910419002, -0.008614881054677684, 0.0, -0.06293591560516443, -0.0715507966598462, -6.774996237233915, 0.0, -17.763070866662794, -24.538067103897887, 0.9999945914533128, 0.0, 39.037036240967424, 40.03703083242325, 6.327999999999998
0.004649098196392788, 0.9711137904436133, 0.0011098904383132911, 40.07905798022466, -0.008627520574410958, 0.0, -0.06296880222721613, -0.07159632280162787, -6.77331394111776, 0.0, -17.488118210396262, -24.261432151516022, 0.9999943752618863, 0.0, 39.24613235483095, 40.24612673009155, 6.3279999999999985
0.004656913827655314, 0.9714514656620148, 0.0011117562828365129, 40.27549044307216, -0.008640156957874156, 0.0, -0.06300117582114018, -0.0716413327790203, -6.771634465626247, 0.0, -17.213160423489356, -23.984794889119836, 0.9999941649130212, 0.0, 39.45499319413646, 40.45498735905061, 6.327999999999998
0.004664729458917839, 0.9717845076368401, 0.0011136221273597346, 40.471838758987815, -0.008652790210321143, 0.0, -0.06303303640399216, -0.07168582661431577, -6.769957801131742, 0.0, -16.938226064845946, -23.708183865984243, 0.9999939605451542, 0.0, 39.66359142367323, 40.663585384214045, 6.3279999999999985
0.004672545090180363, 0.9721129382767375, 0.0011154879718829561, 40.66808494038651, -0.008665420336987861, 0.0, -0.06306438404622439, -0.0717298043832163, -6.768283938059327, 0.0, -16.66334382231148, -23.43162776036666, 0.9999937622914307, 0.0, 39.871899618970104, 40.87189338126931, 6.327999999999998
0.004680360721442889, 0.9724367794295898, 0.0011173538164061777, 40.864210748511596, -0.008678047343092434, 0.0, -0.06309521887194092, -0.07177326621503799, -6.766612866886534, 0.0, -16.388542505248836, -23.15515537213243, 0.9999935702796596, 0.0, 40.07989027361652, 41.079883843903275, 6.327999999999999
0.004688176352705414, 0.9727560528830868, 0.0011192196609293994, 41.060197696107025, -0.008690671233835271, 0.0, -0.06312554105909762, -0.07181621229293678, -6.764944578143039, 0.0, -16.113851037154223, -22.8787956153088, 0.9999933846323301, 0.0, 40.287535806495576, 41.28752919111984, 6.3279999999999985
0.004695991983967939, 0.9730707803651968, 0.0011210855054526211, 41.25602705028223, -0.008703292014399155, 0.0, -0.06315535083972257, -0.07185864285412402, -6.763279062410408, 0.0, -15.839298448219724, -22.60257751062555, 0.9999932054665487, 0.0, 40.49480856908986, 41.49480177456304, 6.3279999999999985
0.004703807615230464, 0.9733809835446361, 0.0011229513499758426, 41.45167983530291, -0.008715909689949347, 0.0, -0.0631846485001093, -0.07190055819006314, -6.761616310321811, 0.0, -15.564913867902504, -22.326530178229937, 0.999993032894034, 0.0, 40.70168085275797, 41.70167388565038, 6.327999999999998
0.004711623246492989, 0.973686684031315, 0.0011248171944990642, 41.64713683562695, -0.008728524265633681, 0.0, -0.06321343438098204, -0.07194195864661901, -6.759956312561745, 0.0, -15.290726517625469, -22.050682830179714, 0.9999928670210901, 0.0, 40.90812489585603, 41.90811776288755, 6.3279999999999985
0.004719438877755514, 0.9739879033768104, 0.001126683039022286, 41.84237859893892, -0.008741135746582656, 0.0, -0.0632417088776579, -0.07198284462424698, -6.758299059865757, 0.0, -15.01676570321504, -21.77506476307901, 0.9999927079485931, 0.0, 41.114112891121344, 42.11410559907742, 6.327999999999999
0.004727254509018039, 0.9742846630747619, 0.0011285488835455074, 42.03738543926056, -0.008753744137909527, 0.0, -0.06326947244023351, -0.07202321657815058, -6.756644543020166, 0.0, -14.743060807561795, -21.499705350585643, 0.9999925557719671, 0.0, 41.31961699285644, 42.31960954863141, 6.3279999999999985
0.004735070140280564, 0.9745769845612677, 0.0011304147280687292, 42.23213744023724, -0.00876634944471041, 0.0, -0.06329672557367128, -0.07206307501838338, -6.754992752861786, 0.0, -14.469641283288748, -21.224634036149855, 0.9999924105811806, 0.0, 41.5246093240183, 42.52460173460166, 6.3279999999999985
0.0047428857715430895, 0.9748648892152683, 0.0011322805725919507, 42.42661445839258, -0.008778951672064373, 0.0, -0.06332346883795803, -0.07210242051002702, -6.753343680277646, 0.0, -14.196536645156735, -20.949880325430208, 0.9999922724607353, 0.0, 41.72906198363686, 42.72905425610584, 6.327999999999999
0.004750701402805615, 0.9751483983589002, 0.0011341464171151724, 42.62079612658863, -0.008791550825033521, 0.0, -0.06334970284820096, -0.0721412536732352, -6.751697316204724, 0.0, -13.923776462825069, -20.67547377903325, 0.9999921414896429, 0.0, 41.93294705382454, 42.93293919531137, 6.327999999999998
0.004758517034068139, 0.975427533257857, 0.001136012261638394, 42.81466185748923, -0.008804146908663098, 0.0, -0.06337542827472142, -0.07217957518338836, -6.75005365162964, 0.0, -13.65139035337123, -20.401444005001803, 0.9999920177414547, 0.0, 42.13623660702734, 43.136228624771235, 6.3279999999999985
0.0047663326653306646, 0.9757023151216846, 0.0011378781061616157, 43.00819084713066, -0.008816739927981584, 0.0, -0.06340064584314953, -0.0722173857711339, -6.748412677588423, 0.0, -13.379407973847696, -20.12782065144607, 0.9999919012842109, 0.0, 42.33890271324146, 43.338894614518175, 6.3279999999999985
0.00477414829659319, 0.9759727651041028, 0.0011397439506848372, 43.201362078655166, -0.008829329888000765, 0.0, -0.06342535633447621, -0.07225468622247577, -6.746774385166186, 0.0, -13.107859013949259, -19.854633399110938, 0.9999917921804805, 0.0, 42.54091744708469, 43.540909239268615, 6.3279999999999985
0.004781963927855714, 0.9762389043032544, 0.0011416097952080587, 43.39415432600617, -0.008841916793715845, 0.0, -0.06344956058509754, -0.07229147737881503, -6.745138765496892, 0.0, -12.836773188546996, -19.581911954042358, 0.9999916904873276, 0.0, 42.742252894996575, 43.74224458548687, 6.3279999999999985
0.00478977955911824, 0.9765007537620278, 0.0011434756397312805, 43.58654615784508, -0.008854500650105535, 0.0, -0.0634732594869063, -0.07232776013701603, -6.74350580976304, 0.0, -12.566180230278434, -19.309686040031778, 0.9999915962563517, 0.0, 42.94288116242658, 43.9428727586963, 6.3279999999999985
0.004797595190380764, 0.9767583344682438, 0.001145341484254502, 43.77851594144204, -0.008867081462132137, 0.0, -0.06349645398725157, -0.072363535449393, -6.741875509195407, 0.0, -12.296109882162494, -19.03798539136061, 0.9999915095336697, 0.0, 43.1427743808843, 44.14276589042338, 6.3279999999999985
0.00480541082164329, 0.9770116673549123, 0.0011472073287777237, 43.97004184678735, -0.008879659234741637, 0.0, -0.06351914508900425, -0.07239880432374979, -6.740247855072774, 0.0, -12.026591890167735, -18.766839745243715, 0.999991430359919, 0.0, 43.34190471513188, 44.341896145491994, 6.3279999999999985
0.004813226452905815, 0.9772607733004126, 0.0011490731733009452, 44.16110185064599, -0.008892233972863785, 0.0, -0.06354133385051086, -0.07243356782338162, -6.738622838721628, 0.0, -11.757655995836824, -18.496278834557682, 0.9999913587702882, 0.0, 43.5402443702256, 44.540235729002724, 6.327999999999999
0.00482104208416834, 0.9775056731287031, 0.001150939017824167, 44.351673740869956, -0.008904805681412196, 0.0, -0.06356302138561887, -0.07246782706704091, -6.737000451515908, 0.0, -11.489331928814787, -18.226332380331943, 0.9999912947945061, 0.0, 43.737765598718696, 44.737756893520505, 6.3279999999999985
0.0048288577154308645, 0.9777463876094707, 0.0011528048623473885, 44.541735120665635, -0.008917374365284442, 0.0, -0.06358420886362492, -0.07250158322891509, -6.735380684876715, 0.0, -11.221649399497274, -17.957030084371315, 0.9999912384568831, 0.0, 43.93444070768023, 44.93443194614475, 6.3279999999999985
0.00483667334669339, 0.9779829374583042, 0.0011546707068706102, 44.73126341299667, -0.008929940029362126, 0.0, -0.0636048975092327, -0.07253483753860257, -6.733763530272033, 0.0, -10.954638091573113, -17.688401621851888, 0.9999911897762994, 0.0, 44.130242065831034, 45.1302332556073, 6.327999999999998
0.004844488977955915, 0.978215343336762, 0.0011565365513938317, 44.92023586516325, -0.008942502678510971, 0.0, -0.06362508860250804, -0.07256759128102153, -6.732148979216456, 0.0, -10.688327654666852, -17.420476633889287, 0.9999911487662417, 0.0, 44.32514211058052, 45.32513325934296, 6.327999999999999
0.0048523046092184404, 0.9784436258525586, 0.0011584023959170535, 45.10862955333823, -0.008955062317580914, 0.0, -0.06364478347879254, -0.07259984579637768, -6.730537023270914, 0.0, -10.422747696880359, -17.153284720142164, 0.9999911154348124, 0.0, 44.51911335513163, 45.5191044705792, 6.3279999999999985
0.004860120240480965, 0.978667805559593, 0.001160268240440275, 45.296421387321516, -0.008967618951406194, 0.0, -0.06366398352863101, -0.07263160248004064, -6.728927654042378, 0.0, -10.157927777394416, -16.88685543143287, 0.999991089784776, 0.0, 44.71212839554115, 45.71211948533282, 6.327999999999998
0.00486793587174349, 0.9788879029580448, 0.0011621340849634967, 45.48358811531443, -0.008980172584805424, 0.0, -0.0636826901976677, -0.07266286278247258, -6.72732086318361, 0.0, -9.893897399093177, -16.621218262272816, 0.999991071813544, 0.0, 44.90415991773357, 45.904150989550615, 6.3279999999999985
0.0048757515030060155, 0.9791039384944247, 0.0011639999294867183, 45.670106328824204, -0.008992723222581695, 0.0, -0.06370090498654335, -0.07269362820912928, -6.725716642392858, 0.0, -9.630686001081944, -16.35640264346411, 0.9999910615132396, 0.0, 45.09518070462578, 46.09517176615335, 6.327999999999999
0.00488356713426854, 0.9793159325615894, 0.0011658657740099398, 45.85595246767025, -0.009005270869522637, 0.0, -0.0637186294507519, -0.07272390032027931, -6.724114983413603, 0.0, -9.36832295134306, -16.09243793476113, 0.9999910588706956, 0.0, 45.28516364308257, 46.285154701952884, 6.327999999999999
0.004891382765531065, 0.9795239054987908, 0.0011677316185331615, 46.04110282503598, -0.009017815530400531, 0.0, -0.06373586520052976, -0.07275368073093635, -6.722515878034256, 0.0, -9.106837539303212, -15.829353417334982, 0.9999910638675149, 0.0, 45.47408173099209, 46.474072794867276, 6.3279999999999985
0.004899198396793591, 0.9797278775915885, 0.0011695974630563833, 46.22553355272976, -0.009030357209972363, 0.0, -0.06375261390065856, -0.0727829711106347, -6.720919318087907, 0.0, -8.846258968423609, -15.567178286510343, 0.9999910764800686, 0.0, 45.66190808424827, 46.66189916073273, 6.328
0.004907014028056116, 0.9799278690719289, 0.0011714633075796048, 46.40922066643361, -0.00904289591297994, 0.0, -0.0637688772703382, -0.07281177318332221, -6.719325295452021, 0.0, -8.586616348750127, -15.305941644206086, 0.9999910966795738, 0.0, 45.84861594383697, 46.848607040516086, 6.3279999999999985
0.00491482965931864, 0.980123900118004, 0.0011733291521028263, 46.59214005107833, -0.009055431644149941, 0.0, -0.06378465708299208, -0.0728400887271452, -6.717733802048183, 0.0, -8.327938689601602, -15.045672491653093, 0.9999911244320846, 0.0, 46.034178682729916, 47.03416980716141, 6.3279999999999985
0.004922645290581166, 0.9803159908542596, 0.001175194996626048, 46.77426746639503, -0.00906796440819402, 0.0, -0.06379995516605841, -0.07286791957426009, -6.716144829841812, 0.0, -8.070254892047592, -14.786399721892964, 0.9999911596985552, 0.0, 46.21856981298119, 47.218560972682695, 6.3279999999999985
0.004930460921843691, 0.9805041613512344, 0.0011770608411492698, 46.95557855243169, -0.009080494209808873, 0.0, -0.06381477340080854, -0.07289526761062093, -6.714558370841873, 0.0, -7.813593741555698, -14.528152112394876, 0.9999912024348774, 0.0, 46.40176299268114, 47.401754195121704, 6.327999999999999
0.004938276553106216, 0.9806884316255513, 0.0011789266856724913, 47.136048835315705, -0.009093021053676336, 0.0, -0.06382911372210454, -0.07292213477578402, -6.712974417100617, 0.0, -7.557983900583636, -14.270958317685736, 0.9999912525919235, 0.0, 46.583732032917936, 47.58372328551105, 6.327999999999998
0.004946092184368741, 0.9808688216396855, 0.0011807925301957128, 47.31565373302146, -0.009105544944463445, 0.0, -0.06384297811815509, -0.0729485230626199, -6.711392960713295, 0.0, -7.303453901153215, -14.014846861875593, 0.999991310115576, 0.0, 46.764450904759904, 47.764442214867536, 6.327999999999999
0.004953907815631266, 0.9810453513019028, 0.0011826583747189345, 47.49436856128614, -0.00911806588682254, 0.0, -0.06385636863029598, -0.07297443451711882, -6.709813993817874, 0.0, -7.050032137452879, -13.759846131264949, 0.9999913749467954, 0.0, 46.9438937462342, 47.943885121187066, 6.3279999999999985
0.0049617234468937906, 0.981218040466056, 0.001184524219242156, 47.67216853954869, -0.009130583885391319, 0.0, -0.06386928735269692, -0.07299987123809015, -6.708237508594775, 0.0, -6.797746858397405, -13.505984366996824, 0.9999914470216426, 0.0, 47.12203486929044, 48.12202631630905, 6.327999999999999
0.004969539078156317, 0.9813869089314302, 0.0011863900637653778, 47.849028797183564, -0.009143098944792937, 0.0, -0.06388173643209849, -0.0730248353768963, -6.706663497266582, 0.0, -6.546626160258067, -13.253289657519309, 0.9999915262713488, 0.0, 47.2988487667233, 48.298840293004105, 6.3279999999999985
0.004977354709418841, 0.9815519764425074, 0.0011882559082885993, 48.02492437953515, -0.00915561106963607, 0.0, -0.06389371806751787, -0.07304932913715567, -6.705091952097769, 0.0, -6.296697979195661, -13.00178993129574, 0.999991612622354, 0.0, 47.47431011917062, 48.474301731792124, 6.327999999999999
0.0049851703406813665, 0.9817132626887897, 0.001190121752811821, 48.199830254437984, -0.009168120264515009, 0.0, -0.06390523450993602, -0.07307335477445465, -6.7035228653944205, 0.0, -6.047990083949725, -12.75151294934152, 0.9999917059963671, 0.0, 47.64839380194379, 48.648385507945825, 6.327999999999999
0.004992985971943891, 0.9818707873044872, 0.0011919875973350426, 48.37372131844768, -0.009180626534009721, 0.0, -0.06391628806198324, -0.07309691459599854, -6.701956229503961, 0.0, -5.8005300683077445, -12.502486297814295, 0.999991806310408, 0.0, 47.82107489208155, 48.82106669839405, 6.3279999999999985
0.005000801603206416, 0.9820245698683627, 0.0011938534418582643, 48.54657240347569, -0.009193129882685936, 0.0, -0.0639268810776239, -0.07312001096031184, -6.700392036814871, 0.0, -5.554345343776282, -12.254737380586976, 0.9999919134768723, 0.0, 47.9923286752055, 48.99232058868823, 6.3279999999999985
0.005008617234468942, 0.9821746299033622, 0.0011957192863814858, 48.718358283424095, -0.009205630315095217, 0.0, -0.06393701596176493, -0.07314264627686073, -6.6988302797564065, 0.0, -5.3094631321359, -12.008293411897906, 0.9999920274035897, 0.0, 48.16213065243258, 49.162122679831064, 6.327999999999999
0.005016432865731466, 0.9823209868763343, 0.0011975851309047074, 48.88905368083124, -0.009218127835775037, 0.0, -0.06394669516994611, -0.07316482300572491, -6.697270950798333, 0.0, -5.065910458045617, -11.763181408839122, 0.9999921479938718, 0.0, 48.33045654731125, 49.330448695313095, 6.327999999999998
0.005024248496993991, 0.9824636601977641, 0.001199450975427929, 49.058633273837586, -0.009230622449248863, 0.0, -0.0639559212079237, -0.07318654365717348, -6.695714042450635, 0.0, -4.823714141645457, -11.51942818409129, 0.9999922751465858, 0.0, 48.497282312674905, 49.49727458782704, 6.327999999999998
0.005032064128256516, 0.982602669221377, 0.0012013168199511506, 49.22707170306148, -0.009243114160026225, 0.0, -0.06396469663130988, -0.07320781079133942, -6.694159547263242, 0.0, -4.582900791073279, -11.277060338343386, 0.9999924087562202, 0.0, 48.662584137632614, 49.66257654638473, 6.327999999999998
0.005039879759519042, 0.9827380332438027, 0.0012031826644743723, 49.39434357868231, -0.009255602972602783, 0.0, -0.06397302404515659, -0.07322862701775557, -6.692607457825761, 0.0, -4.343496795184477, -11.036104253005734, 0.999992548712918, 0.0, 48.826338454315334, 49.82633100302959, 6.3279999999999985
0.0050476953907815664, 0.9828697715042274, 0.0012050485089975939, 49.56042348761548, -0.009268088891460406, 0.0, -0.06398090610354368, -0.07324899499500792, -6.6910577667671856, 0.0, -4.105528315994517, -10.79658608275349, 0.9999926949025778, 0.0, 48.988521944907816, 49.98851463982179, 6.327999999999999
0.005055511022044091, 0.9829979031839249, 0.0012069143535208154, 49.725286000798405, -0.009280571921067252, 0.0, -0.06398834550914811, -0.0732689174302199, -6.6895104667556256, 0.0, -3.869021281376732, -10.55853174812445, 0.9999928472069021, 0.0, 49.149111548414425, 50.14910439563299, 6.3279999999999985
0.005063326653306617, 0.9831224474059357, 0.0012087801980440373, 49.88890568056286, -0.009293052065877834, 0.0, -0.06399534501280124, -0.07328839707867973, -6.687965550498021, 0.0, -3.634001377605821, -10.3219669281111, 0.9999930055034694, 0.0, 49.3080844675743, 50.30807747307105, 6.327999999999999
0.005071142284569142, 0.983243423234589, 0.0012106460425672589, 50.05125708817468, -0.009305529330333096, 0.0, -0.06400190741303291, -0.07330743674337037, -6.686423010739884, 0.0, -3.400494041958491, -10.08691705268794, 0.9999931696658066, 0.0, 49.465418175713666, 50.46541134539351, 6.3279999999999985
0.005078957915831667, 0.9833608496750004, 0.0012125118870904804, 50.21231479135622, -0.00931800371886047, 0.0, -0.06400803555558165, -0.07332603927443948, -6.684882840265001, 0.0, -3.1685244552921974, -9.853407295564507, 0.9999933395634437, 0.0, 49.621090423597, 50.621083763150956, 6.328
0.005086773547094192, 0.9834747456726931, 0.0012143777316137021, 50.37205337215073, -0.009330475235873976, 0.0, -0.06401373233293506, -0.0733442075688131, -6.683345031895157, 0.0, -2.938117534649597, -9.621462566546017, 0.9999935150620202, 0.0, 49.77507924628252, 50.77507276134663, 6.3279999999999985
0.005094589178356717, 0.9835851301130281, 0.0012162435761369236, 50.530447434627604, -0.00934294388577426, 0.0, -0.06401900068383215, -0.07336194456960765, -6.681809578489874, 0.0, -2.709297925842049, -9.391107504331147, 0.9999936960233228, 0.0, 49.92736296997258, 50.92735666599769, 6.3279999999999985
0.005102404809619243, 0.9836920218207745, 0.0012181094206601454, 50.687471612910485, -0.009355409672948694, 0.0, -0.06402384359271895, -0.07337925326566941, -6.680276472946118, 0.0, -2.482089996024543, -9.16236646895745, 0.99999388230538, 0.0, 50.077920218839154, 51.077914101159195, 6.327999999999998
0.005110220440881767, 0.9837954395594695, 0.001219975265183367, 50.84310057919083, -0.00936787260177142, 0.0, -0.06402826408924511, -0.07339613669102096, -6.678745708198024, 0.0, -2.256517826298248, -8.935263534492469, 0.9999940737625486, 0.0, 50.22672992186114, 51.22672399563113, 6.3279999999999985
0.0051180360721442926, 0.98389540203096, 0.0012218411097065886, 50.997309051942466, -0.009380332676603436, 0.0, -0.06403226524773165, -0.0734125979243394, -6.677217277216631, 0.0, -2.032605204348304, -8.709822481562954, 0.9999942702455558, 0.0, 50.373771319607634, 51.37376558985871, 6.327999999999999
0.005125851703406817, 0.9839919278747895, 0.0012237069542298102, 51.15007180420071, -0.00939278990179266, 0.0, -0.06403585018658942, -0.07342864008838212, -6.675691173009578, 0.0, -1.8103756169015972, -8.486066789918358, 0.9999944716016301, 0.0, 50.519023971166426, 51.51901844276092, 6.327999999999999
0.005133667334669343, 0.9840850356676527, 0.001225572798753032, 51.30136367191153, -0.009405244281674, 0.0, -0.06403902206777001, -0.07344426634944634, -6.674167388620855, 0.0, -1.5898522424512245, -8.264019631073392, 0.9999946776745405, 0.0, 50.662467760837835, 51.66246243851296, 6.328
0.005141482965931868, 0.9841747439227175, 0.0012274386432762534, 51.451159562588145, -0.009417695820569406, 0.0, -0.06404178409618688, -0.0734594799167605, -6.6726459171305095, 0.0, -1.3710579438057044, -8.043703860921047, 0.9999948883046931, 0.0, 50.80408290498482, 51.80407779330811, 6.327999999999999
0.005149298597194392, 0.9842610710890694, 0.001229304487799475, 51.59943446377838, -0.009430144522787967, 0.0, -0.06404413951910448, -0.07347428404189404, -6.671126751654376, 0.0, -1.1540152606162846, -7.825142012265621, 0.9999951033292193, 0.0, 50.943849958884485, 51.94384506222005, 6.3279999999999985
0.005157114228456917, 0.9843440355509934, 0.0012311703323226967, 51.74616345191953, -0.009442590392625952, 0.0, -0.06404609162553299, -0.0734886820181615, -6.669609885343788, 0.0, -0.9387464020737811, -7.6083562874205, 0.9999953225820596, 0.0, 51.081749823420175, 52.08174514600138, 6.327999999999998
0.005164929859719442, 0.9844236556273924, 0.0012330361768459182, 51.89132170120138, -0.00945503343436688, 0.0, -0.06404764374560701, -0.07350267717997894, -6.668095311385312, 0.0, -0.7252732394092188, -7.393368550793568, 0.9999955458940473, 0.0, 51.21776375196243, 52.217759297861534, 6.328
0.005172745490981968, 0.9844999495710205, 0.00123490202136914, 52.034884492523815, -0.009467473652281596, 0.0, -0.06404879924995921, -0.07351627290224272, -6.666583023000464, 0.0, -0.5136172985078086, -7.180200321505942, 0.9999957730929909, 0.0, 51.35187335713797, 52.35186913023484, 6.3279999999999985
0.0051805611222444925, 0.9845729355678263, 0.0012367678658923614, 52.176827222604516, -0.00947991105062833, 0.0, -0.06404956154904662, -0.07352947259967735, -6.6650730134454355, 0.0, -0.3037997525257829, -6.968872765975481, 0.9999960040037824, 0.0, 51.48406061756325, 52.484056621564704, 6.327999999999999
0.005188376753507017, 0.9846426317362282, 0.001238633710415583, 52.31712541321485, -0.009492345633652756, 0.0, -0.06404993409250515, -0.07354227972615934, -6.663565276010814, 0.0, -0.09584141445484853, -6.759406690464088, 0.9999962384484598, 0.0, 51.614307884659, 52.6143041231102, 6.3279999999999985
0.005196192384769543, 0.9847090561263365, 0.001240499554938805, 52.45575472053315, -0.009504777405588067, 0.0, -0.06404992036845925, -0.07355469777404777, -6.6620598040212995, 0.0, 0.11023727028097968, -6.551822533740261, 0.9999964762463283, 0.0, 51.742597889401786, 52.74259436564854, 6.3279999999999985
0.0052040080160320685, 0.9847722267192354, 0.0012423653994620264, 52.59269094454703, -0.009517206370655031, 0.0, -0.06404952390282803, -0.07356673027348415, -6.66055659083544, 0.0, 0.314416231269498, -6.346140359575928, 0.9999967172140315, 0.0, 51.868913749119706, 52.86891046632463, 6.3279999999999985
0.005211823647294593, 0.9848321614261746, 0.001244231243985248, 52.727910038745904, -0.00952963253306205, 0.0, -0.06404874825863294, -0.07357838079170143, -6.659055629845339, 0.0, 0.5166757804325238, -6.142379849404232, 0.9999969611656575, 0.0, 51.99323897417299, 52.9932359353524, 6.327999999999999
0.005219639278557117, 0.9848888780877543, 0.0012460970885084695, 52.86138811966521, -0.009542055897005238, 0.0, -0.06404759703526541, -0.0735896529322746, -6.657556914476395, 0.0, 0.7169966195557327, -5.9405602949201795, 0.9999972079128274, 0.0, 52.11555747481616, 53.115554682732636, 6.328
0.005227454909819643, 0.9849423944731357, 0.0012479629330316912, 52.99310147685719, -0.009554476466668465, 0.0, -0.06404607386774552, -0.07360055033441504, -6.6560604381870005, 0.0, 0.915359847582296, -5.740700590597467, 0.9999974572647998, 0.0, 52.23585356782256, 53.235851025095435, 6.327999999999999
0.005235270541082169, 0.9849927282791944, 0.001249828777554913, 53.12302658275348, -0.00956689424622343, 0.0, -0.06404418242599252, -0.07361107667221845, -6.654566194468295, 0.0, 1.1117469681131933, -5.542819226351035, 0.9999977090285539, 0.0, 52.354111983331165, 53.354109692365775, 6.327999999999999
0.005243086172344693, 0.9850398971296275, 0.0012516946220781345, 53.251140102775025, -0.009579309239829708, 0.0, -0.06404192641405548, -0.07362123565388567, -6.653074176843861, 0.0, 1.3061398967760898, -5.346934280063426, 0.9999979630089053, 0.0, 52.47031787153597, 53.4703158345496, 6.3279999999999985
0.005250901803607218, 0.9850839185741509, 0.001253560466601356, 53.377418905462946, -0.009591721451634836, 0.0, -0.06403930956932546, -0.07363103102096202, -6.651584378869453, 0.0, 1.4985209686351701, -5.153063410223518, 0.9999982190086064, 0.0, 52.58445680940746, 53.58445502842821, 6.327999999999999
0.005258717434869743, 0.9851248100874859, 0.0012554263111245777, 53.5018400728668, -0.009604130885774347, 0.0, -0.0640363356617728, -0.0736404665475483, -6.6500967941327325, 0.0, 1.688872945629543, -4.9612238484900315, 0.999998476828428, 0.0, 52.69651480746907, 53.696513284311585, 6.3279999999999985
0.005266533066132269, 0.9851625890685551, 0.0012572921556477995, 53.62438091090371, -0.009616537546371842, 0.0, -0.06403300849310778, -0.07364954603947993, -6.648611416252974, 0.0, 1.87717902393069, -4.771432392322648, 0.9999987362672839, 0.0, 52.806478316437435, 53.806477052704615, 6.327999999999999
0.005274348697394794, 0.9851972728394793, 0.001259158000171021, 53.745018960010384, -0.00962894143753904, 0.0, -0.0640293318959988, -0.07365827333354114, -6.647128238880796, 0.0, 2.063422841418968, -4.583705397467413, 0.9999989971223253, 0.0, 52.914334234033895, 53.91433323115326, 6.3279999999999985
0.005282164328657318, 0.9852288786446528, 0.0012610238446942425, 53.86373200568869, -0.009641342563375845, 0.0, -0.06402530973321596, -0.07366665229659586, -6.645647255697885, 0.0, 2.247588485021057, -4.398058770673573, 0.9999992591890376, 0.0, 53.02006991160345, 54.02006917079896, 6.327999999999999
0.005289979959919843, 0.9852574236497134, 0.001262889689217464, 53.980498089512366, -0.00965374092797041, 0.0, -0.06402094589680596, -0.07367468682478084, -6.644168460416714, 0.0, 2.4296604982207506, -4.214507962188501, 0.9999995222613653, 0.0, 53.12367316093862, 54.12367268321099, 6.3279999999999985
0.005297795591182368, 0.9852829249406381, 0.0012647555337406858, 54.0952955198909, -0.009666136535399175, 0.0, -0.06401624430720898, -0.0736823808426148, -6.642691846780261, 0.0, 2.6096238883630676, -4.033067958423109, 0.9999997861318063, 0.0, 53.22513226085642, 54.22513204698756, 6.3279999999999985
0.005305611222444894, 0.9853053995226473, 0.0012666213782639075, 54.20810288318444, -0.009678529389726935, 0.0, -0.06401120891242096, -0.07368973830215397, -6.641217408561743, 0.0, 2.7874641340907553, -3.8537532744601024, 1.0000000505915148, 0.0, 53.324435963950286, 54.32443601455749, 6.327999999999999
0.0053134268537074186, 0.9853248643192085, 0.001268487222787129, 54.31889905494609, -0.009690919495006898, 0.0, -0.0640058436870703, -0.0736967631820784, -6.6397451395643206, 0.0, 2.963167192866504, -3.6765779466955837, 1.0000003154304402, 0.0, 53.42157350336618, 54.42157381879982, 6.3279999999999985
0.005321242484969943, 0.9853413361709782, 0.0012703530673103505, 54.42766321116869, -0.009703306855280727, 0.0, -0.06400015263152725, -0.07370345948680423, -6.638275033620849, 0.0, 3.136719508194203, -3.5015555254311193, 1.000000580437382, 0.0, 53.516534599310006, 54.51653517973997, 6.327999999999999
0.005329058116232469, 0.9853548318347349, 0.0012722189118335725, 54.53437483980724, -0.009715691474578628, 0.0, -0.06399413977101909, -0.07370983124560437, -6.6368070845935705, 0.0, 3.308108017177349, -3.3286990674143846, 1.0000008454001652, 0.0, 53.60930946590301, 54.609310311310246, 6.3279999999999985
0.0053368737474949945, 0.9853653679822743, 0.001274084756356794, 54.63901375223668, -0.009728073356919355, 0.0, -0.06398780915466995, -0.07371588251159378, -6.635341286373852, 0.0, 3.4773201578812585, -3.158021128494096, 1.0000011101057034, 0.0, 53.69988881778824, 54.69988992789595, 6.327999999999998
0.005344689378757519, 0.9853729611992965, 0.0012759506008800155, 54.74156009511262, -0.009740452506310312, 0.0, -0.06398116485457273, -0.07372161736088723, -6.633877632881899, 0.0, 3.644343876708613, -2.989533756156841, 1.0000013743401506, 0.0, 53.78826387678173, 54.78826525114161, 6.327999999999998
0.005352505010020044, 0.9853776279842821, 0.0012778164454032373, 54.84199436203289, -0.009752828926747571, 0.0, -0.06397421096481648, -0.07372703989156815, -6.632416118066496, 0.0, 3.8091676359140565, -2.823248482159154, 1.0000016378889727, 0.0, 53.87442637863457, 54.874428016520035, 6.3279999999999985
0.005360320641282569, 0.9853793847473735, 0.0012796822899264588, 54.94029740563474, -0.00976520262221595, 0.0, -0.06396695160055188, -0.07373215422277068, -6.630956735904706, 0.0, 3.9717804208540235, -2.6591763150643484, 1.000001900537108, 0.0, 53.95836857956641, 54.958370480092086, 6.3279999999999985
0.005368136272545095, 0.9853782478091304, 0.0012815481344496805, 55.036450449636504, -0.009777573596689059, 0.0, -0.06395939089697356, -0.07373696449366296, -6.6294994804016145, 0.0, 4.132171747535623, -2.497327732876493, 1.0000021620690533, 0.0, 54.04008326303937, 55.04008542509818, 6.3279999999999985
0.005375951903807619, 0.9853742333994222, 0.001283413978972902, 55.13043510106854, -0.009789941854129326, 0.0, -0.06395153300833423, -0.07374147486246807, -6.6280443455900295, 0.0, 4.290331669988375, -2.3377126756020115, 1.0000024222689867, 0.0, 54.119563746386454, 55.11956616865861, 6.3279999999999985
0.005383767535070144, 0.9853673576561657, 0.0012852798234961236, 55.2222333625823, -0.009802307398488096, 0.0, -0.06394338210694883, -0.07374568950543914, -6.626591325530219, 0.0, 4.446250787632136, -2.1803405378950846, 1.0000026809209053, 0.0, 54.196803887434754, 55.19680656836038, 6.3279999999999985
0.005391583166332669, 0.9853576366241086, 0.0012871456680193453, 55.31182764503228, -0.009814670233705651, 0.0, -0.06393494238215203, -0.07374961261585566, -6.62514041430964, 0.0, 4.5999202527783645, -2.025220161527818, 1.0000029378087152, 0.0, 54.271798091232235, 55.27180102904284, 6.327999999999999
0.0053993987975951944, 0.985345086253627, 0.0012890115125425668, 55.39920078003979, -0.009827030363711254, 0.0, -0.06392621803925991, -0.07375324840297015, -6.623691606042636, 0.0, 4.751331777910424, -1.8723598281175549, 1.0000031927163757, 0.0, 54.34454131656369, 55.34454450929393, 6.327999999999999
0.00540721442885772, 0.98532972239938, 0.0012908773570657886, 55.48433603273497, -0.009839387792423222, 0.0, -0.06391721329853306, -0.07375660109095517, -6.622244894870178, 0.0, 4.900477643241992, -1.7217672516237081, 1.0000034454280127, 0.0, 54.41502908275226, 55.415032528183886, 6.3279999999999985
0.005415030060120244, 0.985311560819083, 0.00129274320158901, 55.567217114698906, -0.009851742523748961, 0.0, -0.06390793239409742, -0.07375967491784774, -6.620800274959591, 0.0, 5.047350704001174, -1.5734495709569751, 1.0000036957280336, 0.0, 54.483257476160766, 55.48326117189129, 6.3279999999999985
0.005422845691382769, 0.9852906171722058, 0.0012946090461122316, 55.64782819693028, -0.009864094561585022, 0.0, -0.0638983795728576, -0.07376247413445114, -6.619357740504266, 0.0, 5.191944397895576, -1.427413342607603, 1.0000039434012618, 0.0, 54.549223156874795, 55.54922710028373, 6.327999999999998
0.005430661322645296, 0.9852669070186049, 0.0012964748906354536, 55.726153923029415, -0.009876443909817142, 0.0, -0.06388855909343105, -0.07376500300325262, -6.617917285723379, 0.0, 5.334252752531664, -1.283664533172696, 1.0000041882330555, 0.0, 54.61292336536299, 55.61292755361848, 6.3279999999999985
0.00543847695390782, 0.9852404458171939, 0.001298340735158675, 55.80217942250965, -0.009888790572320297, 0.0, -0.06387847522500678, -0.07376726579733095, -6.616478904861626, 0.0, 5.474270392837924, -1.1422085120206715, 1.0000044300094388, 0.0, 54.67435592908966, 55.674360359105115, 6.327999999999999
0.005446292585170345, 0.9852112489246396, 0.0013002065796818966, 55.87589032419601, -0.009901134552958742, 0.0, -0.06386813224625021, -0.07376926679921603, -6.615042592188936, 0.0, 5.611992548406126, -1.0030500437823766, 1.0000046685172153, 0.0, 54.73351926908764, 55.73352393761073, 6.3279999999999985
0.005454108216432869, 0.9851793315939057, 0.0013020724242051181, 55.94727276980848, -0.009913475855586077, 0.0, -0.06385753444416364, -0.0737710102997493, -6.613608342000194, 0.0, 5.747415061004015, -0.8661932810060197, 1.000004903544116, 0.0, 54.79041240667549, 55.79041731020945, 6.3279999999999985
0.005461923847695394, 0.9851447089728533, 0.0013039382687283399, 56.01631342764085, -0.00992581448404527, 0.0, -0.06384668611290145, -0.07377250059694695, -6.612176148614974, 0.0, 5.880534391846092, -0.7316417567587672, 1.0000051348788963, 0.0, 54.84503496990464, 55.845040104793824, 6.3279999999999985
0.005469739478957921, 0.9851073961028662, 0.0013058041132515616, 56.082999506454144, -0.009938150442168728, 0.0, -0.06383559155266649, -0.07377374199483588, -6.61074600637725, 0.0, 6.011347629165356, -0.599398377216911, 1.0000053623115042, 0.0, 54.897387200376784, 55.89739256268378, 6.327999999999999
0.005477555110220445, 0.9850674079174038, 0.0013076699577747831, 56.147318769417325, -0.009950483733778293, 0.0, -0.06382425506849865, -0.0737747388022787, -6.609317909655112, 0.0, 6.13985249551456, -0.46946541413793635, 1.000005585633169, 0.0, 54.947469959714915, 55.947475545352034, 6.3279999999999985
0.0054853707414829695, 0.9850247592405021, 0.0013095358022980046, 56.20925954814993, -0.009962814362685361, 0.0, -0.06381268096908155, -0.07377549533176886, -6.607891852840512, 0.0, 6.266047355212239, -0.34184449762021935, 1.00000580463657, 0.0, 54.995284736199864, 55.99529054084598, 6.3279999999999985
0.005493186372745495, 0.9849794647853529, 0.0013114016468212264, 56.26881075718484, -0.009975142332690864, 0.0, -0.06380087356554753, -0.0737760158982419, -6.606467830348965, 0.0, 6.389931221731586, -0.2165366086093823, 1.0000060191159355, 0.0, 55.04083365135545, 56.04083967048204, 6.3279999999999985
0.005501002004008021, 0.9849315391527127, 0.001313267491344448, 56.32596190818367, -0.009987467647585341, 0.0, -0.06378883717026351, -0.07377630481785191, -6.605045836619282, 0.0, 6.511503765173143, -0.09354207145226885, 1.0000062288671951, 0.0, 55.08411946660967, 56.08412569547307, 6.3279999999999985
0.005508817635270545, 0.9848809968295154, 0.0013151333358676696, 56.380703124475986, -0.009999790311148971, 0.0, -0.06377657609559684, -0.07377636640674856, -6.603625866113286, 0.0, 6.630765319583208, 0.027139453472886637, 1.0000064336881094, 0.0, 55.1251455897934, 56.125152023486564, 6.327999999999999
0.00551663326653307, 0.984827852187204, 0.0013169991803908911, 56.43302515584219, -0.010012110327151632, 0.0, -0.06376409465266697, -0.07377620497981763, -6.602207913315543, 0.0, 6.747716890420804, 0.14550897710914637, 1.0000066333783988, 0.0, 55.16391608178363, 56.16392271516518, 6.327999999999999
0.005524448897795594, 0.9847721194802577, 0.0013188650249141127, 56.482919393303746, -0.010024427699352922, 0.0, -0.06375139715005451, -0.07377582484940026, -6.600791972733076, 0.0, 6.8623601619789465, 0.26156818926023084, 1.0000068277398795, 0.0, 55.200435663075915, 56.20044249082472, 6.327999999999999
0.0055322645290581205, 0.9847138128446176, 0.0013207308694373344, 56.53037788396978, -0.010036742431502222, 0.0, -0.0637384878925924, -0.07377523032409483, -6.5993780388950904, 0.0, 6.974697504784947, 0.37531946588225096, 1.0000070165766066, 0.0, 55.23470972040511, 56.23471673697427, 6.3279999999999985
0.005540080160320646, 0.984652946296031, 0.0013225967139605561, 56.57539334629473, -0.010049054527338709, 0.0, -0.06372537118004695, -0.07377442570738779, -6.597966106352696, 0.0, 7.084731982956917, 0.4867658766192602, 1.0000071996950015, 0.0, 55.2667443132457, 56.266751512957356, 6.327999999999998
0.00554789579158317, 0.9845895337284833, 0.0013244625584837777, 56.6179591852233, -0.010061363990591425, 0.0, -0.06371205130579272, -0.07377341529639114, -6.596556169678637, 0.0, 7.192467361693596, 0.5959111920245077, 1.000007376903988, 0.0, 55.29654618044796, 56.29655355736679, 6.3279999999999985
0.005555711422845695, 0.9845235889125714, 0.0013263284030069992, 56.65806950764636, -0.010073670824979307, 0.0, -0.06369853255553215, -0.07377220338051149, -6.595148223466999, 0.0, 7.297908114653709, 0.7027598911855178, 1.0000075480151465, 0.0, 55.32412274680466, 56.32413029481864, 6.327999999999998
0.005563527054108222, 0.9844551254937985, 0.0013281942475302211, 56.695719137886044, -0.010085975034211228, 0.0, -0.06368481920594382, -0.07377079424015687, -6.5937422623329445, 0.0, 7.401059431331517, 0.8073171690177274, 1.0000077128428326, 0.0, 55.34948212956697, 56.34948984243032, 6.327999999999999
0.005571342685370746, 0.9843841569909761, 0.0013300600920534427, 56.73090363333722, -0.010098276621986008, 0.0, -0.06367091552336168, -0.07376919214535249, -6.592338280912431, 0.0, 7.501927224533311, 0.9095889436286015, 1.0000078712043194, 0.0, 55.37263314509207, 56.372641016307725, 6.3279999999999985
0.005579158316633271, 0.984310696794461, 0.0013319259365766642, 56.76361930041094, -0.010110575591992509, 0.0, -0.06365682576240728, -0.07376740135439963, -6.5909362738619315, 0.0, 7.6005181377282, 1.00958186387033, 1.0000080229199602, 0.0, 55.39358531533643, 56.39359333826034, 6.3279999999999985
0.005586973947895796, 0.9842347581645048, 0.001333791781099886, 56.79386321036327, -0.010122871947909631, 0.0, -0.0636425541646033, -0.0737654261125198, -6.5895362358581595, 0.0, 7.696839552507464, 1.1073033166448922, 1.0000081678133024, 0.0, 55.412348874451006, 56.41235704226506, 6.327999999999998
0.005594789579158321, 0.9841563542294667, 0.0013356576256231074, 56.82163321554981, -0.010135165693406348, 0.0, -0.06362810495702798, -0.0737632706504332, -6.588138161597791, 0.0, 7.790899595967727, 1.202761434363417, 1.0000083057112366, 0.0, 55.42893477533815, 56.42894308104202, 6.3279999999999985
0.005602605210420847, 0.9840754979841146, 0.0013375234701463292, 56.846927965551004, -0.010147456832141777, 0.0, -0.06361348235087227, -0.07376093918301985, -6.586742045797188, 0.0, 7.882707148118876, 1.295965102306488, 1.000008436444153, 0.0, 55.44335469616732, 56.44336313260061, 6.3279999999999985
0.005610420841683371, 0.9839922022878027, 0.0013393893146695507, 56.86974692365584, -0.010159745367765184, 0.0, -0.06359869054005785, -0.07375843590783004, -6.58534788319212, 0.0, 7.972271849265327, 1.3869239660758834, 1.0000085598460713, 0.0, 55.45562104691715, 56.45562960677114, 6.3279999999999985
0.0056182364729458955, 0.9839064798627395, 0.0013412551591927722, 56.89009038340191, -0.010172031303916028, 0.0, -0.06358373369982351, -0.07375576500374237, -6.583955668537481, 0.0, 8.059604107518712, 1.4756484390082174, 1.0000086757547817, 0.0, 55.46574697603231, 56.46575565181618, 6.327999999999999
0.005626052104208421, 0.9838183432921364, 0.001343121003715994, 56.90795948531195, -0.010184314644224002, 0.0, -0.06356861598521668, -0.07375293062944088, -6.582565396607022, 0.0, 8.144715106099145, 1.5621497094971508, 1.0000087840120002, 0.0, 55.47374637680542, 56.47375516082259, 6.327999999999998
0.005633867735470946, 0.9837278050184279, 0.0013449868482392155, 56.92335623367944, -0.010196595392309077, 0.0, -0.06355334152975001, -0.07374993692206022, -6.581177062193066, 0.0, 8.227616810849812, 1.6464397486470421, 1.0000088844635202, 0.0, 55.4796338941028, 56.47964277855746, 6.327999999999998
0.0056416833667334715, 0.983634877341351, 0.0013468526927624372, 56.936283513547096, -0.010208873551781501, 0.0, -0.0635379144438386, -0.07374678799562195, -6.579790660106232, 0.0, 8.30832197749442, 1.7285313173799115, 1.0000089769593326, 0.0, 55.483424930676584, 56.48343390762901, 6.3279999999999985
0.005649498997995996, 0.983539572416146, 0.0013487185372856587, 56.946745108023606, -0.010221149126241873, 0.0, -0.06352233881335412, -0.07374348793959928, -6.578406185175163, 0.0, 8.386844159172755, 1.808437974012898, 1.000009061353795, 0.0, 55.48513565384958, 56.48514471522112, 6.3279999999999985
0.00565731462925852, 0.9834419022516547, 0.0013505843818088802, 56.95474571542036, -0.010233422119281159, 0.0, -0.06350661869814589, -0.0737400408174298, -6.577023632246238, 0.0, 8.46319771387145, 1.886174081633806, 1.0000091375057805, 0.0, 55.48478300207793, 56.48479213959434, 6.3279999999999985
0.0056651302605210474, 0.9833418787083801, 0.0013524502263321022, 56.96029096673374, -0.01024569253448072, 0.0, -0.06349075813050087, -0.07373645066498025, -6.575642996183305, 0.0, 8.537397811744311, 1.961754815562367, 1.0000092052788052, 0.0, 55.48238469136522, 56.48239389664438, 6.327999999999998
0.005672945891783572, 0.983239513496633, 0.0013543160708553237, 56.963387443351166, -0.010257960375412345, 0.0, -0.0634747611136528, -0.07373272148907084, -6.574264271867394, 0.0, 8.609460442525945, 2.0351961706762607, 1.0000092645411993, 0.0, 55.4779592218139, 56.47796848637701, 6.327999999999999
0.005680761523046096, 0.9831348181745154, 0.0013561819153785452, 56.96404269460254, -0.010270225645638304, 0.0, -0.06345863162022525, -0.07372885726586365, -6.5728874541964455, 0.0, 8.679402423050176, 2.1065149688628533, 1.0000093151662544, 0.0, 55.47152588423961, 56.47153519941505, 6.3279999999999985
0.005688577154308621, 0.9830278041459777, 0.0013580477599017668, 56.9622652559101, -0.010282488348711344, 0.0, -0.06344237359067861, -0.07372486193938821, -6.571512538085035, 0.0, 8.747241404532243, 2.175728866449982, 1.0000093570323494, 0.0, 55.46310476655985, 56.463114123593684, 6.327999999999998
0.005696392785571147, 0.9829184826588877, 0.0013599136044249885, 56.958064666690916, -0.010294748488174757, 0.0, -0.06342599093176737, -0.07372073941993529, -6.570139518464084, 0.0, 8.812995880016746, 2.2428563615567394, 1.0000093900231408, 0.0, 55.45271676036322, 56.4527261503854, 6.3279999999999985
0.005704208416833672, 0.9828068648029458, 0.0013617794489482102, 56.951451488606835, -0.010307006067562378, 0.0, -0.06340948751493025, -0.07371649358250076, -6.568768390280603, 0.0, 8.87668519186937, 2.3079168016061664, 1.0000094140276794, 0.0, 55.44038356748039, 56.44039298153144, 6.3279999999999985
0.005712024048096197, 0.9826929615077331, 0.0013636452934714318, 56.942437323941704, -0.010319261090398634, 0.0, -0.06339286717473858, -0.07371212826514384, -6.5673991484973895, 0.0, 8.938329539087677, 2.3709303905884114, 1.0000094289405836, 0.0, 55.4261277064244, 56.42613713536797, 6.327999999999997
0.005719839679358721, 0.9825767835406767, 0.0013655111379946533, 56.93103483411687, -0.010331513560198567, 0.0, -0.06337613370727935, -0.0737076472674767, -6.566031788092762, 0.0, 8.997949984800456, 2.4319181967029544, 1.0000094346621855, 0.0, 55.40997251897878, 56.40998195363534, 6.327999999999999
0.005727655310621247, 0.9824583415048807, 0.001367376982517875, 56.917257758339474, -0.01034376348046786, 0.0, -0.06335929086848724, -0.07370305434895519, -6.564666304060292, 0.0, 9.055568463496607, 2.4909021594427108, 1.0000094310986762, 0.0, 55.391942176485415, 56.39195160759055, 6.327999999999999
0.005735470941883773, 0.9823376458371751, 0.0013692428270410967, 56.90112093257994, -0.010356010854702884, 0.0, -0.0633423423725814, -0.07369835322728413, -6.5633026914085075, 0.0, 9.111207788714976, 2.547905097312449, 1.0000094181622912, 0.0, 55.37206168667754, 56.37207110484569, 6.327999999999998
0.005743286573146297, 0.9822147068059746, 0.0013711086715643183, 56.88264030835853, -0.010368255686390689, 0.0, -0.06332529189038727, -0.07369354757677726, -6.561940945160632, 0.0, 9.16489166019704, 2.602950715042423, 1.0000093957714187, 0.0, 55.350356899898635, 56.35036629567556, 6.327999999999998
0.005751102204408822, 0.982089534509142, 0.0013729745160875398, 56.86183297196112, -0.010380497979009067, 0.0, -0.06330814304767607, -0.0736886410266826, -6.560581060354299, 0.0, 9.216644671479596, 2.656063611142974, 1.0000093638507874, 0.0, 55.326854515782045, 56.32686387964867, 6.327999999999998
0.005758917835671346, 0.9819621388718458, 0.0013748403606107613, 56.838717163858746, -0.010392737736026555, 0.0, -0.0632908994234791, -0.0736836371595091, -6.5592230320412686, 0.0, 9.266492317188408, 2.7072692851486404, 1.0000093223316187, 0.0, 55.30158208962035, 56.301591411955975, 6.327999999999999
0.005766733466933872, 0.981832529644465, 0.001376706205133983, 56.813312297994344, -0.010404974960902485, 0.0, -0.06327356454842858, -0.07367853950933068, -6.55786685528716, 0.0, 9.314461000510896, 2.7565941452127616, 1.0000092711517818, 0.0, 55.274568038940856, 56.27457731008137, 6.327999999999998
0.0057745490981963975, 0.9817007164003178, 0.0013785720496572048, 56.78563898156608, -0.010417209657086979, 0.0, -0.0632561419030262, -0.07367335156012134, -6.556512525171179, 0.0, 9.360578040524056, 2.8040655153668266, 1.0000092102559361, 0.0, 55.245841649891034, 56.24585086016685, 6.3279999999999985
0.005782364729458922, 0.9815667085335722, 0.0013804378941804263, 56.75571903458331, -0.010429441828020997, 0.0, -0.06323863491596926, -0.07366807674398723, -6.555160036785822, 0.0, 9.404871679810018, 2.8497116430141194, 1.0000091395957158, 0.0, 55.215433083960974, 56.21544222354442, 6.327999999999998
0.0057901803607214464, 0.9814305152569327, 0.0013823037387036478, 56.72357551008827, -0.010441671477136353, 0.0, -0.06322104696234288, -0.07366271843947869, -6.553809385236608, 0.0, 9.447371091564916, 2.893561706337648, 1.0000090591298672, 0.0, 55.183373384109416, 56.183382443248234, 6.327999999999998
0.0057979959919839735, 0.9812921455994612, 0.0013841695832268698, 56.68923271405765, -0.010453898607855745, 0.0, -0.06320338136195991, -0.07365727996981652, -6.552460565641806, 0.0, 9.488106387283013, 2.9356458216394956, 1.0000089688244165, 0.0, 55.14969448157988, 56.149703450403216, 6.3279999999999985
0.005805811623246498, 0.9811516084043514, 0.0013860354277500913, 56.65271622569526, -0.010466123223592761, 0.0, -0.06318564137754912, -0.0736517646011432, -6.5511135731321595, 0.0, 9.5271086239932, 2.975995050855422, 1.0000088686528221, 0.0, 55.114429202166605, 56.11443807081475, 6.327999999999998
0.005813627254509022, 0.9810089123265717, 0.0013879012722733128, 56.61405291787378, -0.010478345327751937, 0.0, -0.06316783021304584, -0.07364617554080066, -6.549768402850581, 0.0, 9.564409811769774, 3.0146414089151676, 1.000008758596163, 0.0, 55.07761127283631, 56.07762003143051, 6.327999999999998
0.005821442885771548, 0.9808640658306835, 0.0013897671167965346, 56.573270977718494, -0.010490564923728737, 0.0, -0.06314995101171661, -0.07364051593543941, -6.54842504995192, 0.0, 9.600042921064187, 3.0516178711294293, 1.0000086386432476, 0.0, 55.03927532805884, 56.039283966714976, 6.327999999999998
0.005829258517034073, 0.980717077188368, 0.001391632961319756, 56.53039992732556, -0.010502782014909607, 0.0, -0.06313200685439924, -0.07363478886930874, -6.547083509602645, 0.0, 9.634041890183433, 3.086958380593978, 1.0000085087908281, 0.0, 54.99945691637536, 55.9994654251793, 6.3279999999999985
0.005837074148296598, 0.9805679544762986, 0.0013934988058429778, 56.48547064465674, -0.010514996604671985, 0.0, -0.06311400075776286, -0.07362899736243822, -6.545743776980591, 0.0, 9.666441632661805, 3.120697855711877, 1.000008369043734, 0.0, 54.95819250688154, 55.95820087595836, 6.3279999999999985
0.005844889779559123, 0.9804167055736475, 0.0013953646503661993, 56.438515384714265, -0.01052720869638431, 0.0, -0.06309593567237881, -0.0736231443687494, -6.5444058472746685, 0.0, 9.697278044706902, 3.152872197424259, 1.0000082194150302, 0.0, 54.915519495656596, 55.91552771505381, 6.3279999999999985
0.005852705410821647, 0.980263338159733, 0.0013972304948894208, 56.38956780061562, -0.01053941829340607, 0.0, -0.06307781448089633, -0.07361723277430521, -6.543069715684592, 0.0, 9.726588012512329, 3.183518296829691, 1.000008059926208, 0.0, 54.871476212142134, 55.87148427207231, 6.327999999999998
0.005860521042084173, 0.9801078597116959, 0.0013990963394126426, 56.33866296504311, -0.010551625399087801, 0.0, -0.06305963999625419, -0.07361126539535023, -6.541735377420598, 0.0, 9.754409419837044, 3.212674042409237, 1.00000789060732, 0.0, 54.82610192582085, 55.82610981642685, 6.3279999999999985
0.005868336673346698, 0.9799502775020459, 0.001400962183935864, 56.285837391878886, -0.010563830016771105, 0.0, -0.06304141495975646, -0.07360524497652543, -6.540402827703178, 0.0, 9.780781155245677, 3.240378327554392, 1.0000077114971535, 0.0, 54.77943685246646, 55.77944456397399, 6.3279999999999985
0.005876152304609223, 0.979790598596197, 0.0014028280284590858, 56.231129057825456, -0.010576032149788684, 0.0, -0.06302314203918069, -0.07359917418897233, -6.539072061762783, 0.0, 9.805743119615498, 3.2666710578569074, 1.0000075226434084, 0.0, 54.73152216069116, 55.73152968334087, 6.327999999999998
0.005883967935871748, 0.9796288298501175, 0.0014046938729823074, 56.17457742438819, -0.010588231801464345, 0.0, -0.06300482382693451, -0.07359305562840168, -6.537743074839567, 0.0, 9.829336233551965, 3.2915931586995852, 1.000007324102841, 0.0, 54.68239997844386, 55.68240730253591, 6.3279999999999985
0.005891783567134273, 0.9794649779078002, 0.0014065597175055289, 56.11622345990327, -0.010600428975113027, 0.0, -0.06298646283811671, -0.07358689181323008, -6.536415862183088, 0.0, 9.851602444752846, 3.3151865825689626, 1.000007115941448, 0.0, 54.63211339939641, 55.63212051533731, 6.3279999999999985
0.005899599198396799, 0.9792990491987208, 0.0014084255620287508, 56.05610966160566, -0.010612623674040807, 0.0, -0.06296806150855261, -0.07358068518260463, -6.535090419052051, 0.0, 9.872584735389472, 3.3374943163413295, 1.0000068982346155, 0.0, 54.58070648933645, 55.58071338758294, 6.327999999999998
0.005907414829659324, 0.9791310499355035, 0.0014102914065519724, 55.99428007831921, -0.010624815901544928, 0.0, -0.06294962219296485, -0.0735744380945107, -6.533766740714011, 0.0, 9.892327129684201, 3.358560388972574, 1.0000066710673077, 0.0, 54.52822429286032, 55.52823096393066, 6.3279999999999985
0.005915230460921848, 0.9789609861112281, 0.0014121572510751939, 55.930780332822906, -0.010637005660913811, 0.0, -0.06293114716290438, -0.07356815282381479, -6.532444822445117, 0.0, 9.91087470107071, 3.378429878626096, 1.0000064345342068, 0.0, 54.47471283948597, 55.47471927401827, 6.3279999999999985
0.0059230460921843725, 0.9787888634969679, 0.0014140230955984154, 55.86565764450461, -0.010649192955427076, 0.0, -0.06291263860486129, -0.07356183156029195, -6.531124659529807, 0.0, 9.9282735798248, 3.3971489202978895, 1.0000061887399179, 0.0, 54.420219150371956, 55.4202253391173, 6.327999999999998
0.005930861723446899, 0.9786146876391921, 0.0014158889401216371, 55.798960852502205, -0.010661377788355549, 0.0, -0.06289409861823492, -0.07355547640658555, -6.529806247260559, 0.0, 9.944570960338973, 3.4147647130777954, 1.0000059337990956, 0.0, 54.36479124458793, 55.364797178382936, 6.327999999999998
0.005938677354709424, 0.9784384638572208, 0.0014177547846448589, 55.73074043855922, -0.010673560162961266, 0.0, -0.06287552921339756, -0.07354908937636573, -6.5284895809375945, 0.0, 9.959815108606556, 3.4313255276755306, 1.0000056698366382, 0.0, 54.30847814566877, 55.30848381551685, 6.327999999999998
0.0059464929859719485, 0.9782601972406111, 0.0014196206291680804, 55.6610485502988, -0.010685740082497518, 0.0, -0.06285693230966949, -0.07354267239217505, -6.527174655868606, 0.0, 9.974055369623919, 3.4468807137467055, 1.0000053969878573, 0.0, 54.25132988803143, 55.251335285016346, 6.3279999999999985
0.005954308617234473, 0.9780798926465017, 0.001421486473691302, 55.589939024726846, -0.010697917550208848, 0.0, -0.06283830973326188, -0.07353622728346876, -6.525861467368485, 0.0, 9.987342174720302, 3.4614807073483753, 1.0000051153986396, 0.0, 54.19339752330478, 55.19340263869859, 6.327999999999998
0.005962124248496999, 0.9778975546970461, 0.0014233523182145236, 55.51746741173338, -0.010710092569331052, 0.0, -0.0628196632152549, -0.07352975578459242, -6.524550010759032, 0.0, 9.999727049102889, 3.475177038341251, 1.0000048252256128, 0.0, 54.13473312690722, 55.13473795213478, 6.327999999999998
0.005969939879759524, 0.9777131877766454, 0.0014252181627377454, 55.443690997813974, -0.01072226514309121, 0.0, -0.06280099438960329, -0.07352325953269956, -6.523240281368692, 0.0, 10.011262619140922, 3.4880223377766755, 1.0000045266363369, 0.0, 54.07538980439018, 55.0753943310345, 6.3279999999999985
0.005977755511022049, 0.9775267960293998, 0.001427084007260967, 55.3686688300204, -0.010734435274707693, 0.0, -0.06278230479102076, -0.07351674006573061, -6.521932274532274, 0.0, 10.022002619868871, 3.500070345335026, 1.0000042198094463, 0.0, 54.01542169792313, 55.01542591773253, 6.327999999999998
0.005985571142284573, 0.9773383833562983, 0.0014289498517841884, 55.292461740067665, -0.010746602967390167, 0.0, -0.06276359585292113, -0.07351019882030929, -6.520625985590661, 0.0, 10.032001902342932, 3.5113759167603122, 1.0000039049348493, 0.0, 53.95488399267972, 54.9548878976212, 6.3279999999999985
0.005993386773547099, 0.97714795341256, 0.00143081569630741, 55.21513236867031, -0.010758768224339622, 0.0, -0.06274486890531472, -0.0735036371296518, -6.5193214098905505, 0.0, 10.041316441066096, 3.5219950311938146, 1.0000035822138864, 0.0, 53.89383292326857, 54.893836505498946, 6.327999999999998
0.006001202404809625, 0.9769555096048581, 0.001432681540830632, 55.136745189811336, -0.010770931048748357, 0.0, -0.06272612517272957, -0.07349705622148006, -6.518018542784168, 0.0, 10.05000334142084, 3.5319847986467745, 1.0000032518594941, 0.0, 53.83232578019713, 54.832329032068216, 6.3279999999999985
0.006009018036072149, 0.976761055088633, 0.0014345473853538534, 55.057366535453184, -0.010783091443800012, 0.0, -0.0627073657720798, -0.07349045721588965, -6.516717379628987, 0.0, 10.058120847033246, 3.541403467412134, 1.0000029140964053, 0.0, 53.77042091623735, 54.77042383034848, 6.3279999999999985
0.006016833667334674, 0.9765645927652384, 0.001436413229877075, 54.97706462032511, -0.010795249412669567, 0.0, -0.06268859171055396, -0.0734838411232217, -6.515417915787459, 0.0, 10.065728347222832, 3.5503104314305567, 1.0000025691612906, 0.0, 53.70817775289888, 54.70818032205408, 6.327999999999999
0.006024649298597199, 0.9763661252791804, 0.0014382790744002965, 54.895909566905175, -0.010807404958523361, 0.0, -0.06266980388342613, -0.07347720884195663, -6.514120146626725, 0.0, 10.07288638438762, 3.5587662377593072, 1.0000022173029628, 0.0, 53.64565678679153, 54.645659004097865, 6.327999999999998
0.006032464929859725, 0.9761656550153148, 0.0014401449189235184, 54.813973430533224, -0.010819558084519076, 0.0, -0.06265100307195848, -0.07347056115647543, -6.5128240675183475, 0.0, 10.079656661459694, 3.566832593947801, 1.0000018587825228, 0.0, 53.58291959612944, 54.58292145491695, 6.327999999999998
0.00604028056112225, 0.9759631840960328, 0.00144201076344674, 54.731330224702106, -0.010831708793805779, 0.0, -0.06263218994116393, -0.07346389873497117, -6.5115296738380355, 0.0, 10.086102049275015, 3.5745723754493386, 1.0000014938735593, 0.0, 53.52002884706012, 54.52003034094706, 6.327999999999998
0.006048096192384774, 0.9757587143782915, 0.0014438766079699615, 54.64805594663994, -0.010843857089523902, 0.0, -0.06261336503766923, -0.0734572221272014, -6.510236960965351, 0.0, 10.092286593950886, 3.5820496329833182, 1.0000011228623071, 0.0, 53.45704830007852, 54.45704942294433, 6.3279999999999985
0.0060559118236473, 0.975552247450886, 0.0014457424524931832, 54.56422860284874, -0.01085600297480527, 0.0, -0.06259452878750871, -0.0734505317623233, -6.508945924283452, 0.0, 10.09827552439102, 3.589329600091741, 1.0000007460478295, 0.0, 53.39404281652831, 54.39404356256675, 6.3279999999999985
0.006063727454909825, 0.9753437846315052, 0.0014476082970164047, 54.479928235014086, -0.010868146452773075, 0.0, -0.06257568149389403, -0.07344382794666426, -6.507656559178794, 0.0, 10.104135259592512, 3.596478700421418, 1.000000363742194, 0.0, 53.33107836489643, 54.33107872864436, 6.327999999999998
0.00607154308617235, 0.9751333269637703, 0.0014494741415396264, 54.395236946074874, -0.010880287526541936, 0.0, -0.06255682333496537, -0.07343711086151128, -6.506368861040874, 0.0, 10.109933416156625, 3.6035645551261846, 0.9999999762706562, 0.0, 53.26822202730613, 54.268222003589955, 6.327999999999998
0.0060793587174348745, 0.9749208752143899, 0.001451339986062848, 54.31023892640951, -0.010892426199217842, 0.0, -0.06253795436162068, -0.07343038056084072, -6.505082825261936, 0.0, 10.11573881563958, 3.6106559903948323, 0.9999995839718173, 0.0, 53.205542005911894, 54.20554158990242, 6.327999999999998
0.006087174348697399, 0.9747064298701371, 0.0014532058305860695, 54.22502048020033, -0.010904562473898208, 0.0, -0.06251907449520466, -0.07342363696910414, -6.503798447236697, 0.0, 10.121621491983328, 3.617823044759986, 0.9999991871978281, 0.0, 53.143107629285076, 54.14310681649714, 6.3279999999999985
0.006094989979959925, 0.9744899911349192, 0.0014550716751092912, 54.139670051899884, -0.010916696353671845, 0.0, -0.0625001835252128, -0.07341687987889411, -6.502515722362081, 0.0, 10.127652698822539, 3.625136976454599, 0.9999987863145348, 0.0, 53.080989358694204, 54.08098814500938, 6.327999999999999
0.00610280561122245, 0.9742715589267981, 0.0014569375196325127, 54.05427825321749, -0.010928827841618987, 0.0, -0.062481281107123365, -0.07341010894874422, -6.501234646036923, 0.0, 10.133904917107765, 3.632670271088463, 0.9999983817016956, 0.0, 53.01925879479717, 54.01925717651777, 6.3279999999999985
0.006110621242484975, 0.9740511328749406, 0.0014588033641557345, 53.96893788980742, -0.010940956940811273, 0.0, -0.0624623667599602, -0.07340332370077007, -6.499955213661703, 0.0, 10.140451862374313, 3.6404966487075527, 0.9999979737531232, 0.0, 52.957988683801624, 53.95798665754873, 6.327999999999997
0.006118436873747499, 0.9738287123166458, 0.001460669208678956, 53.883743988491915, -0.010953083654311767, 0.0, -0.06244343986408474, -0.07339652351839288, -6.498677420638271, 0.0, 10.14736849212542, 3.648691071501011, 0.9999975628768855, 0.0, 52.8972529239053, 53.89725048679355, 6.327999999999998
0.006126252505010025, 0.9736042962942104, 0.0014625350532021775, 53.79879382461877, -0.010965207985174967, 0.0, -0.062424499658809474, -0.07338970764398844, -6.497401262369558, 0.0, 10.154731013325884, 3.6573297509595424, 0.9999971494954865, 0.0, 52.837126571731716, 53.83712372123316, 6.327999999999998
0.006134068136272551, 0.9733778835519749, 0.0014644008977253995, 53.71418694926615, -0.010977329936446777, 0.0, -0.0624055452401171, -0.07338287517656017, -6.496126734259312, 0.0, 10.162616889750957, 3.6664901555252567, 0.9999967340460287, 0.0, 52.77768584870158, 53.777682582778695, 6.3279999999999985
0.006141883767535075, 0.9731494725331924, 0.001466266742248621, 53.63002521725866, -0.01098944951116453, 0.0, -0.062386575558243784, -0.0733760250694111, -6.494853831711806, 0.0, 10.171104849540933, 3.6762510178376844, 0.9999963169804099, 0.0, 52.71900814752455, 53.719004464515415, 6.3279999999999985
0.0061496993987976, 0.9729190613768317, 0.0014681325867718425, 53.54641281472868, -0.011001566712356978, 0.0, -0.0623675894153628, -0.07336915612771389, -6.493582550131577, 0.0, 10.180274892302403, 3.6866923421740867, 0.9999958987654868, 0.0, 52.66117203831414, 53.66116793707888, 6.3279999999999985
0.006157515030060126, 0.972686647914653, 0.0014699984312950643, 53.463456287288864, -0.011013681543044326, 0.0, -0.06234858546318911, -0.07336226700623438, -6.492312884923131, 0.0, 10.190208296857147, 3.697895411935482, 0.9999954798832872, 0.0, 52.604257275304136, 53.60425275518954, 6.3279999999999985
0.00616533066132265, 0.9724522296678719, 0.0014718642758182858, 53.381264568128245, -0.011025794006238173, 0.0, -0.062329562200587496, -0.07335535620682254, -6.491044831490674, 0.0, 10.200987628480528, 3.7099427969993317, 0.9999950608311643, 0.0, 52.54834480306461, 53.54833986390313, 6.3279999999999985
0.006173146292585176, 0.9722158038440885, 0.0014737301203415075, 53.299949006555835, -0.011037904104941553, 0.0, -0.06231051797114606, -0.07334842207607828, -6.489778385237842, 0.0, 10.21269674634181, 3.7229183611065166, 0.999994642121969, 0.0, 52.49351676290416, 53.493511405022346, 6.3279999999999985
0.0061809619238477, 0.9719773673341079, 0.001475595964864729, 53.219623396413226, -0.011050011842148932, 0.0, -0.06229145096078881, -0.07334146280293652, -6.488513541567408, 0.0, 10.225420810853027, 3.7369072693016454, 0.9999942242842755, 0.0, 52.43985649921518, 53.43985072351465, 6.327999999999998
0.0061887775551102255, 0.9717369167086813, 0.0014774618093879506, 53.140404004941956, -0.011062117220846185, 0.0, -0.062272359195315374, -0.07333447641616164, -6.487250295881018, 0.0, 10.239246291235018, 3.751995995365746, 0.9999938078625144, 0.0, 52.387448565994426, 53.38744237386874, 6.3279999999999985
0.006196593186372751, 0.9714944482153829, 0.0014793276539111723, 53.06240960173818, -0.01107422024401061, 0.0, -0.062253240537972765, -0.0733274607819725, -6.485988643578901, 0.0, 10.254260972729151, 3.7682723291613325, 0.9999933934171917, 0.0, 52.33637873303894, 53.336372126459864, 6.327999999999998
0.006204408817635276, 0.9712499577752283, 0.001481193498434394, 52.98576148784559, -0.011086320914610922, 0.0, -0.06223409268694535, -0.0733204136015484, -6.484728580059604, 0.0, 10.270553964231931, 3.785825384175578, 0.9999929815250534, 0.0, 52.28673399251732, 53.286726974040306, 6.3279999999999985
0.006212224448897801, 0.9710034409796231, 0.0014830593429576155, 52.910583525135735, -0.01109841923560725, 0.0, -0.06221491317297012, -0.07331333240858218, -6.483470100719702, 0.0, 10.28821570550292, 3.804745604781567, 0.9999925727792852, 0.0, 52.23860256520673, 53.238595137987595, 6.3279999999999985
0.006220040080160326, 0.9707548930868315, 0.001484925187480837, 52.8370021657247, -0.011110515209951134, 0.0, -0.0621956993567494, -0.07330621456670361, -6.482213200953535, 0.0, 10.307337974620278, 3.825124773690038, 0.9999921677896716, 0.0, 52.192073906848535, 53.192066074663565, 6.327999999999998
0.00622785571142285, 0.9705043090188861, 0.0014867910320040586, 52.76514648186276, -0.011122608840585505, 0.0, -0.06217644842648884, -0.0732990572670813, -6.480957876152918, 0.0, 10.328013895565853, 3.847056019420167, 0.9999917671827984, 0.0, 52.14723871472598, 53.147230481920694, 6.3279999999999985
0.0062356713426853765, 0.9702516833581534, 0.0014886568765272805, 52.69514819565666, -0.011134700130444713, 0.0, -0.06215715739540073, -0.07329185752585055, -6.479704121706864, 0.0, 10.350337945345466, 3.8706338236446376, 0.9999913716022432, 0.0, 52.10418893376137, 53.10418030537308, 6.3279999999999985
0.006243486973947901, 0.969997010344045, 0.001490522721050502, 52.62714170918116, -0.011146789082454485, 0.0, -0.06213782309912119, -0.07328461218158022, -6.478451933001316, 0.0, 10.37440596164638, 3.8959540286489993, 0.9999909817087431, 0.0, 52.06301776310032, 53.063008744816045, 6.3279999999999985
0.006251302605210426, 0.9697402838696609, 0.0014923885655737236, 52.56126413479069, -0.011158875699531938, 0.0, -0.06211844219321616, -0.07327731789275749, -6.477201305418865, 0.0, 10.40031515012522, 3.9231138447300706, 0.9999905981803797, 0.0, 52.023819662393954, 53.02381026060435, 6.3279999999999985
0.006259118236472951, 0.9694814974783839, 0.001494254410096945, 52.49765532573292, -0.011170959984585588, 0.0, -0.06209901115059413, -0.0732699711351863, -6.475952234338458, 0.0, 10.42816409190162, 3.9522118575638636, 0.9999902217128043, 0.0, 51.986690358232146, 52.986680579950054, 6.327999999999999
0.006266933867735477, 0.96922064436054, 0.001496120254620167, 52.43645790643859, -0.0111830419405153, 0.0, -0.06207952625893842, -0.07326256819945254, -6.47470471513515, 0.0, 10.45805275081566, 3.9833480356954225, 0.9999898530193557, 0.0, 51.951726850361275, 52.95171670339475, 6.327999999999998
0.006274749498998001, 0.9689577173499115, 0.0014979860991433886, 52.37781730374263, -0.011195121570212319, 0.0, -0.062059983618097725, -0.07325510518830836, -6.473458743179803, 0.0, 10.490082480982487, 4.016623737811505, 0.9999894928313054, 0.0, 51.91902741817931, 52.91901691101831, 6.3279999999999985
0.006282565130260526, 0.968692708920293, 0.00149985194366661, 52.32188177772332, -0.011207198876559252, 0.0, -0.062040379137523693, -0.07324757801408488, -6.472214313838811, 0.0, 10.524356034198311, 4.05214172035233, 0.9999891418980239, 0.0, 51.88869162712144, 52.888680769013575, 6.327999999999999
0.006290380761523052, 0.9684256111822123, 0.0015017177881898318, 52.26880245305438, -0.011219273862430048, 0.0, -0.06202070853367392, -0.07323998239610408, -6.470971422473832, 0.0, 10.560977567239776, 4.090006144788068, 0.9999888009871549, 0.0, 51.86082033492356, 52.860809135932904, 6.3279999999999985
0.0062981963927855765, 0.9681564158792257, 0.0015035836327130534, 52.218733350295224, -0.011231346530689997, 0.0, -0.06200096732726568, -0.07323231385796536, -6.4697300644415074, 0.0, 10.600052649380459, 4.130322584937245, 0.9999884708848248, 0.0, 51.835515698011584, 52.83550416890114, 6.327999999999999
0.006306012024048102, 0.9678851143846181, 0.001505449477236275, 52.1718314176469, -0.01124341688419573, 0.0, -0.06198115084081479, -0.07322456772500985, -6.468490235093171, 0.0, 10.641688269796884, 4.173198034704207, 0.9999881523958261, 0.0, 51.812881177977786, 52.81286933037366, 6.327999999999998
0.006313827655310626, 0.9676116976976878, 0.0015073153217594966, 52.12825656266068, -0.011255484925795187, 0.0, -0.06196125419580589, -0.07321673912161053, -6.467251929774595, 0.0, 10.685992844925035, 4.218740915130838, 0.9999878463437842, 0.0, 51.79302154777018, 52.79300939410063, 6.3279999999999985
0.0063216432865731515, 0.9673361564404077, 0.0015091811662827181, 52.0881716844342, -0.011267550658327626, 0.0, -0.06194127231012292, -0.07320882296845443, -6.466015143825698, 0.0, 10.73307622579398, 4.267061081958787, 0.9999875535713687, 0.0, 51.77604289803996, 52.776030451604406, 6.3279999999999985
0.006329458917835677, 0.9670584808538107, 0.0015110470108059399, 52.051742705683864, -0.011279614084623607, 0.0, -0.06192119989535794, -0.07320081397998202, -6.464779872580261, 0.0, 10.783049705729054, 4.3182698331650125, 0.9999872749404851, 0.0, 51.76205264378544, 52.76203991874246, 6.3279999999999985
0.006337274549098201, 0.9667786607943967, 0.0015129128553291614, 52.01913860498462, -0.011291675207504964, 0.0, -0.06190103145407111, -0.07319270666157873, -6.463546111365666, 0.0, 10.836026027418828, 4.372479916066845, 0.9999870113324395, 0.0, 51.75115953033524, 52.75114654168312, 6.327999999999999
0.006345090180360727, 0.9664966857305402, 0.0015147786998523831, 51.9905314498028, -0.011303734029784818, 0.0, -0.061880761277110174, -0.07318449530689186, -6.462313855502611, 0.0, 10.89211939054589, 4.429805535074691, 0.9999867636481463, 0.0, 51.743473639942536, 52.74346040362003, 6.3279999999999985
0.006352905811623252, 0.9662125447389389, 0.0015166445443756046, 51.966096428936, -0.011315790554267556, 0.0, -0.061860383440898836, -0.07317617399516774, -6.461083100304826, 0.0, 10.95144545911287, 4.490362358823755, 0.9999865328083246, 0.0, 51.739106398061786, 52.73909293088671, 6.3279999999999985
0.006360721442885776, 0.9659262265008914, 0.0015185103888988262, 51.94601188566594, -0.011327844783748804, 0.0, -0.06183989180465144, -0.07316773658840159, -6.459853841078809, 0.0, 11.014121368852276, 4.554267527793409, 0.9999863197536647, 0.0, 51.73817057966846, 52.73815689944296, 6.327999999999998
0.006368537074148303, 0.9656377192987406, 0.0015203762334220481, 51.93045935097325, -0.011339896721015428, 0.0, -0.061819280007652466, -0.07315917672866412, -6.45862607312354, 0.0, 11.08026573465918, 4.621639661537967, 0.9999861254450318, 0.0, 51.740780315652216, 52.7407664410971, 6.3279999999999985
0.006376352705410827, 0.9653470110122191, 0.0015222420779452696, 51.919623576690356, -0.011351946368845515, 0.0, -0.06179854146651387, -0.07315048783535705, -6.457399791730193, 0.0, 11.149998658065819, 4.692598866317479, 0.9999859508636728, 0.0, 51.74705109924512, 52.74703705008911, 6.327999999999999
0.006384168336673352, 0.9650540891146457, 0.0015241079224684912, 51.91369256961116, -0.011363993730008362, 0.0, -0.061777669372308885, -0.07314166310231762, -6.456174992181886, 0.0, 11.223441734422837, 4.767266742240888, 0.9999857970113702, 0.0, 51.757099792083146, 52.7570855890947, 6.327999999999998
0.006391983967935878, 0.96475894066932, 0.001525973766991713, 51.91285762473126, -0.011376038807264453, 0.0, -0.061756656687880884, -0.0731326954951399, -6.454951669753378, 0.0, 11.300718060644385, 4.84576639090063, 0.9999856649106661, 0.0, 51.771044630954464, 52.771030295871185, 6.328
0.006399799599198402, 0.9644615523257478, 0.0015278396115149344, 51.91731335959048, -0.011388081603365451, 0.0, -0.06173549614495233, -0.07312357774831924, -6.453729819710806, 0.0, 11.381952242343644, 4.928222422626274, 0.9999855556050369, 0.0, 51.789005233814585, 52.788990789414, 6.3279999999999985
0.0064076152304609274, 0.9641619103160295, 0.0015297054560381561, 51.92725774836799, -0.01140012212105417, 0.0, -0.06171418024138475, -0.0731143023624421, -6.452509437311394, 0.0, 11.46727040134552, 5.014760964065788, 0.9999854701590872, 0.0, 51.811102606285615, 52.81108807647845, 6.327999999999998
0.006415430861723453, 0.963860000450838, 0.0015315713005613777, 51.94289215627214, -0.011412160363064581, 0.0, -0.061692701238221126, -0.07310486160129503, -6.451290517803197, 0.0, 11.556800183126962, 5.1055096653325, 0.9999854096587497, 0.0, 51.83745914794855, 52.83744455762213, 6.3279999999999985
0.006423246492985977, 0.963555808115915, 0.0015334371450845992, 51.96442137414488, -0.011424196332121762, 0.0, -0.061671051157003554, -0.07309524748913265, -6.4500730564247934, 0.0, 11.650670764207737, 5.200597707765428, 0.9999853752114707, 0.0, 51.86819865877376, 52.86818403397249, 6.3279999999999985
0.0064310621242485025, 0.9632493182680335, 0.001535302989607821, 51.99205365330272, -0.011436230030941913, 0.0, -0.061649221776732155, -0.07308545180767378, -6.448857048405039, 0.0, 11.749012859457407, 5.300155811080048, 0.9999853679464016, 0.0, 51.903446345241136, 52.903431713215035, 6.327999999999998
0.006438877755511028, 0.9629405154314234, 0.0015371688341310427, 52.02600074061047, -0.011448261462232316, 0.0, -0.061627204631128585, -0.07307546609336146, -6.4476424889627655, 0.0, 11.851958729764215, 5.404316240835275, 0.9999853890145989, 0.0, 51.94332882702895, 52.94331421607774, 6.327999999999998
0.006446693386773552, 0.9626293836936828, 0.0015390346786542642, 52.06647791342766, -0.011460290628691316, 0.0, -0.06160499100566863, -0.07306528163435733, -6.4464293733065166, 0.0, 11.9596421891211, 5.513212815831867, 0.9999854395892026, 0.0, 51.987974142976874, 52.98795958258165, 6.3279999999999985
0.006454509018036078, 0.962315906702047, 0.0015409005231774857, 52.11370401538443, -0.011472317533008324, 0.0, -0.06158257193467964, -0.0730548894676879, -6.445217696634259, 0.0, 12.072198612260296, 5.626980915640354, 0.9999855208656581, 0.0, 52.037511757647785, 53.037497278527724, 6.3279999999999985
0.006462324649298602, 0.9620000676595435, 0.0015427663677007072, 52.167901491804514, -0.011484342177863767, 0.0, -0.06155993819846639, -0.07304428037632871, -6.444007454133123, 0.0, 12.189764941994591, 5.745757487873727, 0.9999856340618737, 0.0, 52.09207256762262, 53.092058201695814, 6.327999999999998
0.006470140280561128, 0.9616818493209802, 0.0015446322122239292, 52.229296425455686, -0.011496364565929092, 0.0, -0.06153708032033478, -0.07303344488626795, -6.442798640979105, 0.0, 12.312479696608115, 5.86968105564679, 0.9999857804184431, 0.0, 52.15178890778595, 53.15177468822481, 6.327999999999999
0.006477955911823653, 0.9613612339891731, 0.0015464980567471507, 52.29811857276218, -0.011508384699866722, 0.0, -0.061513988563683064, -0.0730223732635551, -6.441591252336798, 0.0, 12.44048297733474, 5.998891725008856, 0.9999859611988267, 0.0, 52.21679455775108, 53.216780518964256, 6.327999999999998
0.006485771543086178, 0.9610382035108813, 0.0015483639012703722, 52.37460140004623, -0.01152040258233006, 0.0, -0.06149065292899891, -0.07301105551132991, -6.440385283359121, 0.0, 12.573916475706966, 6.133531192365006, 0.9999861776895484, 0.0, 52.28722474810225, 53.28721092580956, 6.3279999999999985
0.0064935871743487025, 0.9607127392728767, 0.0015502297457935937, 52.458982119769644, -0.011532418215963442, 0.0, -0.06146706315090711, -0.07299948136687018, -6.439180729187031, 0.0, 12.712923480950504, 6.273742751760204, 0.999986431200389, 0.0, 52.36321616672327, 53.36320259792015, 6.327999999999998
0.006501402805611229, 0.9603848221979892, 0.0015520955903168157, 52.551501727401046, -0.011544431603402143, 0.0, -0.06144320869518172, -0.07298764029858607, -6.4379775849492455, 0.0, 12.857648887462696, 6.419671302525324, 0.9999867230645916, 0.0, 52.44490696519478, 53.444893688272664, 6.3279999999999985
0.006509218436873753, 0.9600544327411811, 0.0015539614348400372, 52.652405038181314, -0.011556442747272319, 0.0, -0.06141907875575381, -0.07297552150302167, -6.43677584576198, 0.0, 13.008239202161377, 6.5714633564241245, 0.9999870546390346, 0.0, 52.532436765066926, 53.53242381972782, 6.327999999999999
0.006517034068136278, 0.9597215508854013, 0.0015558272793632587, 52.76194072426733, -0.011568451650191007, 0.0, -0.061394662251677445, -0.07296311390186805, -6.435575506728643, 0.0, 13.164842551978536, 6.729267045257364, 0.9999874273044551, 0.0, 52.625946664257604, 53.62593409156926, 6.327999999999998
0.006524849699398804, 0.9593861561376116, 0.0015576931238864805, 52.88036135184666, -0.011580458314766107, 0.0, -0.06136994782410987, -0.07295040613886439, -6.4343765629395895, 0.0, 13.32760869110632, 6.893232128181208, 0.9999878424656258, 0.0, 52.72557924322022, 53.72556708569288, 6.327999999999999
0.006532665330661328, 0.9590482275247698, 0.001559558968409702, 53.00792341891065, -0.011592462743596326, 0.0, -0.06134492383324819, -0.07293738657685278, -6.4331790094718215, 0.0, 13.496689008665934, 7.063509999212301, 0.9999883015515477, 0.0, 52.83147857151409, 53.83146687308913, 6.327999999999999
0.0065404809619238535, 0.9587077435896845, 0.0015614248129329237, 53.14488739264198, -0.011604464939271197, 0.0, -0.06131957835532997, -0.07292404329460922, -6.431982841388724, 0.0, 13.672236535782211, 7.240253694431878, 0.9999888060156691, 0.0, 52.94379021382931, 53.94377901988853, 6.327999999999999
0.006548296593186379, 0.9583646823870104, 0.0015632906574561452, 53.29151774756974, -0.011616464904371007, 0.0, -0.06129389917949446, -0.07291036408387264, -6.430788053739768, 0.0, 13.854405953408714, 7.423617899681319, 0.9999893573360611, 0.0, 53.062661236680576, 54.06265059403359, 6.327999999999999
0.006556112224448903, 0.9580190214790605, 0.0015651565019793668, 53.4480830035136, -0.011628462641466806, 0.0, -0.061267873804720985, -0.07289633644618565, -6.429594641560262, 0.0, 14.043353599284202, 7.6137589577243565, 0.9999899570156199, 0.0, 53.18824021428972, 54.18823017130439, 6.327999999999998
0.006563927855711429, 0.9576707379316911, 0.0015670223465025885, 53.614855764157255, -0.01164045815312036, 0.0, -0.061241489436739904, -0.07288194758986233, -6.428402599871046, 0.0, 14.239237475673914, 7.8108348758207224, 0.9999906065822671, 0.0, 53.32067723524325, 54.32066784184469, 6.327999999999998
0.006571743486973953, 0.9573198083102117, 0.00156888819102581, 53.79211275529451, -0.011652451441884138, 0.0, -0.06121473298494973, -0.07286718442682716, -6.427211923678228, 0.0, 14.442217256748918, 8.015005333071217, 0.9999913075891558, 0.0, 53.46012390879961, 54.46011521638501, 6.327999999999998
0.006579559118236479, 0.9569662086751602, 0.0015707540355490318, 53.98013486376658, -0.011664442510301274, 0.0, -0.06118759105920368, -0.07285203356950642, -6.426022607972909, 0.0, 14.652454295786418, 8.226431687823728, 0.9999920616148437, 0.0, 53.606733370941896, 54.60672543256789, 6.328
0.006587374749499004, 0.9566099145780012, 0.0015726198800722533, 54.179207176497584, -0.011676431360905536, 0.0, -0.06116004996674285, -0.07283648132765652, -6.424834647730903, 0.0, 14.870111632735776, 8.445276985029734, 0.999992870263506, 0.0, 53.76066029089777, 54.76065316119131, 6.327999999999999
0.006595190380761528, 0.9562509010572438, 0.0015744857245954748, 54.3896190195228, -0.011688417996221313, 0.0, -0.06113209570903955, -0.07282051370525178, -6.423648037912453, 0.0, 15.095354001723594, 8.671705963817946, 0.9999937351651415, 0.0, 53.922060877548674, 54.922054612714845, 6.3279999999999985
0.006603006012024054, 0.955889142633854, 0.0015763515691186968, 54.611663997508, -0.011700402418763575, 0.0, -0.0611037139785795, -0.07280411639734652, -6.42246277346196, 0.0, 15.328347838219718, 8.905885064793665, 0.999994657975755, 0.0, 54.09109288546906, 55.09108754348291, 6.327999999999999
0.006610821643286579, 0.955524613307281, 0.0015782174136419183, 54.84564003319974, -0.011712384631037827, 0.0, -0.061074890155765615, -0.07278727478680302, -6.421278849307695, 0.0, 15.569261286713758, 9.147982437372416, 0.99999564037757, 0.0, 54.267915621561244, 55.26791126190491, 6.3279999999999985
0.006618637274549104, 0.955157286550941, 0.0015800832581651398, 55.09184940763225, -0.011724364635540122, 0.0, -0.06104560930559888, -0.0727699739411376, -6.4200962603615475, 0.0, 15.818264207793465, 9.39816794741075, 0.999996684079212, 0.0, 54.45268995095818, 55.45268663501535, 6.3279999999999985
0.006626452905811629, 0.954787135308214, 0.0015819491026883615, 55.35059879968321, -0.011736342434756986, 0.0, -0.06101585617458305, -0.07275219860933912, -6.418915001518714, 0.0, 16.07552818593936, 9.65661318441796, 0.9999977908159227, 0.0, 54.64557830379258, 55.64557609460525, 6.327999999999998
0.006634268537074154, 0.9544141319878481, 0.001583814947211583, 55.62219932669541, -0.01174831803116541, 0.0, -0.06098561518744461, -0.07273393321860055, -6.4177350676574445, 0.0, 16.341226536633584, 9.923491468988786, 0.9999989623497504, 0.0, 54.84674468117063, 55.84674364352705, 6.3279999999999985
0.006642084168336679, 0.9540382484599075, 0.0015856807917348048, 55.90696658480738, -0.011760291427232809, 0.0, -0.06095487044391579, -0.07271516187114635, -6.4165564536387585, 0.0, 16.61553431397546, 10.198977860358, 1.0000002004697461, 0.0, 55.05635466170034, 56.05635486218996, 6.327999999999999
0.0066498997995992045, 0.9536594560512146, 0.0015875466362580263, 56.20522068975697, -0.011772262625417007, 0.0, -0.06092360571549893, -0.07269586834090891, -6.415379154306162, 0.0, 16.89862831795799, 10.48324916364644, 1.0000015069921817, 0.0, 55.27457540767669, 56.274576914659065, 6.3279999999999985
0.006657715430861729, 0.9532777255411045, 0.0015894124807812478, 56.517286317728576, -0.011784231628166164, 0.0, -0.06089180444211806, -0.07267603607028139, -6.414203164485375, 0.0, 17.19068710183959, 10.776483937381306, 1.0000028837607227, 0.0, 55.50157567129875, 56.50157855508479, 6.327999999999999
0.006665531062124254, 0.9528930271570495, 0.0015912783253044696, 56.84349274641136, -0.011796198437918796, 0.0, -0.06085944972900581, -0.07265564816692205, -6.4130284789840495, 0.0, 17.491890979892972, 11.078862500902195, 1.0000043326466577, 0.0, 55.73752580141998, 56.7375301340583, 6.327999999999999
0.0066733466933867796, 0.9525053305701316, 0.0015931441698276913, 57.18417389651586, -0.011808163057103697, 0.0, -0.060826524343178257, -0.07263468740028323, -6.411855092591504, 0.0, 17.802422034197825, 11.390566941603304, 1.0000058555490676, 0.0, 55.982597749090615, 56.98260360463747, 6.327999999999999
0.006681162324649305, 0.9521146048907774, 0.0015950100143509128, 57.53966837333428, -0.01182012548813993, 0.0, -0.06079301071036092, -0.07261313619850007, -6.410683000078434, 0.0, 18.12246412266019, 11.71178112262517, 1.0000074543950526, 0.0, 56.2369650746185, 57.23697252905649, 6.3279999999999985
0.006688977955911829, 0.9517208186642385, 0.0015968758588741343, 57.9103195083153, -0.01183208573343677, 0.0, -0.060758890911530195, -0.07259097664496394, -6.409512196196633, 0.0, 18.452202886174657, 12.042690689982605, 1.000009131139918, 0.0, 56.500802953538575, 57.50081208468118, 6.327999999999998
0.006696793587174354, 0.9513239398661462, 0.0015987417033973559, 58.29647540147562, -0.011844043795393704, 0.0, -0.060724146679600466, -0.07256819047500507, -6.408342675678726, 0.0, 18.791825755919923, 12.383483080271665, 1.000010887767384, 0.0, 56.7742881828151, 57.77429907061977, 6.3279999999999985
0.00670460921843688, 0.9509239358980022, 0.0016006075479205778, 58.69848896320764, -0.011855999676400353, 0.0, -0.06068875939613694, -0.07254475907254143, -6.407174433237876, 0.0, 19.14152196097051, 12.734347527767097, 1.0000127262897809, 0.0, 57.057599187383985, 58.057611913710815, 6.327999999999999
0.006712424849699405, 0.9505207735827579, 0.0016024733924437993, 59.116717957112996, -0.011867953378836468, 0.0, -0.06065271008790685, -0.07252066346673924, -6.4060074635675335, 0.0, 19.50148253556567, 13.095475072015036, 1.0000146487482502, 0.0, 57.350916026258716, 58.350930675021324, 6.327999999999999
0.00672024048096193, 0.9501144191602027, 0.0016043392369670209, 59.55152504239959, -0.01187990490507187, 0.0, -0.06061597942356123, -0.07249588432862719, -6.404841761341122, 0.0, 19.871900326679206, 13.46705856536856, 1.0000166572129552, 0.0, 57.654420399026755, 58.6544370562665, 6.327999999999999
0.006728056112224454, 0.9497048382824733, 0.0016062050814902424, 60.00327781692613, -0.011891854257466425, 0.0, -0.06057854771022875, -0.07247040196769916, -6.403677321211794, 0.0, 20.25297000117025, 13.849292679967018, 1.0000187537832639, 0.0, 57.968295651879664, 58.96831440567397, 6.327999999999999
0.00673587174348698, 0.9492919960095811, 0.0016080709260134643, 60.47234886051592, -0.011903801438370012, 0.0, -0.06054039489014951, -0.07244419632853294, -6.40251413781213, 0.0, 20.644888053509302, 14.242373915702087, 1.000020940587976, 0.0, 58.29272678425108, 59.29274772485231, 6.327999999999999
0.006743687374749506, 0.9488758568046389, 0.0016099367705366859, 60.95911577765946, -0.01191574645012247, 0.0, -0.06050150053718628, -0.0724172469872979, -6.401352205753879, 0.0, 21.04785281296709, 14.646500607204723, 1.000023219785507, 0.0, 58.62790045484907, 59.627923674619346, 6.327999999999998
0.00675150300601203, 0.9484563845294076, 0.0016118026150599074, 61.46396124205057, -0.011927689295053556, 0.0, -0.06046184385341569, -0.07238953314845897, -6.400191519627664, 0.0, 21.462064451001563, 15.061872931357861, 1.0000255935640943, 0.0, 58.97400498794406, 59.974030581485756, 6.3279999999999985
0.0067593186372745554, 0.9480335424397399, 0.0016136684595831291, 61.98727303963096, -0.01193962997548293, 0.0, -0.06042140366576021, -0.07236103364125768, -6.399032074002716, 0.0, 21.887724988949625, 15.48869291494244, 1.0000280641420074, 0.0, 59.33123037999464, 60.33125844414119, 6.327999999999998
0.00676713426853708, 0.947607293180738, 0.0016155343041063506, 62.529444112762576, -0.011951568493720085, 0.0, -0.060380158422434604, -0.0723317269161523, -6.397873863426599, 0.0, 22.325038305025526, 15.927164441601509, 1.0000306337677307, 0.0, 59.69976830547234, 60.699798939241184, 6.327999999999999
0.006774949899799605, 0.9471775987823108, 0.0016174001486295724, 63.09087260488741, -0.011963504852064336, 0.0, -0.0603380861895193, -0.07230159104158318, -6.396716882424918, 0.0, 22.77421014216881, 16.377493259726265, 1.000033304720203, 0.0, 60.07981212362277, 61.07984542832506, 6.3279999999999985
0.0067827655310621305, 0.9467444206543583, 0.0016192659931527939, 63.67196190449613, -0.011975439052804744, 0.0, -0.06029516464744944, -0.07227060370025207, -6.395561125501047, 0.0, 23.235448115054126, 16.8398869895535, 1.0000360793089846, 0.0, 60.47155688434388, 61.47159296365198, 6.3279999999999985
0.006790581162324655, 0.9463077195821548, 0.0016211318376760154, 64.27312069011532, -0.011987371098220104, 0.0, -0.06025137108752965, -0.07223874218575155, -6.394406587135875, 0.0, 23.708961717714413, 17.314555130609705, 1.0000389598744661, 0.0, 60.87519933470144, 61.87523829460819, 6.3279999999999985
0.00679839679358718, 0.9458674557216664, 0.0016229976821992371, 64.8947629752438, -0.0119993009905789, 0.0, -0.060206682408461276, -0.07220598339904782, -6.39325326178748, 0.0, 24.194962331065003, 17.80170906932664, 1.0000419487881071, 0.0, 61.29093792536063, 62.29097987420257, 6.3279999999999985
0.006806212424849705, 0.9454235885947142, 0.0016248635267224587, 65.53730815339077, -0.012011228732139228, 0.0, -0.060161075112750595, -0.07217230384488893, -6.392101143890895, 0.0, 24.693663230073472, 18.30156208620354, 1.0000450484525893, 0.0, 61.71897281659769, 62.71901786507068, 6.3279999999999985
0.006814028056112231, 0.9449760770842524, 0.0016267293712456804, 66.20118104354333, -0.012023154325148815, 0.0, -0.06011452530317207, -0.07213767962831952, -6.390950227857815, 0.0, 25.205279591173255, 18.814329363323594, 1.0000482613020572, 0.0, 62.15950588459716, 63.159554145906526, 6.327999999999998
0.006821843687374755, 0.9445248794297108, 0.001628595215768902, 66.88681193582306, -0.012035077771844899, 0.0, -0.060067008679267175, -0.0721020864511015, -6.389800508076319, 0.0, 25.730028499890643, 19.34022799182095, 1.000051589802297, 0.0, 62.61274072799207, 63.612792317794494, 6.3279999999999985
0.00682965931863728, 0.9440699532220762, 0.0016304610602921234, 67.59463663726638, -0.012046999074454256, 0.0, -0.06001850053369928, -0.07206549960816666, -6.388651978910587, 0.0, 26.26812895810223, 19.87947697921434, 1.0000550364509706, 0.0, 63.078882673953615, 64.07893771043534, 6.3279999999999985
0.006837474949899806, 0.9436112553991833, 0.0016323269048153454, 68.32509651807777, -0.01205891823519312, 0.0, -0.05996897574881466, -0.07202789398400711, -6.387504634700624, 0.0, 26.819801891517127, 20.432297256828345, 1.0000586037778023, 0.0, 63.55813878463999, 64.55819738842924, 6.327999999999998
0.006845290581162331, 0.9431487422407798, 0.001634192749338567, 69.07863855757023, -0.01207083525626712, 0.0, -0.05991840879282506, -0.07198924404908524, -6.386358469762005, 0.0, 27.38527015696869, 20.998911687203233, 1.000062294344764, 0.0, 64.05071786323028, 65.05078015756733, 6.327999999999999
0.006853106212424856, 0.9426823693637676, 0.0016360585938617884, 69.8557153911679, -0.012082750139871281, 0.0, -0.05986677371638294, -0.07194952385626685, -6.385213478385558, 0.0, 27.964758549904364, 21.579545071520013, 1.0000661107463273, 0.0, 64.55683046040488, 65.55689657116014, 6.327999999999997
0.006860921843687381, 0.9422120917172716, 0.0016379244383850102, 70.65678535695042, -0.012094662888189943, 0.0, -0.05981404414889191, -0.0719087070370712, -6.384069654837124, 0.0, 28.558493811825983, 22.174424156995045, 1.0000700556096238, 0.0, 65.07668888062196, 66.07675893623126, 6.327999999999998
0.0068687374749499056, 0.9417378635778508, 0.0016397902829082317, 71.48231254249549, -0.012106573503396717, 0.0, -0.059760193294833286, -0.07186676679823911, -6.382926993357251, 0.0, 29.166704637745326, 22.783777644419395, 1.000074131594677, 0.0, 65.61050718842654, 66.61058132005809, 6.3279999999999985
0.006876553106212432, 0.9412596385444729, 0.0016416561274314534, 72.33276683257282, -0.012118481987654452, 0.0, -0.05970519393019913, -0.07182367591785344, -6.381785488160931, 0.0, 29.789621683384414, 23.40783619520676, 1.0000783413945982, 0.0, 66.15850121457727, 67.15857955595504, 6.327999999999998
0.006884368737474956, 0.9407773695337145, 0.001643521971954675, 73.20862395615404, -0.012130388343115172, 0.0, -0.059649018398754805, -0.07177940674187333, -6.380645133437327, 0.0, 30.427477572752977, 24.046832439344243, 1.0000826877357882, 0.0, 66.72088856245394, 67.72097125022037, 6.327999999999998
0.006892184368737481, 0.9402910087747074, 0.0016453878164778965, 74.11036553452868, -0.012142292571920047, 0.0, -0.05959163860837258, -0.07173393118030091, -6.379505923349477, 0.0, 31.080506905630653, 24.70100098229935, 1.0000871733781609, 0.0, 67.2978886144207, 68.29797578782207, 6.327999999999997
0.006900000000000006, 0.93980050780422, 0.0016472536610011182, 75.0384791288161, -0.012154194676199315, 0.0, -0.0595330260273883, -0.07168722070359124, -6.378367852034032, 0.0, 31.74894626475587, 25.37057841270409, 1.0000918011153221, 0.0, 67.88972253791778, 68.88981433901755, 6.3279999999999985
