phi0, phi, rho, Z_fit_curve, F_id, F_fr, F_ex, F_total, mu_id, mu_fr, mu_ex, mu_kT, PV_id, PV_fr, PV_ex, PV_NkT, alpha
1.0000000000000005E-4, 0.02547035000422843, 2.387324146378431E-5, 1.0553628246539963, -2.8195233592385896E-4, 0.0, 1.535764229245727E-6, -2.804165716946039E-4, -10.171924319796663, 0.0, 0.17905119682007764, -9.9928731229767, 1.638467509548355, 0.0, 0.11472125521681945, 1.7531887647646678, 6.328000000000012
1.0581162324649302E-4, 0.026931127902400355, 2.5260664314385E-5, 1.0575626950988917, -2.9605017684472697E-4, 0.0, 1.7841392235080481E-6, -2.9426603762120965E-4, -10.150446085507781, 0.0, 0.17900429328045372, -9.97144179222744, 1.569363542623712, 0.0, 0.10837514428803997, 1.677738686911273, 6.328000000000012
1.1162324649298601E-4, 0.028392320145352968, 2.6648087164985692E-5, 1.059679851808047, -3.101183358373805E-4, 0.0, 2.032522081351859E-6, -3.0808581375601964E-4, -10.129137002086482, 0.0, 0.17906238685705816, -9.950074615229532, 1.5084088344064686, 0.0, 0.10278966721425786, 1.6111985016202799, 6.328000000000011
1.1743486973947899E-4, 0.029853918598770672, 2.8035510015586382E-5, 1.061718402507013, -3.2415704684875046E-4, 0.0, 2.2810578736129342E-6, -3.2187598897512863E-4, -10.107996007917121, 0.0, 0.17922460677162272, -9.928771401145609, 1.4543778054550938, 0.0, 0.09786144011816157, 1.5522392455728273, 6.328000000000011
1.2324649298597198E-4, 0.03131591520682971, 2.9422932866187073E-5, 1.0636823730041578, -3.3816654235521596E-4, 0.0, 2.5298904659515455E-6, -3.356366518892556E-4, -10.087022044782818, 0.0, 0.1794900865159055, -9.907531958267018, 1.4062761893928086, 0.0, 0.09350646015692674, 1.4997826495493307, 6.32800000000001
1.2905811623246496E-4, 0.03277830199185787, 3.081035571678776E-5, 1.0655757080560289, -3.5214705336731933E-4, 0.0, 2.7791625247767987E-6, -3.493678908425339E-4, -10.06621405786544, 0.0, 0.17985796385169114, -9.886356094013854, 1.3632889509376513, 0.0, 0.08965574254911447, 1.452944693486382, 6.328000000000011
1.3486973947895794E-4, 0.03424107105399434, 3.2197778567388454E-5, 1.0674022722288032, -3.6609880943448193E-4, 0.0, 3.0290155231709603E-6, -3.6306979391130247E-4, -10.045570995745612, 0.0, 0.18032738081079078, -9.865243614934924, 1.3247416694046907, 0.0, 0.08625208562136114, 1.4109937550256864, 6.32800000000001
1.4068136272545094E-4, 0.03570421457084942, 3.3585201417989144E-5, 1.0691658507558321, -3.8002203864971986E-4, 0.0, 3.2795897468137964E-6, -3.767424489028977E-4, -10.025091810402717, 0.0, 0.1808974836950417, -9.844194326707775, 1.2900714938188178, 0.0, 0.08324763768110179, 1.3733191314995703, 6.32800000000001
1.4649298597194392E-4, 0.0371677247971643, 3.4972624268589835E-5, 1.0708701503912692, -3.9391696765435894E-4, 0.0, 3.5310242999068965E-6, -3.903859433544438E-4, -10.00477545721489, 0.0, 0.18156742307630785, -9.82320803413868, 1.2588050115848102, 0.0, 0.08060204304681332, 1.339407054631291, 6.328000000000009
1.523046092184369E-4, 0.038631594064470864, 3.6360047119190525E-5, 1.0725188002597927, -4.077838216427506E-4, 0.0, 3.783457111098012E-6, -4.040003645316445E-4, -9.984620894959026, 0.0, 0.18233635379647958, -9.802284541162644, 1.2305411840671505, 0.0, 0.07828101253975343, 1.3088221966065856, 6.32800000000001
1.5811623246492988E-4, 0.04009581478075145, 3.7747469969791216E-5, 1.0741153527024132, -4.216228243669873E-4, 0.0, 4.037024939405387E-6, -4.17585799427574E-4, -9.964627085810777, 0.0, 0.18320343496747366, -9.781423650843397, 1.2049380454259981, 0.0, 0.07625520922847281, 1.2811932546541678, 6.328000000000009
1.639278557114229E-4, 0.041560379430098646, 3.913489282039191E-5, 1.075663284118375, -4.354341981416182E-4, 0.0, 4.291863380142096E-6, -4.311423347614683E-4, -9.944792995344546, 0.0, 0.18416782997123324, -9.760625165373403, 1.181702230796143, 0.0, 0.07449937119099748, 1.2562016019868503, 6.328000000000008
1.6973947895791589E-4, 0.043025280572375, 4.0522315670992603E-5, 1.077165995803144, -4.4921816384836406E-4, 0.0, 4.548106870840354E-6, -4.44670056977516E-4, -9.925117592533486, 0.0, 0.1852287064597279, -9.73988888607385, 1.1605806557018994, 0.0, 0.07299161448879546, 1.2335722701904148, 6.328000000000007
1.7555110220440886E-4, 0.044490510842872866, 4.1909738521593294E-5, 1.0786268147824847, -4.6297494094083355E-4, 0.0, 4.805888697175883E-6, -4.5816905224365013E-4, -9.905599849749523, 0.0, 0.18638523635495371, -9.719214613394659, 1.1413538481909535, 0.0, 0.0717128745911186, 1.2130667227818044, 6.328000000000007
1.8136272545090187E-4, 0.04595606295197416, 4.3297161372193984E-5, 1.0800489946426277, -4.767047474492386E-4, 0.0, 5.065340998892216E-6, -4.716394064503389E-4, -9.886238742763329, 0.0, 0.18763659584893314, -9.698602146914482, 1.1238305629668326, 0.0, 0.07064645519400226, 1.1944770181605746, 6.328000000000007
1.8717434869739485E-4, 0.04742192968481011, 4.4684584222794675E-5, 1.0814357163565287, -4.90407799985109E-4, 0.0, 5.3265947757250434E-6, -4.850812052093768E-4, -9.867033250744326, 0.0, 0.18898196540371506, -9.678051285340697, 1.107843398884209, 0.0, 0.06977766109225592, 1.1776210599762185, 6.3280000000000065
1.9298597194388782E-4, 0.04888810390092105, 4.6072007073395365E-5, 1.0827900891062128, -5.040843137460096E-4, 0.0, 5.589779893326542E-6, -4.98494533852676E-4, -9.847982356260701, 0.0, 0.19042052975137486, -9.65756182650941, 1.0932452082987096, 0.0, 0.06909349738611019, 1.1623387056845826, 6.328000000000007
1.987975951903808E-4, 0.05035457853391621, 4.7459429923996056E-5, 1.0841151511012097, -5.177345025202539E-4, 0.0, 5.855025089189705E-6, -5.118794774310572E-4, -9.829085045279395, 0.0, 0.1919514778940143, -9.637133567385462, 1.0799061362282667, 0.0, 0.06858242144798787, 1.148488557676027, 6.3280000000000065
2.046092184368738E-4, 0.051821346591133445, 4.8846852774596746E-5, 1.0854138703930818, -5.313585786916212E-4, 0.0, 6.122457978572673E-6, -5.252361207130418E-4, -9.810340307166102, 0.0, 0.19357400310376144, -9.616766304062418, 1.067711164104101, 0.0, 0.06823413715938455, 1.1359453012632694, 6.3280000000000065
2.1042084168336678E-4, 0.05328840115329902, 5.023427562519744E-5, 1.0866891456860353, -5.449567532440714E-4, 0.0, 6.392205060423076E-6, -5.385645481836414E-4, -9.791747134685274, 0.0, 0.19528730292277102, -9.59645983176258, 1.0565580605571934, 0.0, 0.0680394232456377, 1.1245974838026165, 6.3280000000000065
2.1623246492985976E-4, 0.054755735374187486, 5.162169847579813E-5, 1.087943807143626, -5.585292357664598E-4, 0.0, 6.664391723302352E-6, -5.518648440431507E-4, -9.773304524000116, 0.0, 0.19709057916322403, -9.576213944836965, 1.0463556626618138, 0.0, 0.0679899892935043, 1.1143456519551123, 6.328000000000006
2.2204408817635274E-4, 0.056223342480281276, 5.300912132639882E-5, 1.0891806171915521, -5.720762344572543E-4, 0.0, 6.9391422513100905E-6, -5.651370922059376E-4, -9.75501147467259, 0.0, 0.19898303790732796, -9.556028436765336, 1.0370224270921111, 0.0, 0.06807835437969588, 1.1051007814716074, 6.328000000000006
2.2785571142284574E-4, 0.05769121577043063, 5.439654417699951E-5, 1.0904022713165387, -5.855979561292495E-4, 0.0, 7.216579830008361E-6, -5.783813762992346E-4, -9.736866989663422, 0.0, 0.20096388950731672, -9.535903100156178, 1.028485203001381, 0.0, 0.06829774427341147, 1.0967829472745985, 6.328000000000006
2.3366733466933872E-4, 0.05915934861551331, 5.57839670276002E-5, 1.091611398861307, -5.990946062142827E-4, 0.0, 7.496826552346041E-6, -5.915977796619301E-4, -9.718870075332077, 0.0, 0.20303234858545063, -9.5158377267467, 1.0206781880223168, 0.0, 0.06864200397914394, 1.089320192001271, 6.328000000000006
2.394789579158317E-4, 0.06062773445809432, 5.717138987820089E-5, 1.0928105638156387, -6.125663887679493E-4, 0.0, 7.78000342458315E-6, -6.047863853433597E-4, -9.701019741436795, 0.0, 0.20518763403401646, -9.49583210740285, 1.0135420362805794, 0.0, 0.0691055230138396, 1.0826475592942362, 6.328000000000006
2.4529058116232465E-4, 0.06209636681208583, 5.855881272880157E-5, 1.094002265603525, -6.260135064743185E-4, 0.0, 8.06623037221519E-6, -6.179472761020971E-4, -9.683315001134554, 0.0, 0.20742896901532742, -9.475886032119297, 1.0070230932103785, 0.0, 0.06968317130642182, 1.0767062645166257, 6.328000000000005
2.511022044088177E-4, 0.06356523926240679, 5.994623557940227E-5, 1.0951889398664096, -6.394361606506489E-4, 0.0, 8.35562624589747E-6, -6.310805344047454E-4, -9.665754870981097, 0.0, 0.20975558096172314, -9.455999290019442, 1.0010727366286991, 0.0, 0.07037024399873809, 1.071442980627269, 6.328000000000005
2.5691382765531066E-4, 0.06503434546464285, 6.133365843000296E-5, 1.0963729592425158, -6.528345512521033E-4, 0.0, 8.648308827369433E-6, -6.44186242424728E-4, -9.648338370930926, 0.0, 0.2121667015755696, -9.436171669355424, 0.9956468072425022, 0.0, 0.07116241373842198, 1.0668092209807607, 6.328000000000005
2.6272545090180364E-4, 0.06650367914470592, 6.272108128060365E-5, 1.0975566341422685, -6.662088768764655E-4, 0.0, 8.944394835379001E-6, -6.572644820410807E-4, -9.631064524337294, 0.0, 0.2146615668292593, -9.4164029575081, 0.9907051147408034, 0.0, 0.072055689303595, 1.0627608040442424, 6.328000000000004
2.685370741482966E-4, 0.06797323409849423, 6.410850413120434E-5, 1.0987422135198, -6.795593347688543E-4, 0.0, 9.243999931606899E-6, -6.703153348372417E-4, -9.613932357952207, 0.0, 0.21723941696521124, -9.396692940987057, 0.9862110080210414, 0.0, 0.0730463796001817, 1.0592573876210731, 6.328000000000004
2.743486973947896E-4, 0.06944300419155192, 6.549592698180503E-5, 1.099931885640552, -6.928861208264402E-4, 0.0, 9.547238726590986E-6, -6.833388820998436E-4, -9.59694090192643, 0.0, 0.2198994964958707, -9.37704140543062, 0.9821310000397183, 0.0, 0.07413106223516869, 1.0562620622747403, 6.328000000000004
2.8016032064128257E-4, 0.07091298335872877, 6.688334983240572E-5, 1.10112777884496, -7.061894296031603E-4, 0.0, 9.854224785650601E-6, -6.963352048175041E-4, -9.580089189809486, 0.0, 0.22264105420370947, -9.357448135605837, 0.978434439355446, 0.0, 0.0753065560013464, 1.0537409953566483, 6.328000000000004
2.859719438877756E-4, 0.07238316560384019, 6.827077268300641E-5, 1.102331962308232, -7.194694543144341E-4, 0.0, 1.0165070634810875E-5, -7.093043836796177E-4, -9.563376258549653, 0.0, 0.2254633431412257, -9.337912915408488, 0.9750932217221048, 0.0, 0.07656989671710009, 1.0516631184390643, 6.328000000000004
2.917835671342686E-4, 0.07385354499932673, 6.96581955336071E-5, 1.1035464467962137, -7.327263868418785E-4, 0.0, 1.0479887766727069E-5, -7.222464990751461E-4, -9.546801148493962, 0.0, 0.22836562063094407, -9.318435527863077, 0.9720815361482088, 0.0, 0.07791831595347838, 1.0499998521015514, 6.328000000000003
2.9759519038076156E-4, 0.07532411568591411, 7.10456183842078E-5, 1.1047731854173461, -7.459604177380243E-4, 0.0, 1.0798786646608925E-5, -7.351616310914098E-4, -9.5303629033882, 0.0, 0.23134714826541558, -9.299015755122838, 0.9693756407109285, 0.0, 0.0793492222538474, 1.0487248629646437, 6.328000000000003
3.0340681362725453E-4, 0.07679487187227278, 7.243304123480848E-5, 1.1060140743707103, -7.591717362310306E-4, 0.0, 1.1121876718144967E-5, -7.480498595128801E-4, -9.514060570376914, 0.0, 0.2344071919072178, -9.27965337846975, 0.9669536641351979, 0.0, 0.08086018451192112, 1.0478138486469915, 6.328000000000003
3.092184368737475E-4, 0.07826580783467785, 7.382046408540918E-5, 1.1072709536901604, -7.72360530229401E-4, 0.0, 1.1449266409426862E-5, -7.609112638199688E-4, -9.497893200003398, 0.0, 0.23754502168895456, -9.260348178314498, 0.9647954297482568, 0.0, 0.08244891722420575, 1.0472443469723351, 6.328000000000003
3.150300601202405E-4, 0.07973691791666873, 7.520788693600987E-5, 1.1085456079845506, -7.855269863266992E-4, 0.0, 1.1781063138873735E-5, -7.737459231878201E-4, -9.481859846209716, 0.0, 0.24075991201325628, -9.24109993419651, 0.9628822989200843, 0.0, 0.08411326737480801, 1.0469955662947694, 6.328000000000003
3.2084168336673347E-4, 0.08120819652870906, 7.659530978661056E-5, 1.1098397671740465, -7.986712898062638E-4, 0.0, 1.2117373321156507E-5, -7.865539164851021E-4, -9.465959566336675, 0.0, 0.24405114155277968, -9.221908424783946, 0.9611970315191062, 0.0, 0.08585120274562945, 1.0470482342646164, 6.328000000000003
3.266533066132265E-4, 0.08267963814784636, 7.798273263721125E-5, 1.1111551072225296, -8.117936246459245E-4, 0.0, 1.245830237312223E-5, -7.993353222727973E-4, -9.450191421123842, 0.0, 0.24741799325020808, -9.202773427873684, 0.9597236612640048, 0.0, 0.08766080147442945, 1.04738446273832, 6.328000000000002
3.324649298597195E-4, 0.08415123731737181, 7.937015548781194E-5, 1.1124932508660894, -8.248941735227174E-4, 0.0, 1.2803954719718399E-5, -8.120902188029939E-4, -9.434554474709543, 0.0, 0.25085975431825097, -9.18369472039134, 0.9584473841489525, 0.0, 0.08954024270806435, 1.047987626856903, 6.328000000000002
3.3827655310621245E-4, 0.08562298864648013, 8.075757833841263E-5, 1.1138557683376038, -8.379731178176003E-4, 0.0, 1.315443379991733E-5, -8.24818684017678E-4, -9.419047794630853, 0.0, 0.25437571623964456, -9.164672078391256, 0.9573544583700305, 0.0, 0.09148779821919575, 1.0488422565891167, 6.328000000000002
3.4408817635270543E-4, 0.0870948868099292, 8.214500118901332E-5, 1.115244178087412, -8.510306376201687E-4, 0.0, 1.3509842072640426E-5, -8.375207955475233E-4, -9.403670451823613, 0.0, 0.25796517476715114, -9.145705277056505, 0.9564321143930603, 0.0, 0.09350182487255851, 1.0499339392655154, 6.328000000000002
3.498997995991984E-4, 0.08856692654770003, 8.353242403961401E-5, 1.1166599475000765, -8.640669117333707E-4, 0.0, 1.3870281022682588E-5, -8.501966307106831E-4, -9.388421520622405, 0.0, 0.2616274299235598, -9.126794090698889, 0.955668473983758, 0.0, 0.09558075784201199, 1.051249231825667, 6.328000000000002
3.557114228456914E-4, 0.09003910266465634, 8.49198468902147E-5, 1.1181044936072284, -8.770821176782228E-4, 0.0, 1.4235851166636473E-5, -8.628462665115816E-4, -9.373300078760582, 0.0, 0.26536178600168586, -9.107938292758938, 0.9550524771751814, 0.0, 0.0977231044925125, 1.052775581667596, 6.328000000000002
3.6152304609218436E-4, 0.09151141003020441, 8.630726974081539E-5, 1.1195791837965137, -8.900764316985257E-4, 0.0, 1.4606652058816867E-5, -8.754697796397042E-4, -9.358305207370243, 0.0, 0.26916755156437105, -9.089137655805917, 0.9545738162793889, 0.0, 0.09992743885218239, 1.054501255131472, 6.328000000000003
3.6733466933867734E-4, 0.09298384357795295, 8.769469259141608E-5, 1.121085336516615, -9.030500287655794E-4, 0.0, 1.4982782297185025E-5, -8.880672464683896E-4, -9.343435990982249, 0.0, 0.27304403944448363, -9.07039195153781, 0.9542228761630779, 0.0, 0.10219239660912688, 1.0564152727721074, 6.328000000000002
3.731462925851704E-4, 0.09445639830537272, 8.908211544201677E-5, 1.1226242219783762, -9.160030825828987E-4, 0.0, 1.536433952927296E-5, -9.006387430536212E-4, -9.328691517526211, 0.0, 0.2769905667449184, -9.051700950781335, 0.9539906801043747, 0.0, 0.10451667057578722, 1.0585073506800684, 6.328000000000003
3.7895791583166335E-4, 0.09592906927345636, 9.046953829261746E-5, 1.124197062852007, -9.289357655909292E-4, 0.0, 1.5751420458107833E-5, -9.131843451328169E-4, -9.3140708783305, 0.0, 0.2810064548385961, -9.033064423491947, 0.9538688406315932, 0.0, 0.10689900657063932, 1.0607678472021438, 6.328000000000002
3.8476953907815633E-4, 0.09740185160637824, 9.185696114321815E-5, 1.1258050349603805, -9.418482489717622E-4, 0.0, 1.6144120848136223E-5, -9.257041281236214E-4, -9.299573168122244, 0.0, 0.2850910293684645, -9.014482138753818, 0.9538495148172206, 0.0, 0.10933819967311645, 1.0631877144902482, 6.328000000000001
3.905811623246493E-4, 0.09887474049115409, 9.324438399381884E-5, 1.127449267968421, -9.547407026538503E-4, 0.0, 1.6542535531148512E-5, -9.381981671226974E-4, -9.28519748502732, 0.0, 0.2892436202474974, -8.995953864779858, 0.9539253635631088, 0.0, 0.11183309081287633, 1.0657584543759027, 6.328000000000002
3.963927855711423E-4, 0.10034773117730095, 9.463180684441953E-5, 1.1291308460685787, -9.676132953167239E-4, 0.0, 1.6946758412203197E-5, -9.506665369045159E-4, -9.270942930570364, 0.0, 0.2934635616586952, -8.977479368911704, 0.9540895144672662, 0.0, 0.11438256365910399, 1.0684720781262842, 6.328000000000001
4.0220440881763526E-4, 0.10182081897649678, 9.601922969502022E-5, 1.1308508086623958, -9.804661943957045E-4, 0.0, 1.735688247555121E-5, -9.631093119201491E-4, -9.256808609674774, 0.0, 0.29775019205508463, -8.959058417619723, 0.9543355279099246, 0.0, 0.11698554177950159, 1.0713210696893496, 6.328000000000002
4.0801603206412824E-4, 0.10329399926224035, 9.740665254562091E-5, 1.1326101510381614, -9.932995660866235E-4, 0.0, 1.777299979056027E-5, -9.755265662960587E-4, -9.242793630662694, 0.0, 0.30210285415971905, -8.940690776503008, 0.9546573660380338, 0.0, 0.11964098604207489, 1.0742983520800289, 6.328000000000001
4.138276553106212E-4, 0.10476726746951093, 9.87940753962216E-5, 1.1344098250446575, -0.001006113575350534, 0.0, 1.8195201517639203E-5, -9.879183738328904E-4, -9.228897105255031, 0.0, 0.30652089496567797, -8.922376210289388, 0.9550493643630547, 0.0, 0.12234789223584946, 1.0773972565988252, 6.328000000000002
4.1963927855711425E-4, 0.10624061909442817, 1.001814982468223E-4, 1.1362507397609887, -0.0010189083859184292, 0.0, 1.862357791416228E-5, -0.0010002848080042628, -9.215118148571447, 0.0, 0.31100366573606764, -8.904114482835409, 0.9555062057189243, 0.0, 0.1251052888892929, 1.0806114946081469, 6.328000000000001
4.254509018036072E-4, 0.10771404969391171, 1.0156892109742299E-4, 1.1381337621625096, -0.0010316841602959568, 0.0, 1.905821834039355E-5, -0.001012625941955559, -9.20145587913035, 0.0, 0.3155505220040203, -8.885905357126365, 0.9560228963543757, 0.0, 0.12791223526753653, 1.0839351316218342, 6.328000000000001
4.312625250501002E-4, 0.10918755488534114, 1.0295634394802368E-4, 1.140059717782836, -0.001044441059768134, 0.0, 1.949921126541115E-5, -0.0010249418485027187, -9.187909418848927, 0.0, 0.3201608235726951, -8.867748595276261, 0.9565947439582507, 0.0, 0.13076781953153466, 1.0873625634897173, 6.328000000000001
4.370741482965932E-4, 0.11066113034621568, 1.0434376679862437E-4, 1.1420293913719457, -0.0010571792444040644, 0.0, 1.9946644273031702E-5, -0.0010372326001310286, -9.174477893043088, 0.0, 0.32483393451527726, -8.84964395852784, 0.9572173374381039, 0.0, 0.1336711570440822, 1.0908884944821178, 6.328
4.4288577154308616E-4, 0.11213477181381394, 1.0573118964922506E-4, 1.1440435275503722, -0.0010698988730616513, 0.0, 2.0400604067734555E-5, -0.0010494982689939131, -9.161160430427529, 0.0, 0.32956922317497883, -8.831591207252579, 0.9578865282907005, 0.0, 0.13662138880920818, 1.0945079170998466, 6.328000000000001
4.4869739478957914E-4, 0.11360847508485372, 1.0711861249982575E-4, 1.146102831459483, -0.0010826001033923168, 0.0, 2.0861176480586176E-5, -0.0010617389269117266, -9.147956163115682, 0.0, 0.3343660621650377, -8.813590100950673, 0.9585984134204718, 0.0, 0.13961768003284658, 1.0982160934532519, 6.327999999999999
4.545090180360721E-4, 0.11508223601515177, 1.0850603535042644E-4, 1.1482079694078537, -0.001095283091845713, 0.0, 2.1328446475164484E-5, -0.0010739546453705448, -9.134864226619747, 0.0, 0.3392238283687189, -8.795640398251058, 0.9593493192759586, 0.0, 0.14265921879393306, 1.1020085380698288, 6.328
4.6032064128256515E-4, 0.11655605051928365, 1.0989345820102713E-4, 1.150359569513723, -0.0011079479936744409, 0.0, 2.180249815348315E-5, -0.0010861454955209536, -9.121883759850673, 0.0, 0.34414190293931307, -8.777741856911387, 0.9601357871880706, 0.0, 0.1457452148161672, 1.105881002004174, 6.328
4.661322645290581E-4, 0.11802991457024334, 1.1128088105162782E-4, 1.1525582223435449, -0.0011205949629387636, 0.0, 2.2283414761915947E-5, -0.0010983115481768436, -9.109013905118172, 0.0, 0.34911967130013816, -8.759894233818057, 0.9609545598050441, 0.0, 0.14887489833165546, 1.1098294581366377, 6.328000000000001
4.719438877755511E-4, 0.11950382419910316, 1.1266830390222851E-4, 1.154804481546628, -0.0011332241525113236, 0.0, 2.2771278697121085E-5, -0.0011104528738141986, -9.096253808130696, 0.0, 0.35415652314453794, -8.742097284986185, 0.9618025685297243, 0.0, 0.1520475190285127, 1.1138500875581743, 6.328000000000001
4.777555110220441E-4, 0.12097777549467348, 1.140557267528292E-4, 1.1570988644858613, -0.0011458357140818577, 0.0, 2.3266171511965543E-5, -0.001122569542569888, -9.083602617995469, 0.0, 0.3592518524358826, -8.724350765559612, 0.9626769218737081, 0.0, 0.15526234507527642, 1.117939266948924, 6.328000000000001
4.8356713426853706E-4, 0.12245176460316252, 1.1544314960342989E-4, 1.1594418528645316, -0.0011584297981619119, 0.0, 2.37681739214494E-5, -0.0011346616242404587, -9.071059487218466, 0.0, 0.3644050574075692, -8.70665442981092, 0.963574894651292, 0.0, 0.15851866221566918, 1.1220935568669066, 6.328
4.8937875751503E-4, 0.1239257877278361, 1.1683057245403058E-4, 1.1618338933492331, -0.0011710065540895573, 0.0, 2.4277365808630147E-5, -0.0011467291882809232, -9.058623571704414, 0.0, 0.36961554056302093, -8.689008031141418, 0.9644939179433751, 0.0, 0.16181577292786206, 1.1263096908711792, 6.328
4.951903807615231E-4, 0.12539984112867744, 1.1821799530463127E-4, 1.1642753981888618, -0.0011835661300341064, 0.0, 2.4793826230547075E-5, -0.0011587723038035554, -9.046294030756803, 0.0, 0.3748827086756874, -8.67141132208114, 0.96543156976807, 0.0, 0.1651529956429394, 1.1305845654109528, 6.328
5.01002004008016E-4, 0.1268739211220469, 1.1960541815523196E-4, 1.1667667458296995, -0.001196108673000827, 0.0, 2.531763342414551E-5, -0.0011707910395766775, -9.034070027077872, 0.0, 0.3802059727890445, -8.65386405428885, 0.9663855664006485, 0.0, 0.1685296640177597, 1.1349152304183532, 6.328
5.06813627254509E-4, 0.12834802408034177, 1.2099284100583265E-4, 1.169308281526593, -0.001208634328835659, 0.0, 2.584886481220128E-5, -0.001182785464023454, -9.021950726768619, 0.0, 0.3855847482165953, -8.636365978552046, 0.9673537542906762, 0.0, 0.17194512625784494, 1.1392988805484676, 6.328
5.12625250501002E-4, 0.12982214643165607, 1.2238026385643334E-4, 1.171900317950215, -0.00122114324222993, 0.0, 2.6387597009244893E-5, -0.0011947556452206812, -9.009935299328797, 0.0, 0.3910184545418681, -8.618916844786948, 0.9683341025289792, 0.0, 0.17539874448632603, 1.1437328470152535, 6.328
5.18436873747495E-4, 0.13129628465944032, 1.2376768670703403E-4, 1.1745431357904201, -0.0012336355567250693, 0.0, 2.6933905827486015E-5, -0.0012067016508975799, -8.998022917656913, 0.0, 0.3965065156184189, -8.601516402038513, 0.9693246958212554, 0.0, 0.1788898941553364, 1.1482145899765435, 6.328
5.242484969939879E-4, 0.13277043530216123, 1.2515510955763472E-4, 1.1772369843556871, -0.0012461114147173254, 0.0, 2.7487866282737685E-5, -0.0012186235484345843, -8.986212758050232, 0.0, 0.4020483595698289, -8.584164398480423, 0.970323727929056, 0.0, 0.18241796349655195, 1.1527416914255615, 6.328000000000001
5.300601202404809E-4, 0.13424459495296165, 1.2654253240823541E-4, 1.1799820821686535, -0.0012585709574624805, 0.0, 2.8049552600340753E-5, -0.001230521404862136, -8.97450400020478, 0.0, 0.40764341878970684, -8.566860581415092, 0.9713294955422372, 0.0, 0.1859823530078806, 1.157311848550071, 6.328000000000001
5.35871743486974E-4, 0.1357187602593202, 1.279299552588361E-4, 1.182778617557736, -0.0012710143250805653, 0.0, 2.86190382210881E-5, -0.0012423952868594735, -8.962895827215325, 0.0, 0.41329112994168704, -8.549604697273656, 0.9723403925501496, 0.0, 0.1895824749735506, 1.1619228675236515, 6.328
5.416833667334669E-4, 0.13719292792271098, 1.293173781094368E-4, 1.1856267492448418, -0.0012834416565605756, 0.0, 2.919639580714905E-5, -0.0012542452607534232, -8.951387425575406, 0.0, 0.4189909339594308, -8.532396491615993, 0.9733549046815795, 0.0, 0.1932177530150944, 1.166572657696631, 6.327999999999999
5.474949899799599E-4, 0.1386670946982637, 1.3070480096003749E-4, 1.1885266069291724, -0.0012958530897651884, 0.0, 2.978169724799369E-5, -0.0012660713925171912, -8.93997798517731, 0.0, 0.42474227604662573, -8.515235709130701, 0.9743716044861228, 0.0, 0.1968876216709282, 1.1712592261570067, 6.328
5.533066132264528E-4, 0.1401412573944228, 1.3209222381063818E-4, 1.1914782918671116, -0.001308248761435475, 0.0, 3.0375013666317186E-5, -0.0012778737477691542, -8.928666699312078, 0.0, 0.4305446056769855, -8.498122093635109, 0.9753891466317761, 0.0, 0.20059152600242777, 1.1759806726341604, 6.327999999999999
5.591182364729459E-4, 0.14161541287260804, 1.3347964666123887E-4, 1.1944818774482062, -0.0013206288071956188, 0.0, 3.097641542396412E-5, -0.0012896523917716512, -8.91745276466951, 0.0, 0.4363973765942509, -8.481055388075275, 0.9764062634958356, 0.0, 0.20432892122457277, 1.1807351847203682, 6.328
5.649298597194388E-4, 0.14308955804687365, 1.3486706951183956E-4, 1.1975374097672353, -0.0013329933615576304, 0.0, 3.15859721278528E-5, -0.0013014073894297743, -8.906335381338163, 0.0, 0.44230004681218826, -8.464035334525992, 0.9774217610279425, 0.0, 0.20809927235938558, 1.1855210333872874, 6.327999999999999
5.707414829659318E-4, 0.14456368988356844, 1.3625449236244025E-4, 1.20064490819237, -0.0013453425579260626, 0.0, 3.220375263589967E-5, -0.0013131388052901594, -8.89531375280535, 0.0, 0.44825207861459104, -8.447061674190772, 0.9784345148658458, 0.0, 0.21190205391054742, 1.1903365687763534, 6.328
5.765531062124249E-4, 0.14603780540099523, 1.3764191521304094E-4, 1.2038043659294195, -0.001357676528602725, 0.0, 3.282982506294354E-5, -0.001324846703539778, -8.884387085957131, 0.0, 0.45425293855527926, -8.43013414740187, 0.979443466686115, 0.0, 0.21573674955769215, 1.1951802162437677, 6.328
5.823647294589178E-4, 0.14751190166907108, 1.3902933806364163E-4, 1.2070157505821713, -0.0013699954047914015, 0.0, 3.346425678666996E-5, -0.001336531148004728, -8.873554591078337, 0.0, 0.4603020974580984, -8.413252493620252, 0.9804476207733572, 0.0, 0.21960285186900216, 1.2000504726423193, 6.328
5.881763527054108E-4, 0.1489859758089867, 1.4041676091424232E-4, 1.2102790047088166, -0.0013822993166025647, 0.0, 3.4107114453535615E-5, -0.001348192202149026, -8.862815481852541, 0.0, 0.4663990304169213, -8.396416451435634, 0.9814460407927905, 0.0, 0.22349986203084748, 1.2049459028236018, 6.328
5.939879759519037E-4, 0.1504600249928664, 1.41804183764843E-4, 1.2135940463744672, -0.0013945883930580921, 0.0, 3.475846398469253E-5, -0.0013598299290733962, -8.852168975362082, 0.0, 0.47254321679564715, -8.379625758566446, 0.982437846752339, 0.0, 0.2274272895932928, 1.2098651363455961, 6.328
5.997995991983969E-4, 0.15193404644342784, 1.4319160661544373E-4, 1.2169607696997617, -0.0014068627620959805, 0.0, 3.541837058191256E-5, -0.0013714443915140647, -8.841614292088044, 0.0, 0.47873414022820104, -8.362880151859857, 0.9834222121412844, 0.0, 0.23138465223039997, 1.2148068643716472, 6.327999999999999
6.056112224448897E-4, 0.15340803743364168, 1.445790294660444E-4, 1.2203790454055605, -0.0014191225505750615, 0.0, 3.608689873351151E-5, -0.0013830356518415468, -8.83115065591028, 0.0, 0.4849712886185346, -8.346179367291759, 0.9843983612336927, 0.0, 0.23537147551433327, 1.2197698367479908, 6.328
6.114228456913828E-4, 0.1548819952863917, 1.459664523166451E-4, 1.22384872135373, -0.0014313678842797196, 0.0, 3.6764112220273725E-5, -0.0013946037720594423, -8.820777294107387, 0.0, 0.4912541541406269, -8.329523139966774, 0.9853655665456363, 0.0, 0.23938729270234718, 1.2247528592479469, 6.328000000000001
6.172344689378758E-4, 0.156355917374134, 1.4735387516724577E-4, 1.2273696230840174, -0.0014435988879246027, 0.0, 3.745007412137619E-5, -0.0014061488138032235, -8.810493437356726, 0.0, 0.49758223323848166, -8.312911204118256, 0.9863231464360396, 0.0, 0.2434316445358054, 1.2297547909718116, 6.328
6.230460921843687E-4, 0.15782980111855743, 1.4874129801784646E-4, 1.2309415543470157, -0.0014558156851593436, 0.0, 3.8144846820313E-5, -0.0014176708383390273, -8.800298319734408, 0.0, 0.5039550266261305, -8.29634329310829, 0.9872704628418332, 0.0, 0.24750407905045277, 1.234774541892253, 6.328
6.288577154308617E-4, 0.1593036439902428, 1.5012872086844715E-4, 1.234564297633214, -0.0014680183985732718, 0.0, 3.88484920108197E-5, -0.001429169906562449, -8.790191178715304, 0.0, 0.5103720392876309, -8.279819139427683, 0.9882069191386555, 0.0, 0.2516041513972029, 1.2398110705358254, 6.328
6.346693386773547E-4, 0.16077744350832307, 1.5151614371904787E-4, 1.2382376146981422, -0.0014802071497001285, 0.0, 3.956107070279748E-5, -0.0014406460789973274, -8.780171255173038, 0.0, 0.5168327804770669, -8.26333847469598, 0.9891319581191047, 0.0, 0.2557314236727751, 1.2448633817918473, 6.328
6.404809619238478E-4, 0.16225119724014286, 1.5290356656964856E-4, 1.2419612470836003, -0.0014923820590227838, 0.0, 4.0282643228237666E-5, -0.001452099415794543, -8.770237793379989, 0.0, 0.5233367637185489, -8.24690102966145, 0.9900450600810785, 0.0, 0.25988546475955004, 1.249930524840597, 6.328
6.462925851703407E-4, 0.16372490280091828, 1.5429098942024925E-4, 1.245734916634984, -0.0015045432459779527, 0.0, 4.101326924714594E-5, -0.0014635299767308035, -8.760390041007296, 0.0, 0.5298835068062134, -8.230506534201094, 0.9909457410192293, 0.0, 0.2640658501740671, 1.2550115911932647, 6.328000000000001
6.521042084168337E-4, 0.16519855785339693, 1.5567841227084994E-4, 1.2495583260146887, -0.00151669082896091, 0.0, 4.1753007753466765E-5, -0.0014749378212074399, -8.750627249124854, 0.0, 0.536472531804224, -8.214154717320639, 0.991833550913143, 0.0, 0.26827216192362235, 1.2601057128367341, 6.328
6.579158316633268E-4, 0.16667216010751723, 1.5706583512145063E-4, 1.2534311592116179, -0.0015288249253302033, 0.0, 4.250191708100763E-5, -0.0014863230082491925, -8.740948672201306, 0.0, 0.5431033650467705, -8.197845307154545, 0.9927080721062275, 0.0, 0.27250398837046685, 1.2652120604766648, 6.328
6.637274549098196E-4, 0.1681457073200686, 1.584532579720513E-4, 1.2573530820467669, -0.0015409456514123723, 0.0, 4.326005490936342E-5, -0.001497685596503006, -8.731353568104058, 0.0, 0.5497755371380684, -8.181578030966001, 0.9935689177697953, 0.0, 0.276760924103139, 1.2703298418729059, 6.327999999999999
6.695390781563126E-4, 0.16961919729435118, 1.5984068082265199E-4, 1.2613237426749024, -0.0015530531225066634, 0.0, 4.4027478269840795E-5, -0.0015090256442368197, -8.721841198099275, 0.0, 0.5564885829523608, -8.16535261514692, 0.994415730447107, 0.0, 0.28104256981450015, 1.2754583002615816, 6.327999999999999
6.753507014028055E-4, 0.17109262787983529, 1.6122810367325268E-4, 1.2653427720823336, -0.0015651474528897433, 0.0, 4.480424355138243E-5, -0.001520343209338358, -8.712410826851864, 0.0, 0.5632420416339167, -8.149168785217956, 0.9952481806726227, 0.0, 0.28534853218606393, 1.2805967128586604, 6.327999999999999
6.811623246492986E-4, 0.17256599697182165, 1.6261552652385337E-4, 1.2694097845807677, -0.001577228755820416, 0.0, 4.5590406506491414E-5, -0.0015316383493139219, -8.7030617224255, 0.0, 0.5700354565970313, -8.133026265828478, 0.99606596566189, 0.0, 0.28967842377824965, 1.2857443894401148, 6.327999999999999
6.869739478957916E-4, 0.17403930251110072, 1.6400294937445408E-4, 1.2735243782972578, -0.0015892971435443389, 0.0, 4.638602225715557E-5, -0.00154291112128718, -8.693793156282617, 0.0, 0.5768683755260263, -8.116924780756596, 0.9968688080679801, 0.0, 0.2940318629262055, 1.2909006709941606, 6.327999999999999
6.927855711422846E-4, 0.1755125424836128, 1.6539037222505478E-4, 1.2776861356602396, -0.0016013527272987359, 0.0, 4.719114530077174E-5, -0.0015541615819979612, -8.68460440328439, 0.0, 0.5837403503752504, -8.100864052909143, 0.9976564548004858, 0.0, 0.29840847364087536, 1.296064928441338, 6.328
6.985971943887776E-4, 0.17698571492010767, 1.6677779507565547E-4, 1.2818946238816562, -0.0016133956173171155, 0.0, 4.800582951607021E-5, -0.0015653897878010422, -8.675494741690756, 0.0, 0.5906509373690778, -8.084843804321686, 0.9984286759034764, 0.0, 0.3028078855150027, 1.3012365614184525, 6.328
7.044088176352706E-4, 0.17845881789580448, 1.6816521792625616E-4, 1.286149395435178, -0.0016254259228339854, 0.0, 4.8830128169038945E-5, -0.0015765957946649433, -8.666463453160416, 0.0, 0.59759969700191, -8.068863756158516, 0.9991852634889883, 0.0, 0.30722973363378986, 1.3064149971227508, 6.327999999999999
7.102204408817636E-4, 0.17993184953005126, 1.6955264077685685E-4, 1.2904499885305016, -0.0016374437520895679, 0.0, 4.9664093918848004E-5, -0.0015877796581707168, -8.65750982275082, 0.0, 0.6045861940381746, -8.052923628712653, 0.9999260307229006, 0.0, 0.3116736584899408, 1.3115996892128152, 6.3279999999999985
7.160320641282564E-4, 0.1814048079859849, 1.709400636274575E-4, 1.2947959275837502, -0.0016494492123345147, 0.0, 5.050777882377378E-5, -0.0015989414335107375, -8.648633138918173, 0.0, 0.6116099975123248, -8.037023141405855, 1.0006508108601702, 0.0, 0.3161393059028425, 1.316790116762987, 6.328
7.218436873747495E-4, 0.18287769147019103, 1.723274864780582E-4, 1.2991867236839498, -0.0016614424098346243, 0.0, 5.136123434712345E-5, -0.0016100811754874978, -8.639832693517436, 0.0, 0.6186706807288422, -8.0211620127886, 1.0013594563266868, 0.0, 0.320626326941653, 1.3219857832683162, 6.327999999999999
7.276553106212425E-4, 0.18435049823236355, 1.7371490932865892E-4, 1.3036218750556117, -0.0016734234498755557, 0.0, 5.222451136315922E-5, -0.0016211989385123936, -8.631107781802328, 0.0, 0.6257678212622331, -8.0053399605401, 1.0020518378451246, 0.0, 0.3251343778520687, 1.3271862156971703, 6.327999999999999
7.334669338677355E-4, 0.18582322656496447, 1.751023321792596E-4, 1.3081008675173882, -0.0016853924367675442, 0.0, 5.309766016302267E-5, -0.0016322947766045186, -8.622457702425324, 0.0, 0.6329010009570304, -7.989556701468298, 1.0027278436023377, 0.0, 0.3296631199865796, 1.332390963588896, 6.327999999999999
7.392785571142285E-4, 0.18729587480288376, 1.764897550298603E-4, 1.3126231749368276, -0.0016973494738501177, 0.0, 5.3980730460659036E-5, -0.0016433687433894555, -8.61388175743765, 0.0, 0.6400698059277945, -7.9738119515098616, 1.0033873784560632, 0.0, 0.3342122197380124, 1.3375995981940512, 6.328
7.450901803607215E-4, 0.18876844132309917, 1.77877177880461E-4, 1.317188259681213, -0.0017092946634968116, 0.0, 5.487377139874174E-5, -0.0016544208920980668, -8.605379252289296, 0.0, 0.647273826559111, -7.95810542573019, 1.0040303631786902, 0.0, 0.33878134847618, 1.3428117116548488, 6.327999999999999
7.509018036072145E-4, 0.1902409245443358, 1.7926460073106168E-4, 1.321795573064497, -0.0017212281071198852, 0.0, 5.57768315545965E-5, -0.0016654512755652857, -8.596949495829, 0.0, 0.6545126575055924, -7.942436838323413, 1.004656733736227, 0.0, 0.3433701824874787, 1.3480269162236833, 6.328
7.567134268537074E-4, 0.19171332292672602, 1.8065202358166237E-4, 1.3264445557903202, -0.0017331499051750352, 0.0, 5.668995894612574E-5, -0.0016764599462289064, -8.588591800304261, 0.0, 0.6617858976918783, -7.926805902612387, 1.0052664406004022, 0.0, 0.34797840291726556, 1.3532448435176456, 6.328
7.625250501002004E-4, 0.19318563497146932, 1.8203944643226303E-4, 1.331134638391121, -0.001745060157166114, 0.0, 5.761320103773292E-5, -0.0016874469561283779, -8.580305481361329, 0.0, 0.6690931503126335, -7.9112123310487, 1.005859448092308, 0.0, 0.35260569571486966, 1.3584651438071547, 6.328
7.683366733466933E-4, 0.19465785922049184, 1.8342686928286372E-4, 1.3358652416633334, -0.0017569589616498419, 0.0, 5.854660474624697E-5, -0.001698412356903592, -8.572089858045217, 0.0, 0.6764340228325502, -7.895655835212671, 1.0064357337557555, 0.0, 0.3572517515811018, 1.3636874853368364, 6.328
7.741482965931863E-4, 0.19612999425610642, 1.8481429213346441E-4, 1.3406357770986785, -0.001768846416240527, 0.0, 5.949021644684643E-5, -0.0017093561997936772, -8.563944252799683, 0.0, 0.6838081269863467, -7.88013612581334, 1.0069952877589385, 0.0, 0.36191626591812726, 1.3689115536770438, 6.328
7.799599198396794E-4, 0.1976020387006722, 1.8620171498406513E-4, 1.3454456473115404, -0.0017807226176147757, 0.0, 6.044408197898393E-5, -0.0017202785356357885, -8.555867991467252, 0.0, 0.6912150787787674, -7.864652912688489, 1.0075381123227536, 0.0, 0.36659893878157873, 1.3741370511043116, 6.328
7.857715430861724E-4, 0.19907399121625438, 1.8758913783466582E-4, 1.350294246462434, -0.0017925876615162118, 0.0, 6.140824665231045E-5, -0.0017311794148638982, -8.5478604032892, 0.0, 0.6986544984845838, -7.849205904804621, 1.0080642211745714, 0.0, 0.3712994748347954, 1.3793636960093454, 6.328000000000001
7.915831663326653E-4, 0.20054585050428414, 1.889765606852665E-4, 1.3551809606775613, -0.001804441642760191, 0.0, 6.238275525259966E-5, -0.0017420588875075881, -8.539920820905559, 0.0, 0.706126010648593, -7.833794810256969, 1.0085736390260194, 0.0, 0.37601758330507806, 1.3845912223310772, 6.328000000000001
7.973947895791583E-4, 0.20201761530521833, 1.903639835358672E-4, 1.3601051684644605, -0.0018162846552385156, 0.0, 6.336765204767236E-5, -0.0017529170031908403, -8.532048580355113, 0.0, 0.7136292440856198, -7.818419336269498, 1.009066401073621, 0.0, 0.3807529779418562, 1.389819379015456, 6.327999999999999
8.032064128256514E-4, 0.20348928439819922, 1.917514063864679E-4, 1.36506624112374, -0.0018281167919241518, 0.0, 6.436298079332062E-5, -0.0017637538111308277, -8.524243021075408, 0.0, 0.721163831880514, -7.803079189194899, 1.0095425525211135, 0.0, 0.38550537697667153, 1.3950479294977618, 6.328000000000001
8.090180360721442E-4, 0.2049608566007141, 1.9313882923706856E-4, 1.370063543156899, -0.001839938144875942, 0.0, 6.536878473923222E-5, -0.0017745693601367064, -8.516503485902746, 0.0, 0.728729411388152, -7.787774074514598, 1.0100021481223365, 0.0, 0.3902745030848858, 1.4002766512072002, 6.328
8.148296593186372E-4, 0.2064323307682557, 1.9452625208766925E-4, 1.3750964326702513, -0.001851748805243325, 0.0, 6.638510663491507E-5, -0.0017853636986084067, -8.508829321072177, 0.0, 0.7363256242334383, -7.772503696838743, 1.0104452517437175, 0.0, 0.39506008334903064, 1.4055053350927282, 6.328000000000002
8.206412825651302E-4, 0.2079037057939812, 1.9591367493826997E-4, 1.380164261774921, -0.0018635488632710471, 0.0, 6.741198873562138E-5, -0.001796136874535423, -8.501219876217515, 0.0, 0.7439521163113019, -7.757267759906215, 1.0108719359453098, 0.0, 0.399861849223708, 1.4107337851690018, 6.328000000000001
8.264529058116233E-4, 0.20937498060837234, 1.9730109778887066E-4, 1.3852663769829403, -0.0018753384083038812, 0.0, 6.844947280827203E-5, -0.001806888935495606, -8.493674504371324, 0.0, 0.751608537786699, -7.7420659665846285, 1.0112822815795386, 0.0, 0.4046795365019778, 1.4159618180814975, 6.327999999999999
8.322645290581162E-4, 0.21084615417889518, 1.9868852063947135E-4, 1.3904021195994336, -0.001887117528791338, 0.0, 6.949760013738098E-5, -0.0018176199286539544, -8.486192561964929, 0.0, 0.7592945430946121, -7.726898018870321, 1.0116763774067214, 0.0, 0.40951288528315105, 1.4211892626898548, 6.328
8.380761523046092E-4, 0.21231722550966006, 2.0007594349007204E-4, 1.395570826110882, -0.0018988863122923868, 0.0, 7.055641153097955E-5, -0.0018283299007614045, -8.47877340882841, 0.0, 0.7670097909400504, -7.711763617888361, 1.012054319726629, 0.0, 0.41436163994192404, 1.4264159596685373, 6.327999999999999
8.438877755511023E-4, 0.2137881936410809, 2.0146336634067273E-4, 1.4007718285694957, -0.0019106448454801668, 0.0, 7.162594732654075E-5, -0.001839018898153623, -8.471416408190594, 0.0, 0.7747539442980494, -7.696662463892549, 1.0124162120252496, 0.0, 0.4192255490987858, 1.4316417611240153, 6.328000000000001
8.496993987975952E-4, 0.21525905764953548, 2.0285078919127342E-4, 1.4060044549736566, -0.001922393214146703, 0.0, 7.27062473969036E-5, -0.0018496869667497962, -8.46412092667908, 0.0, 0.7825266704136704, -7.681594256265413, 1.0127621646360214, 0.0, 0.4241043655916422, 1.4368665302276433, 6.327999999999999
8.555110220440882E-4, 0.21672981664702498, 2.042382120418741E-4, 1.4112680296444642, -0.0019341315032076253, 0.0, 7.37973511561975E-5, -0.0018603341520514248, -8.456886334320208, 0.0, 0.7903276408020021, -7.666558693518206, 1.0130922944149385, 0.0, 0.42899784644859723, 1.4420901408635207, 6.328000000000001
8.61322645290581E-4, 0.21820046978083357, 2.0562563489247477E-4, 1.41656187359836, -0.0019458597967068796, 0.0, 7.489929756576654E-5, -0.0018709604991411102, -8.449712004539078, 0.0, 0.7981565312481597, -7.651555473290921, 1.0134067244287548, 0.0, 0.4339057528618331, 1.447312477290571, 6.328
8.671342685370741E-4, 0.2196710162331887, 2.0701305774307546E-4, 1.4218853049158546, -0.001957578177821447, 0.0, 7.60121251400939E-5, -0.0018815660526813503, -8.442597314159551, 0.0, 0.8060130218072837, -7.63658429235227, 1.0137055836557305, 0.0, 0.43882785016254255, 1.452533433818256, 6.328000000000001
8.729458917835671E-4, 0.22114145522092032, 2.0840048059367618E-4, 1.4272376391063293, -0.001969286728866056, 0.0, 7.713587195272596E-5, -0.0018921508569133272, -8.435541643404239, 0.0, 0.8138967968045421, -7.6216448465996995, 1.0139890066983646, 0.0, 0.4437639077968637, 1.457752914495212, 6.328
8.787575150300601E-4, 0.222611785995121, 2.0978790344427687E-4, 1.432618189468938, -0.0019809855312978995, 0.0, 7.827057564219702E-5, -0.0019027149556556998, -8.428544375894512, 0.0, 0.8218075448351282, -7.6067368310593855, 1.0142571335074912, 0.0, 0.4487136993027667, 1.462970832810243, 6.328
8.845691382765532E-4, 0.22408200784080545, 2.1117532629487756E-4, 1.438026267449593, -0.001992674665721351, 0.0, 7.941627341795311E-5, -0.0019132583923033954, -8.421604898650491, 0.0, 0.8297449587642632, -7.591859939886232, 1.0145101091172823, 0.0, 0.453677002287856, 1.4681871114051228, 6.328000000000001
8.903807615230461E-4, 0.2255521200765707, 2.1256274914547825E-4, 1.443461182994044, -0.0020043542118926803, 0.0, 8.057300206627687E-5, -0.0019237812098264005, -8.414722602091063, 0.0, 0.8377087357271935, -7.577013866363873, 1.0147480833906017, 0.0, 0.4586535984080361, 1.47340168179862, 6.328000000000001
8.961923847695391E-4, 0.22702212205425543, 2.1395017199607894E-4, 1.4489222448970447, -0.0020160242487247656, 0.0, 8.174079795621154E-5, -0.0019342834507685518, -8.407896880033858, 0.0, 0.8456985771291926, -7.56219830290467, 1.014971210774281, 0.0, 0.46364327334701305, 1.4786144841212785, 6.328000000000001
9.02004008016032E-4, 0.22849201315859996, 2.1533759484667963E-4, 1.4544087611476055, -0.0020276848542918145, 0.0, 8.29196970454853E-5, -0.0019447651572463264, -8.401127129695272, 0.0, 0.8537141886455604, -7.547412941049715, 1.0151796500638595, 0.0, 0.46864581679658474, 1.4838254668604272, 6.328000000000001
9.07815631262525E-4, 0.22996179280690607, 2.167250176972803E-4, 1.4599200392703424, -0.002039336105834075, 0.0, 8.410973488643578E-5, -0.001955226370947636, -8.394412751690451, 0.0, 0.8617552802216227, -7.5326574714688315, 1.0153735641773476, 0.0, 0.4736610224376896, 1.4890345866150188, 6.328000000000002
9.13627254509018E-4, 0.23143146044869675, 2.1811244054788101E-4, 1.4654553866629085, -0.0020509780797625526, 0.0, 8.531094663193433E-5, -0.0019656671331306154, -8.3877531500333, 0.0, 0.8698215660727321, -7.517931583960571, 1.0155531199376355, 0.0, 0.478688687922178, 1.4942418078597972, 6.328000000000001
9.19438877755511E-4, 0.23290101556537565, 2.194998633984817E-4, 1.471014110929524, -0.002062610851663727, 0.0, 8.652336704131019E-5, -0.001976087484622414, -8.381147732136476, 0.0, 0.8779127646842682, -7.503234967452211, 1.0157184878631575, 0.0, 0.48372861485527713, 1.4994471027184186, 6.328000000000001
9.25250501002004E-4, 0.2343704576698874, 2.208872862490824E-4, 1.4765955202105823, -0.0020742344963042636, 0.0, 8.774703048627499E-5, -0.0019864874658179865, -8.374595908811399, 0.0, 0.8860285988116358, -7.488567309999765, 1.0158698419664156, 0.0, 0.4887806087787124, 1.5046504507451162, 6.328
9.31062124248497E-4, 0.2358397863063771, 2.2227470909968309E-4, 1.482198923508357, -0.0020858490876357366, 0.0, 8.898197095684713E-5, -0.001996867116678887, -8.368097094268235, 0.0, 0.8941687954802671, -7.473928298787971, 1.0160073595601133, 0.0, 0.4938444791544652, 1.5098518387145625, 6.328
9.3687374749499E-4, 0.23730900104985, 2.2366213195028378E-4, 1.4878236310087956, -0.0020974546987993356, 0.0, 9.022822206727591E-5, -0.0020072264767320566, -8.361650706115913, 0.0, 0.9023330859856203, -7.459317620130298, 1.0161312210704159, 0.0, 0.4989200393491336, 1.5150512604195308, 6.328000000000001
9.426853707414829E-4, 0.23877810150583145, 2.2504955480088447E-4, 1.4934689543993975, -0.002109051402130586, 0.0, 9.148581706196597E-5, -0.0020175655850686175, -8.35525616536212, 0.0, 0.9105212058931801, -7.444734959468944, 1.016241609857194, 0.0, 0.5040071066188703, 1.5202487164760494, 6.328000000000001
9.48496993987976E-4, 0.24024708731002664, 2.2643697765148516E-4, 1.4991342071831895, -0.0021206392691640657, 0.0, 9.275478882140181E-5, -0.002027884480342661, -8.348912896413287, 0.0, 0.9187328950384577, -7.430180001374834, 1.0163387120408534, 0.0, 0.5091055020948765, 1.5254442141357119, 6.328000000000001
9.543086172344688E-4, 0.24171595812798022, 2.2782440050208582E-4, 1.5048187049887827, -0.0021322183706381165, 0.0, 9.403516986807161E-5, -0.002038183200770042, -8.342620327074615, 0.0, 0.9269678975269905, -7.4156524295476265, 1.0164227163354567, 0.0, 0.5142150507694253, 1.5306377671048668, 6.328000000000001
9.601202404809618E-4, 0.24318471365473632, 2.292118233526865E-4, 1.5105217658765266, -0.0021437887764995636, 0.0, 9.532699237239224E-5, -0.002048461784127168, -8.336377888550047, 0.0, 0.9352259617343429, -7.401151926815708, 1.0164938138879724, 0.0, 0.5193355814823901, 1.5358293953703417, 6.328000000000002
9.659318637274549E-4, 0.24465335361449825, 2.3059924620328723E-4, 1.5162427106407443, -0.002155350555908428, 0.0, 9.663028815863312E-5, -0.0020587202677497924, -8.330185015442297, 0.0, 0.9435068403061055, -7.386678175136195, 1.0165521981232486, 0.0, 0.5244669269082637, 1.541019125031497, 6.328000000000001
9.717434869739479E-4, 0.24612187776028804, 2.3198666905388792E-4, 1.5219808631080658, -0.002166903777242644, 0.0, 9.794508871084052E-5, -0.0020689586885318007, -8.324041145752823, 0.0, 0.951810290157895, -7.37223085559493, 1.0165980645946313, 0.0, 0.5296089235436394, 1.5462069881382554, 6.328000000000002
9.775551102204408E-4, 0.2475902858736066, 2.333740919044886E-4, 1.5277355504318424, -0.002178448508102774, 0.0, 9.927142517876224E-5, -0.002079177082924009, -8.317945720881841, 0.0, 0.9601360724753538, -7.357809648406491, 1.0166316108398512, 0.0, 0.5347614116951402, 1.5513930225349741, 6.328000000000001
9.83366733466934E-4, 0.24905857776409324, 2.347615147550893E-4, 1.5335061033826574, -0.002189984815316724, 0.0, 1.0060932838377167E-4, -0.00208937548693295, -8.311898185628328, 0.0, 0.9684839527141533, -7.343414232914178, 1.0166530362420272, 0.0, 0.5399242354677788, 1.5565772717097937, 6.328000000000001
9.891783567134269E-4, 0.25052675326918533, 2.3614893760569E-4, 1.5392918566349238, -0.002201512764944458, 0.0, 1.0195882882479223E-4, -0.0020995539361196637, -8.30589798819001, 0.0, 0.9768537005999882, -7.329044287590026, 1.0166625418956134, 0.0, 0.5450972427537195, 1.5617597846493179, 6.328000000000001
9.949899799599198E-4, 0.2519948122537786, 2.3753636045629068E-4, 1.545092149049566, -0.0022130324222827177, 0.0, 1.0331995668422158E-4, -0.0021097124655984926, -8.299944580163373, 0.0, 0.9852450901285821, -7.314699490034797, 1.0166603304769912, 0.0, 0.5502802852214463, 1.5669406156984176, 6.328000000000001
0.0010008016032064127, 0.25346275460988626, 2.3892378330689137E-4, 1.5509063239528027, -0.002224543851869731, 0.0, 1.0469274183385623E-4, -0.002119851110035872, -8.294037416543661, 0.0, 0.9936578995656835, -7.300379516977982, 1.0166466061195933, 0.0, 0.5554732183052955, 1.5721198244248737, 6.328000000000001
0.0010066132264529059, 0.2549305802562992, 2.4031120615749206E-4, 1.5567337294110086, -0.0022360471174899346, 0.0, 1.0607721384081564E-4, -0.0021299699036491163, -8.288175955724864, 0.0, 1.002091911447068, -7.286084044277799, 1.0166215742933666, 0.0, 0.560675901195361, 1.5772974754887146, 6.328
0.0010124248496993988, 0.25639828913824564, 2.4169862900809275E-4, 1.562573718501669, -0.0022475422821786853, 0.0, 1.0747340197346643E-4, -0.0021400688802052166, -8.282359659499742, 0.0, 1.0105469125785371, -7.271812746921207, 1.0165854416883628, 0.0, 0.5658881968277419, 1.582473638516093, 6.328000000000001
0.0010182364729458917, 0.25786588122705084, 2.4308605185869344E-4, 1.568425649580428, -0.002259029408226977, 0.0, 1.08881335207347E-4, -0.0021501480730196265, -8.276587993059795, 0.0, 1.01902269403592, -7.257565299023881, 1.0165384161023252, 0.0, 0.5711099718751274, 1.5876483879774337, 6.328000000000002
0.0010240480961923846, 0.2593333565197971, 2.444734747092941E-4, 1.5742888865442153, -0.002270508557186154, 0.0, 1.1030104223109183E-4, -0.00216020751495506, -8.270860424995295, 0.0, 1.027519051165071, -7.243341373830228, 1.0164807063320966, 0.0, 0.5763410967376963, 1.5928218030697776, 6.328000000000003
0.0010298597194388778, 0.2608007150389832, 2.458608975598948E-4, 1.5801627990904743, -0.002281979789872632, 0.0, 1.117325514523557E-4, -0.0021702472384202737, -8.265176427295259, 0.0, 1.0360357835818712, -7.229140643713392, 1.0164125220687317, 0.0, 0.5815814455343326, 1.5979939676030486, 6.328000000000001
0.0010356713426853707, 0.26226795683218446, 2.472483204104955E-4, 1.5860467629724784, -0.002293443166372607, 0.0, 1.1317589100373782E-4, -0.0021802672753688662, -8.25953547534746, 0.0, 1.0445726951722283, -7.214962780175236, 1.0163340737961055, 0.0, 0.586830896094132, 1.6031649698902202, 6.328000000000001
0.0010414829659318636, 0.2637350819717124, 2.486357432610962E-4, 1.5919401602507222, -0.0023048987460467735, 0.0, 1.146310887487067E-4, -0.002190267657298064, -8.253937047938432, 0.0, 1.053129594092076, -7.2008074538463624, 1.0162455726929234, 0.0, 0.5920893299481921, 1.6083349026410982, 6.328000000000001
0.0010472945891783565, 0.2652020905542744, 2.5002316611169687E-4, 1.5978423795404266, -0.0023163465875350423, 0.0, 1.1609817228752406E-4, -0.002200248415247516, -8.248380627253463, 0.0, 1.0617062927673748, -7.186674334486093, 1.0161472305380173, 0.0, 0.5973566323216797, 1.6135038628596823, 6.328000000000001
0.0010531062124248495, 0.26666898270063377, 2.5141058896229753E-4, 1.6037528162551065, -0.002327786748761253, 0.0, 1.175771689631692E-4, -0.0022102095797980814, -8.242865698876594, 0.0, 1.0703026078941122, -7.172563090982488, 1.016039259618756, 0.0, 0.602632692126159, 1.6186719517448984, 6.328000000000002
0.0010589178356713426, 0.26813575855526933, 2.5279801181289825E-4, 1.6096708728462512, -0.002339219286937891, 0.0, 1.1906810586726352E-4, -0.0022201511810706256, -8.237391751790623, 0.0, 1.0789183604383015, -7.158473391352329, 1.0159218726424737, 0.0, 0.6079174019521699, 1.6238392745946304, 6.328000000000002
0.0010647294589178357, 0.26960241828603515, 2.5418543466349897E-4, 1.6155959590390796, -0.002350644258570802, 0.0, 1.205710098459948E-4, -0.0022300732487248046, -8.23195827837711, 0.0, 1.087553375635982, -7.144404902741134, 1.0157952826508079, 0.0, 0.6132106580620519, 1.6290059407128423, 6.328000000000003
0.0010705410821643284, 0.2710689620838201, 2.5557285751409963E-4, 1.621527492064385, -0.002362061719463907, 0.0, 1.2208590750604107E-4, -0.0022399758119578633, -8.22656477441636, 0.0, 1.0962074829932194, -7.130357291423147, 1.0156597029368137, 0.0, 0.6185123603830034, 1.6341720633198018, 6.328000000000003
0.0010763527054108216, 0.2725353901622085, 2.5696028036470035E-4, 1.6274648968864833, -0.0023734717247239205, 0.0, 1.23612825220496E-4, -0.0022498588995034222, -8.221210739087441, 0.0, 1.1048805162861075, -7.116330222801341, 1.0155153469647815, 0.0, 0.6238224125003632, 1.6393377594651275, 6.328000000000001
0.0010821643286573145, 0.27400170275713887, 2.58347703215301E-4, 1.6334076064272418, -0.0023848743287650646, 0.0, 1.2515178913479196E-4, -0.0022597225396302693, -8.215895674968179, 0.0, 1.113572313560765, -7.102323361407419, 1.0153624282926241, 0.0, 0.6291407216511077, 1.6445031499437137, 6.328000000000001
0.0010879759519038077, 0.27546790012656425, 2.5973512606590173E-4, 1.6393550617861818, -0.002396269585313782, 0.0, 1.2670282517262545E-4, -0.0022695667601411542, -8.210619088035145, 0.0, 1.122282717133337, -7.088336370901813, 1.0152011604967546, 0.0, 0.6344671987175584, 1.6496683592142984, 6.328000000000002
0.0010937875751503004, 0.2769339825501118, 2.611225489165024E-4, 1.645306712456697, -0.002407657547413456, 0.0, 1.2826595904188046E-4, -0.002279391588371573, -8.205380487663676, 0.0, 1.1310115735899953, -7.0743689140736885, 1.015031757099368, 0.0, 0.6398017582212917, 1.6548335153206422, 6.328000000000002
0.0010995991983967935, 0.2783999503287429, 2.625099717671031E-4, 1.651262016538353, -0.002419038267429123, 0.0, 1.2984121624055398E-4, -0.0022891970511885657, -8.200179386627864, 0.0, 1.1397587337869388, -7.06042065284093, 1.0148544314980084, 0.0, 0.6451443183172358, 1.6599987498152255, 6.328000000000002
0.0011054108216432864, 0.2798658037844121, 2.638973946177038E-4, 1.657220440945259, -0.002430411797052189, 0.0, 1.314286220626789E-4, -0.0022989831749895074, -8.195015301100549, 0.0, 1.1485240528503917, -7.046491248250164, 1.0146693968973848, 0.0, 0.6504948007879621, 1.665164197685329, 6.328000000000002
0.0011112224448897796, 0.28133154325972815, 2.652848174683045E-4, 1.6631814616105618, -0.002441778187305145, 0.0, 1.330282016042496E-4, -0.0023087499857008917, -8.189887750653336, 0.0, 1.1573073901766053, -7.032580360476736, 1.0144768662432992, 0.0, 0.6558531310381477, 1.6703299972814287, 6.328000000000001
0.0011170340681362725, 0.28279716911761243, 2.6667224031890515E-4, 1.6691445636869933, -0.00245313748854628, 0.0, 1.3463997976914557E-4, -0.0023184975087771316, -8.184796258256581, 0.0, 1.1661086094318578, -7.018687648824731, 1.0142770521586597, 0.0, 0.6612192380892176, 1.6754962902478587, 6.328000000000002
0.0011228456913827654, 0.2842626817409598, 2.6805966316950587E-4, 1.6751092417435354, -0.002464489750474403, 0.0, 1.3626398127505594E-4, -0.0023282257691993446, -8.179740350279399, 0.0, 1.174927578552453, -7.004812771726952, 1.0140701668814691, 0.0, 0.6665930545741464, 1.6806632214556005, 6.328000000000002
0.0011286573146292583, 0.2857280815322978, 2.6944708602010654E-4, 1.6810749999581542, -0.0024758350221335524, 0.0, 1.3790023065940392E-4, -0.0023379347914741456, -8.174719556489654, 0.0, 1.1837641697447205, -6.99095538674494, 1.0138564222047377, 0.0, 0.6719745167324271, 1.6858309389371477, 6.328000000000002
0.0011344689378757513, 0.28719336891344677, 2.708345088707072E-4, 1.6870413523066436, -0.0024871733519177125, 0.0, 1.3954875228527083E-4, -0.002347624599632439, -8.169733410053974, 0.0, 1.1926182594850185, -6.977115150568961, 1.0136360294182158, 0.0, 0.6773635644051919, 1.6909995938233924, 6.328000000000002
0.0011402805611222444, 0.28865854432517896, 2.722219317213079E-4, 1.6930078227475416, -0.002498504787575533, 0.0, 1.4120957034732113E-4, -0.00235729521722821, -8.164781447537738, 0.0, 1.2014897285197295, -6.963291719018013, 1.013409199251963, 0.0, 0.6827601410304786, 1.696169340282429, 6.328000000000002
0.001146092184368737, 0.29012360822687905, 2.736093545719086E-4, 1.6989739454031394, -0.0025098293762150377, 0.0, 1.428827088777254E-4, -0.00236694666733731, -8.159863208905078, 0.0, 1.2103784618652635, -6.949484747039823, 1.0131761418215697, 0.0, 0.6881641936386494, 1.7013403354602035, 6.328000000000001
0.0011519038076152302, 0.29158856109620407, 2.749967774225093E-4, 1.7049392647365877, -0.0025211471643083482, 0.0, 1.445681917520864E-4, -0.0023765789725562585, -8.154978237518893, 0.0, 1.2192843488080565, -6.935693888710843, 1.012937066575084, 0.0, 0.6935756728479393, 1.7065127394230049, 6.328000000000002
0.0011577154308617232, 0.29305340342874187, 2.7638420027310996E-4, 1.7109033357250847, -0.0025324581976963905, 0.0, 1.4626604269536196E-4, -0.002386192155001026, -8.150126080140826, 0.0, 1.2282072829045725, -6.921918797236262, 1.012692182241515, 0.0, 0.6989945328601463, 1.7116867151016433, 6.328000000000002
0.0011635270541082163, 0.2945181357376725, 2.777716231237107E-4, 1.7168657240291567, -0.0025437625215936196, 0.0, 1.4797628528779018E-4, -0.0023957862363058273, -8.145306286931284, 0.0, 1.2371471619812984, -6.908159124949991, 1.0124416967808898, 0.0, 0.7044207314564415, 1.7168624282373184, 6.328000000000002
0.0011693386773547094, 0.2959827585534269, 2.791590459743114E-4, 1.7228260061580243, -0.0025550601805927275, 0.0, 1.4969894297081325E-4, -0.0024053612376219113, -8.14051841144942, 0.0, 1.2461038881347515, -6.894414523314676, 1.012185817335798, 0.0, 0.7098542299933179, 1.7220400473290975, 6.328000000000001
0.0011751503006012022, 0.2974472724233469, 2.8054646882491206E-4, 1.728783769631073, -0.002566351218669361, 0.0, 1.5143403905300203E-4, -0.0024149171796163564, -8.135762010653155, 0.0, 1.2550773677314715, -6.8806846429216915, 1.0119247501843538, 0.0, 0.7152949933986423, 1.7272197435829797, 6.328000000000002
0.0011809619238476953, 0.29891167791134576, 2.819338916755128E-4, 1.7347386131353824, -0.0025776356791868417, 0.0, 1.531815967159806E-4, -0.0024244540824708586, -8.131036644899156, 0.0, 1.2640675114080295, -6.866969133491135, 1.0116587006945885, 0.0, 0.720742990167843, 1.7324016908624142, 6.328000000000002
0.0011867735470941882, 0.30037597559756674, 2.8332131452611344E-4, 1.740690146679376, -0.002588913604900875, 0.0, 1.5494163902035E-4, -0.0024339719658805227, -8.126341877942853, 0.0, 1.2730742340710184, -6.853267643871843, 1.0113878732801433, 0.0, 0.7261981923601885, 1.737586065640315, 6.328000000000002
0.0011925851703406814, 0.30184016607804354, 2.8470873737671416E-4, 1.746637991742554, -0.002600185037964269, 0.0, 1.5671418891161315E-4, -0.0024434708490526534, -8.121677276938426, 0.0, 1.28209745489706, -6.839579822041373, 1.0111124713572772, 0.0, 0.7316605755951938, 1.742773046952455, 6.328000000000002
0.001198396793587174, 0.30330424996436, 2.860961602273148E-4, 1.7525817814212923, -0.0026114500199316483, 0.0, 1.5849926922609862E-4, -0.0024529507507055474, -8.117042412438813, 0.0, 1.2911370973328016, -6.82590531510602, 1.0108326973031236, 0.0, 0.7371301190491202, 1.7479628163522285, 6.328000000000002
0.0012042084168336672, 0.3047682278833103, 2.8748358307791554E-4, 1.758521160570766, -0.002622708591764174, 0.0, 1.6029690269688587E-4, -0.0024624116890672857, -8.112436858395707, 0.0, 1.300193089094918, -6.812243769300799, 1.0105487524151608, 0.0, 0.7426068054515796, 1.7531555578667215, 6.328000000000003
0.0012100200400801601, 0.30623210047655763, 2.888710059285162E-4, 1.7644557859429306, -0.002633960793834251, 0.0, 1.621071119597282E-4, -0.0024718536818745204, -8.107860192159563, 0.0, 1.3092653621701094, -6.798594829989463, 1.0102608368718127, 0.0, 0.7480906210822373, 1.7583514579540322, 6.328000000000002
0.0012158316633266533, 0.3076958684002949, 2.902584287791169E-4, 1.7703853263206153, -0.0026452066659302526, 0.0, 1.6392991955897865E-4, -0.002481276746371272, -8.103311994479583, 0.0, 1.3183538528151024, -6.784958141664489, 1.0099691496942598, 0.0, 0.7535815557676073, 1.7635507054618504, 6.328000000000002
0.0012216432865731464, 0.3091595323249044, 2.9164585162971764E-4, 1.7763094626476992, -0.002656446247261229, 0.0, 1.657653479535129E-4, -0.0024906808993077137, -8.098791849503728, 0.0, 1.3274585015566507, -6.771333347947086, 1.0096738887092496, 0.0, 0.7590796028779423, 1.7687534915871745, 6.328000000000002
0.001227454909819639, 0.31062309293461693, 2.9303327448031825E-4, 1.7822278881553648, -0.0026676795764616246, 0.0, 1.676134195226544E-4, -0.0025000661569389683, -8.094299344778715, 0.0, 1.3365792531915333, -6.757720091587193, 1.009375250513024, 0.0, 0.7645847593242088, 1.7739600098372155, 6.328000000000002
0.001233266533066132, 0.31208655092717286, 2.9442069733091896E-4, 1.7881403084844583, -0.002678906691596, 0.0, 1.6947415657209922E-4, -0.0025094325350238983, -8.089834071250019, 0.0, 1.3457160567865576, -6.744118014463472, 1.0090734304362459, 0.0, 0.7700970255551495, 1.7791704559913757, 6.328000000000002
0.001239078156312625, 0.3135499070134803, 2.9580812018151963E-4, 1.7940464418039364, -0.0026901276301637364, 0.0, 1.7134758133983873E-4, -0.002518780048823895, -8.085395623261867, 0.0, 1.3548688656785552, -6.7305267575833225, 1.0087686225099084, 0.0, 0.7756164055544281, 1.7843850280643168, 6.328000000000003
0.001244889779559118, 0.3150131619172762, 2.9719554303212034E-4, 1.7999460189253833, -0.002701342429103758, 0.0, 1.7323371600208565E-4, -0.002528108713101669, -8.080983598557246, 0.0, 1.3640376374743857, -6.716945961082871, 1.008461019432201, 0.0, 0.7811429068378537, 1.789603926270035, 6.328000000000002
0.001250701402805611, 0.3164763163747854, 2.98582965882721E-4, 1.8058387834136451, -0.0027125511247992466, 0.0, 1.751325826791972E-4, -0.0025374185421200477, -8.076597598277894, 0.0, 1.3732223340509349, -6.7033752642269695, 1.0081508125363257, 0.0, 0.7866765404506841, 1.7948273529869936, 6.328000000000002
0.001256513026052104, 0.3179393711343806, 2.999703887333217E-4, 1.8117244916935449, -0.002723753753082357, 0.0, 1.7704420344160005E-4, -0.0025467095496407547, -8.072237226964308, 0.0, 1.3824229215551145, -6.689814305409205, 1.0078381917591563, 0.0, 0.7922173209650007, 1.8000555127241384, 6.328000000000003
0.0012623246492985969, 0.3194023269562422, 3.013578115839224E-4, 1.8176029131526588, -0.0027349503492389332, 0.0, 1.7896860031571475E-4, -0.0025559817489232165, -8.067902092555741, 0.0, 1.3916393704038619, -6.67626272215189, 1.0075233456108126, 0.0, 0.7977652664771568, 1.8052886120879545, 6.328000000000003
0.00126813627254509, 0.320865184612018, 3.027452344345231E-4, 1.8234738302402302, -0.0027461409480132202, 0.0, 1.8090579528987942E-4, -0.002565235152723339, -8.063591806390201, 0.0, 1.4008716552841438, -6.662720151106068, 1.007206461145031, 0.0, 0.8033203986053035, 1.8105268597503177, 6.328000000000002
0.0012739478957915832, 0.3223279448844831, 3.041326572851238E-4, 1.8293370385621452, -0.0027573255836125846, 0.0, 1.8285581032027458E-4, -0.0025744697732923085, -8.05930598320445, 0.0, 1.4101197551529503, -6.64918622805151, 1.0068877239303828, 0.0, 0.808882742486969, 1.8157704664173346, 6.328000000000003
0.0012797595190380759, 0.32379060856719916, 3.055200801357245E-4, 1.835192346971982, -0.0027685042897122253, 0.0, 1.8481866733684722E-4, -0.0025836856223753757, -8.05504424113401, 0.0, 1.419383653237298, -6.635660587896721, 1.0065673180222416, 0.0, 0.8144523267767159, 1.82101964479894, 6.328000000000002
0.001285571142284569, 0.3252531764641753, 3.069075029863252E-4, 1.8410395776581994, -0.0027796770994598955, 0.0, 1.8679438824923585E-4, -0.0025928827112106576, -8.050806201713153, 0.0, 1.4286633370342328, -6.62214286467893, 1.0062454259355487, 0.0, 0.8200291836438585, 1.8262746095793898, 6.328000000000002
0.001291382765531062, 0.3267156493895265, 3.0829492583692587E-4, 1.8468785662273484, -0.0027908440454806104, 0.0, 1.8878299495269358E-4, -0.002602061050527914, -8.046591489874912, 0.0, 1.4379587983108246, -6.6086326915640985, 1.0059222286182723, 0.0, 0.8256133487702401, 1.831535577388492, 6.328000000000003
0.001297194388777555, 0.3281780281671344, 3.096823486875266E-4, 1.852709161783447, -0.002802005159881367, 0.0, 1.907845093340134E-4, -0.0026112206505473513, -8.042399733951076, 0.0, 1.4472700331041701, -6.595129700846915, 1.0055979054256061, 0.0, 0.8312048613480706, 1.8368027667736582, 6.328000000000003
0.001303006012024048, 0.32964031363030644, 3.1106977153812725E-4, 1.8585312270033691, -0.00281316047425586, 0.0, 1.9279895327745236E-4, -0.0026203615209784053, -8.038230565672182, 0.0, 1.4565970417213931, -6.581633523950801, 1.0052726340948703, 0.0, 0.8368037640778232, 1.8420763981726727, 6.328000000000002
0.001308817635270541, 0.3311025066214361, 3.1245719438872797E-4, 1.8643446382083897, -0.002824310019689197, 0.0, 1.9482634867065557E-4, -0.0026294836710185386, -8.034083620167532, 0.0, 1.465939828739642, -6.568143791427903, 1.0049465907210442, 0.0, 0.8424101031661857, 1.8473566938872097, 6.328000000000002
0.001314629258517034, 0.3325646079916625, 3.138446172393287E-4, 1.870149285431775, -0.002835453826762612, 0.0, 1.9686671741058097E-4, -0.0026385871093520287, -8.029958535965182, 0.0, 1.4752984030060952, -6.554660132959098, 1.004619949732975, 0.0, 0.8480239283240707, 1.8526438780570265, 6.328000000000002
0.001320440881763527, 0.33402661860053007, 3.1523204008992935E-4, 1.8759450724824787, -0.0028465919255581834, 0.0, 1.989200814094231E-4, -0.002647671844148758, -8.02585495499194, 0.0, 1.4846727776379536, -6.541182177353999, 1.004292883870212, 0.0, 0.8536452927646673, 1.857938176634861, 6.328000000000001
0.00132625250501002, 0.3354885393156483, 3.1661946294053E-4, 1.88173191700492, -0.002857724345663548, 0.0, 2.009864626005383E-4, -0.0026567378830630066, -8.021772522573373, 0.0, 1.4940629700224468, -6.527709552550938, 1.0039655641604421, 0.0, 0.8592742532015571, 1.8632398173619784, 6.328000000000002
0.0013320641282565126, 0.33695037101235176, 3.180068857911307E-4, 1.8875097505348868, -0.002868851116176615, 0.0, 2.030658829443679E-4, -0.0026657852332322442, -8.017710887433802, 0.0, 1.5034690018168306, -6.514241885616985, 1.0036381598975128, 0.0, 0.8649108698468735, 1.8685490297443637, 6.328000000000003
0.0013378757515030057, 0.3384121145733599, 3.193943086417314E-4, 1.8932785185514494, -0.002879972265710289, 0.0, 2.0515836443436386E-4, -0.0026748139012759227, -8.013669701696307, 0.0, 1.512890898948387, -6.500778802747931, 1.0033108386200527, 0.0, 0.8705552064095053, 1.8738660450295384, 6.328000000000002
0.0013436873747494987, 0.3398737708884362, 3.2078173149233206E-4, 1.8990381805250482, -0.0028910878223971734, 0.0, 2.0726392910291162E-4, -0.0026838238932942594, -8.009648620882716, 0.0, 1.522328691614425, -6.4873199292683035, 1.0029837660906098, 0.0, 0.876207330093356, 1.8791910961839449, 6.328000000000002
0.0013494989979959918, 0.34133534085404893, 3.221691543429328E-4, 1.9047887099616299, -0.0029021978138942966, 0.0, 2.09382599027256E-4, -0.0026928152148670377, -8.005647303913621, 0.0, 1.531782414282278, -6.473864889631357, 1.0026571062753606, 0.0, 0.8818673115956354, 1.8845244178709735, 6.328000000000003
0.001355310621242485, 0.3427968253730299, 3.235565771935335E-4, 1.910530094442866, -0.002913302267387821, 0.0, 2.1151439633542416E-4, -0.0027017878710523953, -8.00166541310837, 0.0, 1.5412521056893074, -6.460413307419073, 1.0023310213243193, 0.0, 0.887535225105211, 1.8898662464295142, 6.328000000000001
0.0013611222444889777, 0.34425822535423506, 3.2494400004413415E-4, 1.9162623356624888, -0.0029244012095977633, 0.0, 2.1365934321215075E-4, -0.0027107418663856104, -7.997702614185059, 0.0, 1.550737808842901, -6.446964805342169, 1.0020056715520804, 0.0, 0.8932111483009879, 1.8952168198530492, 6.328000000000003
0.0013669338677354708, 0.3457195417122041, 3.2633142289473487E-4, 1.9219854494586897, -0.0029354946667827066, 0.0, 2.1581746190480212E-4, -0.002719677204877903, -7.9937585762605465, 0.0, 1.560239571020474, -6.433519005240084, 1.0016812154190073, 0.0, 0.8988951623503391, 1.9005763777693307, 6.328000000000001
0.0013727454909819637, 0.34718077536681946, 3.2771884574533554E-4, 1.9276994658426199, -0.002946582664744515, 0.0, 2.179887747293003E-4, -0.0027285938900152135, -7.989832971850446, 0.0, 1.569757443769466, -6.420075528080992, 1.0013578095129536, 0.0, 0.9045873519075673, 1.9059451614205054, 6.328000000000001
0.0013785571142284569, 0.34864192724296744, 3.2910626859593625E-4, 1.9334044290229893, -0.0029576652288330557, 0.0, 2.2017330407604803E-4, -0.0027374919247570057, -7.985925476869123, 0.0, 1.5792914829073441, -6.406633993961792, 1.0010356085314127, 0.0, 0.9102878051124121, 1.9113234136438044, 6.328000000000003
0.0013843687374749498, 0.3501029982701967, 3.304936914465369E-4, 1.939100397426719, -0.0029687423839509044, 0.0, 2.2237107241585198E-4, -0.0027463713115350504, -7.982035770629706, 0.0, 1.5888417485216009, -6.393194022108116, 1.0007147652641075, 0.0, 0.9159966135885962, 1.9167113788526873, 6.328000000000001
0.0013901803607214427, 0.3515639893823787, 3.3188111429713763E-4, 1.944787443715753, -0.0029798141545580685, 0.0, 2.245821023058483E-4, -0.0027552320522522184, -7.97816353584407, 0.0, 1.5984083049697577, -6.3797552308743235, 1.000395430576058, 0.0, 0.9217138724424011, 1.9221093030184424, 6.328000000000002
0.0013959919839679356, 0.35302490151736776, 3.332685371477383E-4, 1.9504656547998664, -0.002990880564676702, 0.0, 2.2680641639542622E-4, -0.0027640741482812745, -7.974308458622851, 0.0, 1.6079912208793596, -6.366317237743504, 1.0000777533910399, 0.0, 0.9274396802612825, 1.9275174336523047, 6.328000000000001
0.0014018036072144288, 0.35448573561666, 3.34655959998339E-4, 1.9561351318456415, -0.003001941637895818, 0.0, 2.290440374321527E-4, -0.002772897600463664, -7.9704702284754445, 0.0, 1.61759056914798, -6.352879659327477, 0.9997618806754484, 0.0, 0.9331741391125207, 1.9329360197879535, 6.328000000000003
0.001407615230460922, 0.3559464926250537, 3.3604338284893973E-4, 1.9617959902814919, -0.0030129973973760057, 0.0, 2.3129498826769614E-4, -0.0027817024091083076, -7.966648538309995, 0.0, 1.627206426943218, -6.3394421113667905, 0.9994479574225995, 0.0, 0.9389173545419048, 1.938365311964485, 6.328000000000002
0.0014134268537074146, 0.35740717349030865, 3.374308056995404E-4, 1.967448359798802, -0.003024047865854144, 0.0, 2.3355929186375175E-4, -0.00279048857399039, -7.962843084433404, 0.0, 1.6368388757026973, -6.326004208730722, 0.9991361266373731, 0.0, 0.944669435572442, 1.9438055622097945, 6.328000000000003
0.0014192384769539078, 0.35886777916280693, 3.388182285501411E-4, 1.9730923843491166, -0.003035093065648122, 0.0, 2.3583697129796516E-4, -0.002799256094350155, -7.959053566551335, 0.0, 1.646488001134073, -6.312565565417274, 0.9988265293212631, 0.0, 0.9504304947031165, 1.9492570240243612, 6.328000000000002
0.0014250501002004005, 0.3603283105952112, 3.402056514007417E-4, 1.9787282221374725, -0.003046133018661549, 0.0, 2.3812804976985663E-4, -0.00280800496889169, -7.955279687768198, 0.0, 1.6561538932150202, -6.29912579455319, 0.998519304457796, 0.0, 0.9562006479076514, 1.954719952365427, 6.328000000000003
0.0014308617234468936, 0.3617887687421256, 3.4159307425134244E-4, 1.9843560456117666, -0.0030571677463884736, 0.0, 2.4043255060674637E-4, -0.002816735195781726, -7.951521154587166, 0.0, 1.6658366461932466, -6.285684508393934, 0.998214588998269, 0.0, 0.9619800146333302, 1.9601946036315818, 6.328000000000003
0.0014366733466933865, 0.36324915455975515, 3.429804971019431E-4, 1.9899760414482603, -0.0030681972699180982, 0.0, 2.4275049726967722E-4, -0.0028254467726484193, -7.947777676910162, 0.0, 1.6755363585864815, -6.272241318323695, 0.9979125178478977, 0.0, 0.9677687177998244, 1.9656812356477034, 6.328000000000002
0.0014424849699398795, 0.3647094690055652, 3.443679199525438E-4, 1.9955884105331416, -0.0030792216099394918, 0.0, 2.450819133593407E-4, -0.0028341396965801493, -7.944048968037873, 0.0, 1.685253133182484, -6.2587958348554045, 0.9976132238522092, 0.0, 0.9735668837980623, 1.9711801076502513, 6.328000000000002
0.0014482965931863724, 0.3661697130379421, 3.457553428031445E-4, 2.001193367940177, -0.0030902407867463115, 0.0, 2.474268226220004E-4, -0.002842813964124309, -7.940334744669732, 0.0, 1.6949870770390363, -6.245347667630712, 0.9973168377838681, 0.0, 0.9793746424891163, 1.9766914802729618, 6.328000000000002
0.0014541082164328655, 0.36762988761585197, 3.471427656537452E-4, 2.0067911429044947, -0.003101254820241512, 0.0, 2.497852489554163E-4, -0.0028514695712860937, -7.936634726903938, 0.0, 1.704738301483951, -6.231896425420001, 0.997023488329716, 0.0, 0.985192127203129, 1.9822156155328239, 6.328000000000003
0.0014599198396793587, 0.3690899936985011, 3.485301885043459E-4, 2.012381978792371, -0.003112263729942065, 0.0, 2.5215721641476955E-4, -0.002860106513527294, -7.932948638237435, 0.0, 1.7145069221150644, -6.218441716122386, 0.9967333020782069, 0.0, 0.9910194747382491, 1.9877527768164376, 6.328000000000002
0.0014657314629258514, 0.37055003224499533, 3.499176113549466E-4, 2.0179661330672287, -0.0031232675349836705, 0.0, 2.54542749218586E-4, -0.0028687247857650824, -7.929276205565932, 0.0, 1.7242930588002383, -6.204983146765709, 0.9964464035070812, 0.0, 0.9968568253596044, 1.993303228866663, 6.328000000000003
0.0014715430861723445, 0.37201000421400027, 3.513050342055473E-4, 2.0235438772515986, -0.0031342662541254795, 0.0, 2.56941871754662E-4, -0.002877324382370817, -7.925617159183888, 0.0, 1.7340968356773654, -6.191520323506538, 0.9961629149713589, 0.0, 1.0027043227982981, 1.9988672377696406, 6.328000000000002
0.0014773547094188374, 0.37346991056340073, 3.5269245705614796E-4, 2.0291154968852503, -0.0031452599057548024, 0.0, 2.5935460858598694E-4, -0.002885905297168814, -7.921971232784523, 0.0, 1.7439183811543597, -6.178052851630178, 0.9958829566916144, 0.0, 1.0085621142504204, 2.004445070942017, 6.328000000000004
0.0014831663326653306, 0.37492975224996083, 3.540798799067487E-4, 2.0346812914794006, -0.003156248507891827, 0.0, 2.617809844566691E-4, -0.0028944675234351567, -7.918338163459806, 0.0, 1.753757827909165, -6.164580335550656, 0.9956066467425243, 0.0, 1.0144303503760945, 2.0100369971185996, 6.328000000000002
0.0014889779559118235, 0.37638953022898297, 3.5546730275734935E-4, 2.0402415744669833, -0.003167232078194336, 0.0, 2.642210242978588E-4, -0.002903011053896475, -7.9147176917004645, 0.0, 1.7636153128897496, -6.151102378810731, 0.9953341010416811, 0.0, 1.0203091852985362, 2.0156432863401954, 6.328000000000002
0.0014947895791583164, 0.3778492454539688, 3.5685472560795006E-4, 2.0457966731490393, -0.003178210633962418, 0.0, 2.6667475323367346E-4, -0.0029115358807287424, -7.911109561395991, 0.0, 1.7734909773141099, -6.137618584081895, 0.9950654333386538, 0.0, 1.0261987766031426, 2.021264209941777, 6.328000000000002
0.0015006012024048096, 0.37930889887627817, 3.582421484585508E-4, 2.051346928637173, -0.003189184192143189, 0.0, 2.6914219658712217E-4, -0.0029200419955560655, -7.9075135198346125, 0.0, 1.783384966670267, -6.124128553164362, 0.9948007552043633, 0.0, 1.0320992853365911, 2.026900040540934, 6.328000000000001
0.0015064128256513025, 0.38076849144478886, 3.5962957130915144E-4, 2.0568926957921247, -0.003200152769335502, 0.0, 2.7162337988602885E-4, -0.002928529389449472, -7.903929317703335, 0.0, 1.7932974307162701, -6.110631886987081, 0.9945401760206016, 0.0, 1.0380108760059767, 2.032551052026559, 6.328000000000003
0.0015122244488977956, 0.38222802410555706, 3.6101699415975216E-4, 2.0624343431583796, -0.0032111163817946683, 0.0, 2.741183288689579E-4, -0.002936998052925709, -7.90035670908791, 0.0, 1.8032285234801937, -6.0971281856077315, 0.9942838029698958, 0.0, 1.043933716577949, 2.038217519547827, 6.328000000000001
0.001518036072144288, 0.38368749780147615, 3.6240441701035277E-4, 2.0679722528949496, -0.003222075045437165, 0.0, 2.7662706949113734E-4, -0.0029454479759460266, -7.8967954514728405, 0.0, 1.8131784032601383, -6.0836170482127185, 0.9940317410255332, 0.0, 1.0498679784778848, 2.0438997195033997, 6.328000000000003
0.0015238476953907812, 0.3851469134719377, 3.637918398609535E-4, 2.0735068207021667, -0.003233028775845362, 0.0, 2.791496279303848E-4, -0.0029538791479149754, -7.893245305741394, 0.0, 1.8231472326242335, -6.070098073117175, 0.9937840929418541, 0.0, 1.0558138365890728, 2.049597929530907, 6.328000000000003
0.0015296593186372742, 0.3866062720524899, 3.6517926271155415E-4, 2.079038455744607, -0.0032439775882722247, 0.0, 2.8168603059302986E-4, -0.002962291557679193, -7.889706036175585, 0.0, 1.8331351784106307, -6.056570857764968, 0.993540959244745, 0.0, 1.061771469251914, 2.055312428496638, 6.328000000000001
0.0015354709418837673, 0.38806557447449835, 3.6656668556215487E-4, 2.0845675805700905, -0.00325492149764604, 0.0, 2.842363041198397E-4, -0.002970685193526198, -7.886177410456189, 0.0, 1.843142411727513, -6.043034998728693, 0.9933024382223583, 0.0, 1.0677410582631521, 2.0610434964854867, 6.328000000000002
0.0015412825651302605, 0.38952482166480534, 3.679541084127556E-4, 2.0900946310247823, -0.0032658605185751236, 0.0, 2.8680047539194297E-4, -0.002979060043183179, -7.882659199662742, 0.0, 1.853169107953087, -6.029490091709671, 0.9930686259160304, 0.0, 1.073722788875105, 2.066791414791116, 6.328000000000002
0.0015470941883767532, 0.39098401454538984, 3.6934153126335625E-4, 2.0956200561643445, -0.0032767946653525426, 0.0, 2.89378571536754E-4, -0.002987416093815788, -7.879151178273527, 0.0, 1.8632154467355846, -6.015935731537959, 0.9928396161114352, 0.0, 1.0797168497949263, 2.0725564659063433, 6.328000000000002
0.0015529058116232463, 0.39244315403302726, 3.7072895411395697E-4, 2.1011443181612597, -0.0032877239519608303, 0.0, 2.919706199338982E-4, -0.002995753332026931, -7.875653124165584, 0.0, 1.873281611993267, -6.002371512172335, 0.9926155003298982, 0.0, 1.0857234331838759, 2.078338933513754, 6.328000000000002
0.0015587174348697392, 0.39390224103894905, 3.7211637696455763E-4, 2.1066678922081397, -0.0032986483920766927, 0.0, 2.945766482211344E-4, -0.0030040717438555567, -7.872164818614719, 0.0, 1.8833677919144198, -5.988797026700315, 0.9923963678199035, 0.0, 1.0917427346566162, 2.0841391024764997, 6.328000000000002
0.0015645290581162324, 0.39536127646850255, 3.7350379981515835E-4, 2.11219126641721, -0.003309567999075734, 0.0, 2.971966843002814E-4, -0.0030123713147754516, -7.868686046295478, 0.0, 1.8934741789573557, -5.975211867338137, 0.992182305548843, 0.0, 1.0977749532805094, 2.089957258829335, 6.328000000000002
0.0015703406813627253, 0.3968202612208109, 3.74891222665759E-4, 2.117714941715836, -0.0033204827860371703, 0.0, 2.9983075634314036E-4, -0.003020652029694029, -7.86521659528117, 0.0, 1.9036009698504137, -5.961615625430774, 0.9919733981948984, 0.0, 1.1038202915749455, 2.095793689769824, 6.328000000000003
0.0015761523046092182, 0.3982791961884326, 3.7627864551635973E-4, 2.123239431738145, -0.0033313927657485404, 0.0, 3.0247889279742026E-4, -0.0030289138729511183, -7.861756257043868, 0.0, 1.91374836559196, -5.948007891451924, 0.9917697281390967, 0.0, 1.1098789555106772, 2.1016486836497528, 6.328000000000002
0.0015819639278557111, 0.39973808225702184, 3.776660683669604E-4, 2.128765262712762, -0.003342297950710427, 0.0, 3.051411223926624E-4, -0.0030371568283177634, -7.858304826454387, 0.0, 1.9239165714503852, -5.934388255004018, 0.9915713754575963, 0.0, 1.1159511545091654, 2.1075225299667424, 6.328000000000002
0.0015877755511022043, 0.40119692030498716, 3.790534912175611E-4, 2.134292973346606, -0.003353198353141168, 0.0, 3.078174741461638E-4, -0.003045380878995004, -7.85486210178231, 0.0, 1.9341057969641107, -5.920756304818214, 0.9913784179140772, 0.0, 1.1220371014419552, 2.113415519356016, 6.328000000000003
0.0015935871743486974, 0.4026557112031523, 3.8044091406816183E-4, 2.1398231147047837, -0.0033640939849815753, 0.0, 3.105079773689021E-4, -0.0030535860076126714, -7.851427884695964, 0.0, 1.9443162559415792, -5.9071116287544, 0.9911909309523592, 0.0, 1.1281370126300416, 2.1193279435823817, 6.328000000000002
0.0015993987975951901, 0.40411445581441546, 3.818283369187625E-4, 2.145356250086595, -0.003374984857899645, 0.0, 3.132126616714599E-4, -0.003061772196228184, -7.84800198026244, 0.0, 1.9545481664612605, -5.893453813801197, 0.9910089876891196, 0.0, 1.13425110784327, 2.1252600955323686, 6.328000000000001
0.0016052104208416833, 0.40557315499340946, 3.832157597693632E-4, 2.1508929548975853, -0.0033858709832952816, 0.0, 3.1593155696994936E-4, -0.0030699394263253308, -7.844584196947582, 0.0, 1.9648017508716555, -5.879782446075946, 0.9908326589068155, 0.0, 1.1403796102997452, 2.131212269206538, 6.328000000000001
0.0016110220440881762, 0.40703180958616075, 3.846031826199639E-4, 2.156433816517728, -0.0033967523723050057, 0.0, 3.186646934919356E-4, -0.0030780876788130693, -7.841174346615996, 0.0, 1.9750772357912862, -5.866097110824727, 0.9906620130467425, 0.0, 1.1465227466652401, 2.1371847597119635, 6.328000000000002
0.001616833667334669, 0.40849042042975003, 3.8599060547056454E-4, 2.161979434165669, -0.003407629035806672, 0.0, 3.2141210178236214E-4, -0.0030862169340243094, -7.837772244531032, 0.0, 1.9853748521087036, -5.852397392422345, 0.9904971162022452, 0.0, 1.1526807470526343, 2.143177863254862, 6.328000000000002
0.001622645290581162, 0.4099489883519718, 3.873780283211652E-4, 2.167530418759077, -0.003418500984424187, 0.0, 3.2417381270947397E-4, -0.0030943271717147115, -7.834377709354803, 0.0, 1.9956948349824852, -5.838682874372334, 0.9903380321120687, 0.0, 1.1588538450213568, 2.1491918771334064, 6.328000000000002
0.001628456913827655, 0.4114075141709935, 3.887654511717659E-4, 2.1730873927710825, -0.00342936822853222, 0.0, 3.269498574707438E-4, -0.003102418371061474, -7.830990563148177, 0.0, 2.006037423841233, -5.82495313930696, 0.9901848221538533, 0.0, 1.1650422775768354, 2.1552270997306673, 6.328000000000001
0.0016342685370741479, 0.41286599869501617, 3.901528740223666E-4, 2.1786509900827875, -0.003440230778260922, 0.0, 3.2974026759879417E-4, -0.0031104905106621268, -7.827610631370777, 0.0, 2.0164028623835804, -5.811207768987217, 0.9900375453377745, 0.0, 1.1712462851699752, 2.161283830507726, 6.328000000000003
0.001640080160320641, 0.4143244427219341, 3.915402968729673E-4, 2.1842218558318875, -0.0034510886435006436, 0.0, 3.325450749673233E-4, -0.003118543568533319, -7.824237742880987, 0.0, 2.02679139857818, -5.797446344302825, 0.9898962583003171, 0.0, 1.177466111696622, 2.167362369996919, 6.328000000000001
0.0016458917835671342, 0.4157828470389937, 3.92927719723568E-4, 2.189800646257366, -0.003461941833906644, 0.0, 3.353643117970293E-4, -0.003126577522109614, -7.820871729935939, 0.0, 2.0372032846637147, -5.783668445272238, 0.9897610152981818, 0.0, 1.1837020044970614, 2.173463019795228, 6.328000000000001
0.001651703406813627, 0.4172412124224543, 3.943151425741687E-4, 2.195388028540307, -0.003472790358903809, 0.0, 3.381980106615328E-4, -0.003134592348242275, -7.817512428191519, 0.0, 2.047638777148895, -5.769873651042642, 0.9896318682023076, 0.0, 1.1899542143555213, 2.1795860825578095, 6.328000000000001
0.00165751503006012, 0.41869953963724754, 3.957025654247694E-4, 2.200984680640735, -0.003483634227691371, 0.0, 3.410462044933044E-4, -0.0031425880231980663, -7.814159676702384, 0.0, 2.0580981368124567, -5.756061539889942, 0.9895088664920277, 0.0, 1.1962229954996724, 2.185731861991684, 6.328
0.001663326653306613, 0.42015782943663726, 3.9708998827537006E-4, 2.2065912911306342, -0.003494473449247619, 0.0, 3.4390892658958607E-4, -0.0031505645226580317, -7.810813317921929, 0.0, 2.0685816287031615, -5.742231689218785, 0.9893920572493662, 0.0, 1.202508605600158, 2.191900662849505, 6.328000000000001
0.001669138276553106, 0.4216160825618789, 3.984774111259708E-4, 2.212208559022969, -0.003505308032334616, 0.0, 3.4678621061831724E-4, -0.003158521821716297, -7.807473197702316, 0.0, 2.0790895221397974, -5.728383675562535, 0.9892814851534247, 0.0, 1.2088113057701182, 2.1980927909235226, 6.328000000000002
0.001674949899799599, 0.4230742997418797, 3.9986483397657144E-4, 2.21783719359687, -0.0035161379855029123, 0.0, 3.4967809062405803E-4, -0.0031664598948788537, -7.804139165294458, 0.0, 2.0896220907111784, -5.714517074583295, 0.9891771924748928, 0.0, 1.2151313605647358, 2.2043085530396134, 6.328000000000002
0.001680761523046092, 0.42453248169285834, 4.0125225682717216E-4, 2.223477914218814, -0.0035269633170962674, 0.0, 3.525846010339144E-4, -0.003174378716062353, -7.800811073348023, 0.0, 2.1001796122761482, -5.700631461071893, 0.9890792190707056, 0.0, 1.221469037980786, 2.2105482570514745, 6.328000000000002
0.001686573146292585, 0.4259906291180048, 4.026396796777729E-4, 2.2291314501600277, -0.003537784035256361, 0.0, 3.555057766634627E-4, -0.0031822782585928977, -7.797488777911442, 0.0, 2.110762368963572, -5.686726408947886, 0.9889876023787522, 0.0, 1.2278246094561902, 2.216812211834924, 6.328000000000002
0.001692384769539078, 0.4274487427071396, 4.0402710252837354E-4, 2.2347985404098414, -0.003548600147927505, 0.0, 3.584416527226723E-4, -0.0031901584952048314, -7.794172138431894, 0.0, 2.1213706471723457, -5.672801491259564, 0.98890237741274, 0.0, 1.2341983498695923, 2.223100727282313, 6.328000000000001
0.0016981963927855711, 0.4289068231363747, 4.0541452537897426E-4, 2.2404799334852417, -0.0035594116628613645, 0.0, 3.61392264821832E-4, -0.0031980193980395313, -7.790861017755314, 0.0, 2.132004737571389, -5.658856280183941, 0.9888235767571528, 0.0, 1.2405905375399304, 2.229414114297064, 6.328000000000002
0.001704008016032064, 0.4303648710677717, 4.068019482295749E-4, 2.246176387236428, -0.0035702185876216727, 0.0, 3.643576489774733E-4, -0.0032058609386441993, -7.787555282126401, 0.0, 2.1426649350996505, -5.6448903470267675, 0.9887512305623046, 0.0, 1.247001454226025, 2.235752684788314, 6.328000000000002
0.001709819639278557, 0.43182288714900335, 4.0818937108017564E-4, 2.251888668648535, -0.0035810209295889478, 0.0, 3.673378416182946E-4, -0.003213683087970652, -7.784254801188598, 0.0, 2.1533515389661004, -5.630903262222515, 0.9886853665395118, 0.0, 1.2534313851261736, 2.2421167516656655, 6.328000000000001
0.0017156312625250497, 0.4332808720130119, 4.0957679393077625E-4, 2.257617553639369, -0.0035918186959652, 0.0, 3.703328795910864E-4, -0.0032214858163741125, -7.780959447984115, 0.0, 2.164064852649739, -5.616894595334389, 0.9886260099563158, 0.0, 1.2598806188777512, 2.2485066288340505, 6.328000000000002
0.0017214428857715428, 0.43473882627766997, 4.1096421678137697E-4, 2.2633638268533134, -0.003602611893778657, 0.0, 3.733428001666545E-4, -0.003229269093612003, -7.777669098953906, 0.0, 2.1748051838995974, -5.602863915054328, 0.988573183631877, 0.0, 1.2663494475568302, 2.25492263118869, 6.328000000000001
0.001727254509018036, 0.43619675054543916, 4.123516396319777E-4, 2.2691282814512634, -0.003613400529888478, 0.0, 3.7636764104574525E-4, -0.0032370328888427316, -7.774383633937698, 0.0, 2.1855728447347245, -5.588810789202991, 0.9885269079324016, 0.0, 1.272838166677783, 2.2613650746101635, 6.328000000000001
0.0017330661322645287, 0.43765464540303073, 4.1373906248257835E-4, 2.2749117188966634, -0.0036241846109894595, 0.0, 3.794074403649692E-4, -0.0032447771706244897, -7.771102936173956, 0.0, 2.1963681514441986, -5.574734784729773, 0.9884872007666812, 0.0, 1.2793470751929195, 2.2678342759595833, 6.328000000000001
0.0017388777555110218, 0.4391125114210655, 4.1512648533317906E-4, 2.2807149487376317, -0.0036349641436167653, 0.0, 3.824622367027263E-4, -0.0032525019069140387, -7.767826892299904, 0.0, 2.207191424587126, -5.560635467712796, 0.9884540775817344, 0.0, 1.2858764754921206, 2.2743305530738365, 6.328000000000002
0.0017446893787575147, 0.44057034915373255, 4.1651390818377973E-4, 2.2865387883852137, -0.00364573913415063, 0.0, 3.8553206908512896E-4, -0.003260207065065501, -7.7645553923515385, 0.0, 2.218042988992642, -5.546512403358912, 0.9884275513584924, 0.0, 1.2924266734024805, 2.2808542247609562, 6.328000000000002
0.0017505010020040079, 0.44202815913845017, 4.1790133103438045E-4, 2.2923840628876944, -0.003656509588821085, 0.0, 3.8861697699192784E-4, -0.003267892611829157, -7.761288329763588, 0.0, 2.2289231737599007, -5.532365156003705, 0.9884076326076481, 0.0, 1.2989979781879428, 2.2874056107955747, 6.328000000000002
0.0017563126252505008, 0.443485941895525, 4.192887538849811E-4, 2.298251604700935, -0.003667275513712661, 0.0, 3.917170003624349E-4, -0.003275558513350225, -7.758025601369552, 0.0, 2.239832312258088, -5.5181932891114815, 0.9883943293654947, 0.0, 1.3055907025489706, 2.2939850319144455, 6.328000000000001
0.0017621242484969937, 0.4449436979278118, 4.206761767355818E-4, 2.3041422534549616, -0.0036780369147691168, 0.0, 3.9483217960144875E-4, -0.003283204735167667, -7.754767107401683, 0.0, 2.250770742126416, -5.503996365275284, 0.9883876471899119, 0.0, 1.3122051626222015, 2.300592809812094, 6.328000000000001
0.0017679358717434866, 0.44640142772037367, 4.220635995861825E-4, 2.3100568557164456, -0.003688793797798144, 0.0, 3.9796255558517804E-4, -0.0032908312422129664, -7.751512751490987, 0.0, 2.2617388052741227, -5.489773946216881, 0.9883875891564121, 0.0, 1.3188416779801195, 2.307229267136515, 6.328000000000001
0.0017737474949899798, 0.4478591317401414, 4.234510224367832E-4, 2.315996264747466, -0.003699546168476095, 0.0, 4.0110816966716677E-4, -0.0032984379988089275, -7.7482624406672285, 0.0, 2.272736847880473, -5.475525592786772, 0.9883941558542682, 0.0, 1.3255005716307258, 2.313894727484976, 6.328000000000002
0.001779559118236473, 0.44931681043557314, 4.248384452873839E-4, 2.3219613402601817, -0.003710294032352682, 0.0, 4.0426906368421785E-4, -0.003306024968668464, -7.745016085358923, 0.0, 2.2837652203947543, -5.461250864964186, 0.9884073453826997, 0.0, 1.3321821700172203, 2.320589515399902, 6.328000000000001
0.0017853707414829658, 0.45077446423631473, 4.262258681379846E-4, 2.3279529481677548, -0.003721037394855708, 0.0, 4.074452799623176E-4, -0.0033135921148933897, -7.741773599393348, 0.0, 2.2948242775362857, -5.446949321857078, 0.9884271533471551, 0.0, 1.338886803017698, 2.327313956364835, 6.328
0.0017911823647294588, 0.452232093552859, 4.276132909885853E-4, 2.333971960331243, -0.0037317762612957715, 0.0, 4.106368613225604E-4, -0.003321139399973211, -7.738534899996535, 0.0, 2.305914378294412, -5.432620521702138, 0.9884535728556502, 0.0, 1.3456148039448346, 2.3340683768004693, 6.328000000000002
0.0017969939879759517, 0.45368969877620563, 4.2900071383918597E-4, 2.340019254302633, -0.003742510636870989, 0.0, 4.138438510870728E-4, -0.0033286667857839163, -7.735299907793266, 0.0, 2.3170358859285005, -5.418264021864781, 0.9884865945152038, 0.0, 1.3523665095455857, 2.340853104060773, 6.328000000000001
0.0018028056112224448, 0.45514728027752127, 4.303881366897867E-4, 2.346095713063985, -0.0037532405266717072, 0.0, 4.1706629308493805E-4, -0.003336174233586769, -7.732068546807083, 0.0, 2.32818916796795, -5.403879378839151, 0.9885262064282997, 0.0, 1.3591422600008993, 2.3476684664291816, 6.328000000000002
0.0018086172344689375, 0.45660483840779864, 4.317755595403873E-4, 2.352202224762576, -0.0037639659356852183, 0.0, 4.203042316581195E-4, -0.003343661704027098, -7.72884074446029, 0.0, 2.339374596212179, -5.389466148248126, 0.9885723941894553, 0.0, 1.365942398925419, 2.3545147931148573, 6.328000000000001
0.0018144288577154305, 0.45806237349751705, 4.33162982390988E-4, 2.358339682442268, -0.003774686868800476, 0.0, 4.2355771166738667E-4, -0.0033511291571330895, -7.725616431573935, 0.0, 2.350592546730642, -5.375023884843308, 0.9886251408818382, 0.0, 1.3727672733672114, 2.3613924142490355, 6.328000000000001
0.0018202404809619234, 0.45951988585630155, 4.345504052415887E-4, 2.3645089837708637, -0.003785403330812812, 0.0, 4.2682677849823793E-4, -0.003358576552314575, -7.722395542367829, 0.0, 2.3618433998628117, -5.360552142505033, 0.9886844270739513, 0.0, 1.3796172338074764, 2.3683016608814147, 6.328000000000002
0.0018260521042084165, 0.4609773757725833, 4.359378280921894E-4, 2.3707110307635375, -0.003796115326428654, 0.0, 4.301114780668257E-4, -0.0033660038483618276, -7.719178014460538, 0.0, 2.373127540218191, -5.346050474242362, 0.9887502308163902, 0.0, 1.386492634160283, 2.375242864976656, 6.328
0.0018318637274549097, 0.4624348435132587, 4.373252509427901E-4, 2.376946729502511, -0.003806822860270232, 0.0, 4.334118568258808E-4, -0.0033734110034443505, -7.71596378886938, 0.0, 2.3844453566763066, -5.331518432193088, 0.9888225276386302, 0.0, 1.3933938317722971, 2.382216359410911, 6.328000000000001
0.0018376753507014026, 0.4638922893233495, 4.387126737933908E-4, 2.383216989852542, -0.003817525936880302, 0.0, 4.3672796177063593E-4, -0.0033807979751096662, -7.712752810010434, 0.0, 2.3957972423867164, -5.316955567623736, 0.9889012905459211, 0.0, 1.4003211874225274, 2.3892224779684312, 6.328000000000001
0.0018434869739478955, 0.4653497134256629, 4.401000966439915E-4, 2.3895227251728315, -0.003828224560726862, 0.0, 4.400598404447511E-4, -0.003388164720282109, -7.709545025698535, 0.0, 2.407183594768998, -5.302361430929552, 0.9889864900162018, 0.0, 1.4072750653220545, 2.396261555338238, 6.328000000000002
0.0018492985971943884, 0.46680711602045055, 4.4148751949459216E-4, 2.3958648520247596, -0.003838918736207861, 0.0, 4.434075409462377E-4, -0.0033955111952616223, -7.706340387147269, 0.0, 2.4186048155127624, -5.287735571634522, 0.9890780939970979, 0.0, 1.4142558331137955, 2.403333927110876, 6.328000000000002
0.0018551102204408816, 0.46826449728506914, 4.428749423451929E-4, 2.4022442898758243, -0.003849608467655921, 0.0, 4.4677111193338226E-4, -0.00340283735572254, -7.703138848968979, 0.0, 2.430061310577642, -5.273077538391353, 0.9891760679029613, 0.0, 1.4212638618722409, 2.4104399297751895, 6.328
0.0018609218436873745, 0.4697218573736396, 4.4426236519579354E-4, 2.408661960799673, -0.003860293759343052, 0.0, 4.501506026306712E-4, -0.0034101431567123796, -7.699940369174765, 0.0, 2.441553490193299, -5.258386878981485, 0.9892803746119786, 0.0, 1.428299526103223, 2.4175799007151806, 6.328000000000001
0.0018667334669338674, 0.471179196416707, 4.4564978804639426E-4, 2.415118789172154, -0.0038709746154853585, 0.0, 4.5354606283471495E-4, -0.003417428552650643, -7.696744909174487, 0.0, 2.4530817688594184, -5.243663140315086, 0.9893909744632986, 0.0, 1.4353632037436672, 2.4247541782069457, 6.328000000000002
0.0018725450901803606, 0.4726365145209007, 4.4703721089699497E-4, 2.4216157013635753, -0.003881651040247767, 0.0, 4.5695754292017314E-4, -0.003424693497327594, -7.693552433776755, 0.0, 2.4646465653457152, -5.228905868431056, 0.9895078252542674, 0.0, 1.4424552761613703, 2.4319631014156218, 6.328
0.0018783567134268535, 0.4740938117685935, 4.4842463374759564E-4, 2.4281536254269493, -0.003892323037748737, 0.0, 4.603850938456772E-4, -0.0034319379439030602, -7.6903629111889344, 0.0, 2.476248302691929, -5.21411460849702, 0.989630882237688, 0.0, 1.4495761281547612, 2.439207010392436, 6.328000000000001
0.0018841683366733466, 0.4755510882175618, 4.4981205659819635E-4, 2.434733490782323, -0.0039029906120649736, 0.0, 4.6382876715975673E-4, -0.003439161844905216, -7.687176313017148, 0.0, 2.4878874082078255, -5.199288904809339, 0.9897600981191103, 0.0, 1.4567261479526763, 2.446486246071769, 6.328000000000001
0.0018899799599198395, 0.47700834390064556, 4.51199479448797E-4, 2.441356227897332, -0.003913653767236145, 0.0, 4.6728861500676215E-4, -0.003446365152229383, -7.683992614266278, 0.0, 2.4995643134731966, -5.184428300793095, 0.9898954230541931, 0.0, 1.4639057272141431, 2.453801150268323, 6.328000000000001
0.0018957915831663325, 0.4784655788254074, 4.5258690229939773E-4, 2.4480227679636135, -0.0039243125072696, 0.0, 4.707646901327897E-4, -0.0034535478171368113, -7.680811793339957, 0.0, 2.511279454337864, -5.1695323390021075, 0.9900368046461309, 0.0, 1.4711152610281624, 2.4611520656742814, 6.328000000000001
0.0019016032064128254, 0.4799227929737931, 4.539743251499984E-4, 2.454734042569587, -0.003934966836145083, 0.0, 4.742570458916066E-4, -0.003460709790253476, -7.677633832040578, 0.0, 2.5230332709216707, -5.15460056111892, 0.9901841879430935, 0.0, 1.4783551479134887, 2.4685393358565686, 6.328000000000001
0.0019074148296593183, 0.48137998630179113, 4.5536174800059906E-4, 2.4614909833690772, -0.003945616757819444, 0.0, 4.777657362505732E-4, -0.003467851021568871, -7.674458715569282, 0.0, 2.5348262076144916, -5.139632507954807, 0.9903375154357285, 0.0, 1.4856257898184304, 2.475963305254142, 6.328000000000002
0.0019132264529058115, 0.4828371587390921, 4.567491708511998E-4, 2.468294521746178, -0.003956262276231363, 0.0, 4.812908157965704E-4, -0.0034749714604347926, -7.67128643252598, 0.0, 2.5466587130762237, -5.124627719449769, 0.9904967270547028, 0.0, 1.4929275921206353, 2.483424319175325, 6.328
0.0019190380761523044, 0.484294310188749, 4.5813659370180044E-4, 2.47514558847611, -0.003966903395306058, 0.0, 4.848323397419207E-4, -0.0034820710555641373, -7.6681169749093225, 0.0, 2.558531240236791, -5.109585734672545, 0.9906617601683241, 0.0, 1.5002609636268933, 2.4909227237952036, 6.328000000000002
0.0019248496993987973, 0.48575144052683683, 4.5952401655240116E-4, 2.4820451133822994, -0.003977540118960005, 0.0, 4.883903639303147E-4, -0.0034891497550296907, -7.664950338116725, 0.0, 2.5704442462961454, -5.094506091820595, 0.9908325495801397, 0.0, 1.5076263165729407, 2.4984588661530664, 6.328
0.0019306613226452902, 0.4872085496021121, 4.609114394030018E-4, 2.4889940249893785, -0.003988172451105653, 0.0, 4.919649448427353E-4, -0.0034962075062629177, -7.661786520944362, 0.0, 2.5823981927242645, -5.079388328220111, 0.9910090275266323, 0.0, 1.5150240666232595, 2.5060330941498785, 6.328000000000001
0.0019364729458917834, 0.48866563723567286, 4.6229886225360254E-4, 2.4959932501723827, -0.003998800395656135, 0.0, 4.955561396033806E-4, -0.003503244256052755, -7.658625525587151, 0.0, 2.5943935452611537, -5.064231980326012, 0.9911911236749413, 0.0, 1.5224546328708952, 2.5136457565458254, 6.328000000000001
0.0019422845691382763, 0.4901227032206187, 4.636862851042032E-4, 2.503043713802067, -0.00400942395652999, 0.0, 4.991640059855898E-4, -0.0035102599505444014, -7.655467357638781, 0.0, 2.606430773916842, -5.049036583721954, 0.9913787651206191, 0.0, 1.5299184378372581, 2.5212972029578644, 6.328
0.0019480961923847692, 0.49157974732171017, 4.650737079548039E-4, 2.510146338386172, -0.0040200431376558755, 0.0, 5.027886024177673E-4, -0.003517254535238109, -7.652312026091686, 0.0, 2.6185103529713882, -5.033801673120313, 0.9915718763854338, 0.0, 1.537415907471948, 2.528987783857369, 6.328000000000002
0.001953907815631262, 0.4930367692750283, 4.664611308054046E-4, 2.5173020437068976, -0.004030657942977284, 0.0, 5.064299879893055E-4, -0.0035242279549879785, -7.649159543337058, 0.0, 2.630632760974873, -5.0185267823621995, 0.9917703794152176, 0.0, 1.5449474711525693, 2.5367178505677717, 6.328
0.0019597194388777553, 0.4944937687876352, 4.678485536560053E-4, 2.524511746454489, -0.004041268376457252, 0.0, 5.100882224565112E-4, -0.0035311801540007415, -7.646009925164848, 0.0, 2.64279848074741, -5.003211444417451, 0.9919741935777153, 0.0, 1.5525135616845556, 2.544487755262259, 6.328000000000001
0.0019655310621242484, 0.49595074553723323, 4.69235976506606E-4, 2.531776359856776, -0.0040518744420830885, 0.0, 5.137633662485295E-4, -0.00353811107583456, -7.642863190763758, 0.0, 2.6550079993791327, -4.987855191384638, 0.9921832356605482, 0.0, 1.5601146153009902, 2.5522978509615286, 6.328000000000001
0.001971342685370741, 0.4974076991718244, 4.706233993572067E-4, 2.5390967933049247, -0.004062476143871077, 0.0, 5.174554804732656E-4, -0.0035450206633978127, -7.639719362721248, 0.0, 2.667261808230204, -4.972457554491057, 0.9923974198691287, 0.0, 1.567751071662444, 2.560148491531562, 6.328000000000002
0.0019771543086172343, 0.49886462930937175, 4.720108222078074E-4, 2.5464739519752193, -0.004073073485871202, 0.0, 5.211646269233132E-4, -0.003551908858947889, -7.636578467023541, 0.0, 2.679560402930817, -4.957018064092734, 0.9926166578246586, 0.0, 1.5754233738567986, 2.568040031681446, 6.328
0.0019829659318637274, 0.500321535537457, 4.7339824505840806E-4, 2.553908736446992, -0.004083666472171856, 0.0, 5.248908680818766E-4, -0.0035587756040899804, -7.633440533055596, 0.0, 2.6919042833811826, -4.94153624967443, 0.9928408585621756, 0.0, 1.5831319683990783, 2.57597282696124, 6.328000000000001
0.00198877755511022, 0.5017784174129416, 4.747856679090088E-4, 2.56140204231653, -0.0040942551069045605, 0.0, 5.286342671286936E-4, -0.0035656208397758676, -7.630305593601154, 0.0, 2.704293953751544, -4.926011639849625, 0.9930699285285745, 0.0, 1.5908773052313008, 2.583947233759863, 6.328000000000001
0.0019945891783567133, 0.5032352744616266, 4.7617309075960945E-4, 2.5689547598072, -0.00410483939424868, 0.0, 5.323948879459641E-4, -0.003572444506302716, -7.627173684842692, 0.0, 2.7167299224821693, -4.9104437623605355, 0.9933037715807339, 0.0, 1.5986598377223034, 2.591963609303025, 6.328000000000001
0.0020004008016032064, 0.5046921061779117, 4.7756051361021016E-4, 2.5765677733756025, -0.004115419338436135, 0.0, 5.361727951242693E-4, -0.0035792465433118668, -7.62404484636145, 0.0, 2.7292127022833554, -4.894832144078109, 0.9935422889836277, 0.0, 1.6064800226675968, 2.6000223116512107, 6.328
0.002006212424849699, 0.5061489120244557, 4.7894793646081077E-4, 2.584241961313804, -0.004125994943756121, 0.0, 5.399680539684996E-4, -0.0035860268897876216, -7.620919121137426, 0.0, 2.7417428101354218, -4.879176311002015, 0.9937853794084778, 0.0, 1.6143383202892028, 2.6081236996976696, 6.328000000000001
0.0020120240480961922, 0.5076056914318358, 4.803353593114115E-4, 2.5919781953476324, -0.004136566214559823, 0.0, 5.437807305037788E-4, -0.0035927854840560464, -7.617796555549364, 0.0, 2.754320767288717, -4.863475788260661, 0.9940329389309703, 0.0, 1.622235194235507, 2.616268133166466, 6.328
0.002017835671342685, 0.5090624437982073, 4.817227821620122E-4, 2.5997773402311726, -0.004147133155265133, 0.0, 5.476108914813857E-4, -0.003599522263783748, -7.614677199374778, 0.0, 2.7669470992636147, -4.847730100111175, 0.9942848610294486, 0.0, 1.6301711115811097, 2.624455972610547, 6.328000000000001
0.002023647294589178, 0.5105191684889644, 4.8311020501261287E-4, 2.6076402533372516, -0.0041576957703613575, 0.0, 5.514586043846815E-4, -0.003606237165976676, -7.611561105789929, 0.0, 2.779622335850518, -4.831938769939424, 0.994541036583174, 0.0, 1.6381465428266795, 2.6326875794098408, 6.328000000000001
0.0020294589178356712, 0.5119758648363985, 4.844976278632136E-4, 2.615567784244041, -0.004168254064413942, 0.0, 5.553239374350325E-4, -0.003612930126978909, -7.608448331369834, 0.0, 2.7923470111098516, -4.816101320259995, 0.9948013538706245, 0.0, 1.6461619618988057, 2.640963315769417, 6.328000000000001
0.002035270541082164, 0.5134325321393588, 4.8588505071381425E-4, 2.623560774317733, -0.004178808042069183, 0.0, 5.59206959597735E-4, -0.00361960108247145, -7.605338936088267, 0.0, 2.8051216633720673, -4.800217272716211, 0.9950656985677924, 0.0, 1.654217846149859, 2.6492835447176444, 6.327999999999999
0.002041082164328657, 0.5148891696629121, 4.8727247356441497E-4, 2.631620056291375, -0.004189357708058945, 0.0, 5.631077405879391E-4, -0.0036262499674710076, -7.6022329833177595, 0.0, 2.8179468352376493, -4.784286148080125, 0.995333953746525, 0.0, 1.6623146763578616, 2.6576486301043754, 6.328000000000001
0.00204689378757515, 0.5163457766380024, 4.886598964150157E-4, 2.6397464538396704, -0.0041999030672053754, 0.0, 5.670263508765734E-4, -0.003632876716328802, -7.599130539829594, 0.0, 2.830823073577099, -4.768307466252507, 0.995605999872908, 0.0, 1.670452936726332, 2.6660589365992275, 6.328000000000001
0.0020527054108216434, 0.5178023522611107, 4.900473192656164E-4, 2.6479407811499858, -0.004210444124425614, 0.0, 5.709628616962697E-4, -0.0036394812627293448, -7.596031675793819, 0.0, 2.843750929530954, -4.752280746262875, 0.9958817148056306, 0.0, 1.6786331148841704, 2.6745148296897923, 6.328
0.0020585170340681365, 0.5192588956939148, 4.914347421162171E-4, 2.6562038424894165, -0.004220980884736518, 0.0, 5.749173450472864E-4, -0.003646063539689232, -7.592936464779225, 0.0, 2.8567309585097727, -4.7362055062694655, 0.9961609737944536, 0.0, 1.6868557018855133, 2.6830166756799545, 6.328
0.002064328657314629, 0.5207154060629486, 4.928221649668177E-4, 2.6645364317679032, -0.004231513353259372, 0.0, 5.788898737034339E-4, -0.003652623479555939, -7.589844983753371, 0.0, 2.8697637201941375, -4.720081263559245, 0.9964436494786275, 0.0, 1.6951211922096037, 2.6915648416882196, 6.328000000000001
0.002070140280561122, 0.522171882459263, 4.942095878174184E-4, 2.6729393320974406, -0.004242041535224609, 0.0, 5.828805212179976E-4, -0.0036591610140066116, -7.586757313082557, 0.0, 2.882849778534661, -4.703907534547911, 0.9967296118853878, 0.0, 1.7034300837606737, 2.700159695646048, 6.328000000000001
0.002075951903807615, 0.523628323938085, 4.955970106680192E-4, 2.681413315347415, -0.004252565435976516, 0.0, 5.868893619296646E-4, -0.0036656760740468516, -7.58367353653186, 0.0, 2.895989701751985, -4.687683834779888, 0.9970187284284338, 0.0, 1.7117828778678144, 2.7088016062962352, 6.328000000000002
0.002081763527054108, 0.525084729518477, 4.969844335186199E-4, 2.689959141696045, -0.004263085060977958, 0.0, 5.909164709684443E-4, -0.0036721685900095147, -7.580593741265094, 0.0, 2.9091840623367733, -4.671409678928332, 0.9973108639064846, 0.0, 1.7201800792848467, 2.717490943191322, 6.328000000000001
0.002087575150300601, 0.5265410981829969, 4.983718563692205E-4, 2.698577559177817, -0.004273600415815091, 0.0, 5.949619242615966E-4, -0.0036786384915534955, -7.577518017844831, 0.0, 2.9224334370497123, -4.655084580795129, 0.9976058805018275, 0.0, 1.7286221961902024, 2.726228076692021, 6.328000000000001
0.002093386773547094, 0.5279974288773588, 4.997592792198212E-4, 2.7072693032271644, -0.004284111506202077, 0.0, 5.990257985395541E-4, -0.0036850857076625235, -7.574446460232412, 0.0, 2.9357384069215278, -4.6387080533108955, 0.9979036377788587, 0.0, 1.7371097401868174, 2.7350133779656667, 6.328000000000001
0.002099198396793587, 0.5294537205100915, 5.011467020704219E-4, 2.7160350962180537, -0.0042946183379858, 0.0, 6.031081713418472E-4, -0.0036915101666439537, -7.571379165787921, 0.0, 2.9490995572529597, -4.6222796085349716, 0.9982039926827363, 0.0, 1.7456432263019932, 2.7438472189847203, 6.328
0.00210501002004008, 0.5309099719521987, 5.025341249210225E-4, 2.7248756469997613, -0.004305120917150581, 0.0, 6.072091210230256E-4, -0.0036979117961275557, -7.568316235270205, 0.0, 2.9625174776147793, -4.605798757655434, 0.998506799537961, 0.0, 1.7542231729873008, 2.752729972525254, 6.328000000000001
0.002110821643286573, 0.532366182036819, 5.039215477716233E-4, 2.733791650428806, -0.004315619249822894, 0.0, 6.113287267585897E-4, -0.0037042905230643053, -7.565257772836856, 0.0, 2.975992761847782, -4.589265010989083, 0.9988119100470505, 0.0, 1.7628501021184482, 2.761662012165492, 6.328
0.002116633266533066, 0.5338223495588857, 5.05308970622224E-4, 2.7427837868968172, -0.004326113342276082, 0.0, 6.15467068550906E-4, -0.0037106462737251764, -7.5622038860442355, 0.0, 2.9895260080627946, -4.5726778779814525, 0.9991191732891869, 0.0, 1.771524538995194, 2.7706437122843703, 6.328
0.002122444889779559, 0.535278473274786, 5.066963934728247E-4, 2.751852721854579, -0.0043366032009350694, 0.0, 6.196242272351385E-4, -0.0037169789736999316, -7.559154685847455, 0.0, 3.003117818640662, -4.556036867206802, 0.9994284357189152, 0.0, 1.7802470123412082, 2.779675448060115, 6.328
0.0021282565130260516, 0.5367345519020215, 5.080838163234253E-4, 2.7609991053321785, -0.004347088832381083, 0.0, 6.238002844851684E-4, -0.003723288547895916, -7.55611028660038, 0.0, 3.0167688002322657, -4.539341486368123, 0.9997395411648575, 0.0, 1.7890180543039942, 2.788757595468845, 6.328000000000001
0.0021340681362725447, 0.5381905841188676, 5.09471239174026E-4, 2.770223571455256, -0.004357570243356367, 0.0, 6.279953228195225E-4, -0.003729574920536846, -7.553070806055631, 0.0, 3.030479563758506, -4.522591242297135, 1.000052330828453, 0.0, 1.7978382004547555, 2.7978905312832016, 6.328
0.002139879759519038, 0.539646568564033, 5.108586620246267E-4, 2.779526737957198, -0.004368047440768888, 0.0, 6.322094256072943E-4, -0.003735838015161595, -7.550036365364592, 0.0, 3.044250724410313, -4.505785640954289, 1.000366643282679, 0.0, 1.8067079897883096, 2.8070746330709815, 6.328000000000001
0.002145691382765531, 0.5411025038363204, 5.122460848752275E-4, 2.788909205687604, -0.004378520431697065, 0.0, 6.364426770740683E-4, -0.0037420777546229972, -7.547007089077394, 0.0, 3.0580829016486435, -4.488924187428762, 1.0006823144708663, 0.0, 1.8156279647229807, 2.8163102791938366, 6.328
0.002151503006012024, 0.5425583884942852, 5.136335077258282E-4, 2.7983715581168287, -0.004388989223394475, 0.0, 6.406951623078473E-4, -0.0037482940610866298, -7.543983105142935, 0.0, 3.0719767192044785, -4.472006385938464, 1.0009991777054574, 0.0, 1.8245986711004922, 2.8255978488059466, 6.328
0.002157314629258517, 0.5440142210558956, 5.150209305764288E-4, 2.8079143608363903, -0.004399453823294577, 0.0, 6.449669672649737E-4, -0.003754486856029604, -7.5409645449088485, 0.0, 3.0859328050788237, -4.455031739830032, 1.0013170636668638, 0.0, 1.8336206581858718, 2.83493772185273, 6.328
0.00216312625250501, 0.545469999998193, 5.164083534270295E-4, 2.8175381610557917, -0.004409914239015414, 0.0, 6.492581787760558E-4, -0.0037606560602393597, -7.537951543121539, 0.0, 3.0999517915427166, -4.437999751578833, 1.0016358004022354, 0.0, 1.8426944786673576, 2.844330279069585, 6.328
0.0021689378757515027, 0.5469257237569509, 5.177957762776301E-4, 2.8272434870951653, -0.004420370478364345, 0.0, 6.535688845518905E-4, -0.003766801593812456, -7.534944237926174, 0.0, 3.114034315137219, -4.420909922788963, 1.0019552133243594, 0.0, 1.8518206886563, 2.853775901980653, 6.328000000000001
0.0021747494989979954, 0.5483813907263356, 5.191831991282308E-4, 2.8370308478741944, -0.00443082254934275, 0.0, 6.578991731893895E-4, -0.003772923376153362, -7.5319427708666575, 0.0, 3.128181016673417, -4.40376175419325, 1.002275125210523, 0.0, 1.860999847687057, 2.8632749728975733, 6.328
0.0021805611222444885, 0.5498369992585649, 5.205706219788315E-4, 2.846900732396927, -0.004441270460150748, 0.0, 6.622491341775015E-4, -0.003779021325973247, -7.528947286885664, 0.0, 3.1423925412324283, -4.386554745653244, 1.0025953562013814, 0.0, 1.8702325187169215, 2.8728278749182965, 6.328000000000001
0.0021863727454909817, 0.5512925476635688, 5.219580448294323E-4, 2.8568536092329513, -0.004451714219191909, 0.0, 6.666188579031392E-4, -0.0037850953612887715, -7.525957934324616, 0.0, 3.1566695381653878, -4.369288396159234, 1.0029157237998787, 0.0, 1.8795192681260025, 2.882434991925878, 6.328
0.0021921843687374744, 0.5527480342086482, 5.233454676800329E-4, 2.86688992599435, -0.004462153835077978, 0.0, 6.710084356570997E-4, -0.0037911453994208797, -7.522974864923692, 0.0, 3.1710126610934672, -4.351962203830233, 1.0032360428701723, 0.0, 1.8888606657171623, 2.8920967085873293, 6.328000000000001
0.0021979959919839675, 0.5542034571181361, 5.247328905306336E-4, 2.8770101088090065, -0.004472589316633583, 0.0, 6.754179596399933E-4, -0.0037971713569935907, -7.5199982338218385, 0.0, 3.1854225679078634, -4.3345756659139845, 1.0035561256365493, 0.0, 1.8982572847159138, 2.9018134103524558, 6.328
0.0022038076152304607, 0.555658814573057, 5.261203133812343E-4, 2.887214561789804, -0.004483020672900955, 0.0, 6.798475229681654E-4, -0.0038031731499327914, -7.517028199556737, 0.0, 3.1998999207697865, -4.31712827878696, 1.0038757816824253, 0.0, 1.9077097017703193, 2.911585483452738, 6.328
0.002209619238476954, 0.557114104710785, 5.27507736231835E-4, 2.897503666500146, -0.004493447913144641, 0.0, 6.842972196796204E-4, -0.0038091506934650214, -7.514064924064843, 0.0, 3.214445386110491, -4.299619537954359, 1.0041948179492708, 0.0, 1.9172184969509405, 2.921413314900205, 6.328000000000001
0.0022154308617234465, 0.5585693256247057, 5.288951590824356E-4, 2.9078777814151877, -0.004503871046856215, 0.0, 6.887671447399469E-4, -0.0038151039021162695, -7.511108572681356, 0.0, 3.2290596346312457, -4.282048938050121, 1.0045130387356314, 0.0, 1.9267842537507167, 2.93129729248634, 6.327999999999999
0.00222124248496994, 0.5600244753638756, 5.302825819330365E-4, 2.9183372413796747, -0.004514290083759007, 0.0, 6.932573940482431E-4, -0.0038210326897107653, -7.508159314140238, 0.0, 3.243743341303351, -4.264415972836896, 1.0048302456961178, 0.0, 1.9364075590849057, 2.941237804781016, 6.328
0.0022270541082164324, 0.5614795519326802, 5.316700047836371E-4, 2.928882357061294, -0.004524705033812803, 0.0, 6.977680644430371E-4, -0.0038269369693697676, -7.505217320574209, 0.0, 3.2584971853681304, -4.246720135206087, 1.0051462378404323, 0.0, 1.9460890032909905, 2.9512352411314184, 6.327999999999999
0.0022328657314629255, 0.5629345532904964, 5.330574276342378E-4, 2.939513414400661, -0.004535115907218574, 0.0, 7.022992537082191E-4, -0.0038328166535103567, -7.5022827675147346, 0.0, 3.2733218503369415, -4.228960917177801, 1.0054608115324077, 0.0, 1.9558291801286047, 2.9612899916610096, 6.328000000000001
0.0022386773547094186, 0.5643894773513498, 5.344448504848385E-4, 2.9502306740570425, -0.004545522714423181, 0.0, 7.068510605789558E-4, -0.003838671653844226, -7.499355833892043, 0.0, 3.288218023991156, -4.211137809900893, 1.0057737604890544, 0.0, 1.9656286867794428, 2.9714024472684923, 6.328000000000001
0.0022444889779559118, 0.5658443219835766, 5.358322733354392E-4, 2.961034370850143, -0.004555925466124093, 0.0, 7.114235847476225E-4, -0.0038445018813764724, -7.496436702035118, 0.0, 3.3031863983821856, -4.19325030365294, 1.0060848757796137, 0.0, 1.9754881238471977, 2.9815729996268066, 6.328000000000001
0.0022503006012024045, 0.5672990850094809, 5.372196961860398E-4, 2.971924713198348, -0.004566324173274109, 0.0, 7.160169268697226E-4, -0.0038503072464043876, -7.493525557671699, 0.0, 3.3182276698314572, -4.175297887840253, 1.0063939458246594, 0.0, 1.9854080953574695, 2.9918020411821202, 6.328
0.002256112224448897, 0.5687537642049973, 5.386071190366404E-4, 2.9829018825526568, -0.004576718847086064, 0.0, 7.206311885698158E-4, -0.0038560876585162504, -7.490622589928288, 0.0, 3.3333425389304274, -4.157280050997866, 1.0067007563951726, 0.0, 1.9953892087576923, 3.0020899651528627, 6.328
0.0022619238476953908, 0.5702083572993489, 5.399945418872413E-4, 2.9939660328268936, -0.004587109499037556, 0.0, 7.252664724474402E-4, -0.003861843026590116, -7.487727991330125, 0.0, 3.3485317105405876, -4.139196280789543, 1.0070050906116752, 0.0, 2.0054320749170738, 3.0124371655287443, 6.328000000000001
0.0022677354709418835, 0.5716628619747068, 5.413819647378419E-4, 3.005117289823975, -0.004597496140875644, 0.0, 7.299228820830356E-4, -0.00386757325879261, -7.4848419578012155, 0.0, 3.363795893793439, -4.121046064007783, 1.0073067289433255, 0.0, 2.015537308126492, 3.0228440370698153, 6.328
0.0022735470941883766, 0.5731172758658516, 5.427693875884426E-4, 3.0163557506582954, -0.004607878784621586, 0.0, 7.346005220438716E-4, -0.0038732782625777156, -7.481964688664329, 0.0, 3.3791358020905236, -4.102828886573811, 1.0076054492070614, 0.0, 2.0257055260984558, 3.033310975305514, 6.328000000000001
0.002279358717434869, 0.574571596559831, 5.441568104390432E-4, 3.027681483174181, -0.004618257442575532, 0.0, 7.392994978899665E-4, -0.0038789579446855673, -7.479096386640981, 0.0, 3.3945521531034064, -4.084544233537584, 1.0079010265667554, 0.0, 2.035937349967017, 3.0438383765337655, 6.328
0.0022851703406813625, 0.576025821595622, 5.45544233289644E-4, 3.0390945253603405, -0.00462863212732126, 0.0, 7.440199161800183E-4, -0.003884612211141242, -7.476237257851447, 0.0, 3.4100456687736758, -4.066191589077779, 1.0081932335323658, 0.0, 2.046233404287694, 3.054426637820052, 6.328000000000001
0.002290981963927855, 0.5774799484637879, 5.469316561402446E-4, 3.050594884760663, -0.004639002851730872, 0.0, 7.487618844773218E-4, -0.0038902409672535517, -7.4733875118147575, 0.0, 3.42561707531295, -4.047770436501812, 1.0084818399591227, 0.0, 2.056594317037419, 3.0650761569965397, 6.328
0.0022967935871743483, 0.5789339746061406, 5.483190789908454E-4, 3.0621825378807195, -0.004649369628969528, 0.0, 7.535255113556992E-4, -0.003895844117613831, -7.47054736144869, 0.0, 3.4412671032028688, -4.029280258245832, 1.0087666130467188, 0.0, 2.067020719614454, 3.0757873326611684, 6.328000000000001
0.0023026052104208414, 0.5803878974153991, 5.497065018414461E-4, 3.073857429590774, -0.00465973247250015, 0.0, 7.583109064054208E-4, -0.00390142156609473, -7.4677170230697945, 0.0, 3.456996487195099, -4.010720535874701, 1.0090473173384873, 0.0, 2.0775132468383326, 3.086560564176816, 6.328000000000001
0.0023084168336673346, 0.581841714234849, 5.510939246920468E-4, 3.0856194725245523, -0.004670091396088134, 0.0, 7.631181802391304E-4, -0.0039069732158490056, -7.464896716393365, 0.0, 3.4728059663113457, -3.992090750082028, 1.0093237147206184, 0.0, 2.088072536949802, 3.0973962516704145, 6.328000000000002
0.0023142284569138273, 0.5832954223580034, 5.524813475426474E-4, 3.0974685464742358, -0.004680446413806082, 0.0, 7.679474444977688E-4, -0.0039124989693083145, -7.462086664533453, 0.0, 3.488696283843318, -3.9733903806901396, 1.0095955644214094, 0.0, 2.0986992316107282, 3.1082947960321357, 6.328
0.0023200400801603204, 0.5847490190282616, 5.538687703932481E-4, 3.1094044977816466, -0.0046907975400385, 0.0, 7.727988118565006E-4, -0.003917998728182001, -7.459287094002869, 0.0, 3.504668187352776, -3.9546189066501, 1.0098626230104628, 0.0, 2.1093939759040765, 3.1192565989145344, 6.328
0.0023258517034068136, 0.5862025014385697, 5.552561932438488E-4, 3.12142713872527, -0.004701144789486525, 0.0, 7.776723960306359E-4, -0.003923472393455889, -7.456498234713175, 0.0, 3.520722428671489, -3.935775806041693, 1.0101246443979606, 0.0, 2.1201574183338026, 3.130282062731756, 6.328000000000001
0.0023316633266533067, 0.5876558667310795, 5.566436160944495E-4, 3.1335362469035566, -0.004711488177172631, 0.0, 7.825683117815547E-4, -0.003928919865391078, -7.453720319974696, 0.0, 3.5368597639012607, -3.916860556073443, 1.0103813798338932, 0.0, 2.1309902108248258, 3.1413715906587134, 6.327999999999999
0.002337474949899799, 0.5891091119968089, 5.580310389450502E-4, 3.1457315646143087, -0.004721827718445357, 0.0, 7.874866749226325E-4, -0.0039343410435227245, -7.450953586496504, 0.0, 3.553080953413913, -3.897872633082598, 1.0106325779073715, 0.0, 2.1418930087229424, 3.152525586630307, 6.328000000000001
0.0023432865731462926, 0.5905622342753023, 5.59418461795651E-4, 3.158012798230086, -0.004732163428984009, 0.0, 7.924276023251665E-4, -0.003939735826658844, -7.448198274386436, 0.0, 3.5693867618513124, -3.8788115125351297, 1.010877984545849, 0.0, 2.1528664707947924, 3.1637444553406366, 6.328000000000001
0.0023490981963927853, 0.5920152305542882, 5.608058846462516E-4, 3.1703796175697363, -0.004742495324803385, 0.0, 7.973912119242936E-4, -0.003945104112879093, -7.445454627151073, 0.0, 3.5857779581253246, -3.859676669025753, 1.0111173430144749, 0.0, 2.1639112592277616, 3.1750286022422336, 6.328000000000001
0.002354909819639278, 0.5934680977693415, 5.621933074968522E-4, 3.182831655265929, -0.0047528234222584875, 0.0, 8.023776227249219E-4, -0.003950445799533567, -7.442722891695762, 0.0, 3.60225531541787, -3.8404675762778986, 1.011350393915342, 0.0, 2.1750280396299697, 3.1863784335453085, 6.328000000000001
0.002360721442885771, 0.594920832803542, 5.635807303474529E-4, 3.1953685061290074, -0.004763147738049238, 0.0, 8.073869548076519E-4, -0.003955760783241589, -7.440003318324602, 0.0, 3.6188196111808737, -3.821183707143734, 1.0115768751868248, 0.0, 2.1862174810301673, 3.197794356216992, 6.328000000000001
0.0023665330661322643, 0.5963734324871337, 5.649681531980536E-4, 3.2079897265066606, -0.004773468289225195, 0.0, 8.124193293346983E-4, -0.003961048959890499, -7.437296160740449, 0.0, 3.635471627136302, -3.8018245336041527, 1.0117965221028988, 0.0, 2.1974802558777196, 3.209276777980616, 6.328000000000001
0.0023723446893787574, 0.5978258935971861, 5.663555760486544E-4, 3.220694833639836, -0.004783785093190263, 0.0, 8.17474868555819E-4, -0.003966310224634446, -7.434601676044913, 0.0, 3.652212149276134, -3.7823895267687835, 1.0120090672724593, 0.0, 2.2088170400425113, 3.220826107314969, 6.328
0.00237815631262525, 0.599278212857252, 5.67742998899255E-4, 3.233483305014669, -0.00479409816770742, 0.0, 8.225536958142367E-4, -0.003971544471893186, -7.431920124738359, 0.0, 3.669041967862385, -3.7628781568759764, 1.0122142406386836, 0.0, 2.2202285128149235, 3.232442753453609, 6.328000000000002
0.0023839679358717437, 0.60073038693703, 5.691304217498558E-4, 3.246354577710701, -0.004804407530903421, 0.0, 8.276559355525647E-4, -0.003976751595350859, -7.429251770719909, 0.0, 3.685961877427101, -3.7432898932928156, 1.0124117694783585, 0.0, 2.2317153569057715, 3.2441271263841256, 6.328000000000001
0.002389779559118236, 0.6021824124520204, 5.705178446004564E-4, 3.259308047744785, -0.004814713201273517, 0.0, 8.327817133187275E-4, -0.0039819314879547905, -7.426596881287449, 0.0, 3.7029726767723368, -3.7236242045151187, 1.0126013784012462, 0.0, 2.2432782584462303, 3.2558796368474714, 6.328000000000001
0.002395591182364729, 0.6036342859631892, 5.719052674510571E-4, 3.2723430694115123, -0.004825015197686179, 0.0, 8.379311557718929E-4, -0.003987084041914288, -7.4239557271376055, 0.0, 3.7200751689701903, -3.70388055816742, 1.0127827893494752, 0.0, 2.254917906987808, 3.267700696337282, 6.328000000000001
0.002401402805611222, 0.605086003976625, 5.732926903016577E-4, 3.2854589546194504, -0.004835313539387799, 0.0, 8.431043906883862E-4, -0.003992209148699414, -7.421328582365771, 0.0, 3.7372701613627815, -3.684058421002995, 1.0129557215968905, 0.0, 2.26663499550229, 3.279590717099176, 6.328000000000002
0.0024072144288577154, 0.6065375629431999, 5.746801131522586E-4, 3.2986549722235843, -0.00484560824600742, 0.0, 8.483015469676237E-4, -0.0039973066990397965, -7.41871572446609, 0.0, 3.754558465562253, -3.6641572589038414, 1.0131198917484563, 0.0, 2.2784302203816673, 3.2915501121301207, 6.328000000000001
0.002413026052104208, 0.6079889592582285, 5.760675360028592E-4, 3.311930347353872, -0.004855899337561434, 0.0, 8.535227546380307E-4, -0.004002376582923404, -7.4161174343314675, 0.0, 3.7719408974507758, -3.644176536880695, 1.013275013739643, 0.0, 2.29030428143811, 3.303579295177751, 6.328000000000001
0.002418837675350701, 0.6094401892611289, 5.774549588534599E-4, 3.3252842607397106, -0.00486618683445832, 0.0, 8.587681448629697E-4, -0.004007418689595351, -7.413533996253559, 0.0, 3.7894182771805536, -3.6241157190730116, 1.0134207988358468, 0.0, 2.3022578819039095, 3.3156786807397514, 6.328
0.002424649298597194, 0.6108912492350813, 5.788423817040605E-4, 3.338715848030784, -0.0048764707575033395, 0.0, 8.64037849946662E-4, -0.004012432907556678, -7.4109656979227765, 0.0, 3.8069914291737983, -3.6039742687489795, 1.0135569556317927, 0.0, 2.314291728431411, 3.3278486840632033, 6.328
0.0024304609218436875, 0.612342135406689, 5.802298045546613E-4, 3.3522241991137065, -0.004886751127903265, 0.0, 8.693320033401155E-4, -0.004017419124563151, -7.408412830428284, 0.0, 3.824661182122775, -3.5837516483055176, 1.0136831900509644, 0.0, 2.3264065310930055, 3.3400897211439626, 6.328000000000001
0.00243627254509018, 0.613792843945636, 5.816172274052619E-4, 3.3658083574248856, -0.004897027967271084, 0.0, 8.746507396470432E-4, -0.0040223772276240435, -7.405875688258021, 0.0, 3.842428368989749, -3.5634473192682776, 1.0137992053450005, 0.0, 2.3386030033810377, 3.3524022087260374, 6.328
0.002442084168336673, 0.6152433709643498, 5.830046502558626E-4, 3.3794673192596534, -0.004907301297630728, 0.0, 8.799941946297942E-4, -0.004027307103000936, -7.403354569298655, 0.0, 3.8602938270070286, -3.5430607422916327, 1.0139047020932048, 0.0, 2.35088186220779, 3.3647865643009918, 6.328000000000001
0.002447895791583166, 0.6166937125176584, 5.843920731064634E-4, 3.393200033077086, -0.004917571141421779, 0.0, 8.853625052152746E-4, -0.0040322086362065065, -7.400849774835624, 0.0, 3.8782583976769454, -3.522591377158686, 1.0139993782019208, 0.0, 2.3632438279054266, 3.377243206107345, 6.328000000000001
0.0024537074148296588, 0.6181438646024517, 5.85779495957064E-4, 3.4070053988012425, -0.0049278375215041845, 0.0, 8.90755809500871E-4, -0.0040370817120033145, -7.398361609553131, 0.0, 3.896322926771855, -3.5020386827812815, 1.0140829289040183, 0.0, 2.3756896242259415, 3.3897725531299545, 6.328000000000001
0.002459519038076152, 0.6195938231573412, 5.871669188076647E-4, 3.420882267118401, -0.004938100461162977, 0.0, 8.96174246760378E-4, -0.0040419262144026, -7.395890381534106, 0.0, 3.9144882643341354, -3.481402117199978, 1.014155046758364, 0.0, 2.388219978341114, 3.4023750250994733, 6.328000000000001
0.0024653306613226446, 0.6210435840623189, 5.885543416582653E-4, 3.4348294387702367, -0.00494835998411299, 0.0, 9.01617957449918E-4, -0.0040467420266630735, -7.393436402260269, 0.0, 3.9327552646762025, -3.4606811375840723, 1.0142154216492654, 0.0, 2.4008356208424853, 3.415051042491747, 6.328000000000002
0.002471142284569138, 0.622493143138418, 5.899417645088661E-4, 3.4488456638435068, -0.004958616114503568, 0.0, 9.070870832138696E-4, -0.004051529031289699, -7.390999986612075, 0.0, 3.951124786380492, -3.439875200231585, 1.0142637407859625, 0.0, 2.413537285741288, 3.42780102652725, 6.328000000000001
0.002476953907815631, 0.6239424961473712, 5.913291873594667E-4, 3.4629296410552186, -0.00496886887692329, 0.0, 9.125817668907911E-4, -0.0040562871100325, -7.388581452868734, 0.0, 3.9695976922994616, -3.4189837605692768, 1.0142996887021332, 0.0, 2.4263257104684075, 3.440625399170539, 6.328000000000002
0.002482765531062124, 0.625391638791273, 5.927166102100674E-4, 3.477080017034396, -0.004979118296404674, 0.0, 9.181021525193422E-4, -0.004061016143885333, -7.386181122708226, 0.0, 3.9881748495556035, -3.3980062731526255, 1.0143229472553277, 0.0, 2.4392016358743587, 3.453524583129686, 6.328000000000001
0.002488577154308617, 0.626840566712237, 5.941040330606682E-4, 3.49129538559972, -0.004989364398428906, 0.0, 9.236483853442127E-4, -0.004065716013084695, -7.38379932120727, 0.0, 4.006857129541431, -3.376942191665841, 1.0143331956265373, 0.0, 2.452165806229219, 3.4664990018557575, 6.328000000000001
0.0024943887775551103, 0.6282892754920572, 5.954914559112689E-4, 3.5055742870331983, -0.004999607208930548, 0.0, 9.292206118220435E-4, -0.0040703865971085055, -7.381436376841346, 0.0, 4.025645407919481, -3.3557909689218706, 1.0143301103196598, 0.0, 2.465218969222598, 3.4795490795422537, 6.328000000000001
0.0025002004008016026, 0.6297377606518666, 5.968788787618695E-4, 3.5199152073501665, -0.005009846754302247, 0.0, 9.3481897962735E-4, -0.004075027774674898, -7.379092621484708, 0.0, 4.04454056462233, -3.3345520568623823, 1.0143133651609881, 0.0, 2.478361875963613, 3.4926752411246005, 6.328000000000001
0.0025060120240480957, 0.6311860176517985, 5.982663016124702E-4, 3.5343165775651073, -0.005020083061399467, 0.0, 9.404436376584517E-4, -0.004079639423741016, -7.376768390410331, 0.0, 4.063543483852564, -3.3132249065577746, 1.014282631298809, 0.0, 2.491595280980813, 3.505877912279615, 6.328000000000002
0.002511823647294589, 0.632634041890645, 5.996537244630709E-4, 3.5487767729536728, -0.005030316157545188, 0.0, 9.460947360433905E-4, -0.004084221421501799, -7.374464022289983, 0.0, 4.08265505408281, -3.291808968207177, 1.0142375772028327, 0.0, 2.504919942222174, 3.5191575194250047, 6.328000000000002
0.002517635270541082, 0.6340818287055167, 6.010411473136716E-4, 3.563294112310892, -0.0050405460705346345, 0.0, 9.517724261458596E-4, -0.004088773644388776, -7.372179859194161, 0.0, 4.101876168055714, -3.270303691138452, 1.014177868663814, 0.0, 2.5183366210550355, 3.5325144897188476, 6.328000000000002
0.0025234468937875747, 0.6355293733715037, 6.024285701642723E-4, 3.5778668572053007, -0.005050772828639979, 0.0, 9.57476860571124E-4, -0.004093295968068857, -7.369916246592132, 0.0, 4.121207722783948, -3.2487085238081845, 1.0141031687930258, 0.0, 2.531846082266076, 3.5459492510591044, 6.328000000000001
0.0025292585170340683, 0.6369766711013345, 6.038159930148731E-4, 3.592493211229275, -0.005060996460615069, 0.0, 9.632081931719481E-4, -0.004097788267443124, -7.367673533351907, 0.0, 4.140650619550218, -3.227022913801694, 1.0140131380218462, 0.0, 2.545449094061272, 3.5594622320831175, 6.328000000000002
0.002535070140280561, 0.6384237170450351, 6.052034158654737E-4, 3.60717131924536, -0.005071216995700135, 0.0, 9.689665790545185E-4, -0.004102250416645619, -7.365452071740259, 0.0, 4.160205763907235, -3.2052463078330278, 1.0139074341012917, 0.0, 2.5591464280658407, 3.5730538621671335, 6.328000000000002
0.002540881763527054, 0.6398705062895909, 6.065908387160744E-4, 3.6218992666287875, -0.005081434463626508, 0.0, 9.747521745843675E-4, -0.004106682289042143, -7.3632522174227235, 0.0, 4.179874065677768, -3.183378151744962, 1.0137857121015665, 0.0, 2.5729388593242524, 3.5867245714258176, 6.328000000000001
0.0025466933867735464, 0.6413170338586037, 6.07978261566675E-4, 3.6366750785060162, -0.005091648894621335, 0.0, 9.805651373922992E-4, -0.004111083757229037, -7.361074329463583, 0.0, 4.199656438954584, -3.1614178905090027, 1.0136476244116546, 0.0, 2.5868271663001314, 3.6004747907117842, 6.328000000000001
0.0025525050100200395, 0.6427632947119541, 6.093656844172757E-4, 3.651496718989492, -0.005101860319412298, 0.0, 9.86405626380314E-4, -0.0041154546930319835, -7.358918770325883, 0.0, 4.219553802100503, -3.139364968225384, 1.0134928207388574, 0.0, 2.600812130876278, 3.6143049516151313, 6.328000000000002
0.0025583166332665327, 0.6442092837454598, 6.107531072678765E-4, 3.666362090408171, -0.005112068769232319, 0.0, 9.922738017275308E-4, -0.004119794967504789, -7.356785905871411, 0.0, 4.239567077748345, -3.117218828123069, 1.0133209481083991, 0.0, 2.614894538354584, 3.628215486462982, 6.328000000000002
0.0025641282565130254, 0.6456549957905353, 6.121405301184771E-4, 3.68126903253453, -0.00512227427582429, 0.0, 9.981698248961134E-4, -0.00412410445092818, -7.35467610536072, 0.0, 4.259697192800971, -3.0949789125597573, 1.013131650862996, 0.0, 2.6290751774560275, 3.642206828319021, 6.328000000000002
0.002569939879759519, 0.6471004256138525, 6.135279529690779E-4, 3.696215321807479, -0.005132476871445782, 0.0, 0.0010040938586371928, -0.00412838301280859, -7.352589741453135, 0.0, 4.279945078431272, -3.072644663021864, 1.0129245706624224, 0.0, 2.643354840320639, 3.656279410983062, 6.328000000000002
0.0025757515030060117, 0.6485455679169994, 6.149153758196785E-4, 3.7111986705511697, -0.005142676588873751, 0.0, 0.0010100460669967923, -0.00413263052187696, -7.350527190206695, 0.0, 4.30031167008215, -3.05021552012455, 1.012699346483159, 0.0, 2.6577343225074426, 3.670433668990599, 6.328000000000002
0.002581563126252505, 0.6499904173361413, 6.163027986702792E-4, 3.7262167261904793, -0.0051528734614092716, 0.0, 0.0010160266153217555, -0.004136846846087518, -7.348488831078239, 0.0, 4.320797907466551, -3.0276909236116913, 1.0124556146179227, 0.0, 2.6722144229944518, 3.684670037612374, 6.328000000000001
0.0025873747494989975, 0.651434968441679, 6.176902215208798E-4, 3.7412670704617454, -0.005163067522882236, 0.0, 0.0010220356702656623, -0.004141031852616575, -7.346475046923331, 0.0, 4.341404734567436, -3.0050703123559046, 1.0121930086753241, 0.0, 2.686795944178621, 3.6989889528539384, 6.328000000000002
0.002593186372745491, 0.6528792157379101, 6.190776443714806E-4, 3.7563472186204194, -0.005173258807656084, 0.0, 0.0010280733997947646, -0.004145185407861319, -7.344486223996313, 0.0, 4.362133099637797, -2.9823531243585237, 1.0119111595794437, 0.0, 2.701479691875807, 3.713390851455242, 6.328000000000002
0.002598997995991984, 0.6543231536626872, 6.204650672220813E-4, 3.771454618644235, -0.005183447350632503, 0.0, 0.0010341399731938982, -0.004149307377438607, -7.342522751950266, 0.0, 4.382983955200644, -2.9595387967496287, 1.0116096955694676, 0.0, 2.7162664753207473, 3.727876170890212, 6.328000000000002
0.0026048096192384765, 0.6557667765870794, 6.21852490072682E-4, 3.786586650432703, -0.00519363318725616, 0.0, 0.0010402355610724166, -0.004153397626183745, -7.340585023837037, 0.0, 4.403958258049033, -2.9366267657880103, 1.0112882421993008, 0.0, 2.7311571071670384, 3.742445349366336, 6.328000000000002
0.0026106212424849696, 0.6572100788150305, 6.232399129232827E-4, 3.801740625002644, -0.005203816353519404, 0.0, 0.0010463603353701124, -0.004157456018149294, -7.3386734361072214, 0.0, 4.425056969246026, -2.9136164668612023, 1.0109464223371838, 0.0, 2.7461524034870717, 3.7570988258242535, 6.328000000000001
0.0026164328657314628, 0.6586530545830195, 6.246273357738834E-4, 3.8169137836798868, -0.005213996885966986, 0.0, 0.0010525144693631383, -0.004161482416603849, -7.336788388610172, 0.0, 4.446281054124718, -2.89050733448546, 1.0105838561653353, 0.0, 2.7612531837720335, 3.771837039937364, 6.328000000000002
0.0026222444889779555, 0.6600956980597208, 6.26014758624484E-4, 3.8321032972869205, -0.005224174821700777, 0.0, 0.0010586981376699371, -0.004165476684030842, -7.3349302845940025, 0.0, 4.467631482288238, -2.8672988023057733, 1.0102001611795703, 0.0, 2.776460270931863, 3.786660432111429, 6.328000000000003
0.0026280561122244486, 0.661538003345663, 6.274021814750847E-4, 3.8473062653267576, -0.005234350198384481, 0.0, 0.0010649115162571633, -0.004169438682127321, -7.333099530705589, 0.0, 4.489109227609733, -2.8439903030958598, 1.0097949521889473, 0.0, 2.7917744912952203, 3.801569443484168, 6.328000000000001
0.0026338677354709418, 0.6629799644728893, 6.287896043256855E-4, 3.8625197151628967, -0.0052445230542483515, 0.0, 0.0010711547824456052, -0.004173368271802747, -7.331296536990533, 0.0, 4.510715268232378, -2.8205812687581617, 1.0093678413154379, 0.0, 2.8071966746094565, 3.8165645159248895, 6.328000000000003
0.002639679358717435, 0.6644215754046171, 6.301770271762862E-4, 3.877740601195107, -0.005254693428093904, 0.0, 0.001077428114916114, -0.004177265313177791, -7.329521716893227, 0.0, 4.532450586569375, -2.79707113032386, 1.0089184379935217, 0.0, 2.822727654040586, 3.8316460920341036, 6.328000000000001
0.0026454909819639276, 0.665862830034898, 6.315644500268868E-4, 3.892965804031739, -0.005264861359298634, 0.0, 0.0010837316937155228, -0.004181129665583114, -7.327775487256798, 0.0, 4.55431616930395, -2.7734593179528564, 1.008446348969891, 0.0, 2.838368266173261, 3.846814615143149, 6.328000000000001
0.0026513026052104203, 0.6673037221882773, 6.329518728774874E-4, 3.908192129657685, -0.0052750268878207374, 0.0, 0.0010900657002625772, -0.0041849611875581635, -7.326058268323145, 0.0, 4.57631300738936, -2.7497452609337905, 1.0079511783030732, 0.0, 2.8541193510107377, 3.8620705293138102, 6.328000000000002
0.0026571142284569135, 0.668744245619454, 6.343392957280882E-4, 3.923416308598938, -0.005285190054203817, 0.0, 0.001096430317353853, -0.004188759736849966, -7.324370483732901, 0.0, 4.598442096048892, -2.7259283876840197, 1.007432527363124, 0.0, 2.869981751974856, 3.877414279337972, 6.328000000000001
0.002662925851703406, 0.6701843940129399, 6.357267185786888E-4, 3.938634995082687, -0.005295350899581598, 0.0, 0.0011028257291696853, -0.004192525170411916, -7.322712560525478, 0.0, 4.620704434775843, -2.7020081257496433, 1.0068899948312573, 0.0, 2.885956315905989, 3.8928463107372426, 6.328000000000002
0.0026687374749498993, 0.6716241609827209, 6.371141414292895E-4, 3.9538447661937823, -0.00530550946568266, 0.0, 0.0011092521212800912, -0.004196257344402571, -7.321084929139024, 0.0, 4.643101027333559, -2.6779839018054763, 1.0063231766995662, 0.0, 2.902043893063056, 3.908367069762613, 6.328000000000001
0.0026745490981963924, 0.6730635400719147, 6.385015642798903E-4, 3.969042121027357, -0.0053156657948351255, 0.0, 0.0011157096806506937, -0.004199956114184434, -7.319488023410458, 0.0, 4.6656328817553945, -2.6538551416550784, 1.0057316662706415, 0.0, 2.9182453371234494, 3.923977003394079, 6.328000000000002
0.0026803607214428856, 0.6745025247524324, 6.39888987130491E-4, 3.984223479837432, -0.005325819929971401, 0.0, 0.0011221985956486463, -0.004203621334322756, -7.317922280575452, 0.0, 4.688301010344735, -2.629621270230725, 1.005115054157298, 0.0, 2.9345615051830385, 3.939676559340331, 6.328000000000002
0.0026861723446893783, 0.6759411084246373, 6.412764099810916E-4, 3.999385183181559, -0.005335971914632875, 0.0, 0.0011287190560485578, -0.004207252858584318, -7.31638814126842, 0.0, 4.711106429674995, -2.605281711593436, 1.0044729282822404, 0.0, 2.9509932577561364, 3.955466186038368, 6.328000000000003
0.0026919839679358714, 0.6773792844170049, 6.426638328316923E-4, 4.014523491061709, -0.005346121792974641, 0.0, 0.001135271253038417, -0.0042108505399362246, -7.314886049522551, 0.0, 4.734050160589617, -2.5808358889329415, 1.00380487387774, 0.0, 2.96754145877547, 3.971346332653202, 6.328000000000002
0.0026977955911823646, 0.6788170459857827, 6.44051255682293E-4, 4.029634582061092, -0.005356269609770214, 0.0, 0.0011418553792255162, -0.004214414230544701, -7.313416452769775, 0.0, 4.757133228202067, -2.556283224567716, 1.003110473485349, 0.0, 2.9842069755921545, 3.987317449077501, 6.328000000000002
0.0027036072144288577, 0.6802543863146502, 6.454386785328937E-4, 4.044714552477075, -0.005366415410416249, 0.0, 0.0011484716286423735, -0.004217943781773877, -7.311979801840784, 0.0, 4.780356661895841, -2.5316231399449567, 1.0023893069555947, 0.0, 3.0009906789756773, 4.003379985931261, 6.328000000000001
0.00270941883767535, 0.6816912985143777, 6.468261013834943E-4, 4.059759415450401, -0.005376559240937237, 0.0, 0.0011551201967526614, -0.004221439044184578, -7.310576550965035, 0.0, 4.8037214953244485, -2.506855055640599, 1.0016409514476392, 0.0, 3.017893443113849, 4.01953439456148, 6.328000000000002
0.0027152304609218436, 0.6831277756224883, 6.482135242340952E-4, 4.074765100090353, -0.005386701147990251, 0.0, 0.0011618012804571307, -0.0042248998675331224, -7.309207157770725, 0.0, 4.827228766411446, -2.48197839135929, 1.0008649814290467, 0.0, 3.034916145612811, 4.03578112704185, 6.328000000000002
0.0027210420841683363, 0.6845638106029143, 6.496009470846958E-4, 4.089727450595738, -0.0053968411788696356, 0.0, 0.00116851507809953, -0.004228326100770108, -7.307872083284809, 0.0, 4.850879517350396, -2.4569925659344234, 1.0000609686754554, 0.0, 3.0520596674969798, 4.052120636172428, 6.328000000000002
0.0027268537074148294, 0.6859993963456603, 6.509883699352965E-4, 4.104642225372494, -0.005406979381511737, 0.0, 0.0011752617894725354, -0.0042317175920392035, -7.306571791933004, 0.0, 4.874674794604902, -2.4318969973281104, 0.9992284822702833, 0.0, 3.069324893209048, 4.0685533754793255, 6.328000000000001
0.002732665330661322, 0.6874345256664609, 6.523757927858971E-4, 4.119505096147087, -0.00541711580449961, 0.0, 0.0011820416158236703, -0.004235074188675942, -7.305306751539792, 0.0, 4.898615648908594, -2.406691102631207, 0.9983670886044417, 0.0, 3.086712710609956, 4.085079799214394, 6.328000000000001
0.0027384769539078157, 0.6888691913064413, 6.537632156364979E-4, 4.134311647075847, -0.005427250497067742, 0.0, 0.0011888547598612347, -0.00423839573720651, -7.304077433328383, 0.0, 4.922703135265118, -2.381374298063274, 0.9974763513760977, 0.0, 3.104224010978848, 4.101700362354942, 6.328000000000003
0.0027442885771543084, 0.6903033859317766, 6.551506384870985E-4, 4.149057373850717, -0.005437383509106762, 0.0, 0.0011957014257602254, -0.004241682083346539, -7.302884311920765, 0.0, 4.946938312948149, -2.3559459989726292, 0.9965558315903449, 0.0, 3.121859689013065, 4.118415520603402, 6.328000000000002
0.002750100200400801, 0.6917371021333525, 6.565380613376992E-4, 4.163737682800935, -0.005447514891168157, 0.0, 0.0012025818191682633, -0.004244933071999896, -7.301727865337684, 0.0, 4.971322245501396, -2.3304056198363012, 0.9956050875589397, 0.0, 3.139620642828129, 4.135225730387059, 6.328000000000003
0.0027559118236472947, 0.6931703324264241, 6.579254841883E-4, 4.178347889990761, -0.005457644694468992, 0.0, 0.0012094961472115153, -0.004248148547257478, -7.300608574998628, 0.0, 4.99585600073859, -2.30475257426005, 0.9946236749000542, 0.0, 3.1575077739577067, 4.152131448857751, 6.328000000000001
0.002761723446893787, 0.6946030692502754, 6.593129070389006E-4, 4.192883220313377, -0.005467772970896614, 0.0, 0.0012164446185006172, -0.004251328352396001, -7.299526925721849, 0.0, 5.020540650743484, -2.2789862749783762, 0.9936111465379834, 0.0, 3.1755219873535907, 4.1691331338915685, 6.328000000000001
0.00276753507014028, 0.6960353049678806, 6.607003298895013E-4, 4.207338806580907, -0.005477899773013392, 0.0, 0.001223427443136606, -0.004254472329876788, -7.2984834057243475, 0.0, 5.045377271869869, -2.2531061338544958, 0.9925670527029122, 0.0, 3.1936641913856834, 4.186231244088582, 6.328000000000002
0.002773346693386773, 0.6974670318655624, 6.620877527401019E-4, 4.2217096886103604, -0.005488025154061398, 0.0, 0.0012304448327168345, -0.004257580321344566, -7.29747850662189, 0.0, 5.070366944741544, -2.2271115618803607, 0.9914909409306084, 0.0, 3.2119352978419564, 4.203426238772554, 6.328000000000002
0.0027791583166332664, 0.6988982421526531, 6.634751755907027E-4, 4.2359908123058005, -0.005498149167967153, 0.0, 0.0012374970003409022, -0.004260652167626252, -7.296512723428996, 0.0, 5.0955107542523566, -2.201001969176652, 0.9903823560622007, 0.0, 3.230336221928463, 4.220718577990653, 6.328000000000003
0.002784969939879759, 0.7003289279611524, 6.648625984413034E-4, 4.250177028736658, -0.00550827186934632, 0.0, 0.001244584160616574, -0.004263687708729748, -7.295586554558933, 0.0, 5.120809789566164, -2.1747767649927843, 0.9892408402439214, 0.0, 3.2488678822692822, 4.238108722513191, 6.328000000000002
0.0027907815631262522, 0.7017590813453894, 6.662500212919041E-4, 4.264263093211966, -0.0055183933135084405, 0.0, 0.0012517065296657115, -0.0042666867838427325, -7.294700501823727, 0.0, 5.146265144116854, -2.1484353577068904, 0.9880659329268493, 0.0, 3.2675312009065154, 4.255597133833352, 6.328000000000002
0.002796593186372745, 0.703188694281681, 6.676374441425047E-4, 4.278243664350754, -0.0055285135564616325, 0.0, 0.0012588643251301905, -0.004269649231331445, -7.293855070434173, 0.0, 5.171877915608347, -2.121977154825846, 0.9868571708666483, 0.0, 3.286327103300266, 4.273184274166899, 6.328000000000002
0.0028024048096192385, 0.7046177586679918, 6.690248669931055E-4, 4.292113303148582, -0.005538632654917316, 0.0, 0.0012660577661778316, -0.004272574888739486, -7.293050768999813, 0.0, 5.197649206014587, -2.0954015629852414, 0.985614088123341, 0.0, 3.3052565183286164, 4.2908706064519455, 6.328000000000002
0.002808216432865731, 0.7060462663235944, 6.704122898437061E-4, 4.305866472040179, -0.005548750666294919, 0.0, 0.0012732870735083178, -0.004275463592786604, -7.292288109528928, 0.0, 5.223580121579531, -2.0687079879494146, 0.9843362160610816, 0.0, 3.324320378287594, 4.308656594348661, 6.328000000000001
0.0028140280561122243, 0.707474208988729, 6.717997126943068E-4, 4.319497533958, -0.005558867648726611, 0.0, 0.0012805524693591268, -0.004278315179367487, -7.291567607428574, 0.0, 5.24967177281718, -2.041895834611412, 0.9830230833478835, 0.0, 3.343519618891172, 4.326542702239041, 6.328
0.002819839679358717, 0.7089015783242629, 6.731871355449076E-4, 4.333000751387132, -0.005568983661061993, 0.0, 0.0012878541775114458, -0.004281129483550552, -7.290889781504572, 0.0, 5.27592527451156, -2.0149645069930306, 0.9816742159553768, 0.0, 3.3628551792712527, 4.344529395226618, 6.328000000000002
0.00282565130260521, 0.7103283659113502, 6.745745583955083E-4, 4.346370285415929, -0.005579098762872839, 0.0, 0.001295192423296106, -0.004283906339576735, -7.290255153961487, 0.0, 5.302341745716723, -1.987913408244778, 0.9802891371586206, 0.0, 3.382328001977629, 4.362617139136239, 6.328000000000001
0.002831462925851703, 0.711754563251092, 6.759619812461089E-4, 4.359600194783269, -0.005589213014457791, 0.0, 0.0013025674335994989, -0.004286645580858295, -7.289664250402611, 0.0, 5.328922309756729, -1.9607419406459052, 0.9788673675358709, 0.0, 3.401939032977956, 4.3808064005138085, 6.328000000000002
0.0028372745490981956, 0.7131801617641964, 6.773494040967095E-4, 4.372684434921339, -0.005599326476847084, 0.0, 0.0013099794368695036, -0.0042893470399775835, -7.289117599830047, 0.0, 5.355668094225689, -1.9334495056043828, 0.9774084249682751, 0.0, 3.421689221657774, 4.399097646626028, 6.328000000000001
0.002843086172344689, 0.7146051527906371, 6.787368269473103E-4, 4.385616856994858, -0.005609439211807269, 0.0, 0.0013174286631214144, -0.004292010548685857, -7.288615734644618, 0.0, 5.382580230987726, -1.906035503656914, 0.9759118246397457, 0.0, 3.4415795208204476, 4.417491345460175, 6.328000000000002
0.002848897795591182, 0.7160295275893145, 6.801242497979109E-4, 4.398391206936182, -0.005619551281845904, 0.0, 0.001324915343943857, -0.00429463593790205, -7.288159190645911, 0.0, 5.409659856176993, -1.8784993344689371, 0.9743770790366825, 0.0, 3.4616108866871746, 4.435987965723842, 6.328000000000002
0.002854709418837675, 0.7174532773377146, 6.815116726485116E-4, 4.411001124476854, -0.005629662750216299, 0.0, 0.001332439712504721, -0.0042972230377115814, -7.287748507032272, 0.0, 5.436908110197676, -1.8508403968346114, 0.9728036979477688, 0.0, 3.4817842788969555, 4.454587976844713, 6.328000000000002
0.002860521042084168, 0.7188763931315693, 6.828990954991124E-4, 4.423440142174755, -0.005639773680922213, 0.0, 0.0013400020035570803, -0.004299771677365136, -7.2873842264007855, 0.0, 5.46432613772398, -1.8230580886768282, 0.971191188463771, 0.0, 3.5021006605065743, 4.4732918489703275, 6.328000000000002
0.0028663326653306613, 0.7202988659845158, 6.842865183497131E-4, 4.435701684437575, -0.005649884138722576, 0.0, 0.0013476024534451187, -0.004302281685277458, -7.2870668947473165, 0.0, 5.491915087700125, -1.7951518070472114, 0.969539054977287, 0.0, 3.522560997990572, 4.49210005296784, 6.328000000000001
0.0028721442885771536, 0.7217206868277563, 6.856739412003137E-4, 4.447779066542594, -0.005659994189136193, 0.0, 0.0013552413001100513, -0.0043047528890261455, -7.286797061466476, 0.0, 5.519676113340388, -1.7671209481261145, 0.9678467991825523, 0.0, 3.54316626124127, 4.511013060423802, 6.328000000000002
0.0028779559118236467, 0.7231418465097188, 6.870613640509144E-4, 4.459665493652224, -0.0056701038984464875, 0.0, 0.001362918783096055, -0.004307185115350434, -7.2865752793516325, 0.0, 5.547610372129046, -1.7389649072226117, 0.966113920075257, 0.0, 3.5639174235686957, 4.530031343643929, 6.328000000000002
0.00288376753507014, 0.7245623357957155, 6.884487869015151E-4, 4.471354059825714, -0.005680213333706183, 0.0, 0.0013706351435561859, -0.00430957819015, -7.2864021045949015, 0.0, 5.575719025820412, -1.7106830787745129, 0.9643399139523057, 0.0, 3.584815461700602, 4.549155375652887, 6.328000000000002
0.002889579158316633, 0.7259821453676029, 6.898362097521158E-4, 4.482837747027077, -0.005690322562742044, 0.0, 0.0013783906242583078, -0.004311931938483739, -7.286278096787164, 0.0, 5.6040032404388285, -1.6822748563483623, 0.9625242744116321, 0.0, 3.6058613557824475, 4.568385630194057, 6.328000000000002
0.0028953907815631257, 0.7274012658234421, 6.912236326027164E-4, 4.494109424128837, -0.005700431654159575, 0.0, 0.0013861854695910152, -0.0043142461845685634, -7.286203818918052, 0.0, 5.63246418627865, -1.6537396326394262, 0.9606664923519923, 0.0, 3.6270560893773522, 4.5877225817293255, 6.328000000000002
0.0029012024048096193, 0.7288196876771589, 6.926110554533173E-4, 4.505161845912227, -0.005710540677347753, 0.0, 0.0013940199255695598, -0.004316520751778194, -7.2861798373759585, 0.0, 5.661103037904285, -1.625076799471698, 0.9587660559727637, 0.0, 3.648400649466134, 4.607166705438876, 6.328000000000002
0.002907014028056112, 0.730237401358202, 6.939984783039179E-4, 4.515987652063501, -0.0057206497024837166, 0.0, 0.0014018942398417685, -0.004318755462641953, -7.286206721948015, 0.0, 5.689920974150135, -1.5962857477979127, 0.9568224507737614, 0.0, 3.6698960264472267, 4.626718477220964, 6.328000000000002
0.002912825651302605, 0.7316543972112042, 6.953859011545186E-4, 4.5265793661654925, -0.005730758800537515, 0.0, 0.0014098086616939761, -0.004320950138843541, -7.286285045820143, 0.0, 5.718919178120658, -1.5673658676995177, 0.9548351595550122, 0.0, 3.6915432141367286, 4.646378373691712, 6.328000000000002
0.002918637274549098, 0.7330706654956417, 6.967733240051192E-4, 4.536929394686595, -0.005740868043276796, 0.0, 0.001417763442056946, -0.004323104601219853, -7.2864153855769915, 0.0, 5.7480988371903114, -1.5383165483867107, 0.9528036624166094, 0.0, 3.713343209768316, 4.666146872184899, 6.328000000000002
0.002924448897795591, 0.7344861963854944, 6.9816074685572E-4, 4.547030025964617, -0.005750977503271535, 0.0, 0.001425758833511791, -0.004325218669759747, -7.286598321201962, 0.0, 5.777461143003596, -1.5091371781983938, 0.9507274367584986, 0.0, 3.7352970139932977, 4.6860244507517725, 6.328000000000001
0.0029302605210420837, 0.7359009799689038, 6.995481697063206E-4, 4.556873429187576, -0.005761087253898746, 0.0, 0.001433795090295902, -0.004327292163602847, -7.286834436077235, 0.0, 5.807007291475044, -1.4798271446022213, 0.9486059572802716, 0.0, 3.7574056308805663, 4.7060115881608136, 6.328000000000002
0.0029360721442885764, 0.737315006247836, 7.009355925569213E-4, 4.566451653370152, -0.005771197369347203, 0.0, 0.0014418724683088748, -0.0043293249010383315, -7.287124316983729, 0.0, 5.8367384827892, -1.4503858341945661, 0.9464386959810277, 0.0, 3.7796700679165682, 4.726108763897565, 6.328000000000002
0.00294188376753507, 0.7387282651377383, 7.023230154075221E-4, 4.575756626326125, -0.005781307924622145, 0.0, 0.0014499912251184266, -0.004331316699503722, -7.287468554101131, 0.0, 5.866655921400641, -1.4208126327005228, 0.9442251221591399, 0.0, 3.8020913360053137, 4.7463164581644275, 6.328000000000001
0.0029476953907815627, 0.7401407464672003, 7.037104382581227E-4, 4.584780153637638, -0.005791418995550004, 0.0, 0.0014581516199663246, -0.004333267375583682, -7.287867741007862, 0.0, 5.896760816033963, -1.391106924973932, 0.9419647024121361, 0.0, 3.8246704494683463, 4.766635151880453, 6.328000000000001
0.002953507014028056, 0.7415524399776149, 7.050978611087234E-4, 4.593513917619433, -0.005801530658783106, 0.0, 0.0014663539137743135, -0.004335176745008796, -7.28832247468113, 0.0, 5.927054379683808, -1.3612680949973575, 0.9396569006364358, 0.0, 3.8474084260447476, 4.787065326681151, 6.328
0.0029593186372745485, 0.7429633353228351, 7.06485283959324E-4, 4.601949476279842, -0.0058116429918044004, 0.0, 0.0014745983691500332, -0.004337044622654369, -7.288833355496872, 0.0, 5.957537829614819, -1.3312955258820873, 0.9373011780272621, 0.0, 3.8703062868910876, 4.807607464918319, 6.328000000000001
0.002965130260521042, 0.7443734220688373, 7.078727068099248E-4, 4.610078262278506, -0.005821756072932166, 0.0, 0.0014828852503929498, -0.004338870822539221, -7.289400987229796, 0.0, 5.988212387361693, -1.3011885998681403, 0.9348969930784073, 0.0, 3.8933650565814584, 4.828262049659835, 6.328000000000001
0.002970941883767535, 0.7457826896933777, 7.092601296605254E-4, 4.617891581878283, -0.005831869981324736, 0.0, 0.0014912148235002724, -0.004340655157824468, -7.2900259770533635, 0.0, 6.019079278729127, -1.2709466983242728, 0.9324438015820912, 0.0, 3.9165857631074124, 4.849029564689472, 6.328000000000002
0.0029767535070140275, 0.7471911275856546, 7.106475525111262E-4, 4.62538061389553, -0.0058419847969852015, 0.0, 0.0014995873561728856, -0.00434239744081232, -7.290708935539782, 0.0, 6.050139733791855, -1.2405692017479626, 0.929941056628786, 0.0, 3.9399694378779637, 4.869910494506721, 6.328
0.0029825651302605206, 0.7485987250459676, 7.120349753617269E-4, 4.632536408644697, -0.005852100600766139, 0.0, 0.0015080031178212705, -0.004344097482944872, -7.291450476660018, 0.0, 6.081394986894646, -1.2100554897654108, 0.9273882086070417, 0.0, 3.9635171157196, 4.890905324326608, 6.328
0.0029883767535070138, 0.7500054712853759, 7.134223982123276E-4, 4.63934988687987, -0.005862217474374312, 0.0, 0.0015164623795714245, -0.004345755094802891, -7.292251217783808, 0.0, 6.1128462766522835, -1.1794049411315677, 0.9247847052033032, 0.0, 3.987229834876233, 4.912014540079498, 6.328000000000001
0.0029941883767535065, 0.7514113554253599, 7.148098210629282E-4, 4.645811838732243, -0.005872335500375402, 0.0, 0.0015249654142707918, -0.004347370086104614, -7.293111779679635, 0.0, 6.1444948459495805, -1.1486169337300942, 0.9221299914017824, 0.0, 4.011108637009201, 4.933238628410948, 6.328
0.0029999999999999996, 0.7528163664974802, 7.161972439135289E-4, 4.651912922643817, -0.0058824547621987135, 0.0, 0.0015335124964941862, -0.004348942265704531, -7.2940327865147365, 0.0, 6.176341941941391, -1.1176908445733866, 0.9194235094842736, 0.0, 4.035154567197267, 4.954578076681504, 6.328000000000001
