phi0, phi, rho, Z_fit_curve, F_id, F_fr, F_ex, F_total, mu_id, mu_fr, mu_ex, mu_kT, PV_id, PV_fr, PV_ex, PV_NkT, alpha
0.0030000000000000005, 0.7521615952811181, 7.161972439135291E-4, 5.441425933300181, -0.0058809741936936485, 0.0, 0.008633129279449061, 0.0027521550857562624, -7.21069104783491, 0.0, 21.95318100118851, 14.742489953354498, 1.0006979845469204, 0.0, 9.899058547051576, 10.899756531598204, 6.327999999999991
0.003007815631262526, 0.7541449119680769, 7.180630884367508E-4, 5.51436131694124, -0.005894425821492143, 0.0, 0.008673980650778262, 0.0027795548292865874, -7.2081188312861055, 0.0, 21.83643846094294, 14.628319629658021, 1.000666603325942, 0.0, 9.75674687052596, 10.75741347385244, 6.327999999999991
0.0030156312625250507, 0.7561165642680938, 7.199289329599724E-4, 5.58865420450136, -0.005907872655470556, 0.0, 0.00871461981838103, 0.0028067471629109053, -7.205552545675028, 0.0, 21.725710437818407, 14.520157892143633, 1.0006361279492748, 0.0, 9.620877003008315, 10.621513130957242, 6.327999999999992
0.003023446893787576, 0.7580765941399229, 7.21794777483194E-4, 5.6643056938721585, -0.005921314706677267, 0.0, 0.00875505795271831, 0.0028337432460419365, -7.202992171901629, 0.0, 21.620941556826065, 14.417949384925064, 1.0006065398043926, 0.0, 9.49137477990081, 10.491981319704593, 6.327999999999991
0.003031262525050101, 0.7600250434756781, 7.236606220064157E-4, 5.7413167379253025, -0.0059347519861250595, 0.0, 0.008795306121124839, 0.0028605541350005675, -7.200437690908165, 0.0, 21.522076651479523, 14.321638960572612, 1.0005778205762275, 0.0, 9.36816658139855, 10.368744401974942, 6.327999999999992
0.003039078156312626, 0.7619619541006631, 7.255264665296373E-4, 5.819688144346593, -0.005948184504791202, 0.0, 0.008835375288196945, 0.0028871907834064937, -7.197889083679198, 0.0, 21.429060763793405, 14.231171680114963, 1.0005499522428936, 0.0, 9.251179327629387, 10.251729279872002, 6.327999999999992
0.003046893787575151, 0.7638873677731812, 7.273923110528589E-4, 5.899420575483802, -0.005961612273617516, 0.0, 0.008875276316182679, 0.0029136640425662143, -7.195346331241597, 0.0, 21.341839144279696, 14.146492813038916, 1.0005229170714927, 0.0, 9.14034047386315, 10.140863390934012, 6.327999999999992
0.003054709418837676, 0.7658013261843543, 7.292581555760805E-4, 5.980514548204489, -0.005975035303510463, 0.0, 0.008915019965371328, 0.0029399846618614923, -7.192809414664539, 0.0, 21.260357251952268, 14.067547837288382, 1.0004966976139846, 0.0, 9.035578005803323, 10.0360747034171, 6.327999999999992
0.003062525050100201, 0.7677038709579438, 7.311240000993021E-4, 6.0629704337674255, -0.005988453605341227, 0.0, 0.008954616894479937, 0.0029661632891394424, -7.190278315059507, 0.0, 21.184560754326967, 13.994282439267527, 1.000471276703132, 0.0, 8.936820434950624, 9.93729171165282, 6.327999999999992
0.0030703406813627258, 0.769595043650164, 7.329898446225237E-4, 6.146788457704993, -0.006001867189945782, 0.0, 0.008994077661045995, 0.002992210471100945, -7.187753013580287, 0.0, 21.11439552741693, 13.92664251383718, 1.000446637448485, 0.0, 8.84399679402414, 9.84444343147216, 6.327999999999993
0.003078156312625251, 0.7714748857495045, 7.348556891457453E-4, 6.231968699718166, -0.006015276068124981, 0.0, 0.009033412721813315, 0.003018136653689236, -7.185233491422978, 0.0, 21.049807655737887, 13.864574164315691, 1.0004227632324307, 0.0, 8.75703663247144, 9.757459395703423, 6.327999999999994
0.003085971943887776, 0.7733434386765455, 7.36721533668967E-4, 6.318511093583041, -0.006028680250644631, 0.0, 0.00907263243312301, 0.003043952182479409, -7.182719729825978, 0.0, 20.99074343230522, 13.808023702479915, 1.0003996377063324, 0.0, 8.675870012031828, 9.676269649737435, 6.327999999999993
0.0030937875751503013, 0.7752007437837746, 7.385873781921886E-4, 6.4064154270691205, -0.006042079748235572, 0.0, 0.009111747051301779, 0.0030696673030669447, -7.180211710069995, 0.0, 20.937149358633267, 13.756937648563868, 1.0003772447866854, 0.0, 8.60042750237268, 9.600804747158962, 6.327999999999993
0.003101603206412826, 0.7770468423554058, 7.404532227154102E-4, 6.49568134186994, -0.006055474571593754, 0.0, 0.009150766733050257, 0.0030952921614571527, -7.177709413478045, 0.0, 20.888972144739466, 13.711262731261746, 1.0003555686513497, 0.0, 8.530640176796489, 9.530995745447283, 6.327999999999994
0.0031094188376753515, 0.7788817756071995, 7.423190672386318E-4, 6.586308333545787, -0.006068864731380321, 0.0, 0.009189701535833539, 0.0031208368044538803, -7.175212821415447, 0.0, 20.846158709139512, 13.670945887724457, 1.0003345937358525, 0.0, 8.466439608000835, 9.466774201736186, 6.327999999999995
0.0031172344689378764, 0.780705584686278, 7.441849117618535E-4, 6.678295751478288, -0.006082250238221687, 0.0, 0.009228561418269263, 0.0031463111800479893, -7.172721915289831, 0.0, 20.80865617884907, 13.635934263560015, 1.0003143047297267, 0.0, 8.407757863911867, 9.408072168641812, 6.327999999999994
0.0031250501002004017, 0.7825183106709411, 7.460507562850751E-4, 6.771642798836268, -0.006095631102709612, 0.0, 0.009267356240516347, 0.003171725137807585, -7.170236676551128, 0.0, 20.776411889385585, 13.606175212834762, 1.0002946865729059, 0.0, 8.354527503579565, 9.354822190151637, 6.327999999999994
0.0031328657314629266, 0.7843199945704882, 7.479166008082967E-4, 6.8663485325539995, -0.006109007335401287, 0.0, 0.009306095764665387, 0.003197088429264937, -7.167757086691579, 0.0, 20.749373384766134, 13.581616298074916, 1.0002757244521925, 0.0, 8.306681573128314, 9.306957297579746, 6.327999999999995
0.003140681362725452, 0.786110677325035, 7.497824453315184E-4, 6.962411863322018, -0.006122378946819409, 0.0, 0.009344789655125606, 0.0032224107083069775, -7.165283127245732, 0.0, 20.72748841750836, 13.562205290263377, 1.000257403797752, 0.0, 8.26415360177554, 9.264411005572995, 6.327999999999995
0.0031484969939879768, 0.7878903998053308, 7.5164828985474E-4, 7.059831555588971, -0.0061357459474522605, 0.0, 0.009383447479016468, 0.0032477015315650407, -7.162814779790435, 0.0, 20.710704948630557, 13.547890168840159, 1.0002397102796823, 0.0, 8.226877597902641, 9.227117308181251, 6.327999999999995
0.003156312625250502, 0.7896592028125743, 7.535141343779616E-4, 7.15860622757657, -0.00614910834775379, 0.0, 0.00942207870655394, 0.0032729703588008294, -7.16035202594485, 0.0, 20.698971147648415, 13.538619121704158, 1.0002226298046122, 0.0, 8.194788045188073, 9.195010674992378, 6.327999999999995
0.003164128256513027, 0.7914171270782342, 7.553799789011832E-4, 7.258734351303772, -0.006162466158143687, 0.0, 0.009460692711441857, 0.003298226553298901, -7.157894847370446, 0.0, 20.692235392582358, 13.53434054521341, 1.0002061485123734, 0.0, 8.167819898801477, 9.16802604731438, 6.327999999999996
0.0031719438877755523, 0.7931642132638673, 7.572458234244049E-4, 7.360214252627017, -0.006175819389007465, 0.0, 0.009499298771259636, 0.0033234793822528724, -7.1554432257709895, 0.0, 20.69044626995173, 13.535003044181057, 1.0001902527727056, 0.0, 8.145908581645894, 9.146098834417987, 6.327999999999995
0.003179759519038077, 0.7949005019609349, 7.591116679476265E-4, 7.463044111289406, -0.006189168050696538, 0.0, 0.009537906067851251, 0.0033487380171554407, -7.152997142892562, 0.0, 20.69355257477376, 13.540555431881423, 1.0001749291820146, 0.0, 8.128989980658423, 9.129164909839705, 6.327999999999995
0.003187575150300602, 0.7966260336906192, 7.60977512470848E-4, 7.567221960981868, -0.006202512153528306, 0.0, 0.00957652368771561, 0.0033740115341880997, -7.1505565805235465, 0.0, 20.70150331056757, 13.55094673004469, 1.0001601645601848, 0.0, 8.11700044316849, 9.117160607728291, 6.327999999999996
0.003195390781563127, 0.7983408489036445, 7.628433569940696E-4, 7.6727456894185195, -0.006215851707786221, 0.0, 0.009615160622393433, 0.0033993089146080527, -7.148121520494636, 0.0, 20.714247689355823, 13.566126168861238, 1.0001459459474196, 0.0, 8.10987677331181, 9.110022719258179, 6.327999999999995
0.003203206412825652, 0.8000449879800928, 7.647092015172913E-4, 7.779613038421559, -0.006229186723719876, 0.0, 0.009653825768858482, 0.0034246390451392814, -7.145691944678827, 0.0, 20.731735131654325, 13.58604318697597, 1.0001322606011513, 0.0, 8.107556228479204, 9.107688489079942, 6.327999999999998
0.003211022044088177, 0.8017384912292235, 7.665750460405129E-4, 7.8878216040192655, -0.006242517211545083, 0.0, 0.009692527929905416, 0.0034500107183609505, -7.143267834991424, 0.0, 20.753915266485762, 13.610647431493895, 1.0001190959929827, 0.0, 8.10997651584559, 9.110095611837323, 6.327999999999996
0.003218837675350702, 0.8034213988892861, 7.684408905637345E-4, 7.9973688365557365, -0.006255843181443951, 0.0, 0.009731275814538143, 0.003475432633094931, -7.140849173390038, 0.0, 20.78073793136986, 13.639888757979568, 1.0001064398056791, 0.0, 8.117075788925568, 9.117182228730032, 6.327999999999997
0.0032266533066132273, 0.8050937511273466, 7.703067350869562E-4, 8.108252040812957, -0.006269164643564957, 0.0, 0.009770078038360788, 0.00350091339479678, -7.138435941874585, 0.0, 20.812153172326756, 13.67371723045266, 1.0000942799301884, 0.0, 8.128792644188712, 9.12888692411816, 6.327999999999997
0.003234468937875752, 0.806755588039098, 7.721725796101778E-4, 8.220468376144154, -0.006282481608023042, 0.0, 0.009808943123964853, 0.00352646151594279, -7.136028122487289, 0.0, 20.84811124388066, 13.712083121393276, 1.0000826044627384, 0.0, 8.14506611772922, 9.145148722190596, 6.327999999999997
0.0032422845691382775, 0.8084069496486803, 7.740384241333994E-4, 8.334014856619461, -0.006295794084899675, 0.0, 0.009847879501320156, 0.003552085416421047, -7.13362569731268, 0.0, 20.888562609049142, 13.754936911737351, 1.0000714017019354, 0.0, 8.165835681964511, 9.165907083666603, 6.327999999999997
0.0032501002004008024, 0.8100478759085001, 7.75904268656621E-4, 8.448888351183328, -0.006309102084242933, 0.0, 0.009886895508160833, 0.00357779342391875, -7.131228648477592, 0.0, 20.93345793935682, 13.802229290879323, 1.000060660145927, 0.0, 8.191041242412071, 9.191101902556996, 6.327999999999998
0.0032579158316633277, 0.8116784066990462, 7.777701131798427E-4, 8.565085583824384, -0.006322405616067594, 0.0, 0.00992599939037797, 0.0036035937743111174, -7.12883695815117, 0.0, 20.982748114824997, 13.853911156674457, 1.0000503684896171, 0.0, 8.220623134480329, 9.220673502969625, 6.327999999999997
0.0032657314629258526, 0.8132985818287094, 7.796359577030643E-4, 8.682603133756274, -0.006335704690355198, 0.0, 0.009965199302406288, 0.0036294946120520033, -7.126450608544862, 0.0, 21.036384223975364, 13.909933615430774, 1.000040515621891, 0.0, 8.25452212032714, 9.254562635948131, 6.327999999999997
0.003273547094188378, 0.8149084410335972, 7.815018022262859E-4, 8.801437435611803, -0.006348999317054133, 0.0, 0.010004503307614009, 0.003655503990560631, -7.124069581912424, 0.0, 21.094317563831776, 13.97024798191942, 1.0000310906228937, 0.0, 8.29267938575733, 9.292710476379323, 6.327999999999997
0.003281362725450903, 0.8165080239773547, 7.833676467495076E-4, 8.921584779648398, -0.006362289506079721, 0.0, 0.010043919378691119, 0.0036816298726121827, -7.121693860549916, 0.0, 21.15649963991597, 14.034805779366526, 1.0000220827613717, 0.0, 8.335036537160597, 9.335058619921437, 6.327999999999996
0.0032891783567134277, 0.8180973702509814, 7.852334912727291E-4, 9.043041311963947, -0.006375575267314287, 0.0, 0.01008345539803926, 0.003707880130725656, -7.119323426795708, 0.0, 21.22288216625286, 14.103558739457924, 1.000013481492004, 0.0, 8.381535598500506, 9.381549079992412, 6.327999999999997
0.0032969939879759526, 0.8196765193726491, 7.870993357959507E-4, 9.165803034728228, -0.00638885661060724, 0.0, 0.010123119158161116, 0.0037342625475547814, -7.116958263030473, 0.0, 21.29341706536548, 14.176458802334288, 1.000005276452808, 0.0, 8.432119008336688, 9.432124284787625, 6.327999999999997
0.003304809619238478, 0.821245510787519, 7.889651803191723E-4, 9.28986580642237, -0.006402133545775158, 0.0, 0.010162918362047878, 0.0037607848162736976, -7.114598351677196, 0.0, 21.3680564682768, 14.253458116599498, 0.9999974574625716, 0.0, 8.486729616898502, 9.486727074359727, 6.327999999999998
0.003312625250501003, 0.8228043838675615, 7.90831024842394E-4, 9.415225342092086, -0.006415406082601859, 0.0, 0.010202860623569746, 0.0037874545409686336, -7.1122436752011575, 0.0, 21.446752714511458, 14.334509039311117, 0.9999900145183308, 0.0, 8.545310683196245, 9.545300697714449, 6.327999999999996
0.003320440881763528, 0.8243531779113696, 7.926968693656156E-4, 9.541877213614313, -0.006428674230838484, 0.0, 0.010242953467863532, 0.0038142792370257847, -7.109894216109958, 0.0, 21.529458352095972, 14.4195641359867, 0.999982937792848, 0.0, 8.607805872175339, 9.607788809967941, 6.327999999999997
0.003328256513026053, 0.8258919321439834, 7.945627138888372E-4, 9.669816849973017, -0.006441938000203576, 0.0, 0.010283204331724152, 0.0038412663315215007, -7.107549956953494, 0.0, 21.616126137552648, 14.50857618059987, 0.9999762176321799, 0.0, 8.674159251899344, 9.674135469531077, 6.327999999999997
0.0033360721442885783, 0.8274206857167017, 7.964285584120588E-4, 9.79903953754814, -0.006455197400383158, 0.0, 0.010323620563991047, 0.0038684231636086155, -7.105210880323972, 0.0, 21.706709035908958, 14.601498155584954, 0.999969844553231, 0.0, 8.744315290794438, 9.744285135346725, 6.327999999999998
0.003343887775551103, 0.8289394777069025, 7.982944029352805E-4, 9.929540420416771, -0.006468452441030812, 0.0, 0.010364209425937354, 0.0038957569849072046, -7.102876968855909, 0.0, 21.801160220689148, 14.698283251833058, 0.9999638092413713, 0.0, 8.818218854911338, 9.818182664151696, 6.327999999999998
0.0033517034068136285, 0.830448347117863, 8.001602474585021E-4, 10.061314500666867, -0.006481703131767759, 0.0, 0.01040497809166141, 0.00392327495989437, -7.1005482052261195, 0.0, 21.89943307391949, 14.798884868693193, 0.9999581025480769, 0.0, 8.895815205236216, 9.895773307783218, 6.327999999999998
0.0033595190380761534, 0.831947332878573, 8.020260919817237E-4, 10.194356638720464, -0.006494949482182936, 0.0, 0.010445933648473495, 0.0039509841662913325, -7.098224572153731, 0.0, 22.001481186125595, 14.903256613972285, 0.9999527154886011, 0.0, 8.977049995037198, 9.977002710525259, 6.327999999999998
0.0033673346693386783, 0.8334364738435547, 8.038919365049454E-4, 10.328661553671978, -0.006508191501833077, 0.0, 0.010487083097285639, 0.003978891595453463, -7.095906052400177, 0.0, 22.107258356333777, 15.0113523039341, 0.9999476392396819, 0.0, 9.061869267248014, 10.061816906487076, 6.3279999999999985
0.0033751503006012036, 0.8349158087926822, 8.05757781028167E-4, 10.464223823635933, -0.006521429200242791, 0.0, 0.010528433353000508, 0.004007004152758356, -7.093592628769198, 0.0, 22.21671859207273, 15.123125963303577, 0.9999428651372766, 0.0, 9.150219451889482, 10.15016231702601, 6.327999999999998
0.0033829659318637285, 0.8363853764309981, 8.076236255513886E-4, 10.601037886108244, -0.0065346625869046404, 0.0, 0.010569991244900066, 0.004035328657996259, -7.091284284106834, 0.0, 22.329816109367396, 15.238531825260539, 0.9999383846743476, 0.0, 9.242047363519205, 10.241985748192498, 6.3279999999999985
0.003390781563126254, 0.8378452153885277, 8.094894700746102E-4, 10.73909803833898, -0.006547891671279221, 0.0, 0.010611763517035466, 0.004063871845756982, -7.08898100130144, 0.0, 22.446505332746156, 15.35752433144444, 0.9999341894986375, 0.0, 9.337300198728315, 10.337234388225763, 6.327999999999998
0.0033985971943887787, 0.8392953642201033, 8.113553145978319E-4, 10.878398437716825, -0.0065611164627952375, 0.0, 0.010653756828615822, 0.00409264036582109, -7.086682763283673, 0.0, 22.566740895236318, 15.480058131953118, 0.9999302714105217, 0.0, 9.435925533662433, 10.435855805072807, 6.3279999999999985
0.0034064128256513036, 0.8407358614051795, 8.132211591210534E-4, 11.018933102164027, -0.006574336970849589, 0.0, 0.010695977754396672, 0.004121640783548049, -7.084389553026497, 0.0, 22.690477638366254, 15.606088085339882, 0.9999266223608607, 0.0, 9.537871321583854, 10.537797943943653, 6.327999999999998
0.003414228456913829, 0.8421667453476467, 8.150870036442751E-4, 11.16069591054844, -0.006587553204807446, 0.0, 0.010738432785069259, 0.00415087958026282, -7.082101353545184, 0.0, 22.817670612164868, 15.735569258618986, 0.9999232344488875, 0.0, 9.643085890463444, 10.643009124910401, 6.327999999999998
0.0034220440881763538, 0.843588054375656, 8.169528481674967E-4, 11.303680603100034, -0.006600765174002319, 0.0, 0.010781128327650616, 0.0041803631536491, -7.079818147897311, 0.0, 22.94827507515927, 15.868456927261521, 0.9999200999201313, 0.0, 9.751517940602833, 10.751438040521542, 6.3279999999999985
0.0034298597194388786, 0.8449998267414327, 8.188186926907183E-4, 11.447880781846933, -0.006613972887736157, 0.0, 0.010824070705870242, 0.004210097818134702, -7.07753991918276, 0.0, 23.082246494379486, 16.00470657519649, 0.9999172111643679, 0.0, 9.863116542300244, 10.863033753463624, 6.327999999999998
0.003437675350701404, 0.8464021006210942, 8.206845372139399E-4, 11.593289911056587, -0.006627176355279408, 0.0, 0.01086726616056146, 0.004240089805282843, -7.075266650543723, 0.0, 23.219540545355176, 16.144273894811395, 0.9999145607135852, 0.0, 9.97783113353458, 10.977745694247144, 6.327999999999998
0.003445490981963929, 0.8477949141144704, 8.225503817371615E-4, 11.739901317693082, -0.006640375585871106, 0.0, 0.010910720850049224, 0.004270345264179243, -7.072998325164694, 0.0, 23.36011311211504, 16.287114786950582, 0.9999121412399972, 0.0, 10.09561151768791, 11.095523658926775, 6.327999999999998
0.003453306613226454, 0.8491783052449178, 8.244162262603832E-4, 11.88770819188764, -0.006653570588718955, 0.0, 0.010954440850540023, 0.004300870261822062, -7.070734926272479, 0.0, 23.503920287189445, 16.433185360916834, 0.9999099455540664, 0.0, 10.216407861299642, 11.21631780685237, 6.3279999999999985
0.003461122244488979, 0.8505523119591394, 8.262820707836048E-4, 12.036703587414834, -0.006666761372999394, 0.0, 0.0109984321565096, 0.004331670783510849, -7.0684764371361855, 0.0, 23.65091837160904, 16.582441934472463, 0.9999079666025624, 0.0, 10.340170691849718, 11.340078658451109, 6.327999999999999
0.0034689378757515044, 0.8519169721270057, 8.281479153068264E-4, 12.186880422188239, -0.006679947947857692, 0.0, 0.011042700681092768, 0.004362752733236164, -7.066222841067229, 0.0, 23.801063874903413, 16.734841033835956, 0.9999061974666539, 0.0, 10.466850895569307, 11.466757093034417, 6.3279999999999985
0.0034767535070140292, 0.8532723235413663, 8.30013759830048E-4, 12.33823147876231, -0.006693130322408013, 0.0, 0.011087252256473307, 0.004394121934065853, -7.06397412141933, 0.0, 23.95431351510415, 16.890339393684478, 0.9999046313600028, 0.0, 10.59639971528533, 11.596304346644311, 6.327999999999999
0.0034845691382765546, 0.8546184039178709, 8.318796043532697E-4, 12.490749404849424, -0.006706308505733504, 0.0, 0.011132092634270542, 0.004425784128538009, -7.0617302615885205, 0.0, 24.110624218741066, 17.04889395715323, 0.9999032616269041, 0.0, 10.728768748291117, 11.72867200991754, 6.3279999999999985
0.0034923847695390794, 0.8559552508947874, 8.337454488764913E-4, 12.644426713847508, -0.006719482506886372, 0.0, 0.011177227485931897, 0.0044577449790462464, -7.059491245013133, 0.0, 24.26995312084806, 17.21046187583443, 0.9999020817404577, 0.0, 10.86390994424817, 11.863812025987269, 6.327999999999999
0.0035002004008016048, 0.8572829020328196, 8.356112933997129E-4, 12.799255785380922, -0.0067326523348879615, 0.0, 0.011222662403117936, 0.004490010068230833, -7.0572570551738085, 0.0, 24.432257564954334, 17.375000509780524, 0.9999010853007362, 0.0, 11.001775603110385, 12.001676688410093, 6.327999999999999
0.0035080160320641296, 0.8586013948149254, 8.374771379229346E-4, 12.955228865850131, -0.006745817998728829, 0.0, 0.011268402898095102, 0.004522584899366876, -7.055027675593497, 0.0, 24.597495103093486, 17.542467427500917, 0.9999002660329951, 0.0, 11.142318373084613, 12.142218639117814, 6.327999999999999
0.003515831663326655, 0.859910766646131, 8.393429824461562E-4, 13.112338068998156, -0.006758979507368837, 0.0, 0.01131445440412153, 0.004555474896753738, -7.052803089837451, 0.0, 24.76562349579857, 17.71282040596119, 0.9998996177859182, 0.0, 11.28549124861278, 12.28539086639752, 6.3279999999999985
0.0035236472945891794, 0.8612110548533549, 8.412088269693777E-4, 13.27057537648426, -0.006772136869737211, 0.0, 0.011360822275838997, 0.004588685406102459, -7.05058328151323, 0.0, 24.93660071210169, 17.886017430588474, 0.9998991345298608, 0.0, 11.431247568378007, 12.431146702907082, 6.3279999999999985
0.003531462925851705, 0.8625022966852212, 8.430746714925995E-4, 13.429932638472934, -0.006785290094732641, 0.0, 0.011407511789659354, 0.004622221694927778, -7.048368234270703, 0.0, 25.110384929534103, 18.062016695263935, 0.9998988103551316, 0.0, 11.579541013344304, 12.579439823698708, 6.3279999999999985
0.0035392785571142296, 0.8637845293118769, 8.44940516015821E-4, 13.590401574232715, -0.00679843919122334, 0.0, 0.01145452814415527, 0.004656088952932846, -7.046157931802043, 0.0, 25.286934534132183, 18.240776602329326, 0.9998986394702989, 0.0, 11.730325604822903, 12.730224244291305, 6.3279999999999985
0.0035470941883767545, 0.8650577898248158, 8.468063605390426E-4, 13.751973772749722, -0.00681158416804714, 0.0, 0.011501876460449374, 0.004690292292403232, -7.04395235784173, 0.0, 25.466208120427115, 18.422255762584374, 0.9998986162005084, 0.0, 11.883555702549968, 12.883454318748287, 6.327999999999999
0.00355490981963928, 0.8663221152366881, 8.486722050622642E-4, 13.914640693348844, -0.006824725034011562, 0.0, 0.011549561782601775, 0.004724836748591116, -7.041751496166547, 0.0, 25.64816449145318, 18.606412995286355, 0.9998987349858384, 0.0, 12.039186002809943, 13.039084737794443, 6.327999999999998
0.0035627254509018047, 0.8675775424811237, 8.505380495854859E-4, 14.078393666329987, -0.006837861797893894, 0.0, 0.011597589077999793, 0.004759727280106582, -7.03955533059559, 0.0, 25.832762658746258, 18.79320732815039, 0.9998989903796567, 0.0, 12.197171536571373, 13.19707052694995, 6.3279999999999985
0.00357054108216433, 0.8688241084125481, 8.524038941087075E-4, 14.243223893616175, -0.006850994468441272, 0.0, 0.011645963237747733, 0.004794968769307323, -7.037363844990256, 0.0, 26.019961842338834, 18.98259799734946, 0.9998993770470203, 0.0, 12.357467667643624, 13.35736704469051, 6.3279999999999985
0.003578356713426855, 0.8700618498060003, 8.542697386319291E-4, 14.409122449412678, -0.006864123054370763, 0.0, 0.011694689077055564, 0.004830566022685584, -7.0351770232542545, 0.0, 26.20972147076886, 19.174544447513075, 0.9998998897630753, 0.0, 12.520030090872815, 13.519929980633448, 6.327999999999998
0.0035861723446893802, 0.8712908033569525, 8.561355831551507E-4, 14.576080280878188, -0.00687724756436944, 0.0, 0.011743771335626721, 0.004866523771258041, -7.032994849333591, 0.0, 26.402001181066655, 19.369006331733427, 0.9999005234115088, 0.0, 12.684814830340606, 13.684715353751589, 6.327999999999999
0.003593987975951905, 0.8725110056811249, 8.580014276783724E-4, 14.74408820880862, -0.006890368007094454, 0.0, 0.011793214678048808, 0.004902846670955141, -7.030817307216588, 0.0, 26.59676081877255, 19.56594351155644, 0.9999012729829717, 0.0, 12.851778237613523, 13.851679510596055, 6.328
0.0036018036072144304, 0.8737224933143054, 8.59867272201594E-4, 14.913136928332193, -0.006903484391173133, 0.0, 0.011843023694182372, 0.00493953930301029, -7.028644380933869, 0.0, 26.79396043792085, 19.765316056987686, 0.9999021335735748, 0.0, 13.020876989984012, 14.020779123557071, 6.327999999999999
0.0036096192384769553, 0.874925302712166, 8.617331167248156E-4, 15.083217009615169, -0.006916596725203034, 0.0, 0.011893202899549066, 0.004976606174346837, -7.0264760545583655, 0.0, 26.993560301046678, 19.967084246488906, 0.9999031003833693, 0.0, 13.192068088757685, 14.191971189140713, 6.3279999999999985
0.0036174348697394806, 0.8761194702500839, 8.635989612480373E-4, 15.254318898584586, -0.006929705017752047, 0.0, 0.01194375673572029, 0.005014051717969328, -7.024312312205314, 0.0, 27.19552087918797, 20.1712085669822, 0.9999041687148628, 0.0, 13.365308857557386, 14.36521302627054, 6.3279999999999985
0.0036252505010020055, 0.8773050322229552, 8.654648057712589E-4, 15.426432917655404, -0.006942809277358458, 0.0, 0.011994689570708789, 0.00505188029335131, -7.0221531380322615, 0.0, 27.399802851879837, 20.37764971384776, 0.9999053339715461, 0.0, 13.540556940638282, 14.54046227460888, 6.3279999999999985
0.003633066132264531, 0.878482024845015, 8.673306502944805E-4, 15.59954926647626, -0.006955909512531031, 0.0, 0.012046005699354628, 0.005090096186824655, -7.0199985162390535, 0.0, 27.606367107161333, 20.58636859092171, 0.9999065916564462, 0.0, 13.717770301243421, 14.717676892898078, 6.3279999999999985
0.0036408817635270557, 0.8796504842496541, 8.691964948177021E-4, 15.773658022683264, -0.006969005731749097, 0.0, 0.012097709343716137, 0.005128703611967669, -7.017848431067848, 0.0, 27.815174741567738, 20.79732631050017, 0.9999079373707025, 0.0, 13.896907219960429, 14.896815157330693, 6.327999999999999
0.003648697394789581, 0.88081044648924, 8.710623393409238E-4, 15.948749142667765, -0.006982097943462615, 0.0, 0.01214980465345751, 0.005167706709995903, -7.015702866803111, 0.0, 28.026187060138444, 21.010484193334563, 0.9999093668121242, 0.0, 14.077926293118626, 15.077835659928825, 6.327999999999999
0.0036565130260521055, 0.8819619475349285, 8.729281838641453E-4, 16.124812462354043, -0.006995186156092267, 0.0, 0.012202295706240443, 0.0052071095501488585, -7.013561807771608, 0.0, 28.23936557640992, 21.22580376863867, 0.9999108757738401, 0.0, 14.260786431187249, 15.260697306960667, 6.327999999999999
0.003664328657314631, 0.8831050232764897, 8.747940283873669E-4, 16.301837697991488, -0.007008270378029528, 0.0, 0.012255186508109292, 0.005246916130080381, -7.011425238342418, 0.0, 28.454672012422495, 21.443246774079253, 0.9999124601428766, 0.0, 14.445446857215353, 15.445359317356697, 6.327999999999999
0.0036721442885771557, 0.8842397095221164, 8.766598729105885E-4, 16.479814446956965, -0.00702135061763675, 0.0, 0.012308480993883902, 0.005287130376247895, -7.009293142926923, 0.0, 28.67206829871293, 21.66277515578561, 0.9999141158988317, 0.0, 14.63186710526871, 15.631781221166298, 6.3279999999999985
0.003679959919839681, 0.8853660419982506, 8.785257174338102E-4, 16.658732188569275, -0.007034426883247232, 0.0, 0.012362183027545035, 0.0053277561442987426, -7.00716550597881, 0.0, 28.891516574321834, 21.88435106834306, 0.9999158391125117, 0.0, 14.820007018909845, 15.819922858021323, 6.3279999999999985
0.003687775551102206, 0.8864840563493978, 8.803915619570318E-4, 16.8385802849171, -0.007047499183165317, 0.0, 0.012416296402627994, 0.005368797219463303, -7.0050423119940755, 0.0, 29.112979186786667, 22.107936874793403, 0.9999176259446235, 0.0, 15.009826749673712, 16.009744375618435, 6.327999999999999
0.0036955911823647308, 0.8875937881379404, 8.822574064802534E-4, 17.01934798169441, -0.007060567525666449, 0.0, 0.012470824842606296, 0.005410257316940725, -7.002923545511023, 0.0, 29.336418692149408, 22.333495146637997, 0.9999194726444468, 0.0, 15.201286755588649, 16.201206228231715, 6.327999999999999
0.003703406813627256, 0.8886952728439651, 8.841232510034751E-4, 17.20102440905569, -0.007073631918997267, 0.0, 0.012525772001285435, 0.0054521400822889615, -7.000809191110255, 0.0, 29.561797854947976, 22.560988663837374, 0.9999213755485594, 0.0, 15.394347799688429, 16.394269175235745, 6.3279999999999985
0.003711222444889781, 0.8897885458650732, 8.859890955266967E-4, 17.383598582475003, -0.007086692371375676, 0.0, 0.0125811414631882, 0.0054944490918132916, -6.9986992334146905, 0.0, 29.789079648222724, 22.79038041480825, 0.9999233310795456, 0.0, 15.588970948567628, 16.58889427964652, 6.327999999999999
0.0037190380761523063, 0.8908736425161985, 8.878549400499183E-4, 17.567059403622096, -0.007099748890990935, 0.0, 0.012636936743946295, 0.00553718785295626, -6.996593657089549, 0.0, 30.018227253515263, 23.02163359642578, 0.9999253357447555, 0.0, 15.78511757094054, 16.785042906684343, 6.3279999999999985
0.003726853707414831, 0.8919505980294304, 8.8972078457314E-4, 17.751395661248267, -0.007112801486003725, 0.0, 0.012693161290688287, 0.0055803598046856445, -6.994492446842357, 0.0, 30.249204060865278, 23.25471161402243, 0.9999273861350457, 0.0, 15.982749336220325, 16.982676722353663, 6.327999999999999
0.0037346693386773565, 0.8930194475538272, 8.915866290963616E-4, 17.936596032084992, -0.0071258501645462356, 0.0, 0.012749818482428399, 0.00562396831788288, -6.992395587422949, 0.0, 30.48197366881549, 23.48957808139222, 0.9999294789235557, 0.0, 16.18182821312314, 17.18175769204557, 6.3279999999999985
0.0037424849699398814, 0.8940802261552362, 8.934524736195832E-4, 18.12264908175419, -0.0071388949347222395, 0.0, 0.01280691163045683, 0.005668016695735176, -6.9903030636234655, 0.0, 30.716499884405046, 23.726196820780515, 0.9999316108645007, 0.0, 16.38231646827653, 17.382248079139313, 6.327999999999999
0.0037503006012024067, 0.8951329688161094, 8.953183181428048E-4, 18.309543265690365, -0.007151935804607177, 0.0, 0.012864443978726187, 0.005712508174120112, -6.988214860278353, 0.0, 30.952746723177963, 23.96453186289858, 0.999933778791969, 0.0, 16.5841766648646, 17.584110443654307, 6.328
0.0037581162324649316, 0.896177710435323, 8.971841626660265E-4, 18.497266930076677, -0.007164972782248224, 0.0, 0.01292241870424414, 0.005757445921996868, -6.986130962264362, 0.0, 31.19067840917397, 24.20454744690909, 0.9999359796187376, 0.0, 16.787371661265556, 17.787307640882712, 6.327999999999999
0.003765931863727457, 0.8972144858279947, 8.990500071892481E-4, 18.685808312787174, -0.0071780058756643885, 0.0, 0.01298083891745927, 0.005802833041795893, -6.984051354500555, 0.0, 31.43025937493624, 24.446208020436444, 0.9999382103351115, 0.0, 16.991864609730673, 17.99180282006542, 6.328
0.0037737474949899813, 0.8982433297253007, 9.009158517124696E-4, 18.87515554434978, -0.00719103509284657, 0.0, 0.013039707662651293, 0.005848672569805438, -6.981976021948295, 0.0, 31.67145426151027, 24.689478239562117, 0.9999404680077645, 0.0, 17.197618955065952, 18.19755942307307, 6.327999999999999
0.0037815631262525067, 0.8992642767742987, 9.027816962356912E-4, 19.065296648911612, -0.007204060441757653, 0.0, 0.013099027918320835, 0.005894967476564011, -6.979904949611255, 0.0, 31.914227918435767, 24.93432296882436, 0.9999427497786, 0.0, 17.40459843332374, 18.404541183101276, 6.3279999999999985
0.0037893787575150315, 0.9002773615377349, 9.046475407589129E-4, 19.256219545225463, -0.007217081930332579, 0.0, 0.013158802597577096, 0.005941720667245562, -6.977838122535416, 0.0, 32.15854540375755, 25.18070728122083, 0.9999450528636311, 0.0, 17.61276707053165, 18.612712123392818, 6.327999999999999
0.003797194388777557, 0.9012826184938725, 9.065133852821345E-4, 19.447912047641125, -0.00723009956647843, 0.0, 0.013219034548528144, 0.005988934982050498, -6.975775525809057, 0.0, 32.404371984018965, 25.428596458209103, 0.9999473745518705, 0.0, 17.82208918141702, 18.82203655596722, 6.3279999999999985
0.0038050100200400817, 0.9022800820363058, 9.083792298053561E-4, 19.640361867111523, -0.007243113358074497, 0.0, 0.013279726554668775, 0.006036613196595, -6.973717144562776, 0.0, 32.651673134263085, 25.67795598970015, 0.9999497122042177, 0.0, 18.032529368157498, 19.032479080360755, 6.327999999999999
0.003812825651302607, 0.9032697864737751, 9.102450743285778E-4, 19.833556612211197, -0.007256123312972377, 0.0, 0.013340881335270019, 0.006084758022298423, -6.971662963969467, 0.0, 32.90041453803503, 25.92875157406529, 0.9999520632524006, 0.0, 18.244052519146187, 19.24400458239746, 6.3279999999999985
0.003820641282565132, 0.9042517660299878, 9.121109188517994E-4, 20.02748379016714, -0.007269129438996029, 0.0, 0.013402501545768705, 0.0061333721067734215, -6.969612969244333, 0.0, 33.1505620873803, 26.18094911813524, 0.9999544251978799, 0.0, 18.456623807768107, 19.456578232964443, 6.327999999999999
0.0038284569138276573, 0.905226054843437, 9.13976763375021E-4, 20.22213080789834, -0.007282131743941878, 0.0, 0.013464589778156413, 0.0061824580342155905, -6.967567145644889, 0.0, 33.40208188284168, 26.43451473719636, 0.9999567956108125, 0.0, 18.670208691190687, 19.670165486799917, 6.327999999999999
0.003836272545090182, 0.9061926869672176, 9.158426078982426E-4, 20.41748497307111, -0.007295130235578871, 0.0, 0.013527148561367344, 0.006232018325789304, -6.965525478470949, 0.0, 33.65494023346598, 26.68941475499447, 0.9999591721289905, 0.0, 18.88477290918015, 19.88473208130767, 6.3279999999999985
0.0038440881763527075, 0.9071516963688416, 9.177084524214643E-4, 20.61353349516432, -0.007308124921648572, 0.0, 0.013590180361667828, 0.00628205544002014, -6.963487953064635, 0.0, 33.90910365679745, 26.9456157037339, 0.9999615524568212, 0.0, 19.100282482917233, 20.100244035374175, 6.3279999999999985
0.0038519038076152323, 0.9081031169300608, 9.195742969446859E-4, 20.81026348654737, -0.007321115809865237, 0.0, 0.013653687583046734, 0.006332571773182416, -6.96145455481038, 0.0, 34.164538878883555, 27.20308432407307, 0.9999639343643079, 0.0, 19.316703713838674, 20.316667648201875, 6.328
0.0038597194388777572, 0.9090469824466829, 9.214401414679075E-4, 21.007661963570172, -0.007334102907915882, 0.0, 0.013717672567602479, 0.0063835696596874075, -6.959425269134919, 0.0, 34.421212834270314, 27.461787565134447, 0.9999663156860226, 0.0, 19.534003182486057, 20.533969498170258, 6.3279999999999985
0.0038675350701402825, 0.9099833266283877, 9.233059859911292E-4, 21.205715847662788, -0.007347086223460379, 0.0, 0.013782137595934024, 0.006435051372474479, -6.957400081507294, 0.0, 34.67909266600219, 27.721692584494654, 0.9999686943201457, 0.0, 19.752147747368866, 20.75211644168786, 6.3279999999999985
0.0038753507014028074, 0.9109121830985467, 9.251718305143508E-4, 21.404411966451335, -0.007360065764131527, 0.0, 0.013847084887527589, 0.006487019123396845, -6.955378977438856, 0.0, 34.93814572562623, 27.982766748188045, 0.9999710682274576, 0.0, 19.97110454385, 20.97107561207728, 6.327999999999999
0.0038831663326653327, 0.9118335853940389, 9.270376750375724E-4, 21.603737054881776, -0.007373041537535126, 0.0, 0.01391251660114795, 0.006539475063613617, -6.953361942483256, 0.0, 35.198339573192946, 28.244977630709567, 0.9999734354303756, 0.0, 20.19084098303685, 21.190814418466253, 6.3279999999999985
0.003890981963927857, 0.9127475669650715, 9.289035195607939E-4, 21.803677756357217, -0.007386013551250065, 0.0, 0.013978434835226025, 0.006592421283976857, -6.951348962236459, 0.0, 35.4596419772459, 28.508293015009745, 0.9999757940119989, 0.0, 20.411324750678244, 21.41130054468958, 6.327999999999999
0.0038987975951903825, 0.9136541611749992, 9.307693640840156E-4, 22.004220623890347, -0.007398981812828392, 0.0, 0.014044841628248955, 0.006645859815421276, -6.9493400223367345, 0.0, 35.72202091483438, 28.772680892497856, 0.9999781421151467, 0.0, 20.632523806094987, 21.632501948209583, 6.327999999999999
0.003906613226452907, 0.9145534013001316, 9.326352086072372E-4, 22.20535212125975, -0.007411946329795408, 0.0, 0.014111738959147455, 0.006699792629353066, -6.947335108464656, 0.0, 35.9854445715062, 29.038109463041796, 0.9999804779414507, 0.0, 20.854406381106546, 21.854386859047157, 6.3279999999999985
0.003914428857715433, 0.9154453205295651, 9.345010531304588E-4, 22.407058624187812, -0.007424907109649721, 0.0, 0.014179128747686981, 0.006754221638038363, -6.945334206343103, 0.0, 36.24988134130968, 29.304547134966242, 0.9999827997503971, 0.0, 21.076940978975458, 22.076923778724336, 6.3279999999999985
0.003922244488977958, 0.9163299519649918, 9.363668976536804E-4, 22.609326421521644, -0.007437864159863353, 0.0, 0.014247012854856106, 0.006809148694993411, -6.943337301737265, 0.0, 36.51529982679306, 29.57196252505574, 0.9999851058584376, 0.0, 21.30009637336489, 22.300081479222563, 6.3279999999999985
0.0039300601202404825, 0.9172073286205195, 9.382327421769021E-4, 22.8121417164341, -0.007450817487881795, 0.0, 0.01431539308325247, 0.006864575595371181, -6.941344380454636, 0.0, 36.781668839006606, 29.84032445855185, 0.9999873946380698, 0.0, 21.523841607313887, 22.523829001951302, 6.3279999999999985
0.003937875751503008, 0.91807748342249, 9.400985867001237E-4, 23.01549062763047, -0.0074637671011241035, 0.0, 0.014384271177478078, 0.0069205040763546805, -6.9393554283450145, 0.0, 37.04895739749794, 30.109601969151143, 0.9999896645169581, 0.0, 21.748145992208133, 22.748135656722564, 6.3279999999999985
0.003945691382765533, 0.9189404492092959, 9.419644312233453E-4, 23.21935919057171, -0.007476713006982971, 0.0, 0.014453648824522145, 0.006976935817539817, -6.937370431300508, 0.0, 37.317134730316596, 30.379764299016585, 0.9999919139770469, 0.0, 21.972979106785314, 22.972971020762174, 6.3279999999999985
0.003953507014028058, 0.919796258731201, 9.43830275746567E-4, 23.423733358704, -0.007489655212824806, 0.0, 0.014523527654154086, 0.007033872441330066, -6.935389375255531, 0.0, 37.586170274014016, 30.650780898758775, 0.9999941415536848, 0.0, 22.198310796137005, 23.19830493769015, 6.327999999999998
0.003961322645290583, 0.9206449446501545, 9.456961202697886E-4, 23.628599004706018, -0.007502593725989806, 0.0, 0.01459390923931074, 0.007091315513321594, -6.9334122461867995, 0.0, 37.85603367363996, 30.922621427452345, 0.9999963458347711, 0.0, 22.424111170724984, 23.424107516558237, 6.3279999999999985
0.003969138276553108, 0.9214865395396107, 9.475619647930102E-4, 23.833941921745975, -0.007515528553792055, 0.0, 0.014664795096485592, 0.007149266542694405, -6.931439030113344, 0.0, 38.12669478274347, 31.19525575262953, 0.9999985254599019, 0.0, 22.650350605411447, 23.650349130869838, 6.327999999999999
0.0039769539078156335, 0.9223210758843486, 9.494278093162318E-4, 24.0397478247516, -0.007528459703519581, 0.0, 0.0147361866861183, 0.00720772698259943, -6.929469713096496, 0.0, 38.39812366337738, 31.468653950279595, 1.0000006791195268, 0.0, 22.876999738503994, 23.877000417621478, 6.327999999999999
0.003984769539078159, 0.9231485860802843, 9.512936538394535E-4, 24.24600235168623, -0.007541387182434444, 0.0, 0.014808085412983285, 0.00726669823054972, -6.927504281239891, 0.0, 38.670290586092165, 31.74278630485167, 1.0000028055541264, 0.0, 23.10402947080211, 24.10403227635471, 6.327999999999999
0.003992585170340683, 0.9239691024342956, 9.531594983626751E-4, 24.452691064846306, -0.0075543109977728225, 0.0, 0.014880492626580338, 0.00732618162880809, -6.925542720689475, 0.0, 38.94316602993708, 32.01762330924726, 1.000004903553391, 0.0, 23.331410964660126, 24.331415868212574, 6.3279999999999985
0.004000400801603209, 0.9247826571640361, 9.550253428858967E-4, 24.65979945216509, -0.0075672311567450785, 0.0, 0.014953409621519628, 0.007386178464775628, -6.923585017633503, 0.0, 39.216720682466736, 32.29313566483216, 1.0000069719553908, 0.0, 23.55911564307229, 24.559122615025476, 6.328
0.004008216432865733, 0.9255892823977504, 9.568911874091183E-4, 24.867312928526644, -0.00758014766653584, 0.0, 0.015026837637915694, 0.007446689971380427, -6.921631158302531, 0.0, 39.490925439732656, 32.569294281429876, 1.000009009645794, 0.0, 23.787115188744334, 24.787124198389282, 6.328
0.004016032064128258, 0.9263890101741016, 9.587570319323399E-4, 25.07521683709882, -0.0075930605343040945, 0.0, 0.015100777861773051, 0.007507717327469743, -6.919681128969422, 0.0, 39.76575140628538, 32.84607027731546, 1.0000110155570767, 0.0, 24.01538154319506, 25.015392558750815, 6.327999999999999
0.004023847695390784, 0.9271818724419739, 9.606228764555615E-4, 25.28349645066885, -0.007605969767183244, 0.0, 0.015175231425375524, 0.007569261658193188, -6.9177349159493495, 0.0, 40.041169895182136, 33.12343497923254, 1.000012988667718, 0.0, 24.24388690587002, 25.243899894536543, 6.3279999999999985
0.004031663326653309, 0.9279679010603059, 9.624887209787832E-4, 25.492136973000186, -0.007618875372281203, 0.0, 0.015250199407679202, 0.007631324035398679, -6.915792505599789, 0.0, 40.31715242797025, 33.40135992236949, 1.0000149280014508, 0.0, 24.472603733237683, 25.47261866123745, 6.327999999999999
0.0040394789579158335, 0.9287471277979001, 9.643545655020048E-4, 25.701123540194203, -0.007631777356680468, 0.0, 0.015325682834694737, 0.007693905478015017, -6.913853884320525, 0.0, 40.59367073470526, 33.67981685038407, 1.00001683262648, 0.0, 24.701504737941622, 25.701521570566655, 6.3279999999999985
0.004047294589178359, 0.929519584333238, 9.662204100252264E-4, 25.910441222068528, -0.007644675727438202, 0.0, 0.015401682679880874, 0.007757006952443635, -6.911919038553646, 0.0, 40.87069675394366, 33.958777715389175, 1.0000187016547306, 0.0, 24.930562887925703, 25.930581589578594, 6.327999999999998
0.004055110220440884, 0.9302853022543098, 9.68086254548448E-4, 26.120075023543052, -0.0076575704915863105, 0.0, 0.01547819986453497, 0.007820629372949597, -6.909987954783549, 0.0, 41.148202632735014, 34.23821467795149, 1.000020534241108, 0.0, 25.159751405571807, 26.15977193981197, 6.3279999999999985
0.0040629258517034085, 0.9310443130584177, 9.699520990716697E-4, 26.330009886042262, -0.00767046165613151, 0.0, 0.015555235258176509, 0.007884773602045814, -6.908060619536941, 0.0, 41.426160726636994, 34.518100107098405, 1.0000223295827353, 0.0, 25.38904376687758, 26.38906609645784, 6.3279999999999985
0.004070741482965934, 0.9317966481520034, 9.718179435948913E-4, 26.54023068890615, -0.007683349228055432, 0.0, 0.015632789678941342, 0.007949440450886427, -6.906137019382826, 0.0, 41.704543599700344, 34.798406580317305, 1.0000240869182593, 0.0, 25.618413700602723, 26.618437787520243, 6.3279999999999985
0.004078557114228459, 0.9325423388504652, 9.736837881181129E-4, 26.75072225081624, -0.007696233214314683, 0.0, 0.015710863893967197, 0.008014630679653106, -6.90421714093252, 0.0, 41.98332402448344, 35.07910688355045, 1.000025805527106, 0.0, 25.8478351874634, 26.847860992989432, 6.3279999999999985
0.0040863727454909845, 0.9332814163779679, 9.755496326413345E-4, 26.961469331228898, -0.0077091136218409234, 0.0, 0.015789458619784313, 0.008080344997944328, -6.90230097083965, 0.0, 42.26247498204023, 35.36017401119961, 1.0000274847287558, 0.0, 26.0772824593043, 27.077309944031125, 6.327999999999998
0.004094188376753509, 0.9340139118672718, 9.77415477164556E-4, 27.172456631826037, -0.00772199045754095, 0.0, 0.015868574522706014, 0.00814658406516569, -6.900388495800138, 0.0, 42.54196966192623, 35.64158116612549, 1.000029123882068, 0.0, 26.3067299982981, 27.306759122178924, 6.327999999999998
0.004102004008016034, 0.9347398563595442, 9.792813216877778E-4, 27.383668797973257, -0.007734863728296786, 0.0, 0.015948212219214608, 0.008213348490918482, -6.898479702552223, 0.0, 42.821781462196085, 35.92330175964389, 1.0000307223845624, 0.0, 26.53615253615052, 27.536183258534432, 6.327999999999998
0.004109819639278559, 0.9354592808041747, 9.811471662109993E-4, 27.595090420193742, -0.007747733440965738, 0.0, 0.016028372276350483, 0.00828063883538549, -6.896574577876447, 0.0, 43.10188398940898, 36.20530941153252, 1.0000322796717296, 0.0, 26.765525053318942, 27.765557332989893, 6.327999999999999
0.004117635270541085, 0.9361722160586027, 9.83013010734221E-4, 27.806706035649142, -0.00776059960238049, 0.0, 0.016109055212105566, 0.008348455609725802, -6.894673108595657, 0.0, 43.382251058618024, 36.48757795002241, 1.0000337952163576, 0.0, 26.99482277821961, 27.994856573435268, 6.3279999999999985
0.004125450901803609, 0.9368786928881244, 9.848788552574426E-4, 28.018500129641154, -0.007773462219349186, 0.0, 0.01619026149580735, 0.00841679927645908, -6.892775281575003, 0.0, 43.66285669338177, 36.77008141180684, 1.0000352685278715, 0.0, 27.2240211864754, 28.22405645500242, 6.3279999999999985
0.004133266533066135, 0.9375787419657141, 9.867446997806643E-4, 28.230457137110648, -0.007786321298655492, 0.0, 0.01627199154850928, 0.00848567024985461, -6.890881083721952, 0.0, 43.94367512575916, 37.052794042035174, 1.0000366991516234, 0.0, 27.453096000149213, 28.453132699297964, 6.3279999999999985
0.004141082164328659, 0.9382723938718498, 9.886105443038858E-4, 28.442561444166643, -0.00779917684705869, 0.0, 0.016354245743382456, 0.008555068896324486, -6.888990501986267, 0.0, 44.22468079630196, 37.33569029431603, 1.000038086668282, 0.0, 27.682023186982175, 28.682061273650064, 6.3279999999999985
0.0041488977955911836, 0.938959679094317, 9.904763888271073E-4, 28.654797389611304, -0.00781202887129375, 0.0, 0.016437024406100176, 0.008624995534807667, -6.887103523360025, 0.0, 44.50584835407325, 37.61874483071196, 1.0000394306931475, 0.0, 27.910778959673635, 28.910818390364266, 6.3279999999999985
0.00415671342685371, 0.9396406280280389, 9.92342233350329E-4, 28.867149266486877, -0.007824877378071419, 0.0, 0.016520327815231522, 0.008695450437161079, -6.8852201348776, 0.0, 44.78715265662801, 37.90193252175086, 1.0000407308755372, 0.0, 28.139339775122533, 29.139380505997543, 6.3279999999999985
0.004164529058116235, 0.9403152709748861, 9.942080778735508E-4, 29.07960132363212, -0.00783772237407827, 0.0, 0.016604156202626674, 0.008766433828550024, -6.883340323615683, 0.0, 45.06856877002597, 38.18522844641015, 1.0000419868981083, 0.0, 28.36768233371753, 29.36772432061387, 6.3279999999999985
0.0041723446893787595, 0.9409836381435008, 9.960739223967723E-4, 29.29213776724498, -0.007850563865976828, 0.0, 0.016688509753808173, 0.0088379458878321, -6.881464076693266, 0.0, 45.35007196882508, 38.46860789213057, 1.0000431984762805, 0.0, 28.595783578610067, 29.59582677708435, 6.3279999999999985
0.004180160320641284, 0.9416457596491079, 9.979397669199939E-4, 29.504742762467686, -0.007863401860405609, 0.0, 0.016773388608358364, 0.008909986747954068, -6.879591381271648, 0.0, 45.63163773608518, 38.75204635481333, 1.0000443653575652, 0.0, 28.82362069500948, 29.82366506036554, 6.3279999999999985
0.00418797595190381, 0.9423016655133388, 9.998056114432156E-4, 29.717400434975787, -0.007876236363979215, 0.0, 0.01685879286031014, 0.008982556496331728, -6.877722224554433, 0.0, 45.91324176336384, 39.03551953880916, 1.0000454873209745, 0.0, 29.0511711094749, 30.05121659679482, 6.3279999999999985
0.0041957915831663355, 0.9429513856640482, 0.0010016714559664373, 29.9300948725824, -0.007889067383288418, 0.0, 0.016944722558536157, 0.00905565517524845, -6.8758565937875336, 0.0, 46.19485995072221, 39.31900335693461, 1.000046564176422, 0.0, 29.278412489226497, 30.27845905340214, 6.327999999999997
0.00420360721442886, 0.943594949935124, 0.0010035373004896589, 30.142810126850804, -0.007901894924900217, 0.0, 0.017031177707133804, 0.00912928278223471, -6.87399447625917, 0.0, 46.476468406719874, 39.602473930460754, 1.0000475957640838, 0.0, 29.505322741457874, 30.505370337220885, 6.3279999999999985
0.004211422845691384, 0.9442323880663194, 0.0010054031450128804, 30.35553021472623, -0.007914718995357952, 0.0, 0.017118158265820527, 0.009203439270462688, -6.872135859299863, 0.0, 46.75804344841605, 39.88590758911602, 1.0000485819538536, 0.0, 29.73188001265196, 30.73192859460554, 6.327999999999998
0.0042192384769539105, 0.94486372970306, 0.0010072689895361021, 30.568239120171995, -0.007927539601181356, 0.0, 0.017205664150317407, 0.009278124549136624, -6.870280730282446, 0.0, 47.03956160137187, 40.16928087108946, 1.000049522644712, 0.0, 29.958062687917305, 30.95811221056149, 6.327999999999998
0.004227054108216435, 0.9454890043962615, 0.0010091348340593236, 30.780920795820123, -0.007940356748866633, 0.0, 0.017293695232741463, 0.009353338483875623, -6.868429076622058, 0.0, 47.32099959964893, 40.452570523026395, 1.000050417764165, 0.0, 30.183849390319395, 31.1838998080823, 6.327999999999998
0.00423486973947896, 0.9461082416021543, 0.0010110006785825454, 30.993559164639294, -0.007953170444886547, 0.0, 0.017382251341992783, 0.009429080897107145, -6.866580885776141, 0.0, 47.60233438580845, 40.73575350003263, 1.0000512672676527, 0.0, 30.409218980225095, 31.40927024749217, 6.327999999999998
0.004242685370741485, 0.9467214706820969, 0.0010128665231057669, 31.206138121603203, -0.007965980695690511, 0.0, 0.017471332264146322, 0.00950535156845636, -6.864736145244445, 0.0, 47.883543110909166, 41.01880696566431, 1.000052071138019, 0.0, 30.634150554648414, 31.634202625785484, 6.3279999999999985
0.004250501002004011, 0.9473287209023944, 0.0010147323676289886, 31.41864153538296, -0.007978787507704648, 0.0, 0.017560937742836152, 0.00958215023513212, -6.862894842569028, 0.0, 48.164603134516106, 41.30170829194664, 1.000052829384894, 0.0, 30.858623446621827, 31.858676276005674, 6.327999999999999
0.004258316633266535, 0.9479300214341155, 0.0010165982121522101, 31.631053250043465, -0.007991590887331866, 0.0, 0.017651067479649507, 0.009659476592318084, -6.861056965334254, 0.0, 48.44549202468882, 41.58443505935396, 1.000053542044175, 0.0, 31.082617224544375, 32.082670766587505, 6.327999999999998
0.004266132264529061, 0.9485254013529113, 0.0010184640566754319, 31.843357086754565, -0.00800439084095196, 0.0, 0.017741721134511668, 0.009737330293560914, -6.85922250116679, 0.0, 48.72618755799042, 41.866965056823716, 1.0000542091774705, 0.0, 31.306111691566723, 32.306165900743096, 6.3279999999999985
0.004273947895791585, 0.9491148896388333, 0.0010203299011986534, 32.05553684551677, -0.008017187374921665, 0.0, 0.017832898326079816, 0.009815710951158546, -6.857391437735615, 0.0, 49.00666771948616, 42.14927628175012, 1.000054830871539, 0.0, 31.529086884963665, 32.529141715834385, 6.3279999999999985
0.004281763527054111, 0.949698515176153, 0.0010221957457218751, 32.26757630689161, -0.008029980495574768, 0.0, 0.01792459863212667, 0.009894618136552957, -6.8555637627520065, 0.0, 49.28691070273414, 42.43134693998107, 1.0000554072377785, 0.0, 31.751523075515724, 32.75157848275141, 6.3279999999999985
0.004289579158316636, 0.9502763067531729, 0.0010240615902450967, 32.479459233751186, -0.008042770209222144, 0.0, 0.01801682158993234, 0.009974051380710836, -6.853739463969559, 0.0, 49.56689490980186, 42.713155445831376, 1.0000559384116638, 0.0, 31.973400766915162, 32.97345670532528, 6.327999999999998
0.004297394789579161, 0.9508482930620537, 0.0010259274347683184, 32.69116937303755, -0.00805555652215187, 0.0, 0.01810956669667535, 0.010054010174524064, -6.851918529184164, 0.0, 49.846598951249796, 42.99468042206581, 1.0000564245522354, 0.0, 32.19470069514656, 33.19475711969841, 6.3279999999999985
0.004305210420841686, 0.951414502698626, 0.00102779327929154, 32.902690457530866, -0.008068339440629289, 0.0, 0.018202833409815294, 0.010134493969186448, -6.850100946234026, 0.0, 50.12600164614508, 43.27590069991013, 1.0000568658415825, 0.0, 32.41540382791207, 33.4154606937523, 6.327999999999998
0.004313026052104211, 0.9519749641622076, 0.0010296591238147614, 33.11400620763385, -0.008081118970897092, 0.0, 0.01829662114748984, 0.010215502176593477, -6.8482867029996495, 0.0, 50.40508202205008, 43.556795319050764, 1.0000572624843158, 0.0, 32.63549136402426, 33.6355486265082, 6.327999999999998
0.004320841683366736, 0.9525297058554261, 0.0010315249683379832, 33.3251003331668, -0.008093895119175392, 0.0, 0.018390929288898128, 0.010297034169723052, -6.846475787403853, 0.0, 50.68381931502978, 43.83734352762534, 1.000057614707064, 0.0, 32.85494473283715, 33.85500234754332, 6.327999999999997
0.004328657314629261, 0.9530787560840337, 0.0010333908128612047, 33.535956535172716, -0.008106667891661819, 0.0, 0.018485757174690837, 0.010379089283029858, -6.844668187411754, 0.0, 50.96219296964867, 44.11752478223588, 1.00005792275798, 0.0, 33.07374559366676, 34.07380351642289, 6.327999999999998
0.004336472945891786, 0.9536221430567224, 0.0010352566573844264, 33.74655850773706, -0.008119437294531571, 0.0, 0.01858110410736183, 0.01046166681283145, -6.842863891030783, 0.0, 51.24018263897124, 44.39731874794119, 1.00005818690621, 0.0, 33.29187583521985, 34.291934022125645, 6.327999999999998
0.00434428857715431, 0.9541598948849495, 0.001037122501907648, 33.9568899398177, -0.00813220333393752, 0.0, 0.018676969351634404, 0.010544766017696994, -6.84106288631067, 0.0, 51.517768184564254, 44.67670529825304, 1.0000584074414376, 0.0, 33.50931757503585, 34.50937598247664, 6.327999999999997
0.004352104208416837, 0.9546920395827455, 0.0010389883464308697, 34.16693451708625, -0.008144966016010282, 0.0, 0.018773352134850096, 0.010628386118840455, -6.839265161343458, 0.0, 51.794929676493844, 44.95566451515033, 1.0000585846733752, 0.0, 33.72605315892724, 34.72611174359995, 6.3279999999999985
0.004359919839679361, 0.955218605066541, 0.0010408541909540912, 34.376675923783694, -0.008157725346858283, 0.0, 0.01887025164736031, 0.010712526300502512, -6.837470704263492, 0.0, 52.07164739332509, 45.234176689061606, 1.0000587189312824, 0.0, 33.942065160425564, 34.94212387935638, 6.327999999999998
0.004367735470941886, 0.9557396191549794, 0.001042720035477313, 34.58609784458832, -0.00817048133256786, 0.0, 0.01896766704291225, 0.010797185710345186, -6.835679503247428, 0.0, 52.34790182212579, 45.512222318877065, 1.0000588105634902, 0.0, 34.15733638024315, 35.15739519080458, 6.327999999999998
0.004375551102204411, 0.9562551095687344, 0.0010445858800005345, 34.795183966489674, -0.008183233979203322, 0.0, 0.019065597439042292, 0.010882363459839617, -6.833891546514218, 0.0, 52.62367365845898, 45.78978211194476, 1.0000588599369344, 0.0, 34.37184984572226, 35.371908705658576, 6.3279999999999985
0.004383366733466936, 0.9567651039303312, 0.001046451724523756, 35.003917980682786, -0.008195983292807043, 0.0, 0.01916404191745824, 0.010968058624652194, -6.832106822325137, 0.0, 52.89894380639627, 46.06683698407118, 1.0000588674366753, 0.0, 34.58558881032144, 35.58564767775722, 6.3279999999999985
0.0043911823647294615, 0.9572696297639629, 0.0010483175690469777, 35.21228358446933, -0.008208729279399524, 0.0, 0.019262999524436858, 0.011054270245038467, -6.830325318983751, 0.0, 53.173693378503046, 46.34336805951926, 1.000058833465448, 0.0, 34.79853675306483, 35.79859558652915, 6.327999999999998
0.004398997995991987, 0.9577687144953061, 0.0010501834135701995, 35.42026448316847, -0.00822147194497949, 0.0, 0.019362469271205773, 0.011140997326227198, -6.82854702483594, 0.0, 53.44790369584651, 46.61935667100986, 1.0000587584431972, 0.0, 35.01067737803485, 36.01073613647646, 6.3279999999999985
0.004406813627254511, 0.9582623854513402, 0.001052049258093421, 35.62784439204677, -0.008234211295523954, 0.0, 0.01946245013433387, 0.011228238838810495, -6.826771928269889, 0.0, 53.721556287994915, 46.894784359724945, 1.0000586428066254, 0.0, 35.22199461385359, 36.22205325665958, 6.3279999999999985
0.0044146292585170365, 0.9587506698601682, 0.0010539151026166425, 35.835007038257345, -0.008246947336988313, 0.0, 0.01956294105612502, 0.011315993719137496, -6.825000017716091, 0.0, 53.99463289301733, 47.16963287530133, 1.0000584870087503, 0.0, 35.432472613167015, 36.432531100175105, 6.3279999999999985
0.004422444889779562, 0.9592335948508288, 0.0010557809471398642, 36.041736162785014, -0.008259680075306409, 0.0, 0.01966394094500093, 0.011404260869695482, -6.823231281647341, 0.0, 54.26711545748248, 47.44388417583418, 1.0000582915184546, 0.0, 35.64209575214397, 36.642154043660554, 6.327999999999998
0.004430260521042087, 0.9597111874531203, 0.001057646791663086, 36.24801552241047, -0.008272409516390609, 0.0, 0.019765448675894276, 0.011493039159504503, -6.821465708578746, 0.0, 54.538986136458476, 47.71752042787861, 1.0000580568200421, 0.0, 35.85084862997174, 36.85090668678988, 6.327999999999998
0.004438076152304612, 0.9601834745974123, 0.0010595126361863075, 36.45382889168616, -0.0082851356661319, 0.0, 0.019867463090635723, 0.011582327424504796, -6.819703287067715, 0.0, 54.810227293514025, 47.99052400644597, 1.0000577834128257, 0.0, 36.05871606836411, 37.05877385177568, 6.327999999999998
0.004445891783567137, 0.9606504831144699, 0.001061378480709529, 36.659160064919774, -0.008297858530399965, 0.0, 0.01996998299834471, 0.011672124467944966, -6.817944005713968, 0.0, 55.080821500720205, 48.26287749500566, 1.0000574718106805, 0.0, 36.26568311107166, 37.265740582881556, 6.3279999999999985
0.004453707414829662, 0.9611122397352644, 0.0010632443252327508, 36.86399285817026, -0.00831057811504324, 0.0, 0.020073007175815838, 0.01176242906077371, -6.816187853159522, 0.0, 55.35075153864511, 48.534563685485544, 1.000057122541619, 0.0, 36.471735023394274, 37.4717921459348, 6.327999999999998
0.004461523046092187, 0.9615687710907996, 0.0010651101697559723, 37.06831111126314, -0.00832329442588901, 0.0, 0.020176534367911142, 0.011853239942022198, -6.8144348180887135, 0.0, 55.62000039636018, 48.805565578270965, 1.000056736147372, 0.0, 36.67685729170483, 37.67691402785164, 6.3279999999999985
0.004469338677354712, 0.9620201037119197, 0.001066976014279194, 37.27209868980731, -0.008336007468743502, 0.0, 0.020280563287944947, 0.011944555819202035, -6.8126848892281755, 0.0, 55.88855127143647, 49.07586638220774, 1.0000563131829883, 0.0, 36.88103562297489, 37.88109193615678, 6.327999999999998
0.004477154308617237, 0.9624662640291379, 0.0010688418588024155, 37.47533948722946, -0.008348717249391931, 0.0, 0.020385092618078415, 0.012036375368686625, -6.81093805534685, 0.0, 56.15638756994278, 49.34544951459467, 1.0000558542163989, 0.0, 37.084255944298086, 38.08431179851309, 6.327999999999998
0.004484969939879763, 0.9629072783724439, 0.0010707077033256373, 37.67801742682059, -0.0083614237735986, 0.0, 0.02049012100970321, 0.012128697236104852, -6.809194305255988, 0.0, 56.42349290645051, 49.61429860119445, 1.0000553598280189, 0.0, 37.28650440243534, 38.28655976226306, 6.327999999999998
0.004492785571142287, 0.9633431729711306, 0.0010725735478488588, 37.880116463793684, -0.008374127047106984, 0.0, 0.020595647083833157, 0.012221520036726968, -6.807453627809146, 0.0, 56.68985110403346, 49.88239747622324, 1.0000548306103598, 0.0, 37.48776736335242, 38.487822193960966, 6.3279999999999985
0.0045006012024048124, 0.9637739739536034, 0.0010744393923720805, 38.081620587351495, -0.008386827075639787, 0.0, 0.020701669431494513, 0.012314842355855588, -6.8057160119021844, 0.0, 56.95544619426242, 50.149730182359214, 1.0000542671676018, 0.0, 37.68803141175835, 38.68808567892414, 6.3279999999999985
0.004508416833667337, 0.9641997073472095, 0.001076305236895302, 38.282513822772216, -0.008399523864899039, 0.0, 0.020808186614112517, 0.012408662749213678, -6.803981446473269, 0.0, 57.22026241720629, 50.41628097073244, 1.0000536701152278, 0.0, 37.88728335065861, 38.887337020773074, 6.3279999999999985
0.004516232464929863, 0.9646203990780392, 0.0010781710814185238, 38.482780233496555, -0.008412217420566179, 0.0, 0.020915197163899946, 0.012502979743334475, -6.802249920502879, 0.0, 57.48428422144122, 50.682034300938206, 1.000053040079615, 0.0, 38.08551020091906, 39.085563240997885, 6.327999999999997
0.0045240480961923875, 0.9650360749707634, 0.0010800369259417453, 38.68240392323594, -0.008424907748302105, 0.0, 0.021022699584249627, 0.012597791835948557, -6.800521423013794, 0.0, 57.74749626403954, 50.94697484102491, 1.0000523776976495, 0.0, 38.28269920081067, 39.28275157850652, 6.327999999999998
0.004531863727454913, 0.9654467607484323, 0.001081902770464967, 38.88136903809243, -0.008437594853747296, 0.0, 0.0211306923501213, 0.012693097496374456, -6.7987959430711005, 0.0, 58.00988341057144, 51.211087467501166, 1.0000516836163595, 0.0, 38.47883780557682, 39.478889489193584, 6.327999999999998
0.004539679358717437, 0.9658524820323081, 0.0010837686149881886, 39.07965976868434, -0.00845027874252185, 0.0, 0.02123917390842825, 0.012788895165907144, -6.797073469782192, 0.0, 58.27143073511412, 51.47435726533189, 1.0000509584925135, 0.0, 38.67391368701274, 39.673964645504526, 6.327999999999998
0.004547494989979963, 0.9662532643416759, 0.00108563445951141, 39.27726035228795, -0.008462959420225586, 0.0, 0.021348142678432686, 0.012885183258207727, -6.7953539922967705, 0.0, 58.5321235202374, 51.73676952794069, 1.0000502029922593, 0.0, 38.86791473301779, 39.86796493600953, 6.327999999999998
0.004555310621242488, 0.9666491330936595, 0.0010875003040346318, 39.47415507499261, -0.00847563689243812, 0.0, 0.021457597052126492, 0.012981960159688805, -6.793637499806845, 0.0, 58.79194725701728, 51.99830975721139, 1.0000494177907513, 0.0, 39.06082904719362, 40.06087846498493, 6.3279999999999985
0.004563126252505012, 0.9670401136030468, 0.0010893661485578533, 39.670328273862424, -0.008488311164718937, 0.0, 0.021567535394629245, 0.013079224229910563, -6.791923981546724, 0.0, 59.05088764502868, 52.25896366348247, 1.0000486035717913, 0.0, 39.25264494840991, 40.25269355198198, 6.327999999999998
0.004570941883767538, 0.9674262310820991, 0.001091231993081075, 39.865764339118186, -0.008500982242607478, 0.0, 0.021677956044568375, 0.013176973801961644, -6.790213426793029, 0.0, 59.308930592345455, 52.518717165551905, 1.0000477610274436, 0.0, 39.44335097039812, 40.443398731424374, 6.327999999999998
0.004578757515030063, 0.9678075106403756, 0.0010930978376042966, 40.060447716319004, -0.008513650131623217, 0.0, 0.021788857314475968, 0.013275207182853521, -6.7885058248646875, 0.0, 59.56606221553967, 52.77755639067531, 1.0000468908577018, 0.0, 39.63293586133351, 40.632982752190834, 6.327999999999998
0.004586573146292588, 0.9681839772845481, 0.0010949636821275183, 40.25436290857044, -0.00852631483726573, 0.0, 0.02190023749117187, 0.013373922653907327, -6.786801165122929, 0.0, 59.822268839690736, 53.03546767456789, 1.0000459937701125, 0.0, 39.82138858344367, 40.821434577212784, 6.3279999999999985
0.004594388777555113, 0.9685556559182174, 0.0010968295266507398, 40.44749447873426, -0.00853897636501479, 0.0, 0.022012094836156793, 0.013473118471142825, -6.785099436971297, 0.0, 60.077536998372146, 53.29243756140037, 1.0000450704794301, 0.0, 40.00869831258972, 41.00874338306792, 6.327999999999998
0.004602204408817638, 0.968922571341736, 0.0010986953711739616, 40.639827051652674, -0.008551634720330435, 0.0, 0.022124427585999584, 0.01357279286566887, -6.783400629855631, 0.0, 60.33185343365914, 53.54845280380355, 1.0000441217072789, 0.0, 40.194854437877886, 41.19489855958546, 6.327999999999997
0.004610020040080163, 0.9692847482520197, 0.001100561215697183, 40.831345316386205, -0.008564289908653053, 0.0, 0.022237233952724367, 0.01367294404407196, -6.781704733264086, 0.0, 60.585205096127574, 53.80350036286408, 1.0000431481817889, 0.0, 40.37984656126632, 41.3798897094481, 6.327999999999998
0.004617835671342689, 0.9696422112423712, 0.0011024270602204048, 41.02203402846169, -0.008576941935403452, 0.0, 0.022350512124204025, 0.013773570188801376, -6.78001173672712, 0.0, 60.83757914485745, 54.05756740812869, 1.0000421506372634, 0.0, 40.563664497174955, 41.563706647809845, 6.327999999999998
0.004625651302605213, 0.9699949848022948, 0.0011042929047436264, 41.21187801213375, -0.008589590805982952, 0.0, 0.022464260264544428, 0.013874669458562416, -6.7783216298174995, 0.0, 61.08896294742245, 54.310641317604386, 1.0000411298138487, 0.0, 40.74629827209363, 41.746339401906056, 6.327999999999998
0.0046334669338677385, 0.9703430933173144, 0.001106158749266848, 41.400862162653425, -0.008602236525773452, 0.0, 0.022578476514479806, 0.013976239988707034, -6.776634402150291, 0.0, 61.339344079898176, 54.56270967774765, 1.0000400864571846, 0.0, 40.92773812420275, 41.927778210659085, 6.3279999999999985
0.004641282565130264, 0.9706865610687914, 0.0011080245937900696, 41.58897144856121, -0.008614879100137512, 0.0, 0.02269315899175331, 0.014078279891616918, -6.774950043382874, 0.0, 61.588710326864245, 54.813760283481884, 1.0000390213180825, 0.0, 41.10797450300506, 42.10801352432263, 6.327999999999998
0.004649098196392788, 0.9710254122337421, 0.0011098904383132911, 41.77619091397719, -0.008627518534418442, 0.0, 0.022808305791513134, 0.014180787257095123, -6.773268543214933, 0.0, 61.837049681398746, 55.06378113818261, 1.0000379351521986, 0.0, 41.28699806893951, 42.28703600409012, 6.3279999999999985
0.004656913827655314, 0.9713596708846592, 0.0011117562828365129, 41.9625056809067, -0.008640154833940365, 0.0, 0.022923914986697685, 0.014283760152757924, -6.771589891388457, 0.0, 62.084350345077596, 55.31276045368905, 1.0000368287196995, 0.0, 41.46479969301376, 42.46483652173283, 6.327999999999999
0.004664729458917839, 0.9716893609893238, 0.0011136221273597346, 42.14790095156843, -0.008652788004008307, 0.0, 0.02303998462842685, 0.014387196624418924, -6.769914077687743, 0.0, 62.33060072798138, 55.56068665029387, 1.0000357027849536, 0.0, 41.64137045644223, 42.64140615922707, 6.3279999999999985
0.004672545090180363, 0.9720145064106274, 0.0011154879718829561, 42.33236201072225, -0.008665418049908275, 0.0, 0.023156512746389857, 0.014491094696481882, -6.768241091939393, 0.0, 62.57578944868719, 55.80754835674649, 1.0000345581162078, 0.0, 41.81670165027605, 42.81673620839068, 6.327999999999998
0.004680360721442889, 0.97233513090639, 0.0011173538164061777, 42.51587422801356, -0.008678044976907325, 0.0, 0.02327349734923287, 0.014595452372326012, -6.766570924012317, 0.0, 62.81990533427344, 56.0533344102617, 1.000033395485261, 0.0, 41.99078477504984, 42.99081817053526, 6.3279999999999985
0.004688176352705414, 0.9726512581291702, 0.0011192196609293994, 42.698423060331265, -0.008690668790253656, 0.0, 0.02339093642495199, 0.01470026763469906, -6.764903563817733, 0.0, 63.062937420322, 56.29803385650393, 1.0000322156671697, 0.0, 42.16361154042443, 43.16364375609061, 6.327999999999998
0.004695991983967939, 0.9729629116260983, 0.0011210855054526211, 42.87999405417486, -0.008703289495176682, 0.0, 0.023508827941279342, 0.014805538446103328, -6.763239001309161, 0.0, 63.30487495091031, 56.54163594960009, 1.0000310194399358, 0.0, 42.33517386482946, 43.33520488426774, 6.327999999999997
0.004703807615230464, 0.9732701148386782, 0.0011229513499758426, 43.06057284803205, -0.008715907096887111, 0.0, 0.023627169846072216, 0.01491126274918586, -6.761577226482429, 0.0, 63.54570737861618, 56.784130152134125, 1.0000298075841945, 0.0, 42.50546387511935, 43.50549368270324, 6.327999999999998
0.004711623246492989, 0.9735728911026132, 0.0011248171944990642, 43.24014517477667, -0.008728521600577025, 0.0, 0.023745960067702077, 0.01501743846712561, -6.759918229375674, 0.0, 63.78542436452465, 57.02550613514839, 1.0000285808829115, 0.0, 42.67447390623502, 43.674502487116854, 6.327999999999997
0.004719438877755514, 0.9738712636476249, 0.001126683039022286, 43.41869686406574, -0.008741133011419953, 0.0, 0.023865196515444165, 0.015124063504024898, -6.758262000069336, 0.0, 64.02401577821352, 57.26575377814443, 1.0000273401210886, 0.0, 42.842196500846995, 43.84222384096771, 6.327999999999998
0.004727254509018039, 0.974165255597268, 0.0011285488835455074, 43.5962138447652, -0.00875374133457096, 0.0, 0.023984877079867684, 0.015231135745297275, -6.756608528686162, 0.0, 64.26147169776118, 57.50486316907533, 1.000026086085467, 0.0, 43.008624409023845, 44.00865049510914, 6.327999999999998
0.004735070140280564, 0.9744548899687464, 0.0011304147280687292, 43.77268214736546, -0.008766346575166723, 0.0, 0.0241049996332226, 0.015338653058056984, -6.754957805391209, 0.0, 64.4977824097549, 57.74282460436331, 1.00002481956423, 0.0, 43.17375058790746, 44.17377540747033, 6.327999999999998
0.0047428857715430895, 0.9747401896727379, 0.0011322805725919507, 43.94808790643185, -0.0087789487383256, 0.0, 0.024225562029830672, 0.015446613291505262, -6.753309820391836, 0.0, 64.73293840926951, 57.97962858887763, 1.0000235413467138, 0.0, 43.33756820135813, 44.33759174270463, 6.327999999999997
0.004750701402805615, 0.9750211775132027, 0.0011341464171151724, 44.12241736304679, -0.00879154782914773, 0.0, 0.024346562106471237, 0.015555014277324142, -6.751664563937711, 0.0, 64.96693039989181, 58.21526583595384, 1.0000222522231241, 0.0, 43.50007061965336, 44.500092871875665, 6.3279999999999985
0.004758517034068139, 0.9752978761872109, 0.001136012261638394, 44.29565686728654, -0.008804143852715081, 0.0, 0.024467997682775022, 0.01566385383006047, -6.750022026320806, 0.0, 65.19974929370088, 58.44972726738, 1.0000209529842383, 0.0, 43.661251419138786, 44.66127237212249, 6.327999999999998
0.0047663326653306646, 0.9755703082847516, 0.0011378781061616157, 44.467792880681486, -0.008816736814091565, 0.0, 0.024589866561609164, 0.015773129747518544, -6.748382197875401, 0.0, 65.43138621127945, 58.6830040134033, 1.0000196444211433, 0.0, 43.821104381921, 44.82112402634056, 6.327999999999998
0.00477414829659319, 0.9758384962885581, 0.0011397439506848372, 44.638811978718195, -0.008829326718323087, 0.0, 0.02471216652946817, 0.015882839811146132, -6.746745068978084, 0.0, 65.66183248170921, 58.915087412730585, 1.000018327324931, 0.0, 43.97962349554229, 44.97964182286575, 6.3279999999999985
0.004781963927855714, 0.9761024625739193, 0.0011416097952080587, 44.80870085332833, -0.008841913570437634, 0.0, 0.02483489535686173, 0.015992981786425053, -6.745110630047748, 0.0, 65.89107964257674, 59.145969012529285, 1.0000170024864419, 0.0, 44.13680295267188, 45.13681995515778, 6.327999999999998
0.00478977955911824, 0.9763622294085036, 0.0011434756397312805, 44.97744631540559, -0.008854497375445369, 0.0, 0.024958050798706333, 0.016103553423262418, -6.743478871545588, 0.0, 66.11911943996368, 59.375640568416706, 1.0000156706959906, 0.0, 44.29263715078126, 45.29265282147459, 6.327999999999998
0.004797595190380764, 0.97661781895217, 0.001145341484254502, 45.145035297329514, -0.008867078138338681, 0.0, 0.025081630594710802, 0.016214552456372988, -6.741849783975115, 0.0, 66.34594382845277, 59.60409404447645, 1.0000143327430748, 0.0, 44.44712069184358, 45.44713502458469, 6.327999999999998
0.00480541082164329, 0.976869253256794, 0.0011472073287777237, 45.31145485549541, -0.008879655864092293, 0.0, 0.02520563246976726, 0.016325976605675696, -6.740223357882138, 0.0, 66.5715449711259, 59.83132161324319, 1.0000129894161307, 0.0, 44.60024838202352, 45.600261371438435, 6.327999999999998
0.004813226452905815, 0.977116554266078, 0.0011490731733009452, 45.47669217287057, -0.00889223055766332, 0.0, 0.02533005413433992, 0.0164378235766775, -6.738599583854774, 0.0, 66.795915239572, 60.05731565571527, 1.000011641502256, 0.0, 44.75201523138174, 45.75202687288126, 6.327999999999998
0.00482104208416834, 0.9773597438153737, 0.001150939017824167, 45.64073456154574, -0.008904802223991351, 0.0, 0.025454893284855007, 0.016550091060864025, -6.736978452523451, 0.0, 67.01904721387126, 60.282068761348064, 1.0000102897869323, 0.0, 44.902416453557734, 45.902426743344606, 6.327999999999998
0.0048288577154308645, 0.9775988436314953, 0.0011528048623473885, 45.80356946531049, -0.008917370867998542, 0.0, 0.025580147604087, 0.016662776736088902, -6.7353599545609, 0.0, 67.24093368261093, 60.50557372804992, 1.0000089350537957, 0.0, 45.05144746549032, 46.051456400543614, 6.327999999999998
0.00483667334669339, 0.9778338753325446, 0.0011546707068706102, 45.96518446223649, -0.008929936494589681, 0.0, 0.025705814761551704, 0.016775878266962307, -6.733744080682157, 0.0, 67.46156764287551, 60.72782356219355, 1.0000075780843538, 0.0, 45.19910388710947, 46.19911146519378, 6.327999999999998
0.004844488977955915, 0.9780648604277232, 0.0011565365513938317, 46.125567267269844, -0.008942499108652273, 0.0, 0.025831892413890112, 0.016889393305238476, -6.7321308216445646, 0.0, 67.68094230025125, 60.948811478606814, 1.000006219657738, 0.0, 45.34538154105337, 46.34538776071069, 6.327999999999998
0.0048523046092184404, 0.9782918203171507, 0.0011584023959170535, 46.28470573484083, -0.008955058715056608, 0.0, 0.025958378205264587, 0.017003319490209, -6.730520168247776, 0.0, 67.8990510688224, 61.16853090057434, 1.0000048605504437, 0.0, 45.49027645236925, 46.49028131291852, 6.327999999999998
0.004860120240480965, 0.9785147762916828, 0.001160268240440275, 46.44258786148373, -0.008967615318655864, 0.0, 0.026085269767740005, 0.017117654449085085, -6.728912111333748, 0.0, 68.11588757117666, 61.38697545984229, 1.000003501536096, 0.0, 45.63378484823934, 46.633788349773994, 6.327999999999997
0.00486793587174349, 0.9787337495327343, 0.0011621340849634967, 46.59920178846437, -0.00898016892428616, 0.0, 0.026212564721678655, 0.01723239579739244, -6.727306641786742, 0.0, 68.33144563839967, 61.60413899661194, 1.0000021433851787, 0.0, 45.775903157686706, 46.775905301070935, 6.327999999999998
0.0048757515030060155, 0.9789487611120876, 0.0011639999294867183, 46.75453580442718, -0.008992719536766648, 0.0, 0.026340260676125105, 0.017347541139358713, -6.725703750533331, 0.0, 68.54571931007746, 61.820015559544196, 1.000000786864803, 0.0, 45.91662801130032, 46.916628798164965, 6.327999999999998
0.00488356713426854, 0.9791598319917167, 0.0011658657740099398, 46.908578348047854, -0.009005267160899593, 0.0, 0.02646835522919866, 0.017463088068299604, -6.724103428542387, 0.0, 68.758702834299, 62.03459940575699, 0.9999994327384658, 0.0, 46.055956240956604, 47.05595567369499, 6.327999999999998
0.004891382765531065, 0.9793669830236068, 0.0011677316185331615, 47.061318010700916, -0.009017811801470446, 0.0, 0.026596845968482163, 0.017579034167012397, -6.7225056668250955, 0.0, 68.97039066764957, 62.2478850008229, 0.9999980817657931, 0.0, 46.193884879537386, 47.19388296130103, 6.327999999999998
0.004899198396793591, 0.9795702349495645, 0.0011695974630563833, 47.21274353913668, -0.009030353463247931, 0.0, 0.026725730471407028, 0.017695377008159374, -6.720910456434941, 0.0, 69.18077747521839, 62.45986701878387, 0.9999967347023242, 0.0, 46.33041116066813, 47.330407895370634, 6.3279999999999985
0.004907014028056116, 0.979769608401045, 0.0011714633075796048, 47.36284383817474, -0.009042892150984106, 0.0, 0.026855006305647522, 0.01781211415466394, -6.719317788467725, 0.0, 69.38985813059072, 62.6705403421227, 0.9999953922992365, 0.0, 46.46553251843524, 47.46552791073373, 6.327999999999998
0.00491482965931864, 0.9799651238989597, 0.0011733291521028263, 47.51160797340822, -0.009055427869414469, 0.0, 0.02698467102950547, 0.017929243160091313, -6.717727654061545, 0.0, 69.5976277158584, 62.87990006179823, 0.9999940553031627, 0.0, 46.599246587132605, 47.599240642436875, 6.3279999999999985
0.004922645290581166, 0.9801568018535055, 0.001175194996626048, 47.65902517390987, -0.009067960623258016, 0.0, 0.027114722192302154, 0.018046761569045056, -6.716140044396811, 0.0, 69.8040815216069, 63.087941477210855, 0.9999927244559125, 0.0, 46.731551200981166, 47.73154392543707, 6.327999999999998
0.004930460921843691, 0.9803446625639711, 0.0011770608411492698, 47.80508483497147, -0.009080490417217323, 0.0, 0.027245157334766235, 0.0181646669175492, -6.714554950696237, 0.0, 70.00921504692876, 63.29466009623204, 0.9999914004942648, 0.0, 46.86244439388048, 47.86243579437402, 6.3279999999999985
0.004938276553106216, 0.9805287262185652, 0.0011789266856724913, 47.94977652083253, -0.009093017255978634, 0.0, 0.027375973989423374, 0.01828295673344521, -6.712972364224842, 0.0, 70.21302399940899, 63.50005163518215, 0.9999900841497417, 0.0, 46.99192439913368, 47.99191448328105, 6.327999999999998
0.004946092184368741, 0.9807090128942247, 0.0011807925301957128, 48.09308996743334, -0.009105541144211936, 0.0, 0.027507169680982824, 0.018401628536771353, -6.711392276289958, 0.0, 70.41550429514032, 63.7041120188486, 0.9999887761483717, 0.0, 47.119989649207064, 48.119978425353274, 6.3279999999999985
0.004953907815631266, 0.98088554255644, 0.0011826583747189345, 48.235015085180066, -0.009118062086571031, 0.0, 0.02763874192673088, 0.01852067984016076, -6.709814678241215, 0.0, 70.61665205870969, 63.90683738046982, 0.9999874772104728, 0.0, 47.246638775457555, 48.24662625266861, 6.327999999999998
0.0049617234468937906, 0.9810583350590703, 0.001184524219242156, 48.375541961717545, -0.009130580087693617, 0.0, 0.027770688236915808, 0.018640108149222512, -6.7082395614705534, 0.0, 70.8164636232117, 64.10822406174178, 0.9999861880504225, 0.0, 47.37187060789696, 48.37185679594773, 6.3279999999999985
0.004969539078156317, 0.9812274101441603, 0.0011863900637653778, 48.51466086471237, -0.009143095152201386, 0.0, 0.027903006115139795, 0.018759910962938053, -6.706666917412221, 0.0, 71.0149355302328, 64.30826861282004, 0.999984909376456, 0.0, 47.495684174923134, 48.49566908429935, 6.327999999999998
0.004977354709418841, 0.9813927874417601, 0.0011882559082885993, 48.6523622446623, -0.009155607284700067, 0.0, 0.02803569305874437, 0.01888008577404543, -6.705096737542772, 0.0, 71.21206452986428, 64.50696779232129, 0.9999836418904318, 0.0, 47.61807870308801, 48.61806234497728, 6.327999999999997
0.0049851703406813665, 0.9815544864697392, 0.001190121752811821, 48.78863673768592, -0.009168116489779537, 0.0, 0.028168746559206037, 0.01900063006942687, -6.703529013381062, 0.0, 71.40784758069776, 64.70431856731608, 0.9999823862876186, 0.0, 47.73905361684187, 48.739036003128554, 6.327999999999998
0.004992985971943891, 0.98171252663361, 0.0011919875973350426, 48.92347516836912, -0.009180622772013888, 0.0, 0.028302164102514737, 0.01912154133050148, -6.7019637364882625, 0.0, 71.60228184982766, 64.90031811333913, 0.9999811432564948, 0.0, 47.85860853830109, 48.858589681556786, 6.327999999999998
0.005000801603206416, 0.9818669272263408, 0.0011938534418582643, 49.05686855258318, -0.009193126135961502, 0.0, 0.02843594316957554, 0.01924281703361469, -6.700400898467839, 0.0, 71.79536471283821, 65.09496381437148, 0.9999799134785242, 0.0, 47.97674328698358, 48.97672320046268, 6.327999999999998
0.005008617234468942, 0.982017707428177, 0.0011957192863814858, 49.188808100335336, -0.009205626586165134, 0.0, 0.028570081236587552, 0.019364454650423135, -6.6988404909655745, 0.0, 71.98709375382877, 65.28825326286382, 0.9999786976279436, 0.0, 48.09345787960363, 49.0934365772316, 6.327999999999998
0.005016432865731466, 0.9821648863064555, 0.0011975851309047074, 49.31928521862869, -0.009218124127151993, 0.0, 0.02870457577543828, 0.01948645164828694, -6.697282505669554, 0.0, 72.1774667653898, 65.48018425971975, 0.9999774963715747, 0.0, 48.20875252980672, 49.20873002617726, 6.3279999999999985
0.005024248496993991, 0.9823084828154254, 0.001199450975427929, 49.44829151432691, -0.009230618763433817, 0.0, 0.02883942425408853, 0.019608805490655412, -6.695726934310167, 0.0, 72.36648174861159, 65.67075481430162, 0.9999763103685931, 0.0, 48.32262764794736, 49.32260395831556, 6.3279999999999985
0.005032064128256516, 0.9824485157960653, 0.0012013168199511506, 49.57581879704685, -0.009243110499506957, 0.0, 0.02897462413696761, 0.01973151363746173, -6.694173768660113, 0.0, 72.55413691308813, 65.85996314442993, 0.9999751402703495, 0.0, 48.43508384085544, 49.43505898112681, 6.3279999999999985
0.005039879759519042, 0.9825850039758974, 0.0012031826644743723, 49.701859082038936, -0.009255599339852452, 0.0, 0.029110172885356722, 0.019854573545504295, -6.692623000534394, 0.0, 72.74043067691545, 66.04780767637915, 0.9999739867201481, 0.0, 48.5461219116093, 49.54609589832752, 6.327999999999998
0.0050476953907815664, 0.9827179659688144, 0.0012050485089975939, 49.826404593102325, -0.0092680852889361, 0.0, 0.029246067957779287, 0.019977982668843763, -6.691074621790325, 0.0, 72.92536166668394, 66.23428704489288, 0.9999728503530592, 0.0, 48.65574285929892, 49.65571570965077, 6.327999999999998
0.005055511022044091, 0.9828474202748866, 0.0012069143535208154, 49.94944776550096, -0.009280568351208551, 0.0, 0.02938230681039261, 0.020101738459184393, -6.6895286243275205, 0.0, 73.10892871748652, 66.41940009316056, 0.999971731795712, 0.0, 48.763947878806114, 49.763919610603104, 6.327999999999998
0.005063326653306617, 0.9829733852801861, 0.0012087801980440373, 50.07098124889444, -0.00929304853110539, 0.0, 0.029518886897372865, 0.02022583836626818, -6.687985000087904, 0.0, 73.29113087292144, 66.60314587283197, 0.9999706316661114, 0.0, 48.87073836058692, 49.87070899225087, 6.3279999999999985
0.005071142284569142, 0.9830958792566045, 0.0012106460425672589, 50.190997910268834, -0.009305525833047194, 0.0, 0.02965580567130882, 0.020350279838262486, -6.686443741055705, 0.0, 73.47196738507922, 66.78552364402438, 0.9999695505734318, 0.0, 48.97611589043292, 49.976085441006504, 6.327999999999998
0.005078957915831667, 0.9832149203616655, 0.0012125118870904804, 50.309490836911436, -0.009318000261439623, 0.0, 0.029793060583585107, 0.020475060322146243, -6.684904839257461, 0.0, 73.65143771455931, 66.96653287530064, 0.9999684891178267, 0.0, 49.08008224927316, 50.080050738389154, 6.3279999999999985
0.005086773547094192, 0.9833305266383511, 0.0012143777316137021, 50.426453339357295, -0.00933047182067351, 0.0, 0.029930649084778327, 0.020600177264105624, -6.683368286762015, 0.0, 73.82954153045027, 67.14617324368947, 0.9999674478902447, 0.0, 49.18263941293074, 50.18260686082154, 6.3279999999999985
0.005094589178356717, 0.9834427160149126, 0.0012162435761369236, 50.5418789543769, -0.009342940515124916, 0.0, 0.030068568625037484, 0.020725628109913463, -6.681834075680515, 0.0, 74.0062787103537, 67.32444463467205, 0.9999664274722319, 0.0, 49.28378955193829, 50.28375597940866, 6.327999999999998
0.005102404809619243, 0.9835515063046932, 0.0012181094206601454, 50.65576144795864, -0.009355406349155238, 0.0, 0.030206816654481605, 0.020851410305327833, -6.680302198166414, 0.0, 74.18164934036174, 67.50134714219679, 0.9999654284357524, 0.0, 49.38353503129479, 50.38350045973082, 6.3279999999999985
0.005110220440881767, 0.9836569152059359, 0.001219975265183367, 50.76809481831992, -0.009367869327111249, 0.0, 0.030345390623583768, 0.0209775212964734, -6.678772646415481, 0.0, 74.35565371507286, 67.67688106865702, 0.9999644513429901, 0.0, 49.48187841027376, 50.48184286161568, 6.327999999999998
0.0051180360721442926, 0.9837589603016177, 0.0012218411097065886, 50.87887329891305, -0.009380329453325224, 0.0, 0.030484287983559677, 0.02110395853023528, -6.677245412665779, 0.0, 74.52829233758206, 67.85104692491618, 0.9999634967461845, 0.0, 49.57882244220414, 50.578785938949544, 6.3279999999999985
0.005125851703406817, 0.9838576590592552, 0.0012237069542298102, 50.98809136144723, -0.00939278673211498, 0.0, 0.030623506186760463, 0.021230719454646163, -6.675720489197685, 0.0, 74.69956591948755, 68.02384543028967, 0.9999625651874336, 0.0, 49.674370074266086, 50.67433263945275, 6.327999999999998
0.005133667334669343, 0.9839530288307232, 0.001225572798753032, 51.09574371894246, -0.009405241167783981, 0.0, 0.030763042687059372, 0.02135780151927591, -6.674197868333879, 0.0, 74.86947538088315, 68.19527751254948, 0.9999616571985188, 0.0, 49.76852444727933, 50.76848610447763, 6.327999999999998
0.005141482965931868, 0.9840450868520779, 0.0012274386432762534, 51.20182532875651, -0.009417692764621387, 0.0, 0.0309028949402379, 0.021485202175617613, -6.672677542439349, 0.0, 75.03802185036776, 68.36534430792913, 0.9999607733007182, 0.0, 49.86128889551101, 50.86124966881157, 6.3279999999999985
0.005149298597194392, 0.9841338502433732, 0.001229304487799475, 51.30633139566544, -0.009430141526902178, 0.0, 0.031043060404382095, 0.021612918877480514, -6.671159503921389, 0.0, 75.20520666504015, 68.53404716112037, 0.9999599140046508, 0.0, 49.95266694646243, 50.9526268604682, 6.3279999999999985
0.005157114228456917, 0.9842193360084722, 0.0012311703323226967, 51.409257374923754, -0.009442587458887182, 0.0, 0.031183536540263568, 0.02174094908137758, -6.669643745229602, 0.0, 75.37103137049807, 68.70138762526834, 0.9999590798100657, 0.0, 50.0426623206742, 51.04262140048316, 6.327999999999998
0.005164929859719442, 0.9843015610348732, 0.0012330361768459182, 51.510598975356515, -0.009455030564823191, 0.0, 0.03132432081173536, 0.021869290246913198, -6.668130258855892, 0.0, 75.5354977208391, 68.86736746198405, 0.9999582712057073, 0.0, 50.13127893152317, 51.131237202728876, 6.3279999999999985
0.005172745490981968, 0.9843805420935253, 0.00123490202136914, 51.610352162454774, -0.00946747084894303, 0.0, 0.03146541068611608, 0.02199793983717363, -6.6666190373344705, 0.0, 75.69860767866022, 69.03198864132575, 0.999957488669118, 0.0, 50.21852088502921, 51.218478373697856, 6.3279999999999985
0.0051805611222444925, 0.984456295838646, 0.0012367678658923614, 51.70851316148514, -0.009479908315465626, 0.0, 0.03160680363458129, 0.02212689531911599, -6.665110073241862, 0.0, 75.86036341506258, 69.19525334182181, 0.9999567326664688, 0.0, 50.30439247966304, 51.304349212330344, 6.3279999999999985
0.005188376753507017, 0.9845288388075318, 0.001238633710415583, 51.8050784606055, -0.009492342968596095, 0.0, 0.031748497132551234, 0.0222561541639561, -6.66360335919689, 0.0, 76.02076730964626, 69.35716395045046, 0.9999560036523979, 0.0, 50.38889820614909, 51.38885420980181, 6.3279999999999985
0.005196192384769543, 0.9845981874203891, 0.001240499554938805, 51.900044814004104, -0.009504774812525834, 0.0, 0.03189048866008265, 0.022385713847557498, -6.662098887860687, 0.0, 76.1798219505081, 69.51772306264624, 0.9999553020698477, 0.0, 50.47204274726941, 51.47199804933754, 6.327999999999998
0.0052040080160320685, 0.984664357980143, 0.0012423653994620264, 51.99340924504986, -0.009517203851432562, 0.0, 0.03203277570225305, 0.022515571850821314, -6.660596651936692, 0.0, 76.33753013425007, 69.67693348231285, 0.9999546283498761, 0.0, 50.553830977686324, 51.55378560603499, 6.327999999999998
0.005211823647294593, 0.9847273666722578, 0.001244231243985248, 52.08516904943008, -0.009529630089480436, 0.0, 0.03217535574955527, 0.022645725660075278, -6.659096644170651, 0.0, 76.49389486596974, 69.83479822179956, 0.9999539829115137, 0.0, 50.634267963740335, 51.63422194665198, 6.327999999999998
0.005219639278557117, 0.9847872295645569, 0.0012460970885084695, 52.17532179833893, -0.00954205353082013, 0.0, 0.03231822629828118, 0.022776172767461633, -6.657598857350615, 0.0, 76.6489193592688, 69.99132050191818, 0.9999533661616009, 0.0, 50.71335896327682, 51.71331232943795, 6.327999999999998
0.005227454909819643, 0.9848439626070324, 0.0012479629330316912, 52.26386534164726, -0.009554474179588879, 0.0, 0.03246138485091504, 0.022906910671326774, -6.656103284306942, 0.0, 76.80260703624981, 70.146503751942, 0.9999527784946033, 0.0, 50.79110942545442, 51.79106220394767, 6.327999999999998
0.005235270541082169, 0.9848975816316744, 0.001249828777554913, 52.350797811101074, -0.009566892039910593, 0.0, 0.032604828916520334, 0.023037936876609655, -6.654609917912298, 0.0, 76.9549615275121, 70.30035160959947, 0.9999522202924738, 0.0, 50.86752499055992, 51.86747721085213, 6.327999999999997
0.005243086172344693, 0.9849481023522814, 0.0012516946220781345, 52.436117623520886, -0.009579307115895918, 0.0, 0.03274855601112797, 0.02316924889523231, -6.653118751081655, 0.0, 77.105986672157, 70.45286792107628, 0.9999516919244902, 0.0, 50.942611489832615, 51.94256318175782, 6.327999999999998
0.005250901803607218, 0.9849955403642787, 0.001253560466601356, 52.51982348402271, -0.009591719411642323, 0.0, 0.03289256365812798, 0.023300844246486152, -6.651629776772285, 0.0, 77.25568651778717, 70.60405674101415, 0.9999511937470876, 0.0, 51.01637494528197, 52.01632613902792, 6.3279999999999985
0.005258717434869743, 0.9850399111445394, 0.0012554263111245777, 52.60191438924062, -0.009604128931234175, 0.0, 0.033036849388657696, 0.02343272045742295, -6.650142987983778, 0.0, 77.40406532050322, 70.75392233251782, 0.9999507261037092, 0.0, 51.08882156950667, 52.0887722956092, 6.3279999999999985
0.005266533066132269, 0.9850812300511995, 0.0012572921556477995, 52.682389630580246, -0.00961653567874282, 0.0, 0.03318141074198727, 0.02356487506324506, -6.64865837775802, 0.0, 77.55112754490706, 70.90246916714854, 0.9999502893246541, 0.0, 51.15995776552426, 52.15990805484792, 6.327999999999997
0.005274348697394794, 0.985119512323476, 0.001259158000171021, 52.76124879745089, -0.009628939658226648, 0.0, 0.0333262452659151, 0.0236973056076889, -6.64717593917921, 0.0, 77.69687786410336, 71.04970192492459, 0.9999498837269136, 0.0, 51.22979012659253, 52.229740010319524, 6.3279999999999985
0.005282164328657318, 0.9851547730814867, 0.0012610238446942425, 52.838491780553795, -0.009641340873731209, 0.0, 0.033471350517150944, 0.023830009643419692, -6.64569566537385, 0.0, 77.84132115969592, 71.19562549432246, 0.9999495096140351, 0.0, 51.29832543603722, 52.29827494565167, 6.327999999999999
0.005289979959919843, 0.9851870273260654, 0.001262889689217464, 52.91411877513224, -0.009653739329289245, 0.0, 0.033616724061707404, 0.023962984732418424, -6.64421754951075, 0.0, 77.98446252178417, 71.34024497227325, 0.9999491672759544, 0.0, 51.36557066707464, 52.36551983435022, 6.3279999999999985
0.005297795591182368, 0.9852162899385812, 0.0012647555337406858, 52.988130284285944, -0.00966613502892081, 0.0, 0.03376236347529077, 0.024096228446371326, -6.642741584801026, 0.0, 78.12630724897308, 71.48356566417202, 0.999948856988863, 0.0, 51.431532982649834, 52.431481839637584, 6.327999999999998
0.005305611222444894, 0.9852425756807558, 0.0012666213782639075, 53.06052712225187, -0.009678527976633312, 0.0, 0.0339082663436881, 0.02422973836705522, -6.6412677644980995, 0.0, 78.26686084837037, 71.62559308387175, 0.9999485790150419, 0.0, 51.496219735266465, 52.496168314280645, 6.327999999999999
0.0053134268537074186, 0.9852658991944826, 0.001268487222787129, 53.13131041772385, -0.009690918176421624, 0.0, 0.034054430263154356, 0.024363512086734096, -6.6397960818977, 0.0, 78.40612903557366, 71.76633295367628, 0.9999483336027333, 0.0, 51.559638466808046, 52.559586800410024, 6.327999999999999
0.005321242484969943, 0.9852862750016405, 0.0012703530673103505, 53.20048161718182, -0.00970330563226814, 0.0, 0.03420085284080432, 0.024497547208537362, -6.638326530337863, 0.0, 78.5441177346928, 71.90579120435649, 0.9999481209859775, 0.0, 51.6217969083922, 52.621745029378786, 6.327999999999998
0.005329058116232469, 0.9853037175039199, 0.0012722189118335725, 53.26804248821418, -0.009715690348142878, 0.0, 0.034347531695002265, 0.02463184134685925, -6.636859103198928, 0.0, 78.6808330783304, 72.04397397513068, 0.9999479413844907, 0.0, 51.68270298018617, 52.68265092156999, 6.3279999999999985
0.0053368737474949945, 0.9853182409826302, 0.001274084756356794, 53.33399512287997, -0.009728072328003528, 0.0, 0.034494464455746054, 0.024766392127743453, -6.635393793903545, 0.0, 78.81628140759223, 72.18088761368662, 0.9999477950034975, 0.0, 51.742364791258225, 52.74231258625895, 6.3279999999999985
0.005344689378757519, 0.9853298595985256, 0.0012759506008800155, 53.39834194106106, -0.009740451575795549, 0.0, 0.03464164876506404, 0.024901197189268642, -6.633930595916668, 0.0, 78.9504692720823, 72.31653867616406, 0.9999476820336037, 0.0, 51.800790639404916, 52.800738321436825, 6.327999999999999
0.005352505010020044, 0.9853385873916203, 0.0012778164454032373, 53.46108569383773, -0.009752828095452257, 0.0, 0.0347890822773958, 0.02503625418194394, -6.632469502745556, 0.0, 79.08340342990809, 72.45093392716, 0.9999476026506582, 0.0, 51.85798901100264, 52.85793661365045, 6.3279999999999985
0.005360320641282569, 0.9853444382810034, 0.0012796822899264588, 53.522229466865156, -0.009765201890894885, 0.0, 0.03493676265998741, 0.02517156076909327, -6.631010507939778, 0.0, 79.21509084767332, 72.58408033973228, 0.9999475570156064, 0.0, 51.91396858083695, 52.913916137850705, 6.3279999999999985
0.005368136272545095, 0.9853474260646613, 0.0012815481344496805, 53.581776683780845, -0.009777572966032676, 0.0, 0.035084687593276265, 0.025307114627243055, -6.629553605091208, 0.0, 79.34553870048691, 72.71598509539695, 0.999947545274351, 0.0, 51.96873821195727, 52.96868575723329, 6.3279999999999985
0.005375951903807619, 0.985347564419295, 0.001283413978972902, 53.63973110960387, -0.009789941324762944, 0.0, 0.03523285477128285, 0.02544291344652011, -6.6280987878340225, 0.0, 79.47475437195352, 72.84665558411992, 0.9999475675576279, 0.0, 52.02230695550946, 53.022254523067346, 6.3279999999999985
0.005383767535070144, 0.9853448669001336, 0.0012852798234961236, 53.69609685415753, -0.009802306970971173, 0.0, 0.03538126190199842, 0.02557895493102791, -6.626646049844716, 0.0, 79.60274545418466, 72.97609940433841, 0.9999476239808471, 0.0, 52.07468405059325, 53.07463167457205, 6.327999999999998
0.005391583166332669, 0.9853393469407576, 0.0012871456680193453, 53.75087837549859, -0.009814669908531094, 0.0, 0.03552990670777756, 0.025715236799246255, -6.62519538484207, 0.0, 79.7295197477807, 73.1043243629381, 0.999947714643996, 0.0, 52.12587892408835, 53.125826638731986, 6.327999999999998
0.0053993987975951944, 0.9853310178529108, 0.0012890115125425668, 53.804080483367215, -0.009827030141304746, 0.0, 0.035678786925716466, 0.02585175678441265, -6.623746786587192, 0.0, 79.85508526185455, 73.23133847526832, 0.9999478396314605, 0.0, 52.17590119053444, 53.17584903016615, 6.3279999999999985
0.00540721442885772, 0.9853198928263281, 0.0012908773570657886, 53.85570834263535, -0.009839387673142571, 0.0, 0.035827900308060046, 0.025988512634917416, -6.6223002488834855, 0.0, 79.97945021401138, 73.35714996512806, 0.9999479990119287, 0.0, 52.224760651946276, 53.22470865095841, 6.3279999999999985
0.005415030060120244, 0.9853059849285406, 0.00129274320158901, 53.905767476772326, -0.009851742507883489, 0.0, 0.03597724462257079, 0.026125502114688337, -6.6208557655766604, 0.0, 80.10262303036097, 73.48176726478307, 0.9999481928382461, 0.0, 52.272467297692344, 53.27241549052856, 6.327999999999999
0.005422845691382769, 0.9852893071046998, 0.0012946090461122316, 53.95426377133845, -0.009864094649354978, 0.0, 0.0361268176529328, 0.026262723003579014, -6.619413330554739, 0.0, 80.22461234551132, 73.60519901495545, 0.9999484211472838, 0.0, 52.31903130432886, 53.318979725474094, 6.327999999999999
0.005430661322645296, 0.9852698721773986, 0.0012964748906354536, 54.00120347746315, -0.009876444101373155, 0.0, 0.036276617199135, 0.026400173097762436, -6.617972937748042, 0.0, 80.3454270025722, 73.72745406482137, 0.999948683959816, 0.0, 52.36446303546105, 53.364411719417625, 6.3279999999999985
0.00543847695390782, 0.985247692846484, 0.001298340735158675, 54.046593215347684, -0.009888790867742834, 0.0, 0.03642664107785898, 0.026537850210116454, -6.616534581129205, 0.0, 80.46507605314898, 73.84854147202077, 0.9999489812803862, 0.0, 52.40877304159236, 53.408722022873505, 6.327999999999999
0.005446292585170345, 0.9852227816888768, 0.0013002065796818966, 54.09043997779145, -0.009901134952257645, 0.0, 0.03657688712287155, 0.02667575217061402, -6.615098254713164, 0.0, 80.58356875735811, 73.9684705026439, 0.9999493130971887, 0.0, 52.45197205999306, 53.451921373089114, 6.3279999999999985
0.005454108216432869, 0.9851951511583892, 0.0013020724242051181, 54.13275113370764, -0.009913476358700074, 0.0, 0.03672735318541087, 0.026813876826711436, -6.61366395255716, 0.0, 80.70091458380209, 74.08725063124493, 0.9999496793819366, 0.0, 52.49407101453444, 53.4940206939159, 6.3279999999999985
0.005461923847695394, 0.985164813585542, 0.0013039382687283399, 54.17353443167417, -0.009925815090841571, 0.0, 0.03687803713457771, 0.026952222043736374, -6.612231668760748, 0.0, 80.81712320959494, 74.20489154083506, 0.9999500800897392, 0.0, 52.53508101557079, 53.53503109566122, 6.327999999999998
0.005469739478957921, 0.9851317811773846, 0.0013058041132515616, 54.21279800346906, -0.00993815115244261, 0.0, 0.03702893685772202, 0.02709078570527923, -6.6108013974657815, 0.0, 80.93220452034798, 74.32140312288226, 0.9999505151589836, 0.0, 52.5750133597865, 53.57496387494568, 6.3279999999999985
0.005477555110220445, 0.9850960660173117, 0.0013076699577747831, 54.250550367650476, -0.009950484547252761, 0.0, 0.03718005026083282, 0.027229565713580595, -6.609373132856427, 0.0, 81.04616861016977, 74.43679547731224, 0.9999509845111967, 0.0, 52.61387953005598, 53.61383051456567, 6.3279999999999985
0.0054853707414829695, 0.9850576800648789, 0.0013095358022980046, 54.28680043312079, -0.009962815279010806, 0.0, 0.03733137526893049, 0.027368559989919827, -6.607946869159152, 0.0, 81.15902578167086, 74.55107891251247, 0.9999514880509518, 0.0, 52.6516911953079, 53.65164268335949, 6.327999999999998
0.005493186372745495, 0.9850166351556214, 0.0013114016468212264, 54.321557502720225, -0.00997514335144478, 0.0, 0.03748290982644986, 0.02750776647500508, -6.606522600642735, 0.0, 81.27078654596554, 74.66426394532174, 0.9999520256657208, 0.0, 52.68846021039427, 53.68841223605892, 6.3279999999999985
0.005501002004008021, 0.9849729430008765, 0.001313267491344448, 54.354831276813, -0.009987468768272067, 0.0, 0.03763465189763315, 0.02764718312936265, -6.605100321618255, 0.0, 81.38146162266338, 74.77636130104511, 0.9999525972257696, 0.0, 52.72419861594344, 53.72415121316801, 6.3279999999999985
0.005508817635270545, 0.9849266151875959, 0.0013151333358676696, 54.38663185691735, -0.009999791533199468, 0.0, 0.037786599466921866, 0.02778680793372268, -6.603680026439102, 0.0, 81.4910619398739, 74.8873819134352, 0.9999532025840417, 0.0, 52.75891863822772, 53.75887184081194, 6.3279999999999985
0.00551663326653307, 0.9848776631781648, 0.0013169991803908911, 54.416969749318014, -0.010012111649923305, 0.0, 0.03793875053933626, 0.027926638889412825, -6.602261709500974, 0.0, 81.59959863421525, 74.99733692471467, 0.9999538415760324, 0.0, 52.79263268904597, 53.7925865306225, 6.3279999999999985
0.005524448897795594, 0.9848260983102197, 0.0013188650249141127, 54.44585586869243, -0.010024429122129466, 0.0, 0.03809110314087283, 0.02806667401874363, -6.60084536524187, 0.0, 81.7070830507974, 75.10623768555514, 0.999954514019678, 0.0, 52.82535336556794, 53.82530787958703, 6.327999999999998
0.0055322645290581205, 0.9847719317964705, 0.0013207308694373344, 54.473301541780984, -0.010036743953493514, 0.0, 0.03824365531889162, 0.02820691136539899, -6.5994309881421005, 0.0, 81.81352674323111, 75.21409575509048, 0.9999552197152393, 0.0, 52.85709345021328, 53.85704866992933, 6.327999999999999
0.005540080160320646, 0.984715174724512, 0.0013225967139605561, 54.49931851101837, -0.01004905614768074, 0.0, 0.038396405142505974, 0.028347348994825383, -6.598018572724278, 0.0, 81.91894147363061, 75.320922900908, 0.9999559584451924, 0.0, 52.88786591052358, 53.88782186897032, 6.3279999999999985
0.00554789579158317, 0.9846558380566413, 0.0013244625584837777, 54.52391893822596, -0.010061365708346261, 0.0, 0.038549350702965834, 0.028487984994619353, -6.596608113553326, 0.0, 82.02333921261263, 75.42673109905986, 0.9999567299741058, 0.0, 52.917683899036625, 53.917640629011466, 6.3279999999999985
0.005555711422845695, 0.9845939326296846, 0.0013263284030069992, 54.54711540828339, -0.010073672639135094, 0.0, 0.03870249011405291, 0.028628817474917856, -6.595199605236467, 0.0, 82.12673213928828, 75.53153253405173, 0.9999575340485409, 0.0, 52.94656075314578, 53.946518287194216, 6.3279999999999985
0.005563527054108222, 0.9845294691548059, 0.0013281942475302211, 54.568920932819765, -0.010085976943682235, 0.0, 0.038855821512468025, 0.028769844568787284, -6.593793042423241, 0.0, 82.22913264127068, 75.63533959884599, 0.9999583703969238, 0.0, 52.97450999498196, 53.9744683653763, 6.327999999999999
0.005571342685370746, 0.9844624582173279, 0.0013300600920534427, 54.58934895393804, -0.01009827862561272, 0.0, 0.03900934305822179, 0.028911064432609157, -6.592388419805484, 0.0, 82.33055331467739, 75.7381648948704, 0.9999592387294532, 0.0, 53.00154533128895, 54.00150457001682, 6.327999999999998
0.005579158316633271, 0.9843929102765508, 0.0013319259365766642, 54.60841334790757, -0.010110577688541744, 0.0, 0.03916305293501776, 0.029052475246475806, -6.590985732117346, 0.0, 82.4310069641213, 75.84002123200376, 0.9999601387379807, 0.0, 53.02768065329412, 54.027640792032074, 6.3279999999999985
0.005586973947895796, 0.9843208356655699, 0.001333791781099886, 54.62612842891804, -0.010122874136074704, 0.0, 0.03931694935064667, 0.029194075214572623, -6.589584974135277, 0.0, 82.53050660271539, 75.94092162857982, 0.9999610700959061, 0.0, 53.05293003658548, 54.0528911066806, 6.3279999999999985
0.005594789579158321, 0.9842462445910897, 0.0013356576256231074, 54.64250895281248, -0.010135167971807284, 0.0, 0.039471030537377216, 0.029335862565570192, -6.588186140678038, 0.0, 82.62906545208088, 76.04087931140138, 0.9999620324580606, 0.0, 53.07730774099583, 54.07726977345224, 6.327999999999999
0.005602605210420847, 0.98416914713325, 0.0013375234701463292, 54.657570120830314, -0.010147459199325557, 0.0, 0.039625294752339224, 0.029477835553014087, -6.586789226606696, 0.0, 82.72669694232671, 76.13990771572048, 0.9999630254606219, 0.0, 53.10082821046506, 54.10079123592583, 6.327999999999998
0.005610420841683371, 0.9840895532454339, 0.0013393893146695507, 54.671327583398124, -0.010159747822206033, 0.0, 0.03977974027791498, 0.02961999245570901, -6.58539422682462, 0.0, 82.82341471207242, 76.23802048524782, 0.999964048720984, 0.0, 53.123506072940636, 54.12347012166159, 6.3279999999999985
0.0056182364729458955, 0.9840074727540911, 0.0013412551591927722, 54.68379744388449, -0.010172033844015752, 0.0, 0.03993436542213036, 0.029762331578115364, -6.584001136277492, 0.0, 82.91923260843717, 76.33523147215942, 0.9999651018376617, 0.0, 53.1453561402455, 54.14532124208234, 6.3279999999999985
0.005626052104208421, 0.9839229153585566, 0.001343121003715994, 54.69499626240122, -0.010184317268312374, 0.0, 0.040089168519040874, 0.029904851250729725, -6.582609949953296, 0.0, 83.014164687035, 76.431554737081, 0.9999661843901971, 0.0, 53.16639340795684, 54.166359592345415, 6.3279999999999985
0.005633867735470946, 0.9838358906308677, 0.0013449868482392155, 54.70494105961052, -0.010196598098644238, 0.0, 0.040244147929125895, 0.030047549830481968, -6.581220662882324, 0.0, 83.10822521197962, 76.5270045490964, 0.9999672959390391, 0.0, 53.186633055289484, 54.18660035122741, 6.3279999999999985
0.0056416833667334715, 0.9837464080155774, 0.0013468526927624372, 54.7136493205262, -0.01020887633855045, 0.0, 0.04039930203966979, 0.030190425701121182, -6.579833270137172, 0.0, 83.2014286558924, 76.62159538575492, 0.9999684360254539, 0.0, 53.206090444993066, 54.206058881016844, 6.327999999999998
0.005649498997995996, 0.9836544768295787, 0.0013487185372856587, 54.721138998345396, -0.010221151991560965, 0.0, 0.04055462926515696, 0.0303334772735957, -6.578447766832748, 0.0, 83.29378969989108, 76.7153419330568, 0.9999696041714166, 0.0, 53.22478112322059, 54.224750727390685, 6.3279999999999985
0.00565731462925852, 0.9835601062619184, 0.0013505843818088802, 54.72742851829116, -0.01023342506119666, 0.0, 0.0407101280476575, 0.03047670298646188, -6.577064148126258, 0.0, 83.38532323358874, 76.80825908546487, 0.9999707998795163, 0.0, 53.242720819415155, 54.24269161929629, 6.327999999999999
0.0056651302605210474, 0.983463305373615, 0.0013524502263321022, 54.73253678145966, -0.010245695550969419, 0.0, 0.04086579685721958, 0.03062010130625037, -6.575682409217223, 0.0, 83.47604435511236, 76.90036194589537, 0.9999720226328443, 0.0, 53.259925446212314, 54.259897468845246, 6.327999999999999
0.005672945891783572, 0.9833640830974804, 0.0013543160708553237, 54.73648316866729, -0.010257963464382205, 0.0, 0.041021634192255685, 0.03076367072787245, -6.574302545347466, 0.0, 83.5659683710719, 76.99166582572417, 0.9999732718949194, 0.0, 53.276411099298336, 54.27638437119375, 6.3279999999999985
0.005680761523046096, 0.9832624482379306, 0.0013561819153785452, 54.739287544359286, -0.01027022880492914, 0.0, 0.04117763857993151, 0.030907409775004058, -6.5729245518011155, 0.0, 83.6551107965884, 77.08218624478819, 0.9999745471095609, 0.0, 53.2921940573265, 54.29216860443572, 6.3279999999999985
0.005688577154308621, 0.983158409470813, 0.0013580477599017668, 54.74097026045729, -0.010282491576095594, 0.0, 0.04133380857655988, 0.03105131700046515, -6.57154842390461, 0.0, 83.74348735528538, 77.17193893138024, 0.9999758477008077, 0.0, 53.30729078179394, 54.30726662949357, 6.327999999999999
0.005696392785571147, 0.9830519753432134, 0.0013599136044249885, 54.74155216028066, -0.010294751781358254, 0.0, 0.041490142767982574, 0.031195390986624383, -6.570174157026691, 0.0, 83.83111397927932, 77.26093982225268, 0.9999771730728234, 0.0, 53.3217179169274, 54.32169509000021, 6.327999999999999
0.005704208416833672, 0.9829431542732838, 0.0013617794489482102, 54.741054582444576, -0.010307009424185198, 0.0, 0.041646639769961524, 0.031339630345776914, -6.5688017465784085, 0.0, 83.91800680918828, 77.34920506260994, 0.999978522609794, 0.0, 53.33549228958094, 54.335470812190366, 6.327999999999999
0.005712024048096197, 0.982831954550055, 0.0013636452934714318, 54.73949936479494, -0.01031926450803599, 0.0, 0.041803298228572205, 0.03148403372053754, -6.567431188013119, 0.0, 84.00418219413515, 77.43675100612322, 0.9999798956758351, 0.0, 53.34863090912794, 54.34861080480398, 6.327999999999999
0.005719839679358721, 0.9827183843332553, 0.0013655111379946533, 54.736908848321946, -0.010331517036361747, 0.0, 0.041960116820590976, 0.031628599784229605, -6.566062476826481, 0.0, 84.08965669173868, 77.52359421491144, 0.9999812916149012, 0.0, 53.36115096734578, 54.36113225895964, 6.327999999999999
0.005727655310621247, 0.9826024516531247, 0.001367376982517875, 54.73330588112594, -0.010343767012605223, 0.0, 0.042117094253875886, 0.031773327241271354, -6.564695608556467, 0.0, 84.17444706812105, 77.6097514595646, 0.9999827097506803, 0.0, 53.37306983832312, 54.37305254807332, 6.327999999999999
0.005735470941883773, 0.982484164410242, 0.0013692428270410967, 54.72871382236235, -0.010356014440200883, 0.0, 0.04227422926777036, 0.03191821482756951, -6.563330578783349, 0.0, 84.25857029790076, 77.69523971911757, 0.9999841493865248, 0.0, 53.38440507833629, 54.38438922772295, 6.3279999999999985
0.005743286573146297, 0.9823635303753324, 0.0013711086715643183, 54.72315654620979, -0.01036825932257498, 0.0, 0.042431520633478104, 0.032063261310902647, -6.5619673831297085, 0.0, 84.34204356420213, 77.7800761810715, 0.9999856098053288, 0.0, 53.39517442576444, 54.39516003556919, 6.327999999999998
0.005751102204408822, 0.9822405571890949, 0.0013729745160875398, 54.71665844586869, -0.010380501663145653, 0.0, 0.04258896715446303, 0.032208465491316396, -6.560606017260437, 0.0, 84.4248842586448, 77.86427824138481, 0.9999870902694641, 0.0, 53.40539580096713, 54.405382891237764, 6.327999999999999
0.005758917835671346, 0.982115252362008, 0.0013748403606107613, 54.709244437527104, -0.01039274146532298, 0.0, 0.04274656766682794, 0.032353826201506175, -6.559246476882725, 0.0, 84.50710998135143, 77.947863504467, 0.9999885900206719, 0.0, 53.41508730619653, 54.41507589621461, 6.3279999999999985
0.005766733466933872, 0.9819876232741613, 0.001376706205133983, 54.70093996439118, -0.010404978732509075, 0.0, 0.04290432103971742, 0.0324993423072093, -6.557888757746073, 0.0, 84.58873854094479, 78.0308497831986, 0.9999901082799909, 0.0, 53.42426722548216, 54.42425733376135, 6.3279999999999985
0.0057745490981963975, 0.981857677175064, 0.0013785720496572048, 54.69177100068828, -0.010417213468098154, 0.0, 0.04306222617569133, 0.032645012707593124, -6.556532855642291, 0.0, 84.66978795454675, 78.1132550989022, 0.9999916442476446, 0.0, 53.43295402453986, 54.43294566878529, 6.327999999999998
0.005782364729458922, 0.9817254211834611, 0.0013804378941804263, 54.681764055696476, -0.01042944567547663, 0.0, 0.04322028201112438, 0.032790836335648166, -6.555178766405491, 0.0, 84.75027644777795, 78.1950976813738, 0.9999931971029797, 0.0, 53.44116635066308, 54.44115954776709, 6.3279999999999985
0.0057901803607214464, 0.9815908622871667, 0.0013823037387036478, 54.670946177798214, -0.010441675358023171, 0.0, 0.043378487516592346, 0.03293681215856947, -6.553826485912088, 0.0, 84.83022245476718, 78.27639596885618, 0.9999947660043566, 0.0, 53.44892303263471, 54.448917798639926, 6.327999999999999
0.0057979959919839735, 0.9814540073428581, 0.0013841695832268698, 54.659344958512975, -0.010453902519108806, 0.0, 0.043536841697258244, 0.033082939178150084, -6.552476010080814, 0.0, 84.90964461813242, 78.35716860805223, 0.9999963500890712, 0.0, 53.45624308061111, 54.45623943070036, 6.327999999999999
0.005805811623246498, 0.9813148630759131, 0.0013860354277500913, 54.64698853658274, -0.010466127162096968, 0.0, 0.043695343593266656, 0.03322921643117083, -6.551127334872702, 0.0, 84.98856178900316, 78.43743445413166, 0.9999979484732721, 0.0, 53.46314568604252, 54.46314363451619, 6.327999999999999
0.005813627254509022, 0.981173436080221, 0.0013879012722733128, 54.63390560203288, -0.01047834929034361, 0.0, 0.04385399228013054, 0.033375642989786236, -6.549780456291089, 0.0, 85.06699302699998, 78.51721257070807, 0.9999995602518734, 0.0, 53.469650221556854, 54.469649781808386, 6.3279999999999985
0.005821442885771548, 0.9810297328179955, 0.0013897671167965346, 54.6201254002699, -0.010490568907197264, 0.0, 0.044012786869114806, 0.03352221796191779, -6.5484353703816165, 0.0, 85.14495760024693, 78.59652222986561, 1.0000011844984693, 0.0, 53.47577624087937, 54.47577742537797, 6.327999999999999
0.005829258517034073, 0.9808837596196032, 0.001391632961319756, 54.60567773618004, -0.01050278601599912, 0.0, 0.04417172650763512, 0.03366894049163638, -6.5470920732322435, 0.0, 85.2224749853705, 78.6753829121372, 1.0000028202652445, 0.0, 53.48154347872896, 54.48154629899287, 6.327999999999998
0.005837074148296598, 0.980735522683375, 0.0013934988058429778, 54.59059297824933, -0.010515000620083112, 0.0, 0.04433081037963882, 0.03381580975955678, -6.545750560973225, 0.0, 85.2995648674921, 78.75381430651815, 1.0000044665829029, 0.0, 53.486971850721254, 54.48697631730267, 6.3279999999999985
0.005844889779559123, 0.9805850280754171, 0.0013953646503661993, 54.57490206266448, -0.01052721272277598, 0.0, 0.04449003770600091, 0.033962824983225115, -6.5444108297771235, 0.0, 85.37624714024369, 78.83183631046779, 1.0000061224605723, 0.0, 53.49208145328513, 54.49208757574679, 6.3279999999999985
0.005852705410821647, 0.9804322817294442, 0.0013972304948894208, 54.558636497480165, -0.010539422327397383, 0.0, 0.04464940774490467, 0.03410998541750743, -6.543072875858815, 0.0, 85.45254190574406, 78.9094690298836, 1.00000778688573, 0.0, 53.496892563551384, 54.49690035043537, 6.3279999999999985
0.005860521042084173, 0.9802772894465868, 0.0013990963394126426, 54.54182836674454, -0.01055162943725995, 0.0, 0.04480891979223933, 0.03425729035498015, -6.541736695475472, 0.0, 85.52846947462493, 78.98673277914793, 1.0000094588241302, 0.0, 53.501425639279994, 54.50143509810206, 6.3279999999999985
0.005868336673346698, 0.9801200568952104, 0.001400962183935864, 54.52451033468196, -0.010563834055669352, 0.0, 0.04496857318198344, 0.03440473912631414, -6.540402284926583, 0.0, 85.60405036600909, 79.06364808108327, 1.0000111372196945, 0.0, 53.50570131875023, 54.505712455970645, 6.327999999999998
0.005876152304609223, 0.979960589610736, 0.0014028280284590858, 54.50671564984168, -0.010576036185924412, 0.0, 0.04512836728659242, 0.03455233110066824, -6.539069640553935, 0.0, 85.67930530752567, 79.14023566697269, 1.0000128209944632, 0.0, 53.509740420685645, 54.509753241680905, 6.3279999999999985
0.005883967935871748, 0.9797988929954558, 0.0014046938729823074, 54.488478149289676, -0.010588235831317157, 0.0, 0.04528830151739871, 0.034700065686081416, -6.537738758741626, 0.0, 85.75425523529813, 79.21651647655698, 1.0000145090485004, 0.0, 53.513563944143684, 54.513578453192736, 6.3279999999999985
0.005891783567134273, 0.9796349723183524, 0.0014065597175055289, 54.469832262811906, -0.01060043299513291, 0.0, 0.04544837532498458, 0.03484794232985233, -6.536409635916056, 0.0, 85.82892129395442, 79.29251165804132, 1.0000162002598196, 0.0, 53.517193068447405, 54.5172092687097, 6.3279999999999985
0.005899599198396799, 0.9794688327149117, 0.0014084255620287508, 54.450813017135715, -0.010612627680650374, 0.0, 0.04560858819958313, 0.03499596051893372, -6.535082268545941, 0.0, 85.90332483663015, 79.3682425680815, 1.0000178934842991, 0.0, 53.520649153091185, 54.52066704657209, 6.327999999999998
0.005907414829659324, 0.9793004791869521, 0.0014102914065519724, 54.43145604010624, -0.010624819891141684, 0.0, 0.04576893967146478, 0.0351441197803235, -6.533756653142293, 0.0, 85.97748742494058, 79.44373077179723, 1.0000195875556148, 0.0, 53.52395373762594, 54.52397332518022, 6.327999999999998
0.005915230460921848, 0.9791299166024279, 0.0014121572510751939, 54.4117975649624, -0.010637009629872518, 0.0, 0.04592942931132182, 0.03529241968144947, -6.532432786258432, 0.0, 86.0514308290235, 79.51899804276357, 1.0000212812851574, 0.0, 53.52712854161755, 54.527149822901094, 6.327999999999999
0.0059230460921843725, 0.97895714969526, 0.0014140230955984154, 54.39187443456149, -0.010649196900102161, 0.0, 0.046090056730664686, 0.03544085983056333, -6.531110664489992, 0.0, 86.1251770275001, 79.59406636300947, 1.0000229734619506, 0.0, 53.53019546451556, 54.5302184379763, 6.3279999999999985
0.005930861723446899, 0.9787821830651438, 0.0014158889401216371, 54.371724105640624, -0.010661381705083585, 0.0, 0.04625082158220295, 0.03558943987711938, -6.529790284474902, 0.0, 86.19874820750553, 79.66895792303022, 1.0000246628525895, 0.0, 53.53317658560304, 54.533201248455214, 6.3279999999999985
0.005938677354709424, 0.9786050211773746, 0.0014177547846448589, 54.351384653078185, -0.010673564048063522, 0.0, 0.04641172356024037, 0.035738159512176404, -6.528471642893413, 0.0, 86.27216676466647, 79.74369512177216, 1.0000263482011476, 0.0, 53.53609416388432, 54.536120512084885, 6.3279999999999985
0.0059464929859719485, 0.9784256683626562, 0.0014196206291680804, 54.33089477418298, -0.01068574393228256, 0.0, 0.04657276240106112, 0.035887018468779286, -6.527154736468063, 0.0, 86.34545530311256, 79.81830056664555, 1.0000280282291294, 0.0, 53.53897063801335, 54.53899866624302, 6.3279999999999985
0.005954308617234473, 0.9782441288169352, 0.001421486473691302, 54.3102937929807, -0.0106979213609752, 0.0, 0.04673393788332392, 0.03603601652234856, -6.525839561963713, 0.0, 86.41863663547355, 79.89279707351027, 1.0000297016353583, 0.0, 53.54182862620302, 54.54185832783891, 6.3279999999999985
0.005962124248496999, 0.9780604066011986, 0.0014233523182145236, 54.28962166451629, -0.010710096337369964, 0.0, 0.04689524982843962, 0.03618515349107054, -6.524526116187519, 0.0, 86.49173378287838, 79.9672076666911, 1.0000313670959462, 0.0, 53.54469092614858, 54.54472229324415, 6.327999999999998
0.005969939879759524, 0.9778745056413043, 0.0014252181627377454, 54.26891897917312, -0.010722268864689435, 0.0, 0.04705669810097313, 0.03633442923628538, -6.52321439598895, 0.0, 86.5647699749599, 80.04155557897198, 1.0000330232641816, 0.0, 53.54758051494034, 54.54761353820437, 6.3279999999999985
0.005977755511022049, 0.9776864297277934, 0.001427084007260967, 54.24822696700721, -0.010734438946150364, 0.0, 0.04721828260902483, 0.036483843662874604, -6.521904398259784, 0.0, 86.63776864984725, 80.11586425158836, 1.0000346687704762, 0.0, 53.55052054897902, 54.550555217750315, 6.3279999999999985
0.005985571142284573, 0.9774961825157219, 0.0014289498517841884, 54.22758750207595, -0.010746606584963746, 0.0, 0.04738000330462233, 0.03663339671965815, -6.520596119934097, 0.0, 86.7107534541692, 80.19015733423583, 1.0000363022223013, 0.0, 53.5535343638956, 54.55357066611894, 6.3279999999999985
0.005993386773547099, 0.9773037675244481, 0.00143081569630741, 54.20704310678502, -0.0107587717843349, 0.0, 0.047541860184105444, 0.0367830883997704, -6.519289557988275, 0.0, 86.78374824306468, 80.26445868507297, 1.000037922204102, 0.0, 53.55664547448343, 54.55668339668419, 6.3279999999999985
0.006001202404809625, 0.9771091881374843, 0.001432681540830632, 54.18663695627538, -0.01077093454746353, 0.0, 0.04770385328852145, 0.036932918741057974, -6.517984709441012, 0.0, 86.85677708015744, 80.33879237071505, 1.0000395272772318, 0.0, 53.55987757458834, 54.55991710186416, 6.327999999999998
0.006009018036072149, 0.9769124476022983, 0.0014345473853538534, 54.1664128827756, -0.01078309487754382, 0.0, 0.04786598270401232, 0.03708288782646829, -6.516681571353308, 0.0, 86.92986423757996, 80.41318266622898, 1.0000411159798839, 0.0, 53.56325453705381, 54.563295653036164, 6.3279999999999985
0.006016833667334674, 0.9767135490301241, 0.001436413229877075, 54.14641538000615, -0.01079525277776452, 0.0, 0.04802824856219867, 0.03723299578443395, -6.5153801408284675, 0.0, 87.00303419596956, 80.48765405514315, 1.0000426868270202, 0.0, 53.566800413641616, 54.56684310047083, 6.327999999999998
0.006024649298597199, 0.9765124953957958, 0.0014382790744002965, 54.12668960756355, -0.010807408251309002, 0.0, 0.048190651040576626, 0.037383242789268745, -6.5140804150121, 0.0, 87.07631164445371, 80.56223122944466, 1.0000442383103072, 0.0, 53.570539434932996, 54.57058367324559, 6.3279999999999985
0.006032464929859725, 0.9763092895375569, 0.0014401449189235184, 54.10728139534149, -0.010819561301355364, 0.0, 0.048353190362900866, 0.037533629061546, -6.512782391092132, 0.0, 87.14972148066948, 80.63693908957787, 1.000045768898034, 0.0, 53.57449601027449, 54.57454177917268, 6.3279999999999985
0.00604028056112225, 0.9761039341568798, 0.00144201076344674, 54.088237247958205, -0.010831711931076479, 0.0, 0.04851586679957587, 0.03768415486849963, -6.5114860662987795, 0.0, 87.22328881074931, 80.7118027444491, 1.000047277035063, 0.0, 53.57869472768455, 54.57874200471804, 6.327999999999998
0.006048096192384774, 0.9758964318182753, 0.0014438766079699615, 54.06960434917664, -0.010843860143640109, 0.0, 0.04867868066804415, 0.03783482052440512, -6.510191437904581, 0.0, 87.29703894932194, 80.7868475114182, 1.0000487611427498, 0.0, 53.583160353778645, 54.583209114921495, 6.327999999999999
0.0060559118236473, 0.9756867849491291, 0.0014457424524931832, 54.05143056636962, -0.010856005942208959, 0.0, 0.04884163233317751, 0.03798562639096836, -6.508898503224369, 0.0, 87.37099741952623, 80.86209891630509, 1.0000502196188807, 0.0, 53.587917833705056, 54.58796805332729, 6.327999999999999
0.006063727454909825, 0.9754749958395017, 0.0014476082970164047, 54.033764454967695, -0.010868149329940761, 0.0, 0.049004722207663165, 0.03813657287772132, -6.50760725961529, 0.0, 87.4451899529959, 80.93758269338072, 1.000051650837611, 0.0, 53.592992291056255, 54.59304394189473, 6.3279999999999985
0.00607154308617235, 0.9752610666419564, 0.0014494741415396264, 54.01665526293982, -0.010880290309988359, 0.0, 0.04916795075239322, 0.03828766044240495, -6.506317704476797, 0.0, 87.51964248986768, 81.01332478538859, 1.0000530531493794, 0.0, 53.598409027801786, 54.5984620809488, 6.3279999999999985
0.0060793587174348745, 0.9750449993713703, 0.001451339986062848, 54.00015293525439, -0.010892428885499784, 0.0, 0.0493313184768579, 0.038438889591359215, -6.505029835250641, 0.0, 87.59438117876883, 81.08935134351846, 1.0000544248808811, 0.0, 53.60419352419835, 54.60424794907876, 6.3279999999999985
0.006087174348697399, 0.9748267959047628, 0.0014532058305860695, 53.98430811840308, -0.010904565059618334, 0.0, 0.049494825939529696, 0.03859026087991113, -6.503743649420891, 0.0, 87.66943237683724, 81.16568872741502, 1.000055764334961, 0.0, 53.61037143873962, 54.610427203073414, 6.327999999999998
0.006094989979959925, 0.9746064579810959, 0.0014550716751092912, 53.969172164893735, -0.01091669883548265, 0.0, 0.04965847374824972, 0.03874177491276676, -6.502459144513914, 0.0, 87.74482264971329, 81.24236350520108, 1.000057069790573, 0.0, 53.616968608076576, 54.61702567786908, 6.3279999999999985
0.00610280561122245, 0.9743839872011109, 0.0014569375196325127, 53.95479713777331, -0.010928830216226796, 0.0, 0.04982226256062716, 0.038893432344401235, -6.501176318098385, 0.0, 87.82057877152697, 81.3194024534306, 1.000058339502719, 0.0, 53.624011046924785, 54.62406938642891, 6.327999999999998
0.006110621242484975, 0.9741593850271357, 0.0014588033641557345, 53.941235815143955, -0.010940959204980342, 0.0, 0.04998619308442043, 0.039045233879439145, -6.499895167785292, 0.0, 87.8967277249213, 81.39683255713426, 1.0000595717023661, 0.0, 53.63152494802111, 54.63158451972237, 6.327999999999998
0.006118436873747499, 0.9739326527828999, 0.001460669208678956, 53.92854169473412, -0.010953085804868439, 0.0, 0.050150266077925276, 0.03919718027305763, -6.4986156912279185, 0.0, 87.97329670102269, 81.47468100979479, 1.0000607645964095, 0.0, 53.639536682023106, 54.63959744661901, 6.3279999999999985
0.006126252505010025, 0.9737037916533671, 0.0014625350532021775, 53.91676899842878, -0.010965210019011897, 0.0, 0.05031448235036762, 0.03934927233135532, -6.497337886121862, 0.0, 88.05031309947387, 81.55297521335406, 1.0000619163675823, 0.0, 53.64807279746844, 54.648134713838346, 6.3279999999999985
0.006134068136272551, 0.973472802684533, 0.0014644008977253995, 53.90597267684916, -0.01097733185052727, 0.0, 0.05047884276229386, 0.03950151091176579, -6.496061750205024, 0.0, 88.12780452841339, 81.6317427782093, 1.0000630251744214, 0.0, 53.65716002068275, 54.65722304585866, 6.3279999999999985
0.006141883767535075, 0.9732396867832591, 0.001466266742248621, 53.89620841392343, -0.010989451302526924, 0.0, 0.050643348225953844, 0.039653896923428134, -6.494787281257615, 0.0, 88.20579880447426, 81.71101152321785, 1.0000640891511852, 0.0, 53.66682525571274, 54.666889344864316, 6.3279999999999985
0.0061496993987976, 0.9730044447170838, 0.0014681325867718425, 53.88753263148146, -0.01100156837811913, 0.0, 0.050807999705695606, 0.039806431327577, -6.493514477102149, 0.0, 88.28432395279758, 81.7908094756943, 1.0000651064078012, 0.0, 53.677095584266375, 54.6771606906727, 6.327999999999998
0.006157515030060126, 0.9727670771140371, 0.0014699984312950643, 53.88000249386596, -0.011013683080408131, 0.0, 0.05097279821835099, 0.03995911513794337, -6.492243335603444, 0.0, 88.3634082070185, 81.87116487141479, 1.0000660750298098, 0.0, 53.6879982656323, 54.688064340661505, 6.327999999999998
0.00616533066132265, 0.9725275844624731, 0.0014718642758182858, 53.87367591252996, -0.011025795412494228, 0.0, 0.05113774483362754, 0.04011194942113383, -6.4909738546686295, 0.0, 88.44308000927361, 81.95210615460556, 1.0000669930782966, 0.0, 53.699560736616895, 54.69962772969541, 6.3279999999999985
0.006173146292585176, 0.9722859671108629, 0.0014737301203415075, 53.86861155067663, -0.011037905377473857, 0.0, 0.05130284067449564, 0.040264935297022464, -6.489706032247138, 0.0, 88.5233680102054, 82.03366197795772, 1.0000678585898355, 0.0, 53.71181061148221, 54.711878470071035, 6.3279999999999985
0.0061809619238477, 0.9720422252676368, 0.001475595964864729, 53.86486882788813, -0.011050012978439662, 0.0, 0.05146808691757476, 0.040418073939135324, -6.4884398663307135, 0.0, 88.60430106895312, 82.11586120262346, 1.0000686695764305, 0.0, 53.724775681871336, 54.72484435144867, 6.3279999999999985
0.0061887775551102255, 0.9717963590009897, 0.0014774618093879506, 53.862507924791316, -0.011062118218480585, 0.0, 0.05163348479352936, 0.04057136657504823, -6.487175354953402, 0.0, 88.68590825315276, 82.19873289819984, 1.000069424025451, 0.0, 53.738483916736975, 54.73855334076328, 6.3279999999999985
0.006196593186372751, 0.9715483682386965, 0.0014793276539111723, 53.86158978770709, -0.011074221100681939, 0.0, 0.05179903558745114, 0.04072481448676979, -6.4859124961915535, 0.0, 88.76821883894523, 82.28230634275593, 1.0000701198995945, 0.0, 53.75296346228786, 54.75303358218929, 6.3279999999999985
0.006204408817635276, 0.971298252767943, 0.001481193498434394, 53.862176133318826, -0.011086321628125484, 0.0, 0.0519647406392556, 0.040878419011129985, -6.484651288163834, 0.0, 88.85126231097203, 82.36661102280853, 1.0000707551367947, 0.0, 53.76824264191341, 54.768313397050626, 6.3279999999999985
0.006212224448897801, 0.9710460122351281, 0.0014830593429576155, 53.86432945337856, -0.011098419803889509, 0.0, 0.052130601344060556, 0.041032181540172186, -6.483391729031197, 0.0, 88.93506836236904, 82.45167663333788, 1.0000713276502038, 0.0, 53.78434995611952, 54.78442128376902, 6.3279999999999985
0.006220040080160326, 0.9707916461456955, 0.001484925187480837, 53.86811301938906, -0.011110515631048918, 0.0, 0.05229661915258621, 0.04118610352153751, -6.482133816996926, 0.0, 89.01966689478081, 82.53753307778247, 1.0000718353280973, 0.0, 53.80131408247046, 54.801385917797006, 6.3279999999999985
0.00622785571142285, 0.9705351538639377, 0.0014867910320040586, 53.8735908873241, -0.011122609112675293, 0.0, 0.05246279557153577, 0.041340186458860506, -6.480877550306598, 0.0, 89.10508801834204, 82.62421046803512, 1.0000722760338459, 0.0, 53.81916387551163, 54.81923615154513, 6.327999999999999
0.0062356713426853765, 0.9702765346128241, 0.0014886568765272805, 53.88082790234603, -0.01113470025183699, 0.0, 0.05262913216398735, 0.04149443191215241, -6.479622927248096, 0.0, 89.19136205170041, 82.71173912445451, 1.0000726476058441, 0.0, 53.837928366726665, 54.838001014333344, 6.327999999999998
0.006243486973947901, 0.9700157874738173, 0.001490522721050502, 53.88988970353239, -0.011146789051599205, 0.0, 0.05279563054978742, 0.04164884149818904, -6.478369946151612, 0.0, 89.27851952199745, 82.80014957584515, 1.0000729478574668, 0.0, 53.85763676445204, 54.85770971230827, 6.327999999999998
0.006251302605210426, 0.9697529113866874, 0.0014923885655737236, 53.90084272864169, -0.011158875515024055, 0.0, 0.05296229240593342, 0.04180341689090983, -6.477118605389647, 0.0, 89.36659116487252, 82.88947255948453, 1.000073174576994, 0.0, 53.87831845382227, 54.87839162840061, 6.327999999999998
0.006259118236472951, 0.9694879051493372, 0.001494254410096945, 53.91375421884277, -0.011170959645170663, 0.0, 0.05312911946696497, 0.04195815982179374, -6.475868903377001, 0.0, 89.45560792446405, 82.97973902108735, 1.000073325527583, 0.0, 53.90000299670746, 54.900076322235726, 6.3279999999999985
0.006266933867735477, 0.9692207674176029, 0.001496120254620167, 53.928692223523285, -0.011183041445095245, 0.0, 0.05329611352535357, 0.04211307208025872, -6.474620838570787, 0.0, 89.54560095341826, 83.07098011484658, 1.0000733984471988, 0.0, 53.92272013165951, 54.92279353010555, 6.327999999999998
0.006274749498998001, 0.9689514967050978, 0.0014979860991433886, 53.94572560503093, -0.011195120917851156, 0.0, 0.053463276431890305, 0.04226815551403962, -6.473374409470421, 0.0, 89.63660161287528, 83.16322720340857, 1.000073391048553, 0.0, 53.94649977383762, 54.946573164889564, 6.327999999999998
0.006282565130260526, 0.9686800913830059, 0.00149985194366661, 53.964924043501924, -0.011207198066489007, 0.0, 0.05363061009607617, 0.04242341202958855, -6.47212961461763, 0.0, 89.72864147248106, 83.25651185786361, 1.0000733010190637, 0.0, 53.971372014958334, 54.971445315976666, 6.327999999999998
0.006290380761523052, 0.9684065496799132, 0.0015017177881898318, 53.98635804163041, -0.011219272894056723, 0.0, 0.05379811648651445, 0.04257884359245856, -6.47088645259644, 0.0, 89.82175231037786, 83.3508658577812, 1.0000731260208016, 0.0, 53.99736712322323, 54.99744024924325, 6.327999999999998
0.0062981963927855765, 0.9681308696816181, 0.0015035836327130534, 54.010098929527885, -0.01123134540359962, 0.0, 0.053965797631287504, 0.04273445222768757, -6.469644922033192, 0.0, 89.91596611321091, 83.446321191179, 1.0000728636904224, 0.0, 54.024515543273495, 55.024588406965385, 6.327999999999998
0.006306012024048102, 0.9678530493309649, 0.001505449477236275, 54.03621886952351, -0.011243415598160502, 0.0, 0.05413365561836536, 0.04289024002020536, -6.468405021596525, 0.0, 90.01131507611842, 83.5429100545238, 1.0000725116391425, 0.0, 54.052847896107394, 55.0529204077481, 6.3279999999999985
0.006313827655310626, 0.9675730864276408, 0.0015073153217594966, 54.064790861015354, -0.011255483480779725, 0.0, 0.05430169259597406, 0.04304620911519508, -6.46716674999739, 0.0, 90.10783160274583, 83.64066485275019, 1.00007206745266, 0.0, 54.082394979048914, 55.08246704650284, 6.3279999999999985
0.0063216432865731515, 0.9672909786279953, 0.0015091811662827181, 54.09588874531619, -0.011267549054495268, 0.0, 0.0544699107729989, 0.04320236171850422, -6.465930105989043, 0.0, 90.20554830524539, 83.73961819925854, 1.000071528691105, 0.0, 54.11318776567918, 55.1132592943721, 6.327999999999998
0.006329458917835677, 0.967006723444886, 0.0015110470108059399, 54.12958721053201, -0.011279612322342838, 0.0, 0.054638312419369006, 0.04335870009702658, -6.464695088367046, 0.0, 90.30449800425323, 83.83980291588793, 1.0000708928890127, 0.0, 54.14525740575801, 55.145328298648494, 6.3279999999999985
0.006337274549098201, 0.9667203182474562, 0.0015129128553291614, 54.16596179643966, -0.011291673287355926, 0.0, 0.05480689986644394, 0.04351522657908724, -6.463461695969267, 0.0, 90.40471372891899, 83.94125203295039, 1.0000701575552498, 0.0, 54.1786352251973, 55.17870538275372, 6.327999999999998
0.006345090180360727, 0.966431760260991, 0.0015147786998523831, 54.205088899362636, -0.011303731952565897, 0.0, 0.054975675507407784, 0.043671943554842274, -6.462229927675878, 0.0, 90.50622871688428, 84.0439987892095, 1.000069320172971, 0.0, 54.21335272597868, 55.21342204615247, 6.327999999999998
0.006352905811623252, 0.966141046566695, 0.0015166445443756046, 54.24704577707507, -0.01131578832100207, 0.0, 0.05514464179765288, 0.04382885347665133, -6.460999782409367, 0.0, 90.60907641429847, 84.14807663189035, 1.0000683781995676, 0.0, 54.24944158611553, 55.249509964316, 6.3279999999999985
0.006360721442885776, 0.9658481741015496, 0.0015185103888988262, 54.291910553729394, -0.01132784239569178, 0.0, 0.0553138012551746, 0.04398595885948264, -6.459771259134519, 0.0, 90.7132904758053, 84.25351921666963, 1.0000673290666187, 0.0, 54.28693365957939, 55.287000988644984, 6.327999999999998
0.006368537074148303, 0.9655531396581072, 0.0015203762334220481, 54.33976222476758, -0.011339894179660486, 0.0, 0.05548315646095259, 0.044143262281291396, -6.458544356858425, 0.0, 90.81890476455386, 84.36036040769646, 1.0000661701798463, 0.0, 54.325860976259676, 55.32592714644101, 6.3279999999999985
0.006376352705410827, 0.9652559398843144, 0.0015222420779452696, 54.3906806618661, -0.011351943675931822, 0.0, 0.05565271005935024, 0.044300766383418066, -6.457319074630489, 0.0, 90.92595335218437, 84.46863427755393, 1.000064898919063, 0.0, 54.36625574188668, 55.36632064080604, 6.327999999999998
0.006384168336673352, 0.9649565712833308, 0.0015241079224684912, 54.44474661787626, -0.011363990887527695, 0.0, 0.055822464758490176, 0.044458473870962134, -6.456095411542421, 0.0, 91.03447051885185, 84.57837510730856, 1.0000635126381117, 0.0, 54.408150338008994, 55.40821385064647, 6.327999999999998
0.006391983967935878, 0.9646550302133464, 0.001525973766991713, 54.50204173180009, -0.011376035817468351, 0.0, 0.05599242333065879, 0.044616387513191524, -6.4548733667282265, 0.0, 91.14449075319716, 84.6896173864698, 1.000062008664848, 0.0, 54.45157732189905, 55.45163933056407, 6.3279999999999985
0.006399799599198402, 0.9643513128873978, 0.0015278396115149344, 54.5626485337516, -0.01138807846877246, 0.0, 0.05616258861268286, 0.044774510143911206, -6.45365293936423, 0.0, 91.25604875237228, 84.8023958130073, 1.0000603843010536, 0.0, 54.49656942653214, 55.49662981083192, 6.327999999999997
0.0064076152304609274, 0.9640454153731892, 0.0015297054560381561, 54.62665044993173, -0.011400118844457208, 0.0, 0.05633296350632633, 0.04493284466186909, -6.45243412866906, 0.0, 91.36917942202305, 84.91674529335214, 1.0000586368224218, 0.0, 54.5431595605098, 55.54321819733038, 6.327999999999998
0.006415430861723453, 0.963737333592907, 0.0015315713005613777, 54.6941318076606, -0.011412156947538336, 0.0, 0.05650355097866955, 0.04509139403113194, -6.4512169339036465, 0.0, 91.48391787629498, 85.03270094239511, 1.0000567634784834, 0.0, 54.59138080801819, 55.59143757149998, 6.327999999999998
0.006423246492985977, 0.9634270633230434, 0.0015334371450845992, 54.76517784034786, -0.011424192781030271, 0.0, 0.05667435406251409, 0.04525016128148285, -6.450001354371226, 0.0, 91.60029943784512, 85.1502980834714, 1.0000547614925914, 0.0, 54.641266428776206, 55.64132119026694, 6.327999999999998
0.0064310621242485025, 0.9631146001942053, 0.001535302989607821, 54.83987469254134, -0.011436226347946169, 0.0, 0.05684537585675464, 0.045409149508807145, -6.44878738941735, 0.0, 91.718359637813, 85.26957224839721, 1.0000526280618365, 0.0, 54.69284985796475, 55.69290248602901, 6.3279999999999985
0.006438877755511028, 0.9627999396909388, 0.0015371688341310427, 54.918309424934705, -0.011448257651298007, 0.0, 0.05701661952678183, 0.045568361875484964, -6.447575038429865, 0.0, 91.83813421585208, 85.3905591774232, 1.000050360357038, 0.0, 54.74616470619625, 55.746215066553525, 6.327999999999998
0.006446693386773552, 0.9624830771515477, 0.0015390346786542642, 55.00057001944424, -0.01146028669409665, 0.0, 0.05718808830486233, 0.04572780161076584, -6.446364300838932, 0.0, 91.9596591201107, 85.51329481927343, 1.0000479555226682, 0.0, 54.80124475944943, 55.80129271497365, 6.3279999999999985
0.006454509018036078, 0.9621640077679009, 0.0015409005231774857, 55.086745384235655, -0.011472313479351948, 0.0, 0.057359785490531, 0.0458874720111786, -6.445155176117015, 0.0, 92.0829705072397, 85.63781533112589, 1.0000454106768213, 0.0, 54.85812397902283, 55.85816938970315, 6.3279999999999985
0.006462324649298602, 0.9618427265852662, 0.0015427663677007072, 55.17692535880087, -0.011484338010072807, 0.0, 0.057531714450980376, 0.046047376440908616, -6.4439476637788875, 0.0, 92.20810474239049, 85.76415707861014, 1.0000427229111721, 0.0, 54.9168365014812, 55.91687922439022, 6.3279999999999985
0.006470140280561128, 0.9615192285021154, 0.0015446322122239292, 55.27120071905574, -0.01149636028926727, 0.0, 0.0577038786214501, 0.046207518332182396, -6.4427417633816235, 0.0, 92.33509839921079, 85.89235663582913, 1.0000398892909244, 0.0, 54.9774166385998, 55.97745652789095, 6.327999999999997
0.006477955911823653, 0.9611935082699486, 0.0015464980567471507, 55.36966318241775, -0.011508380319942578, 0.0, 0.057876281505614635, 0.04636790118567191, -6.441537474524611, 0.0, 92.46398825985275, 86.02245078532836, 1.0000369068547608, 0.0, 55.03989887732254, 56.03993578417762, 6.327999999999998
0.006485771543086178, 0.9608655604931123, 0.0015483639012703722, 55.4724054128983, -0.011520398105105276, 0.0, 0.05804892667597272, 0.046528528570867644, -6.440334796849532, 0.0, 92.5948113149643, 86.15447651811483, 1.000033772614814, 0.0, 55.104317879702826, 56.10435165231758, 6.327999999999998
0.0064935871743487025, 0.9605353796286076, 0.0015502297457935937, 55.579521026247676, -0.01153241364776128, 0.0, 0.058221817774233964, 0.04668940412647227, -6.4391337300403935, 0.0, 92.72760476370017, 86.28847103366043, 1.0000304835566085, 0.0, 55.17070848286598, 56.17073896642351, 6.327999999999998
0.006501402805611229, 0.9602029599859254, 0.0015520955903168157, 55.691104595061915, -0.011544426950915957, 0.0, 0.05839495851171628, 0.0468505315608001, -6.437934273823492, 0.0, 92.86240601370855, 86.42447173988717, 1.0000270366390251, 0.0, 55.23910569894082, 56.23913273558209, 6.327999999999998
0.006509218436873753, 0.959868295726847, 0.0015539614348400372, 55.80725165393778, -0.01155643801757419, 0.0, 0.05856835266972138, 0.04701191465214705, -6.436736427967439, 0.0, 92.99925268114725, 86.5625162531781, 1.000023428794254, 0.0, 55.30954471503526, 56.30956814382789, 6.327999999999998
0.006517034068136278, 0.9595313808652678, 0.0015558272793632587, 55.9280587046087, -0.011568446850740486, 0.0, 0.058742004099937795, 0.04717355724919825, -6.435540192283155, 0.0, 93.13818259066373, 86.70264239837927, 1.0000196569277497, 0.0, 55.38206089315843, 56.382080550084254, 6.327999999999998
0.006524849699398804, 0.9591922092670248, 0.0015576931238864805, 56.053623221123416, -0.011580453453419029, 0.0, 0.05891591672481988, 0.047335463271400924, -6.434345566623855, 0.0, 93.27923377540937, 86.84488820878823, 1.000015717918204, 0.0, 55.456689770192654, 56.45670548811355, 6.327999999999998
0.006532665330661328, 0.9588507746496985, 0.001559558968409702, 56.18404365501192, -0.011592457828613774, 0.0, 0.05909009453798242, 0.04749763670936846, -6.433152550885073, 0.0, 93.42244447704468, 86.98929192615648, 1.0000116086174804, 0.0, 55.53346705784702, 56.533478666461484, 6.327999999999998
0.0065404809619238535, 0.9585070705824413, 0.0015614248129329237, 56.31941944049231, -0.011604459979328513, 0.0, 0.0592645416045845, 0.047660081625255035, -6.431961145004643, 0.0, 93.56785314571177, 87.13589200071041, 1.0000073258505846, 0.0, 55.61242864258495, 56.61243596843944, 6.327999999999998
0.006548296593186379, 0.9581610904857985, 0.0015632906574561452, 56.459850999644004, -0.011616459908566973, 0.0, 0.05943926206172656, 0.04782280215316015, -6.430771348962704, 0.0, 93.71549844007282, 87.2847270911122, 1.000002866415632, 0.0, 55.693610585610294, 56.69361345202765, 6.3279999999999985
0.006556112224448903, 0.9578128276315028, 0.0015651565019793668, 56.60543974763459, -0.01162845761933287, 0.0, 0.059614260118829865, 0.0479858024994968, -6.429583162781708, 0.0, 93.86541922728061, 87.4358360644989, 0.999998227083779, 0.0, 55.77704912279649, 56.7770473498804, 6.327999999999997
0.006563927855711429, 0.9574622751423271, 0.0015670223465025885, 56.75628809794489, -0.011640453114630009, 0.0, 0.05978954005803261, 0.04814908694340314, -6.428396586526407, 0.0, 94.01765458298662, 87.58925799646104, 0.9999934045992108, 0.0, 55.8627806646434, 56.86277406924311, 6.327999999999998
0.006571743486973953, 0.9571094259918788, 0.00156888819102581, 56.91249946760672, -0.011652446397462357, 0.0, 0.059965106234578736, 0.0483126598371153, -6.427211620303866, 0.0, 94.17224379134575, 87.74503217104068, 0.9999883956790832, 0.0, 55.950841796235544, 56.95083019191412, 6.327999999999999
0.006579559118236479, 0.9567542730044206, 0.0015707540355490318, 57.07417828244161, -0.011664437470834121, 0.0, 0.06014096307720185, 0.04847652560636728, -6.4260282642634445, 0.0, 94.3292263450116, 87.90319808074568, 0.9999831970134971, 0.0, 56.04126927719445, 57.04125247420577, 6.327999999999998
0.006587374749499004, 0.9563968088546925, 0.0015726198800722533, 57.2414299823231, -0.011676426337749816, 0.0, 0.06031711508851334, 0.04864068875076555, -6.4248465185968255, 0.0, 94.4886419451398, 88.063795426545, 0.9999778052654329, 0.0, 56.13410004163666, 57.13407784690282, 6.327999999999998
0.006595190380761528, 0.9560370260677282, 0.0015744857245954748, 57.414361026466395, -0.011688413001214357, 0.0, 0.060493566845405855, 0.04880515384419204, -6.423666383537982, 0.0, 94.65053050139274, 88.22686411785435, 0.999972217070737, 0.0, 56.22937119812361, 57.2293434151936, 6.327999999999998
0.006603006012024054, 0.9556749170186757, 0.0015763515691186968, 57.59307889867341, -0.011700397464233153, 0.0, 0.060670322999423654, 0.048969925535190084, -6.422487859363201, 0.0, 94.81493213191291, 88.3924442725505, 0.9999664290380754, 0.0, 56.32712002960183, 57.32708645864095, 6.3279999999999985
0.006610821643286579, 0.9553104739326078, 0.0015782174136419183, 57.77769211267332, -0.011712379729812145, 0.0, 0.06084738827716274, 0.04913500854734898, -6.421310946391081, 0.0, 94.9818871633687, 88.56057621697704, 0.9999604377488768, 0.0, 56.42738399339644, 57.42734443114579, 6.327999999999998
0.006618637274549104, 0.9549436888843468, 0.0015800832581651398, 57.9683102173949, -0.011724359800957913, 0.0, 0.06102476748065189, 0.049300407679695235, -6.4201356449825155, 0.0, 95.15143613090946, 88.73130048592621, 0.9999542397573175, 0.0, 56.530200721127024, 57.53015496088283, 6.327999999999998
0.006626452905811629, 0.9545745537982838, 0.0015819491026883615, 58.16504380230981, -0.011736337680677765, 0.0, 0.06120246548775543, 0.04946612780707804, -6.4189619555407145, 0.0, 95.3236197781914, 88.90465782265132, 0.9999478315902706, 0.0, 56.63560801868025, 57.63555585027093, 6.327999999999998
0.006634268537074154, 0.9542030604481849, 0.001583814947211583, 58.36800450275314, -0.011748313371979777, 0.0, 0.061380487252544746, 0.049632173880566066, -6.417789878511189, 0.0, 95.49847905737843, 89.08068917886578, 0.9999412097472613, 0.0, 56.74364386617798, 57.74358507592308, 6.327999999999998
0.006642084168336679, 0.9538292004570211, 0.0015856807917348048, 58.5773050052685, -0.011760286877872917, 0.0, 0.06155883780570637, 0.049798550927831586, -6.4166194143817545, 0.0, 95.67605512911841, 89.25943571473742, 0.9999343707004522, 0.0, 56.85434641789774, 57.85428078860014, 6.327999999999998
0.0066498997995992045, 0.9534529652967858, 0.0015875466362580263, 58.79305905295405, -0.01177225820136709, 0.0, 0.06173752225490703, 0.049965264053540404, -6.415450563682538, 0.0, 95.85638936257546, 89.44093879889132, 0.9999273108945758, 0.0, 56.967754002276834, 57.96768131316952, 6.327999999999998
0.006657715430861729, 0.9530743462882987, 0.0015894124807812478, 59.01538145086033, -0.011784227345473235, 0.0, 0.061916545785208665, 0.05013231843973531, -6.414283326985975, 0.0, 96.03952333541004, 89.62524000842218, 0.9999200267469105, 0.0, 57.08390512183298, 58.083825148578086, 6.327999999999998
0.006665531062124254, 0.9526933346010462, 0.0015912783253044696, 59.244388071323556, -0.011796194313203391, 0.0, 0.062095913659442115, 0.050299719346238, -6.413117704906798, 0.0, 96.22549883376365, 89.81238112885816, 0.9999125146472503, 0.0, 57.202838453115966, 58.20275096776497, 6.327999999999997
0.0066733466933867796, 0.9523099212529749, 0.0015931441698276913, 59.480195859403466, -0.011808159107570803, 0.0, 0.06227563121859192, 0.050467472111022316, -6.411953698102052, 0.0, 96.41435785231602, 90.00240415421229, 0.9999047709578631, 0.0, 57.324592846724954, 58.324497617680386, 6.327999999999998
0.006681162324649305, 0.9519240971103292, 0.0015950100143509128, 59.72292283825118, -0.011820121731589956, 0.0, 0.06245570388220201, 0.05063558215061348, -6.41079130727109, 0.0, 96.60614259421176, 90.19535128694436, 0.9998967920134385, 0.0, 57.44920732718256, 58.4491041191988, 6.327999999999998
0.006688977955911829, 0.951535852887457, 0.0015968758588741343, 59.97268811455251, -0.011832082188276692, 0.0, 0.06263613714875116, 0.050804054960474465, -6.409630533155569, 0.0, 96.80089547112223, 90.39126493796668, 0.9998885741210684, 0.0, 57.57672109296342, 58.57660966708452, 6.327999999999998
0.006696793587174354, 0.9511451791466351, 0.0015987417033973559, 60.2296118839231, -0.01184404048064828, 0.0, 0.06281693659604826, 0.0509728961153999, -6.408471376539451, 0.0, 96.99865910319225, 90.59018772665547, 0.9998801135602147, 0.0, 57.70717351639541, 58.70705362995834, 6.3279999999999985
0.00670460921843688, 0.9507520662978789, 0.0016006075479205778, 60.493815436386285, -0.011855996611723485, 0.0, 0.0629981078816122, 0.05114211126988977, -6.407313838249004, 0.0, 97.19947631909251, 90.79216248084612, 0.999871406582653, 0.0, 57.84060414367642, 58.84047555026103, 6.3279999999999985
0.006712424849699405, 0.9503565045987689, 0.0016024733924437993, 60.76542116178916, -0.011867950584522651, 0.0, 0.0631796567430809, 0.05131170615855907, -6.4061579191528075, 0.0, 97.4033901559785, 90.9972322368284, 0.9998624494124524, 0.0, 57.97705269477995, 58.9769151441946, 6.327999999999998
0.00672024048096193, 0.9499584841542623, 0.0016043392369670209, 61.0445525552841, -0.011879902402067792, 0.0, 0.06336158899857525, 0.05148168659650754, -6.405003620161745, 0.0, 97.61044385951348, 91.20544023935125, 0.9998532382459362, 0.0, 58.11655906345291, 59.116412301698304, 6.327999999999998
0.006728056112224454, 0.9495579949165162, 0.0016062050814902424, 61.33133422280844, -0.01189185206738265, 0.0, 0.06354391054710584, 0.05165205847972176, -6.403850942229001, 0.0, 97.82068088385704, 91.41682994162846, 0.9998437692516455, 0.0, 58.25916331715281, 59.25900708640577, 6.3279999999999985
0.00673587174348698, 0.9491550266846946, 0.0016080709260134643, 61.62589188653965, -0.011903799583492795, 0.0, 0.06372662736895518, 0.0518228277854651, -6.402699886350077, 0.0, 98.03414489166693, 91.63144500531683, 0.9998340385703, 0.0, 58.404905697013646, 59.40473973558223, 6.3279999999999985
0.006743687374749506, 0.948749569104806, 0.0016099367705366859, 61.928352390452346, -0.011915744953425686, 0.0, 0.06390974552607198, 0.051994000572648025, -6.40155045356277, 0.0, 98.25087975410581, 91.84932930054372, 0.999824042314774, 0.0, 58.55382661780957, 59.55365066012396, 6.327999999999998
0.00675150300601203, 0.9483416116694962, 0.0016118026150599074, 62.23884370575888, -0.011927688180210757, 0.0, 0.06409327116245067, 0.05216558298223961, -6.4004026449471905, 0.0, 98.47092955083833, 92.07052690589185, 0.9998137765700487, 0.0, 58.705966667918304, 59.70578044448925, 6.327999999999998
0.0067593186372745554, 0.94793114371789, 0.0016136684595831291, 62.557494936487274, -0.01193962926687951, 0.0, 0.0642772105045295, 0.052337581237650976, -6.399256461625752, 0.0, 98.69433857001978, 92.29508210839643, 0.9998032373931908, 0.0, 58.86136660926479, 59.861169846659756, 6.327999999999998
0.00676713426853708, 0.9475181544353881, 0.0016155343041063506, 62.88443632499548, -0.011951568216465562, 0.0, 0.06446156986157114, 0.05251000164510544, -6.398111904763179, 0.0, 98.92115130832454, 92.5230394035623, 0.9997924208133008, 0.0, 59.02006737731589, 60.01985979813021, 6.3279999999999985
0.006774949899799605, 0.9471026328535026, 0.0016174001486295724, 63.21979925752203, -0.011963505032004754, 0.0, 0.06464635562606458, 0.052682850594061525, -6.396968975566495, 0.0, 99.1514124709024, 92.75444349533535, 0.9997813228315011, 0.0, 59.18211008099004, 60.18189140381995, 6.327999999999998
0.0067827655310621305, 0.9466845678496693, 0.0016192659931527939, 63.56371626972032, -0.011975439716535223, 0.0, 0.06483157427410102, 0.052856134557566437, -6.395827675285037, 0.0, 99.38516697142038, 92.98933929613784, 0.9997699394208859, 0.0, 59.34753600266853, 60.34730594209152, 6.327999999999998
0.006790581162324655, 0.9462639481470478, 0.0016211318376760154, 63.916321052272, -0.011987372273097457, 0.0, 0.06501723236576562, 0.05302986009266797, -6.394688005210447, 0.0, 99.62245993204752, 93.22777192683871, 0.9997582665264875, 0.0, 59.51638659814056, 60.51614486466882, 6.3279999999999985
0.00679839679358718, 0.945840762314373, 0.0016229976821992371, 64.27774845644308, -0.011999302704734418, 0.0, 0.06520333654553512, 0.053204033840800635, -6.393549966676665, 0.0, 99.86333668344345, 93.46978671676804, 0.99974630006526, 0.0, 59.688703496548456, 60.688449796615025, 6.3279999999999985
0.006806212424849705, 0.9454149987657474, 0.0016248635267224587, 64.64813449968005, -0.012011231014491582, 0.0, 0.06538989354266045, 0.05337866252816892, -6.392413561059952, 0.0, 100.10784276476316, 93.71542920370456, 0.9997340359260241, 0.0, 59.86452850035871, 60.86426253628606, 6.327999999999998
0.006814028056112231, 0.9449866457604634, 0.0016267293712456804, 65.02761637121785, -0.012023157205417034, 0.0, 0.06557691017154799, 0.05355375296613252, -6.391278789778861, 0.0, 100.3560239236846, 93.96474513390807, 0.9997214699694502, 0.0, 60.04390358535693, 61.04362505532775, 6.3279999999999985
0.006821843687374755, 0.9445556914028289, 0.001628595215768902, 65.4163324377023, -0.012035081280561544, 0.0, 0.06576439333216588, 0.05372931205160447, -6.390145654294261, 0.0, 100.60792611636681, 94.21778046207372, 0.9997085980280197, 0.0, 60.22687090055812, 61.22657949858723, 6.3279999999999985
0.00682965931863728, 0.9441221236419738, 0.0016304610602921234, 65.81442224881903, -0.012047003242978653, 0.0, 0.06595235001041755, 0.05390534676744019, -6.389014156109328, 0.0, 100.8635955074727, 94.47458135136534, 0.9996954159059881, 0.0, 60.41347276820219, 61.41316818410934, 6.3279999999999985
0.006837474949899806, 0.9436859302716871, 0.0016323269048153454, 66.22202654292687, -0.012058923095724748, 0.0, 0.06614078727854533, 0.05408186418282068, -6.387884296769535, 0.0, 101.12307847016821, 94.73519417339831, 0.9996819193793658, 0.0, 60.60375168370726, 61.603433603086195, 6.3279999999999985
0.006845290581162331, 0.9432470989302054, 0.001634192749338567, 66.639287252744, -0.01207084084185912, 0.0, 0.06632971229550022, 0.05425887145364072, -6.386756077862668, 0.0, 101.3864215861165, 94.99966550825764, 0.9996681041958705, 0.0, 60.79775031563945, 61.79741841983936, 6.327999999999998
0.006853106212424856, 0.9428056171000582, 0.0016360585938617884, 67.06634751095316, -0.012082756484444087, 0.0, 0.06651913230734885, 0.054436375822905614, -6.385629501018825, 0.0, 101.65367164548752, 95.26804214447225, 0.999653966074907, 0.0, 60.995511505675154, 61.99516547175308, 6.327999999999999
0.006860921843687381, 0.9423614721078686, 0.0016379244383850102, 67.50335165593879, -0.012094670026545034, 0.0, 0.06670905464765164, 0.054614384621108014, -6.384504567910398, 0.0, 101.92487564695134, 95.54037107904263, 0.9996395007075348, 0.0, 61.197078268565186, 62.19671776927354, 6.3279999999999985
0.0068687374749499056, 0.9419146511241903, 0.0016397902829082317, 67.95044523746401, -0.012106581471230506, 0.0, 0.06689948673786361, 0.05479290526663316, -6.3833812802520935, 0.0, 102.20008079766004, 95.81669951740933, 0.9996247037564301, 0.0, 61.4024937920737, 62.40211849583148, 6.3279999999999985
0.006876553106212432, 0.9414651411632909, 0.0016416561274314534, 68.40777502233232, -0.012118490821572297, 0.0, 0.06709043608770426, 0.05497194526613036, -6.382259639800919, 0.0, 102.47933451329725, 96.09707487349402, 0.999609570855864, 0.0, 61.61180143700408, 62.611411007858635, 6.327999999999999
0.006884368737474956, 0.9410129290830093, 0.001643521971954675, 68.87548900017737, -0.012130398080645505, 0.0, 0.06728191029556485, 0.05515151221492198, -6.381139648356198, 0.0, 102.76268441801525, 96.38154476966037, 0.999594097611656, 0.0, 61.825044737089634, 62.824638834700984, 6.3279999999999985
0.006892184368737481, 0.9405580015845474, 0.0016453878164778965, 69.35373638909914, -0.012142303251528635, 0.0, 0.06747391704889294, 0.05533161379736429, -6.380021307759551, 0.0, 103.05017834448365, 96.67015703672737, 0.9995782796011637, 0.0, 62.04226739900998, 63.041845678614436, 6.3279999999999985
0.006900000000000006, 0.9401003452122967, 0.0016472536610011182, 69.84266764146832, -0.01215420633730366, 0.0, 0.06766646412457034, 0.05551225778726754, -6.378904619894909, 0.0, 103.34186433388162, 96.9629597139875, 0.999562112373236, 0.0, 62.26351330235558, 63.26307541472909, 6.3279999999999985
