phi0, phi, rho, Z_fit_curve, F_id, F_fr, F_ex, F_total, mu_id, mu_fr, mu_ex, mu_kT, PV_id, PV_fr, PV_ex, PV_NkT, alpha
1.0000000000000005E-4, 0.025344072638817283, 2.387324146378431E-5, 0.9970001486233409, -2.7748178210136603E-4, 0.0, 1.1949399051113111E-6, -2.762868421944218E-4, -10.543458021059955, 0.0, -0.050226530406718824, -10.593684551484689, 1.0796716876687764, 0.0, -0.1002800561051052, 0.9793916314688759, 6.328000000000016
1.0581162324649302E-4, 0.026818516377389214, 2.5260664314385E-5, 0.9964019383286534, -2.920796447809966E-4, 0.0, 1.1245073395840036E-6, -2.909551374396047E-4, -10.49986321531935, 0.0, -0.05110098700773545, -10.550964202344955, 1.0627640040554076, 0.0, -0.09561712979752102, 0.9671468741684442, 6.328000000000015
1.1162324649298601E-4, 0.028292831113532976, 2.6648087164985692E-5, 0.9960550979518519, -3.0661779360061146E-4, 0.0, 1.053682674738314E-6, -3.055641109240899E-4, -10.457373781642469, 0.0, -0.05080738968433396, -10.508181171344532, 1.0488101970519745, 0.0, -0.09034803919567308, 0.9584621577716529, 6.328000000000014
1.1743486973947899E-4, 0.02976701822741668, 2.8035510015586382E-5, 0.9959787975801351, -3.210977398120595E-4, 0.0, 9.840224555994156E-7, -3.2011371735470116E-4, -10.415957618618794, 0.0, -0.0494372964136185, -10.465394915050004, 1.0372936200262215, 0.0, -0.08453644228442116, 0.9527571776614696, 6.328000000000014
1.2324649298597198E-4, 0.03124107945062869, 2.9422932866187073E-5, 0.9961883052928132, -3.355209507097683E-4, 0.0, 9.169593120808465E-7, -3.346039913959529E-4, -10.37558345909601, 0.0, -0.04707780040618638, -10.422661259519646, 1.0277988017985182, 0.0, -0.07824258320506973, 0.9495562185170456, 6.328000000000011
1.2905811623246496E-4, 0.0327150168346096, 3.081035571678776E-5, 0.9966952858534214, -3.498888507758335E-4, 0.0, 8.538080507406443E-7, -3.4903504272338254E-4, -10.33622085238404, 0.0, -0.04381167767521298, -10.38003253007656, 1.0199885335786198, 0.0, -0.07152340092141446, 0.9484651325843859, 6.328000000000011
1.3486973947895794E-4, 0.034188832720508884, 3.2197778567388454E-5, 0.9975080852334794, -3.6420282280062244E-4, 0.0, 7.957715441402421E-7, -3.634070512547957E-4, -10.297840146753163, 0.0, -0.03971753123598475, -10.337557678006318, 1.0135868834800823, 0.0, -0.06443263828831537, 0.9491542451222169, 6.32800000000001
1.4068136272545094E-4, 0.03566252971042597, 3.3585201417989144E-5, 0.9986320014282104, -3.78464208979296E-4, 0.0, 7.439464224452957E-7, -3.777202625551881E-4, -10.260412472222761, 0.0, -0.034869931987477676, -10.295282404227269, 1.0083664244427286, 0.0, -0.05702095062173894, 0.9513454737544554, 6.328000000000009
1.4649298597194392E-4, 0.037136110639996195, 3.4972624268589835E-5, 1.0000695420141035, -3.926743119846531E-4, 0.0, 6.993285718362817E-7, -3.919749834111776E-4, -10.223909723637147, 0.0, -0.029339556327087894, -10.253249279981128, 1.0041385054266314, 0.0, -0.04933601316902908, 0.9548024921938392, 6.328000000000007
1.523046092184369E-4, 0.038609578552282836, 3.6360047119190525E-5, 1.0018206688879507, -4.068343960166884E-4, 0.0, 6.628184442262829E-7, -4.061715775708464E-4, -10.188304544025053, 0.0, -0.02319332054915117, -10.211497864590962, 1.0007457529412749, 0.0, -0.04142262707489692, 0.959323125805182, 6.328000000000007
1.5811623246492988E-4, 0.04008293667293709, 3.7747469969791216E-5, 1.0038830306168751, -4.209456878292603E-4, 0.0, 6.352261827132232E-7, -4.2031046164495443E-4, -10.153570308239336, 0.0, -0.016494512077401508, -10.170064820333355, 0.9980562290130243, 0.0, -0.033322823570107796, 0.9647334053841077, 6.3280000000000065
1.639278557114229E-4, 0.04155618838658861, 3.913489282039191E-5, 1.0062521828189093, -4.3500937773425065E-4, 0.0, 6.172765671248573E-7, -4.343921011655561E-4, -10.11968110687345, 0.0, -0.00930291758104981, -10.128984024470984, 0.9959588344625183, 0.0, -0.025075966199269474, 0.9708828682066553, 6.328000000000005
1.6973947895791589E-4, 0.043029337214429884, 4.0522315670992603E-5, 1.0089217969839135, -4.4902662058360067E-4, 0.0, 6.09613783945924E-7, -4.4841700679810776E-4, -10.086611730451388, 0.0, -0.0016749480236836747, -10.088286678491412, 0.9943596589756662, 0.0, -0.016718850965842247, 0.9776408079553082, 6.328000000000006
1.7555110220440886E-4, 0.04450238679295854, 4.1909738521593294E-5, 1.0118838581349396, -4.6299853672959876E-4, 0.0, 6.128060248491593E-7, -4.6238573070322525E-4, -10.054337653887613, 0.0, 0.006336239306273571, -10.048001414597547, 0.9931790585119759, 0.0, -0.008285804315721856, 0.9848932541436739, 6.328000000000004
1.8136272545090187E-4, 0.04597534085384201, 4.3297161372193984E-5, 1.0151288517207064, -4.76926212963795E-4, 0.0, 6.273499179844432E-7, -4.762988630443086E-4, -10.022835021213803, 0.0, 0.014680621735284638, -10.008154399494588, 0.9923492968529077, 0.0, 1.9122108863311047E-4, 0.9925405178907817, 6.328000000000004
1.8717434869739485E-4, 0.04744820320487012, 4.4684584222794675E-5, 1.0186459401204653, -4.908107034349049E-4, 0.0, 6.536747961138316E-7, -4.901570286373118E-4, -9.992080630568942, 0.0, 0.023311195066803094, -9.968769435518075, 0.9918126286309629, 0.0, 0.008682552829591088, 1.0004951814115126, 6.328000000000003
1.9298597194388782E-4, 0.048920977711961494, 4.6072007073395365E-5, 1.0224231291333885, -5.046530305460731E-4, 0.0, 6.921468056140476E-7, -5.039608837390014E-4, -9.962051919449635, 0.0, 0.03218386031842717, -9.929868059147005, 0.9915197307311714, 0.0, 0.01716070744142275, 1.008680438125158, 6.328000000000002
1.987975951903808E-4, 0.050393668282190406, 4.7459429923996056E-5, 1.0264474248155304, -5.184541858318471E-4, 0.0, 7.430728603029169E-7, -5.177111129701083E-4, -9.932726950217255, 0.0, 0.04125731328724116, -9.891469636945677, 0.9914284107326334, 0.0, 0.02560030136162571, 1.0170287120483406, 6.328000000000004
2.046092184368738E-4, 0.051866278847801414, 4.8846852774596746E-5, 1.0307049810185487, -5.322151308152234E-4, 0.0, 8.06704443981299E-7, -5.314084263698277E-4, -9.904084395858819, 0.0, 0.050492936896927305, -9.853591458977423, 0.9915025372671303, 0.0, 0.033977964116514464, 1.0254805013391588, 6.328000000000003
2.1042084168336678E-4, 0.053338813351179716, 5.023427562519744E-5, 1.0351812379756062, -5.459367978451103E-4, 0.0, 8.832412655180633E-7, -5.450535565781995E-4, -9.876103525998309, 0.0, 0.0598546962807087, -9.816248829732993, 0.9917111493519454, 0.0, 0.04227225372479314, 1.03398340303362, 6.328000000000002
2.1623246492985976E-4, 0.05481127573074595, 5.162169847579813E-5, 1.0398610522712646, -5.596200909145547E-4, 0.0, 9.728347702423331E-7, -5.586472561429408E-4, -9.848764193155297, 0.0, 0.06930903655462595, -9.77945515661593, 0.9920277109879218, 0.0, 0.05046357429812099, 1.0424912852442145, 6.328000000000003
2.2204408817635274E-4, 0.05628366990774434, 5.300912132639882E-5, 1.0447288185237245, -5.732658864600735E-4, 0.0, 1.0755915113443413E-6, -5.721902949473787E-4, -9.822046819247738, 0.0, 0.07882478323611197, -9.74322203602676, 0.9924294843725622, 0.0, 0.058534095814196704, 1.050963580146149, 6.328000000000002
2.2785571142284574E-4, 0.05775599977389429, 5.439654417699951E-5, 1.0497685830994334, -5.868750341424258E-4, 0.0, 1.1915763849238532E-6, -5.856834577561724E-4, -9.7959323823358, 0.0, 0.08837304526328552, -9.70755933708751, 0.9928970005163196, 0.0, 0.06646767603529534, 1.059364676512179, 6.328000000000002
2.3366733466933872E-4, 0.05922826917987574, 5.57839670276002E-5, 1.0549641501719045, -6.004483576091601E-4, 0.0, 1.3208157322641782E-6, -5.991275418755872E-4, -9.770402403603601, 0.0, 0.09792712057081633, -9.672475283047653, 0.9934136102714346, 0.0, 0.07424978454323194, 1.0676633947763388, 6.328000000000002
2.394789579158317E-4, 0.0607004819246195, 5.717138987820089E-5, 1.0602991804285389, -6.13986655239261E-4, 0.0, 1.463300312847974E-6, -6.125233549251247E-4, -9.745438934575851, 0.0, 0.10746240417869521, -9.63797653041189, 0.9939651020814848, 0.0, 0.0818674288603512, 1.0758325309045653, 6.328
2.4529058116232465E-4, 0.06217264174537386, 5.855881272880157E-5, 1.0657572827213257, -6.274907008702221E-4, 0.0, 1.618988151571779E-6, -6.258717127173825E-4, -9.721024544566278, 0.0, 0.1169562987506534, -9.604068245830227, 0.9945393753558376, 0.0, 0.08930908262505227, 1.0838484579446361, 6.328000000000002
2.511022044088177E-4, 0.06364475230852017, 5.994623557940227E-5, 1.0713220989495236, -6.40961244507865E-4, 0.0, 1.7878072635554516E-6, -6.391734372430618E-4, -9.69714230835489, 0.0, 0.12638812757944562, -9.570754180789914, 0.9951261604278501, 0.0, 0.09656461578966197, 1.091690776182227, 6.328000000000002
2.5691382765531066E-4, 0.06511681720110984, 6.133365843000296E-5, 1.0769773824547975, -6.543990130192147E-4, 0.0, 1.9696582598846237E-6, -6.524293547581026E-4, -9.673775794091025, 0.0, 0.13573904995664465, -9.538036744148725, 0.9957167776923367, 0.0, 0.10362522680793267, 1.0993420044659141, 6.328000000000001
2.6272545090180364E-4, 0.06658883992309644, 6.272108128060365E-5, 1.082707070201736, -6.678047108087509E-4, 0.0, 2.1644168375650912E-6, -6.656402939699777E-4, -9.65090905141924, 0.0, 0.14499197888502313, -9.505917072548431, 0.996303929828706, 0.0, 0.11048337677910836, 1.1067873065743403, 6.328000000000001
2.685370741482966E-4, 0.0680608238802366, 6.410850413120434E-5, 1.0884953490093419, -6.811790204783337E-4, 0.0, 2.371936156910666E-6, -6.78807084320235E-4, -9.628526599825097, 0.0, 0.1541315010920674, -9.474395098747115, 0.9968815220713991, 0.0, 0.11713272551533169, 1.1140142475541135, 6.328
2.743486973947896E-4, 0.0695327723776347, 6.549592698180503E-5, 1.0943267160918004, -6.945226034711146E-4, 0.0, 2.5920491095283534E-6, -6.919305543604173E-4, -9.606613417197897, 0.0, 0.16314379930357045, -9.443469617908285, 0.9974445063437459, 0.0, 0.12356806949905248, 1.1210125758109923, 6.328000000000002
2.8016032064128257E-4, 0.0710046886139057, 6.688334983240572E-5, 1.1001860341597252, -7.07836100699724E-4, 0.0, 2.8245704800085454E-6, -7.050115302185664E-4, -9.585154928607544, 0.0, 0.1720165767366911, -9.413138351884681, 0.9979887457658, 0.0, 0.12978528169709955, 1.1277740274318884, 6.328000000000001
2.859719438877756E-4, 0.07247657567593278, 6.827077268300641E-5, 1.106058581326086, -7.211201331590387E-4, 0.0, 3.069299004371763E-6, -7.180508341535367E-4, -9.56413699529255, 0.0, 0.18073898377233757, -9.383398011533918, 0.998510896614726, 0.0, 0.13578125319818582, 1.134292149782651, 6.3279999999999985
2.917835671342686E-4, 0.07394843653419479, 6.96581955336071E-5, 1.1119300960541378, -7.343753025238115E-4, 0.0, 3.3260193282674733E-6, -7.310492831944325E-4, -9.543545903856447, 0.0, 0.18930154676709715, -9.354244357102925, 0.9990083052818962, 0.0, 0.14155383664068696, 1.1405621418930534, 6.328
2.9759519038076156E-4, 0.07542027403864159, 7.10456183842078E-5, 1.1177868173779504, -7.476021917314577E-4, 0.0, 3.594503867866739E-6, -7.440076878624983E-4, -9.523368355669716, 0.0, 0.19769609896541349, -9.325672256717748, 0.9994789181550787, 0.0, 0.14710179139773194, 1.146580709523984, 6.328000000000001
3.0340681362725453E-4, 0.07689209091509305, 7.243304123480848E-5, 1.123615520619484, -7.608013655502781E-4, 0.0, 3.874514576335089E-6, -7.569268509728688E-4, -9.503591456474455, 0.0, 0.20591571347311674, -9.297675743014667, 0.9999212026718609, 0.0, 0.1524247304868446, 1.1523459331305472, 6.328
3.092184368737475E-4, 0.078363889762141, 7.382046408540918E-5, 1.1294035488196743, -7.739733711333968E-4, 0.0, 4.165804618719088E-6, -7.69807566513622E-4, -9.484202706189048, 0.0, 0.2139546382538417, -9.270248067948414, 1.000334078054423, 0.0, 0.1575230691715976, 1.1578571471985137, 6.328
3.150300601202405E-4, 0.07983567304853113, 7.520788693600987E-5, 1.1351388400946025, -7.871187385586933E-4, 0.0, 4.468119958026965E-6, -7.826506185996287E-4, -9.465189988910007, 0.0, 0.22180823311027922, -9.243381755812807, 1.0007168544561431, 0.0, 0.162397975222983, 1.1631148296522482, 6.328
3.2084168336673347E-4, 0.08130744311100443, 7.659530978661056E-5, 1.1408099511215697, -8.002379813549955E-4, 0.0, 4.78120085523032E-6, -7.954567804987454E-4, -9.446541563108315, 0.0, 0.22947290861265185, -9.217068654508621, 1.0010691794346063, 0.0, 0.16705132080851048, 1.168120500216847, 6.328000000000002
3.266533066132265E-4, 0.08277920215257738, 7.798273263721125E-5, 1.1464060769537183, -8.133315970148053E-4, 0.0, 5.104783285863435E-6, -8.082268137279403E-4, -9.42824605201761, 0.0, 0.23694606693717254, -9.191299985093268, 1.0013909908205807, 0.0, 0.17148563597726066, 1.1728766267721666, 6.328000000000001
3.324649298597195E-4, 0.08425095224124028, 7.937015548781194E-5, 1.1519170673558639, -8.264000674938222E-4, 0.0, 5.438600275843989E-6, -8.209614672169942E-4, -9.410292434211417, 0.0, 0.24422604457772595, -9.166066389646403, 1.0016824751828817, 0.0, 0.17570406370949973, 1.1773865388672717, 6.328000000000001
3.3827655310621245E-4, 0.0857226953090549, 8.075757833841263E-5, 1.1573334398482436, -8.394438596975187E-4, 0.0, 5.782383159089063E-6, -8.336614765374633E-4, -9.392670034366908, 0.0, 0.2513120568943699, -9.141357977485129, 1.001944031199174, 0.0, 0.17971031649970218, 1.1816543476743184, 6.328000000000001
3.4408817635270543E-4, 0.08719443315163072, 8.214500118901332E-5, 1.1626463896391086, -8.52463425955034E-4, 0.0, 6.1358627594500406E-6, -8.46327563194635E-4, -9.375368514212456, 0.0, 0.258204144462679, -9.117164369762243, 1.0021762373365726, 0.0, 0.18350863444215326, 1.18568487175471, 6.328
3.498997995991984E-4, 0.08866616742796309, 8.353242403961401E-5, 1.1678477966213638, -8.654592044806299E-4, 0.0, 6.49877049943995E-6, -8.589604339802582E-4, -9.358377863656393, 0.0, 0.2649031211883862, -9.093474742480351, 1.0023798233251144, 0.0, 0.18710374478865427, 1.1894835680902707, 6.328000000000001
3.557114228456914E-4, 0.09013789966061292, 8.49198468902147E-5, 1.172930229602959, -8.784316198229654E-4, 0.0, 6.870839438177937E-6, -8.715607803838725E-4, -9.341688392094504, 0.0, 0.2714105241521632, -9.07027786795457, 1.0025556449750777, 0.0, 0.19050082294814866, 1.1930564679002233, 6.328000000000002
3.6152304609218436E-4, 0.09160963123621176, 8.630726974081539E-5, 1.1778869479351586, -8.913810833024317E-4, 0.0, 7.251805240927873E-6, -8.841292780606059E-4, -9.325290719893495, 0.0, 0.2777285651497581, -9.04756215475585, 1.0027046619473288, 0.0, 0.19370545489838098, 1.1964101168231922, 6.327999999999999
3.6733466933867734E-4, 0.09308136340627397, 8.769469259141608E-5, 1.1827119006975562, -9.043079934367948E-4, 0.0, 7.641407082558194E-6, -8.966665863533554E-4, -9.309175770048094, 0.0, 0.28386008389318157, -9.0253156861669, 1.0028279181353366, 0.0, 0.1967236009801191, 1.1995515190934183, 6.328000000000001
3.731462925851704E-4, 0.09455309728829935, 8.908211544201677E-5, 1.187399723593371, -9.172127363553778E-4, 0.0, 8.039388487204978E-6, -9.091733478673081E-4, -9.293334760009131, 0.0, 0.2898085028389849, -9.00352625718202, 1.0029265243604348, 0.0, 0.19956156104472786, 1.202488085383582, 6.328000000000001
3.7895791583166335E-4, 0.09602483386715002, 9.046953829261746E-5, 1.1919457337034776, -9.300956862020262E-4, 0.0, 8.44549810637231E-6, -9.216501880948057E-4, -9.277759193680222, 0.0, 0.29557778361002224, -8.982181410081953, 1.0030016431187454, 0.0, 0.20222594092617951, 1.205227584023795, 6.327999999999999
3.8476953907815633E-4, 0.09749657399668521, 9.185696114321815E-5, 1.1963459222425334, -9.429572055270824E-4, 0.0, 8.859490437656943E-6, -9.340977150885933E-4, -9.262440853580468, 0.0, 0.30117238497764004, -8.96126846861447, 1.0030544751500006, 0.0, 0.2047236202090807, 1.207778095338382, 6.328000000000002
3.905811623246493E-4, 0.09896831840163826, 9.324438399381884E-5, 1.2005969454556473, -9.557976456686015E-4, 0.0, 9.281126486239966E-6, -9.465165191815453E-4, -9.24737179317085, 0.0, 0.30659722237144543, -8.94077457081093, 1.0030862476261284, 0.0, 0.20706172126442746, 1.2101479688702759, 6.328
3.963927855711423E-4, 0.10044006767972151, 9.463180684441953E-5, 1.2046961137891985, -9.686173471230314E-4, 0.0, 9.710174371243368E-6, -9.589071727509883E-4, -9.232544329341787, 0.0, 0.31185762888431984, -8.920686700468872, 1.0030982037813256, 0.0, 0.20924757952525508, 1.2123457832867224, 6.328000000000001
4.0220440881763526E-4, 0.10191182230394324, 9.601922969502022E-5, 1.2086413794646813, -9.814166399055837E-4, 0.0, 1.014640987900117E-5, -9.712702300257982E-4, -9.217951035059542, 0.0, 0.31695931774072283, -8.900991717330111, 1.0030915938263067, 0.0, 0.21128871497470847, 1.2143803087815541, 6.328000000000002
4.0801603206412824E-4, 0.10338358262512308, 9.740665254562091E-5, 1.2124313225798138, -9.94195843900505E-4, 0.0, 1.0589616965256483E-5, -9.836062269344798E-4, -9.203584732169068, 0.0, 0.3219083461966343, -8.881676385983615, 1.0030676670073453, 0.0, 0.2131928048192445, 1.2162604718075172, 6.328000000000002
4.138276553106212E-4, 0.10485534887459189, 9.87940753962216E-5, 1.2160651358565593, -0.001006955269201476, 0.0, 1.103958820824715E-5, -9.959156809924753E-4, -9.189438484350898, 0.0, 0.3267110808399574, -8.862727403522008, 1.0030276646868925, 0.0, 0.21496765732015632, 1.217995321988354, 6.328000000000002
4.1963927855711425E-4, 0.10632712116706243, 1.001814982468223E-4, 1.219542608151432, -0.0010196952164423412, 0.0, 1.1496125214601728E-5, -0.0010081990912270014, -9.175505590229852, 0.0, 0.3313741642606217, -8.844131425980178, 1.0029728143360854, 0.0, 0.21662118675695, 1.2195940010747208, 6.328000000000002
4.254509018036072E-4, 0.10779889950365767, 1.0156892109742299E-4, 1.222864106838841, -0.0010324159771183806, 0.0, 1.1959038979925595E-5, -0.0010204569381377323, -9.161779576633117, 0.0, 0.33590448305980575, -8.825875093584154, 1.0029043243419313, 0.0, 0.21816138949622732, 1.2210657138202026, 6.328000000000003
4.312625250501002E-4, 0.10927068377508439, 1.0295634394802368E-4, 1.2260305591743133, -0.0010451178338983338, 0.0, 1.2428150205913676E-5, -0.001032689683691712, -9.14825419199558, 0.0, 0.3403091371683737, -8.807945054837935, 1.0028233795424053, 0.0, 0.21959632114036984, 1.2224197006651678, 6.328000000000003
4.370741482965932E-4, 0.11074247376493943, 1.0434376679862437E-4, 1.2290434327399464, -0.0010578010609273688, 0.0, 1.2903289575787038E-5, -0.001044897771350889, -9.134923399909926, 0.0, 0.3445954104447003, -8.79032798947585, 1.00273113741232, 0.0, 0.22093407473032636, 1.2236652121253833, 6.328000000000003
4.4288577154308616E-4, 0.11221426915313656, 1.0573118964922506E-4, 1.2319047150706537, -0.001070465924121209, 0.0, 1.3384297989804564E-5, -0.0010570816261307263, -9.121781372819507, 0.0, 0.34877074252268264, -8.773010630307335, 1.002628724830943, 0.0, 0.2221827599774332, 1.2248114847914522, 6.328000000000001
4.4869739478957914E-4, 0.11368606951944289, 1.0711861249982575E-4, 1.2346168925556535, -0.0010831126814516013, 0.0, 1.3871026762569037E-5, -0.0010692416546883685, -9.108822485851558, 0.0, 0.35284270188094347, -8.755979783981013, 1.0025172353697493, 0.0, 0.22335048349927236, 1.2258677188524247, 6.328000000000002
4.545090180360721E-4, 0.11515787434711296, 1.0850603535042644E-4, 1.237182928705749, -0.0010957415832233263, 0.0, 1.4363337783797057E-5, -0.00108137824543888, -9.09604131078868, 0.0, 0.3568189601046881, -8.739222350694284, 1.0023977270451714, 0.0, 0.22444533003508102, 1.2268430570639774, 6.328000000000002
4.6032064128256515E-4, 0.11662968302661021, 1.0989345820102713E-4, 1.2396062418732845, -0.0011083528723429398, 0.0, 1.4861103644192023E-5, -0.0010934917686981124, -9.08343261017635, 0.0, 0.360707267311978, -8.722725342874558, 1.002271220486977, 0.0, 0.225475344616391, 1.2277465650874013, 6.328000000000002
4.661322645290581E-4, 0.118101494859405, 1.1128088105162782E-4, 1.2418906825078198, -0.0011209467845794314, 0.0, 1.5364207728013953E-5, -0.0011055825768507958, -9.070991331564377, 0.0, 0.3645154287166566, -8.7064759028578, 1.0021386974778759, 0.0, 0.2264485156690698, 1.2285872131312792, 6.328000000000003
4.719438877755511E-4, 0.11957330906183926, 1.1266830390222851E-4, 1.244040510027042, -0.0011335235488169845, 0.0, 1.587254427390467E-5, -0.001117651004542473, -9.058712601880012, 0.0, 0.3682512823003648, -8.690461319589614, 1.0020010998247297, 0.0, 0.22737275902305898, 1.229373858832438, 6.328000000000003
4.777555110220441E-4, 0.12104512476904777, 1.140557267528292E-4, 1.2460603693789016, -0.0011460833873000226, 0.0, 1.6386018405488405E-5, -0.0011296973688939408, -9.046591721930824, 0.0, 0.3719226775667042, -8.674669044373985, 1.0018593285254682, 0.0, 0.22825590280669025, 1.2301152313170896, 6.328000000000002
4.8356713426853706E-4, 0.12251694103892691, 1.1544314960342989E-4, 1.247955267367388, -0.0011586265158707117, 0.0, 1.6904546133231184E-5, -0.0011417219697369004, -9.034624161035042, 0.0, 0.3755374553505638, -8.659086705694236, 1.0017142431996253, 0.0, 0.2291056732023667, 1.2308199163872104, 6.328000000000001
4.8937875751503E-4, 0.12398875685614133, 1.1683057245403058E-4, 1.2497305488112274, -0.001171153144199105, 0.0, 1.7428054329002763E-5, -0.001153725089869536, -9.022805551777429, 0.0, 0.3791034286565047, -8.643702123130577, 1.0015666617535746, 0.0, 0.22992968104125447, 1.2314963427803323, 6.328000000000001
4.951903807615231E-4, 0.1254605711361602, 1.1821799530463127E-4, 1.2513918726012494, -0.0011836634760061, 0.0, 1.795648067475394E-5, -0.0011657069953307923, -9.011131684888534, 0.0, 0.38262836449991183, -8.628503320398169, 1.0014173602544179, 0.0, 0.23073540921436, 1.2321527694545455, 6.328000000000003
5.01002004008016E-4, 0.1269323827293143, 1.1960541815523196E-4, 1.2529451877191549, -0.001196157709279363, 0.0, 1.848977358667788E-5, -0.0011776679356921456, -8.999598504245421, 0.0, 0.3861199667254901, -8.613478537529378, 1.0012670729887887, 0.0, 0.23153020087825563, 1.2327972738530848, 6.328000000000003
5.06813627254509E-4, 0.12840419042486592, 1.2099284100583265E-4, 1.2543967092772954, -0.0012086360364824192, 0.0, 1.902789211620005E-5, -0.0011896081443656917, -8.988202101991712, 0.0, 0.3895858597775223, -8.598616242223533, 1.0011164926857594, 0.0, 0.23232124843342813, 1.2334377411054858, 6.328000000000004
5.12625250501002E-4, 0.12987599295508348, 1.2238026385643334E-4, 1.255752894635802, -0.001221098644757035, 0.0, 1.957080582909393E-5, -0.001201527838927427, -8.976938713775095, 0.0, 0.3930335733971607, -8.58390514038717, 1.0009662708842746, 0.0, 0.23311558325413548, 1.2340818541249718, 6.328000000000002
5.18436873747495E-4, 0.13134778899931387, 1.2376768670703403E-4, 1.2570204196508263, -0.0012335457161190887, 0.0, 2.0118494663994996E-5, -0.0012134272214545923, -8.965804714100225, 0.0, 0.3964705282219711, -8.569334185887387, 1.0008170184281502, 0.0, 0.2339200661484838, 1.2347370845634482, 6.328000000000002
5.242484969939879E-4, 0.13281957718804457, 1.2515510955763472E-4, 1.2582061551044073, -0.0012459774276480607, 0.0, 2.0670948771547594E-5, -0.0012253064788760241, -8.954796611795153, 0.0, 0.3999040222634724, -8.554892589540723, 1.0006693060727871, 0.0, 0.2347413785279524, 1.2354106845877908, 6.328000000000003
5.300601202404809E-4, 0.13429135610694926, 1.2654253240823541E-4, 1.2593171433638846, -0.0012583939516703198, 0.0, 2.122816833538474E-5, -0.0012371657833344586, -8.943911045589301, 0.0, 0.4033412182388215, -8.540569827359416, 1.0005236651895952, 0.0, 0.23558601426596976, 1.2361096794428628, 6.328000000000002
5.35871743486974E-4, 0.13576312430090992, 1.279299552588361E-4, 1.2603605753159661, -0.0012707954559363459, 0.0, 2.179016337611137E-5, -0.0012490052925597708, -8.933144779801086, 0.0, 0.40678913173297576, -8.526355648076947, 1.0003805885552968, 0.0, 0.23646027222525445, 1.2368408607680912, 6.328000000000004
5.416833667334669E-4, 0.1372348802780092, 1.293173781094368E-4, 1.2613437676179504, -0.0012831821037920454, 0.0, 2.2356953539425307E-5, -0.0012608251502521685, -8.922494700133353, 0.0, 0.4102546201680683, -8.512240079974022, 1.0002405312145417, 0.0, 0.2373702494340329, 1.2376107806363437, 6.328000000000002
5.474949899799599E-4, 0.13870662251348648, 1.3070480096003749E-4, 1.2622741403058593, -0.001295554054344309, 0.0, 2.2928567869481217E-5, -0.0012726254864743878, -8.911957809574657, 0.0, 0.4137443725571557, -8.49821343702615, 1.0001039114054282, 0.0, 0.23832183489159944, 1.2384257462850135, 6.328000000000002
5.533066132264528E-4, 0.14017834945365312, 1.3209222381063818E-4, 1.2631591947970602, -0.0013079114626209508, 0.0, 2.350504456857023E-5, -0.0012844064180519532, -8.90153122440468, 0.0, 0.41726490001964917, -8.484266324393575, 0.9999711115384066, 0.0, 0.23932070398380934, 1.2392918155104349, 6.328000000000002
5.591182364729459E-4, 0.1416500595197596, 1.3347964666123887E-4, 1.2640064923220373, -0.0013202544797251833, 0.0, 2.4086430744154947E-5, -0.0012961680489806124, -8.891212170301822, 0.0, 0.4208225270363371, -8.470389643273927, 0.9998424792200495, 0.0, 0.24037231348966456, 1.2402147926981557, 6.328000000000002
5.649298597194388E-4, 0.14312175111181077, 1.3486706951183956E-4, 1.2648236328180273, -0.001332583252984753, 0.0, 2.4672782144272533E-5, -0.001307910470840076, -8.880997978551237, 0.0, 0.4244233834219112, -8.456574595137676, 0.9997183283139432, 0.0, 0.24148189716008822, 1.241200225462682, 6.328000000000001
5.707414829659318E-4, 0.1445934226123234, 1.3625449236244025E-4, 1.2656182343146642, -0.0013448979260958901, 0.0, 2.5264162882284636E-5, -0.0013196337632132133, -8.870886082351552, 0.0, 0.42807339699351143, -8.44281268536629, 0.9995989400316296, 0.0, 0.242654461850578, 1.2422534018710787, 6.328000000000003
5.765531062124249E-4, 0.14606507239002134, 1.3764191521304094E-4, 1.2663979128396525, -0.0013571986392622026, 0.0, 2.5860645151928702E-5, -0.0013313379941098924, -8.860874013218407, 0.0, 0.43177828691404074, -8.42909572631252, 0.9994845640474082, 0.0, 0.24389478418958488, 1.243379348226068, 6.328000000000003
5.823647294589178E-4, 0.1475366988034644, 1.3902933806364163E-4, 1.2671702628702426, -0.001369485529328638, 0.0, 2.646230893358584E-5, -0.001343023220394682, -8.850959397483154, 0.0, 0.4355435576892483, -8.415415839801973, 0.999375419631105, 0.0, 0.24520740776474428, 1.2445828273851187, 6.328000000000003
5.881763527054108E-4, 0.14900830020460534, 1.4041676091424232E-4, 1.2679428383543634, -0.0013817587299106626, 0.0, 2.7069241692663467E-5, -0.0013546894882176404, -8.84113995288496, 0.0, 0.4393744937979928, -8.401765459094944, 0.9992716967937646, 0.0, 0.24659664080937677, 1.245868337592611, 6.328000000000002
5.939879759519037E-4, 0.15047987494227294, 1.41804183764843E-4, 1.2687231343227048, -0.0013940183715187692, 0.0, 2.7681538070955953E-5, -0.001366336833447465, -8.83141348525461, 0.0, 0.4432761549354405, -8.388137330327039, 0.9991735574415379, 0.0, 0.24806655437202652, 1.247240111803238, 6.328000000000002
5.997995991983969E-4, 0.15195142136557543, 1.4319160661544373E-4, 1.2695185691119963, -0.0014062645816784515, 0.0, 2.829929957182041E-5, -0.001377965282106294, -8.821777885288272, 0.0, 0.44725337184919156, -8.37452451344685, 0.9990811365336173, 0.0, 0.24962098095199894, 1.2487021174754904, 6.328000000000003
6.056112224448897E-4, 0.15342293782722158, 1.445790294660444E-4, 1.270336467216614, -0.0014184974850457582, 0.0, 2.8922634239969333E-5, -0.0013895748508054623, -8.812231125409655, 0.0, 0.45131074274864447, -8.360920382668711, 0.9989945432403354, 0.0, 0.25126351358418214, 1.250258056814559, 6.328000000000003
6.114228456913828E-4, 0.1548944226867568, 1.459664523166451E-4, 1.2711840427849086, -0.0014307172035185605, 0.0, 2.9551656336676735E-5, -0.0014011655471815674, -8.802771256718831, 0.0, 0.4554526302682381, -8.347318626458183, 0.9989138620980924, 0.0, 0.2529975053565885, 1.2519113674449232, 6.328000000000002
6.172344689378758E-4, 0.1563658743137094, 1.4735387516724577E-4, 1.272068383774182, -0.0014429238563436386, 0.0, 3.0186486011137207E-5, -0.0014127373703321964, -8.793396406026057, 0.0, 0.45968315896578366, -8.333713247067784, 0.9988391541580792, 0.0, 0.25482606934478985, 1.253665223493289, 6.328000000000003
6.230460921843687E-4, 0.15783729109064598, 1.4874129801784646E-4, 1.272996436776474, -0.0014551175602197184, 0.0, 3.082724896871656E-5, -0.0014242903112507063, -8.784104772969146, 0.0, 0.4640062133367191, -8.320098559639847, 0.9987704581259099, 0.0, 0.25675207894683494, 1.2555225370633376, 6.328000000000002
6.288577154308617E-4, 0.15930867141613206, 1.5012872086844715E-4, 1.273974992526397, -0.001467298429396558, 0.0, 3.147407613679854E-5, -0.0014358243532594749, -8.774894627212554, 0.0, 0.46842543632629613, -8.306469190893576, 0.9987077914898816, 0.0, 0.2587781686034316, 1.257485960084098, 6.328000000000001
6.346693386773547E-4, 0.16078001370759573, 1.5151614371904787E-4, 1.2750106720993164, -0.00147946657577021, 0.0, 3.2127103328893245E-5, -0.0014473394724410426, -8.76576430572684, 0.0, 0.4729442283214757, -8.2928200774126, 0.9986511516355339, 0.0, 0.2609067348879996, 1.2595578865144874, 6.328000000000001
6.404809619238478E-4, 0.1622513164040925, 1.5290356656964856E-4, 1.2761099138080934, -0.0014916221089745615, 0.0, 3.278647090768047E-5, -0.0014588356380666166, -8.756712210146762, 0.0, 0.47756574660442636, -8.279146463549496, 0.9986005169446479, 0.0, 0.26313993795106166, 1.2617404548868185, 6.328000000000001
6.462925851703407E-4, 0.1637225779689687, 1.5429098942024925E-4, 1.277278960804144, -0.0015037651364692612, 0.0, 3.345232344759606E-5, -0.0014703128130214098, -8.747736804206603, 0.0, 0.4822929052506939, -8.265443898962978, 0.9985558478768498, 0.0, 0.26547970330485327, 1.2640355511729797, 6.328000000000003
6.521042084168337E-4, 0.16519379689242195, 1.5567841227084994E-4, 1.2785238493868727, -0.001515895763624145, 0.0, 3.412480939757875E-5, -0.0014817709542263207, -8.738836611251093, 0.0, 0.48712837545435733, -8.251708235803717, 0.9985170880324203, 0.0, 0.26792772393301306, 1.2664448119568765, 6.328000000000001
6.579158316633268E-4, 0.1666649716939566, 1.5706583512145063E-4, 1.2798503980256126, -0.0015280140938002545, 0.0, 3.480408074455668E-5, -0.0014932100130554617, -8.730010211820511, 0.0, 0.49207458626340644, -8.237935625563996, 0.9984841651948492, 0.0, 0.27048546271120594, 1.2689696278976614, 6.328000000000002
6.637274549098196E-4, 0.16813610092473313, 1.584532579720513E-4, 1.2812641970947958, -0.0015401202284275606, 0.0, 3.549029267822553E-5, -0.0015046299357491092, -8.721256241308447, 0.0, 0.4971337257089478, -8.224122515606307, 0.998456992352005, 0.0, 0.27315415512488667, 1.271611147468658, 6.328000000000002
6.695390781563126E-4, 0.16960718316980986, 1.5984068082265199E-4, 1.2827705993236485, -0.0015522142670794826, 0.0, 3.6183603257657473E-5, -0.0015160306638216093, -8.712573387690766, 0.0, 0.5023077423115662, -8.210265645385924, 0.9984354686948637, 0.0, 0.2759348122700315, 1.2743702809568216, 6.328000000000002
6.753507014028055E-4, 0.1710782170502757, 1.6122810367325268E-4, 1.2843747109593315, -0.0015642963075443096, 0.0, 3.688417308025669E-5, -0.0015274121344638458, -8.703960389324273, 0.0, 0.5075983469490655, -8.196362042381846, 0.9984194805930467, 0.0, 0.27882822412353925, 1.2772477047086628, 6.328000000000002
6.811623246492986E-4, 0.1725492012252738, 1.6261552652385337E-4, 1.2860813836413265, -0.0015763664458936077, 0.0, 3.759216495354172E-5, -0.001538774280939868, -8.695416032813778, 0.0, 0.5130070150699182, -8.182409017750416, 0.9984089025461126, 0.0, 0.2818349630701513, 1.28024386560849, 6.328000000000002
6.869739478957916E-4, 0.17402013439391345, 1.6400294937445408E-4, 1.2878952069846024, -0.0015884247765477265, 0.0, 3.830774357023426E-5, -0.0015501170329773033, -8.686939150945996, 0.0, 0.518534989236589, -8.168404161715888, 0.9984035981103662, 0.0, 0.2849553876724158, 1.2833589857751493, 6.328000000000001
6.927855711422846E-4, 0.175491015297072, 1.6539037222505478E-4, 1.2898205018668618, -0.0016004713923384714, 0.0, 3.9031075187094106E-5, -0.0015614403171511965, -8.678528620688951, 0.0, 0.5241832819840718, -8.154345338711272, 0.9984034208003295, 0.0, 0.28818964667147573, 1.286593067464318, 6.328000000000003
6.985971943887776E-4, 0.17696184271908447, 1.6677779507565547E-4, 1.2918613144146374, -0.0016125063845690538, 0.0, 3.976232730793397E-5, -0.0015727440572609486, -8.67018336125558, 0.0, 0.5299526789784598, -8.140230682283438, 0.9984082149645748, 0.0, 0.29153768320581175, 1.289945898163044, 6.328000000000002
7.044088176352706E-4, 0.17843261548932104, 1.6816521792625616E-4, 1.2940214106824266, -0.0016245298430713965, 0.0, 4.0501668371207417E-5, -0.0015840281747000263, -8.661902332230053, 0.0, 0.5358437424609346, -8.12605858977533, 0.9984178166356034, 0.0, 0.2949992392357301, 1.2934170558641538, 6.328000000000001
7.102204408817636E-4, 0.17990333248365256, 1.6955264077685685E-4, 1.2963042720172937, -0.0016365418562608797, 0.0, 4.124926744257794E-5, -0.0015952925888181484, -8.653684531755495, 0.0, 0.5418568149630961, -8.111827716798551, 0.9984320543534948, 0.0, 0.29857386016167337, 1.297005914508111, 6.328000000000001
7.160320641282564E-4, 0.1813739926258036, 1.709400636274575E-4, 1.298713091100499, -0.0016485425111886175, 0.0, 4.2005293912809016E-5, -0.0016065372172756626, -8.645528994781893, 0.0, 0.5479920232792451, -8.097536971508704, 0.998450749963082, 0.0, 0.30226089962438146, 1.300711649580554, 6.328000000000001
7.218436873747495E-4, 0.1828445948885936, 1.723274864780582E-4, 1.3012507686582822, -0.0016605318935913429, 0.0, 4.27699172013487E-5, -0.0016177619763898567, -8.637434791372677, 0.0, 0.5542492826822697, -8.083185508696403, 0.9984737193846713, 0.0, 0.3060595244756215, 1.3045332438534984, 6.328000000000002
7.276553106212425E-4, 0.18431513829506577, 1.7371490932865892E-4, 1.3039199108307444, -0.0016725100879389813, 0.0, 4.3543306465911343E-5, -0.00162896678147294, -8.629401025068939, 0.0, 0.5606283013691831, -8.06877272370566, 0.9985007733580782, 0.0, 0.3099687199078715, 1.3084694932592977, 6.328000000000001
7.334669338677355E-4, 0.18578562191950448, 1.751023321792596E-4, 1.3067228271889013, -0.00168447717748, 0.0, 4.4325630318395385E-5, -0.0016401515471614837, -8.621426831309721, 0.0, 0.5671285851234884, -8.05429824619208, 0.9985317181602531, 0.0, 0.31398729473212245, 1.3125190128858384, 6.328000000000002
7.392785571142285E-4, 0.18725604488834197, 1.764897550298603E-4, 1.309661529388504, -0.0016964332442845971, 0.0, 4.511705654739014E-5, -0.001651316187737094, -8.613511375907441, 0.0, 0.573749442181273, -8.039761933731915, 0.998566356296208, 0.0, 0.31811388679304786, 1.3166802430828684, 6.328000000000001
7.450901803607215E-4, 0.1887264063809539, 1.77877177880461E-4, 1.312737730448519, -0.0017083783692858172, 0.0, 4.591775184759274E-5, -0.0016624606174381203, -8.605653853576852, 0.0, 0.5804899882881237, -8.0251638652944, 0.998604487163749, 0.0, 0.3223469685104493, 1.3209514556679411, 6.328000000000002
7.509018036072145E-4, 0.190196705630346, 1.7926460073106168E-4, 1.3159528446413353, -0.0017203126323186622, 0.0, 4.672788155634694E-5, -0.0016735847507622181, -8.597853486516644, 0.0, 0.5873491519347913, -8.010504334587434, 0.9986459076918549, 0.0, 0.32668485253722346, 1.3253307602229543, 6.328
7.567134268537074E-4, 0.19166694192373143, 1.8065202358166237E-4, 1.3193079879821585, -0.0017322361121572636, 0.0, 4.754760939757518E-5, -0.001684688502759599, -8.590109523042306, 0.0, 0.59432567975933, -7.995783843288493, 0.9986904129529812, 0.0, 0.3311256975234176, 1.3298161104703892, 6.328000000000002
7.625250501002004E-4, 0.19313711460300048, 1.8203944643226303E-4, 1.3228039793022597, -0.0017441488865502044, 0.0, 4.8377097233305054E-5, -0.0016957717893168178, -8.582421236269022, 0.0, 0.6014181421035951, -7.981003094170874, 0.9987377967496961, 0.0, 0.3356675139763766, 1.334405310720178, 6.328000000000001
7.683366733466933E-4, 0.19460722306508338, 1.8342686928286372E-4, 1.3264413418934027, -0.0017560510322540397, 0.0, 4.921650482301293E-5, -0.0017068345274309524, -8.574787922843557, 0.0, 0.6086249387127227, -7.966162984136182, 0.9987878521756537, 0.0, 0.34030817020747256, 1.339096022377373, 6.328000000000001
7.741482965931863E-4, 0.1960772667622079, 1.8481429213346441E-4, 1.3302203057069797, -0.0017679426250650902, 0.0, 5.006598959096542E-5, -0.0017178766354740583, -8.567208901723857, 0.0, 0.6159443045661577, -7.951264597162974, 0.9988403721513618, 0.0, 0.345045398355971, 1.3438857705016989, 6.328000000000003
7.799599198396794E-4, 0.19754724520205255, 1.8620171498406513E-4, 1.3341408100927512, -0.00177982373984958, 0.0, 5.092570640173023E-5, -0.0017288980334477903, -8.55968351300534, 0.0, 0.6233743158289171, -7.936309197181629, 0.9988951499349817, 0.0, 0.34987680048063813, 1.3487719504100928, 6.328000000000002
7.857715430861724E-4, 0.19901715794779662, 1.8758913783466582E-4, 1.3382025070626664, -0.0017916944505721772, 0.0, 5.1795807344030525E-5, -0.0017398986432280944, -8.552211116792554, 0.0, 0.6309128959124384, -7.921298220885281, 0.9989519796086384, 0.0, 0.35479985471022635, 1.3537518343134214, 6.328000000000001
7.915831663326653E-4, 0.20048700461806962, 1.889765606852665E-4, 1.3424047650607807, -0.0018035548303229918, 0.0, 5.2676441523071334E-5, -0.0017508783887998753, -8.544791092115343, 0.0, 0.6385578216340879, -7.906233270486331, 0.999010656540384, 0.0, 0.35981192144384166, 1.358822577978911, 6.328000000000002
7.973947895791583E-4, 0.20195678488680033, 1.903639835358672E-4, 1.3467466732256292, -0.001815404951343114, 0.0, 5.356775486147782E-5, -0.0017618371964815977, -8.537422835888169, 0.0, 0.6463067294654204, -7.891116106427744, 0.999070977822482, 0.0, 0.36491024959303475, 1.3639812274103191, 6.328000000000001
8.032064128256514E-4, 0.20342649848296848, 1.917514063864679E-4, 1.3512270461253517, -0.0018272448850487235, 0.0, 5.446988990895366E-5, -0.0017727749951397386, -8.530105761911802, 0.0, 0.6541571218584759, -7.875948640058263, 0.9991327426860652, 0.0, 0.3700919828567228, 1.3692247255376884, 6.328000000000002
8.090180360721442E-4, 0.20489614519025928, 1.9313882923706856E-4, 1.3558444289503393, -0.0018390747020538558, 0.0, 5.5382985660769474E-5, -0.0017836917163930603, -8.522839299915935, 0.0, 0.6621063736405636, -7.86073292628023, 0.9991957528930497, 0.0, 0.3753541660210925, 1.374549918909149, 6.328000000000001
8.148296593186372E-4, 0.20636572484662466, 1.9452625208766925E-4, 1.360597103144482, -0.0018508944721918547, 0.0, 5.630717738516755E-5, -0.001794587294806668, -8.515622894642071, 0.0, 0.6701517384679306, -7.845471156178927, 0.9992598131052188, 0.0, 0.3806937512766132, 1.3799535643769478, 6.328
8.206412825651302E-4, 0.20783523734375087, 1.9591367493826997E-4, 1.3654830924575805, -0.001862704264535591, 0.0, 5.72425964597442E-5, -0.0018054616680758348, -8.508456004965355, 0.0, 0.678290355328577, -7.8301656496415015, 0.9993247312313739, 0.0, 0.38610760454417853, 1.3854323357707663, 6.328000000000001
8.264529058116233E-4, 0.20930468262643628, 1.9730109778887066E-4, 1.370500169401348, -0.0018745041474164835, 0.0, 5.818937021690122E-5, -0.0018163147771995782, -8.501338103054495, 0.0, 0.6865192550852727, -7.814818847973868, 0.9993903187526949, 0.0, 0.39159251180293736, 1.3909828305509662, 6.328000000000002
8.322645290581162E-4, 0.21077406069188084, 1.9868852063947135E-4, 1.375645862090304, -0.0018862941884423808, 0.0, 5.914762179837806E-5, -0.001827146566644004, -8.494268673568675, 0.0, 0.694835367050017, -7.7994333065232455, 0.9994563910269821, 0.0, 0.3971451854128811, 1.3966015764352824, 6.328
8.380761523046092E-4, 0.21224337158888912, 2.0007594349007204E-4, 1.3809174614477588, -0.001898074454514355, 0.0, 6.011747001893856E-5, -0.0018379569844954246, -8.487247212890543, 0.0, 0.7032355255805067, -7.784011687314543, 0.9995227675720978, 0.0, 0.40276227042416335, 1.402285037991794, 6.328000000000003
8.438877755511023E-4, 0.21371261541698877, 2.0146336634067273E-4, 1.3863120287619046, -0.0019098450118424579, 0.0, 6.109902923921696E-5, -0.0018487459826032548, -8.480273228394218, 0.0, 0.7117164766910841, -7.768556751707559, 0.9995892723292481, 0.0, 0.4084403508673001, 1.408029623192192, 6.328000000000001
8.496993987975952E-4, 0.21518179232546847, 2.0285078919127342E-4, 1.3918264035697343, -0.0019216059259604763, 0.0, 6.209240924772653E-5, -0.00185951351671277, -8.473346237747494, 0.0, 0.7202748846692829, -7.753071353082602, 0.999655733906373, 0.0, 0.41417595601696233, 1.4138316899190453, 6.328000000000001
8.555110220440882E-4, 0.2166509025123352, 2.042382120418741E-4, 1.3974572118515614, -0.0019333572617397576, 0.0, 6.309771515207197E-5, -0.001870259546587712, -8.466465768247124, 0.0, 0.7289073386899606, -7.737558429561479, 0.9997219858023922, 0.0, 0.41996556662266843, 1.4196875524208756, 6.328
8.61322645290581E-4, 0.2181199462231951, 2.0562563489247477E-4, 1.4032008745177607, -0.0019450990834021175, 0.0, 6.411504727930828E-5, -0.0018809840361228422, -8.459631356186375, 0.0, 0.7376103594194524, -7.722020996771156, 0.9997878666125912, 0.0, 0.4258056211005404, 1.4255934877090572, 6.328000000000002
8.671342685370741E-4, 0.21958892375005973, 2.0701305774307546E-4, 1.4090536161688647, -0.0019568314545319104, 0.0, 6.514450108546994E-5, -0.0018916869534464792, -8.452842546253931, 0.0, 0.746380405602349, -7.7064621406557885, 0.9998532202157361, 0.0, 0.43169252167996874, 1.431545741891685, 6.328000000000002
8.729458917835671E-4, 0.2210578354300798, 2.0840048059367618E-4, 1.415011474107542, -0.001968554438087271, 0.0, 6.618616707421222E-5, -0.0019023682710131034, -8.446098890963158, 0.0, 0.7552138806225532, -7.690885010344769, 0.999917895943453, 0.0, 0.437622640498414, 1.4375405364379188, 6.328000000000003
8.787575150300601E-4, 0.22252668164420983, 2.0978790344427687E-4, 1.421070307588897, -0.0019802680964105942, 0.0, 6.724013072453616E-5, -0.0019130279656861089, -8.439399950110968, 0.0, 0.7641071390329013, -7.675292811082116, 0.9999817487322449, 0.0, 0.44359232563997253, 1.4435740743684096, 6.328000000000001
8.845691382765532E-4, 0.22399546281580557, 2.1117532629487756E-4, 1.4272258072850936, -0.001991972491238286, 0.0, 6.830647242754167E-5, -0.0019236660188107983, -8.432745290265297, 0.0, 0.7730564930453843, -7.659688797223879, 1.0000446392587978, 0.0, 0.4495979071111499, 1.4496425463662357, 6.328000000000001
8.903807615230461E-4, 0.22546417940915697, 2.1256274914547825E-4, 1.4334735049480898, -0.0020036676837098073, 0.0, 6.938526743216914E-5, -0.0019342824162776997, -8.426134484280457, 0.0, 0.7820582189755052, -7.6440762653088745, 1.0001064340588806, 0.0, 0.4556357027486297, 1.455742136803877, 6.328000000000001
8.961923847695391E-4, 0.2269328319279598, 2.1395017199607894E-4, 1.4398087832523638, -0.002015353734376088, 0.0, 7.047658579982524E-5, -0.001944877148576329, -8.419567110839346, 0.0, 0.7911085636343911, -7.628458547208845, 1.000167005630647, 0.0, 0.4617020240541525, 1.4618690296812196, 6.328000000000002
9.02004008016032E-4, 0.22840142091372753, 2.1533759484667963E-4, 1.4462268857973748, -0.002027030703207301, 0.0, 7.158049236785603E-5, -0.001955450210839517, -8.413042754021932, 0.0, 0.8002037506623004, -7.612839003363405, 1.000226232522414, 0.0, 0.46779318195124314, 1.4680194144702168, 6.328000000000002
9.07815631262525E-4, 0.22986994694414795, 2.167250176972803E-4, 1.4527229272521254, -0.002038698649600075, 0.0, 7.269704672175689E-5, -0.001966001602878395, -8.406561002898915, 0.0, 0.8093399867975595, -7.597221016105105, 1.0002839994058579, 0.0, 0.4739054924592108, 1.474189491861675, 6.328000000000002
9.13627254509018E-4, 0.23133841063138524, 2.1811244054788101E-4, 1.4592919036244887, -0.0020503576323841425, 0.0, 7.382630317602342E-5, -0.0019765313292082016, -8.400121451149996, 0.0, 0.8185134680746348, -7.581607983079113, 1.0003401971347519, 0.0, 0.4800352822793741, 1.4803754794107513, 6.328000000000002
9.19438877755511E-4, 0.23280681262033193, 2.194998633984817E-4, 1.4659287026353782, -0.002062007709828487, 0.0, 7.49683107635624E-5, -0.0019870393990650114, -8.393723696705889, 0.0, 0.8277203859463451, -7.566003310763203, 1.0003947227899008, 0.0, 0.4861788942896312, 1.4865736170762682, 6.328000000000002
9.25250501002004E-4, 0.23427515358681264, 2.208872862490824E-4, 1.4726281141815356, -0.002073648939647006, 0.0, 7.612311323353121E-5, -0.001997525826413566, -8.387367341413198, 0.0, 0.836956933324224, -7.550410408092574, 1.0004474797108496, 0.0, 0.49233269294267773, 1.4927801726503407, 6.328000000000002
9.31062124248497E-4, 0.2357434342357428, 2.2227470909968309E-4, 1.4793848408674979, -0.0020852813790037273, 0.0, 7.729074905751443E-5, -0.002007990629946309, -8.381051990721579, 0.0, 0.8462193105315156, -7.534832680193575, 1.000498377514626, 0.0, 0.49849306956339895, 1.4989914470749452, 6.328
9.3687374749499E-4, 0.23721165529924504, 2.2366213195028378E-4, 1.4861935085905043, -0.0020969050845175943, 0.0, 7.847125144385989E-5, -0.0020184338330738356, -8.374777253392313, 0.0, 0.8555037311648203, -7.519273522230937, 1.0005473321021128, 0.0, 0.5046564475428316, 1.5052037796419533, 6.328000000000002
9.426853707414829E-4, 0.23867981753472597, 2.2504955480088447E-4, 1.4930486771622147, -0.0021085201122668824, 0.0, 7.966464836012389E-5, -0.0020288554639068647, -8.368542741227575, 0.0, 0.8648064278581941, -7.503736313372741, 1.0005942656526337, 0.0, 0.510819287423243, 1.5114135530729886, 6.328000000000002
9.48496993987976E-4, 0.2401479217229171, 2.2643697765148516E-4, 1.4999448509445394, -0.002120126517793234, 0.0, 8.087096256342719E-5, -0.002039255555229916, -8.36234806881973, 0.0, 0.8741236579458016, -7.488224410877219, 1.0006391066069527, 0.0, 0.5169780918717936, 1.5176171984759372, 6.328000000000001
9.543086172344688E-4, 0.24161596866588103, 2.2782440050208582E-4, 1.506876489492678, -0.0021317243561053655, 0.0, 8.20902116385714E-5, -0.0020496341444669105, -8.356192853319879, 0.0, 0.8834517090185917, -7.472741144304591, 1.0006817896393967, 0.0, 0.5231294105393303, 1.5238112001759352, 6.328000000000001
9.601202404809618E-4, 0.24308395918498774, 2.292118233526865E-4, 1.5138380181774609, -0.002143313681682477, 0.0, 8.332240804382892E-5, -0.0020599912736387685, -8.35007671422501, 0.0, 0.892786904370064, -7.457289809858197, 1.0007222556194744, 0.0, 0.5292698448001424, 1.5299921004168902, 6.328000000000003
9.659318637274549E-4, 0.24455189411886255, 2.3059924620328723E-4, 1.5208238387794155, -0.0021548945484773582, 0.0, 8.456755916417589E-5, -0.0020703269893133057, -8.343999273183101, 0.0, 0.9021256083282012, -7.441873664858074, 1.0007604515632997, 0.0, 0.5353960523710909, 1.5361565039317522, 6.328000000000001
9.717434869739479E-4, 0.24601977432130914, 2.3198666905388792E-4, 1.5278283400349744, -0.002166467009919257, 0.0, 8.582566737187342E-5, -0.0020806413425475128, -8.337960153815315, 0.0, 0.911464231467987, -7.426495922350482, 1.0007963305756493, 0.0, 0.5415047518052265, 1.5423010823782797, 6.328000000000001
9.775551102204408E-4, 0.24748760065921072, 2.333740919044886E-4, 1.5348459081193189, -0.0021780311189164977, 0.0, 8.709673009414558E-5, -0.002090934388822485, -8.331958981554951, 0.0, 0.9207992357024934, -7.411159745855514, 1.0008298517825778, 0.0, 0.5475927268592108, 1.5484225786393029, 6.328000000000002
9.83366733466934E-4, 0.24895537401041196, 2.347615147550893E-4, 1.541870937051217, -0.0021895869278588933, 0.0, 8.838073988790243E-5, -0.0021012061879711274, -8.325995383502226, 0.0, 0.9301271392475813, -7.395868244257594, 1.0008609802554351, 0.0, 0.5536568307300034, 1.5545178109830715, 6.328000000000001
9.891783567134269E-4, 0.25042309526158374, 2.3614893760569E-4, 1.5488978390042003, -0.0022011344886199687, 0.0, 8.96776845211981E-5, -0.0021114568040989127, -8.320068988294365, 0.0, 0.9394445214575796, -7.380624466839796, 1.0008896869265904, 0.0, 0.5596939901596683, 1.56058367708385, 6.328000000000002
9.949899799599198E-4, 0.25189076530607624, 2.3753636045629068E-4, 1.5559210545100277, -0.002212673852559011, 0.0, 9.098754706134524E-5, -0.002121686305497813, -8.314179425990458, 0.0, 0.9487480275281561, -7.36543139846515, 1.0009159484971337, 0.0, 0.5657012094049663, 1.5666171578998729, 6.328
0.0010008016032064127, 0.2533583850417599, 2.3892378330689137E-4, 1.562935062541196, -0.002224205070522969, 0.0, 9.231030596944508E-5, -0.0021318947645536726, -8.308326327970212, 0.0, 0.9580343730645127, -7.350291954908526, 1.000939747337309, 0.0, 0.5716755740709655, 1.5726153214060694, 6.328000000000001
0.0010066132264529059, 0.25482595536885944, 2.4031120615749206E-4, 1.5699343904548724, -0.002235728192848225, 0.0, 9.364593520117915E-5, -0.0021420822576472, -8.302509326846362, 0.0, 0.9673003485099434, -7.335208978339224, 1.000961071379686, 0.0, 0.5776142548044062, 1.5785753261819293, 6.328
0.0010124248496993988, 0.2562934771877824, 2.4169862900809275E-4, 1.5769136237895733, -0.0022472432693622503, 0.0, 9.499440431360964E-5, -0.0021522488650487976, -8.296728056389979, 0.0, 0.9765428234344303, -7.320185232958313, 1.0009799140056916, 0.0, 0.5835145108475644, 1.584494424851141, 6.328000000000001
0.0010182364729458917, 0.2577609513969472, 2.4308605185869344E-4, 1.5838674158970862, -0.0022587503493851696, 0.0, 9.635567857786048E-5, -0.0021623946708074692, -8.290982151467965, 0.0, 0.985758750679167, -7.305223400791476, 1.0009962739259648, 0.0, 0.5893736934490126, 1.590369967372958, 6.328000000000001
0.0010240480961923846, 0.2592283788906102, 2.444734747092941E-4, 1.5907904974017786, -0.0022702494817312424, 0.0, 9.772971909745656E-5, -0.002172519762633953, -8.285271247992373, 0.0, 0.9949451703547507, -7.2903260776403105, 1.0010101550548034, 0.0, 0.59518924912989, 1.5961994041826884, 6.328000000000003
0.0010298597194388778, 0.2606957605566973, 2.458608975598948E-4, 1.5976776854674504, -0.0022817407147102866, 0.0, 9.911648293206327E-5, -0.002182624231778392, -8.279594982881054, 0.0, 1.0040992136914908, -7.275495769192151, 1.0010215663789812, 0.0, 0.6009587228051056, 1.6019802891821848, 6.328000000000001
0.0010356713426853707, 0.26216309727464193, 2.472483204104955E-4, 1.6045238928700662, -0.0022932240961290526, 0.0, 1.0051592322652803E-4, -0.002192708172902695, -8.273952994028786, 0.0, 1.0132181067398982, -7.2607348872914415, 1.0010305218216482, 0.0, 0.6066797607578271, 1.6077102825776106, 6.328000000000003
0.0010414829659318636, 0.26363038991323245, 2.486357432610962E-4, 1.6113241368547984, -0.002304699673292563, 0.0, 1.0192798934487306E-4, -0.0022027716839478646, -8.268344920288818, 0.0, 1.0222991739178369, -7.246045746373537, 1.0010370401011754, 0.0, 0.6123501134650244, 1.613387153564346, 6.328
0.0010472945891783565, 0.2650976393284704, 2.5002316611169687E-4, 1.6180735477710826, -0.002316167493005436, 0.0, 1.0335262700917804E-4, -0.0022128148659964365, -8.262770401463792, 0.0, 1.0313398414049155, -7.231430560061319, 1.0010411445858927, 0.0, 0.6179676382747236, 1.6190087828588893, 6.328000000000001
0.0010531062124248495, 0.2665648463614447, 2.5141058896229753E-4, 1.6247673774783888, -0.002327627601573206, 0.0, 1.04789778443024E-4, -0.002222837823130365, -8.257229078306006, 0.0, 1.04033764038099, -7.216891437927444, 1.001042863144581, 0.0, 0.6235303019329717, 1.624573165075852, 6.328000000000002
0.0010589178356713426, 0.2680320118362219, 2.5279801181289825E-4, 1.631401007502152, -0.002339080044803637, 0.0, 1.0623938251930837E-4, -0.002232840662284517, -8.251720592526208, 0.0, 1.0492902101075707, -7.2024303824210305, 1.0010422279933, 0.0, 0.6290361829598468, 1.6300784109515003, 6.328000000000002
0.0010647294589178357, 0.26949913655775704, 2.5418543466349897E-4, 1.6379699569420012, -0.0023505248680080713, 0.0, 1.0770137491228965E-4, -0.0022428234930959735, -8.246244586810697, 0.0, 1.0581953008512726, -7.188049285961846, 1.0010392755388178, 0.0, 0.634483473873975, 1.6355227494111253, 6.328000000000002
0.0010705410821643284, 0.270966221309827, 2.5557285751409963E-4, 1.6444698901166956, -0.0023619621160027963, 0.0, 1.0917568825347907E-4, -0.0022527864277495056, -8.240800704845991, 0.0, 1.067050776648277, -7.173749928199974, 1.0010340462190332, 0.0, 0.6398704832657689, 1.6409045294832805, 6.328000000000002
0.0010763527054108216, 0.27243326685298863, 2.5696028036470035E-4, 1.6508966239340026, -0.002373391833110454, 0.0, 1.1066225229135817E-4, -0.0022627295808192913, -8.235388591350821, 0.0, 1.075854617908348, -7.15953397344466, 1.0010265843406514, 0.0, 0.6451956377177259, 1.6462222220569513, 6.328000000000002
0.0010821643286573145, 0.2739002739225643, 2.58347703215301E-4, 1.6572461349835044, -0.0023848140631614998, 0.0, 1.1216099405452165E-4, -0.002272653069107172, -8.230007892114948, 0.0, 1.084604923857117, -7.1454029682600675, 1.0010169379144127, 0.0, 0.6504574835717691, 1.6514744214846955, 6.328000000000004
0.0010879759519038077, 0.27536724322665823, 2.5973512606590173E-4, 1.6635145663429178, -0.0023962288494957153, 0.0, 1.1367183801816706E-4, -0.002282557011477754, -8.224658254044225, 0.0, 1.0932999148173557, -7.131358339228941, 1.0010051584883084, 0.0, 0.6556546885443199, 1.6566598470313496, 6.328000000000002
0.0010937875751503004, 0.2768341754442047, 2.611225489165024E-4, 1.669698234083702, -0.002407636234963798, 0.0, 1.1519470627351725E-4, -0.002292441528690478, -8.219339325211843, 0.0, 1.1019379343285112, -7.117401390885473, 1.0009913009788258, 0.0, 0.6607860431896408, 1.6617773441670811, 6.328000000000001
0.0010995991983967935, 0.2783010712230521, 2.625099717671031E-4, 1.6757936334788912, -0.002419036261929016, 0.0, 1.167295187002555E-4, -0.0023023067432289676, -8.214050754914766, 0.0, 1.1105174511013307, -7.103533303815452, 1.000975423500913, 0.0, 0.665850462207602, 1.6668258857072868, 6.328000000000004
0.0011054108216432864, 0.27976793117808246, 2.638973946177038E-4, 1.6817974448994935, -0.0024304289722689477, 0.0, 1.1827619314136093E-4, -0.0023121527791277966, -8.208792193735674, 0.0, 1.1190370608122187, -7.0897551329253705, 1.0009575871964187, 0.0, 0.6708469856024869, 1.6718045727977855, 6.328000000000001
0.0011112224448897796, 0.2812347558893735, 2.652848174683045E-4, 1.6877065393960828, -0.002441814407377313, 0.0, 1.1983464558046743E-4, -0.002321979761797058, -8.20356329360923, 0.0, 1.1274954877323677, -7.076067805878744, 1.0009378560619284, 0.0, 0.6757747796870046, 1.6767126357478532, 6.328000000000001
0.0011170340681362725, 0.2827015459003994, 2.6667224031890515E-4, 1.6935179839573955, -0.0024531926081658904, 0.0, 1.2140479032128099E-4, -0.0023317878178448206, -8.198363707893163, 0.0, 1.1358915861947954, -7.062472121700277, 1.0009162967754606, 0.0, 0.6806331379360013, 1.6815494347103441, 6.328000000000002
0.0011228456913827654, 0.2841683017162791, 2.6805966316950587E-4, 1.6992290464428588, -0.0024645636150665614, 0.0, 1.2298654016900634E-4, -0.0023415770748977742, -8.193193091442796, 0.0, 1.1442243418977205, -7.048968749546977, 1.0008929785233145, 0.0, 0.6854214816880644, 1.6863144602102946, 6.328000000000002
0.0011286573146292583, 0.28563502380206796, 2.6944708602010654E-4, 1.7048372001880256, -0.0024759274680334164, 0.0, 1.2457980661334387E-4, -0.0023513476614202894, -8.188051100689615, 0.0, 1.1524928730460398, -7.035558227645423, 1.000867972826211, 0.0, 0.6901393606979882, 1.6910073335231546, 6.328000000000003
0.0011344689378757513, 0.28710171258109907, 2.708345088707072E-4, 1.7103401282671196, -0.0024872842065450217, 0.0, 1.2618450001309386E-4, -0.0023610997065321524, -8.182937393722991, 0.0, 1.1606964313296417, -7.022240962395176, 1.0008413533657625, 0.0, 0.6947864535382494, 1.6956278069030144, 6.328
0.0011402805611222444, 0.2885683684333765, 2.722219317213079E-4, 1.7157357274199239, -0.0024986338696067656, 0.0, 1.2780052978189318E-4, -0.0023708333398250966, -8.177851630374533, 0.0, 1.168834402739693, -7.009017227636617, 1.0008131958114275, 0.0, 0.6993625678519323, 1.7001757636624062, 6.328000000000003
0.001146092184368737, 0.29003499169401853, 2.736093545719086E-4, 1.721022111636859, -0.0025099764957533326, 0.0, 1.2942780457506973E-4, -0.0023805486911784874, -8.1727934723055, 0.0, 1.1769063082249294, -6.9958871640823075, 1.0007835776475693, 0.0, 0.7038676404587139, 1.7046512181053672, 6.328000000000001
0.0011519038076152302, 0.2915015826517575, 2.749967774225093E-4, 1.726197615394884, -0.0025213121230513134, 0.0, 1.31066232477201E-4, -0.0023902458905743413, -8.167762583096033, 0.0, 1.1849118041857374, -6.982850778911997, 1.0007525780017659, 0.0, 0.7083017373127396, 1.7090543153136357, 6.328000000000002
0.0011577154308617232, 0.2929681415474952, 2.7638420027310996E-4, 1.7312607965451385, -0.002532640789101929, 0.0, 1.3271572119032062E-4, -0.0023999250679118404, -8.162758628336626, 0.0, 1.1928506828096421, -6.969907945528706, 1.0007202774738035, 0.0, 0.712665053315709, 1.7133853307886309, 6.328000000000001
0.0011635270541082163, 0.29443466857291656, 2.777716231237107E-4, 1.7362104388555482, -0.0025439625310438732, 0.0, 1.3437617822243856E-4, -0.0024095863528216643, -8.157781275721103, 0.0, 1.2007228722479146, -6.957058403474853, 1.000686757965954, 0.0, 0.7169579119856071, 1.7176446699507235, 6.328000000000002
0.0011693386773547094, 0.2959011638691645, 2.791590459743114E-4, 1.7410455541895082, -0.002555277385556311, 0.0, 1.360475110762417E-4, -0.0024192298744803004, -8.152830195140876, 0.0, 1.2085284366345215, -6.944301758507972, 1.0006521025148154, 0.0, 0.7211807649822801, 1.7218328674963055, 6.328000000000001
0.0011751503006012022, 0.29736762752557466, 2.8054646882491206E-4, 1.745765384345308, -0.002566585388861982, 0.0, 1.3772962743764544E-4, -0.002428855761424581, -8.1479050587804, 0.0, 1.2162675759483574, -6.931637482833494, 1.0006163951245406, 0.0, 0.7253341914914604, 1.725950586615422, 6.328000000000003
0.0011809619238476953, 0.2988340595784761, 2.819338916755128E-4, 1.7503694025291674, -0.002577886576730458, 0.0, 1.3942243536407516E-4, -0.002438464141366622, -8.143005541213327, 0.0, 1.2239406257214782, -6.919064915493401, 1.0005797206020017, 0.0, 0.7294188974698739, 1.729998618071171, 6.328000000000002
0.0011867735470941882, 0.3003004600100547, 2.8332131452611344E-4, 1.7548573144797874, -0.0025891809844815167, 0.0, 1.4112584347232042E-4, -0.0024480551410094443, -8.138131319499157, 0.0, 1.2315480565913894, -6.906583262909141, 1.0005421643938952, 0.0, 0.7334357147495157, 1.7339778791429126, 6.328000000000002
0.0011925851703406814, 0.301766828747286, 2.8470873737671416E-4, 1.75922905924085, -0.002600468646988666, 0.0, 1.428397611254815E-4, -0.002457628885863428, -8.133282073280231, 0.0, 1.2390904737045383, -6.894191599577132, 1.0005038124259713, 0.0, 0.7373856000094182, 1.7378894124348057, 6.328000000000002
0.001198396793587174, 0.3032331656609334, 2.860961602273148E-4, 1.7634848095715272, -0.002611749598682781, 0.0, 1.4456409861916242E-4, -0.002467185500063864, -8.128457484878474, 0.0, 1.2465686159662848, -6.881888868913488, 1.00046475094476, 0.0, 0.7412696336090925, 1.7417343845534115, 6.328000000000002
0.0012042084168336672, 0.3046994705646179, 2.8748358307791554E-4, 1.7676249720159811, -0.002623023873555908, 0.0, 1.462987673664248E-4, -0.002476725106189735, -8.12365723939227, 0.0, 1.2539833551428288, -6.869673884250756, 1.000425066361518, 0.0, 0.7450890182902997, 1.7455140846513775, 6.328000000000002
0.0012100200400801601, 0.3061657432139587, 2.888710059285162E-4, 1.7716501866049388, -0.0026342915051651636, 0.0, 1.480436800813812E-4, -0.0024862478250840337, -8.118881024792527, 0.0, 1.261335694818316, -6.857545329975477, 1.000384845099043, 0.0, 0.7488450777502398, 1.7492299228488866, 6.328000000000002
0.0012158316633266533, 0.3076319833057848, 2.902584287791169E-4, 1.7755613262301573, -0.0026455525266368047, 0.0, 1.4979875096135203E-4, -0.0024957537756757145, -8.11412853201819, 0.0, 1.2686267692027589, -6.845501762816752, 1.0003441734412506, 0.0, 0.752539255081517, 1.7528834285223494, 6.328000000000002
0.0012216432865731464, 0.3090981904774219, 2.9164585162971764E-4, 1.7793594956489525, -0.0026568069706704, 0.0, 1.515638958670735E-4, -0.002505243074803581, -8.109399455070843, 0.0, 1.2758578418010411, -6.833541613270938, 1.0003031373855775, 0.0, 0.7561731110903724, 1.756476248475688, 6.328000000000002
0.001227454909819639, 0.31056436430605255, 2.9303327448031825E-4, 1.7830460301597064, -0.0026680548695431423, 0.0, 1.5333903250122687E-4, -0.0025147158370421724, -8.104693491108097, 0.0, 1.2830303039390907, -6.821663187170342, 1.000261822498595, 0.0, 0.7597483224877793, 1.7600101449859165, 6.328000000000003
0.001233266533066132, 0.3120305043081525, 2.9442069733091896E-4, 1.786622493931283, -0.00267929625511431, 0.0, 1.5512408058454075E-4, -0.0025241721745300266, -8.100010340535762, 0.0, 1.2901456731500935, -6.809864667386718, 1.0002203137747625, 0.0, 0.7632666799582988, 1.763486993732886, 6.328000000000001
0.001239078156312625, 0.3134966099390044, 2.9580812018151963E-4, 1.7900906779914285, -0.0026905311588298103, 0.0, 1.569189620297767E-4, -0.002533612196800295, -8.09534970709837, 0.0, 1.2972055914274876, -6.798144115672026, 1.000178695498533, 0.0, 0.7667300861117953, 1.766908781610069, 6.328000000000002
0.001244889779559118, 0.31496268059228855, 2.9719554303212034E-4, 1.793452597886482, -0.0027017596117268885, 0.0, 1.5872360111305928E-4, -0.00254303601061409, -8.090711297968218, 0.0, 1.3042118233409772, -6.7864994746282425, 1.0001370511097734, 0.0, 0.7701405533155561, 1.770277604425205, 6.328000000000002
0.001250701402805611, 0.31642871559975183, 2.98582965882721E-4, 1.796710491006543, -0.0027129816444389546, 0.0, 1.6053792464266187E-4, -0.0025524437197965463, -8.086094823832097, 0.0, 1.3111662540214002, -6.774928569811782, 1.0000954630731962, 0.0, 0.7735002014116917, 1.7735956644846524, 6.328000000000003
0.001256513026052104, 0.31789471423095783, 2.999703887333217E-4, 1.7998668135889284, -0.0027241972872004846, 0.0, 1.6236186212464603E-4, -0.002561835425076093, -8.08149999897664, 0.0, 1.3180708870191522, -6.763429111958556, 1.0000540127506232, 0.0, 0.7768112553260114, 1.776865268076415, 6.328000000000003
0.0012623246492985969, 0.31936067569311466, 3.013578115839224E-4, 1.802924237401065, -0.002735406569852119, 0.0, 1.6419534592580247E-4, -0.002571211223926592, -8.076926541370623, 0.0, 1.324927842031054, -6.75199869934054, 1.0000127802781216, 0.0, 0.780076042561183, 1.7800888228392486, 6.328000000000002
0.00126813627254509, 0.32082659913098643, 3.027452344345231E-4, 1.805885646102583, -0.0027466095218457802, 0.0, 1.6603831143287645E-4, -0.002580571210413156, -8.072374172745905, 0.0, 1.3317393525105992, -6.7406348202364, 0.9999718444456865, 0.0, 0.7832969905919784, 1.7832688350374017, 6.328000000000001
0.0012739478957915832, 0.32229248362688284, 3.041326572851238E-4, 1.808754131311126, -0.002757806172249987, 0.0, 1.6789069720898333E-4, -0.002589915475041274, -8.06784261867473, 0.0, 1.3385077631481925, -6.7293348555274015, 0.9999312825822733, 0.0, 0.7864766241456288, 1.7864079067279268, 6.328000000000002
0.0012797595190380759, 0.3237583282007336, 3.055200801357245E-4, 1.811532988349402, -0.002768996549755208, 0.0, 1.697524451458656E-4, -0.0025992441046096093, -8.063331608645509, 0.0, 1.3452355272429566, -6.718096081403453, 0.9998911704435353, 0.0, 0.7896175623928078, 1.7895087328363144, 6.328000000000001
0.001285571142284569, 0.32522413181024334, 3.069075029863252E-4, 1.8142257117083052, -0.0027801806826793654, 0.0, 1.7162350061284041E-4, -0.002608557182066798, -8.058840876134925, 0.0, 1.3519252039504561, -6.706915672185421, 0.9998515821046553, 0.0, 0.7927225160302218, 1.7925740981348128, 6.328000000000003
0.001291382765531062, 0.326689893351131, 3.0829492583692587E-4, 1.8168359902105635, -0.002791358598973403, 0.0, 1.7350381260160093E-4, -0.002617854786372076, -8.054370158677681, 0.0, 1.3585794554254003, -6.695790703253137, 0.99981258985677, 0.0, 0.7957942842760812, 1.795606874132885, 6.328000000000002
0.001297194388777555, 0.32815561165744955, 3.096823486875266E-4, 1.8193677019026833, -0.002802530326226965, 0.0, 1.7539333386714756E-4, -0.002627136992360088, -8.049919197933026, 0.0, 1.3652010438500837, -6.684718154083621, 0.9997742641078263, 0.0, 0.7988357517677713, 1.798610015875792, 6.328000000000002
0.001303006012024048, 0.32962128550199105, 3.1106977153812725E-4, 1.8218249086585008, -0.0028136958916741717, 0.0, 1.7729202106440408E-4, -0.0026364038706100396, -8.045487739748172, 0.0, 1.3717928283588614, -6.673694911390112, 0.9997366732877363, 0.0, 0.801849885372922, 1.8015865586607316, 6.328000000000001
0.001308817635270541, 0.3310869135967754, 3.1245719438872797E-4, 1.8242118505187914, -0.0028248553221994644, 0.0, 1.7919983488056171E-4, -0.002645655487319184, -8.041075534218576, 0.0, 1.378357761860688, -6.6627177723587065, 0.9996998837577575, 0.0, 0.8048397309152421, 1.8045396146730797, 6.328000000000002
0.001314629258517034, 0.3325524945936208, 3.138446172393287E-4, 1.82653293978235, -0.0028360086443435417, 0.0, 1.8111674016287423E-4, -0.0026548919041809354, -8.036682335744786, 0.0, 1.384898887759309, -6.651783447986261, 0.9996639597243662, 0.0, 0.8078084098150595, 1.807472369539495, 6.328000000000002
0.001320440881763527, 0.3340180270847985, 3.1523204008992935E-4, 1.8287927548227838, -0.002847155884309365, 0.0, 1.8304270604194118E-4, -0.0026641131782676967, -8.032307903086004, 0.0, 1.3914193365800394, -6.640888566506779, 0.9996289631574429, 0.0, 0.8107591156528684, 1.810388078810362, 6.328000000000001
0.00132625250501002, 0.33548350960377077, 3.1661946294053E-4, 1.8309960336894182, -0.002858297067968254, 0.0, 1.8497770605017337E-4, -0.0026733193619183494, -8.027951999409858, 0.0, 1.3979223225004922, -6.630029676910083, 0.9995949537132406, 0.0, 0.8136951106537039, 1.8132900643670766, 6.328000000000002
0.0013320641282565126, 0.33694894062601255, 3.180068857911307E-4, 1.8331476674443632, -0.0028694322208660202, 0.0, 1.8692171823536143E-4, -0.0026825105026309476, -8.023614392339239, 0.0, 1.4044111397955306, -6.6192032525443505, 0.9995619886611552, 0.0, 0.816619722102352, 1.8161817107637743, 6.328000000000003
0.0013378757515030057, 0.3384143185699149, 3.193943086417314E-4, 1.835252693299708, -0.0028805613682291865, 0.0, 1.888747252692854E-4, -0.00269168664296018, -8.019294853994587, 0.0, 1.4108891591919595, -6.608405694803083, 0.9995301228159681, 0.0, 0.8195363386846019, 1.819066461500987, 6.328000000000002
0.0013436873747494987, 0.3398796417977724, 3.2078173149233206E-4, 1.8373162875226718, -0.0028916845349712503, 0.0, 1.9083671455129373E-4, -0.002700847820420231, -8.01499316103361, 0.0, 1.4173598241448104, -6.5976333368896505, 0.999499408473493, 0.0, 0.8224484067661202, 1.8219478152396171, 6.328000000000001
0.0013494989979959918, 0.34134490861685135, 3.221691543429328E-4, 1.8393437581398473, -0.0029028017456990225, 0.0, 1.928076783065075E-4, -0.002709994067392801, -8.010709094685916, 0.0, 1.4238266470288254, -6.586882447657621, 0.9994698953521433, 0.0, 0.8253594266031435, 1.8248293219556437, 6.328000000000002
0.001355310621242485, 0.34281011728054017, 3.235565771935335E-4, 1.8413405374422638, -0.0029139130247189528, 0.0, 1.9478761367872365E-4, -0.0027191254110405043, -8.006442440785168, 0.0, 1.430293205263011, -6.576149235522869, 0.999441630537579, 0.0, 0.8282729485021277, 1.8277145790398466, 6.328
0.0013611222444889777, 0.34427526598958275, 3.2494400004413415E-4, 1.843312174302035, -0.0029250183960435844, 0.0, 1.9677652281802841E-4, -0.0027282418732258334, -8.002192989796447, 0.0, 1.4367631373539569, -6.565429852443086, 0.9994146584331127, 0.0, 0.8311925689135425, 1.8306072273469127, 6.328
0.0013669338677354708, 0.3457403528933889, 3.2633142289473487E-4, 1.8452643263269657, -0.002936117883397955, 0.0, 1.987744129626771E-4, -0.002737343470435561, -7.997960536840124, 0.0, 1.443240138879059, -6.554720397961409, 0.9993890207140126, 0.0, 0.8341219264818543, 1.8335109471963902, 6.328000000000003
0.0013727454909819637, 0.3472053760914276, 3.2771884574533554E-4, 1.847202751820376, -0.0029472115102261057, 0.0, 2.0078129651547924E-4, -0.002746430213710903, -7.993744881711721, 0.0, 1.4497279583997755, -6.544016923312397, 0.9993647562867324, 0.0, 0.8370646980406117, 1.8364294543277353, 6.328000000000001
0.0013785571142284569, 0.3486703336346979, 3.2910626859593625E-4, 1.8491333016023752, -0.0029582992996975443, 0.0, 2.0279719111450405E-4, -0.0027555021085833163, -7.989545828897815, 0.0, 1.4562303933181104, -6.53331543558023, 0.9993419012524342, 0.0, 0.8400245945659437, 1.8393664958186933, 6.328000000000003
0.0013843687374749498, 0.3501352235272788, 3.304936914465369E-4, 1.8510619106976485, -0.0029693812747138, 0.0, 2.0482211969782122E-4, -0.0027645591550162643, -7.985363187588138, 0.0, 1.4627512856735194, -6.5226119019150985, 0.9993204888751644, 0.0, 0.8430053570860907, 1.8423258459616392, 6.328000000000001
0.0013901803607214427, 0.351600043727956, 3.3188111429713763E-4, 1.8529945898576194, -0.002980457457914915, 0.0, 2.0685611056253618E-4, -0.002773601347352669, -7.98119677168343, 0.0, 1.4692945178897783, -6.511902253794111, 0.9993005495545334, 0.0, 0.8460107525552583, 1.8453113021102052, 6.328000000000001
0.0013959919839679356, 0.3530647921519241, 3.332685371477383E-4, 1.8549374169839687, -0.0029915278716860214, 0.0, 2.0889919741790897E-4, -0.0027826286742684047, -7.9770463997993, 0.0, 1.475864008469249, -6.501182391330755, 0.9992821108031685, 0.0, 0.849044569689453, 1.8483266804927938, 6.328000000000001
0.0014018036072144288, 0.35452946667256613, 3.34655959998339E-4, 1.8568965284336905, -0.0030025925381638534, 0.0, 2.109514194322742E-4, -0.002791641118731858, -7.9729118952664235, 0.0, 1.4824637076455225, -6.4904481876212, 0.9992651972280773, 0.0, 0.852110614775695, 1.851375812004306, 6.328000000000002
0.001407615230460922, 0.35599406512330567, 3.3604338284893973E-4, 1.8588781102127712, -0.0030136514792432983, 0.0, 2.1301282127410206E-4, -0.0028006386579694726, -7.968793086126482, 0.0, 1.4890975929947268, -6.479695493132063, 0.9992498305168522, 0.0, 0.8552127074534547, 1.8544625379708208, 6.328000000000001
0.0014134268537074146, 0.3574585852995308, 3.374308056995404E-4, 1.8608883890942387, -0.0030247047165839467, 0.0, 2.1508345314693027E-4, -0.002809621263437279, -7.964689805123702, 0.0, 1.4957696650030226, -6.468920140121175, 0.999236029428713, 0.0, 0.8583546764662386, 1.8575907058952346, 6.328000000000003
0.0014192384769539078, 0.3589230249605932, 3.388182285501411E-4, 1.8629336236539906, -0.003035752271616563, 0.0, 2.171633708178374E-4, -0.0028185889007989948, -7.960601889693678, 0.0, 1.5024839426141519, -6.458117947079977, 0.9992238097884476, 0.0, 0.8615403554077751, 1.8607641651965667, 6.328000000000004
0.0014250501002004005, 0.36038738183187297, 3.402056514007417E-4, 1.8650200952293652, -0.0030467941655496302, 0.0, 2.1925263564020342E-4, -0.0028275415299097058, -7.956529181946596, 0.0, 1.5092444587316762, -6.447284723215078, 0.9992131844866126, 0.0, 0.8647735784348142, 1.8639867629220883, 6.328000000000004
0.0014308617234468936, 0.3618516536069146, 3.4159307425134244E-4, 1.8671540988312785, -0.0030578304193757946, 0.0, 2.2135131456973696E-4, -0.0028364791048063375, -7.952471528647572, 0.0, 1.516055255710974, -6.4364162729368495, 0.999204163482703, 0.0, 0.8680581759842705, 1.8672623394675407, 6.328000000000001
0.0014366733466933865, 0.36331583794963107, 3.429804971019431E-4, 1.8693419340203548, -0.0030688610538783232, 0.0, 2.2345948017463233E-4, -0.0028454015737039667, -7.948428781192809, 0.0, 1.5229203808167273, -6.4255084003760485, 0.9991967538129735, 0.0, 0.8713979704675053, 1.8705947242813166, 6.328000000000001
0.0014424849699398795, 0.3647799324965706, 3.443679199525438E-4, 1.8715898957361432, -0.0030798860896374953, 0.0, 2.2557721063908248E-4, -0.0028543088789986927, -7.944400795581922, 0.0, 1.529843881676007, -6.414556913905882, 0.9991909596022543, 0.0, 0.8747967719737776, 1.8739877315768783, 6.328000000000004
0.0014482965931863724, 0.3662439348592501, 3.457553428031445E-4, 1.873904265110781, -0.003090905547036983, 0.0, 2.277045897606095E-4, -0.002863200957276654, -7.940387432385996, 0.0, 1.536829801707163, -6.403557630679316, 0.9991867820804091, 0.0, 0.8782583739613513, 1.8774451560420884, 6.328000000000002
0.0014541082164328655, 0.36770784262654926, 3.471427656537452E-4, 1.8762913002792132, -0.0031019194462701587, 0.0, 2.298417069411824E-4, -0.0028720777393292482, -7.936388556712332, 0.0, 1.5438821755458627, -6.392506381166717, 0.9991842196022498, 0.0, 0.8817865489573594, 1.8809707685601444, 6.328000000000001
0.0014599198396793587, 0.3691716533671652, 3.485301885043459E-4, 1.8787572271963384, -0.003112927807346375, 0.0, 2.3198865717177124E-4, -0.002880939150174884, -7.932404038165046, 0.0, 1.551005024467089, -6.381399013698276, 0.9991832676719011, 0.0, 0.8853850442659236, 1.88456831193831, 6.328000000000004
0.0014657314629258514, 0.37063536463212643, 3.499176113549466E-4, 1.8813082304535271, -0.0031239306500971437, 0.0, 2.3414554101057028E-4, -0.0028897851090868595, -7.928433750802349, 0.0, 1.5582023518022476, -6.370231399000666, 0.9991839189705392, 0.0, 0.8890575776826632, 1.8882414966534564, 6.328000000000001
0.0014715430861723445, 0.3720989739573627, 3.513050342055473E-4, 1.8839504441413482, -0.0031349279941823294, 0.0, 2.3631246455507022E-4, -0.002898615529627547, -7.924477573089415, 0.0, 1.5654781383611056, -6.358999434728421, 0.9991861633889367, 0.0, 0.8928078332245027, 1.8919939966141466, 6.328000000000003
0.0014773547094188374, 0.37356247886633004, 3.5269245705614796E-4, 1.886689942740702, -0.0031459198590961914, 0.0, 2.3848953940750395E-4, -0.002907430319688985, -7.920535387848409, 0.0, 1.5728363378638166, -6.347699049984646, 0.9991899880627821, 0.0, 0.8966394568810834, 1.8958294449446556, 6.328000000000001
0.0014831663326653306, 0.37502587687268646, 3.540798799067487E-4, 1.889532732072361, -0.0031569062641734072, 0.0, 2.406768826341858E-4, -0.002916229381539525, -7.916607082204353, 0.0, 1.58028087238073, -6.33632620982411, 0.9991953774124352, 0.0, 0.9005560523836972, 1.899751429796503, 6.328000000000002
0.0014889779559118235, 0.3764891654830208, 3.5546730275734935E-4, 1.892484740290655, -0.0031678872285949974, 0.0, 2.428746167183679E-4, -0.0029250126118769092, -7.912692547527972, 0.0, 1.5878156277876918, -6.324876919740318, 0.999202313185769, 0.0, 0.9045611770002449, 1.9037634901867617, 6.328000000000002
0.0014947895791583164, 0.37795234219962837, 3.5685472560795006E-4, 1.8955518089828516, -0.0031788627713941918, 0.0, 2.4508286950703645E-4, -0.0029337799018874216, -7.908791679374389, 0.0, 1.5954444492476594, -6.31334723012721, 0.9992107745053261, 0.0, 0.908658337365563, 1.907869111871155, 6.328000000000002
0.0015006012024048096, 0.3794154045233309, 3.582421484585508E-4, 1.8987396843328739, -0.0031898329114621645, 0.0, 2.4730177415113004E-4, -0.002942531137311297, -7.904904377419108, 0.0, 1.6031711367040269, -6.3017332407152065, 0.9992207379181605, 0.0, 0.9128509853337218, 1.9120717232524884, 6.328000000000003
0.0015064128256513025, 0.38087834995634284, 3.5962957130915144E-4, 1.90205400838488, -0.003200797667553717, 0.0, 2.495314690397817E-4, -0.0029512661985142356, -7.901030545390712, 0.0, 1.6109994404163892, -6.290031104974304, 0.9992321774491401, 0.0, 0.9171425138810716, 1.9163746913310638, 6.328000000000003
0.0015122244488977956, 0.38234117600517753, 3.6101699415975216E-4, 1.9055003104219992, -0.003211757058292858, 0.0, 2.5177209772821564E-4, -0.002959984960564913, -7.897170090999419, 0.0, 1.6189330565149702, -6.278237034484442, 0.9992450646584233, 0.0, 0.9215362530370572, 1.9207813176962365, 6.328000000000002
0.001518036072144288, 0.3838038801835918, 3.6240441701035277E-4, 1.9090839984686028, -0.0032227111021782594, 0.0, 2.540238088597057E-4, -0.00296868729331885, -7.893322925863881, 0.0, 1.6269756226012608, -6.266347303262481, 0.999259368700692, 0.0, 0.9260354658689852, 1.9252948345706338, 6.328000000000001
0.0015238476953907812, 0.3852664600155665, 3.637918398609535E-4, 1.9128103509119256, -0.0032336598175886624, 0.0, 2.562867560813517E-4, -0.0029773730615076, -7.8894889654332, 0.0, 1.6351307133790054, -6.254358252054233, 0.9992750563893171, 0.0, 0.9306433445053436, 1.929918400895418, 6.328000000000001
0.0015296593186372742, 0.38672891303832113, 3.6517926271155415E-4, 1.9166845082782515, -0.003244603222788084, 0.0, 2.5856109795361227E-4, -0.0029860421248347497, -7.885668128908084, 0.0, 1.6434018363396101, -6.242266292568631, 0.999292092261192, 0.0, 0.935363006221693, 1.9346550984834892, 6.328000000000002
0.0015354709418837673, 0.3881912368053606, 3.6656668556215487E-4, 1.9207114651751738, -0.0032555413359310046, 0.0, 2.608469978543752E-4, -0.002994694338076887, -7.881860339156799, 0.0, 1.6517924274883005, -6.230067911668477, 0.9993104386470016, 0.0, 0.9401974895731197, 1.939507928220845, 6.328000000000002
0.0015412825651302605, 0.3896534288895479, 3.679541084127556E-4, 1.9248960623620661, -0.0032664741750673917, 0.0, 2.631446238765833E-4, -0.003003329551191083, -7.878065522630313, 0.0, 1.6603058471239376, -6.217759675505776, 0.9993300557421851, 0.0, 0.9451497505886637, 1.9444798063321946, 6.328000000000002
0.0015470941883767532, 0.3911154868862033, 3.6934153126335625E-4, 1.9292429790307324, -0.003277401758147592, 0.0, 2.6545414872038587E-4, -0.003011947609427494, -7.874283609273306, 0.0, 1.6689453756786483, -6.205338233594506, 0.999350901681989, 0.0, 0.9502226590310429, 1.9495735607139633, 6.328000000000003
0.0015529058116232463, 0.3925774084162279, 3.7072895411395697E-4, 1.933756725271877, -0.0032883241030271324, 0.0, 2.677757495795573E-4, -0.0030205483534478314, -7.870514532433377, 0.0, 1.677714209608859, -6.192800322824415, 0.9993729326183715, 0.0, 0.95541899471381, 1.9547919273329761, 6.328000000000002
0.0015587174348697392, 0.3940391911292432, 3.7211637696455763E-4, 1.9384416347079565, -0.003299241227471366, 0.0, 2.7010960802218136E-4, -0.003029131619449483, -7.866758228767574, 0.0, 1.6866154573628067, -6.180142771405075, 0.999396102799519, 0.0, 0.9607414439008622, 1.9601375467008753, 6.328000000000003
0.0015645290581162324, 0.3955008327067527, 3.7350379981515835E-4, 1.9433018573824654, -0.0033101531491600213, 0.0, 2.7245590986554316E-4, -0.003037697239294753, -7.863014638145935, 0.0, 1.6956521353989291, -6.167362502746464, 0.9994203646523446, 0.0, 0.9661925957627123, 1.9656129604163344, 6.328000000000002
0.0015703406813627253, 0.3969623308653131, 3.74891222665759E-4, 1.9483413528168683, -0.003321059885691557, 0.0, 2.748148450460932E-4, -0.0030462450406457645, -7.859283703553938, 0.0, 1.7048271642978534, -6.15445653925582, 0.9994456688659291, 0.0, 0.9717749389297784, 1.9712206077967747, 6.328000000000003
0.0015761523046092182, 0.3984236833597189, 3.7627864551635973E-4, 1.9535638833170594, -0.0033319614545874268, 0.0, 2.771866074835873E-4, -0.0030547748471041252, -7.855565370991516, 0.0, 1.7141433649269087, -6.141422006063683, 0.9994719644784299, 0.0, 0.9774908581039143, 1.9769628225840292, 6.328000000000002
0.0015819639278557111, 0.3998848879861939, 3.776660683669604E-4, 1.9589730075525864, -0.0033428578732962017, 0.0, 2.795713949401918E-4, -0.0030632864783563052, -7.851859589370324, 0.0, 1.7236034546998964, -6.128256134670417, 0.9994991989656806, 0.0, 0.9833426307686731, 1.9828418297351462, 6.328000000000002
0.0015877755511022043, 0.4013459425855889, 3.790534912175611E-4, 1.9645720742907855, -0.0033537491591975454, 0.0, 2.819694088743703E-4, -0.0030717797503234546, -7.848166310409703, 0.0, 1.733210043912897, -6.114956266496215, 0.9995273183310253, 0.0, 0.9893324239794841, 1.9888597423118384, 6.328000000000002
0.0015935871743486974, 0.4028068450465794, 3.8044091406816183E-4, 1.9703642164984672, -0.0033646353296059974, 0.0, 2.843808542897742E-4, -0.0030802544753164777, -7.8444854885300455, 0.0, 1.7429656321717555, -6.1015198563585455, 0.9995562671975486, 0.0, 0.9954622912486945, 1.9950185584466578, 6.328000000000001
0.0015993987975951901, 0.4042675933088622, 3.818283369187625E-4, 1.9763523456229706, -0.00337551640177469, 0.0, 2.8680593957937416E-4, -0.0030887104621956036, -7.840817080744244, 0.0, 1.7528726048967938, -6.087944475847261, 0.9995859889023722, 0.0, 1.0017341695103317, 2.001320158413645, 6.328000000000001
0.0016052104208416833, 0.405728185366351, 3.832157597693632E-4, 1.982539146177814, -0.0033863923928988374, 0.0, 2.8924487636437964E-4, -0.0030971475165347453, -7.837161046548317, 0.0, 1.7629332299456097, -6.07422781660232, 0.9996164255914584, 0.0, 1.0081498762065555, 2.007766301799153, 6.328000000000002
0.0016110220440881762, 0.4071886192703576, 3.846031826199639E-4, 1.988927070627227, -0.003397263320119119, 0.0, 2.916978793290857E-4, -0.0031055654407903437, -7.833517347810105, 0.0, 1.7731496543063543, -6.060367693503542, 0.9996475183164462, 0.0, 1.014711106445143, 2.0143586247626057, 6.328000000000002
0.001616833667334669, 0.4086488931327647, 3.8599060547056454E-4, 1.995518334525599, -0.0034081292005249, 0.0, 2.941651660508743E-4, -0.0031139640344742814, -7.829885948655923, 0.0, 1.783523900910642, -6.046362047745244, 0.9996792071333463, 0.0, 1.0214194302791484, 2.021098637413194, 6.328000000000001
0.001622645290581162, 0.4101090051291903, 3.873780283211652E-4, 2.0023149119814434, -0.0034189900511572575, 0.0, 2.966469568259967E-4, -0.0031223430943315765, -7.826266815357278, 0.0, 1.7940578655459813, -6.032208949811296, 0.9997114312010419, 0.0, 1.0282762900869462, 2.0279877212888042, 6.328000000000002
0.001628456913827655, 0.4115689535021211, 3.887654511717659E-4, 2.009318531402897, -0.003429845889011907, 0.0, 2.991434744908832E-4, -0.0031307024145212927, -7.822659916215186, 0.0, 1.8047533138703242, -6.017906602344255, 0.9997441288822232, 0.0, 1.0352829980558813, 2.0350271269394016, 6.328000000000002
0.0016342685370741479, 0.41302873656403816, 3.901528740223666E-4, 2.0165306715890097, -0.003440696731041904, 0.0, 3.01654944239913E-4, -0.0031390417868022414, -7.819065221444066, 0.0, 1.815611878548255, -6.003453342895738, 0.999777237844486, 0.0, 1.0424407337866255, 2.0422179716318256, 6.328000000000002
0.001640080160320641, 0.41448835270050854, 3.915402968729673E-4, 2.023952558119987, -0.0034515425941602793, 0.0, 3.0418159343866815E-4, -0.003147361000721874, -7.815482703054823, 0.0, 1.8266350564955929, -5.98884764655922, 0.9998106951623971, 0.0, 1.0497505420075277, 2.0495612371706056, 6.328000000000001
0.0016458917835671342, 0.41594780037325374, 3.92927719723568E-4, 2.0315851600518613, -0.003462383495242362, 0.0, 3.067236514339481E-4, -0.0031556598438086943, -7.811912334736501, 0.0, 1.8378242062377959, -5.974088128498281, 0.9998444374205079, 0.0, 1.0572133304010545, 2.057057767822699, 6.328000000000001
0.001651703406813627, 0.41740707812318273, 3.943151425741687E-4, 2.0394291869845347, -0.003473219451128115, 0.0, 3.09281349359947E-4, -0.0031639381017684494, -7.8083540917383365, 0.0, 1.8491805454020631, -5.959173546335816, 0.999878400816319, 0.0, 1.0648298675637837, 2.064708268381275, 6.328
0.00165751503006012, 0.4188661845733956, 3.957025654247694E-4, 2.047485086453662, -0.003484050478624131, 0.0, 3.1185491994097266E-4, -0.0031721955586834346, -7.804807950750138, 0.0, 1.8607051483215153, -5.94410280242817, 0.9999125212643789, 0.0, 1.0726007810773706, 2.0725133023429, 6.328000000000004
0.001663326653306613, 0.420325118432139, 3.9708998827537006E-4, 2.0557530416439818, -0.003494876594505636, 0.0, 3.144445972914386E-4, -0.0031804319972144435, -7.801273889782644, 0.0, 1.8723989437699295, -5.928874946012154, 0.9999467345007448, 0.0, 1.0805265557071495, 2.0804732902090732, 6.328000000000002
0.001669138276553106, 0.42178387849573146, 3.984774111259708E-4, 2.064232969477615, -0.0035056978155181577, 0.0, 3.170506167117829E-4, -0.0031886471988066445, -7.79775188804871, 0.0, 1.8842627128352871, -5.913489175212791, 0.9999809761860953, 0.0, 1.0886075317400816, 2.088588507927487, 6.328000000000001
0.001674949899799599, 0.42324246365143264, 3.9986483397657144E-4, 2.0729245190574375, -0.003516514158379171, 0.0, 3.196732144827947E-4, -0.003196840943896654, -7.794241925842309, 0.0, 1.8962970869124298, -5.897944838930384, 1.0000151820113095, 0.0, 1.096843903436124, 2.0968590854476226, 6.328000000000003
0.001680761523046092, 0.424700872880266, 4.0125225682717216E-4, 2.081827070439857, -0.0035273256397794946, 0.0, 3.223126276563513E-4, -0.003205013012123454, -7.790743984419203, 0.0, 1.9085025458389495, -5.882241438580132, 1.0000492878010407, 0.0, 1.1052357176222594, 2.1052850054241965, 6.328
0.001686573146292585, 0.4261591052597954, 4.026396796777729E-4, 2.0909397338002123, -0.0035381322763845128, 0.0, 3.2496909384364774E-4, -0.0032131631825411807, -7.787258045877141, 0.0, 1.9208794161784037, -5.866378629698297, 1.0000832296176942, 0.0, 1.1137828724306138, 2.1138661020495317, 6.328000000000001
0.001692384769539078, 0.4276171599668315, 4.0402710252837354E-4, 2.1002613489448834, -0.0035489340848353186, 0.0, 3.276428510020769E-4, -0.0032212912338335444, -7.78378409303602, 0.0, 1.9334278696261884, -5.8503562234097215, 1.0001169438655533, 0.0, 1.1224851161531897, 2.122602060019602, 6.328000000000002
0.0016981963927855711, 0.42907503628009347, 4.0541452537897426E-4, 2.1097904852226748, -0.003559731081749561, 0.0, 3.303341372186395E-4, -0.003229396944531253, -7.780322109319286, 0.0, 1.9461479215791355, -5.8341741877396345, 1.0001503673932535, 0.0, 1.1313420462596735, 2.13149241365426, 6.328000000000002
0.001704008016032064, 0.4305327335827918, 4.068019482295749E-4, 2.1195254417263527, -0.00357052328372229, 0.0, 3.330431904926866E-4, -0.0032374800932298492, -7.776872078634368, 0.0, 1.9590394298341938, -5.817832648799405, 1.0001834375975684, 0.0, 1.1403531085367926, 2.1405365461357344, 6.328000000000001
0.001709819639278557, 0.43199025136515734, 4.0818937108017564E-4, 2.129464247997646, -0.0035813107073264464, 0.0, 3.357702485163841E-4, -0.0032455404588103264, -7.773433985255809, 0.0, 1.9721020934554945, -5.801331891800319, 1.0002160925239312, 0.0, 1.1495175963926523, 2.1497336889172263, 6.328000000000001
0.0017156312625250497, 0.43344758922688786, 4.0957679393077625E-4, 2.1396046649936125, -0.0035920933691133807, 0.0, 3.3851554845338964E-4, -0.0032535778206602096, -7.770007813707029, 0.0, 1.9853354517726287, -5.784672361934685, 1.0002482709687301, 0.0, 1.1588346502877596, 2.1590829212567386, 6.328
0.0017214428857715428, 0.4349047468795287, 4.1096421678137697E-4, 2.149944186485669, -0.003602871285613052, 0.0, 3.4127932671726945E-4, -0.0032615919588960688, -7.766593548644789, 0.0, 1.9987388835501063, -5.767854665093917, 1.0002799125784594, 0.0, 1.1683032573290972, 2.168583169909019, 6.328000000000001
0.001727254509018036, 0.43636172414876895, 4.123516396319777E-4, 2.160480040827224, -0.0036136444733341653, 0.0, 3.4406181874745145E-4, -0.0032695826545869307, -7.7631911747432145, 0.0, 2.0123116063063904, -5.750879568436383, 1.0003109579494767, 0.0, 1.1779222510111738, 2.1782332089616188, 6.328000000000002
0.0017330661322645287, 0.43781852097665713, 4.1373906248257835E-4, 2.1712091931085524, -0.0036244129487641263, 0.0, 3.468632587860839E-4, -0.0032775496899783577, -7.759800676580087, 0.0, 2.0260526757842325, -5.7337480007956385, 1.000341348725397, 0.0, 1.1876903110976986, 2.1880316598240737, 6.328000000000002
0.0017388777555110218, 0.43927513742373714, 4.1512648533317906E-4, 2.1821283476673443, -0.00363517672836876, 0.0, 3.49683879652167E-4, -0.0032854928487169024, -7.756422038524485, 0.0, 2.039960985598514, -5.716461052925065, 1.0003710276928626, 0.0, 1.1976059636790817, 2.197976991373595, 6.328000000000003
0.0017446893787575147, 0.44073157367108096, 4.1651390818377973E-4, 2.193233951011962, -0.003645935828592055, 0.0, 3.525239125176287E-4, -0.0032934119160746116, -7.753055244624284, 0.0, 2.054035267025986, -5.699019977597842, 1.0003999388778886, 0.0, 1.2076675813589723, 2.208067520237761, 6.328000000000001
0.0017505010020040079, 0.4421878300222483, 4.1790133103438045E-4, 2.204522195088657, -0.0036566902658555387, 0.0, 3.5538358668118445E-4, -0.0033013066791745625, -7.749700278497056, 0.0, 2.0682740889780202, -5.681426189518017, 1.0004280276382136, 0.0, 1.2178733836212159, 2.2183014112609474, 6.328000000000002
0.0017563126252505008, 0.4436439069051283, 4.192887538849811E-4, 2.215989020981624, -0.0036674400565576645, 0.0, 3.5826312934368436E-4, -0.003309176927214239, -7.7463571232217765, 0.0, 2.0826758581201226, -5.663681265100986, 1.0004552407552276, 0.0, 1.2282214373321927, 2.2286766780887057, 6.328000000000002
0.0017621242484969937, 0.4450998048737007, 4.206761767355818E-4, 2.227630122921653, -0.003678185217072978, 0.0, 3.611627653827944E-4, -0.003317022451690514, -7.7430257612325555, 0.0, 2.09723881918281, -5.645786942049087, 1.0004815265236513, 0.0, 1.23870965742853, 2.2391911839536256, 6.328000000000001
0.0017679358717434866, 0.44655552460967857, 4.220635995861825E-4, 2.239440952691382, -0.0036889257637511474, 0.0, 3.6408271712868884E-4, -0.003324843046622758, -7.739706174213912, 0.0, 2.1119610554195605, -5.627745118794433, 1.0005068348397008, 0.0, 1.2493358077420584, 2.2498426425823865, 6.328
0.0017737474949899798, 0.4480110669240542, 4.234510224367832E-4, 2.2514167244926284, -0.0036996617129158266, 0.0, 3.670232041407791E-4, -0.0033326385087752847, -7.7363983429989105, 0.0, 2.126840489245725, -5.609557853753434, 1.000531117286303, 0.0, 1.2600975019960678, 2.260628619282683, 6.328000000000001
0.001779559118236473, 0.4494664327585292, 4.248384452873839E-4, 2.263552419995733, -0.0037103930808634585, 0.0, 3.699844429847733E-4, -0.003340408637878876, -7.733102247467958, 0.0, 2.1418748830453294, -5.591227364422283, 1.0005543272178512, 0.0, 1.2709922049616742, 2.2715465321803197, 6.328000000000001
0.0017853707414829658, 0.4509216231868306, 4.262258681379846E-4, 2.2758427939535864, -0.0037211198838618437, 0.0, 3.729666470115543E-4, -0.0033481532368504893, -7.7298178664524935, 0.0, 2.1570618401627546, -5.572756026289095, 1.000576419839823, 0.0, 1.2820172337879683, 2.2825936536289047, 6.328000000000002
0.0017911823647294588, 0.45237663941591066, 4.276132909885853E-4, 2.288282380038993, -0.003731842138148623, 0.0, 3.75970026136839E-4, -0.00335587211201201, -7.726545177637765, 0.0, 2.17239880604957, -5.554146371587101, 1.0005973522894458, 0.0, 1.293169759478903, 2.293767111769971, 6.328000000000001
0.0017969939879759517, 0.4538314827870309, 4.2900071383918597E-4, 2.3008654971123406, -0.0037425598599296226, 0.0, 3.789947866235481E-4, -0.003363565073306326, -7.723284157471443, 0.0, 2.187883069603621, -5.535401087866953, 1.0006170837105202, 0.0, 1.3044468085497125, 2.3050638922616877, 6.328
0.0018028056112224448, 0.45528615477670753, 4.303881366897867E-4, 2.313586255829307, -0.0037532730653770992, 0.0, 3.82041130865411E-4, -0.0033712319345118695, -7.720034781071928, 0.0, 2.2035117646670677, -5.51652301640471, 1.0006355753286398, 0.0, 1.3158452648332748, 2.3164808401624866, 6.328000000000002
0.0018086172344689375, 0.4567406569975473, 4.317755595403873E-4, 2.3264385655521096, -0.0037639817706278094, 0.0, 3.8510925717308384E-4, -0.0033788725134550005, -7.716797022142013, 0.0, 2.2192818717241956, -5.497515150418356, 1.0006527905209806, 0.0, 1.3273618714744788, 2.328014661995559, 6.328000000000002
0.0018144288577154305, 0.4581949911989428, 4.33162982390988E-4, 2.3394161416685506, -0.003774685991780979, 0.0, 3.881993595621948E-4, -0.0033864866322190802, -7.7135708528832865, 0.0, 2.2351902197578886, -5.478380633125751, 1.0006686948853998, 0.0, 1.338993233073111, 2.339661927958841, 6.328000000000002
0.0018202404809619234, 0.45964915926762717, 4.345504052415887E-4, 2.3525125132336484, -0.003785385744896205, 0.0, 3.913116275452832E-4, -0.003394074117351158, -7.710356243915473, 0.0, 2.2512334882870677, -5.459122755629194, 1.0006832563047985, 0.0, 1.3507358179932545, 2.351419074297807, 6.328000000000003
0.0018260521042084165, 0.46110316322811074, 4.359378280921894E-4, 2.3657210308745107, -0.0037960810459911542, 0.0, 3.9444624592536396E-4, -0.0034016348000660635, -7.707153164196879, 0.0, 2.2674082095931816, -5.439744954603738, 1.0006964450101994, 0.0, 1.3625859608528204, 2.3632824058636053, 6.328000000000001
0.0018318637274549097, 0.46255700524295534, 4.373252509427901E-4, 2.37903487513222, -0.00380677191103923, 0.0, 3.976033945935122E-4, -0.003409168516445984, -7.703961580949455, 0.0, 2.283710771112508, -5.42025080983576, 1.0007082336394648, 0.0, 1.3745398651646927, 2.375248098805953, 6.328000000000003
0.0018376753507014026, 0.46401068761292186, 4.387126737933908E-4, 2.392447064963335, -0.0038174583559671244, 0.0, 4.007832483297908E-4, -0.0034166751076376073, -7.700781459587418, 0.0, 2.300137418021174, -5.400644041566114, 1.0007185972924844, 0.0, 1.3865936061582473, 2.3873122034514855, 6.328000000000001
0.0018434869739478955, 0.4654642127769622, 4.401000966439915E-4, 2.4059504667832243, -0.003828140396652242, 0.0, 4.0398597660742247E-4, -0.003424154420045058, -7.697612763646972, 0.0, 2.3166842559771124, -5.380928507670199, 1.0007275135852896, 0.0, 1.3987431337459642, 2.3994706473314547, 6.328000000000001
0.0018492985971943884, 0.4669175833120677, 4.4148751949459216E-4, 2.419537803514345, -0.0038388180489200693, 0.0, 4.0721174340167116E-4, -0.0034316063055186783, -7.69445545472331, 0.0, 2.3333472540697415, -5.3611082006537245, 1.0007349626970659, 0.0, 1.4109842756828537, 2.411719238380398, 6.328000000000002
0.0018551102204408816, 0.4683708019329553, 4.428749423451929E-4, 2.433201664107628, -0.0038494913285414263, 0.0, 4.104607070020763E-4, -0.003439030621539675, -7.691309492407178, 0.0, 2.350122247925658, -5.341187244481981, 1.0007409274176404, 0.0, 1.423312740870395, 2.424053668288307, 6.328
0.0018609218436873745, 0.46982387149161303, 4.4426236519579354E-4, 2.4469345134571086, -0.003860160251229602, 0.0, 4.1373301982964954E-4, -0.003446427231400139, -7.688174834228727, 0.0, 2.3670049430041917, -5.321169891223989, 1.000745393187716, 0.0, 1.435724122835437, 2.436469516024119, 6.328000000000003
0.0018667334669338674, 0.4712767949766748, 4.4564978804639426E-4, 2.4607287021860884, -0.0038708248326375675, 0.0, 4.1702882825905493E-4, -0.0034537960043787876, -7.68505143560233, 0.0, 2.383990918064364, -5.301060517536697, 1.0007483481386112, 0.0, 1.448213903365907, 2.4489622515064036, 6.328000000000001
0.0018725450901803606, 0.47272957551264, 4.4703721089699497E-4, 2.4745764771572567, -0.0038814850883548717, 0.0, 4.2034827244488704E-4, -0.003461136815910223, -7.681939249776608, 0.0, 2.401075628816024, -5.28086362096057, 1.000749783126365, 0.0, 1.460777456318383, 2.4615272394452945, 6.328000000000002
0.0018783567134268535, 0.47418221635893076, 4.4842463374759564E-4, 2.4884699919465447, -0.0038921410339046985, 0.0, 4.2369148615363506E-4, -0.003468449547751334, -7.678838227789109, 0.0, 2.418254411735126, -5.260583816054491, 1.0007496917618575, 0.0, 1.4734100515742214, 2.474159743336175, 6.328000000000001
0.0018841683366733466, 0.4756347209087777, 4.4981205659819635E-4, 2.5024013175250275, -0.0039027926847408027, 0.0, 4.270585966012746E-4, -0.003475734088139674, -7.675748318423137, 0.0, 2.4355224880663355, -5.240225830356303, 1.0007480704387786, 0.0, 1.4861068591679016, 2.486854929607502, 6.328000000000003
0.0018899799599198395, 0.4770870926879502, 4.51199479448797E-4, 2.5163624534144446, -0.003913440056244181, 0.0, 4.304497242960167E-4, -0.0034829903319483907, -7.6726694681711765, 0.0, 2.4528749680057644, -5.219794500165552, 1.0007449183546955, 0.0, 1.4988629535817433, 2.4996078719368007, 6.328000000000002
0.0018957915831663325, 0.47853933535329674, 4.5258690229939773E-4, 2.530345338844654, -0.003924083163720072, 0.0, 4.3386498288722035E-4, -0.003490218180833119, -7.669601621199666, 0.0, 2.470306855028382, -5.19929476617146, 1.0007402375317904, 0.0, 1.5116733181696251, 2.512413555701829, 6.328000000000002
0.0019016032064128254, 0.47999145269113175, 4.539743251499984E-4, 2.544341864150624, -0.003934722022394555, 0.0, 4.3730447902047033E-4, -0.003497417543374289, -7.666544719319943, 0.0, 2.4878130504220457, -5.178731668897766, 1.0007340328308008, 0.0, 1.5245328497719763, 2.5252668826033604, 6.328000000000003
0.0019074148296593183, 0.4814434486154313, 4.5536174800059906E-4, 2.5583438824365885, -0.003945356647411384, 0.0, 4.407683121995798E-4, -0.0035045883352120416, -7.663498701964489, 0.0, 2.505388357962603, -5.158110344001514, 1.0007263119604688, 0.0, 1.5374363634551507, 2.538162675416513, 6.328000000000004
0.0019132264529058115, 0.48289532716586847, 4.567491708511998E-4, 2.5723432212902253, -0.003955987053828577, 0.0, 4.4425657465336013E-4, -0.0035117304791754123, -7.660463506163782, 0.0, 2.52302748878112, -5.137436017382796, 1.0007170854860767, 0.0, 1.5503785974313196, 2.5510956829176896, 6.328000000000002
0.0019190380761523044, 0.48434709250564767, 4.5813659370180044E-4, 2.5863316947778685, -0.00396661325661516, 0.0, 4.4776935121222834E-4, -0.0035188439054032565, -7.657439066532627, 0.0, 2.540725066376531, -5.116714000154626, 1.0007063668291412, 0.0, 1.5633542181013553, 2.5640605849326756, 6.328000000000002
0.0019248496993987973, 0.4857987489191842, 4.5952401655240116E-4, 2.60030111548042, -0.003977235270647698, 0.0, 4.5130671918852325E-4, -0.00352592855145944, -7.654425315256444, 0.0, 2.558475631811807, -5.09594968344353, 1.0006941722669231, 0.0, 1.5763578252726158, 2.5770519975412234, 6.328000000000001
0.0019306613226452902, 0.4872503008095773, 4.609114394030018E-4, 2.614243306768799, -0.003987853110707002, 0.0, 4.548687482671659E-4, -0.0035329843624401277, -7.651422182085571, 0.0, 2.5762736490597717, -5.075148533025425, 1.0006805209245593, 0.0, 1.5893839575035429, 2.5900644784291087, 6.328000000000002
0.0019364729458917834, 0.48870175269591415, 4.6229886225360254E-4, 2.6281501151079283, -0.003998466791474746, 0.0, 4.5845550040158646E-4, -0.0035400112910734024, -7.648429594332353, 0.0, 2.5941135105125017, -5.0543160838193435, 1.0006654347644581, 0.0, 1.6024270976004749, 2.6030925323659666, 6.328
0.0019422845691382763, 0.49015310921038135, 4.636862851042032E-4, 2.642013422463606, -0.0040090763275300555, 0.0, 4.620670297190658E-4, -0.0035470092978111684, -7.645447476873015, 0.0, 2.611989542647481, -5.033457934225655, 1.0006489385711121, 0.0, 1.6154816782511328, 2.616130616822509, 6.328000000000002
0.0019480961923847692, 0.49160437509519234, 4.650737079548039E-4, 2.6558251588824078, -0.0040196817333461275, 0.0, 4.6570338243291654E-4, -0.0035539783509135198, -7.642475752155298, 0.0, 2.6298960118550485, -5.012579740301682, 1.0006310599304147, 0.0, 1.628542087805285, 2.629173147734931, 6.328000000000003
0.001953907815631262, 0.49305555519932154, 4.664611308054046E-4, 2.6695773150345303, -0.004030283023286898, 0.0, 4.693645967627242E-4, -0.0035609184265244353, -7.639514340209729, 0.0, 2.6478271304106693, -4.9916872097983305, 1.0006118292057176, 0.0, 1.641602676183784, 2.6422145053907906, 6.328000000000002
0.0019597194388777553, 0.4945066544750546, 4.678485536560053E-4, 2.6832619548679304, -0.004040880211603653, 0.0, 4.7305070286464586E-4, -0.0035678295087392536, -7.636563158666718, 0.0, 2.6657770625979897, -4.970786096069477, 1.0005912795081373, 0.0, 1.6546577609180158, 2.65524904042593, 6.328000000000002
0.0019655310621242484, 0.49595767797434587, 4.69235976506606E-4, 2.696871228239388, -0.004051473312431808, 0.0, 4.767617227682368E-4, -0.0035747115896637323, -7.6336221227774175, 0.0, 2.68373993097594, -4.949882191800935, 1.0005694466636983, 0.0, 1.6677016333209758, 2.6682710799855607, 6.328000000000002
0.001971342685370741, 0.49740863084498277, 4.706233993572067E-4, 2.7103973836694877, -0.004062062339787496, 0.0, 4.8049767032370613E-4, -0.0035815646694639814, -7.630691145440007, 0.0, 2.7017098227970995, -4.928981322642864, 1.0005463691748577, 0.0, 1.680728564789134, 2.6812749339644433, 6.328000000000003
0.0019771543086172343, 0.49885951832655645, 4.720108222078074E-4, 2.723832780999828, -0.004072647307564398, 0.0, 4.84258551156639E-4, -0.0035883887564079793, -7.627770137231527, 0.0, 2.719680796553207, -4.908089340677956, 1.0005220881771832, 0.0, 1.69373281321769, 2.6942549013957042, 6.328000000000002
0.0019829659318637274, 0.5003103457462453, 4.7339824505840806E-4, 2.7371699040788826, -0.004083228229530658, 0.0, 4.880443626334857E-4, -0.0035951838668973023, -7.624859006442696, 0.0, 2.7376468886622836, -4.8872121177793115, 1.000496647393466, 0.0, 1.7067086295369875, 2.707205276931829, 6.328000000000002
0.00198877755511022, 0.5017611185144062, 4.747856679090088E-4, 2.750401373379418, -0.004093805119325371, 0.0, 4.918550938346512E-4, -0.0036019500254909353, -7.6219576591206115, 0.0, 2.755602120298323, -4.866355538822773, 1.0004700930792205, 0.0, 1.7196502643781193, 2.7201203574573114, 6.328000000000002
0.0019945891783567133, 0.5032118421199556, 4.7617309075960945E-4, 2.7635199585561168, -0.004104377990455954, 0.0, 4.956907255395208E-4, -0.003608687264916831, -7.619065999112626, 0.0, 2.7735405043140204, -4.845525494799853, 1.0004424739690714, 0.0, 1.73255197480939, 2.7329944487780486, 6.328000000000001
0.0020004008016032064, 0.5046625221255754, 4.7756051361021016E-4, 2.7765185910222954, -0.0041149468562948835, 0.0, 4.995512302189142E-4, -0.0036153956260760213, -7.616183928118174, 0.0, 2.7914560523267804, -4.824727875790601, 1.000413841214039, 0.0, 1.7454080312237348, 2.745821872438676, 6.328000000000004
0.002006212424849699, 0.506113164162728, 4.7894793646081077E-4, 2.789390376356778, -0.004125511730076713, 0.0, 5.03436572038489E-4, -0.0036220751580385256, -7.613311345744986, 0.0, 2.8093427819079464, -4.803968563838182, 1.0003842483152174, 0.0, 1.7582127243099597, 2.758596972624665, 6.328000000000001
0.0020120240480961922, 0.5075637739264534, 4.803353593114115E-4, 2.8021286065450113, -0.004136072624895438, 0.0, 5.073467068717821E-4, -0.0036287259180239236, -7.610448149567593, 0.0, 2.8271947238633417, -4.783253425704828, 1.0003537510560383, 0.0, 1.7709603720989977, 2.7713141231550176, 6.327999999999999
0.002017835671342685, 0.5090143571699957, 4.817227821620122E-4, 2.8147267721876688, -0.004146629553701403, 0.0, 5.112815823245E-4, -0.0036353479713770384, -7.607594235195623, 0.0, 2.8450059296672108, -4.762588305528315, 1.000322407423981, 0.0, 1.7836453271442714, 2.78396773456863, 6.328000000000001
0.002023647294589178, 0.5104649196992321, 4.8311020501261287E-4, 2.827178574533491, -0.0041571825292988935, 0.0, 5.15241137767665E-4, -0.003641941391531414, -7.604749496341619, 0.0, 2.8627704789658037, -4.741979017375109, 1.0002902775343199, 0.0, 1.7962619837577323, 2.7965522612931433, 6.328000000000001
0.0020294589178356712, 0.5119154673669004, 4.844976278632136E-4, 2.8394779374023074, -0.0041677315643435, 0.0, 5.192253043820733E-4, -0.0036485062599616383, -7.6019138248967275, 0.0, 2.880482487186088, -4.721431337711179, 1.0002574235457087, 0.0, 1.8088047853322742, 2.8090622088778803, 6.328000000000002
0.002035270541082164, 0.5133660060666474, 4.8588505071381425E-4, 2.8516190186417134, -0.004178276671339508, 0.0, 5.232340052136915E-4, -0.0036550426661260266, -7.599087111011922, 0.0, 2.898136113250712, -4.700950997761623, 1.000223909570409, 0.0, 1.8212682317527982, 2.821492141323226, 6.328000000000002
0.002041082164328657, 0.5148165417268877, 4.8727247356441497E-4, 2.8635962219132125, -0.0041888178626376515, 0.0, 5.272671552385456E-4, -0.0036615507073992394, -7.596269243181539, 0.0, 2.915725567374043, -4.68054367580856, 1.0001898015830948, 0.0, 1.8336468868740585, 2.833836688456363, 6.328000000000003
0.00204689378757515, 0.5162670803044562, 4.886598964150157E-4, 2.875404207571819, -0.004199355150432908, 0.0, 5.313246614409017E-4, -0.003668030488992266, -7.59346010833261, 0.0, 2.9332451189219606, -4.660214989408722, 1.0001551673241071, 0.0, 1.8459353860404817, 2.8460905533670466, 6.328000000000001
0.0020527054108216434, 0.5177176277780944, 4.900473192656164E-4, 2.8870379038471583, -0.00420988854676233, 0.0, 5.354064228991207E-4, -0.0036744821238636274, -7.5906595919186515, 0.0, 2.9506891043971883, -4.639970487521161, 1.0001200761984133, 0.0, 1.8581284437216454, 2.8582485199212133, 6.328000000000002
0.0020585170340681365, 0.5191681901417463, 4.914347421162171E-4, 2.8984925175520857, -0.0042204180635030415, 0.0, 5.395123308847144E-4, -0.003680905732618492, -7.587867578020702, 0.0, 2.968051935424686, -4.619815642595316, 1.0000845991678087, 0.0, 1.8702208611268754, 2.870305460295718, 6.328000000000001
0.002064328657314629, 0.5206187733976597, 4.928221649668177E-4, 2.909763544430234, -0.004230943712370487, 0.0, 5.436422689736355E-4, -0.0036873014433970903, -7.585083949445706, 0.0, 2.985328106860024, -4.599755842583948, 1.0000488086463744, 0.0, 1.8822075339242685, 2.8822563425728607, 6.328000000000001
0.002070140280561122, 0.5220693835493142, 4.942095878174184E-4, 2.9208467792714146, -0.004241465504916711, 0.0, 5.477961131655253E-4, -0.003693669391751371, -7.582308587839695, 0.0, 3.0025122049272195, -4.5797963829121, 1.0000127783813184, 0.0, 1.8940834599796326, 2.894096238361702, 6.328000000000002
0.002075951903807615, 0.5235200265941754, 4.955970106680192E-4, 2.9317383256645826, -0.004251983452528688, 0.0, 5.519737320174509E-4, -0.0037000097205115053, -7.57954137379631, 0.0, 3.019598915409974, -4.559942458387047, 0.9999765833386719, 0.0, 1.9058437471262888, 2.9058203304647914, 6.328000000000002
0.002081763527054108, 0.5249707085162623, 4.969844335186199E-4, 2.9424346055834576, -0.00426249756642725, 0.0, 5.561749867865028E-4, -0.0037063225796409166, -7.576782186974576, 0.0, 3.036583031884812, -4.540199155088205, 0.9999402995810363, 0.0, 1.9174836209660087, 2.917423920548944, 6.328000000000002
0.002087575150300601, 0.526421435278552, 4.983718563692205E-4, 2.9529323681326787, -0.004273007857665512, 0.0, 5.603997315865965E-4, -0.0037126081260792747, -7.574030906219043, 0.0, 3.0534594639976165, -4.520571442219049, 0.999904004142025, 0.0, 1.928998432692064, 2.928902436837187, 6.328000000000002
0.002093386773547094, 0.5278722128151879, 4.997592792198212E-4, 2.963228698556577, -0.004283514337128131, 0.0, 5.646478135540416E-4, -0.0037188665235742685, -7.571287409684049, 0.0, 3.070223245751891, -4.5010641639335605, 0.9998677748983452, 0.0, 1.9403836669140184, 2.940251441811319, 6.328000000000003
0.002099198396793587, 0.5293230470235657, 5.011467020704219E-4, 2.9733210262556895, -0.004294017015530227, 0.0, 5.689190730262944E-4, -0.003725097942504186, -7.568551574964306, 0.0, 3.086869543834761, -4.481682031130051, 0.9998316904349444, 0.0, 1.9516349495016452, 2.9514666399365885, 6.328000000000003
0.00210501002004008, 0.5307739437562053, 5.025341249210225E-4, 2.983207132611369, -0.004304515903416836, 0.0, 5.732133437323615E-4, -0.003731302559684655, -7.565823279226634, 0.0, 3.1033936659441066, -4.462429613282189, 0.9997958299101372, 0.0, 1.9627480554147785, 2.962543885325613, 6.328000000000002
0.002110821643286573, 0.5322249088125022, 5.039215477716233E-4, 2.992885158477293, -0.004315011011162313, 0.0, 5.775304529928235E-4, -0.00373748055816972, -7.5631023993448565, 0.0, 3.119791069126171, -4.443311330220745, 0.9997602729175153, 0.0, 1.9737189165327689, 2.9734791894486805, 6.328000000000001
0.002116633266533066, 0.5336759479302915, 5.05308970622224E-4, 3.002353611007493, -0.004325502348970032, 0.0, 5.818702219342331E-4, -0.0037436321270359896, -7.56038881204383, 0.0, 3.136057368104482, -4.424331443940751, 0.9997250993393832, 0.0, 1.984543629455169, 2.984268728793527, 6.328000000000003
0.002122444889779559, 0.5351270667772815, 5.066963934728247E-4, 3.0116113700300957, -0.004335989926872432, 0.0, 5.862324657130921E-4, -0.0037497574611594503, -7.557682394039218, 0.0, 3.152188343589121, -4.4054940504500815, 0.9996903892051563, 0.0, 1.99521846327255, 2.9949088524779386, 6.328000000000001
0.0021282565130260516, 0.5365782709423352, 5.080838163234253E-4, 3.0206576938890066, -0.004346473754730848, 0.0, 5.90616993751597E-4, -0.0037558567609793786, -7.5549830221874466, 0.0, 3.168179950586241, -4.386803071603289, 0.9996562225391781, 0.0, 2.005739867323218, 3.0053960898605636, 6.328000000000002
0.0021340681362725447, 0.5380295659265946, 5.09471239174026E-4, 3.02949222497773, -0.004356953842236012, 0.0, 5.950236099859507E-4, -0.0037619302322503476, -7.552290573635428, 0.0, 3.184028326644361, -4.368262246990547, 0.9996226792101489, 0.0, 2.0161044788710787, 3.0157271580823104, 6.328000000000002
0.002139879759519038, 0.5394809571344787, 5.108586620246267E-4, 3.038114994443731, -0.004367430198908551, 0.0, 5.994521131245656E-4, -0.0037679780857843154, -7.549604925972832, 0.0, 3.1997298000906587, -4.349875125880767, 0.9995898387779946, 0.0, 2.0263091307633996, 3.0258989695434457, 6.328000000000003
0.002145691382765531, 0.5409324498645549, 5.122460848752275E-4, 3.046526426348464, -0.004377902834099523, 0.0, 6.039022969189442E-4, -0.003774000537180751, -7.546925957391691, 0.0, 3.21528089819953, -4.331645059193292, 0.9995577803334873, 0.0, 2.0363508590054926, 3.0359086393381842, 6.328000000000002
0.002151503006012024, 0.5423840493002716, 5.136335077258282E-4, 3.0547273415527343, -0.004388371756991604, 0.0, 6.083739504448016E-4, -0.0037799978065468295, -7.544253546842654, 0.0, 3.2306783553030414, -4.313575191540536, 0.9995265823425069, 0.0, 2.0462269102669737, 3.0457534926086103, 6.328000000000002
0.002157314629258517, 0.5438357605005655, 5.150209305764288E-4, 3.0627189605679632, -0.004398836976600111, 0.0, 6.128668583956359E-4, -0.00378597011820464, -7.541587574198821, 0.0, 3.245919120838291, -4.295668453362538, 0.9994963224823962, 0.0, 2.055934749310527, 3.0554310717912343, 6.328000000000001
0.00216312625250501, 0.5452875883903693, 5.164083534270295E-4, 3.0705029060900415, -0.004409298501774425, 0.0, 6.173808013869853E-4, -0.003791917700387691, -7.538927920419666, 0.0, 3.261000367302265, -4.2779275531180705, 0.9994670774789784, 0.0, 2.0654720663174446, 3.064939143796241, 6.328000000000002
0.0021689378757515027, 0.5467395377510051, 5.177957762776301E-4, 3.078081204897444, -0.004419756341199525, 0.0, 6.219155562683376E-4, -0.0037978407849312487, -7.536274467718387, 0.0, 3.275919498144425, -4.260354969573955, 0.9994389229403904, 0.0, 2.074836784146231, 3.0742757070867475, 6.328000000000001
0.0021747494989979954, 0.5481916132104425, 5.191831991282308E-4, 3.0854562887016073, -0.0044302105033982245, 0.0, 6.264708964552057E-4, -0.0038037396069433363, -7.533627099728843, 0.0, 3.290674155498937, -4.242952944228678, 0.9994119331926095, 0.0, 2.084027065402178, 3.083438998596627, 6.328000000000002
0.0021805611222444885, 0.5496438192335411, 5.205706219788315E-4, 3.0926309951191797, -0.004440660996732597, 0.0, 6.310465922576558E-4, -0.0038096144044749147, -7.530985701678625, 0.0, 3.305262227889636, -4.225723473789458, 0.9993861811072844, 0.0, 2.093041319497082, 3.092427500603846, 6.328000000000003
0.0021863727454909817, 0.5510961601121068, 5.219580448294323E-4, 3.0996085669389686, -0.004451107829406983, 0.0, 6.356424112351211E-4, -0.0038154654181719178, -7.528350160558376, 0.0, 3.319681857710335, -4.20866830284694, 0.9993617379363315, 0.0, 2.101878209444239, 3.1012399473817776, 6.328000000000003
0.0021921843687374744, 0.5525486399549531, 5.233454676800329E-4, 3.1063926516226275, -0.004461551009470055, 0.0, 6.402581185472253E-4, -0.0038212928909228255, -7.525720365299615, 0.0, 3.333931448679781, -4.1917889166187035, 0.9993386731361455, 0.0, 2.1105366586466103, 3.1098753317838788, 6.328000000000004
0.0021979959919839675, 0.5540012626778119, 5.247328905306336E-4, 3.1129872995961705, -0.00447199054481799, 0.0, 6.448934773268244E-4, -0.003827097067491389, -7.523096206944204, 0.0, 3.3480096730332627, -4.175086533911469, 0.9993170542022638, 0.0, 2.1190158573898805, 3.118332911592043, 6.328000000000001
0.0022038076152304607, 0.5554540319932739, 5.261203133812343E-4, 3.1193969617797848, -0.004482426443197197, 0.0, 6.495482490527504E-4, -0.0038328781941444484, -7.5204775788246545, 0.0, 3.3619154786540975, -4.158562100168429, 0.9992969464922695, 0.0, 2.1273152692870085, 3.126612215781409, 6.328000000000002
0.002209619238476954, 0.5569069514005717, 5.27507736231835E-4, 3.125626486728379, -0.004492858712207916, 0.0, 6.5422219394079E-4, -0.003838636518267477, -7.517864376737952, 0.0, 3.375648095984993, -4.142216280751463, 0.99927841305678, 0.0, 2.1354346374789266, 3.1347130505378686, 6.328000000000003
0.0022154308617234465, 0.5583600241753908, 5.288951590824356E-4, 3.1316811167330343, -0.0045032873593075515, 0.0, 6.58915071338792E-4, -0.003844372287969154, -7.515256499123191, 0.0, 3.3892070447455853, -4.126049454378253, 0.9992615144660604, 0.0, 2.143373990644799, 3.142635505110958, 6.328000000000002
0.00222124248496994, 0.5598132533596041, 5.302825819330365E-4, 3.1375664831612085, -0.004513712391814664, 0.0, 6.636266401320659E-4, -0.003850085751682636, -7.512653847237791, 0.0, 3.402592140470573, -4.1100617067696295, 0.9992463086391934, 0.0, 2.15113364882457, 3.1503799574614235, 6.328000000000002
0.0022270541082164324, 0.5612666417510139, 5.316700047836371E-4, 3.1432886012798917, -0.004524133816912667, 0.0, 6.683566591597148E-4, -0.0038557771577530375, -7.51005632533595, 0.0, 3.4158035008572383, -4.094252824477537, 0.9992328506704378, 0.0, 2.1587142290415327, 3.157947079713306, 6.328000000000002
0.0022328657314629255, 0.5627201918930357, 5.330574276342378E-4, 3.1488538639987382, -0.004534551641654385, 0.0, 6.731048876365067E-4, -0.0038614467540178457, -7.5074638408438705, 0.0, 3.4288415518476096, -4.078622288992756, 0.9992211926602679, 0.0, 2.1661166506604834, 3.165337843324193, 6.328000000000002
0.0022386773547094186, 0.5641739060643939, 5.344448504848385E-4, 3.1542690351134297, -0.0045449658729666675, 0.0, 6.778710855859585E-4, -0.0038670947873805928, -7.50487630453558, 0.0, 3.441707033485727, -4.063169271045389, 0.9992113835459085, 0.0, 2.173342140511258, 3.1725535240614136, 6.328000000000001
0.0022444889779559118, 0.5656277862688401, 5.358322733354392E-4, 3.159541241433544, -0.004555376517654822, 0.0, 6.826550142798732E-4, -0.003872721503375108, -7.502293630706336, 0.0, 3.4544010055556162, -4.047892625153673, 0.999203468933809, 0.0, 2.1803922377923493, 3.1795957067235014, 6.328000000000002
0.0022503006012024045, 0.5670818342248445, 5.372196961860398E-4, 3.1646779643942864, -0.00456578358240778, 0.0, 6.874564366834979E-4, -0.0038783271457247664, -7.499715737350472, 0.0, 3.466924852899128, -4.032790884450913, 0.9991974909289377, 0.0, 2.187268798655296, 3.1864662895855673, 6.328000000000003
0.002256112224448897, 0.5685360513553473, 5.386071190366404E-4, 3.1696870307760037, -0.004576187073803499, 0.0, 6.922751179137335E-4, -0.003883911955889663, -7.497142546326619, 0.0, 3.479280290488173, -4.017862255841942, 0.9991934879770583, 0.0, 2.1939740005305777, 3.1931674885039487, 6.328000000000002
0.0022619238476953908, 0.5699904387775446, 5.399945418872413E-4, 3.1745766024996556, -0.0045865869983141554, 0.0, 6.971108256984687E-4, -0.0038894761726160423, -7.494573983533682, 0.0, 3.4914693682105193, -4.003104615321265, 0.9991914946957272, 0.0, 2.200510346176486, 3.199701840874771, 6.328000000000002
0.0022677354709418835, 0.5714449972926978, 5.413819647378419E-4, 3.179355165848392, -0.004596983362312053, 0.0, 7.019633308435191E-4, -0.0038950200314687433, -7.4920099790735195, 0.0, 3.5034944753230697, -3.988515503751209, 0.999191541719826, 0.0, 2.2068806673927726, 3.206072209112227, 6.328000000000002
0.0022735470941883766, 0.5728997273760417, 5.427693875884426E-4, 3.1840315194713185, -0.004607376172075652, 0.0, 7.068324077086352E-4, -0.003900543764367173, -7.489450467417882, 0.0, 3.5153583445494148, -3.9740921228683104, 0.9991936555428911, 0.0, 2.213088128373196, 3.2122817839165316, 6.328000000000002
0.002279358717434869, 0.5743546291667436, 5.441568104390432E-4, 3.1886147621489727, -0.004617765433795471, 0.0, 7.117178346848912E-4, -0.0039060475991107846, -7.486895387570417, 0.0, 3.527064055934756, -3.9598313316398284, 0.999197858363065, 0.0, 2.219136228824305, 3.2183340871835795, 6.328000000000001
0.0022851703406813625, 0.5758097024579656, 5.45544233289644E-4, 3.1931142792718674, -0.004628151153580661, 0.0, 7.16619394679166E-4, -0.003911531758901743, -7.484344683224526, 0.0, 3.5386150402298546, -3.945729642996703, 0.9992041679342606, 0.0, 2.2250288066114825, 3.2242329745441665, 6.328000000000002
0.002290981963927855, 0.5772649466870109, 5.469316561402446E-4, 3.1975397286660154, -0.004638533337465726, 0.0, 7.215368756048751E-4, -0.003916996461860833, -7.481798302916576, 0.0, 3.5500150819692564, -3.9317832209474832, 0.9992125974221487, 0.0, 2.2307700400990558, 3.229982637521008, 6.328000000000002
0.0022967935871743483, 0.5787203609256322, 5.483190789908454E-4, 3.2019010257472473, -0.004648911991416959, 0.0, 7.264700708713157E-4, -0.0039224419205458605, -7.479256200178039, 0.0, 3.5612683221587846, -3.917987878019172, 0.9992231552605064, 0.0, 2.236364450113426, 3.23558760537441, 6.328000000000003
0.0023026052104208414, 0.5801759438704005, 5.497065018414461E-4, 3.2062083276123303, -0.004659287121340005, 0.0, 7.314187798830862E-4, -0.00392786834145703, -7.476718333679998, 0.0, 3.57237926050206, -3.9043390731790466, 0.9992358450171638, 0.0, 2.241816901437855, 3.241052746454114, 6.328000000000002
0.0023084168336673346, 0.581631693833293, 5.510939246920468E-4, 3.2104720165007166, -0.00466965873308667, 0.0, 7.363828085364121E-4, -0.003933275924550547, -7.474184667375134, 0.0, 3.5833527572782, -3.8908319100983926, 0.9992506652609325, 0.0, 2.2471326039751025, 3.2463832692351033, 6.328000000000001
0.0023142284569138273, 0.5830876087324033, 5.524813475426474E-4, 3.2147026824231943, -0.004680026832462494, 0.0, 7.413619697236445E-4, -0.003938664862739055, -7.47165517063159, 0.0, 3.5941940347087775, -3.877461135927694, 0.9992676094378872, 0.0, 2.252317113395309, 3.251584722828686, 6.328000000000002
0.0023200400801603204, 0.584543686082839, 5.538687703932481E-4, 3.218911105416737, -0.00469039142523435, 0.0, 7.46356083832389E-4, -0.0039440353414023355, -7.46912981836196, 0.0, 3.6049086779092936, -3.864221140446357, 0.9992866657524274, 0.0, 2.2573763313888815, 3.256662997148295, 6.328000000000001
0.0023258517034068136, 0.5859999229878237, 5.552561932438488E-4, 3.223108235952168, -0.004700752517138354, 0.0, 7.513649792520866E-4, -0.003949387537886664, -7.466608591148888, 0.0, 3.6155026353803836, -3.851105955773653, 0.9993078170521627, 0.0, 2.2623165054561856, 3.261624322503915, 6.328000000000001
0.0023316633266533067, 0.5874563161299884, 5.566436160944495E-4, 3.227305175937545, -0.0047111101138874135, 0.0, 7.563884928772219E-4, -0.0039547216210105846, -7.464091475359691, 0.0, 3.6259822189068633, -3.8381092564534827, 0.9993310407229268, 0.0, 2.2671442281216065, 3.266475268844584, 6.328000000000001
0.002337474949899799, 0.588912861762936, 5.580310389450502E-4, 3.231513157930749, -0.004721464221179855, 0.0, 7.614264706108514E-4, -0.003960037750568954, -7.4615784632550755, 0.0, 3.63635410306628, -3.8252243601901204, 0.9993563085915167, 0.0, 2.2718664357667735, 3.2712227443568764, 6.328000000000003
0.0023432865731462926, 0.5903695557029924, 5.59418461795651E-4, 3.2357435246303794, -0.004731814844707336, 0.0, 7.66478767868714E-4, -0.00396533607683848, -7.459069553091144, 0.0, 3.6466253241214837, -3.812444228970166, 0.9993835868336738, 0.0, 2.2764904068568126, 3.2758739936897263, 6.328
0.0023490981963927853, 0.5918263933212962, 5.608058846462516E-4, 3.24000770632847, -0.00474216199016315, 0.0, 7.715452500761805E-4, -0.00397061674008671, -7.456564749211663, 0.0, 3.656803278417467, -3.7997614707945235, 0.9994128358923847, 0.0, 2.281023759693514, 3.280436595585109, 6.328
0.002354909819639278, 0.5932833695360824, 5.621933074968522E-4, 3.24431719923723, -0.004752505663251211, 0.0, 7.766257931725723E-4, -0.003975879870078525, -7.454064062135047, 0.0, 3.666895720097935, -3.787168342037068, 0.9994440104024765, 0.0, 2.285474449484676, 3.2849184598869945, 6.328000000000002
0.002360721442885771, 0.5947404788053823, 5.635807303474529E-4, 3.248683541876744, -0.004762845869694029, 0.0, 7.817202840999377E-4, -0.003981125585594283, -7.451567508626906, 0.0, 3.676910758419004, -3.7746567502119053, 0.9994770591277234, 0.0, 2.2898507650476914, 3.2893278241717523, 6.328000000000002
0.0023665330661322643, 0.5961977151199467, 5.649681531980536E-4, 3.2531182914754027, -0.0047731826152419615, 0.0, 7.868286212948383E-4, -0.003986353993946978, -7.4490751117671445, 0.0, 3.6868568542342937, -3.7622182575320915, 0.9995119249055006, 0.0, 2.2941613246882064, 3.29367324959421, 6.328
0.0023723446893787574, 0.5976550719965605, 5.663555760486544E-4, 3.257632999933776, -0.00478351590568172, 0.0, 7.919507151768618E-4, -0.0039915651905048505, -7.446586901003238, 0.0, 3.6967428160199978, -3.749844084984803, 0.9995485446037785, 0.0, 2.298415071633445, 3.297963616235646, 6.328000000000002
0.00237815631262525, 0.5991125424717385, 5.67742998899255E-4, 3.2622391885761317, -0.004793845746845274, 0.0, 7.970864886235607E-4, -0.003996759258222321, -7.444102912197723, 0.0, 3.706577795140402, -3.737525117057961, 0.9995868490844464, 0.0, 2.3026212687385645, 3.3022081178234415, 6.328000000000001
0.0023839679358717437, 0.6005701190957486, 5.691304217498558E-4, 3.266948322987446, -0.004804172144618938, 0.0, 8.022358774427835E-4, -0.004001936267176126, -7.441623187658448, 0.0, 3.7163712805052826, -3.7252519071533143, 0.9996267631840449, 0.0, 2.3067894925976558, 3.306416255781502, 6.328000000000001
0.002389779559118236, 0.6020277939271106, 5.705178446004564E-4, 3.2717717872528738, -0.004814495104952068, 0.0, 8.07398830841341E-4, -0.004007096274110597, -7.43914777616295, 0.0, 3.726133092482506, -3.713014683680742, 0.9996682056995322, 0.0, 2.3109296269243402, 3.310597832623347, 6.328000000000001
0.002395591182364729, 0.6034855585274839, 5.719052674510571E-4, 3.27672085714039, -0.0048248146338663415, 0.0, 8.125753118756046E-4, -0.004012239321990782, -7.436676732961076, 0.0, 3.7358733760896525, -3.700803356869251, 0.9997110893966583, 0.0, 2.3150518552507253, 3.3147629446496345, 6.328000000000002
0.002401402805611222, 0.6049434039570114, 5.732926903016577E-4, 3.2818066734798776, -0.004835130737464446, 0.0, 8.177652978975797E-4, -0.004017365439567322, -7.434210119778388, 0.0, 3.745602593543469, -3.688607526233238, 0.9997553210163908, 0.0, 2.319166652999235, 3.3189219740181017, 6.328000000000002
0.0024072144288577154, 0.6064013207701755, 5.746801131522586E-4, 3.28704021552403, -0.0048454434219392765, 0.0, 8.229687809897107E-4, -0.004022474640949625, -7.431748004789869, 0.0, 3.7553315158876117, -3.6764164889018853, 0.9998008013117629, 0.0, 2.3232847786592625, 3.323085579971499, 6.328000000000001
0.002413026052104208, 0.6078592990121101, 5.760675360028592E-4, 3.292432272755832, -0.004855752693582613, 0.0, 8.281857683890698E-4, -0.004027566925193959, -7.4292904625949046, 0.0, 3.765071213967036, -3.664219248634774, 0.9998474250824044, 0.0, 2.327417264335409, 3.327264689411631, 6.328000000000002
0.002418837675350701, 0.6093173282154223, 5.774549588534599E-4, 3.2979934177983523, -0.004866058558794509, 0.0, 8.334162828955993E-4, -0.004032642275899112, -7.426837574161497, 0.0, 3.7748330485021033, -3.6520045256625338, 0.9998950812409185, 0.0, 2.3315754054292097, 3.3314704866673384, 6.328000000000002
0.002424649298597194, 0.6107753973976773, 5.788423817040605E-4, 3.3037339774346037, -0.004876361024091337, 0.0, 8.38660363263799E-4, -0.004037700660827703, -7.424389426771986, 0.0, 3.7846286594514753, -3.6397607673191867, 0.9999436528752962, 0.0, 2.3357707496438738, 3.3357144025207814, 6.328000000000002
0.0024304609218436875, 0.61223349505933, 5.802298045546613E-4, 3.3096640056865, -0.004886660096115208, 0.0, 8.439180645856137E-4, -0.004042742031529517, -7.421946113936056, 0.0, 3.7944699543480525, -3.627476159585251, 0.9999930173462854, 0.0, 2.340015084982391, 3.3400081023312955, 6.328
0.00243627254509018, 0.6136916091823099, 5.816172274052619E-4, 3.3157932544854702, -0.0048969557816419575, 0.0, 8.491894586536153E-4, -0.004047766322989005, -7.419507735298469, 0.0, 3.8043690959203667, -3.615138639385632, 1.0000430463874268, 0.0, 2.3443204270697917, 3.3443634734508283, 6.328000000000003
0.002442084168336673, 0.6151497272292437, 5.830046502558626E-4, 3.322131146072934, -0.004907248087590225, 0.0, 8.544746343027432E-4, -0.004052773453287223, -7.417074396521972, 0.0, 3.8143384886641623, -3.6027359078597, 1.0000936062316712, 0.0, 2.3486990054666594, 3.348792611695995, 6.328
0.002447895791583166, 0.6166078361433527, 5.843920731064634E-4, 3.328686744243896, -0.004917537021029047, 0.0, 8.597736977400405E-4, -0.00405776332328911, -7.414646209157805, 0.0, 3.8243907646279953, -3.590255444526402, 1.000144557747721, 0.0, 2.3531632492208714, 3.3533078069721767, 6.328000000000001
0.0024537074148296588, 0.6180659223489853, 5.85779495957064E-4, 3.3354687258142803, -0.004927822589186176, 0.0, 8.650867728443312E-4, -0.0040627358163420335, -7.412223290493815, 0.0, 3.834538768161171, -3.577684522329891, 1.000195756599925, 0.0, 2.357725771436308, 3.3579215280393093, 6.328000000000001
0.002459519038076152, 0.6195239717528735, 5.871669188076647E-4, 3.3424853534688737, -0.004938104799456352, 0.0, 8.704140014564044E-4, -0.004067690798000123, -7.409805763379151, 0.0, 3.844795539613062, -3.5650102237692445, 1.000247053431364, 0.0, 2.362399352811671, 3.3626464062401786, 6.328
0.0024653306613226446, 0.6209819697461785, 5.885543416582653E-4, 3.3497444469594484, -0.0049483836594081424, 0.0, 8.7575554363295E-4, -0.004072628115775079, -7.407393756039379, 0.0, 3.855174298198588, -3.5522194578439312, 1.0002982940540044, 0.0, 2.367196924409298, 3.3674952184599687, 6.328000000000001
0.002471142284569138, 0.622439901207277, 5.899417645088661E-4, 3.3572533554579422, -0.0049586591767918, 0.0, 8.811115778869227E-4, -0.004077547598905246, -7.4049874018584765, 0.0, 3.8656884236950697, -3.5392989781602813, 1.0003493196735969, 0.0, 2.372131549279747, 3.3724808689570938, 6.328000000000001
0.002476953907815631, 0.6238977505053329, 5.913291873594667E-4, 3.3650189313739247, -0.004968931359545937, 0.0, 8.864823013929324E-4, -0.00408244905815347, -7.402586839144555, 0.0, 3.876351437141904, -3.526235402006565, 1.0003999671287858, 0.0, 2.377216403149335, 3.3776163702749957, 6.328000000000001
0.002482765531062124, 0.6253555015047323, 5.927166102100674E-4, 3.3730475021129678, -0.0049792002158044885, 0.0, 8.918679301720134E-4, -0.0040873322856324334, -7.400192210875224, 0.0, 3.8871769803954237, -3.513015230475261, 1.0004500691509535, 0.0, 2.382464753997851, 3.3829148231532726, 6.328000000000002
0.002488577154308617, 0.6268131375703514, 5.941040330606682E-4, 3.3813448450564465, -0.004989465753902973, 0.0, 8.972686992464174E-4, -0.004092197054656493, -7.397803664408465, 0.0, 3.898178794639909, -3.4996248697729904, 1.0004994546573218, 0.0, 2.387889940642531, 3.388389395295312, 6.328000000000001
0.0024943887775551103, 0.6282706415738044, 5.954914559112689E-4, 3.3899161612389435, -0.004999727982383776, 0.0, 9.026848627539663E-4, -0.0040970431196299395, -7.395421351191033, 0.0, 3.9093706977223577, -3.486050653472396, 1.000547949044836, 0.0, 2.3935053502127026, 3.3940532992540358, 6.328
0.0025002004008016026, 0.6297279959005202, 5.968788787618695E-4, 3.3987660508300905, -0.005009986910002316, 0.0, 9.081166940468344E-4, -0.004101870215955539, -7.393045426412116, 0.0, 3.920766560321015, -3.472278866096935, 1.0005953745402278, 0.0, 2.399324394482314, 3.399919769016805, 6.328000000000003
0.0025060120240480957, 0.6311851824578167, 5.982663016124702E-4, 3.407898489052968, -0.005020242545731805, 0.0, 9.135644857433955E-4, -0.004106678059988683, -7.390676048657129, 0.0, 3.932380280886236, -3.4582957677657147, 1.0006415505475301, 0.0, 2.4053604850509673, 3.4060020356041343, 6.328000000000003
0.002511823647294589, 0.6326421826840298, 5.996537244630709E-4, 3.4173168028864893, -0.005030494898767399, 0.0, 9.190285497470141E-4, -0.004111466349020959, -7.388313379521345, 0.0, 3.944225759457965, -3.444087620060285, 1.0006862940347494, 0.0, 2.411627007453363, 3.412313301492166, 6.328
0.002517635270541082, 0.6340989775586059, 6.010411473136716E-4, 3.4270236495431163, -0.005040743978530601, 0.0, 9.245092172349978E-4, -0.004116234761295412, -7.385957583193776, 0.0, 3.9563168700260145, -3.4296407131695767, 1.0007294199506769, 0.0, 2.41813729385714, 3.4188667138056834, 6.328000000000001
0.0025234468937875747, 0.6355555476133015, 6.024285701642723E-4, 3.4370209950066055, -0.005050989794671879, 0.0, 9.300068385976468E-4, -0.004120982956073854, -7.383608826026588, 0.0, 3.9686674318717277, -3.4149413941596527, 1.0007707416532081, 0.0, 2.4249045948202754, 3.425675336468063, 6.328
0.0025292585170340683, 0.6370118729444991, 6.038159930148731E-4, 3.4473100948707724, -0.005061232357073843, 0.0, 9.35521783341331E-4, -0.004125710573733066, -7.381267276058419, 0.0, 3.9812911793586236, -3.399976096696849, 1.0008100713847046, 0.0, 2.4319420495513135, 3.4327521209398797, 6.328000000000002
0.002535070140280561, 0.6384679332266177, 6.052034158654737E-4, 3.4578914758712926, -0.005071471675853617, 0.0, 9.410544399535703E-4, -0.004130417235900269, -7.3789331025137574, 0.0, 3.99420173051252, -3.3847313720123986, 1.000847220770004, 0.0, 2.439262655015381, 3.4401098757745916, 6.328000000000002
0.002540881763527054, 0.6399237077267887, 6.065908387160744E-4, 3.4687649193874677, -0.005081707761362811, 0.0, 9.466052157137139E-4, -0.0041351025456496104, -7.376606475281674, 0.0, 4.007412554164447, -3.3691939211161555, 1.0008820013311306, 0.0, 2.446879233685486, 3.447761235018535, 6.328000000000002
0.0025466933867735464, 0.6413791753206359, 6.07978261566675E-4, 3.4799294464319246, -0.005091940624189549, 0.0, 9.521745364678147E-4, -0.004139766087722069, -7.374287564340887, 0.0, 4.020936935704938, -3.3533506286380015, 1.0009142250591647, 0.0, 2.454804399955726, 3.455718625013388, 6.328
0.0025525050100200395, 0.642834314509428, 6.093656844172757E-4, 3.4913833043501654, -0.005102170275157263, 0.0, 9.577628463446897E-4, -0.004144407428812669, -7.371976539170329, 0.0, 4.034787941440638, -3.337188597728351, 1.0009437049953183, 0.0, 2.4630505252443533, 3.4639942302411675, 6.328000000000001
0.0025583166332665327, 0.6442891034385263, 6.107531072678765E-4, 3.503123955721094, -0.005112396725323527, 0.0, 9.633706074270165E-4, -0.0041490261178969146, -7.369673568119424, 0.0, 4.048978381385135, -3.320695186732056, 1.0009702558525249, 0.0, 2.4716297015944946, 3.472599957449913, 6.328000000000001
0.0025641282565130254, 0.6457435199170272, 6.121405301184771E-4, 3.5151480688327865, -0.005122619985978898, 0.0, 9.689982993731638E-4, -0.004153621686606185, -7.367378817736032, 0.0, 4.063520770609733, -3.3038580471361807, 1.000993694679437, 0.0, 2.480553703904284, 3.4815473985745773, 6.328000000000002
0.002569939879759519, 0.6471975414389783, 6.135279529690779E-4, 3.5274515111486835, -0.005132840068642739, 0.0, 9.746464189745174E-4, -0.004158193649667574, -7.365092452075648, 0.0, 4.078427289078918, -3.2866651630087844, 1.0010138415383871, 0.0, 2.489833950734902, 3.4908477922601806, 6.328000000000002
0.0025757515030060117, 0.6486511452058958, 6.149153758196785E-4, 3.540029344330833, -0.00514305698506053, 0.0, 9.803154796685365E-4, -0.004162741505391809, -7.362814631949463, 0.0, 4.093709739822429, -3.2691048921339694, 1.001030520247073, 0.0, 2.499481463514031, 3.50051198375387, 6.328000000000001
0.002581563126252505, 0.6501043081508269, 6.163027986702792E-4, 3.5528758228902007, -0.005153270747197685, 0.0, 9.860060109789792E-4, -0.0041672647362187565, -7.360545514159962, 0.0, 4.1093795056491675, -3.25116600850508, 1.001043559127168, 0.0, 2.509506824385407, 3.510550383518371, 6.328000000000002
0.0025873747494989975, 0.6515570069638352, 6.176902215208798E-4, 3.565984393375402, -0.005163481367234039, 0.0, 9.917185579042809E-4, -0.004171762809329405, -7.358285250681005, 0.0, 4.125447504122942, -3.2328377465684506, 1.0010527918097598, 0.0, 2.5199201323888283, 3.520972924187628, 6.328000000000001
0.002593186372745491, 0.6530092181191045, 6.190776443714806E-4, 3.5793477003171574, -0.005173688857556397, 0.0, 9.97453680244953E-4, -0.004176235177311943, -7.356033987795113, 0.0, 4.141924140793376, -3.214109847002452, 1.0010580580806336, 0.0, 2.530730957977642, 3.5317890160583687, 6.328000000000002
0.002598997995991984, 0.6544609179036813, 6.204650672220813E-4, 3.5929575905465754, -0.005183893230750225, 0.0, 0.0010032119518488813, -0.0041806812789005054, -7.353791865210488, 0.0, 4.158819260947707, -3.194972604265191, 1.0010592047447016, 0.0, 2.5419482961721767, 3.543007500913116, 6.328
0.0026048096192384765, 0.6559120824477414, 6.21852490072682E-4, 3.6068051247384574, -0.005194094499589486, 0.0, 0.0010089939598115216, -0.004185100539778136, -7.351559015108705, 0.0, 4.176142099396318, -3.175416915707506, 1.0010560865569655, 0.0, 2.5535805178006727, 3.554636604362796, 6.328000000000001
0.0026106212424849696, 0.6573626877566996, 6.232399129232827E-4, 3.620880589729495, -0.005204292677026023, 0.0, 0.0010148003035855835, -0.004189492373440018, -7.349335561167359, 0.0, 4.193901228626763, -3.155434332542709, 1.0010485671781604, 0.0, 2.5656353192345, 3.56668388640987, 6.328000000000002
0.0026164328657314628, 0.6588127097449035, 6.246273357738834E-4, 3.6351735164607817, -0.005214487776176519, 0.0, 0.001020631594025767, -0.0041938561821517895, -7.347121617534625, 0.0, 4.212104505094866, -3.135017112433539, 1.0010365201748275, 0.0, 2.5781196703433524, 3.57915619052606, 6.328000000000002
0.0026222444889779555, 0.6602621242712878, 6.26014758624484E-4, 3.649672700008523, -0.0052246798103089825, 0.0, 0.0010264884523599194, -0.004198191357948744, -7.344917287750203, 0.0, 4.230759013604308, -3.1141582741501512, 1.0010198300726294, 0.0, 2.5910397606343314, 3.592059590702194, 6.328000000000002
0.0026280561122244486, 0.6617109071767207, 6.274021814750847E-4, 3.6643662244678126, -0.0052348687928270195, 0.0, 0.0010323715090783114, -0.004202497283748996, -7.3427226636353, 0.0, 4.249871009914716, -3.0928516537238875, 1.0009983934374118, 0.0, 2.604400943726703, 3.60539933716127, 6.328000000000002
0.0026338677354709418, 0.66315903432336, 6.287896043256855E-4, 3.6792414932751853, -0.0052450547372525635, 0.0, 0.001038281402736485, -0.004206773334516856, -7.340537824113946, 0.0, 4.269445861437282, -3.071091962687319, 1.0009721200228763, 0.0, 2.6182076800269214, 3.6191798000403783, 6.328000000000002
0.002639679358717435, 0.6646064816358286, 6.301770271762862E-4, 3.6942852609208785, -0.005255237657208081, 0.0, 0.0010442187786901536, -0.004211018878518102, -7.3383628340058955, 0.0, 4.289487985739825, -3.0488748482658026, 1.0009409339462416, 0.0, 2.6324634772947677, 3.6334044112415556, 6.328000000000002
0.0026454909819639276, 0.6660532251445299, 6.315644500268868E-4, 3.7094836736432626, -0.005265417566394603, 0.0, 0.0010501842877270184, -0.004215233278668962, -7.336197742752464, 0.0, 4.310000787444162, -3.0261969553043433, 1.0009047749247797, 0.0, 2.64717082973785, 3.64807560466877, 6.328000000000002
0.0026513026052104203, 0.6674992410308569, 6.329518728774874E-4, 3.7248223105088982, -0.0052755944785711165, 0.0, 0.0010561785846164295, -0.004219415893954581, -7.334042583101384, 0.0, 4.3309865926738516, -3.003055990428366, 1.0008635995559614, 0.0, 2.6623311547573887, 3.6631947543123484, 6.328000000000003
0.0026571142284569135, 0.6689445056746282, 6.343392957280882E-4, 3.7402862332892255, -0.0052857684075290155, 0.0, 0.0010622023265713931, -0.004223566080957475, -7.331897369737494, 0.0, 4.352446581744726, -2.979450787999793, 1.0008173826444526, 0.0, 2.677944728044793, 3.67876211068199, 6.328000000000003
0.002662925851703406, 0.6703889957036049, 6.357267185786888E-4, 3.7558600399097486, -0.0052959393670671435, 0.0, 0.0010682561716053862, -0.004227683195461962, -7.329762097854849, 0.0, 4.374380719569608, -2.9553813782903613, 1.0007661185891856, 0.0, 2.694010616526408, 3.6947767351107967, 6.328000000000002
0.0026687374749498993, 0.6718326880452468, 6.371141414292895E-4, 3.7715279242365796, -0.005306107370963129, 0.0, 0.0010743407767979107, -0.004231766594165465, -7.327636741675948, 0.0, 4.396787683977234, -2.9308490576959763, 1.0007098228179911, 0.0, 2.7105266093325002, 3.7112364321536155, 6.328000000000002
0.0026745490981963924, 0.6732755599807057, 6.385015642798903E-4, 3.7872737419274927, -0.005316272432943549, 0.0, 0.0010804567964607936, -0.004235815636483398, -7.325521252914195, 0.0, 4.419664791812982, -2.9058564610959148, 1.0006485332778015, 0.0, 2.7274891466689555, 3.7281376799530594, 6.328000000000002
0.0026803607214428856, 0.6747175892012187, 6.39888987130491E-4, 3.803081081743585, -0.005326434566651203, 0.0, 0.0010866048801945194, -0.004239829686457197, -7.323415559182825, 0.0, 4.443007922839516, -2.8804076363559292, 1.0005823119744668, 0.0, 2.744893246624701, 3.745475558587351, 6.328000000000001
0.0026861723446893783, 0.6761587538667939, 6.412764099810916E-4, 3.818933343885874, -0.0053365937856110525, 0.0, 0.0010927856708370376, -0.00424380811477415, -7.321319562341798, 0.0, 4.466811441263983, -2.8545081210743026, 1.0005112465731978, 0.0, 2.7627324297356184, 3.763243676312539, 6.328000000000003
0.0026919839679358714, 0.6775990326673407, 6.426638328316923E-4, 3.8348138259971165, -0.005346750103192778, 0.0, 0.001098999802317313, -0.004247750300876041, -7.319233136775287, 0.0, 4.49106811511848, -2.828165021655616, 1.0004354520638197, 0.0, 2.7809986415106027, 3.7814340935765105, 6.328000000000002
0.0026977955911823646, 0.67903840488641, 6.44051255682293E-4, 3.8507058140385197, -0.005356903532572038, 0.0, 0.0011052478973699875, -0.00425165563520391, -7.317156127623388, 0.0, 4.515769033088004, -2.801387094538896, 1.0003550724705519, 0.0, 2.799682172580119, 3.800037245050046, 6.328000000000002
0.0027036072144288577, 0.6804768504674019, 6.454386785328937E-4, 3.8665926830799435, -0.005367054086687879, 0.0, 0.0011115305651485663, -0.004255523521538573, -7.315088348943236, 0.0, 4.540903519123092, -2.7741848298125253, 1.0002702826271435, 0.0, 2.818771576743815, 3.8190418593774327, 6.328000000000003
0.00270941883767535, 0.6819143500823444, 6.468261013834943E-4, 3.8824580044092727, -0.00537720177819918, 0.0, 0.001117848398728305, -0.004259353379470365, -7.31302958179875, 0.0, 4.566459044480919, -2.746570537314021, 1.0001812900227487, 0.0, 2.838253586572925, 3.838434876598695, 6.328
0.0027152304609218436, 0.683350885203537, 6.482135242340952E-4, 3.8982856600778177, -0.0053873466194364825, 0.0, 0.0011242019724572172, -0.0042631446469796885, -7.310979572301673, 0.0, 4.592421137307247, -2.718558434998474, 1.0000883366901507, 0.0, 2.858113026742087, 3.8582013634288432, 6.328000000000002
0.0027210420841683363, 0.6847864381777793, 6.496009470846958E-4, 3.914059967304638, -0.005397488622353206, 0.0, 0.0011305918392053305, -0.004266896783147622, -7.308938029562927, 0.0, 4.6187732897201705, -2.69016473985853, 0.9999917011837168, 0.0, 2.8783327249715445, 3.8783244261390966, 6.328000000000002
0.0027268537074148294, 0.6862209923034808, 6.509883699352965E-4, 3.929765810367826, -0.005407627798471978, 0.0, 0.0011370185274726108, -0.004270609271000814, -7.306904623596382, 0.0, 4.645496862287091, -2.6614077613149463, 0.9998917005982516, 0.0, 2.898893420530333, 3.898785121125152, 6.328000000000002
0.002732665330661322, 0.6876545319106722, 6.523757927858971E-4, 3.9453887829658925, -0.005417764158829164, 0.0, 0.0011434825383608294, -0.004274281620468612, -7.304878983136695, 0.0, 4.672570985950157, -2.6323079971882044, 0.9997886926720796, 0.0, 2.9197736703451187, 3.9195623630159573, 6.328000000000003
0.0027384769539078157, 0.6890870424439068, 6.537632156364979E-4, 3.960915337309416, -0.005427897713916326, 0.0, 0.0011499843424161438, -0.004277913371501074, -7.302860693398731, 0.0, 4.699972461171587, -2.60288823222262, 0.9996830779448034, 0.0, 2.940949752473409, 3.9406328304241, 6.328000000000002
0.0027442885771543084, 0.6905185105482579, 6.551506384870985E-4, 3.976332945690956, -0.005438028473618007, 0.0, 0.0011565243763169142, -0.004281504097301603, -7.30084929374997, 0.0, 4.727675654467452, -2.5731736392829334, 0.9995753019975527, 0.0, 2.962395567146453, 3.961970869144368, 6.328000000000003
0.002750100200400801, 0.6919489241583019, 6.565380613376992E-4, 3.991630271288159, -0.005448156447146087, 0.0, 0.0011631030394282371, -0.004285053407716011, -7.298844275320523, 0.0, 4.755652392159445, -2.543191883165304, 0.999465857751493, 0.0, 2.9840825351759683, 3.9835483929204343, 6.328000000000003
0.0027559118236472947, 0.6933782725903193, 6.579254841883E-4, 4.006797347501561, -0.005458281642972223, 0.0, 0.0011697206902083757, -0.004288560952764198, -7.296845078525416, 0.0, 4.783871851290331, -2.512973227225561, 0.9993552878523179, 0.0, 3.0059794936907602, 4.005334781553135, 6.328000000000003
0.002761723446893787, 0.6948065466377598, 6.593129070389006E-4, 4.021825772942975, -0.005468404068754276, 0.0, 0.0011763776424364436, -0.004292026426318596, -7.2948510905299555, 0.0, 4.812300447826915, -2.4825506427075643, 0.99924418710372, 0.0, 3.0280525893710886, 4.0272967764714425, 6.328000000000001
0.00276753507014028, 0.6962337386699149, 6.607003298895013E-4, 4.036708910804009, -0.005478523731261967, 0.0, 0.0011830741613222395, -0.004295449569940046, -7.292861642603011, 0.0, 4.840901721710489, -2.451959920890736, 0.9991332050130338, 0.0, 3.0502651686454976, 4.049398373660801, 6.328000000000001
0.002773346693386773, 0.6976598427339402, 6.620877527401019E-4, 4.051442106865579, -0.005488640636296893, 0.0, 0.00118981045942812, -0.004298830176868718, -7.29087600741524, 0.0, 4.869636219192885, -2.4212397882253316, 0.9990230483847259, 0.0, 3.0725776653924313, 4.071600713774098, 6.328000000000002
0.0027791583166332664, 0.6990848546605353, 6.634751755907027E-4, 4.066022914921632, -0.005498754788608926, 0.0, 0.0011965866924283919, -0.004302168096180947, -7.288893396257599, 0.0, 4.898461372172399, -2.3904320240802, 0.9989144839894571, 0.0, 3.0949474858193016, 4.093861969814382, 6.328000000000003
0.002784969939879759, 0.7005087721728316, 6.648625984413034E-4, 4.080451335845282, -0.005508866191809309, 0.0, 0.0012034029547043357, -0.004305463237105067, -7.286912956155867, 0.0, 4.927331374374348, -2.3595815817735426, 0.9988083413336207, 0.0, 3.1173288903639973, 4.116137231705736, 6.328000000000002
0.0027907815631262522, 0.7019315949991691, 6.662500212919041E-4, 4.0947300713160075, -0.0055189748482798034, 0.0, 0.0012102592747664787, -0.004308715573514088, -7.284933766905821, 0.0, 4.956197054476265, -2.3287367124323546, 0.9987055155037087, 0.0, 3.1396728727288425, 4.138378388230899, 6.328000000000001
0.002796593186372745, 0.7033533249892585, 6.676374441425047E-4, 4.1088647887299885, -0.00552908075907739, 0.0, 0.0012171556104951797, -0.004311925148581919, -7.282954838029895, 0.0, 4.985005746116764, -2.297949091917715, 0.998606970084072, 0.0, 3.1619270359966913, 4.160534006075744, 6.328000000000004
0.0028024048096192385, 0.7047739662343515, 6.690248669931055E-4, 4.122864400669641, -0.005539183923833801, 0.0, 0.0012240918441986937, -0.004315092079634986, -7.280975105649607, 0.0, 5.013701154745238, -2.2672739509044884, 0.9985137401527168, 0.0, 3.184035465784669, 4.182549205937085, 6.328
0.002808216432865731, 0.7061935251911198, 6.704122898437061E-4, 4.136741359674488, -0.005549284340652102, 0.0, 0.001231067777485717, -0.004318216563166333, -7.278993429235664, 0.0, 5.04222322123522, -2.236770207995443, 0.9984269353966905, 0.0, 3.2059386003600316, 4.204365535761644, 6.328000000000003
0.0028140280561122243, 0.7076120108094788, 6.717997126943068E-4, 4.150511966137856, -0.005559382005997621, 0.0, 0.0012380831259427572, -0.004321298880055613, -7.277008588307882, 0.0, 5.0705079821042816, -2.2065006062031243, 0.9983477432708725, 0.0, 3.2275730975725136, 4.225920840844977, 6.328000000000001
0.002819839679358717, 0.7090294346642443, 6.731871355449076E-4, 4.164196693825943, -0.005569476914585578, 0.0, 0.0012451375136236509, -0.004324339400960775, -7.2750192790107, 0.0, 5.098487426498543, -2.1765318525099553, 0.9982774322780493, 0.0, 3.248871698747326, 4.247149131025867, 6.328000000000001
0.00282565130260521, 0.7104458110911782, 6.745745583955083E-4, 4.177820526929281, -0.005579569059262036, 0.0, 0.001252230467335358, -0.004327338591927465, -7.273024110600415, 0.0, 5.126089349753247, -2.1469347608418112, 0.9982173553291237, 0.0, 3.269763089370972, 4.2679804447066205, 6.328000000000002
0.002831462925851703, 0.7118611573269584, 6.759619812461089E-4, 4.191413319458661, -0.005589658430880457, 0.0, 0.001259361410695603, -0.004330297020185947, -7.271021601851043, 0.0, 5.153237203589375, -2.1177843982636317, 0.9981689531800917, 0.0, 3.290171756662878, 4.288340709842622, 6.328000000000002
0.0028372745490981956, 0.7132754936533825, 6.773494040967095E-4, 4.205010166639113, -0.005599745018175537, 0.0, 0.0012665296580310903, -0.004333215360144416, -7.269010177325055, 0.0, 5.179849942512964, -2.08916023480471, 0.9981337580020455, 0.0, 3.310017843494449, 4.3081516015038295, 6.328000000000002
0.002843086172344689, 0.7146888435460159, 6.787368269473103E-4, 4.218651795134065, -0.005609828807627313, 0.0, 0.0012737344080040458, -0.00433609439962257, -7.266988163587388, 0.0, 5.205841867154287, -2.061146296435541, 0.99811339699553, 0.0, 3.329216999556047, 4.32733039654811, 6.328000000000002
0.002848897795591182, 0.716101233827251, 6.801242497979109E-4, 4.232384972048749, -0.0056199097833252686, 0.0, 0.0012809747370620128, -0.004338935046263592, -7.264953785278198, 0.0, 5.231122463531648, -2.0338313217581585, 0.9981095961482725, 0.0, 3.347680228612608, 4.345789824749768, 6.328000000000001
0.002854709418837675, 0.7175126948237818, 6.815116726485116E-4, 4.246262930260855, -0.005629987926821192, 0.0, 0.0012882495926304083, -0.004341738334192269, -7.262905161103469, 0.0, 5.2555962389169135, -2.007308922184234, 0.9981241840605822, 0.0, 3.365313732640869, 4.363437916705951, 6.328000000000001
0.002860521042084168, 0.7189232605286424, 6.828990954991124E-4, 4.260345817383495, -0.005640063216982127, 0.0, 0.0012955577860981338, -0.004344505430883494, -7.260840299710192, 0.0, 5.279162553969481, -1.9816777457485684, 0.9981590958885936, 0.0, 3.3820187524372125, 4.380177848317217, 6.328000000000001
0.0028663326653306613, 0.7203329687682256, 6.842865183497131E-4, 4.274701156333322, -0.005650135629832687, 0.0, 0.0013028979855546075, -0.0043472376442776905, -7.258757095453992, 0.0, 5.301715450948166, -1.9570416445122554, 0.9982163773817162, 0.0, 3.3976914045636284, 4.395907781938347, 6.328000000000001
0.0028721442885771536, 0.7217418613735997, 6.856739412003137E-4, 4.2894043365377, -0.005660205138394783, 0.0, 0.0013102687082906517, -0.004349936430104173, -7.256653324057041, 0.0, 5.323143478277228, -1.9335098457793363, 0.9982981890283948, 0.0, 3.412222514886164, 4.410520703915095, 6.328000000000001
0.0028779559118236467, 0.7231499843571925, 6.870613640509144E-4, 4.3045391154737445, -0.0056702717125186874, 0.0, 0.0013176683130510236, -0.004352603399467414, -7.254526638155965, 0.0, 5.343329511199857, -1.9111971269631316, 0.9984068103016231, 0.0, 3.4254974484535983, 4.423904258747834, 6.328000000000002
0.00288376753507014, 0.7245573880940395, 6.884487869015151E-4, 4.320198149522184, -0.005680335318710823, 0.0, 0.001325094992042919, -0.004355240326668897, -7.252374562726302, 0.0, 5.362150568282907, -1.8902239944622645, 0.998544644025694, 0.0, 3.437395935470288, 4.435940579478554, 6.328000000000003
0.002889579158316633, 0.7259641275083428, 6.898362097521158E-4, 4.336483543738723, -0.005690395919951803, 0.0, 0.001332546762663589, -0.004357849157286209, -7.250194490407837, 0.0, 5.379477624289101, -1.8707168661387368, 0.9987142208304095, 0.0, 3.4477918939293923, 4.446506114736895, 6.328000000000002
0.0028953907815631257, 0.7273702622650955, 6.912236326027164E-4, 4.353507422667462, -0.0057004534755103545, 0.0, 0.0013400214590101323, -0.004360432016501603, -7.247983676686547, 0.0, 5.395175418620482, -1.8528082580666603, 0.9989182037454144, 0.0, 3.4565532480149312, 4.455471451761748, 6.328
0.0029012024048096193, 0.7287758569669833, 6.926110554533173E-4, 4.371392529952573, -0.005710507940749683, 0.0, 0.0013475167230648788, -0.004362991217686019, -7.245739234982672, 0.0, 5.409102259961706, -1.8366369750220972, 0.9991593928801582, 0.0, 3.463541743052367, 4.462701135933147, 6.328
0.002907014028056112, 0.730180981356586, 6.939984783039179E-4, 4.390272844262654, -0.0057205592669259675, 0.0, 0.0013550299956536227, -0.004365529271272428, -7.243458131594072, 0.0, 5.421109826519336, -1.8223483050873555, 0.999440730240035, 0.0, 3.468612756258868, 4.4680534864864025, 6.328000000000001
0.002912825651302605, 0.7315857105241577, 6.953859011545186E-4, 4.410294228160637, -0.00573060740098201, 0.0, 0.001362558507101208, -0.0043680488938809825, -7.241137180540716, 0.0, 5.431042962173354, -1.8100942183830764, 0.9997653046372751, 0.0, 3.4716151037151777, 4.471380408336997, 6.328000000000001
0.002918637274549098, 0.7329901251207982, 6.967733240051192E-4, 4.4316150964586996, -0.00574065228533089, 0.0, 0.001370099267598679, -0.004370553017732592, -7.238773038247795, 0.0, 5.43873946824563, -1.8000335699833547, 1.0001363567518213, 0.0, 3.4723908432391246, 4.472527200010304, 6.328000000000001
0.002924448897795591, 0.7343943115775016, 6.9816074685572E-4, 4.4544071124109905, -0.005750693857635221, 0.0, 0.0013776490572975364, -0.004373044800338954, -7.236362198133056, 0.0, 5.444029891094882, -1.7923323070557942, 1.0005572842847137, 0.0, 3.4707750733440963, 4.471332357613008, 6.328000000000003
0.0029302605210420837, 0.735798362329751, 6.995481697063206E-4, 4.478855913475854, -0.005760732050575139, 0.0, 0.001385204416082697, -0.004375527634493781, -7.233900985047224, 0.0, 5.446737304869533, -1.7871636801617377, 1.0010316472453724, 0.0, 3.4665957276794677, 4.467627374942707, 6.328
0.0029360721442885764, 0.7372023760480708, 7.009355925569213E-4, 4.505161859473446, -0.0057707667916127026, 0.0, 0.0013927616330584591, -0.0043780051585545765, -7.231385549576858, 0.0, 5.446677090443265, -1.7847084591547848, 1.0015631733745616, 0.0, 3.459673365924373, 4.461236539278219, 6.328000000000002
0.00294188376753507, 0.738606457874674, 7.023230154075221E-4, 4.5335408155369805, -0.005780798002743906, 0.0, 0.0014003167357172774, -0.004380481267027392, -7.22881186223245, 0.0, 5.443656709112259, -1.7851551531042378, 1.0021557636677267, 0.0, 3.449820959753048, 4.451976723437816, 6.328000000000001
0.0029476953907815627, 0.7400107196660297, 7.037104382581227E-4, 4.564224958056002, -0.00579082560024672, 0.0, 0.0014078654787902378, -0.00438296012145678, -7.2261757074800705, 0.0, 5.437475472332269, -1.7887002351330388, 1.002813498052547, 0.0, 3.436843675147205, 4.439657173214938, 6.328000000000001
0.002953507014028056, 0.7414152802416876, 7.050978611087234E-4, 4.597463614569278, -0.0058008494944170735, 0.0, 0.0014154033327841153, -0.0043854461616339435, -7.223472677635766, 0.0, 5.427924306278342, -1.7955483713568288, 1.0035406411900634, 0.0, 3.4205386498270802, 4.4240792910191375, 6.328000000000001
0.0029593186372745485, 0.7428202656394589, 7.06485283959324E-4, 4.633524132179446, -0.005810869589298925, 0.0, 0.0014229254721709328, -0.004387944117129172, -7.220698166635652, 0.0, 5.414785511956725, -1.8059126546670203, 1.0043416483953524, 0.0, 3.40069476657489, 4.405036414983818, 6.328000000000001
0.002965130260521042, 0.7442258093770029, 7.078727068099248E-4, 4.672692782129161, -0.005820885782404542, 0.0, 0.0014304267632585521, -0.004390459019147475, -7.217847363632549, 0.0, 5.397832520528014, -1.8200148431045355, 1.0052211717214237, 0.0, 3.3770924220647394, 4.38231359378826, 6.328000000000002
0.002970941883767535, 0.7456320527198397, 7.092601296605254E-4, 4.715275688649854, -0.005830897964425645, 0.0, 0.0014379017517122117, -0.004392996212714495, -7.21491524647941, 0.0, 5.3768296435615035, -1.8380856029175494, 1.006184066147254, 0.0, 3.3495032909573648, 4.355687357106473, 6.328000000000001
0.0029767535070140275, 0.7470391449562293, 7.106475525111262E-4, 4.7615997988468735, -0.005840906018935346, 0.0, 0.0014453446497261213, -0.004395561369211265, -7.211896575041176, 0.0, 5.351531818698888, -1.8603647563356205, 1.0072353959282148, 0.0, 3.317690085734512, 4.324925481672264, 6.328000000000002
0.0029825651302605206, 0.748447243678612, 7.120349753617269E-4, 4.812013883187319, -0.005850909822081342, 0.0, 0.0014527493228333466, -0.00439816049924846, -7.208785884357828, 0.0, 5.321684350035823, -1.8871015343078372, 1.008380441087031, 0.0, 3.281406311593507, 4.289786752695359, 6.328000000000003
0.0029883767535070138, 0.7498565150720129, 7.134223982123276E-4, 4.866889570112107, -0.005860909242269952, 0.0, 0.0014601092763630863, -0.004400799965905033, -7.205577477667429, 0.0, 5.287022643577572, -1.9185548341002145, 1.009624704035923, 0.0, 3.2403960167408146, 4.250020720763812, 6.328000000000001
0.0029941883767535065, 0.7512671342095523, 7.148098210629282E-4, 4.926622420636704, -0.005870904139837443, 0.0, 0.0014674176415161444, -0.004403486498322007, -7.202265419272141, 0.0, 5.247271937614447, -1.9549934816590038, 1.0109739163421336, 0.0, 3.1943935379667168, 4.205367454308531, 6.328000000000001
0.0029999999999999996, 0.7526792853548816, 7.161972439135289E-4, 4.991633034616825, -0.005880894366716141, 0.0, 0.0014746671610776918, -0.004406227205639102, -7.198843527220292, 0.0, 5.202147027792254, -1.9966964994180378, 1.012434045674387, 0.0, 3.1431232412447905, 4.1555572869300885, 6.328000000000002
