phi0, phi, rho, Z_fit_curve, F_id, F_fr, F_ex, F_total, mu_id, mu_fr, mu_ex, mu_kT, PV_id, PV_fr, PV_ex, PV_NkT, alpha
1.0000000000000005E-4, 0.025527280755267986, 2.387324146378431E-5, 1.0568744449068277, -2.804766398920041E-4, 0.0, 1.430211676459577E-5, -2.661745231274554E-4, -10.260542411439351, 0.0, -0.7440009607750891, -11.004543372214359, 1.4880356070709095, 0.0, -1.3430866268875885, 0.1449489801853726, 6.327999999999971
1.0881763527054111E-4, 0.027747584254589012, 2.597829682331639E-5, 1.0603789923875784, -3.0203564729653097E-4, 0.0, 1.2805314401399941E-5, -2.89230332895178E-4, -10.222636001193958, 0.0, -0.6785461916306337, -10.901182192824516, 1.4038247075559642, 0.0, -1.1714697457993868, 0.23235496175846285, 6.327999999999973
1.1763527054108221E-4, 0.029967663875053955, 2.8083352182848475E-5, 1.0636969376497998, -3.235154855551667E-4, 0.0, 1.1443518445525589E-5, -3.1207196710968793E-4, -10.185322819698515, 0.0, -0.6157190375328773, -10.801041857231322, 1.3345086964532262, 0.0, -1.023203100369028, 0.3113055960859354, 6.3279999999999745
1.264529058116233E-4, 0.03218757662737274, 3.0188407542380556E-5, 1.066840209033626, -3.4491739414345987E-4, 0.0, 1.0211280318577667E-5, -3.3470611382492886E-4, -10.148594044085923, 0.0, -0.5554411703420394, -10.704035214427897, 1.2768974681523793, 0.0, -0.8936928752139301, 0.38320459294006104, 6.327999999999975
1.3527054108216437E-4, 0.034407376710492356, 3.229346290191264E-5, 1.069820428709715, -3.662425940690735E-4, 0.0, 9.103314807347334E-6, -3.571392792617728E-4, -10.112440950878636, 0.0, -0.49763570340924534, -10.610076654287818, 1.2286343367574304, 0.0, -0.7795291267004395, 0.4491052100584966, 6.327999999999975
1.4408817635270542E-4, 0.03662711557950669, 3.439851826144472E-5, 1.072648917701805, -3.874922880802394E-4, 0.0, 8.114497045420619E-6, -3.793777910348652E-4, -10.076854915260949, 0.0, -0.44222717636102565, -10.519082091621918, 1.1879410022584624, 0.0, -0.6781238793453424, 0.509817122914525, 6.327999999999977
1.529058116232465E-4, 0.03884684201271204, 3.65035736209768E-5, 1.0753367008328023, -4.086676608726829E-4, 0.0, 7.239859526743921E-6, -4.014278013459852E-4, -10.041827410353882, 0.0, -0.38914153995285783, -10.430968950306688, 1.1534507592837822, 0.0, -0.5874744374909644, 0.5659763217941367, 6.327999999999979
1.617234468937876E-4, 0.041066602177812335, 3.8608628980508885E-5, 1.0778945115955454, -4.29769879295024E-4, 0.0, 6.474589151000962E-6, -4.232952901440692E-4, -10.007350006492638, 0.0, -0.3383061409917439, -10.34565614748433, 1.1240962697268102, 0.0, -0.5060041225561652, 0.618092147171892, 6.327999999999979
1.7054108216432866E-4, 0.043286439697278696, 4.071368434004096E-5, 1.08033279694937, -4.5080009255266064E-4, 0.0, 5.8140243006559374E-6, -4.4498606825205085E-4, -9.97341437050661, 0.0, -0.28964970732782963, -10.263064077834395, 1.0990321510996184, 0.0, -0.4324524134670522, 0.666579737633745, 6.327999999999981
1.7935871743486975E-4, 0.04550639571286785, 4.2818739699573046E-5, 1.0826617220435837, -4.7175943241013876E-4, 0.0, 5.2536519495173544E-6, -4.665057804606674E-4, -9.940012265002025, 0.0, -0.24310233291506078, -10.18311459791704, 1.077580399334209, 0.0, -0.36579748897005643, 0.7117829103652736, 6.327999999999982
1.8817635270541083E-4, 0.047726508949303546, 4.492379505910513E-5, 1.0848911748689758, -4.926490133920149E-4, 0.0, 4.789104802677507E-6, -4.8785990858938325E-4, -9.90713554764708, 0.0, -0.19859546294087888, -10.105731010587922, 1.0591911561376002, 0.0, -0.30520054375332134, 0.7539906123853367, 6.3279999999999825
1.9699398797595193E-4, 0.04994681577712555, 4.7028850418637214E-5, 1.087030770838455, -5.134699329822168E-4, 0.0, 4.416158467681898E-6, -5.090537745145809E-4, -9.874776170459759, 0.0, -0.1560618790249573, -10.03083804948468, 1.043414013043686, 0.0, -0.24996505608266834, 0.7934489569620327, 6.327999999999984
2.05811623246493E-4, 0.05216735027471072, 4.913390577816929E-5, 1.0890898572979129, -5.342232718219074E-4, 0.0, 4.1307286567837264E-6, -5.300925431651695E-4, -9.842926179098122, 0.0, -0.11543568448697324, -9.958361863585061, 1.029876692178363, 0.0, -0.19950652297136365, 0.8303701692079675, 6.327999999999984
2.1462925851703404E-4, 0.05438814428947048, 5.123896113770137E-5, 1.0910775179683923, -5.549100939058582E-4, 0.0, 3.928868420137677E-6, -5.509812254857663E-4, -9.81157771215325, 0.0, -0.07665228968342376, -9.888230001836643, 1.0182689823293611, 0.0, -0.15332965262954396, 0.8649393297007419, 6.327999999999985
2.2344689378757512E-4, 0.05660922749822906, 5.334401649723345E-5, 1.0930025773206484, -5.755314467773364E-4, 0.0, 3.8067654097878375E-6, -5.71724681367594E-4, -9.780723000444725, 0.0, -0.03964839741347401, -9.820371397858173, 1.0083304786307548, 0.0, -0.11101095426153708, 0.897319524370094, 6.327999999999986
2.3226452905811623E-4, 0.05883062746678703, 5.544907185676554E-5, 1.0948736048831635, -5.960883617215103E-4, 0.0, 3.760739174304696E-6, -5.923276225472513E-4, -9.7503543663187, 0.0, -0.004361988393850918, -9.75471635471253, 0.9998411150648067, 0.0, -0.0721852909014083, 0.9276558241642431, 6.327999999999986
2.410821643286573E-4, 0.061052369708674586, 5.755412721629762E-5, 1.0966989194846746, -6.16581853957384E-4, 0.0, 3.787238483925262E-6, -6.127946154735041E-4, -9.720464222948554, 0.0, 0.029267693197228495, -9.6911965297513, 0.9926137747451779, 0.0, -0.03653538065866047, 0.956078394087329, 6.327999999999987
2.4989979959919836E-4, 0.06327447774309886, 5.96591825758297E-5, 1.098486593432278, -6.370129228282572E-4, 0.0, 3.882838686051656E-6, -6.331300841422511E-4, -9.691045073638099, 0.0, 0.061300154107086884, -9.62974491953099, 0.9864884647838036, 0.0, -0.0037835181526927374, 0.9827049466318946, 6.327999999999988
2.5871743486973944E-4, 0.0654969731520898, 6.176423793536178E-5, 1.1002444566261371, -6.57382551990725E-4, 0.0, 4.044239090962433E-6, -6.533383128998081E-4, -9.662089511127395, 0.0, 0.09179366632658056, -9.57029584480079, 0.9813276824708889, 0.0, 0.026315013530850185, 1.0076426960024991, 6.32799999999999
2.675350701402805E-4, 0.06771987563684892, 6.386929329489386E-5, 1.1019801006118464, -6.776917096022183E-4, 0.0, 4.268260387591307E-6, -6.734234492146724E-4, -9.63359021690112, 0.0, 0.1208052813390511, -9.512784935562047, 0.9770126979176891, 0.0, 0.05397723037120769, 1.0309899282896298, 6.327999999999989
2.763527054108216E-4, 0.06994320307330561, 6.597434865442594E-5, 1.1037008825714696, -6.979413485070886E-4, 0.0, 4.5518420892281855E-6, -6.933895064179058E-4, -9.605539960499518, 0.0, 0.14839084430023977, -9.457149116199265, 0.9734405484693501, 0.0, 0.07939672488769715, 1.052837273357748, 6.32799999999999
2.851703406813627E-4, 0.07216697156688504, 6.807940401395803E-5, 1.1054139292542677, -7.181324064212483E-4, 0.0, 4.892040008997E-6, -7.132403664122967E-4, -9.577931598831961, 0.0, 0.17460500814916308, -9.403326590682788, 0.9705215908289335, 0.0, 0.10274715216684564, 1.0732687429964554, 6.32799999999999
2.9398797595190377E-4, 0.07439119550649231, 7.018445937349011E-5, 1.107126140848142, -7.382658061153676E-4, 0.0, 5.286023764965028E-6, -7.329797823504479E-4, -9.550758075493015, 0.0, 0.19950124764994956, -9.35125682784305, 0.9681774937994573, 0.0, 0.12418509059536308, 1.0923625843954794, 6.3279999999999905
3.0280561122244485E-4, 0.07661588761771751, 7.22895147330222E-5, 1.108844194792777, -7.583424555966322E-4, 0.0, 5.731074314738273E-6, -7.526113812819392E-4, -9.524012420081139, 0.0, 0.22313187336463655, -9.300880546716495, 0.9663395818284511, 0.0, 0.14385240474592842, 1.1101919865750123, 6.327999999999991
3.11623246492986E-4, 0.07884105901526534, 7.439457009255428E-5, 1.1105745495354913, -7.783632482890736E-4, 0.0, 6.2245815193980615E-6, -7.721386667697207E-4, -9.497687747519972, 0.0, 0.24554804555692608, -9.252139701963037, 0.9649474598709945, 0.0, 0.1618782090130216, 1.1268256688846323, 6.327999999999992
3.20440881763527E-4, 0.0810667192546147, 7.649962545208635E-5, 1.112323448230776, -7.983290632124696E-4, 0.0, 6.764041736632659E-6, -7.915650214758822E-4, -9.471777257382143, 0.0, 0.26679978802690946, -9.204977469355226, 0.9639478653831075, 0.0, 0.1783805088911031, 1.1423283742748094, 6.327999999999991
3.292585170340681E-4, 0.08329287638291195, 7.860468081161843E-5, 1.1140969223844965, -8.182407651598267E-4, 0.0, 7.34705544291948E-6, -8.108937097169524E-4, -9.446274233215693, 0.0, 0.2869360018767415, -9.159338231338948, 0.9632937048667382, 0.0, 0.19346758031381697, 1.1567612851811344, 6.327999999999992
3.3807615230460917E-4, 0.08551953698910263, 8.070973617115052E-5, 1.1159007954437352, -8.380992048734457E-4, 0.0, 7.97132488461189E-6, -8.301278799888791E-4, -9.421172041873083, 0.0, 0.306004479207286, -9.115167562665794, 0.9629432412719249, 0.0, 0.20723913486632384, 1.1701823761388133, 6.327999999999993
3.4689378757515025E-4, 0.0877467062533055, 8.28147915306826E-5, 1.1177406863332227, -8.579052192195786E-4, 0.0, 8.63465175778575E-6, -8.49270567461838E-4, -9.396464132842743, 0.0, 0.32405191674571787, -9.072412216097023, 0.9628594054134335, 0.0, 0.21978730896020365, 1.1826467143741832, 6.327999999999992
3.557114228456913E-4, 0.08997438799543456, 8.491984689021467E-5, 1.1196220129393268, -8.776596313616794E-4, 0.0, 9.334934916699853E-6, -8.683246964450248E-4, -9.372144037583245, 0.0, 0.3411239294040843, -9.03102010817916, 0.9630092098823027, 0.0, 0.2311975075068786, 1.1942067173897162, 6.327999999999993
3.6452905811623236E-4, 0.09220258472307188, 8.702490224974676E-5, 1.1215499955425294, -8.973632509322595E-4, 0.0, 1.0070168110725651E-5, -8.87293082821579E-4, -9.348205368859992, 0.0, 0.3572650637688284, -8.990940305091161, 0.9633632480972404, 0.0, 0.24154912671639747, 1.2049123748141575, 6.327999999999994
3.7334669338677344E-4, 0.09443129767859704, 8.912995760927884E-5, 1.123529660199333, -9.170168742033447E-4, 0.0, 1.0838437749600002E-5, -9.061784364537899E-4, -9.324641820084556, 0.0, 0.37251881152127836, -8.952123008563278, 0.9638952644195546, 0.0, 0.25091617599537896, 1.2148114404154393, 6.327999999999994
3.821643286573145E-4, 0.0966605268855764, 9.123501296881092E-5, 1.125565842074529, -9.366212842555484E-4, 0.0, 1.1637920696856507E-5, -9.249833635587374E-4, -9.301447164656535, 0.0, 0.3869276227890928, -8.914519541867442, 0.9645817838540139, 0.0, 0.2593678152310561, 1.2239495990855696, 6.327999999999996
3.9098196392785566E-4, 0.09889027119441791, 9.334006832834301E-5, 1.127663188724736, -9.561772511457602E-4, 0.0, 1.2466882091289643E-5, -9.437103690545158E-4, -9.278615255308013, 0.0, 0.40053291942866337, -8.878082335879352, 0.9654017919284297, 0.0, 0.2669688208098922, 1.2323706127388032, 6.327999999999995
3.9979959919839674E-4, 0.10112052832729473, 9.544512368787509E-5, 1.129826163334133, -9.75685532073456E-4, 0.0, 1.3323673196306335E-5, -9.623618588771954E-4, -9.2561400234506, 0.0, 0.4133751082384907, -8.842764915212104, 0.9663364570047605, 0.0, 0.2737799913640295, 1.2401164483692724, 6.327999999999996
4.086172344689378E-4, 0.10335129492234275, 9.755017904740718E-5, 1.1320590479032793, -9.951468715456403E-4, 0.0, 1.4206729277019532E-5, -9.80940142268666E-4, -9.234015478525015, 0.0, 0.4254935941035085, -8.808521884421507, 0.9673688886120392, 0.0, 0.2798585023409872, 1.24722739095349, 6.327999999999996
4.174348697394788E-4, 0.10558256657713615, 9.965523440693923E-5, 1.134365946391921, -0.0010145620015404166, 0.0, 1.5114567504939437E-5, -9.994474340355225E-4, -9.212235707353312, 0.0, 0.4369267930703748, -8.775308914282938, 0.9684839264742721, 0.0, 0.2852582169550496, 1.2537421434297746, 6.327999999999995
4.2625250501002E-4, 0.10781433789144568, 1.0176028976647134E-4, 1.1367507878166672, -0.0010339316416692025, 0.0, 1.6045784890115148E-5, -0.0010178858567791332, -9.190794873493617, 0.0, 0.4477121453537238, -8.743082728139896, 0.9696679557884289, 0.0, 0.2900299598279312, 1.259697915616809, 6.327999999999996
4.3507014028056106E-4, 0.1100466025092837, 1.0386534512600343E-4, 1.1392173293044208, -0.001053256499337585, 0.0, 1.6999056240583565E-5, -0.0010362574430970465, -9.16968721659747, 0.0, 0.45788612827338143, -8.711801088324092, 0.9709087450279877, 0.0, 0.29422175860358163, 1.2651305036320009, 6.327999999999996
4.4388777555110214E-4, 0.11227935316024075, 1.0597040048553551E-4, 1.1417691591024217, -0.0010725372699048267, 0.0, 1.7973132148978516E-5, -0.0010545641377558937, -9.148907051769754, 0.0, 0.46748426912253327, -8.681422782647221, 0.9721953031394663, 0.0, 0.29787905798216613, 1.2700743611220617, 6.327999999999995
4.527054108216431E-4, 0.11451258170011798, 1.0807545584506757E-4, 1.1444096995457786, -0.0010917746368420294, 0.0, 1.896683700615563E-5, -0.001072807799835919, -9.128448768931172, 0.0, 0.4765411579668625, -8.651907610964313, 0.9735177534876805, 0.0, 0.3010449099256265, 1.2745626634137202, 6.327999999999997
4.6152304609218425E-4, 0.11674627915085965, 1.1018051120459965E-4, 1.1471422099833257, -0.0011109692718889563, 0.0, 1.9979067041687685E-5, -0.0010909902048473138, -9.108306832183338, 0.0, 0.4850904603746444, -8.623216371808695, 0.9748672223093139, 0.0, 0.30376014321367606, 1.2786273655233982, 6.327999999999997
4.7034068136272533E-4, 0.11898043573979054, 1.1228556656413174E-4, 1.149969789662664, -0.0011301218352095196, 0.0, 2.1008788391084173E-5, -0.0011091130468184806, -9.088475779176415, 0.0, 0.49316493007780476, -8.59531084909861, 0.9762357397706984, 0.0, 0.30606351505234786, 1.2822992548234478, 6.327999999999997
4.791583166332664E-4, 0.1212150409381622, 1.1439062192366382E-4, 1.1528953805752173, -0.0011492329755459425, 0.0, 2.2055035189591256E-5, -0.0011271779403563967, -9.068950220479334, 0.0, 0.5007964215639326, -8.568153798915402, 0.9776161520058049, 0.0, 0.30799184703937743, 1.2856079990455807, 6.327999999999998
4.879759519038075E-4, 0.12345008349901286, 1.164956772831959E-4, 1.155921770262126, -0.001168303330371596, 0.0, 2.3116907692425434E-5, -0.0011451864226792164, -9.049724838952613, 0.0, 0.5080159025992664, -8.541708936353347, 0.9790020427453363, 0.0, 0.3095801474576465, 1.288582190203375, 6.327999999999997
4.967935871743486E-4, 0.1256855514943453, 1.1860073264272799E-4, 1.1590515945818107, -0.0011873335260425201, 0.0, 2.4193570421296017E-5, -0.0011631399556212693, -9.030794389123722, 0.0, 0.5148534666826278, -8.515940922441095, 0.9803876633450012, 0.0, 0.3108617215879616, 1.2912493849333437, 6.327999999999997
5.056112224448897E-4, 0.12792143235162695, 1.2070578800226007E-4, 1.1622873404400036, -0.0012063241779476281, 0.0, 2.5284250337072026E-5, -0.0011810399276106017, -9.01215369656505, 0.0, 0.5213383454303171, -8.490815351134733, 0.9817678701873322, 0.0, 0.3118682714965087, 1.2936361416842181, 6.327999999999997
5.144288577154307E-4, 0.1301577128896169, 1.2281084336179216E-4, 1.165631348483061, -0.0012252758906576122, 0.0, 2.6388235038445682E-5, -0.0011988876556192117, -8.99379765727443, 0.0, 0.5274989208919922, -8.466298736382438, 0.9831380685721481, 0.0, 0.3126299865528005, 1.2957680551253155, 6.327999999999996
5.232464929859718E-4, 0.13239437935352397, 1.2491589872132424E-4, 1.1690858157553505, -0.001244189258072539, 0.0, 2.7504870986450558E-5, -0.0012166843870861338, -8.975721237058252, 0.0, 0.5333627377974758, -8.442358499260775, 0.9844941623298544, 0.0, 0.3131756257645122, 1.297669788094733, 6.327999999999998
5.320641282565129E-4, 0.13463141744950055, 1.2702095408085633E-4, 1.1726527983214885, -0.0012630648635681564, 0.0, 2.8633561754686495E-5, -0.0012344313018135152, -8.957919470917158, 0.0, 0.5389565157345393, -8.418962955182614, 0.9858325084935864, 0.0, 0.3135325928717056, 1.299365101365652, 6.327999999999998
5.408817635270539E-4, 0.13686881237847634, 1.2912600944038838E-4, 1.1763342138542265, -0.0012819032801409055, 0.0, 2.9773766305106495E-5, -0.0012521295138358444, -8.940387462434286, 0.0, 0.5443061612576564, -8.396081301176624, 0.9871498764525183, 0.0, 0.31372700501995276, 1.3008768814728267, 6.327999999999997
5.49699398797595E-4, 0.13910654886933685, 1.3123106479992047E-4, 1.1801318441887365, -0.0013007050705516497, 0.0, 3.092499728922112E-5, -0.001269780073262474, -8.923120383166138, 0.0, 0.5494367799277038, -8.37368360323843, 0.9884434110829657, 0.0, 0.31378375572668504, 1.3022271668100018, 6.327999999999997
5.58517034068136E-4, 0.1413446112114503, 1.3333612015945255E-4, 1.1840473378440672, -0.0013194707874681225, 0.0, 3.2086819374573756E-5, -0.001287383968093594, -8.906113472035987, 0.0, 0.5543726882826303, -8.351740783753351, 0.9897105994174803, 0.0, 0.3137265727649287, 1.3034371721827538, 6.327999999999997
5.673346693386772E-4, 0.1435829832865482, 1.3544117551898463E-4, 1.1880822125125259, -0.0013382009736061038, 0.0, 3.325884759634331E-5, -0.0013049421260098058, -8.889362034729862, 0.0, 0.559137425739078, -8.33022460899078, 0.9909492404667238, 0.0, 0.3135780715109286, 1.3045273119779892, 6.327999999999997
5.761523046092183E-4, 0.14582164859996366, 1.3754623087851672E-4, 1.192237857517723, -0.0013568961618693226, 0.0, 3.444074573392644E-5, -0.0013224554161354416, -8.872861443095141, 0.0, 0.5637537664249757, -8.309107676670157, 0.9921574178561072, 0.0, 0.31335980423530924, 1.3055172220917561, 6.327999999999998
5.849699398797594E-4, 0.14806059031123178, 1.396512862380488E-4, 1.1965155362420254, -0.0013755568754881037, 0.0, 3.563222471235633E-5, -0.0013399246507757926, -8.85660713454168, 0.0, 0.5682437309430914, -8.28836340359858, 0.9933334749800747, 0.0, 0.313092305759525, 1.3064257807399307, 6.327999999999997
5.937875751503005E-4, 0.15029979126405643, 1.4175634159758089E-4, 1.2009163885241385, -0.0013941836281567486, 0.0, 3.6833041028411196E-5, -0.0013573505871283828, -8.840594611445557, 0.0, 0.5726285980655396, -8.26796601338001, 0.994475992411933, 0.0, 0.3127951358492731, 1.3072711282615332, 6.327999999999998
6.026052104208415E-4, 0.15253923401564848, 1.4386139695711297E-4, 1.2054414330275471, -0.0014127769241696704, 0.0, 3.8042995201268365E-5, -0.0013747339289684475, -8.82481944055536, 0.0, 0.5769289163592498, -8.247890524196102, 0.9955837673381244, 0.0, 0.3124869186730359, 1.308070686011485, 6.327999999999996
6.114228456913826E-4, 0.154778900865439, 1.4596645231664505E-4, 1.2100915695805128, -0.0014313372585562777, 0.0, 3.926193024755687E-5, -0.0013920753283087662, -8.809277252401088, 0.0, 0.5811645157424081, -8.228112736658668, 0.9966557948122353, 0.0, 0.3121853796160744, 1.308841174428633, 6.327999999999996
6.202404809619237E-4, 0.15701877388317267, 1.4807150767617714E-4, 1.214867581488347, -0.0014498651172146168, 0.0, 4.048973018066554E-5, -0.0014093753870339967, -8.79396374070558, 0.0, 0.5853545189718414, -8.208609221733727, 0.9976912506475045, 0.0, 0.3119073797071155, 1.3095986303549394, 6.327999999999996
6.290581162324648E-4, 0.15925883493638496, 1.5017656303570922E-4, 1.219770137818645, -0.001468360977043781, 0.0, 4.1726318534159044E-5, -0.0014266346585096671, -8.778874661798582, 0.0, 0.5895173530613842, -8.189357308737183, 0.9986894757868007, 0.0, 0.31166894788622185, 1.3103584236733357, 6.327999999999996
6.378757515030059E-4, 0.16149906571726882, 1.522816183952413E-4, 1.2247997956601704, -0.0014868253060750871, 0.0, 4.2971656909158545E-5, -0.001443853649165974, -8.76400583403333, 0.0, 0.5936707606311735, -8.170335073402141, 0.9996499620069175, 0.0, 0.3114853113169484, 1.3111352733241788, 6.327999999999996
6.466933867735469E-4, 0.16373944776893365, 1.543866737547734E-4, 1.229957002356069, -0.001505258563602025, 0.0, 4.422574354553897E-5, -0.0014610328200565315, -8.749353137205759, 0.0, 0.5978318111879518, -8.151521326017791, 1.0005723388296026, 0.0, 0.3113709239238942, 1.3119432627538057, 6.327999999999996
6.55511022044088E-4, 0.16597996251106223, 1.5649172911430547E-4, 1.2352420977120844, -0.0015236612003089896, 0.0, 4.54886119168015E-5, -0.001478172588392233, -8.734912511976255, 0.0, 0.602016912336286, -8.132895599639953, 1.0014563615254835, 0.0, 0.3113394933170644, 1.3127958548428498, 6.327999999999996
6.643286573146291E-4, 0.16822059126496955, 1.5859678447383756E-4, 1.2406553161804292, -0.0015420336583987977, 0.0, 4.6760329348471265E-5, -0.0014952733290503712, -8.720679959294008, 0.0, 0.6062418209207734, -8.11443813837322, 1.0023019001091662, 0.0, 0.31140400624751974, 1.313705906356983, 6.327999999999995
6.731462925851701E-4, 0.17046131527806807, 1.6070183983336961E-4, 1.2461967890199825, -0.0015603763717189952, 0.0, 4.804099565987955E-5, -0.0015123353760591604, -8.706651539823929, 0.0, 0.6105216540992024, -8.096129885724707, 1.0031089292343986, 0.0, 0.3115767527235067, 1.314685681958203, 6.327999999999997
6.819639278557112E-4, 0.17270211574774383, 1.628068951929017E-4, 1.2518665464334362, -0.0015786897658869622, 0.0, 4.933074182918133E-5, -0.0015293590240578264, -8.692823373376134, 0.0, 0.6148709003466657, -8.077952473029447, 1.003877518907649, 0.0, 0.31186934890296414, 1.3157468678109134, 6.327999999999996
6.907815631262522E-4, 0.17494297384464721, 1.6491195055243378E-4, 1.2576645196820488, -0.001596974258413818, 0.0, 5.062972868146489E-5, -0.001546344529732398, -8.679191638338038, 0.0, 0.6193034303906582, -8.05988820794736, 1.0046078259467517, 0.0, 0.3122927588664793, 1.3169005848135233, 6.327999999999996
6.995991983967934E-4, 0.17718387073540445, 1.6701700591196587E-4, 1.2635905431786216, -0.001615230258827133, 0.0, 5.1938145599808336E-5, -0.001563292113227369, -8.665752571108998, 0.0, 0.6238325080771018, -8.041920063031878, 1.005300086118706, 0.0, 0.3128573153641827, 1.3181574014831732, 6.327999999999997
7.084168336673345E-4, 0.179424787604752, 1.6912206127149795E-4, 1.2696443565593207, -0.0016334581687924548, 0.0, 5.325620925913575E-5, -0.001580201959533364, -8.65250246553753, 0.0, 0.6284708011673606, -8.024031664370147, 1.0059546068972898, 0.0, 0.3135727396209042, 1.3195273465184822, 6.327999999999995
7.172344689378756E-4, 0.18166570567710053, 1.7122711663103003E-4, 1.2758256067349667, -0.001651658382233654, 0.0, 5.458416238273089E-5, -0.001597074219850968, -8.639437672361133, 0.0, 0.633230392066198, -8.00620728029491, 1.0065717607868987, 0.0, 0.3144481602754709, 1.321019921062655, 6.327999999999997
7.260521042084167E-4, 0.18390660623753094, 1.7333217199056212E-4, 1.2821338499223762, -0.0016698312854520883, 0.0, 5.592227252125893E-5, -0.0016139090129308742, -8.626554598648651, 0.0, 0.6381227884807161, -7.988431810167906, 1.0071519791643229, 0.0, 0.31549213152279215, 1.3226441106874018, 6.327999999999997
7.348697394789576E-4, 0.1861474706522281, 1.7543722735009418E-4, 1.2885685536563725, -0.0016879772572446002, 0.0, 5.7270830854155684E-5, -0.001630706426390489, -8.613849707245246, 0.0, 0.6431589340102253, -7.97069077323499, 1.007695746594793, 0.0, 0.31671265052063996, 1.3244083971157175, 6.327999999999995
7.436873747494988E-4, 0.18838828038835645, 1.775422827096263E-4, 1.295129098783041, -0.0017060966690203461, 0.0, 5.863015101323296E-5, -0.0016474665180071576, -8.601319516219922, 0.0, 0.64834921866711, -7.952970297552785, 1.0082035955826845, 0.0, 0.3181171741173413, 1.3263207697003023, 6.327999999999996
7.525050100200399E-4, 0.19062901703338148, 1.7964733806915837E-4, 1.3018147814348036, -0.0017241898849164681, 0.0, 6.000056792836275E-5, -0.00166418931698815, -8.588960598315662, 0.0, 0.6537034893286197, -7.935257108987012, 1.008676101721113, 0.0, 0.3197126349511143, 1.3283887366725056, 6.327999999999995
7.61322645290581E-4, 0.1928696623138422, 1.8175239342869045E-4, 1.3086248149878987, -0.001742257261912607, 0.0, 6.138243669508645E-5, -0.0016808748252175646, -8.576769580402082, 0.0, 0.6592310601196514, -7.917538520282396, 1.0091138792078826, 0.0, 0.3215054569673082, 1.3306193361754686, 6.327999999999996
7.701402805611221E-4, 0.1951101981135783, 1.8385744878822254E-4, 1.315558332002811, -0.0017602991499442691, 0.0, 6.277613146400991E-5, -0.0016975230184803033, -8.564743142930723, 0.0, 0.6649407227264728, -7.899802420204219, 1.0095175766982192, 0.0, 0.3235015703953696, 1.3330191470938597, 6.327999999999995
7.789579158316632E-4, 0.19735060649141675, 1.8596250414775462E-4, 1.3226143861482258, -0.0017783158920150494, 0.0, 6.418204435183548E-5, -0.001714133847663258, -8.552878019392892, 0.0, 0.6708407566414324, -7.882037262751431, 1.0098878734674572, 0.0, 0.32570642622372475, 1.3355942996914485, 6.327999999999995
7.877755511022042E-4, 0.19959086969832276, 1.880675595072867E-4, 1.3297919541090255, -0.0017963078243077133, 0.0, 6.560058437388839E-5, -0.0017307072399338687, -8.541170995780075, 0.0, 0.6769389393385862, -7.864232056441453, 1.0102254758592302, 0.0, 0.3281250102071951, 1.3383504860666942, 6.327999999999995
7.965931863727452E-4, 0.20183097019401838, 1.9017261486681876E-4, 1.3370899374788972, -0.0018142752762941446, 0.0, 6.703217639798989E-5, -0.0017472430998961988, -8.52961891004694, 0.0, 0.6832425563803248, -7.846376353666577, 1.0105311139968136, 0.0, 0.33076185643867595, 1.3412929704357592, 6.327999999999995
8.054108216432863E-4, 0.20407089066307435, 1.9227767022635085E-4, 1.3445071646380602, -0.0018322185708441747, 0.0, 6.847726011953301E-5, -0.0017637413107246848, -8.518218651576907, 0.0, 0.6897584114549561, -7.828460240121908, 1.0108055387374018, 0.0, 0.33362106051388735, 1.344426599251556, 6.327999999999994
8.142284569138274E-4, 0.20631061403047862, 1.9438272558588293E-4, 1.3520423926166372, -0.0018501380243332742, 0.0, 6.993628905761442E-5, -0.0017802017352757037, -8.506967160650301, 0.0, 0.6964928363452261, -7.810474324305036, 1.0110495188505666, 0.0, 0.33670629231554644, 1.3477558111663792, 6.327999999999995
8.230460921843684E-4, 0.20855012347668694, 1.9648778094541502E-4, 1.3596943089441835, -0.0018680339467491433, 0.0, 7.14097295720796E-5, -0.0017966242171771076, -8.4958614279151, 0.0, 0.7034517008278308, -7.79240972708723, 1.0112638384040786, 0.0, 0.3400208084411054, 1.3512846468454478, 6.327999999999994
8.318637274549095E-4, 0.21078940245215902, 1.985928363049471E-4, 1.3674615334858913, -0.0018859066417971791, 0.0, 7.289805990133355E-5, -0.0018130085818958894, -8.484898493860205, 0.0, 0.7106404225038557, -7.7742580713563045, 1.0114492943414568, 0.0, 0.34356746429605967, 1.355016758637782, 6.327999999999994
8.406813627254507E-4, 0.21302843469138533, 2.0069789166447918E-4, 1.3753426202659336, -0.0019037564070048436, 0.0, 7.440176922077157E-5, -0.0018293546377841162, -8.474075448291348, 0.0, 0.7180639765602186, -7.756011471731085, 1.0116066942370197, 0.0, 0.34734872587311, 1.3589554201103944, 6.327999999999995
8.494989979959918E-4, 0.21526720422640855, 2.0280294702401127E-4, 1.38333605927847, -0.0019215835338249278, 0.0, 7.592135672168681E-5, -0.0018456621771032846, -8.463389429809553, 0.0, 0.7257269054620303, -7.737662524347476, 1.011736854215391, 0.0, 0.3513666812356145, 1.3631035354512675, 6.327999999999993
8.583166332665328E-4, 0.21750569539984457, 2.0490800238354332E-4, 1.391440278286776, -0.0019393883077377235, 0.0, 7.7457330710508E-5, -0.0018619309770272587, -8.452837625292155, 0.0, 0.7336333285759523, -7.719204296716157, 1.011840597023483, 0.0, 0.3556230517224174, 1.3674636487461573, 6.327999999999995
8.671342685370739E-4, 0.21974389287740684, 2.070130577430754E-4, 1.3996536446109604, -0.0019571710083521017, 0.0, 7.901020772822312E-5, -0.0018781608006239218, -8.442417269376431, 0.0, 0.7417869517244722, -7.700630317651909, 1.0119187502439007, 0.0, 0.3601192028895995, 1.372037953133759, 6.327999999999994
8.75951903807615E-4, 0.221981781659939, 2.0911811310260752E-4, 1.4079744669047578, -0.001974931909505511, 0.0, 8.058051168983977E-5, -0.0018943513978157138, -8.432125643945783, 0.0, 0.750191076671197, -7.681934567274532, 1.0119721446397294, 0.0, 0.3648561552036266, 1.3768282998436137, 6.327999999999994
8.847695390781561E-4, 0.22421934709496003, 2.112231684621396E-4, 1.4164009969218176, -0.0019926712793628906, 0.0, 8.216877304374257E-5, -0.001910502506319191, -8.421960077618506, 0.0, 0.7588486105370659, -7.663111467081385, 1.0120016126212843, 0.0, 0.3698345944989967, 1.3818362071205392, 6.327999999999993
8.935871743486972E-4, 0.22645657488772605, 2.133282238216717E-4, 1.4249314312719732, -0.002010389380514518, 0.0, 8.377552795079889E-5, -0.0019266138525637622, -8.411917945239136, 0.0, 0.7677620751475324, -7.644155870091549, 1.012007986826329, 0.0, 0.3750548822126225, 1.3870628690392097, 6.327999999999994
9.024048096192383E-4, 0.22869345111181408, 2.1543327918120377E-4, 1.4335639131678892, -0.0020280864700727855, 0.0, 8.540131748306816E-5, -0.0019426851525897594, -8.401996667372376, 0.0, 0.7769336163107141, -7.625063051061607, 1.0119920988058289, 0.0, 0.3805170654061717, 1.3925091642122507, 6.327999999999993
9.112224448897794E-4, 0.23092996221923123, 2.1753833454073586E-4, 1.4422965341625562, -0.0020457627997679073, 0.0, 8.704668684196981E-5, -0.0019587161129259803, -8.39219370979958, 0.0, 0.7863650130264941, -7.60582869677303, 1.0119547778078826, 0.0, 0.386220886586703, 1.3981756643948373, 6.327999999999993
9.200400801603203E-4, 0.23316609505005362, 2.196433899002679E-4, 1.4511273358780161, -0.002063418616042583, 0.0, 8.871218459576325E-5, -0.0019747064314468627, -8.382506583017836, 0.0, 0.7960576866265926, -7.586448896391188, 1.0118968496532135, 0.0, 0.3921657933351795, 1.404062642988645, 6.327999999999992
9.288577154308614E-4, 0.23540183684160115, 2.217484452598E-4, 1.4600543117257674, -0.002081054160145596, 0.0, 9.039836193619637E-5, -0.0019906557982094417, -8.372932841741637, 0.0, 0.8060127098456088, -7.566920131895973, 1.011819135695848, 0.0, 0.39835094775169266, 1.4101700834477853, 6.327999999999994
9.376753507014025E-4, 0.23763717523715003, 2.2385350061933208E-4, 1.4690754086192215, -0.002098669668224373, 0.0, 9.21057719541769E-5, -0.002006563896270239, -8.36347008440708, 0.0, 0.8162308158229872, -7.547239268584031, 1.0117224518633607, 0.0, 0.40477523572551605, 1.4164976875891306, 6.327999999999993
9.464929859719436E-4, 0.23987209829418962, 2.2595855597886416E-4, 1.4781885286786338, -0.002116265371416503, 0.0, 9.383496893431895E-5, -0.002022430402482226, -8.354115952678695, 0.0, 0.8267124070359876, -7.527403545642642, 1.0116076077712801, 0.0, 0.41143727603764585, 1.4230448838091772, 6.327999999999992
9.553106212424847E-4, 0.24210659449222688, 2.2806361133839625E-4, 1.4873915309288788, -0.002133841495940214, 0.0, 9.558650766822372E-5, -0.0020382549882720325, -8.344868130958819, 0.0, 0.8374575641635943, -7.5074105667951585, 1.011475405906702, 0.0, 0.41833542930274464, 1.4298108352096974, 6.327999999999993
9.641282565130257E-4, 0.24434065274014305, 2.3016866669792833E-4, 1.4966822329904599, -0.0021513982631838294, 0.0, 9.736094278634409E-5, -0.002054037320397526, -8.335724345899566, 0.0, 0.8484660548813787, -7.487258291018113, 1.011326640876616, 0.0, 0.42546780675701584, 1.4367944476338834, 6.327999999999991
9.729458917835667E-4, 0.2465742623831073, 2.322737220574604E-4, 1.5060584127641197, -0.0021689358897941913, 0.0, 9.915882810829227E-5, -0.002069777061685941, -8.326682365917351, 0.0, 0.8597373425873588, -7.466945023329927, 1.0111620987166412, 0.0, 0.43283227889805276, 1.4439943776149413, 6.327999999999992
9.81763527054108E-4, 0.2488074132090518, 2.3437877741699247E-4, 1.5155178101094149, -0.0021864545877640714, 0.0, 1.0098071601144192E-4, -0.0020854738717526705, -8.317740000710025, 0.0, 0.871270595058752, -7.446469405651203, 1.010982556256232, 0.0, 0.4404264839821627, 1.4514090402386395, 6.327999999999993
9.905811623246489E-4, 0.25104009545471095, 2.3648383277652456E-4, 1.5250581285176128, -0.0022039545645185592, 0.0, 1.0282715681768114E-4, -0.002101127407700919, -8.308895100776537, 0.0, 0.8830646930397797, -7.425830407736688, 1.010788780536735, 0.0, 0.4482478363845004, 1.459036616921477, 6.327999999999994
9.9939879759519E-4, 0.25327229981123317, 2.3858888813605664E-4, 1.5346770367792602, -0.002221436023000452, 0.0, 1.046986981981704E-4, -0.0021167373248023235, -8.300145556939245, 0.0, 0.8951182387603445, -7.405027318178825, 1.0105815282788455, 0.0, 0.4562935348266669, 1.4668750631057632, 6.327999999999994
0.001008216432865731, 0.25550401742936435, 2.4069394349558873E-4, 1.5443721706467386, -0.0022388991617546365, 0.0, 1.0659588459595998E-4, -0.002132303277158718, -8.29148929986872, 0.0, 0.9074295643857445, -7.384059735482895, 1.0103615453963974, 0.0, 0.46456057047641663, 1.4749221158730683, 6.327999999999994
0.0010170340681362722, 0.25773523992421205, 2.427989988551208E-4, 1.554141134492179, -0.0022563441750114727, 0.0, 1.0851925666632149E-4, -0.0021478249183451924, -8.282924299611194, 0.0, 0.9199967403972937, -7.362927559213825, 1.0101295665533967, 0.0, 0.47304573492352164, 1.4831753014771636, 6.327999999999993
0.0010258517034068132, 0.2599659593795926, 2.449040542146529E-4, 1.5639815029610185, -0.0022737712527691866, 0.0, 1.1046935073465078E-4, -0.002163301902034577, -8.27444856511855, 0.0, 0.9328175839038931, -7.3416309812145775, 1.0098863147617032, 0.0, 0.4817456280357111, 1.491631942797663, 6.327999999999994
0.0010346693386773544, 0.26219616835196524, 2.47009109574185E-4, 1.5738908226215247, -0.002291180580875277, 0.0, 1.1244669827178982E-4, -0.0021787338826035284, -8.266060143780916, 0.0, 0.9458896668846626, -7.320170476896174, 1.0096325010167042, 0.0, 0.49065666569845184, 1.5002891667154004, 6.327999999999993
0.0010434869739478954, 0.26442585987395895, 2.4911416493371706E-4, 1.5838666136105994, -0.00230857234110694, 0.0, 1.1445182538663174E-4, -0.0021941205157203487, -8.257757120961786, 0.0, 0.9592103243624005, -7.2985467965993, 1.0093688239686929, 0.0, 0.49977508744167193, 1.5091439114106133, 6.327999999999991
0.0010523046092184365, 0.26665502745749603, 2.5121922029324915E-4, 1.5939063712761625, -0.0023259467112505187, 0.0, 1.1648525233585786E-4, -0.002209461458914702, -8.249537619535788, 0.0, 0.9727766625080969, -7.276760957027608, 1.0090959696276214, 0.0, 0.5090969639568309, 1.5181929335847, 6.327999999999994
0.0010611222444889777, 0.26888366509651573, 2.5332427565278123E-4, 1.604007567816376, -0.0023433038651799816, 0.0, 1.1854749305065983E-4, -0.0022247563721293617, -8.241399799428967, 0.0, 0.9865855666763751, -7.254814232752511, 1.0088146110992577, 0.0, 0.5186182045071573, 1.5274328156066532, 6.327999999999993
0.0010699398797595187, 0.27111176726930414, 2.554293310123133E-4, 1.6141676539160246, -0.0023606439729344343, 0.0, 1.206390546803048E-4, -0.0022400049182541696, -8.233341857161678, 0.0, 1.0006337093718867, -7.23270814778971, 1.008525408350741, 0.0, 0.5283345642338163, 1.5368599725847938, 6.327999999999992
0.00107875751503006, 0.2733393289404344, 2.575343863718454E-4, 1.6243840603802995, -0.002377967200794678, 0.0, 1.2276043715240176E-4, -0.002255206763642316, -8.22536202539405, 0.0, 1.0149175581466838, -7.21044446724728, 1.008229008003757, 0.0, 0.5382416513605819, 1.546470659364578, 6.327999999999992
0.0010875751503006009, 0.2755663455623186, 2.596394417313775E-4, 1.6346541997662638, -0.002395273711358806, 0.0, 1.2491213274971655E-4, -0.0022703615786091283, -8.217458572474023, 0.0, 1.0294333834285536, -7.188025189045386, 1.0079260431536448, 0.0, 0.5483349342994325, 1.5562609774533085, 6.327999999999993
0.0010963927855711418, 0.27779281307638226, 2.617444970909095E-4, 1.6449754680122386, -0.0024125636636168554, 0.0, 1.2709462570338883E-4, -0.0022854690379135057, -8.209629801987969, 0.0, 1.044177266280305, -7.165452535707567, 1.00761713321281, 0.0, 0.5586097486593098, 1.5662268818723668, 6.327999999999992
0.0011052104208416828, 0.2800187279138576, 2.638495524504416E-4, 1.6553452460653744, -0.002429837213024518, 0.0, 1.2930839180242236E-4, -0.0023005288212221333, -8.20187405231388, 0.0, 1.0591451060899972, -7.142728946223792, 1.0073028837770375, 0.0, 0.5690613041600693, 1.5763641879373425, 6.327999999999992
0.001114028056112224, 0.28224408699620845, 2.659546078099737E-4, 1.665760901507638, -0.0024470945115759057, 0.0, 1.3155389801927306E-4, -0.002315540613556672, -8.194189696177126, 0.0, 1.0743326281922008, -7.119857067984826, 1.006983886513235, 0.0, 0.5796846914538037, 1.5866685779672858, 6.327999999999991
0.001122845691382765, 0.2844688877351834, 2.6805966316950576E-4, 1.6762197901804408, -0.0024643357078753944, 0.0, 1.338316021514281E-4, -0.0023305041057240052, -8.186575140208836, 0.0, 1.089735391420106, -7.096839748788642, 1.0066607190673433, 0.0, 0.5904748888550462, 1.5971356079226222, 6.327999999999992
0.0011316633266533062, 0.2866931280325082, 2.7016471852903785E-4, 1.6867192578081358, -0.00248156094720853, 0.0, 1.3614195247879397E-4, -0.002345418994729775, -8.179028824506785, 0.0, 1.1053487955886785, -7.073680028918019, 1.0063339449912099, 0.0, 0.601426768981932, 1.6077607139733747, 6.327999999999992
0.0011404809619238471, 0.28891680627921684, 2.7226977388856993E-4, 1.6972566416205972, -0.002498770371612019, 0.0, 1.3848538743676882E-4, -0.0023602849841752875, -8.171549222198923, 0.0, 1.121168088908805, -7.050381133290022, 1.0060041136872493, 0.0, 0.6125351053098034, 1.618539218997286, 6.327999999999991
0.0011492985971943883, 0.29113992135462957, 2.74374829248102E-4, 1.7078292719750976, -0.002515964119942803, 0.0, 1.408623353048549E-4, -0.0023751017846379853, -8.164134839009437, 0.0, 1.137188375332258, -7.02694646367708, 1.0056717603698206, 0.0, 0.6237945786386084, 1.6294663390086623, 6.327999999999993
0.0011581162324649293, 0.29336247262497883, 2.764798846076341E-4, 1.7184344739776434, -0.002533142327946219, 0.0, 1.432732139106524E-4, -0.002389869114035605, -8.156784212827409, 0.0, 1.1534046218277858, -7.003379590999518, 1.0053374060423443, 0.0, 0.6351997834758809, 1.6405371895184686, 6.327999999999992
0.0011669338677354705, 0.2955844599416908, 2.785849399671662E-4, 1.7290695691040048, -0.0025503051283232592, 0.0, 1.4571843034910016E-4, -0.002404586697974197, -8.149495913278052, 0.0, 1.1698116655880406, -6.979684247689915, 1.0050015574891618, 0.0, 0.6467452343363213, 1.6517467918257154, 6.327999999999992
0.0011757515030060115, 0.29780588363932375, 2.8068999532669827E-4, 1.7397318768206025, -0.0025674526507969263, 0.0, 1.481983807168167E-4, -0.002419254270080146, -8.142268541296522, 0.0, 1.1864042211675518, -6.955864320128879, 1.0046647072812867, 0.0, 0.6584253719594535, 1.6630900792409622, 6.327999999999992
0.0011845691382765524, 0.3000267445331712, 2.827950506862303E-4, 1.75041871620539, -0.0025845850221776945, 0.0, 1.5071344986139135E-4, -0.0024338715723163412, -8.135100728704298, 0.0, 1.203176887551587, -6.931923841152603, 1.004327333795174, 0.0, 0.6702345694464074, 1.6745619032418262, 6.327999999999992
0.0011933867735470938, 0.302247043916531, 2.8490010604576244E-4, 1.7611274075689651, -0.002601702366428092, 0.0, 1.5326401114548345E-4, -0.0024484383552826456, -8.127991137788145, 0.0, 1.220124155156071, -6.907866982631965, 1.0039899012437934, 0.0, 0.6821671383171051, 1.686157039561138, 6.327999999999993
0.0012022044088176346, 0.3044667835576457, 2.8700516140529447E-4, 1.7718552740759899, -0.0026188048047263764, 0.0, 1.558504262255867E-4, -0.0024629543785008264, -8.120938460881659, 0.0, 1.2372404127583472, -6.883698048123198, 1.0036528597191228, 0.0, 0.6942173344886765, 1.6978701942080412, 6.327999999999991
0.001211022044088176, 0.30668596569632167, 2.891102167648266E-4, 1.7825996433671276, -0.002635892455529362, 0.0, 1.5847304484530663E-4, -0.002477419410684093, -8.113941419949377, 0.0, 1.254519954358971, -6.859421465590295, 1.0033166452455242, 0.0, 0.7063793641763184, 1.709696009422084, 6.327999999999992
0.0012198396793587168, 0.30890459304022494, 2.9121527212435863E-4, 1.7933578491815947, -0.0026529654346343487, 0.0, 1.6113220464301366E-4, -0.0024918332299913716, -8.106998766173485, 0.0, 1.271956985974475, -6.835041780198909, 1.0029816798432465, 0.0, 0.7186473897174326, 1.7216290695609051, 6.327999999999993
0.0012286573146292582, 0.3111226687608659, 2.9332032748389077E-4, 1.8041272329804936, -0.002670023855240199, 0.0, 1.6382823097371913E-4, -0.002506195624266516, -8.100109279543071, 0.0, 1.2895456323610663, -6.810563647181906, 1.0026483716014334, 0.0, 0.7310155353199174, 1.7336639069215738, 6.327999999999991
0.0012374749498997991, 0.3133401964892702, 2.9542538284342286E-4, 1.8149051455709946, -0.002687067828007547, 0.0, 1.66561436745038E-4, -0.0025205063912625454, -8.093271768445994, 0.0, 1.30727994366927, -6.785991824776611, 1.002317114760117, 0.0, 0.7434778927354255, 1.7457950074957802, 6.327999999999993
0.00124629258517034, 0.3155571803113459, 2.975304382029549E-4, 1.825688948731555, -0.0027040974611181514, 0.0, 1.6933212226707582E-4, -0.0025347653388511117, -8.08648506926329, 0.0, 1.3251539020296008, -6.761331167233573, 1.0019882898005685, 0.0, 0.7560285268585099, 1.7580168166593158, 6.327999999999992
0.0012551102204408813, 0.3177736247629475, 2.99635493562487E-4, 1.8364760168382204, -0.0027211128603333995, 0.0, 1.7214057511612263E-4, -0.0025489722852173108, -8.079748045966179, 0.0, 1.3431614280690833, -6.736586617896975, 1.001662263543529, 0.0, 0.7686614812521226, 1.770323744795885, 6.327999999999992
0.0012639278557114223, 0.31998953482464304, 3.0174054892201905E-4, 1.8472637384921209, -0.00273811412905196, 0.0, 1.7498707001197764E-4, -0.0025631270590400156, -8.073059589715662, 0.0, 1.3612963873588684, -6.711763202356682, 1.0013393892548095, 0.0, 0.781370783600519, 1.7827101728555519, 6.327999999999992
0.0012727454909819635, 0.3222049159161882, 3.038456042815512E-4, 1.8580495181482741, -0.0027551013683666044, 0.0, 1.7787186870877857E-4, -0.0025772294996578614, -8.06641861846465, 0.0, 1.3795525967927016, -6.686866021671839, 1.001020006757837, 0.0, 0.7941504510899193, 1.7951704578479828, 6.327999999999991
0.0012815631262525044, 0.32441977389071247, 3.059506596410832E-4, 1.8688307777457553, -0.002772074677120191, 0.0, 1.807952198991918E-4, -0.0025912794572210338, -8.059824076562718, 0.0, 1.3979238308963884, -6.661900245666206, 1.0007044425526395, 0.0, 0.8069944957176828, 1.8076989382705597, 6.327999999999991
0.0012903807615230456, 0.32663411502862033, 3.0805571500061536E-4, 1.8796049583392969, -0.002789034151960809, 0.0, 1.8375735913179776E-4, -0.0026052767928290465, -8.053274934363403, 0.0, 1.4164038280682698, -6.636871106295016, 1.000393009940885, 0.0, 0.8198969295306767, 1.8202899394717935, 6.327999999999992
0.0012991983967935866, 0.3288479460312133, 3.101607703601474E-4, 1.8903695217324055, -0.0028059798873961168, 0.0, 1.8675850874155675E-4, -0.0026192213786545926, -8.046770187834108, 0.0, 1.4349862967505354, -6.611783891083457, 1.0000860091566175, 0.0, 0.8328517697931143, 1.8329377789499512, 6.327999999999992
0.0013080160320641276, 0.3310612740140379, 3.122658257196795E-4, 1.9011219521120482, -0.0028229119758468426, 0.0, 1.8979887779317693E-4, -0.002633113098053699, -8.040308858168533, 0.0, 1.453664921531697, -6.586643936636724, 0.9997837275022595, 0.0, 0.8458530440848223, 1.8456367715873019, 6.327999999999993
0.0013168336673346688, 0.33327410649996014, 3.1437088107921156E-4, 1.9118597576849412, -0.0028398305076994903, 0.0, 1.9287866203727066E-4, -0.0026469518456622523, -8.033889991401765, 0.0, 1.4724333691797313, -6.561456622221919, 0.999486439489562, 0.0, 0.8588947953298484, 1.858381234819629, 6.327999999999993
0.0013256513026052097, 0.3354864514119763, 3.1647593643874364E-4, 1.9225804723154851, -0.002856735571358225, 0.0, 1.9599804387912347E-4, -0.0026607375274791353, -8.02751265802785, 0.0, 1.491285294606544, -6.536227363421189, 0.9991944069851902, 0.0, 0.87197108675662, 1.8711654937420323, 6.327999999999992
0.001334468937875751, 0.33769831706576015, 3.185809917982757E-4, 1.933281657165389, -0.0028736272532959616, 0.0, 1.9915719235995757E-4, -0.002674470060936036, -8.02117595262002, 0.0, 1.510214346763086, -6.510961605856814, 0.9989078793605503, 0.0, 0.8850760067893594, 1.8839838861501295, 6.327999999999992
0.001343286573146292, 0.3399097121619539, 3.206860471578078E-4, 1.943960902334999, -0.002890505638104652, 0.0, 2.023562631505299E-4, -0.0026881493749541536, -8.014878993453443, 0.0, 1.5292141744655574, -6.485664818987762, 0.9986270936456615, 0.0, 0.8982036738716496, 1.8968307675175329, 6.327999999999993
0.001352104208416833, 0.34212064577820483, 3.227911025173399E-4, 1.9546158285063449, -0.002907370808544787, 0.0, 2.05595398556917E-4, -0.0027017754099879013, -8.008620922130595, 0.0, 1.5482784321526248, -6.460342489977844, 0.9983522746867081, 0.0, 0.9113482412224931, 1.909700515909425, 6.327999999999993
0.0013609218436873743, 0.3443311273609539, 3.24896157876872E-4, 1.9652440885878846, -0.0029242228455941106, 0.0, 2.0887472753834796E-4, -0.002715348118055795, -8.002400903209166, 0.0, 1.5674007855734713, -6.435000117635572, 0.9980836353070525, 0.0, 0.9245039015250406, 1.9225875368323144, 6.327999999999993
0.001369739478957915, 0.3465411667169798, 3.27001213236404E-4, 1.975843369361024, -0.0029410618284955504, 0.0, 2.1219436573694452E-4, -0.0027288674627586377, -7.996218123832576, 0.0, 1.5865749174069457, -6.409643206425503, 0.9978213764714287, 0.0, 0.9376648915486027, 1.9354862680202545, 6.327999999999992
0.0013785571142284564, 0.34875077400470467, 3.2910626859593615E-4, 1.9864113931283032, -0.0029578878348043777, 0.0, 2.1555441551921297E-4, -0.0027423334192851977, -7.990071793363048, 0.0, 1.60579453281152, -6.384277260551406, 0.9975656874530866, 0.0, 0.9508254967040299, 1.9483911841573376, 6.327999999999991
0.0013873747494989974, 0.35095995972526095, 3.3121132395546823E-4, 1.9969459193632844, -0.0029747009404345907, 0.0, 2.1895496602913631E-4, -0.0027557459744054834, -7.983961143017277, 0.0, 1.6250533649063885, -6.358907778110767, 0.99731674600364, 0.0, 0.9639800555331405, 1.9612968015369876, 6.327999999999993
0.0013961923847695386, 0.35316873471333177, 3.333163793150003E-4, 2.007444746362119, -0.002991501219704541, 0.0, 2.223960932527569E-4, -0.002769105126451815, -7.97788542550465, 0.0, 1.6443451801833424, -6.333540245321166, 0.9970747185254324, 0.0, 0.9771229641320225, 1.9741976826576888, 6.327999999999992
0.0014050100200400796, 0.35537711012776013, 3.354214346745324E-4, 2.0179057128967317, -0.003008288745381802, 0.0, 2.25877860094054E-4, -0.0027824108852877796, -7.971843914668069, 0.0, 1.6636637838497585, -6.30818013081818, 0.9968397602462, 0.0, 0.9902486805090054, 1.98708844075543, 6.327999999999991
0.0014138276553106208, 0.35758509744194084, 3.375264900340645E-4, 2.0283266998696003, -0.0030250635887272754, 0.0, 2.2940031646199928E-4, -0.002795663272265305, -7.965835905127325, 0.0, 1.6830030251024368, -6.282832880024759, 0.9966120153958122, 0.0, 1.0033517288772213, 1.9999637442732494, 6.327999999999991
0.0014226452905811617, 0.35979270843399, 3.3963154539359657E-4, 2.0387056319700485, -0.003041825819538552, 0.0, 2.3296349936866273E-4, -0.00280886232016992, -7.95986071192509, 0.0, 1.7023568023325186, -6.257503909592443, 0.9963916173849032, 0.0, 1.0164267038822024, 2.012818321267324, 6.327999999999993
0.0014314629258517027, 0.3619999551767044, 3.417366007531286E-4, 2.049040479332046, -0.0030585755061925423, 0.0, 2.365674330381746E-4, -0.0028220080731543983, -7.953917670175429, 0.0, 1.7217190682611563, -6.2321986019141296, 0.9961786889853071, 0.0, 1.029468274764584, 2.025646963750122, 6.327999999999992
0.0014402805611222439, 0.36420685002731096, 3.4384165611266073E-4, 2.059329259193393, -0.0030753127156873533, 0.0, 2.4021212902644628E-4, -0.0028351005866609352, -7.9480061347149356, 0.0, 1.7410838350064533, -6.206922299708352, 0.9959733425119823, 0.0, 1.0424711894585268, 2.0384445319707223, 6.327999999999991
0.0014490981963927849, 0.36641340561701174, 3.4594671147219276E-4, 2.069570037556219, -0.0030920375136834375, 0.0, 2.4389758635146697E-4, -0.002848139927331999, -7.942125479756431, 0.0, 1.760445179081074, -6.18168030067523, 0.9957756800063653, 0.0, 1.055430278625599, 2.051205958632173, 6.327999999999994
0.001457915831663326, 0.3686196348403289, 3.480517668317249E-4, 2.0797609308487535, -0.003108749964544029, 0.0, 2.476237916340687E-4, -0.0028611261729099887, -7.936275098545231, 0.0, 1.7797972463209413, -6.156477852224162, 0.9955857934209876, 0.0, 1.0683404596246417, 2.0639262530458393, 6.327999999999992
0.001466733466933867, 0.37082555084425406, 3.5015682219125693E-4, 2.0899001075882344, -0.0031254501313748378, 0.0, 2.513907192489718E-4, -0.002874059412125895, -7.930454403018001, 0.0, 1.7991342567449804, -6.131320146272887, 0.9954037648051729, 0.0, 1.0811967404179068, 2.076600505223297, 6.327999999999992
0.0014755511022044084, 0.373031167017207, 3.5226187755078907E-4, 2.0999857900448524, -0.003142138076063049, 0.0, 2.551983314860121E-4, -0.0028869397445770648, -7.924662823464177, 0.0, 1.818450509345611, -6.106212314118441, 0.9952296664917232, 0.0, 1.0939942234132294, 2.0892238899051576, 6.327999999999992
0.0014843687374749492, 0.37523649697780653, 3.543669329103211E-4, 2.1100162559066464, -0.0031588138593155904, 0.0, 2.590465787213496E-4, -0.0028997672805942698, -7.918899808189976, 0.0, 1.8377403868104214, -6.081159421379427, 0.995063561284412, 0.0, 1.1067281092430163, 2.1017916705276374, 6.327999999999994
0.0014931863727454904, 0.37744155456346035, 3.564719882698532E-4, 2.11998983994522, -0.0031754775406967212, 0.0, 2.629353995985725E-4, -0.002912542141098176, -7.913164823184979, 0.0, 1.8569983601746056, -6.056166463010251, 0.9949055026462041, 0.0, 1.119393700479641, 2.114299203126044, 6.327999999999993
0.0015020040080160313, 0.37964635381877554, 3.5857704362938527E-4, 2.129904935682127, -0.003192129178664897, 0.0, 2.6686472121950904E-4, -0.0029252644574454157, -7.907457351791286, 0.0, 1.876218993404539, -6.031238358386627, 0.994755534888063, 0.0, 1.1319864052879038, 2.126741940176164, 6.327999999999993
0.0015108216432865725, 0.38185090898379753, 3.6068209898891735E-4, 2.1397599970558385, -0.003208768830608956, 0.0, 2.708344593446109E-4, -0.002937934371264372, -7.901776894375245, 0.0, 1.8953969479122104, -6.0063799464629035, 0.9946136933582231, 0.0, 1.1445017410144245, 2.1391154343728527, 6.327999999999993
0.0015196392785571137, 0.3840552344820774, 3.627871543484495E-4, 2.149553540089119, -0.0032253965528836145, 0.0, 2.7484451860277303E-4, -0.0029505520342808667, -7.896122968001783, 0.0, 1.91452698700065, -5.981595981001006, 0.9944800046318303, 0.0, 1.1569353377142189, 2.1514153423462443, 6.327999999999993
0.0015284569138276547, 0.38625934490857683, 3.648922097079815E-4, 2.1592841445566444, -0.0032420124008442726, 0.0, 2.7889479271045003E-4, -0.00296311760813385, -7.8904951061112785, 0.0, 1.93360398024026, -5.956891125870896, 0.9943544867008353, 0.0, 1.1692829416145085, 2.163637428315542, 6.327999999999992
0.0015372745490981959, 0.38846325501741213, 3.6699726506751366E-4, 2.16895045565275, -0.0032586164288811565, 0.0, 2.829851646998831E-4, -0.002975631264181301, -7.884892858199037, 0.0, 1.9526229077761843, -5.932269950422716, 0.9942371491640796, 0.0, 1.1815404185161502, 2.1757775676804405, 6.327999999999994
0.0015460921843687369, 0.39066697970944125, 3.691023204270457E-4, 2.1785511856590767, -0.0032752086904527665, 0.0, 2.8711550715635023E-4, -0.002988093183296445, -7.879315789497331, 0.0, 1.9715788645666728, -5.907736924930528, 0.9941279934173913, 0.0, 1.1937037571326097, 2.1878317505502096, 6.327999999999991
0.0015549098196392778, 0.39287053401970196, 3.7120737578657777E-4, 2.188085115612027, -0.003291789238118685, 0.0, 2.912856824642553E-4, -0.0030005035556544576, -7.873763480660025, 0.0, 1.9904670645521747, -5.883296416107711, 0.9940270128437163, 0.0, 1.2057690723664611, 2.1997960852103913, 6.327999999999994
0.001563727454909819, 0.3950739331047003, 3.7331243114610985E-4, 2.1975510969697245, -0.003308358123571704, 0.0, 2.9549554306190805E-4, -0.0030128625805098215, -7.868235527449763, 0.0, 2.009282844755806, -5.85895268269383, 0.9939341930031116, 0.0, 1.2177326085241744, 2.2116668015274823, 6.327999999999994
0.00157254509018036, 0.39727719222955815, 3.7541748650564194E-4, 2.206948053278413, -0.0033249153976693023, 0.0, 2.9974493170489483E-4, -0.0030251704659644313, -7.862731540427762, 0.0, 2.028021669314258, -5.834709871113368, 0.9938495118225412, 0.0, 1.2295907424682595, 2.223440254291, 6.327999999999993
0.0015813627254509012, 0.399480326755023, 3.77522541865174E-4, 2.216274981837995, -0.003341461110464474, 0.0, 3.0403368173781897E-4, -0.003037427428726681, -7.85725114464613, 0.0, 2.0466791334401826, -5.810572011205818, 0.9937729397854207, 0.0, 1.2413399867081192, 2.2351129264937377, 6.327999999999994
0.0015901803607214421, 0.401683352124342, 3.796275972247061E-4, 2.2255309553665477, -0.0033579953112359115, 0.0, 3.083616173743566E-4, -0.003049633693861578, -7.851793979342857, 0.0, 2.0652509673150883, -5.786543012027631, 0.9937044401207675, 0.0, 1.2529769924285006, 2.2466814325494666, 6.327999999999994
0.0015989979959919833, 0.40388628385000963, 3.817326525842382E-4, 2.2347151236635874, -0.0033745180485175524, 0.0, 3.1272855398538504E-4, -0.003061789494532189, -7.846359697639226, 0.0, 2.08373303991367, -5.762626657725425, 0.9936439689920583, 0.0, 1.264498552456839, 2.2581425214490856, 6.327999999999994
0.0016078156312625243, 0.40608913750038794, 3.838377079437703E-4, 2.243826715271868, -0.0033910293701274775, 0.0, 3.1713429839513657E-4, -0.003073895071732365, -7.8409479662400035, 0.0, 2.102121362758506, -5.738826603481375, 0.9935914756853875, 0.0, 1.2759016041682563, 2.269493079853829, 6.327999999999995
0.0016166332665330653, 0.4082919286862079, 3.859427633033023E-4, 2.2528650391374505, -0.0034075293231962058, 0.0, 3.215786491851503E-4, -0.0030859506740110797, -7.835558465136009, 0.0, 2.1204120936063666, -5.7151463715295145, 0.9935469027973117, 0.0, 1.2871832323297787, 2.28073013512728, 6.327999999999993
0.0016254509018036067, 0.410494673046954, 3.8804781866283444E-4, 2.261829486267819, -0.003424017954194342, 0.0, 3.2606139700592623E-4, -0.003097956557188438, -7.830190887309408, 0.0, 2.1386015400648914, -5.691589347244395, 0.9935101864218925, 0.0, 1.2983406718824753, 2.291850858304547, 6.327999999999993
0.0016342685370741474, 0.41269738623713753, 3.9015287402236647E-4, 2.2707195313877926, -0.0034404953089596144, 0.0, 3.3058232489610747E-4, -0.0031099129840635275, -7.824844938441503, 0.0, 2.15668616314072, -5.668158775300642, 0.9934812563371604, 0.0, 1.309371310662776, 2.3028525670001296, 6.327999999999993
0.0016430861723446888, 0.41490008391246386, 3.922579293818986E-4, 2.2795347345929944, -0.003456961432723314, 0.0, 3.351412086090852E-4, -0.0031218202241142506, -7.819520336623119, 0.0, 2.174662580718218, -5.6448577559047495, 0.9934600361908323, 0.0, 1.3202726920620866, 2.3137327282531257, 6.327999999999992
0.0016519038076152298, 0.4171027817158939, 3.943629847414307E-4, 2.288274743000524, -0.003473416370136097, 0.0, 3.397378169468114E-4, -0.0031336785531893064, -7.814216812067593, 0.0, 2.192527570969396, -5.621689241098046, 0.9934464436851969, 0.0, 1.3310425176255456, 2.3244889613109456, 6.327999999999994
0.001660721442885771, 0.41930549526361066, 3.964680401009628E-4, 2.296939292396696, -0.0034898601652932223, 0.0, 3.4437191210077235E-4, -0.0031454882531924723, -7.808934106826305, 0.0, 2.210278075694621, -5.5986560311315365, 0.9934403907612174, 0.0, 1.3416786495893644, 2.3351190403507847, 6.327999999999993
0.001669539078156312, 0.42150824013089044, 3.9857309546049486E-4, 2.3055282088814377, -0.0035062928617591613, 0.0, 3.490432499998574E-4, -0.0031572496117593268, -7.803671974506787, 0.0, 2.2279112035944504, -5.575760770912197, 0.9934417837817283, 0.0, 1.352179113357433, 2.345620897139358, 6.327999999999994
0.001678356713426853, 0.42371103183788417, 4.006781508200269E-4, 2.314041410509086, -0.0035227145025916334, 0.0, 3.5375158066510077E-4, -0.003168962921926552, -7.798430179993455, 0.0, 2.245424233472305, -5.553005946521011, 0.9934505237136334, 0.0, 1.3625420999166975, 2.3559926236305193, 6.327999999999993
0.0016871743486973941, 0.4259138858353139, 4.0278320617955903E-4, 2.322478908925344, -0.003539125130365052, 0.0, 3.5849664857106093E-4, -0.003180628481794014, -7.793208499170855, 0.0, 2.2628146173681776, -5.530393881802536, 0.9934665063092024, 0.0, 1.3727659681917652, 2.3662324745011665, 6.327999999999993
0.0016959919839679351, 0.4281168174900898, 4.0488826153909106E-4, 2.3308408110000043, -0.0035555247871933947, 0.0, 3.632781930137267E-4, -0.00319224659417969, -7.78800671864952, 0.0, 2.280079983623218, -5.507926735026154, 0.9934896222863017, 0.0, 1.382849247338578, 2.3763388696250827, 6.327999999999995
0.0017048096192384763, 0.43031984207084956, 4.069933168986232E-4, 2.3391273204551286, -0.003571913514752493, 0.0, 3.680959484848073E-4, -0.003203817566267703, -7.782824635494423, 0.0, 2.297218139875394, -5.485606495618907, 0.9935197575075158, 0.0, 1.3927906389773999, 2.3863103964850807, 6.327999999999994
0.0017136272545090173, 0.4325229747334262, 4.0909837225815523E-4, 2.3473387394884884, -0.0035882913543017533, 0.0, 3.729496450522663E-4, -0.003215341709249507, -7.777662056955961, 0.0, 2.3142270759859067, -5.463434980969889, 0.9935567931582038, 0.0, 1.40258901936484, 2.3961458125232578, 6.327999999999994
0.0017224448897795585, 0.4347262305062501, 4.1120342761768737E-4, 2.3554754703916863, -0.0036046583467053256, 0.0, 3.778390087469041E-4, -0.0032268193379584404, -7.772518800203539, 0.0, 2.3311049668970494, -5.441413833306318, 0.9936006059234053, 0.0, 1.4122434415057863, 2.405844047429409, 6.327999999999995
0.0017312625250500994, 0.4369296242756852, 4.133084829772194E-4, 2.3635380171628824, -0.003621014532452693, 0.0, 3.8276376195494564E-4, -0.003238250770497766, -7.767394692061744, 0.0, 2.347850175420247, -5.419544516641318, 0.9936510681634931, 0.0, 1.4217531372037755, 2.415404205367493, 6.327999999999994
0.0017400801603206404, 0.43913317077131, 4.154135383367515E-4, 2.371526987113546, -0.0036373599516787355, 0.0, 3.877236238163656E-4, -0.0032496363278623893, -7.762289568749069, 0.0, 2.3644612549558457, -5.397828313793055, 0.9937080480886865, 0.0, 1.4311175190517436, 2.424825567140645, 6.327999999999993
0.0017488977955911816, 0.44133688455114206, 4.1751859369628356E-4, 2.37944309246909, -0.003653694644183216, 0.0, 3.927183106288905E-4, -0.0032609763335543474, -7.75720327561925, 0.0, 2.3809369521433026, -5.376266323475797, 0.9937714099321937, 0.0, 1.4403361823616188, 2.434107592294015, 6.327999999999994
0.0017577154308617228, 0.4435407799868132, 4.1962364905581565E-4, 2.387287151962804, -0.003670018649449754, 0.0, 3.9774753625751794E-4, -0.003272271113192254, -7.752135666905122, 0.0, 2.39727620944273, -5.354859457462228, 0.9938410141221931, 0.0, 1.4494089070338232, 2.4432499211562226, 6.327999999999993
0.0017665330661322638, 0.4457448712487009, 4.2172870441534773E-4, 2.395060092422856, -0.003686332006664243, 0.0, 4.0281101254939175E-4, -0.003283520994114868, -7.747086605465133, 0.0, 2.4134781676470056, -5.333608437817968, 0.993916717452358, 0.0, 1.4583356593659584, 2.452252376818515, 6.327999999999995
0.001775350701402805, 0.44794917229101733, 4.238337597748798E-4, 2.4027629503519563, -0.003702634754732744, 0.0, 4.0790844975386415E-4, -0.0032947263049789, -7.742055962532341, 0.0, 2.429542168325286, -5.312513794206891, 0.9939983732511172, 0.0, 1.4671165938016197, 2.461114967052948, 6.327999999999995
0.0017841683366733457, 0.45015369683686285, 4.2593881513441185E-4, 2.4103968734992196, -0.003718926932298851, 0.0, 4.130395569476638E-4, -0.003305887375351203, -7.737043617466086, 0.0, 2.445467756197092, -5.291575861268856, 0.9940858315494567, 0.0, 1.475752054618398, 2.4698378861680297, 6.327999999999994
0.0017929859719438871, 0.4523584583632466, 4.28043870493944E-4, 2.4179631224239495, -0.0037352085777605445, 0.0, 4.18204042464991E-4, -0.0033170045352955706, -7.7320494575061405, 0.0, 2.461254681437602, -5.270794776068399, 0.9941789392473889, 0.0, 1.4842425775558163, 2.478421516803383, 6.327999999999994
0.001801803607214428, 0.454563470086081, 4.3014892585347607E-4, 2.4254630720507917, -0.0037514797292865147, 0.0, 4.2340161433235745E-4, -0.0033280781149541768, -7.727073377529537, 0.0, 2.476902901913725, -5.250170475615644, 0.994277540278871, 0.0, 1.4925888913829093, 2.4868664316619933, 6.327999999999994
0.0018106212424849693, 0.456768744945152, 4.3225398121300815E-4, 2.4328982132159336, -0.0037677404248319924, 0.0, 4.286319807080833E-4, -0.003339108444123926, -7.722115279809875, 0.0, 2.4924125853514894, -5.229702694458256, 0.9943814757753716, 0.0, 1.500791919405882, 2.495173395181422, 6.327999999999994
0.0018194388777555102, 0.4589742955890706, 4.3435903657254024E-4, 2.440270154203918, -0.0037839907021540616, 0.0, 4.3389485032630795E-4, -0.0033500958518277693, -7.717175073779297, 0.0, 2.507784111433663, -5.209390962345509, 0.9944905842278321, 0.0, 1.5088527809147796, 2.503343365142772, 6.327999999999996
0.0018282565130260514, 0.46118013436021055, 4.364640919320723E-4, 2.4475806222746055, -0.003800230598826488, 0.0, 4.391899329452849E-4, -0.0033610406658812165, -7.712252675792954, 0.0, 2.523018073829283, -5.189234601963534, 0.9946047016472129, 0.0, 1.516772792571102, 2.5113774942184834, 6.327999999999994
0.0018370741482965924, 0.463386273279637, 4.385691472916044E-4, 2.454831465179841, -0.00381646015225404, 0.0, 4.4451693979993747E-4, -0.003371943212454118, -7.70734800889612, 0.0, 2.538115282153459, -5.169232726742487, 0.9947236617234215, 0.0, 1.524553469734451, 2.5192771314580824, 6.327999999999994
0.0018458917835671334, 0.46559272403202695, 4.4067420265113643E-4, 2.4620246526694225, -0.0038326793996863303, 0.0, 4.4987558405841445E-4, -0.003382803815627929, -7.702461002593833, 0.0, 2.5530767638583285, -5.149384238735343, 0.9948472959827093, 0.0, 1.5321965277294114, 2.5270438237123125, 6.327999999999994
0.0018547094188376746, 0.46779949795059256, 4.4277925801066857E-4, 2.4691622779858453, -0.003848888378231177, 0.0, 4.552655812826008E-4, -0.0033936227969485876, -7.697591592623162, 0.0, 2.5679037660550197, -5.129687826568017, 0.9949754339434695, 0.0, 1.5397038830522993, 2.5346793169959203, 6.327999999999994
0.0018635270541082155, 0.4700066060020041, 4.448843133702006E-4, 2.4762465593474463, -0.0038650871248674824, 0.0, 4.6068664989235984E-4, -0.0034044004749751366, -7.692739720727989, 0.0, 2.5825977572666123, -5.110141963461247, 0.9951079032704668, 0.0, 1.5470776545179914, 2.542185557788619, 6.327999999999994
0.0018723446893787567, 0.47221405877132366, 4.4698936872973274E-4, 2.4832798414193347, -0.0038812756764576434, 0.0, 4.661385116333976E-4, -0.0034151371648242584, -7.687905334436434, 0.0, 2.597160429111851, -5.090744905324438, 0.9952445299273748, 0.0, 1.5543201643465312, 2.5495646942740797, 6.327999999999995
0.0018811623246492977, 0.47442186644694945, 4.4909442408926477E-4, 2.4902645967717514, -0.0038974540697594914, 0.0, 4.716208920486142E-4, -0.003425833177710891, -7.683088386840801, 0.0, 2.6115936979201404, -5.071494688920539, 0.9953851383277262, 0.0, 1.5614339391900436, 2.5568190775179223, 6.327999999999993
0.0018899799599198391, 0.47663003880557686, 4.511994794487969E-4, 2.497203427325349, -0.00391362234143779, 0.0, 4.7713352095276327E-4, -0.003436488820485043, -7.6782888363801405, 0.0, 2.6258997062771714, -5.052389130102828, 0.995529551484191, 0.0, 1.5684217110994105, 2.5639512625837786, 6.327999999999994
0.0018987975951903799, 0.47883858519718164, 4.5330453480832894E-4, 2.5040990657827966, -0.0039297805280752406, 0.0, 4.8267613291028924E-4, -0.0034471043951649627, -7.6735066466253645, 0.0, 2.640080824501804, -5.033425822123399, 0.9956775911561353, 0.0, 1.5752864184313258, 2.570964009587647, 6.327999999999995
0.001907615230460921, 0.48104751453002814, 4.55409590167861E-4, 2.5109543770463234, -0.003945928666183085, 0.0, 4.882484677162525E-4, -0.0034576801984668444, -7.668741786066947, 0.0, 2.654139652053605, -5.014602134013188, 0.9958290779955339, 0.0, 1.582031206695028, 2.577860284690743, 6.327999999999995
0.001916432865731462, 0.483256835255706, 4.575146455273931E-4, 2.517772359620616, -0.003962066792211225, 0.0, 4.938502708800574E-4, -0.0034682165213311793, -7.6639942279052065, 0.0, 2.66807901887172, -4.995915209033343, 0.9959838316911401, 0.0, 1.5886594293397192, 2.5846432610310295, 6.327999999999995
0.0019252505010020032, 0.485466555354204, 4.596197008869252E-4, 2.524556147000496, -0.003978194942557922, 0.0, 4.994812941119927E-4, -0.0034787136484459424, -7.659263949843177, 0.0, 2.681901986644232, -4.977361963198793, 0.9961416711108957, 0.0, 1.5951746484815146, 2.59131631959259, 6.327999999999994
0.0019340681362725442, 0.48767668231902117, 4.617247562464573E-4, 2.5313090090429995, -0.0039943131535790655, 0.0, 5.051412958123498E-4, -0.0034891718577667245, -7.654550933881996, 0.0, 2.695611850009026, -4.958939083872776, 0.9963024144426922, 0.0, 1.601580635571137, 2.597883050014042, 6.327999999999996
0.0019428857715430854, 0.48988722314231936, 4.6382981160598936E-4, 2.5380343533231935, -0.004010421461596994, 0.0, 5.108300415630184E-4, -0.0034995914200339896, -7.649855166118961, 0.0, 2.7092121376851144, -4.940643028433659, 0.9964658793332365, 0.0, 1.607881372001268, 2.604347251334722, 6.327999999999995
0.0019517034068136266, 0.4920981843001279, 4.659348669655215E-4, 2.5447357264730894, -0.004026519902908927, 0.0, 5.165473046213327E-4, -0.003509972598287607, -7.645176636548087, 0.0, 2.7227066135353373, -4.922470023012605, 0.9966318830252792, 0.0, 1.614081049654632, 2.610712932680083, 6.327999999999994
0.0019605210420841675, 0.49430957173759543, 4.680399223250535E-4, 2.551416815503431, -0.004042608513794942, 0.0, 5.222928664161377E-4, -0.0035203156473788124, -7.640515338863283, 0.0, 2.7360992775595907, -4.90441606130354, 0.9968002424929404, 0.0, 1.62018407139176, 2.616984313884869, 6.327999999999996
0.0019693386773547085, 0.496521390854301, 4.701449776845856E-4, 2.558081449107355, -0.0040586873305255644, 0.0, 5.280665170458806E-4, -0.0035306208134796967, -7.635871270264092, 0.0, 2.7493943668194056, -4.886476903444533, 0.9969707745752906, 0.0, 1.6261950514793748, 2.6231658260548465, 6.327999999999994
0.0019781563126252495, 0.4987336464896272, 4.722500330441177E-4, 2.5647335989457085, -0.0040747563893689534, 0.0, 5.338680557785099E-4, -0.0035408883335904607, -7.631244431263995, 0.0, 2.762596356293419, -4.868648074970396, 0.9971432961081467, 0.0, 1.6321188159591113, 2.6292621120674737, 6.327999999999994
0.001986973947895791, 0.5009463429081943, 4.743550884036498E-4, 2.5713773809132556, -0.004090815726597666, 0.0, 5.396972915531539E-4, -0.0035511184350445254, -7.626634825501318, 0.0, 2.7757099596636183, -4.850924865837552, 0.9973176240539582, 0.0, 1.6379604029562147, 2.6352780270103486, 6.327999999999995
0.001995791583166332, 0.5031594837853687, 4.7646014376318186E-4, 2.578017056385155, -0.004106865378495044, 0.0, 5.455540434833901E-4, -0.0035613113350116657, -7.622042459552689, 0.0, 2.7887401300326164, -4.8333023295199276, 0.9974935756299425, 0.0, 1.643725062928598, 2.64121863855871, 6.327999999999994
0.002004609218436873, 0.5053730721928428, 4.7856519912271395E-4, 2.584657033443303, -0.0041229053813612, 0.0, 5.514381413619298E-4, -0.0035714672399992852, -7.617467342749121, 0.0, 2.8016920605719813, -4.815775282176999, 0.9976709684342674, 0.0, 1.6494182588563457, 2.6470892272907847, 6.327999999999996
0.002013426853707414, 0.5075871105842941, 4.8067025448224603E-4, 2.591301868081664, -0.004138935771518636, 0.0, 5.573494261665813E-4, -0.0035815863453520637, -7.612909486994599, 0.0, 2.814571185101364, -4.798338301893057, 0.9978496205705057, 0.0, 1.6550456663714184, 2.652895286942119, 6.327999999999996
0.002022244488977955, 0.5098016007811281, 4.827753098417781E-4, 2.597956265390266, -0.0041549565853174625, 0.0, 5.632877505673952E-4, -0.0035916688347500713, -7.6083689065872875, 0.0, 2.8273831785990566, -4.7809857279881225, 0.9980293507701201, 0.0, 1.6606131738280923, 2.6586425245983287, 6.327999999999994
0.0020310621242484958, 0.512016543958308, 4.8488036520131014E-4, 2.604625080716928, -0.004170967859140249, 0.0, 5.692529794347771E-4, -0.003601714879705481, -7.603845618043329, 0.0, 2.840133957642606, -4.76371166040058, 0.998209978513087, 0.0, 1.666126882312926, 2.6643368608261753, 6.327999999999995
0.002039879759519037, 0.5142319406302754, 4.869854205608423E-4, 2.611313320806385, -0.004186969629406519, 0.0, 5.752449903484735E-4, -0.003611724639058059, -7.599339639923196, 0.0, 2.8528296807813622, -4.7465099591416795, 0.9983913241466275, 0.0, 1.6715931055960394, 2.669984429742848, 6.327999999999995
0.0020486973947895786, 0.5164477906369696, 4.890904759203744E-4, 2.618026144915888, -0.0042029619325768645, 0.0, 5.812636741072759E-4, -0.0036216982584695947, -7.5948509926606, 0.0, 2.8654767488393786, -4.729374243821101, 0.998573209002081, 0.0, 1.6770183700221482, 2.675591579024361, 6.327999999999995
0.0020575150300601195, 0.5186640931299441, 4.911955312799065E-4, 2.624768865906889, -0.004218944805156718, 0.0, 5.873089352392959E-4, -0.00363163586991743, -7.590379698394029, 0.0, 2.878081805149403, -4.712297893244454, 0.9987554555098093, 0.0, 1.6824094143421273, 2.6811648698521253, 6.327999999999996
0.0020663326653306605, 0.5208808465585927, 4.933005866394385E-4, 2.631546951311941, -0.004234918283699761, 0.0, 5.933806925125967E-4, -0.003641537591187176, -7.585925780800839, 0.0, 2.8906517357180666, -4.695274045082605, 0.9989378873121918, 0.0, 1.687773189485345, 2.6867110767977285, 6.327999999999995
0.002075150300601202, 0.5230980486564815, 4.954056419989707E-4, 2.6383660243763245, -0.0042508824048109965, 0.0, 5.99478879446195E-4, -0.003651403525364811, -7.581489264933877, 0.0, 2.9031936693217086, -4.6782955956119965, 0.9991203293747567, 0.0, 1.6931168582719056, 2.6922371876468527, 6.327999999999995
0.002083967935871743, 0.5253156964277952, 4.975106973585027E-4, 2.64523186507354, -0.0042668372051494685, 0.0, 6.056034448211158E-4, -0.003661233760328358, -7.577070177060767, 0.0, 2.9157149775332347, -4.661355199527384, 0.999302608095277, 0.0, 1.6984477950655537, 2.6977504031609896, 6.327999999999995
0.0020927855711422834, 0.5275337861339043, 4.996157527180347E-4, 2.6521504110941057, -0.004282782721430658, 0.0, 6.117543531914938E-4, -0.0036710283682391707, -7.57266854450572, 0.0, 2.9282232746801005, -4.644445269825469, 0.9994845514109879, 0.0, 1.7037735853670692, 2.703258136778221, 6.327999999999994
0.002101603206412825, 0.5297523132800535, 5.017208080775669E-4, 2.659127758807015, -0.004298718990428536, 0.0, 6.179315853954395E-4, -0.003680787405033103, -7.568284395493909, 0.0, 2.9407264177331522, -4.62755797776059, 0.9996659889038355, 0.0, 1.7091020253481621, 2.7087680142521764, 6.327999999999995
0.002110420841683366, 0.5319712726021759, 5.038258634370989E-4, 2.666170164193013, -0.004314646048977309, 0.0, 6.241351390656618E-4, -0.003690510909911653, -7.563917758998441, 0.0, 2.953232506126567, -4.610685252871674, 0.9998467519038049, 0.0, 1.7144411213258484, 2.714287873229863, 6.327999999999994
0.002119238476953907, 0.5341906580538412, 5.05930918796631E-4, 2.6732840437490655, -0.004330563933972826, 0.0, 6.303650291396227E-4, -0.0037001989048332006, -7.55956866458995, 0.0, 2.9657498815083305, -4.593818783081463, 1.0000266735901653, 0.0, 1.7197990891769168, 2.7198257627672326, 6.327999999999994
0.0021280561122244477, 0.5364104627933394, 5.080359741561631E-4, 2.6804759753632923, -0.00434647268237368, 0.0, 6.366212883690714E-4, -0.0037098513940046194, -7.555237142288659, 0.0, 2.9782871274220812, -4.576950014866425, 1.000205589090902, 0.0, 1.7251843536933396, 2.7253899427844157, 6.327999999999995
0.002136873747494989, 0.5386306791709048, 5.101410295156952E-4, 2.687752699159641, -0.004362372331202009, 0.0, 6.429039678288613E-4, -0.0037194683633731524, -7.550923222419149, 0.0, 2.990853068919854, -4.560070153499145, 1.0003833355800145, 0.0, 1.7306055478780642, 2.730988883458237, 6.327999999999996
0.00214569138276553, 0.5408512987160832, 5.122460848752272E-4, 2.6951211183116195, -0.004378262917543973, 0.0, 6.492131374248673E-4, -0.003729049780119109, -7.546626935467573, 0.0, 3.0034567721057157, -4.543170163361713, 1.0005597523729577, 0.0, 1.7360715121812746, 2.736631264554382, 6.327999999999993
0.0021545090180360715, 0.5430723121252521, 5.143511402347594E-4, 2.7025882998241495, -0.004394144478549965, 0.0, 6.555488864008817E-4, -0.0037385955921490853, -7.542348311941587, 0.0, 3.0161075436104174, -4.52624076833105, 1.0007346810199838, 0.0, 1.741591293677197, 2.742325974697304, 6.327999999999996
0.002163326653306612, 0.5452937092492917, 5.164561955942914E-4, 2.7101614752831487, -0.004410017051434488, 0.0, 6.619113238442965E-4, -0.0037481057275901997, -7.538087382232696, 0.0, 3.028814929996842, -4.509272452235715, 1.0009079653975832, 0.0, 1.7471741451813394, 2.7480821105790776, 6.327999999999994
0.0021721442885771535, 0.5475154790814152, 5.185612509538235E-4, 2.717848041571673, -0.004425880673475791, 0.0, 6.683005791905275E-4, -0.0037575800942852592, -7.533844176481351, 0.0, 3.041588717096589, -4.492255459384632, 1.0010794517978154, 0.0, 1.7528295243083147, 2.7539089761062514, 6.327999999999996
0.0021809619238476944, 0.5497376097451612, 5.206663063133556E-4, 2.725655561552153, -0.00444173538201518, 0.0, 6.747168027259093E-4, -0.0037670185792892767, -7.529618724444495, 0.0, 3.054438929277501, -4.47517979516682, 1.0012489890156973, 0.0, 1.758567092470299, 2.759816081486181, 6.327999999999996
0.002189779559118236, 0.5519600884825546, 5.227713616728877E-4, 2.73359176471385, -0.004457581214456094, 0.0, 6.811601660889767E-4, -0.0037764210483671222, -7.525411055365714, 0.0, 3.0673758286422133, -4.458035226723346, 1.001416428434601, 0.0, 1.7643967138161087, 2.7658131422508734, 6.327999999999994
0.002198597194388777, 0.554182901642436, 5.248764170324197E-4, 2.7416645477846524, -0.004473418208262867, 0.0, 6.876308627700247E-4, -0.0037857873454928406, -7.52122119784802, 0.0, 3.080409914157247, -4.440811283690626, 1.0015816241095126, 0.0, 1.7703284541103343, 2.7719100782199924, 6.327999999999995
0.0022074148296593174, 0.5564060346689703, 5.269814723919518E-4, 2.7498819753066868, -0.004489246400959266, 0.0, 6.941291086087729E-4, -0.0037951172923504977, -7.5170491797291685, 0.0, 3.0935519207136295, -4.423497259015312, 1.0017444328483713, 0.0, 1.776372579553601, 2.778117012402208, 6.327999999999994
0.0022162324649298588, 0.5586294720903349, 5.290865277514839E-4, 2.758252280174583, -0.004505065830126749, 0.0, 7.006551422898838E-4, -0.0038044106878368684, -7.512895027959472, 0.0, 3.1068128181185286, -4.40608220984084, 1.0019047142914095, 0.0, 1.782539555543627, 2.7844442698351455, 6.327999999999995
0.0022250501002004, 0.5608531975075891, 5.31191583111016E-4, 2.7667838641359026, -0.0045208765334024655, 0.0, 7.072092258363918E-4, -0.0038136673075660783, -7.508758768482396, 0.0, 3.1202038100166707, -4.388554958465527, 1.002062330988278, 0.0, 1.7888400453754887, 2.7909023763639724, 6.327999999999995
0.002233867735470941, 0.5630771935837382, 5.332966384705481E-4, 2.7754852982527742, -0.004536678548477006, 0.0, 7.137916451007526E-4, -0.0038228869033762503, -7.504640426117527, 0.0, 3.133736332744612, -4.370904093372751, 1.0022171484732947, 0.0, 1.7952849088844325, 2.797502057357887, 6.327999999999995
0.0022426853707414817, 0.5653014420329864, 5.354016938300801E-4, 2.7843653233238124, -0.004552471913091932, 0.0, 7.204027102534214E-4, -0.0038320692028385108, -7.5005400244462415, 0.0, 3.147422054114271, -4.353117970331842, 1.0023690353385877, 0.0, 1.8018852010275588, 2.804254236366277, 6.327999999999995
0.002251503006012023, 0.567525923610192, 5.375067491896122E-4, 2.7934328502657753, -0.004568256665037049, 0.0, 7.270427562687024E-4, -0.0038412139087683392, -7.496457585699871, 0.0, 3.1612728721284684, -4.335184713571296, 1.002517863305214, 0.0, 1.808652170407328, 2.8111700337126355, 6.327999999999996
0.0022603206412825645, 0.5697506181005206, 5.396118045491444E-4, 2.8026969604538134, -0.004584032842147428, 0.0, 7.337121434080138E-4, -0.0038503206987394022, -7.492393130650521, 0.0, 3.175300913626655, -4.317092217023742, 1.0026635072921413, 0.0, 1.8155972577345387, 2.8182607650267824, 6.327999999999995
0.002269138276553105, 0.571975504309307, 5.417168599086763E-4, 2.8121669060196615, -0.004599800482300251, 0.0, 7.404112577000096E-4, -0.0038593892246002385, -7.4883466785044055, 0.0, 3.189518532862732, -4.298828145641531, 1.0028058454832989, 0.0, 1.8227320942334646, 2.825537939716901, 6.327999999999995
0.002277955911823646, 0.5742005600521312, 5.438219152682084E-4, 2.8218521101067138, -0.004615559623411382, 0.0, 7.471405114178389E-4, -0.003868419111993546, -7.484318246797811, 0.0, 3.2039383100122687, -4.280379936785327, 1.0029447593924168, 0.0, 1.8300684999856618, 2.8330132593782995, 6.327999999999995
0.0022867735470941874, 0.5764257621451051, 5.459269706277406E-4, 2.8317621670815196, -0.004631310303431763, 0.0, 7.539003435529583E-4, -0.0038774099598787967, -7.48030785129555, 0.0, 3.2185730496123015, -4.261734801683103, 1.0030801339259823, 0.0, 1.837618482216452, 2.8406986161425656, 6.327999999999994
0.002295591182364729, 0.5786510863953829, 5.480320259872727E-4, 2.8419068427002685, -0.004647052560343555, 0.0, 7.606912202859127E-4, -0.003886361340057639, -7.4763155058921384, 0.0, 3.23343577893058, -4.242879726961381, 1.00321185744388, 0.0, 1.8453942335199136, 2.8486060909639637, 6.327999999999995
0.0023044088176352694, 0.5808765075918941, 5.501370813468046E-4, 2.85229607422981, -0.004662786432156126, 0.0, 7.675136354532461E-4, -0.0038952727967028738, -7.472341222515375, 0.0, 3.248539746267309, -4.22380147624787, 1.003339821818229, 0.0, 1.8534081300267233, 2.856747951845135, 6.327999999999994
0.0023132264529058103, 0.5831019994963075, 5.522421367063368E-4, 2.8629399705221497, -0.004678511956901801, 0.0, 7.743681110110017E-4, -0.0039041438458907963, -7.468385011032646, 0.0, 3.2638984191863782, -4.20448659184617, 1.0034639224899156, 0.0, 1.861672729510721, 2.8651366520007304, 6.327999999999994
0.0023220440881763517, 0.585327534834225, 5.543471920658689E-4, 2.873848812041561, -0.004694229172631419, 0.0, 7.812551974944299E-4, -0.003912973975136985, -7.464446879159719, 0.0, 3.2795254826783182, -4.184921396481201, 1.0035840585231737, 0.0, 1.8702007694368756, 2.8737848279602423, 6.327999999999995
0.0023308617234468927, 0.5875530852866183, 5.56452247425401E-4, 2.8850330508434032, -0.004709938117409726, 0.0, 7.881754744735433E-4, -0.003921762642936179, -7.46052683237214, 0.0, 3.2954348372547493, -4.16509199511716, 1.0037001326580441, 0.0, 1.8790051649508244, 2.8827052976090908, 6.327999999999995
0.0023396793587174337, 0.5897786214815027, 5.58557302784933E-4, 2.8965033105036717, -0.004725638829310555, 0.0, 7.951295510048658E-4, -0.00393050927830569, -7.45662487381922, 0.0, 3.3116405969726213, -4.144984276846457, 1.003812051360711, 0.0, 1.8880990068073908, 2.8919110581682452, 6.327999999999994
0.002348496993987975, 0.5920041129858611, 5.606623581444651E-4, 2.908270385998379, -0.004741331346411855, 0.0, 8.021180660787485E-4, -0.003939213280333103, -7.4527410042405595, 0.0, 3.3281570873897977, -4.1245839168505825, 1.0039197248718468, 0.0, 1.8974955592405018, 2.901415284112523, 6.327999999999994
0.002357314629258516, 0.5942295282978173, 5.627674135039973E-4, 2.920345243532055, -0.004757015706790515, 0.0, 8.091416890624319E-4, -0.003947874017728077, -7.44887522188524, 0.0, 3.3449988434523203, -4.103876378432752, 1.0040230672526875, 0.0, 1.9072082577742733, 2.9112313250271176, 6.327999999999993
0.002366132264529057, 0.5964548348390653, 5.648724688635293E-4, 2.932739020313914, -0.004772691948517052, 0.0, 8.162011201384442E-4, -0.003956490828378598, -7.445027522433446, 0.0, 3.3621806073116915, -4.082846915121657, 1.0041219964292143, 0.0, 1.9172507069740725, 2.9213727034033687, 6.327999999999994
0.0023749498997995984, 0.5986799989475586, 5.669775242230614E-4, 2.945463024281402, -0.0047883601096501225, 0.0, 8.232970907385297E-4, -0.003965063018911585, -7.441197898920794, 0.0, 3.379717326073777, -4.061480572846927, 1.0042164342341053, 0.0, 1.9276366781385579, 2.9318531123727394, 6.327999999999995
0.0023837675350701394, 0.6009049858704645, 5.690825795825934E-4, 2.9585287337694712, -0.0048040202282308665, 0.0, 8.30430363972593E-4, -0.0039735898642582704, -7.437386341665215, 0.0, 3.3976241494780552, -4.039762192187002, 1.0043063064465634, 0.0, 1.9383801069320843, 2.942686413378801, 6.327999999999994
0.00239258517034068, 0.6031297597573847, 5.711876349421255E-4, 2.971947797125315, -0.0048196723422771265, 0.0, 8.376017350527473E-4, -0.0039820706072243705, -7.433592838196342, 0.0, 3.4159164275084524, -4.017676410687755, 1.004391542830168, 0.0, 1.9494950909583086, 2.9538866337885956, 6.327999999999995
0.0024014028056112214, 0.6053542836538521, 5.732926903016576E-4, 2.9857320322669523, -0.0048353164897775025, 0.0, 8.44812031712321E-4, -0.00399050445806518, -7.429817373187539, 0.0, 3.434609707934962, -3.995207665252512, 1.0044720771684994, 0.0, 1.9609958872741855, 2.965467964442747, 6.327999999999994
0.0024102204408817628, 0.6075785194951041, 5.753977456611898E-4, 2.9998934261851113, -0.004850952708685258, 0.0, 8.520621146194882E-4, -0.003998890594065764, -7.426059928390506, 0.0, 3.453719733785658, -3.972340194604679, 1.0045478472986837, 0.0, 1.9728969098443112, 2.9774447571431546, 6.327999999999995
0.0024190380761523037, 0.6098024281001361, 5.775028010207218E-4, 3.0144441343872748, -0.0048665810369121175, 0.0, 8.593528777856223E-4, -0.0040072281591264905, -7.422320482572456, 0.0, 3.473262440750621, -3.949058041821624, 1.0046187951428323, 0.0, 1.9852127269367017, 2.989831522079735, 6.327999999999994
0.0024278557114228443, 0.6120259691660441, 5.796078563802538E-4, 3.0293964802829096, -0.0048822015123219185, 0.0, 8.666852489680799E-4, -0.00401551626335383, -7.418599011455793, 0.0, 3.493253954516201, -3.925345056939394, 1.0046848667374189, 0.0, 1.9979580584586978, 3.0026429251963007, 6.327999999999993
0.0024366733466933857, 0.6142491012626585, 5.81712911739786E-4, 3.044762954508667, -0.00489781417272413, 0.0, 8.740601900672417E-4, -0.00402375398265688, -7.414895487660548, 0.0, 3.5137105880302153, -3.9011848996302287, 1.0047460122603586, 0.0, 2.011147773233645, 3.015893785494094, 6.327999999999995
0.002445490981963927, 0.6164717818274684, 5.838179670993181E-4, 3.0605562141930465, -0.004913419055867274, 0.0, 8.814786975177898E-4, -0.004031940358349483, -7.411209880649157, 0.0, 3.534648838698129, -3.8765610419508065, 1.004802186056236, 0.0, 2.0247968862181636, 3.02959907227462, 6.327999999999995
0.0024543086172344676, 0.618693967160852, 5.8592302245885E-4, 3.076789082158939, -0.004929016199432221, 0.0, 8.889418026739901E-4, -0.004040074396758225, -7.407542156674022, 0.0, 3.556085385511281, -3.851456771162579, 1.0048533466591663, 0.0, 2.0389205556612624, 3.04377390232058, 6.327999999999994
0.002463126252505009, 0.6209156124216071, 5.880280778183822E-4, 3.093474546063293, -0.004944605641025378, 0.0, 8.964505721888671E-4, -0.004048155068836496, -7.403892278727519, 0.0, 3.578037086103846, -3.825855192623527, 1.00489945681366, 0.0, 2.0535340802019006, 3.0584335370156803, 6.327999999999994
0.00247194388777555, 0.6231366716227913, 5.901331331779143E-4, 3.1106257574729597, -0.004960187418171769, 0.0, 9.04006108387095E-4, -0.004056181309784666, -7.40026020649466, 0.0, 3.600520973742769, -3.799739232751784, 1.0049404834933124, 0.0, 2.0686528959092985, 3.0735933794027037, 6.327999999999994
0.0024807615230460914, 0.625357097627874, 5.922381885374464E-4, 3.128256030875331, -0.004975761568308046, 0.0, 9.116095496314817E-4, -0.004064152018676558, -7.396645896308266, 0.0, 3.623554254247836, -3.77309164206026, 1.0049763979174207, 0.0, 2.0842925732631397, 3.08926897118072, 6.327999999999994
0.002489579158316632, 0.6275768421472085, 5.943432438969783E-4, 3.1463788426231485, -0.004991328128775362, 0.0, 9.192620706828603E-4, -0.00407206605809249, -7.393049301106764, 0.0, 3.6471543028430853, -3.74589499826353, 1.0050071755653969, 0.0, 2.1004688140749117, 3.105475989640438, 6.327999999999993
0.0024983967935871734, 0.6297958557348244, 5.964482992565105E-4, 3.165007829811989, -0.0050068871368121985, 0.0, 9.26964883053414E-4, -0.004079922253758766, -7.389470370394575, 0.0, 3.6713386609380043, -3.71813170945635, 1.0050327961890555, 0.0, 2.1171974483485787, 3.122230244537824, 6.327999999999994
0.0025072144288577143, 0.6320140877855439, 5.985533546160426E-4, 3.1841567890897, -0.00502243862954709, 0.0, 9.347192353529963E-4, -0.004087719394194085, -7.385909050205004, 0.0, 3.696125032841566, -3.68978401736328, 1.0050532438228377, 0.0, 2.134494431084107, 3.1395476749070883, 6.327999999999993
0.0025160320641282553, 0.6342314865324337, 6.006584099755747E-4, 3.2038396753965124, -0.005037982643991296, 0.0, 9.4252641362847E-4, -0.004095456230362817, -7.382365283065797, 0.0, 3.7215312824056763, -3.6608340006599382, 1.0050685067918388, 0.0, 2.152375839020147, 3.1574443458121535, 6.327999999999994
0.0025248496993987967, 0.6364479990445875, 6.027634653351068E-4, 3.2240706006346507, -0.005053519217031364, 0.0, 9.503877416960843E-4, -0.004103131475335258, -7.378839007967205, 0.0, 3.7475754296004262, -3.6312635783666836, 1.0050785777176796, 0.0, 2.170857867317989, 3.1759364450357275, 6.327999999999994
0.0025336673346693377, 0.6386635712252504, 6.048685206946388E-4, 3.2448638322668213, -0.005069048385421662, 0.0, 9.583045814663647E-4, -0.004110743803955297, -7.3753301603326635, 0.0, 3.774275647019734, -3.601054513312905, 1.0050834535222952, 0.0, 2.189956826186018, 3.1950402797083375, 6.327999999999994
0.0025424849699398787, 0.6408781478102876, 6.06973576054171E-4, 3.2662337918416817, -0.0050845701857768575, 0.0, 9.662783332616423E-4, -0.004118291852515197, -7.371838671992018, 0.0, 3.8016502563186307, -3.570188415673188, 1.005083135429582, 0.0, 2.209689137445469, 3.2147722728752197, 6.327999999999995
0.0025513026052104196, 0.6430916723669986, 6.09078631413703E-4, 3.288195053446003, -0.005100084654564298, 0.0, 9.743104361261299E-4, -0.004125774218438155, -7.3683644711574106, 0.0, 3.8297177245806817, -3.5386467465765854, 1.0050776289647656, 0.0, 2.2300713310358864, 3.2351489600007737, 6.327999999999993
0.002560120240480961, 0.6453040872932876, 6.111836867732351E-4, 3.3107623420818957, -0.005115591828096395, 0.0, 9.82402368128018E-4, -0.004133189459968373, -7.364907482401604, 0.0, 3.8584966606172544, -3.5064108217841623, 1.005066943951845, 0.0, 2.251120041462636, 3.256186985414661, 6.327999999999994
0.002568937875751502, 0.647515333817188, 6.132887421327672E-4, 3.333950531967858, -0.005131091742522928, 0.0, 9.905556466540122E-4, -0.004140536095868913, -7.36146762663899, 0.0, 3.888005811196793, -3.473461815442029, 1.0050510945087208, 0.0, 2.272852004183697, 3.27790309869258, 6.327999999999993
0.0025777555110220425, 0.6497253519967539, 6.153937974922992E-4, 3.3577746447631576, -0.005146584433823331, 0.0, 9.987718286955946E-4, -0.00414781260512772, -7.358044821109156, 0.0, 3.9182640572060308, -3.4397807639029967, 1.0050300990402183, 0.0, 2.295284051938602, 3.300314150978924, 6.327999999999992
0.002586573146292584, 0.6519340807203096, 6.174988528518313E-4, 3.3822498477137835, -0.005162069937798957, 0.0, 0.001007052511127338, -0.004155017426671614, -7.354638979362989, 0.0, 3.949290409741581, -3.4053485696212262, 1.0050039802290232, 0.0, 2.318433111017206, 3.323437091246405, 6.327999999999994
0.0025953907815631254, 0.6541414577070738, 6.196039082113635E-4, 3.4073914517188406, -0.00517754829006526, 0.0, 0.0010153993309767921, -0.00416214895908846, -7.351250011251425, 0.0, 3.9811040061318694, -3.370146005119462, 1.0049727650243157, 0.0, 2.3423161974687705, 3.347288962493168, 6.327999999999993
0.0026042084168336663, 0.6563474195081638, 6.217089635708955E-4, 3.4332149093166944, -0.005193019526044052, 0.0, 0.0010238139656859125, -0.0041692055603581085, -7.347877822916658, 0.0, 4.013724105892407, -3.334153717024102, 1.004936484628506, 0.0, 2.366950413254205, 3.371886897882811, 6.327999999999994
0.0026130260521042073, 0.6585519015079682, 6.238140189304275E-4, 3.4597358125891624, -0.005208483680955637, 0.0, 0.0010322981333640967, -0.00417618554759154, -7.344522316786104, 0.0, 4.047170086608396, -3.297352230177627, 1.0048951744814754, 0.0, 2.392352942335103, 3.397248116816657, 6.327999999999994
0.0026218436873747483, 0.6607548379259127, 6.259190742899597E-4, 3.486969890983106, -0.005223940789811024, 0.0, 0.0010408535930321212, -0.004183087196778901, -7.34118339156875, 0.0, 4.081461439751991, -3.2597219518166645, 1.0048488742429977, 0.0, 2.4185410467077912, 3.4233899209508807, 6.327999999999994
0.0026306613226452897, 0.6629561618186086, 6.280241296494918E-4, 3.5149330090474304, -0.005239390887404081, 0.0, 0.0010494821448576224, -0.0041899087425464505, -7.337860942254221, 0.0, 4.1166177664275265, -3.221243175826566, 1.004797627772779, 0.0, 2.4455320623744803, 3.4503296901473752, 6.327999999999993
0.00263947895791583, 0.6651558050823964, 6.301291850090237E-4, 3.543641164085221, -0.0052548340083037005, 0.0, 0.00105818563038124, -0.004196648377922455, -7.334554860114371, 0.0, 4.152658773049775, -3.181896087064452, 1.004741483108406, 0.0, 2.4733433952577024, 3.478084878366243, 6.327999999999992
0.0026482965931863716, 0.6673536984562857, 6.322342403685559E-4, 3.5731104837193115, -0.005270270186846004, 0.0, 0.0010669659327336581, -0.004203304254112335, -7.331265032707402, 0.0, 4.189604266952014, -3.141660765755286, 1.004680492441221, 0.0, 2.5019925170542567, 3.5066730094955636, 6.327999999999994
0.0026571142284569126, 0.6695497715252972, 6.34339295728088E-4, 3.6033572233698816, -0.005285699457126493, 0.0, 0.0010758249768434824, -0.004209874480282999, -7.327991343884691, 0.0, 4.227474151925325, -3.1005171919591006, 1.0046147120898528, 0.0, 2.531496961029935, 3.536111673120035, 6.327999999999994
0.002665931863727454, 0.6717439527242091, 6.364443510876201E-4, 3.6343977636434737, -0.005301121852992299, 0.0, 0.0010847647296353688, -0.004216357123356913, -7.324733673800039, 0.0, 4.266288423689722, -3.058445250110204, 1.0045442024717952, 0.0, 2.561874317756322, 3.5664185202282033, 6.327999999999993
0.002674749498997995, 0.673936169341714, 6.385494064471522E-4, 3.6662486076314877, -0.005316537408034365, 0.0, 0.0010937872002188594, -0.004222750207815482, -7.321491898921642, 0.0, 4.306067165293992, -3.0154247336274915, 1.0044690280726156, 0.0, 2.5931422307856025, 3.5976112588583393, 6.327999999999993
0.002683567134268536, 0.6761263475249928, 6.406544618066842E-4, 3.6989263781176493, -0.005331946155579747, 0.0, 0.0011028944400672813, -0.00422905171551245, -7.318265892046506, 0.0, 4.346830542449667, -2.971435349596589, 1.0043892574132138, 0.0, 2.625318392269596, 3.6297076496830356, 6.327999999999993
0.002692384769539077, 0.6783144122847048, 6.427595171662163E-4, 3.7324478146925006, -0.005347348128683869, 0.0, 0.0011120885431866612, -0.004235259585497191, -7.315055522317524, 0.0, 4.38859879879301, -2.9264567235245025, 1.0043049630147454, 0.0, 2.658420538516738, 3.662725501531469, 6.327999999999993
0.002701202404809618, 0.6805002875004025, 6.448645725257484E-4, 3.7668297707739704, -0.005362743360122871, 0.0, 0.0011213716462749046, -0.004241371713847955, -7.3118606552431356, 0.0, 4.4313922510794335, -2.8804684041635213, 1.00421622136144, 0.0, 2.6924664454908034, 3.6966826668524075, 6.327999999999993
0.0027100200400801593, 0.6826838959263762, 6.469696278852805E-4, 3.8020892105332926, -0.00537813188238597, 0.0, 0.0011307459288704283, -0.00424738595351553, -7.308681152719483, 0.0, 4.475231284309362, -2.8334498684100113, 1.0041231128612962, 0.0, 2.727473924251449, 3.731597037112837, 6.327999999999993
0.0027188376753507003, 0.6848651591979266, 6.490746832448125E-4, 3.8382432057237033, -0.0053935137276678955, 0.0, 0.0011402136134907393, -0.004253300114177138, -7.305516873055258, 0.0, 4.5201363467835245, -2.7853805262716143, 1.00402572180453, 0.0, 2.763460816333536, 3.767486538138157, 6.327999999999993
0.0027276553106212417, 0.6870439978380771, 6.511797386043447E-4, 3.8753089324118584, -0.005408888927861343, 0.0, 0.0011497769657604299, -0.004259111962100895, -7.3023676709990335, 0.0, 4.5661279450903125, -2.7362397259085447, 1.003924136319884, 0.0, 2.8004449890685015, 3.8043691253885332, 6.327999999999992
0.002736472945891782, 0.6892203312647296, 6.532847939638767E-4, 3.9133036676102435, -0.005424257514549534, 0.0, 0.001159438294528397, -0.004264819220021129, -7.299233397769171, 0.0, 4.613226639023849, -2.6860067587451115, 1.003818448328853, 0.0, 2.8384443308464635, 3.842262779175515, 6.327999999999993
0.0027452905811623236, 0.6913940777982608, 6.553898493234088E-4, 3.952244785809242, -0.005439619518998808, 0.0, 0.0011691999519745939, -0.004270419567024201, -7.296113901086402, 0.0, 4.661453036433172, -2.6346608646530014, 1.003708753497574, 0.0, 2.877476746318797, 3.881185499816581, 6.327999999999994
0.0027541082164328646, 0.6935651546695719, 6.574949046829409E-4, 3.992149755407322, -0.005454974972151292, 0.0, 0.00117906433370564, -0.004275910638445639, -7.293009025208889, 0.0, 4.710827788001754, -2.5821812372069264, 1.0035951511866772, 0.0, 2.917560151541192, 3.921155302728057, 6.327999999999993
0.0027629258517034056, 0.695733478028593, 6.595999600424729E-4, 4.033036135038611, -0.005470323904617664, 0.0, 0.001189033878839424, -0.0042812900257782095, -7.289918610969865, 0.0, 4.761371581958799, -2.5285470290108307, 1.0034777443989533, 0.0, 2.9587124690582174, 3.962190213457359, 6.327999999999992
0.0027717434869739465, 0.6978989629532444, 6.61705015402005E-4, 4.074921569796189, -0.005485666346669977, 0.0, 0.0011991110700785238, -0.004286555276591442, -7.286842495817958, 0.0, 4.81310513872119, -2.473737357096536, 1.0033566397247498, 0.0, 3.0009516229283126, 4.004308262653277, 6.327999999999993
0.002780561122244488, 0.7000615234588619, 6.638100707615372E-4, 4.1178237873493835, -0.005501002328234568, 0.0, 0.0012092984337722847, -0.004291703894462257, -7.283780513859954, 0.0, 4.866049205465719, -2.417731308394031, 1.003231947285294, 0.0, 3.044295533688864, 4.047527480974321, 6.327999999999993
0.0027893787575150293, 0.702221072508092, 6.659151261210693E-4, 4.161760593954767, -0.005516331878885102, 0.0, 0.0012195985399673231, -0.004296733338917766, -7.280732495906229, 0.0, 4.92022455063386, -2.3605079452723094, 1.0031037806738337, 0.0, 3.0887621132637424, 4.091865893937616, 6.327999999999993
0.00279819639278557, 0.7043775220212543, 6.680201814806012E-4, 4.206749870358323, -0.005531655027835633, 0.0, 0.0012300140024465427, -0.004301641025389076, -7.277698269518729, 0.0, 4.975651958364896, -2.30204631115358, 1.0029722568945016, 0.0, 3.1343692598087878, 4.137341516703522, 6.327999999999992
0.002807014028056111, 0.7065307828871895, 6.701252368401334E-4, 4.25280956758834, -0.005546971803933883, 0.0, 0.0012405474787561318, -0.004306424325177733, -7.274677659061446, 0.0, 5.032352222864395, -2.2423254361969094, 1.0028374962992546, 0.0, 3.1811348525028014, 4.183972348802171, 6.327999999999992
0.0028158316633266523, 0.7086807649745765, 6.722302921996655E-4, 4.2999577026371085, -0.005562282235654507, 0.0, 0.0012512016702208705, -0.004311080565433615, -7.271670485753688, 0.0, 5.090346142697852, -2.181324343055694, 1.002699622522242, 0.0, 3.229076746273153, 4.231776368795506, 6.327999999999995
0.0028246492985971932, 0.7108273771437457, 6.743353475591975E-4, 4.348212354030249, -0.005577586351092559, 0.0, 0.0012619793219471875, -0.004315607029145355, -7.268676567725724, 0.0, 5.149654515020242, -2.1190220527053296, 1.002558762412329, 0.0, 3.2782127664673792, 4.2807715288798365, 6.327999999999992
0.002833466933867734, 0.7129705272589733, 6.764404029187296E-4, 4.3975916572825575, -0.00559288417795706, 0.0, 0.0012728832228140509, -0.004320000955142992, -7.265695720077033, 0.0, 5.210298129734291, -2.055397590342563, 1.0024150459633743, 0.0, 3.328560703463228, 4.330975749426756, 6.327999999999992
0.002842284569138275, 0.7151101222012802, 6.785454582782617E-4, 4.44811380023835, -0.005608175743564648, 0.0, 0.0012839162054515737, -0.00432425953811306, -7.26272775493722, 0.0, 5.2722977635793296, -1.9904299913577943, 1.002268606242189, 0.0, 3.380138307218989, 4.382406913461253, 6.327999999999993
0.0028511022044088166, 0.7172460678817161, 6.806505136377938E-4, 4.499797018295485, -0.005623461074833428, 0.0, 0.0012950811462069181, -0.004328379928626485, -7.259772481529444, 0.0, 5.335674174152705, -1.9240983073766693, 1.0021195793144804, 0.0, 3.4329632817664666, 4.435082861080979, 6.327999999999992
0.0028599198396793576, 0.7193782692551622, 6.827555689973259E-4, 4.552659589511283, -0.005638740198276907, 0.0, 0.0013063809650977077, -0.004332359233179182, -7.256829706236438, 0.0, 5.400448093860891, -1.856381612375273, 1.0019681041685204, 0.0, 3.487053279643236, 4.4890213838120046, 6.327999999999993
0.0028687374749498985, 0.7215066303346271, 6.848606243568579E-4, 4.606719829589423, -0.005654013139998083, 0.0, 0.0013178186257525454, -0.004336194514245519, -7.253899232669063, 0.0, 5.4666402238021705, -1.7872590088667721, 1.0018143226367027, 0.0, 3.5424258962664203, 4.544240218903218, 6.327999999999992
0.00287755511022044, 0.7236310542060662, 6.8696567971639E-4, 4.661996086745585, -0.005669279925683679, 0.0, 0.001329397135338575, -0.00433988279034507, -7.250980861737569, 0.0, 5.53427122757957, -1.7167096341579553, 1.0016583793147777, 0.0, 3.5990986642465534, 4.600757043561324, 6.327999999999993
0.0028863727454909805, 0.7257514430437078, 6.890707350759221E-4, 4.718506736451381, -0.005684540580598569, 0.0, 0.001341119544476143, -0.0043434210361224124, -7.248074391725253, 0.0, 5.603361725045294, -1.6447126666798542, 1.0015004214791474, 0.0, 3.6570890476424753, 4.658589469121708, 6.327999999999993
0.002895190380761522, 0.7278676981259081, 6.911757904354542E-4, 4.776270176054204, -0.005699795129580284, 0.0, 0.001352988947139826, -0.004346806182440441, -7.245179618364863, 0.0, 5.67393228597681, -1.5712473323879796, 1.0013405990016935, 0.0, 3.7164144361582903, 4.7177550351600335, 6.327999999999992
0.002904008016032063, 0.7299797198515274, 6.932808457949862E-4, 4.835304819272199, -0.005715043597033751, 0.0, 0.0013650084805464507, -0.0043500351164872855, -7.242296334917392, 0.0, 5.746003423682583, -1.4962929112347345, 1.0011790642627199, 0.0, 3.7770921392792296, 4.778271203542002, 6.327999999999992
0.0029128256513026043, 0.732087407756834, 6.953859011545184E-4, 4.8956290905628315, -0.0057302860069261725, 0.0, 0.0013771813250293922, -0.004353104681896768, -7.239424332253711, 0.0, 5.8195955885386805, -1.4198287437149248, 1.0010159720613911, 0.0, 3.8391393803484957, 4.840155352409976, 6.327999999999991
0.002921643286573145, 0.7341906605329497, 6.974909565140504E-4, 4.957261419362943, -0.005745522382782073, 0.0, 0.0013895107038992532, -0.004356011678882792, -7.236563398938516, 0.0, 5.894729161458378, -1.341834237479978, 1.000851479524261, 0.0, 3.9025732905868646, 4.903424770111245, 6.327999999999993
0.002930460921843686, 0.7362893760438256, 6.995960118735825E-4, 5.020220234200014, -0.005760752747678557, 0.0, 0.0014019998832906794, -0.004358752864387886, -7.233713321316965, 0.0, 5.971424447290669, -1.2622888740260052, 1.000685746011521, 0.0, 3.967410903051052, 4.968096649062876, 6.327999999999991
0.0029392785571142276, 0.7383834513447631, 7.017010672331147E-4, 5.084523956671855, -0.005775977124240701, 0.0, 0.001414652171995245, -0.004361324952245452, -7.230873883603921, 0.0, 6.049701668149925, -1.1811722154537982, 1.0005189330209991, 0.0, 4.033669146533027, 5.034188079554219, 6.327999999999994
0.002948096192384768, 0.7404727827014866, 7.038061225926466E-4, 5.150190995294146, -0.005791195534637186, 0.0, 0.0014274709212801894, -0.004363724613356967, -7.228044867975763, 0.0, 6.129580956677608, -1.0984639112981789, 1.000351204090024, 0.0, 4.101364839401246, 5.101716043491203, 6.327999999999992
0.002956913827655309, 0.7425572656097639, 7.059111779521787E-4, 5.217239739214023, -0.005806408000576098, 0.0, 0.0014404595246929816, -0.004365948475883093, -7.225226054664709, 0.0, 6.211082349234146, -1.0141437054305025, 1.000182724695131, 0.0, 4.170514683381765, 5.170697408076925, 6.327999999999993
0.0029657314629258505, 0.7446367948155818, 7.080162333117109E-4, 5.285688551787949, -0.005821614543300944, 0.0, 0.001453621417851353, -0.004367993125449594, -7.222417222055735, 0.0, 6.29422577902253, -0.9281914430330848, 1.0000136621496036, 0.0, 4.241135257281085, 5.241148919430812, 6.327999999999992
0.002974549098196392, 0.7467112643358862, 7.10121288671243E-4, 5.355555764023073, -0.005836815183586852, 0.0, 0.0014669600782188635, -0.004369855105367967, -7.219618146786217, 0.0, 6.379031069140466, -0.8405870776453748, 0.999844185498623, 0.0, 4.313243010647256, 5.313087196146225, 6.327999999999992
0.0029833667334669325, 0.7487805674798826, 7.122263440307749E-4, 5.426859667879789, -0.005852009941737007, 0.0, 0.001480479024865717, -0.004371530916871251, -7.21682860384785, 0.0, 6.465517925568341, -0.7513106782793394, 0.999674465412592, 0.0, 4.386854257376722, 5.386528722789429, 6.327999999999993
0.0029921843687374734, 0.7508445968709141, 7.143313993903071E-4, 5.499618509434065, -0.005867198837579318, 0.0, 0.0014941818182149895, -0.004373017019364309, -7.21404836669145, 0.0, 6.553705930081844, -0.6603424366093466, 0.9995046740779517, 0.0, 4.461985169255291, 5.4614898433334735, 6.327999999999992
0.003001002004008015, 0.7529032444689026, 7.164364547498392E-4, 5.573850481898795, -0.0058823818904632525, 0.0, 0.0015080720597731977, -0.004374309830690041, -7.21127720733419, 0.0, 6.643614533101432, -0.567662674232587, 0.9993349850858976, 0.0, 4.538651769446731, 5.53798675453278, 6.327999999999992
0.003009819639278556, 0.7549564015933743, 7.185415101093713E-4, 5.649573718501557, -0.005897559119256943, 0.0, 0.0015221533918467391, -0.004375405727410221, -7.208514896469365, 0.0, 6.735263046468453, -0.4732518500008075, 0.9991655733190232, 0.0, 4.616869925916451, 5.616035499235602, 6.327999999999993
0.003018637274549097, 0.7570039589470707, 7.206465654689033E-4, 5.726806285217755, -0.0059127305423445405, 0.0, 0.0015364294972421075, -0.0043763010451024, -7.205761203578872, 0.0, 6.82867063615485, -0.37709056742395347, 0.9989966148356263, 0.0, 4.696655344799929, 5.695651959635578, 6.327999999999994
0.003027454909819638, 0.7590458066401404, 7.227516208284354E-4, 5.805566173358088, -0.0059278961776237545, 0.0, 0.001550904098951346, -0.004376992078672377, -7.203015897048121, 0.0, 6.923856314902906, -0.2791595821450928, 0.998828286751917, 0.0, 4.778023563710094, 5.77685185046209, 6.327999999999994
0.003036272545090179, 0.7610818342149277, 7.248566761879676E-4, 5.885871292007174, -0.005943056042503688, 0.0, 0.0015655809598215387, -0.004377475082682138, -7.200278744283648, 0.0, 7.020838934795239, -0.1794398094882899, 0.9986607671219864, 0.0, 4.860989944985345, 5.859650712107436, 6.327999999999993
0.00304509018036072, 0.7631119306713512, 7.269617315474996E-4, 5.967739460313851, -0.005958210153902897, 0.0, 0.0015804638822087547, -0.0043777462716941, -7.197549511833243, 0.0, 7.1196371797575475, -0.07791233207564942, 0.9984942348155964, 0.0, 4.945569668879931, 5.944063903695515, 6.327999999999992
0.003053907815631261, 0.76513598449289, 7.290667869070316E-4, 6.051188399629922, -0.005973358528247706, 0.0, 0.001595556707616224, -0.004377801820631473, -7.194827965508621, 0.0, 7.2202695579895835, 0.02544159248111366, 0.9983288693938165, 0.0, 5.031777726692262, 6.030106596086217, 6.327999999999992
0.0030627254509018025, 0.7671538836731726, 7.311718422665638E-4, 6.136235725496583, -0.005988501181470807, 0.0, 0.0016108633163161232, -0.004377637865154622, -7.192113870510738, 0.0, 7.322754394331405, 0.13064052382064825, 0.9981648509824435, 0.0, 5.119628913838888, 6.1177937648212275, 6.327999999999994
0.003071543086172343, 0.769165515743168, 7.332768976260958E-4, 6.2228989394762735, -0.006003638129010074, 0.0, 0.001626387626955987, -0.004377250502054071, -7.189406991557716, 0.0, 7.427109822554578, 0.23770283099690873, 0.998002360143121, 0.0, 5.209137822862184, 6.207140183005329, 6.327999999999993
0.0030803607214428845, 0.7711707677990023, 7.353819529856279E-4, 6.311195420829378, -0.00601876938580773, 0.0, 0.0016421335961477566, -0.004376635789659959, -7.186707093015156, 0.0, 7.533353777590925, 0.34664668457584946, 0.9978415777425544, 0.0, 5.300318836386909, 6.298160414129523, 6.327999999999994
0.003089178356713426, 0.7731695265303874, 7.374870083451601E-4, 6.401142418033224, -0.006033894966309712, 0.0, 0.0016581052180413454, -0.0043757897482683585, -7.1840139390292705, 0.0, 7.641503987686726, 0.45749004865756276, 0.9976826848192079, 0.0, 5.393186120010723, 6.390868804830027, 6.327999999999992
0.003097995991983967, 0.7751616782496652, 7.395920637046921E-4, 6.4927570401418535, -0.006049014884465345, 0.0, 0.0016743065238811923, -0.004374708360584137, -7.181327293662481, 0.0, 7.7515779664907525, 0.5702506728286522, 0.9975258624479446, 0.0, 5.487753615138981, 6.4852794775872855, 6.327999999999994
0.0031068136272545074, 0.7771471089214953, 7.416971190642241E-4, 6.586056247985347, -0.006064129153727349, 0.0, 0.001690741581545873, -0.004373387572181437, -7.178646921031431, 0.0, 7.863593005074227, 0.6849460840430546, 0.9973712916026823, 0.0, 5.584035031761579, 6.581406323364467, 6.327999999999993
0.003115631262525049, 0.7791257041931586, 7.438021744237563E-4, 6.681056845206662, -0.006079237787052056, 0.0, 0.0017074144950715887, -0.00437182329198043, -7.17597258544804, 0.0, 7.977566163877132, 0.8015935784290804, 0.9972191530162982, 0.0, 5.682043841164956, 6.679262994181192, 6.327999999999993
0.00312444889779559, 0.7810973494255061, 7.459072297832884E-4, 6.777775469134973, -0.0060943407969000045, 0.0, 0.0017243294041575895, -0.004370011392742415, -7.17330405156249, 0.0, 8.093514264590635, 0.9202102130283251, 0.9970696270390949, 0.0, 5.7817932685914855, 6.778862895630762, 6.327999999999993
0.0031332665330661307, 0.783061929724539, 7.480122851428203E-4, 6.876228581492747, -0.006109438195236791, 0.0, 0.0017414904836554057, -0.004367947711581343, -7.170641084509394, 0.0, 8.211453881969156, 1.0408127974599053, 0.9969228934943857, 0.0, 5.883296285837032, 6.880219179331504, 6.327999999999993
0.0031420841683366717, 0.7850193299736503, 7.501173405023525E-4, 6.976432458936053, -0.00612452999353425, 0.0, 0.0017589019430401323, -0.004365628050494098, -7.1679834500561395, 0.0, 8.331401335570359, 1.1634178855144242, 0.9967791315323098, 0.0, 5.986565603787119, 6.983344735319608, 6.327999999999993
0.003150901803607213, 0.7869694348664903, 7.522223958618846E-4, 7.078403183425067, -0.006139616202771926, 0.0, 0.0017765680258645875, -0.004363048176907341, -7.1653309147539925, 0.0, 8.453372681429293, 1.288041766675434, 0.9966385194812772, 0.0, 6.091613664896658, 7.088252184378072, 6.327999999999993
0.0031597194388777545, 0.788912128940512, 7.543274512214167E-4, 7.182156632425325, -0.00615469683343892, 0.0, 0.0017944930091956003, -0.004360203824243337, -7.162683246091705, 0.0, 8.57738370366349, 1.414700457571669, 0.9965012346973139, 0.0, 6.1984526356108365, 7.194953870308058, 6.327999999999993
0.003168537074148295, 0.7908472966111529, 7.564325065809487E-4, 7.287708468934937, -0.0061697718955359936, 0.0, 0.0018126812030329412, -0.0043570906925030385, -7.160040212651826, 0.0, 8.703449906006417, 1.5434096933548114, 0.9963674534110318, 0.0, 6.307094398723683, 7.303461852134915, 6.327999999999994
0.0031773547094188365, 0.7927748222066966, 7.585375619404808E-4, 7.395074131339086, -0.006184841398578065, 0.0, 0.0018311369497099744, -0.004353704448868071, -7.157401584269363, 0.0, 8.831586503275082, 1.6741849190059446, 0.9962373505726821, 0.0, 6.417550545681124, 7.413787896254006, 6.327999999999993
0.0031861723446893774, 0.7946945900037832, 7.606426173000129E-4, 7.504268823087827, -0.006199905351596987, 0.0, 0.001849864623276458, -0.004350040728320504, -7.1547671321932, 0.0, 8.961808412766413, 1.8070412805731053, 0.9961110996947959, 0.0, 6.529832368822461, 7.5259434685171165, 6.327999999999992
0.0031949899799599184, 0.7966064842636076, 7.62747672659545E-4, 7.6153075021973535, -0.006214963763144726, 0.0, 0.0018688686288630997, -0.004346095134281604, -7.152136629250069, 0.0, 9.094130245584347, 1.941993616334546, 0.9959888726926882, 0.0, 6.6439508535624245, 7.639939726255354, 6.327999999999992
0.00320380761523046, 0.7985103892687878, 7.648527280190771E-4, 7.728204870570487, -0.006230016641296825, 0.0, 0.001888153402027904, -0.004341863239268901, -7.149509850011048, 0.0, 9.228566297901253, 2.0790564478905362, 0.9958708397227726, 0.0, 6.759916670517288, 7.755787510240366, 6.327999999999994
0.003212625250501001, 0.8004061893609057, 7.669577833786091E-4, 7.8429753631380095, -0.006245063993656294, 0.0, 0.0019077234080838584, -0.004337340585572433, -7.1468865709606515, 0.0, 9.365130542145836, 2.2182439711853705, 0.9957571690187289, 0.0, 6.877740167567541, 7.873497336586452, 6.327999999999994
0.0032214428857715418, 0.8022937689787393, 7.690628387381413E-4, 7.959633136815924, -0.0062601058273577675, 0.0, 0.0019275831414082498, -0.004332522685949483, -7.144266570668519, 0.0, 9.503836618123602, 2.359570047455175, 0.9956480267253556, 0.0, 6.997431361862644, 7.993079388588048, 6.327999999999993
0.0032302605210420827, 0.8041730126971892, 7.711678940976733E-4, 8.078192059278777, -0.006275142149072127, 0.0, 0.00194773712473292, -0.004327405024339207, -7.141649629963679, 0.0, 9.644697824070791, 2.5030481941072007, 0.9955435767303494, 0.0, 7.1189999317694985, 8.114543508499935, 6.327999999999992
0.003239078156312624, 0.8060438052668879, 7.732729494572054E-4, 8.198665697546744, -0.00629017296501141, 0.0, 0.001968189908415713, -0.00432198305659566, -7.139035532111355, 0.0, 9.787727107635659, 2.648691575524588, 0.995443980493814, 0.0, 7.242455208757945, 8.237899189251992, 6.327999999999993
0.003247895791583165, 0.8079060316545054, 7.753780048167375E-4, 8.321067306384833, -0.0063051982809341255, 0.0, 0.001988946069693232, -0.004316252211240847, -7.136424062992399, 0.0, 9.932937056792365, 2.796512993800298, 0.9953493968755712, 0.0, 7.367806169228274, 8.363155566104119, 6.327999999999995
0.0032567134268537056, 0.8097595770837762, 7.774830601762695E-4, 8.445409816511699, -0.0063202181021509915, 0.0, 0.002010010211913729, -0.004310207890237231, -7.1338150112852015, 0.0, 10.080339890687117, 2.9465248794018715, 0.9952599819604181, 0.0, 7.495061426281703, 8.490321408242036, 6.327999999999994
0.003265531062124247, 0.8116043270772078, 7.795881155358016E-4, 8.571705822617503, -0.00633523243353096, 0.0, 0.0020313869637511896, -0.0043038454697797365, -7.131208168650376, 0.0, 10.229947450411062, 3.0987392817606803, 0.9951758888808616, 0.0, 7.624229221426721, 8.619405110307534, 6.327999999999992
0.0032743486973947885, 0.8134401674985149, 7.816931708953338E-4, 8.699967571188296, -0.0063502412795077325, 0.0, 0.002053080978399683, -0.004297160301107994, -7.128603329917817, 0.0, 10.381771189709806, 3.253167859792067, 0.9950972676380098, 0.0, 7.755317416232253, 8.75041468387027, 6.327999999999993
0.0032831663326653294, 0.8152669845957675, 7.837982262548658E-4, 8.830206948134943, -0.0063652446440866164, 0.0, 0.002075096932748162, -0.004290147711338416, -7.126000293276383, 0.0, 10.535822165619601, 3.409821872343341, 0.9950242649201092, 0.0, 7.888333483917218, 8.883357748837401, 6.327999999999992
0.00329198396793587, 0.8170846650452578, 7.859032816143978E-4, 8.962435466225543, -0.006380242530851804, 0.0, 0.002097439526535405, -0.004282803004316337, -7.123398860466283, 0.0, 10.692111029036603, 3.568712168570402, 0.994957023918812, 0.0, 8.023284500883092, 9.018241524801908, 6.327999999999992
0.0033008016032064114, 0.8188930959960876, 7.8800833697393E-4, 9.096664252318078, -0.006395234942974044, 0.0, 0.002120113481485209, -0.004275121461488819, -7.120798836973851, 0.0, 10.850648015215425, 3.7298491782417984, 0.9948956841434049, 0.0, 8.160177138185414, 9.155072822329025, 6.327999999999993
0.003309619238476953, 0.8206921651154905, 7.901133923334621E-4, 9.232904034393997, -0.0064102218832187315, 0.0, 0.0021431235404210693, -0.004267098342797614, -7.118200032229082, 0.0, 11.011442934200138, 3.8932429019715364, 0.9948403812326595, 0.0, 8.29901765294813, 9.293858034181211, 6.327999999999993
0.0033184368737474933, 0.8224817606348791, 7.92218447692994E-4, 9.371165128387545, -0.006425203353954438, 0.0, 0.0021664744663614857, -0.004258728887592933, -7.115602259805568, 0.0, 11.174505161186707, 4.058902901381229, 0.9947912467647003, 0.0, 8.43981187971814, 9.43460312648291, 6.327999999999993
0.0033272545090180347, 0.8242617713966442, 7.943235030525262E-4, 9.511457424812463, -0.0064401793571618295, 0.0, 0.0021901710415937956, -0.004250008315567967, -7.113005337623203, 0.0, 11.339843626813048, 4.226838289190042, 0.9947484080644136, 0.0, 8.58256522175877, 9.577313629823298, 6.327999999999993
0.0033360721442885757, 0.8260320869016766, 7.964285584120583E-4, 9.653790375180733, -0.006455149894443048, 0.0, 0.002214218066728578, -0.004240931827714435, -7.11040908815319, 0.0, 11.507466807385152, 4.3970577192321905, 0.9947119880090042, 0.0, 8.727282642287722, 9.721994630296914, 6.327999999999992
0.003344889779559117, 0.8277925973576524, 7.985336137715904E-4, 9.798172978215291, -0.006470114967031482, 0.0, 0.0022386203597324697, -0.004231494607299012, -7.107813338626009, 0.0, 11.67738271503003, 4.569569376404146, 0.9946821048308886, 0.0, 8.873968655652943, 9.868650760483956, 6.327999999999994
0.003353707414829658, 0.8295431937280611, 8.006386691311225E-4, 9.94461376585086, -0.006485074575802042, 0.0, 0.002263382754940861, -0.004221691820861163, -7.105217921241547, 0.0, 11.849598887780717, 4.744380966539623, 0.9946588719188968, 0.0, 9.022627318449505, 10.017286190368832, 6.327999999999993
0.003362525050100199, 0.8312837677819829, 8.027437244906545E-4, 10.093120789024681, -0.006500028721281812, 0.0, 0.0022885101020495083, -0.004211518619232232, -7.10262267338217, 0.0, 12.024122379593482, 4.921499706211187, 0.9946423976168175, 0.0, 9.173262220578746, 10.167904618195351, 6.327999999999994
0.00337134268537074, 0.8330142121446431, 8.048487798501866E-4, 10.24370160325229, -0.0065149774036612155, 0.0, 0.0023140072650847388, -0.004200970138576489, -7.100027437828092, 0.0, 12.20095975029353, 5.100932312465713, 0.99463278502011, 0.0, 9.325876476246119, 10.320509261266519, 6.327999999999993
0.003380160320641281, 0.8347344203487128, 8.069538352097187E-4, 10.396363253988355, -0.006529920622805582, 0.0, 0.0023398791213526254, -0.00419004150145294, -7.097432062975453, 0.0, 12.380117055456374, 5.282684992480684, 0.9946301317702049, 0.0, 9.480472714904332, 10.47510284667428, 6.327999999999993
0.0033889779559118224, 0.8364442868863871, 8.090588905692508E-4, 10.55111226176993, -0.00654485837826721, 0.0, 0.002366130560367101, -0.004178727817900137, -7.0948364030571005, 0.0, 12.561599836211935, 5.466763433154945, 0.9946345298465238, 0.0, 9.637053072128667, 10.631687601975338, 6.327999999999994
0.0033977955911823634, 0.8381437072622364, 8.111639459287828E-4, 10.707954607140834, -0.0065597906692979, 0.0, 0.0023927664827557496, -0.00416702418654212, -7.092240318365531, 0.0, 12.745413108990292, 5.653172790624877, 0.9946460653567373, 0.0, 9.795619180444774, 10.790265245801589, 6.327999999999993
0.003406613226452904, 0.839832578046831, 8.132690012883149E-4, 10.866895715353508, -0.006574717494861911, 0.0, 0.0024197917991449977, -0.004154925695716939, -7.089643675478979, 0.0, 12.931561355188357, 5.841917679709314, 0.9946648183241482, 0.0, 9.956172160085924, 10.950836978410042, 6.327999999999993
0.0034154308617234453, 0.8415107969311466, 8.15374056647847E-4, 11.027940440848539, -0.006589638853649493, 0.0, 0.0024472114290223917, -0.004142427424627136, -7.0870463474896015, 0.0, 13.120048510774003, 6.0330021632842765, 0.9946908624735316, 0.0, 10.118712609698944, 11.113403472172392, 6.327999999999995
0.0034242484969939867, 0.843178262781771, 8.174791120073791E-4, 11.191093051508716, -0.006604554744090778, 0.0, 0.002475030299577713, -0.004129524444513019, -7.084448214234441, 0.0, 13.31087795581904, 6.226429741584789, 0.9947242650143742, 0.0, 10.283240596987822, 11.277964862002328, 6.327999999999993
0.0034330661322645277, 0.8448348756968702, 8.195841673669112E-4, 11.356357212686987, -0.006619465164370266, 0.0, 0.0025032533445217484, -0.004116211819848441, -7.0818491625290125, 0.0, 13.50405250396239, 6.422203341433539, 0.9947650864220225, 0.0, 10.449755649297686, 11.444520735719777, 6.327999999999993
0.0034418837675350682, 0.8464805370629858, 8.216892227264432E-4, 11.523735971003177, -0.006634370112441739, 0.0, 0.0025318855028825527, -0.004102484609559157, -7.079249086403348, 0.0, 13.699574391805552, 6.620325305402391, 0.9948133802166533, 0.0, 10.618256744141249, 11.613070124358055, 6.327999999999994
0.0034507014028056096, 0.8481151496126071, 8.237942780859753E-4, 11.69323173791146, -0.006649269586043727, 0.0, 0.0025609317177796645, -0.00408833786826409, -7.0766478873407435, 0.0, 13.897445268237862, 6.8207973808971065, 0.9948691927399884, 0.0, 10.788742299664447, 11.783611492404459, 6.327999999999994
0.003459519038076151, 0.8497386174825527, 8.258993334455075E-4, 11.864846273034345, -0.006664163582715413, 0.0, 0.002590396935175633, -0.004073766647539702, -7.074045474518944, 0.0, 14.097666183694622, 7.0236207091757, 0.9949325629298668, 0.0, 10.961210165054977, 11.956142727984773, 6.327999999999995
0.0034683366733466916, 0.8513508462731696, 8.280043888050394E-4, 12.038580667262067, -0.006679052099813122, 0.0, 0.002620286102604931, -0.004058765997208155, -7.071441765054011, 0.0, 14.300237579343259, 7.228795814289465, 0.9950035220926012, 0.0, 11.135657610888648, 12.130661132981423, 6.327999999999995
0.003477154308617233, 0.8529517431083302, 8.301094441645715E-4, 12.21443532561328, -0.0066939351345272555, 0.0, 0.0026506041678797596, -0.004043330966647461, -7.068836684246682, 0.0, 14.505159276203457, 7.436322591957212, 0.9950820936731152, 0.0, 11.312081319419882, 12.307163413093392, 6.327999999999993
0.003485971943887774, 0.8545412166962612, 8.322144995241037E-4, 12.392409949859825, -0.00670881268389983, 0.0, 0.0026813560777733877, -0.004027456606126453, -7.066230165831434, 0.0, 14.712430464196416, 7.646200298365101, 0.9951682930228873, 0.0, 11.490477374810562, 12.485645667833582, 6.327999999999995
0.0034947895791583154, 0.8561191773911754, 8.343195548836358E-4, 12.572503520907276, -0.006723684744842438, 0.0, 0.002712546776679814, -0.004011137968162604, -7.063622152228036, 0.0, 14.922049691125038, 7.8584275388971845, 0.9952621271656117, 0.0, 11.670841253300352, 12.666103380466119, 6.327999999999994
0.0035036072144288563, 0.8576855372557568, 8.364246102431678E-4, 12.754714280934934, -0.006738551314154848, 0.0, 0.002744181205250551, -0.003994370108904216, -7.061012594795586, 0.0, 15.134014851586148, 8.073002256790527, 0.9953635945609123, 0.0, 11.853167813318402, 12.848531407879184, 6.327999999999994
0.0035124248496993973, 0.8592402101244481, 8.385296656026999E-4, 12.939039715289539, -0.006753412388544049, 0.0, 0.0027762642990079023, -0.003977148089536121, -7.058401454089423, 0.0, 15.348323175812352, 8.289921721723067, 0.9954726848654333, 0.0, 12.037451285534695, 13.032923970400237, 6.327999999999994
0.0035212424849699383, 0.8607831116675877, 8.40634720962232E-4, 13.125476534132787, -0.006768267964643929, 0.0, 0.0028088009869343747, -0.003959466977709478, -7.055788700120134, 0.0, 15.564971218447813, 8.50918251832754, 0.9955893786923071, 0.0, 12.223685262855494, 13.21927464154757, 6.327999999999994
0.0035300601202404793, 0.8623141594563895, 8.42739776321764E-4, 13.314020653838185, -0.006783118039035424, 0.0, 0.0028417961900389435, -0.003941321848996475, -7.0531743126157185, 0.0, 15.783954847249575, 8.730780534634095, 0.9957136473677679, 0.0, 12.411862690353535, 13.407576337721537, 6.327999999999994
0.0035388777555110207, 0.863833273028745, 8.448448316812962E-4, 13.504667178139329, -0.006797962608267217, 0.0, 0.0028752548198992464, -0.0039227077883679795, -7.050558281285924, 0.0, 16.005269231724405, 8.954710950439093, 0.9958454526859446, 0.0, 12.601975855143875, 13.597821307830444, 6.327999999999995
0.0035476953907815616, 0.8653403739559127, 8.469498870408282E-4, 13.697410379023466, -0.0068128016688771284, 0.0, 0.0029091817771789708, -0.003903619891698122, -7.047940606089139, 0.0, 16.22890883169784, 9.18096822560903, 0.9959847466616405, 0.0, 12.794016376202737, 13.790001122864666, 6.327999999999995
0.0035565130260521026, 0.8668353859100151, 8.490549424003604E-4, 13.892243677368242, -0.006827635217413864, 0.0, 0.002943581950122988, -0.003884053267290792, -7.045321297502234, 0.0, 16.454867385806274, 9.409546088304024, 0.9961314712802896, 0.0, 12.987975194117007, 13.984106665397183, 6.327999999999995
0.0035653306613226436, 0.8683182347324236, 8.511599977598924E-4, 14.089159623325457, -0.006842463250459529, 0.0, 0.00297846021302612, -0.0038640030374334153, -7.042700376792572, 0.0, 16.683137899930397, 9.640437523137813, 0.9962855582463421, 0.0, 13.18384256078744, 14.180128119033778, 6.327999999999993
0.003574148296593185, 0.8697888485029872, 8.532650531194245E-4, 14.288149876441139, -0.0068572857646525785, 0.0, 0.0030138214246787157, -0.003843464339973804, -7.040077876292789, 0.0, 16.913712635551615, 9.873634759259085, 0.996446928729104, 0.0, 13.381608029063186, 14.378054957792479, 6.327999999999994
0.003582965931863726, 0.8712471576101484, 8.553701084789565E-4, 14.489205185517221, -0.006872102756711417, 0.0, 0.0030496704267875055, -0.0038224323299238597, -7.03745383967819, 0.0, 17.146583098042765, 10.109129258364511, 0.9966154931064035, 0.0, 13.581260442320652, 14.577875935426931, 6.327999999999994
0.003591783567134267, 0.8726930948218985, 8.574751638384886E-4, 14.692315368206408, -0.006886914223458581, 0.0, 0.0030860120423713486, -0.003800902181087182, -7.034828322246627, 0.0, 17.381740024890167, 10.346911702643764, 0.9967911507061522, 0.0, 13.782787923984047, 14.779579074690364, 6.327999999999995
0.003600601202404808, 0.87412659535764, 8.595802191980207E-4, 14.897469290345754, -0.00690172016184549, 0.0, 0.0031228510741323073, -0.0037788690877131187, -7.032201391200915, 0.0, 17.619173373845996, 10.586971982645208, 0.996973789545708, 0.0, 13.986177866985802, 14.983151656531563, 6.327999999999995
0.0036094188376753493, 0.875547596960897, 8.616852745575529E-4, 15.104654845018558, -0.0069165205689778, 0.0, 0.0031601923028020326, -0.003756328266175765, -7.0295731259340455, 0.0, 17.858872311009986, 10.829299185076165, 0.9971632860688244, 0.0, 14.191416923165873, 15.188580209234917, 6.327999999999995
0.0036182364729458903, 0.8769560399729457, 8.637903299170849E-4, 15.313858931347625, -0.006931315442141391, 0.0, 0.0031980404854620517, -0.0037332749566792583, -7.026943618316727, 0.0, 18.10082519884543, 11.073881580529072, 0.9973595048806883, 0.0, 14.398490992616207, 15.395850497497168, 6.327999999999995
0.0036270541082164313, 0.8783518674072854, 8.658953852766169E-4, 15.525067433018336, -0.006946104778828913, 0.0, 0.0032364003538403185, -0.0037097044249885594, -7.024312972987498, 0.0, 18.34501958412205, 11.32070661113447, 0.9975622984806892, 0.0, 14.607385212960192, 15.604947511440765, 6.327999999999994
0.0036358717434869722, 0.8797350250250497, 8.68000440636149E-4, 15.738265196524878, -0.0069608885767669885, 0.0, 0.0032752766125805285, -0.0036856119641864096, -7.021681307645848, 0.0, 18.59144218579419, 11.5697608781486, 0.99777150699261, 0.0, 14.818083948579345, 15.815855455572155, 6.327999999999995
0.0036446893787575136, 0.8811054614112803, 8.701054959956812E-4, 15.953436009141285, -0.006975666833943995, 0.0, 0.0033146739374872933, -0.003660992896456723, -7.019048753347197, 0.0, 18.840078882807056, 11.821030129460059, 0.997986957893292, 0.0, 15.030570779776125, 16.02855773766964, 6.327999999999994
0.0036535070140280546, 0.8824631280521289, 8.722105513552132E-4, 16.17056257661423, -0.006990439548638534, 0.0, 0.0033545969737444337, -0.0036358425748941187, -7.016415454801145, 0.0, 19.09091470183432, 12.074499247033707, 0.9982084657384643, 0.0, 15.244828491879433, 16.24303695761845, 6.327999999999996
0.0036623246492985956, 0.8838079794129261, 8.743156067147453E-4, 16.38962650057522, -0.007005206719448432, 0.0, 0.0033950503341087027, -0.0036101563853397634, -7.013781570671873, 0.0, 19.343933804947465, 12.330152234275543, 0.9984358318866905, 0.0, 15.460839064290072, 16.459274896176755, 6.327999999999995
0.0036711422845691366, 0.8851399730172114, 8.764206620742774E-4, 16.610608255669945, -0.007019968345320496, 0.0, 0.003436038597075669, -0.0035839297482447435, -7.011147273881146, 0.0, 19.59911947721572, 12.5879722033345, 0.9986688442212226, 0.0, 15.678583659468805, 16.677252503689857, 6.327999999999993
0.003679959919839678, 0.886459069526631, 8.785257174338095E-4, 16.833487166401966, -0.007034724425580783, 0.0, 0.003477566305021565, -0.003557158120559137, -7.008512751914322, 0.0, 19.85645411423639, 12.847941362322391, 0.9989072768690663, 0.0, 15.898042611862156, 16.896949888731456, 6.327999999999995
0.003688777555110219, 0.8877652328217891, 8.806307727933416E-4, 17.05824138369036, -0.0070494749599656565, 0.0, 0.0035196379623169544, -0.003529836997648722, -7.005878207128198, 0.0, 20.115919209598303, 13.110041002469863, 0.9991508899187685, 0.0, 16.11919541677337, 17.118346306691922, 6.327999999999995
0.00369759519038076, 0.8890584300839883, 8.827358281528736E-4, 17.284847861137195, -0.0070642199486533434, 0.0, 0.003562258033414936, -0.0035019619152384107, -7.003243857062115, 0.0, 20.377495342270958, 13.374251485208415, 0.9993994291351116, 0.0, 16.342020719167728, 17.341420148302415, 6.327999999999994
0.003706412825651301, 0.8903386318779405, 8.848408835124057E-4, 17.51328233100378, -0.007078959392296273, 0.0, 0.003605430940912549, -0.0034735284513837256, -7.000609934751286, 0.0, 20.64116216393283, 13.640552229181997, 0.9996526256721251, 0.0, 16.566496302427122, 17.5661489280997, 6.327999999999995
0.003715230460921842, 0.8916058122353707, 8.869459388719378E-4, 17.7435192798944, -0.007093693292054016, 0.0, 0.0036491610635851213, -0.0034445322284688412, -6.997976689042792, 0.0, 20.906898386224675, 13.908921697181835, 0.9999101957837284, 0.0, 16.792599077039824, 17.792509272823445, 6.327999999999995
0.0037240480961923833, 0.8928599487395723, 8.890509942314699E-4, 17.975531924140228, -0.007108421649626882, 0.0, 0.0036934527343945728, -0.003414968915232283, -6.995344384914182, 0.0, 21.174681767931073, 14.17933738301724, 1.000171840532117, 0.0, 17.020305069227373, 18.02047690975981, 6.327999999999995
0.0037328657314629242, 0.8941010226109172, 8.911560495910019E-4, 18.209292184889733, -0.007123144467290257, 0.0, 0.0037383102384693223, -0.00338483422882091, -6.992713303794501, 0.0, 21.44448910210428, 14.451775798309589, 1.000437245494189, 0.0, 17.249589409525157, 18.250026655019123, 6.327999999999995
0.0037416833667334656, 0.8953290187932841, 8.932611049505341E-4, 18.44477066289656, -0.00713786174792954, 0.0, 0.0037837378110580494, -0.003354123936871442, -6.990083743888156, 0.0, 21.716296203105333, 14.726212459217244, 1.0007060804653976, 0.0, 17.48042632128888, 18.481132401754294, 6.327999999999994
0.003750501002004006, 0.8965439260414585, 8.953661603100661E-4, 18.68193661300387, -0.00715257349507581, 0.0, 0.003829739635455881, -0.003322833859619831, -6.9874560205011065, 0.0, 21.990077893586676, 15.002621873085243, 1.0009779991617178, 0.0, 17.712789109152787, 18.71376710831407, 6.327999999999995
0.0037593186372745476, 0.8977457370094761, 8.974712156695982E-4, 18.92075791832488, -0.0071672797129421605, 0.0, 0.0038763198409031557, -0.003290959872038951, -6.984830466369843, 0.0, 22.265807991399505, 15.280977525029725, 1.001252638919158, 0.0, 17.946650147422243, 18.947902786341402, 6.327999999999995
0.0037681362725450885, 0.8989344483399266, 8.995762710291303E-4, 19.16120106411566, -0.007181980406460773, 0.0, 0.003923482500455808, -0.0032584979060049507, -6.982207431992618, 0.0, 22.543459296435707, 15.561251864443218, 1.0015296203914632, 0.0, 18.18198086841172, 19.1835104888033, 6.327999999999994
0.0037769539078156295, 0.9001100607542338, 9.016813263886623E-4, 19.403231111340205, -0.007196675581320609, 0.0, 0.003971231628829258, -0.003225443952491275, -6.979587285963831, 0.0, 22.823003577398026, 15.843416291434659, 1.0018085472449194, 0.0, 18.418751750719416, 19.420560297964716, 6.327999999999995
0.0037857715430861705, 0.9012725791438658, 9.037863817481944E-4, 19.646811669920567, -0.007211365244005898, 0.0, 0.004019571180213621, -0.003191794063792261, -6.976970415310262, 0.0, 23.10441155850403, 16.127441143193593, 1.0020890058517942, 0.0, 18.65693230744632, 19.659021313297917, 6.327999999999993
0.003794589178356712, 0.9024220126625733, 9.058914371077266E-4, 19.891904871675678, -0.007226049401835277, 0.0, 0.004068505046060503, -0.0031575443557747968, -6.974357225830513, 0.0, 23.387652906116752, 16.413295680286506, 1.002370564980883, 0.0, 18.89649107435227, 19.89886163933344, 6.327999999999994
0.0038034068136272533, 0.9035583748195513, 9.079964924672587E-4, 20.138471342942296, -0.007240728063001672, 0.0, 0.004118037052842402, -0.00312269101015919, -6.971748142436613, 0.0, 23.672696215312218, 16.70094807287648, 1.002652775486276, 0.0, 19.137395597957806, 20.140048373444866, 6.327999999999996
0.003812224448897794, 0.9046816835736089, 9.101015478267906E-4, 20.38647017687859, -0.00725540123661289, 0.0, 0.004168170959783446, -0.003087230276829389, -6.969143609498455, 0.0, 23.959508996373525, 16.990365386875133, 1.0029351699936624, 0.0, 19.37961242358281, 20.382547593576476, 6.327999999999995
0.003821042084168335, 0.9057919614283301, 9.122066031863228E-4, 20.635858905446526, -0.007270068932732943, 0.0, 0.004218910456561392, -0.0030511584761714616, -6.966544091190625, 0.0, 24.248057661215174, 17.28151357002513, 1.0032172625846176, 0.0, 19.623107083325465, 20.626324345910565, 6.327999999999996
0.0038298597194388762, 0.9068892355281912, 9.143116585458549E-4, 20.88659347106875, -0.007284731162424094, 0.0, 0.004270259160981088, -0.0030144720014429888, -6.963950071841963, 0.0, 24.538307509743067, 17.574357437901245, 1.0034985484785088, 0.0, 19.867844083986668, 20.8713426324653, 6.327999999999994
0.003838677354709417, 0.9079735377557263, 9.164167139053869E-4, 21.138628197963783, -0.007299387937789712, 0.0, 0.004322220616619354, -0.0029771673211703154, -6.961362056287561, 0.0, 24.830222716141467, 17.868860659854214, 1.003778503712437, 0.0, 20.113786894930996, 21.1175653986437, 6.327999999999993
0.003847494989979958, 0.9090449048296185, 9.18521769264919E-4, 21.391915763150564, -0.007314039272017712, 0.0, 0.004374798290440851, -0.0029392409815768294, -6.958780570223554, 0.0, 25.12376631509205, 18.16498574486917, 1.0040565848185536, 0.0, 20.360897935889728, 21.364954520708928, 6.327999999999995
0.0038563126252504996, 0.9101033784038743, 9.206268246244511E-4, 21.646407167122277, -0.007328685179424929, 0.0, 0.0044279955703846186, -0.0029006896090402884, -6.9562061605641174, 0.0, 25.418900187924038, 18.46269402736006, 1.0043322284997667, 0.0, 20.609138564705077, 21.61347079320496, 6.327999999999993
0.0038651302605210405, 0.9111490051679394, 9.227318799839832E-4, 21.90205170419148, -0.0073433256755021225, 0.0, 0.004481815762921587, -0.0028615099125805232, -6.953639395801292, 0.0, 25.715585048695306, 18.76194565289417, 1.0046048513028478, 0.0, 20.858469065014997, 21.863073916317987, 6.327999999999995
0.0038739478957915815, 0.912181836947866, 9.248369353435153E-4, 22.158796932494624, -0.007357960776959781, 0.0, 0.004536262090582971, -0.0028216986863768417, -6.951080866367698, 0.0, 26.013780430204637, 19.062699563836997, 1.0048738492890552, 0.0, 21.10884863387878, 22.113722483167923, 6.327999999999994
0.0038827655310621225, 0.913201930808476, 9.269419907030473E-4, 22.41658864366366, -0.007372590501774722, 0.0, 0.004591337689458491, -0.0027812528123161567, -6.948531185001018, 0.0, 26.31344466993376, 19.364913484933204, 1.0051385977034148, 0.0, 21.360235369342952, 22.36537396704675, 6.327999999999995
0.003891583166332664, 0.9142093491565508, 9.290470460625794E-4, 22.67537083215626, -0.0073872148692373865, 0.0, 0.004647045606665415, -0.002740169262571951, -6.945990987111817, 0.0, 26.614534895923672, 19.668543908812197, 1.0053984506409306, 0.0, 21.61258625795083, 22.61798470859208, 6.327999999999996
0.0039004008016032044, 0.9152041598450569, 9.311521014221115E-4, 22.93508566424424, -0.007401833899999976, 0.0, 0.004703388797787783, -0.002698445102212191, -6.943460931153623, 0.0, 26.91700701257571, 19.97354608142265, 1.0056527407109952, 0.0, 21.86585716218662, 22.871509902898175, 6.327999999999994
0.003909218436873746, 0.9161864362783758, 9.332571567816436E-4, 23.195673446656485, -0.0074164476161253726, 0.0, 0.004760370124285762, -0.002656077491839534, -6.940941698995479, 0.0, 27.220815686390363, 20.279873987395337, 1.0059007786996748, 0.0, 22.120002807867152, 23.1259035865672, 6.327999999999995
0.003918036072144287, 0.9171562575186027, 9.353622121411757E-4, 23.45707259487631, -0.007431056041136803, 0.0, 0.004817992350874156, -0.002613063690262679, -6.93843399629717, 0.0, 27.525914331635242, 20.587480335338363, 1.0061418532296886, 0.0, 22.37497677147329, 23.381118624703298, 6.327999999999996
0.003926853707414828, 0.9181137083928412, 9.374672675007078E-4, 23.719219601090003, -0.007445659200068294, 0.0, 0.004876258142871737, -0.0025694010571965242, -6.935938552887419, 0.0, 27.83225509593746, 20.8963165430501, 1.0063752304177367, 0.0, 22.630731467414552, 23.637106697832312, 6.327999999999994
0.003935671342685369, 0.9190588796015726, 9.395723228602398E-4, 23.98204900178098, -0.007460257119516004, 0.0, 0.004935170063519831, -0.002525087055996203, -6.933456123143973, 0.0, 28.139788845817197, 21.20633272267383, 1.0066001535304383, 0.0, 22.88721813524516, 23.893818288776238, 6.327999999999993
0.00394448897795591, 0.9199918678280721, 9.416773782197719E-4, 24.24549334497226, -0.007474849827690243, 0.0, 0.004994730571269312, -0.0024801192564209706, -6.930987486376534, 0.0, 28.44846515214709, 21.51747766577081, 1.0068158426376381, 0.0, 23.144386826816838, 24.151202669454772, 6.327999999999996
0.003953306613226452, 0.9209127758488544, 9.437824335793041E-4, 24.50948315711213, -0.0074894373544684145, 0.0, 0.005054942017038752, -0.002434495337429607, -6.92853344721257, 0.0, 28.758232275541513, 21.82969882832879, 1.0070214942633473, 0.0, 23.40218639336946, 24.409207887632594, 6.327999999999994
0.003962124248496992, 0.9218217126451886, 9.45887488938836E-4, 24.77394690959875, -0.007504019731448691, 0.0, 0.005115806641440804, -0.0023882130900078485, -6.926094835985387, 0.0, 29.06903715167524, 22.142942315690227, 1.0072162810347087, 0.0, 23.660564472561916, 24.667780753596954, 6.327999999999994
0.0039709418837675335, 0.9227187935156844, 9.479925442983681E-4, 25.038810984946224, -0.007518596992004521, 0.0, 0.005177326571976962, -0.002341270420027561, -6.923672509124802, 0.0, 29.38082537654403, 22.45715286741925, 1.0073993513287132, 0.0, 23.91946747545545, 24.92686682678418, 6.327999999999995
0.003979759519038075, 0.9236041401899269, 9.500975996579003E-4, 25.303999642584813, -0.007533169171340047, 0.0, 0.005239503820201913, -0.002293665351138105, -6.921267349550229, 0.0, 29.693541191641515, 22.772273842090808, 1.007569828917014, 0.0, 24.17884057342241, 25.18641040233891, 6.327999999999993
0.003988577154308616, 0.9244778809431615, 9.522026550174324E-4, 25.569434984294332, -0.007547736306546169, 0.0, 0.005302340278857648, -0.00224539602768839, -6.918880267067181, 0.0, 30.007127469072724, 23.08824720200632, 1.0077268126074574, 0.0, 24.438627685000416, 25.446354497608517, 6.327999999999995
0.003997394789579156, 0.9253401507121284, 9.543077103769643E-4, 25.83503691927075, -0.007562298436657669, 0.0, 0.005365837718973754, -0.0021964607176839096, -6.916512198765053, 0.0, 30.321525696608244, 23.405013497843058, 1.0078693758849717, 0.0, 24.698771462699586, 25.70664083858442, 6.327999999999994
0.004006212424849697, 0.9261910912118605, 9.564127657364965E-4, 26.100723128819027, -0.007576855602711002, 0.0, 0.005429997786938576, -0.002146857815772396, -6.91416410941851, 0.0, 30.63667596264943, 23.722511853230994, 1.0079965665490025, 0.0, 24.959213279728058, 25.967209846277107, 6.327999999999994
0.004015030060120239, 0.9270308510536807, 9.585178210960286E-4, 26.36640903067422, -0.0075914078478030445, 0.0, 0.005494822001536753, -0.0020965858462662496, -6.911836991890963, 0.0, 30.952516941143344, 24.040679949252265, 1.0081074063493924, 0.0, 25.219893216679218, 26.228000623028453, 6.327999999999995
0.00402384769539078, 0.9278595858641983, 9.606228764555606E-4, 26.632007742944097, -0.007605955217150604, 0.0, 0.0055603117509560734, -0.0020456434661944023, -6.909531867540778, 0.0, 31.26898587641906, 24.35945400887876, 1.0082008906197666, 0.0, 25.480750048148842, 26.488950938768955, 6.327999999999993
0.004032665330661321, 0.9286774584054376, 9.627279318150927E-4, 26.897430047675186, -0.007620497758150846, 0.0, 0.005626468289762904, -0.001994029468387948, -6.907249786630188, 0.0, 31.586018567956653, 24.678768781326205, 1.0082759879086611, 0.0, 25.741721229294253, 26.74999721720266, 6.327999999999994
0.004041482965931862, 0.9294846386960627, 9.648329871746248E-4, 27.162584354034834, -0.007635035520442603, 0.0, 0.005693292735842556, -0.0019417427846000201, -6.9049918287363115, 0.0, 31.903549355087286, 24.998557526351156, 1.0083316396089301, 0.0, 26.00274288233748, 27.01107452194657, 6.327999999999994
0.004050300601202404, 0.9302813041336919, 9.66938042534157E-4, 27.427376661112817, -0.0076495685559684985, 0.0, 0.00576078606731166, -0.001888782488656815, -6.902759103165352, 0.0, 32.22151110162542, 25.31875199846044, 1.0083667595843053, 0.0, 26.263749783005913, 27.272116542590567, 6.327999999999993
0.004059118236472944, 0.9310676396183135, 9.69043097893689E-4, 27.691710520331924, -0.00766409691903793, 0.0, 0.0058289491193943, -0.001835147799643555, -6.900552749368996, 0.0, 32.53983518042983, 25.63928243106144, 1.0083802337940877, 0.0, 26.524675346915622, 27.53305558071023, 6.327999999999994
0.0040679358717434855, 0.931843837676813, 9.711481532532211E-4, 27.955486997473486, -0.007678620666391026, 0.0, 0.005897782581268246, -0.0017808380851226935, -6.898373937363527, 0.0, 32.858451457897516, 25.96007752053408, 1.0083709199155984, 0.0, 26.78545161589459, 27.793822535810186, 6.327999999999994
0.004076753507014026, 0.9326100985886288, 9.732532086127531E-4, 28.2186046343096, -0.007693139857263394, 0.0, 0.005967286992876908, -0.0017258528643865068, -6.89622386815127, 0.0, 33.177288278386705, 26.28106441023609, 1.0083376469645875, 0.0, 27.046009244246655, 28.05434689121192, 6.327999999999993
0.0040855711422845675, 0.9333666305125163, 9.753582639722852E-4, 28.480959409842058, -0.007707654553451813, 0.0, 0.006037462741708105, -0.0016701918117437708, -6.894103774145026, 0.0, 33.496272448574906, 26.602168674430075, 1.0082792149130582, 0.0, 27.306277484960532, 28.314556699873847, 6.327999999999994
0.004094388777555109, 0.9341136496144156, 9.774633193318173E-4, 28.742444701142688, -0.007722164819380774, 0.0, 0.0061083100595422934, -0.0016138547598384123, -6.892014919594912, 0.0, 33.815329221741486, 26.923314302147137, 1.0081943943050262, 0.0, 27.566184175850797, 28.57437857015632, 6.327999999999993
0.004103206412825649, 0.9348513801964708, 9.795683746913495E-4, 29.002951243796872, -0.0077366707221699985, 0.0, 0.006179829019164945, -0.0015568417030049908, -6.889958601017485, 0.0, 34.13438228198459, 27.24442368096762, 1.008081925870424, 0.0, 27.8256557256458, 28.833737651516675, 6.327999999999994
0.004112024048096191, 0.9355800548271791, 9.816734300508816E-4, 29.26236709194461, -0.0077511723317027345, 0.0, 0.006252019531046621, -0.0014991528006559618, -6.887936147627993, 0.0, 34.45335372837327, 27.565417580745677, 1.0079405201361327, 0.0, 28.08461710001962, 29.09255762015599, 6.327999999999992
0.004120841683366731, 0.9362999144726647, 9.837784854104135E-4, 29.520577577915503, -0.007765669720695197, 0.0, 0.0063248813399897075, -0.0014407883807054378, -6.885948921774567, 0.0, 34.772164059023815, 27.886215137249533, 1.0077688570356789, 0.0, 28.342991807557993, 29.350760664593903, 6.327999999999992
0.004129659318637273, 0.937011208629082, 9.858835407699456E-4, 29.777465271457913, -0.007780162964766576, 0.0, 0.006398414021742294, -0.001381748943024258, -6.883998319375673, 0.0, 35.0907321551061, 28.20673383573081, 1.0075655855156695, 0.0, 28.6007018856634, 29.608267471179428, 6.327999999999993
0.004138476953907814, 0.9377141954561985, 9.879885961294778E-4, 30.03290993855967, -0.007794652142510307, 0.0, 0.00647261697957624, -0.0013220351629340266, -6.882085770359622, 0.0, 35.40897526478997, 28.526889494430733, 1.0073293231409122, 0.0, 28.857667886412106, 29.86499720955336, 6.327999999999993
0.004147294589178355, 0.9384091419120963, 9.900936514890097E-4, 30.286788499853685, -0.007809137335566105, 0.0, 0.0065474894408335815, -0.0012616478947324872, -6.8802127391068115, 0.0, 35.72680898711585, 28.84659624800958, 1.0070586556969838, 0.0, 29.113808862343053, 30.120867518040537, 6.327999999999993
0.004156112224448896, 0.9390963238890313, 9.921987068485418E-4, 30.538974988612154, -0.007823618628692878, 0.0, 0.0066230304534378726, -0.0012005881752549241, -6.878380724894704, 0.0, 36.044147255794584, 29.165766530900363, 1.0067521367903747, 0.0, 29.36904235218693, 30.375794488977707, 6.327999999999993
0.0041649298597194375, 0.9397760263504695, 9.94303762208074E-4, 30.789340508320947, -0.00783809610984281, 0.0, 0.0066992388823705895, -0.0011388572274722009, -6.876591262344918, 0.0, 36.36090232294586, 29.484311060600298, 1.0064082874471516, 0.0, 29.623284366544464, 30.629692653990947, 6.327999999999993
0.004173747494989979, 0.9404485434692447, 9.964088175676061E-4, 31.037753189831392, -0.007852569870236059, 0.0, 0.006776113406115919, -0.0010764564641200791, -6.874845921873753, 0.0, 36.676984742755586, 29.80213882088153, 1.006025595708198, 0.0, 29.87644937349069, 30.882474969198526, 6.327999999999994
0.004182565130260519, 0.9411141787669504, 9.98513872927138E-4, 31.284078148095432, -0.007867040004436728, 0.0, 0.006853652513067243, -0.0010133874913695606, -6.873146310144181, 0.0, 36.99230335508026, 30.119157044936614, 1.005602516223691, 0.0, 30.128450284140143, 31.13405280036445, 6.327999999999994
0.00419138276553106, 0.9417732452544012, 0.0010006189282866702, 31.528177438472994, -0.00788150661042953, 0.0, 0.006931854497902401, -9.496521125271495E-4, -6.871494070521426, 0.0, 37.306765268968334, 30.435271198447104, 1.0051374698440925, 0.0, 30.37919843813534, 31.384335907979644, 6.327999999999994
0.004200200400801601, 0.9424260655734029, 0.0010027239836462023, 31.769910012604214, -0.007895969789697636, 0.0, 0.007010717457922033, -8.852523317755545E-4, -6.869890883530475, 0.0, 37.62027584611799, 30.750384962588075, 1.004628843209823, 0.0, 30.628603589083728, 31.633232432294065, 6.327999999999993
0.004209018036072143, 0.9430729721395581, 0.0010048290390057345, 32.00913167386409, -0.007910429647301289, 0.0, 0.007090239289355121, -8.201903579461434E-4, -6.868338467316562, 0.0, 37.93273868426678, 31.064400216950038, 1.0040749883381013, 0.0, 30.876573889934377, 31.880648878272275, 6.327999999999993
0.004217835671342684, 0.9437143072863776, 0.0010069340943652666, 32.24569503237103, -0.007924886291957563, 0.0, 0.007170417683626001, -7.544686083315877E-4, -6.866838578107567, 0.0, 38.24405560051141, 31.377217022404412, 1.0034742222084387, 0.0, 31.12301587829805, 32.12649010050708, 6.327999999999992
0.004226653306613225, 0.9443504234105031, 0.0010090391497247985, 32.47944945956692, -0.007939339836120943, 0.0, 0.007251250123590625, -6.880897125303431E-4, -6.8653930106802425, 0.0, 38.55412661455731, 31.688733603877807, 1.0028248263445023, 0.0, 31.367834461702486, 32.370659288047754, 6.327999999999993
0.004235470941883766, 0.9449816831181597, 0.0010111442050843307, 32.71024104235562, -0.007953790396065029, 0.0, 0.007332733879733988, -6.210565163308757E-4, -6.86400359882759, 0.0, 38.86284993190148, 31.99884633307393, 1.0021250463953453, 0.0, 31.610932902794413, 32.61305794918964, 6.327999999999993
0.0042442885771543076, 0.9456084593727869, 0.0010132492604438628, 32.93791253680024, -0.0079682380919651, 0.0, 0.007414866006334259, -5.533720856306934E-4, -6.862672215829726, 0.0, 39.17012192693939, 32.30744971111024, 1.0013730917133954, 0.0, 31.852212804473197, 32.85358589618703, 6.327999999999992
0.004253106212424847, 0.9462311356438944, 0.0010153543158033947, 33.16230332137525, -0.007982683047981831, 0.0, 0.0074976433375888996, -4.8503971039282057E-4, -6.861400774927086, 0.0, 39.4758371260193, 32.614436351092436, 1.0005671349306344, 0.0, 32.091574094984246, 33.09214122991499, 6.327999999999993
0.004261923847695389, 0.9468501060570969, 0.0010174593711629269, 33.38324934977152, -0.00799712539234581, 0.0, 0.007581062483708045, -4.1606290863777096E-4, -6.860191229795978, 0.0, 39.779888190406325, 32.91969696061092, 0.9997053115325706, 0.0, 32.32891501292887, 33.32862032446202, 6.327999999999993
0.00427074148296593, 0.947465775545373, 0.001019564426522459, 33.60058310325519, -0.00801156525744319, 0.0, 0.007665119826969546, -3.464454304736575E-4, -6.859045575027411, 0.0, 40.082165899190024, 33.22312032416216, 0.9987857194294978, 0.0, 32.5641320922301, 33.56291781165917, 6.327999999999992
0.0042795591182364714, 0.9480785600015489, 0.0010216694818819911, 33.81413354256824, -0.008026002779902338, 0.0, 0.007749811517739652, -2.761912621625784E-4, -6.8579658466074624, 0.0, 40.38255913212368, 33.524593285516325, 0.9978064185265061, 0.0, 32.79712014703829, 33.7949265655648, 6.327999999999992
0.004288376753507012, 0.9486888864319925, 0.001023774537241523, 34.02372605937899, -0.008040438100681512, 0.0, 0.007835133470455363, -2.0530463022611078E-4, -6.856954122400929, 0.0, 40.680954852390784, 33.824000729990324, 0.9967654302906388, 0.0, 33.0277722565758, 34.02453768686688, 6.327999999999993
0.004297194388777553, 0.9492971931115122, 0.0010258795926010552, 34.22918242726894, -0.008054871365157465, 0.0, 0.007921081359572951, -1.3379000558441656E-4, -6.856012522637681, 0.0, 40.977238089299, 34.121225566661614, 0.9956607373155928, 0.0, 33.255979749916754, 34.25164048723256, 6.327999999999993
0.004306012024048095, 0.9499039297395111, 0.0010279846479605873, 34.4303207522662, -0.008069302723215174, 0.0, 0.008007650615478312, -6.165210773681484E-5, -6.8551432104010805, 0.0, 41.27129192091544, 34.416148710514584, 0.9944902828848503, 0.0, 33.481632190719424, 34.47612247360446, 6.327999999999992
0.004314829659318635, 0.9505095575973934, 0.0010300897033201192, 34.626955422908395, -0.008083732329338577, 0.0, 0.008094836420360907, 1.1104091022479112E-5, -6.854348392118954, 0.0, 41.562997456622355, 34.70864906450364, 0.9932519705325771, 0.0, 33.704617361888715, 34.697869332421384, 6.327999999999992
0.004323647294589177, 0.951114549707123, 0.0010321947586796514, 34.81889705984213, -0.008098160342702287, 0.0, 0.00818263370405195, 8.447336134970174E-5, -6.853630318058012, 0.0, 41.85223381960879, 34.99860350155098, 0.9919436636013971, 0.0, 33.92482125018352, 34.91676491378509, 6.327999999999993
0.004332464929859717, 0.9517193909911406, 0.0010342998140391835, 35.005952464955385, -0.008112586927264444, 0.0, 0.008271037139823745, 1.5845021255939118E-4, -6.852991282819584, 0.0, 42.138878129293666, 35.28588684647376, 0.9905631847993235, 0.0, 34.142128030767196, 35.13269121556611, 6.327999999999994
0.004341282565130259, 0.9523245784334291, 0.0010364048693987157, 35.187924570032465, -0.008127012251860586, 0.0, 0.008360041140154012, 2.3302888829343504E-4, -6.8524336258391845, 0.0, 42.422805483677394, 35.57037185783852, 0.9891083157531799, 0.0, 34.35642005169442, 35.345528367447905, 6.327999999999992
0.0043501002004008, 0.9529306212418733, 0.0010385099247582478, 35.3646123849411, -0.008141436490298457, 0.0, 0.008449639852451757, 3.0820336215331423E-4, -6.851959731887382, 0.0, 42.703888941629515, 35.851929209743325, 0.9875767965609925, 0.0, 34.567577818345136, 35.5551546149073, 6.327999999999993
0.004358917835671341, 0.9535380410118934, 0.0010406149801177797, 35.53581094533581, -0.00815585982145411, 0.0, 0.00853982715474555, 3.8396733329162935E-4, -6.851572031574461, 0.0, 42.98199950509865, 36.130427473524115, 0.9859663253411822, 0.0, 34.77547997779088, 35.761446303131805, 6.327999999999993
0.004367735470941882, 0.9541473718912794, 0.0010427200354773119, 35.70131125988405, -0.008170282429368781, 0.0, 0.008630596651336114, 4.603142219675449E-4, -6.85127300185691, 0.0, 43.25700610125842, 36.40573309940253, 0.9842745577800156, 0.0, 34.98000330310522, 35.96427786088606, 6.327999999999993
0.0043765531062124234, 0.9547591607463444, 0.001044825090836844, 35.86090025700844, -0.008184704503347106, 0.0, 0.008721941668408673, 5.372371650617103E-4, -6.851065166546714, 0.0, 43.52877556459028, 36.67771039804395, 0.9824991066768869, 0.0, 35.181022677623424, 36.163521784300556, 6.327999999999992
0.004385370741482964, 0.9553739673293213, 0.001046930146196376, 36.0143607311428, -0.008199126238056272, 0.0, 0.008813855249608926, 6.147290115525728E-4, -6.850951096822909, 0.0, 43.79717261888539, 36.94622152206147, 0.9806375414875736, 0.0, 35.378411079129634, 36.35904862061627, 6.327999999999993
0.004394188376753505, 0.9559923644470354, 0.001049035201555908, 36.161471288500934, -0.008213547833626173, 0.0, 0.008906330151582015, 6.927823179559423E-4, -6.850933411746582, 0.0, 44.06205985918266, 37.211126447435866, 0.9786873878643385, 0.0, 35.5720395639892, 36.550726951853235, 6.327999999999994
0.004403006012024047, 0.9566149381308371, 0.0010511402569154402, 36.30200629234935, -0.008227969495750902, 0.0, 0.008999358839471033, 7.713893437202302E-4, -6.85101477877746, 0.0, 44.32329773364371, 37.47228295486671, 0.9766461271950586, 0.0, 35.761777251230114, 36.73842337842553, 6.327999999999993
0.0044118236472945865, 0.9572422878078815, 0.0010532453122749721, 36.43573580778866, -0.008242391435791047, 0.0, 0.009092933482379523, 8.50542046588354E-4, -6.8511979142933335, 0.0, 44.58074452535096, 37.729546611058716, 0.974511196139616, 0.0, 35.94749130655513, 36.92200250269595, 6.327999999999994
0.004420641282565129, 0.9578750264735927, 0.0010553503676345045, 36.56242554603932, -0.008256813870877294, 0.0, 0.009187045948793576, 9.302320779163986E-4, -6.851485584112603, 0.0, 44.83425633403703, 37.98277074992456, 0.9722799861637176, 0.0, 36.1290469262972, 37.10132691246095, 6.327999999999994
0.004429458917835669, 0.9585137808654993, 0.0010574554229940364, 36.68183680822176, -0.008271237024015008, 0.0, 0.009281687801967975, 0.0010104507779530314, -6.8518806040189775, 0.0, 45.08368705775048, 38.2318064537329, 0.9699498430708504, 0.0, 36.30630732131849, 37.27625716439068, 6.327999999999994
0.00443827655310621, 0.9591591916383289, 0.0010595604783535683, 36.7937264286378, -0.008285661124190007, 0.0, 0.009376850295270828, 0.0010911891710809474, -6.852385840288322, 0.0, 45.32888837444644, 38.476502534159216, 0.9675180665324982, 0.0, 36.47913370084692, 37.44665176738041, 6.327999999999992
0.004447094188376752, 0.9598119135404186, 0.0010616655337131007, 36.89784671753932, -0.008300086406475376, 0.0, 0.009472524367491186, 0.0011724379610158209, -6.853004210219134, 0.0, 45.569709723516546, 38.71670551329841, 0.9649819096150527, 0.0, 36.647385256260186, 37.612367165876215, 6.327999999999993
0.004455911823647293, 0.9604726155914145, 0.0010637705890726326, 36.99394540340063, -0.008314513112139434, 0.0, 0.009568700638107552, 0.0012541875259680646, -6.853738682664496, 0.0, 45.80599828723581, 38.95225960457108, 0.9623385783056608, 0.0, 36.810919144796564, 37.77325772310204, 6.327999999999993
0.004464729458917834, 0.9611419812612763, 0.0010658756444321647, 37.08176557466129, -0.008328941488754843, 0.0, 0.009665369402516527, 0.0013364279137615953, -6.854592278567506, 0.0, 46.0375989721542, 39.18300669358711, 0.9595852310349462, 0.0, 36.96959047322123, 37.92917570425667, 6.327999999999995
0.0044735470941883754, 0.9618207086506292, 0.0010679806997916969, 37.161045620970754, -0.008343371790308836, 0.0, 0.009762520627222632, 0.0014191488369138527, -6.855568071498637, 0.0, 46.264354390417544, 39.40878631891928, 0.9567189781981955, 0.0, 37.12325228143117, 38.07997125962969, 6.327999999999994
0.004482364729458915, 0.9625095106723682, 0.0010700857551512288, 37.23151917390385, -0.008357804277314496, 0.0, 0.009860143944989408, 0.001502339667674879, -6.856669188195892, 0.0, 46.48610484100842, 39.629435652812326, 0.9537368816740298, 0.0, 37.271755525989335, 38.22549240766319, 6.327999999999994
0.004491182364729457, 0.9632091152346698, 0.0010721908105107611, 37.29291504715923, -0.008372239216923375, 0.0, 0.009958228649948664, 0.0015859894330254032, -6.857898809107842, 0.0, 46.70268829092917, 39.84478948181967, 0.9506359543407261, 0.0, 37.41494906361305, 38.36558501795201, 6.327999999999994
0.004499999999999998, 0.963920265425231, 0.001074295865870293, 37.34495717623565, -0.008386676883038943, 0.0, 0.010056763692674497, 0.0016700868096354848, -6.859260168938898, 0.0, 46.91394035630969, 40.0546801873717, 0.9474131595904342, 0.0, 37.55267963459272, 38.50009279418413, 6.327999999999995
