phi0, phi, rho, Z_fit_curve, F_id, F_fr, F_ex, F_total, mu_id, mu_fr, mu_ex, mu_kT, PV_id, PV_fr, PV_ex, PV_NkT, alpha
1.0000000000000005E-4, 0.025420281638823292, 2.387324146378431E-5, 1.0263614950713547, -2.7796858252186627E-4, 0.0, 1.4554707634431581E-6, -2.765131117568135E-4, -10.470612580060456, 0.0, 0.05175618726860404, -10.418856392791822, 1.1729081769990486, 0.0, -0.009210429504032636, 1.1636977474276216, 6.327999999999965
1.0881763527054111E-4, 0.02762099159264725, 2.597829682331639E-5, 1.0263312139075809, -2.999510956137248E-4, 0.0, 1.5661867891567227E-6, -2.983849088229585E-4, -10.415102102447358, 0.0, 0.05345568205796901, -10.361646420389484, 1.1311165605293703, 0.0, -0.0068325962617635455, 1.1242839642055549, 6.327999999999968
1.1763527054108221E-4, 0.029825831942483675, 2.8083352182848475E-5, 1.0262459430161184, -3.218184172072867E-4, 0.0, 1.6806252456158868E-6, -3.2013779196006167E-4, -10.36116172309587, 0.0, 0.05529779405590868, -10.305863929040187, 1.098240100160574, 0.0, -0.004546388172532897, 1.0936937119305168, 6.327999999999971
1.264529058116233E-4, 0.0320345191184158, 3.0188407542380556E-5, 1.0261579253840902, -3.435738015563215E-4, 0.0, 1.7991165689290404E-6, -3.4177468498578384E-4, -10.308743309030564, 0.0, 0.05731074880700884, -10.251432560223908, 1.0722412981895724, 0.0, -0.002285523914674699, 1.0699557742212622, 6.327999999999974
1.3527054108216437E-4, 0.03424678170394344, 3.229346290191264E-5, 1.0261144019979085, -3.6522040295428E-4, 0.0, 1.9220475958709688E-6, -3.6329835535680124E-4, -10.257800016837713, 0.0, 0.059519929955462056, -10.19828008688272, 1.0516220808664354, 0.0, 1.7667374464376673E-6, 1.0516238475536257, 6.327999999999975
1.4408817635270542E-4, 0.03646236010893342, 3.439851826144472E-5, 1.0261578811823602, -3.867612784193013E-4, 0.0, 2.049855727024566E-6, -3.8471142269067005E-4, -10.20828626462923, 0.0, 0.06194801680497337, -10.146338247824849, 1.0352584566792837, 0.0, 0.0023566207034113745, 1.0376150773353963, 6.327999999999978
1.529058116232465E-4, 0.038681006247047504, 3.65035736209768E-5, 1.0263263982351973, -4.081993903206976E-4, 0.0, 2.1830233752372026E-6, -4.060163669438552E-4, -10.160157704475955, 0.0, 0.0646151178468509, -10.095542586629804, 1.022292390934034, 0.0, 0.004812113409424341, 1.027104504298785, 6.32799999999998
1.617234468937876E-4, 0.04090248321766621, 3.8608628980508885E-5, 1.026653765606196, -4.2953760894789874E-4, 0.0, 2.322072690982094E-6, -4.2721553625531294E-4, -10.113371195304577, 0.0, 0.06753890032983752, -10.045832294975554, 1.0120590592829581, 0.0, 0.007395021816193203, 1.0194540810568, 6.327999999999981
1.7054108216432866E-4, 0.043126564992325415, 4.071368434004096E-5, 1.0271698138650316, -4.5077871502282484E-4, 0.0, 2.4675605563690734E-6, -4.483111544648539E-4, -10.067884776252646, 0.0, 0.07073471594446505, -9.997150060309103, 1.0040366754616716, 0.0, 0.010127070226136277, 1.0141637456475407, 6.327999999999984
1.7935871743486975E-4, 0.04535303610567991, 4.2818739699573046E-5, 1.0279006236977137, -4.7192540215665026E-4, 0.0, 2.6200738397015404E-6, -4.693053283153489E-4, -10.023657640476012, 0.0, 0.07421572269393636, -9.9494419177831, 0.9978111245506208, 0.0, 0.013025835787300816, 1.0108369602995357, 6.327999999999985
1.8817635270541083E-4, 0.04758169135100712, 4.492379505910513E-5, 1.0288687491668271, -4.929802792518986E-4, 0.0, 2.780224902627121E-6, -4.902000543476738E-4, -9.98065010940322, 0.0, 0.07799300302277257, -9.902657106381577, 0.9930505453009649, 0.0, 0.01610542431377775, 1.0091559695780496, 6.327999999999987
1.9699398797595193E-4, 0.04981233548026187, 4.7028850418637214E-5, 1.03009343246634, -5.13945872850809E-4, 0.0, 2.948647352078745E-6, -5.109972254971352E-4, -9.938823607431377, 0.0, 0.08207567827369526, -9.856747929158914, 0.9894867441041487, 0.0, 0.019376987452407075, 1.0088637315214062, 6.327999999999989
2.05811623246493E-4, 0.052044782908691405, 4.913390577816929E-5, 1.0315908103973754, -5.348246294308964E-4, 0.0, 3.1259920293503705E-6, -5.316986373999537E-4, -9.898140637057985, 0.0, 0.08647101954245041, -9.811669617516863, 0.9869013916692431, 0.0, 0.02284912790078733, 1.009750519536295, 6.327999999999989
2.1462925851703404E-4, 0.054278857424017966, 5.123896113770137E-5, 1.0333741127869704, -5.556189176486162E-4, 0.0, 3.312923228797525E-6, -5.523059944182291E-4, -9.858564754443375, 0.0, 0.09118455499952399, -9.767380199445268, 0.9851156268864978, 0.0, 0.02652822405061464, 1.0116438509046723, 6.32799999999999
2.2344689378757512E-4, 0.05651439190019497, 5.334401649723345E-5, 1.0354538530675883, -5.763310305320337E-4, 0.0, 3.5101151387971763E-6, -5.728209153916503E-4, -9.820060545398404, 0.0, 0.09622017374694102, -9.723840371652978, 0.9839821266025628, 0.0, 0.030418695544053558, 1.0144008221153638, 6.3279999999999905
2.3226452905811623E-4, 0.05875122801574039, 5.544907185676554E-5, 1.0378380112309258, -5.969631876233929E-4, 0.0, 3.7182484977442314E-6, -5.932449391240654E-4, -9.782593601792078, 0.0, 0.10158022627759003, -9.681013375516088, 0.9833789859087784, 0.0, 0.034523224722196925, 1.0179022106008222, 6.327999999999991
2.410821643286573E-4, 0.060989215976649906, 5.755412721629762E-5, 1.0405322093653904, -6.175175370724546E-4, 0.0, 3.9380074580030756E-6, -6.135795296128716E-4, -9.74613049837376, 0.0, 0.10726562160376728, -9.638864876771683, 0.9832049453160525, 0.0, 0.038842944578305436, 1.0220478898652168, 6.327999999999993
2.4989979959919836E-4, 0.06322821424389058, 5.96591825758297E-5, 1.043539879982515, -6.379961576814799E-4, 0.0, 4.170076650872267E-6, -6.338260810290318E-4, -9.710638770004875, 0.0, 0.11327592112088881, -9.59736284888576, 0.9833756320623327, 0.0, 0.04337760084853347, 1.0267532328826783, 6.327999999999993
2.5871743486973944E-4, 0.06546808926547384, 6.176423793536178E-5, 1.0468624273335478, -6.584010609027105E-4, 0.0, 4.415138445758468E-6, -6.539859224553798E-4, -9.67608688929479, 0.0, 0.11960942927158041, -9.556477460025066, 0.9838205735277549, 0.0, 0.0481256938067464, 1.0319462673071897, 6.327999999999995
2.675350701402805E-4, 0.06770871521310573, 6.386929329489386E-5, 1.0504993819134343, -6.787341927891895E-4, 0.0, 4.673870396892227E-6, -6.740603223907291E-4, -9.642444244635762, 0.0, 0.12626328107461623, -9.516180963563082, 0.9844808045482731, 0.0, 0.053084603876603645, 1.037565408398386, 6.327999999999993
2.763527054108216E-4, 0.06994997372340972, 6.597434865442594E-5, 1.054448548345503, -6.989974358997642E-4, 0.0, 4.946942871053154E-6, -6.94050493027147E-4, -9.609681118631888, 0.0, 0.1332335265824457, -9.476447592051457, 0.9853069359090847, 0.0, 0.05825070413784271, 1.0435576400212045, 6.327999999999993
2.851703406813627E-4, 0.07219175364371729, 6.807940401395803E-5, 1.0587061468362722, -7.191926111590883E-4, 0.0, 5.23501684990545E-6, -7.139575943076231E-4, -9.577768666916922, 0.0, 0.14051521233031714, -9.437253454588697, 0.986257584130094, 0.0, 0.06361946205565057, 1.049877046160741, 6.327999999999995
2.9398797595190377E-4, 0.07443395078241828, 7.018445937349011E-5, 1.063266948385967, -7.393214796734396E-4, 0.0, 5.538741900676635E-6, -7.337827377712075E-4, -9.546678897356035, 0.0, 0.1481024598392818, -9.398576437518917, 0.9872980866241834, 0.0, 0.06918553221571856, 1.0564836188155757, 6.327999999999995
3.0280561122244485E-4, 0.07667646766386374, 7.22895147330222E-5, 1.068124403936579, -7.593857445031562E-4, 0.0, 5.858754309042588E-6, -7.535269901925632E-4, -9.516384649626385, 0.0, 0.1559885412346402, -9.360396108393983, 0.9883994439963267, 0.0, 0.07494284144429036, 1.0633422854169303, 6.327999999999995
3.11623246492986E-4, 0.07891921328780965, 7.439457009255428E-5, 1.0732707676355773, -7.793870523924853E-4, 0.0, 6.195675368211009E-6, -7.731913770227286E-4, -9.486859575171724, 0.0, 0.16416595204067, -9.322693623133363, 0.9895374444340052, 0.0, 0.0808846673917639, 1.0704221118026827, 6.327999999999998
3.20440881763527E-4, 0.08116210289339167, 7.649962545208635E-5, 1.0786972143897142, -7.993269954576191E-4, 0.0, 6.550109818322518E-6, -7.927768856377558E-4, -9.458078117526036, 0.0, 0.17262648121176924, -9.285451636316644, 0.9906919350575247, 0.0, 0.08700371143200061, 1.077695646467005, 6.327999999999996
3.292585170340681E-4, 0.08340505772761733, 7.860468081161843E-5, 1.084393951879773, -8.192071128337018E-4, 0.0, 6.922644430414675E-6, -8.122844684017514E-4, -9.43001549300137, 0.0, 0.18136127845942543, -9.24865421454439, 0.9918462126264196, 0.0, 0.09329216655748575, 1.0851383791619225, 6.327999999999996
3.3807615230460917E-4, 0.08564800481836153, 8.070973617115052E-5, 1.0903503272035304, -8.390288922815574E-4, 0.0, 7.3138467293182665E-6, -8.317150455507084E-4, -9.402647671735073, 0.0, 0.19036091893372384, -9.212286752803864, 0.9929865117584659, 0.0, 0.09974178081872921, 1.092728292555715, 6.327999999999997
3.4689378757515025E-4, 0.08789087675185038, 8.28147915306826E-5, 1.0965549283107177, -8.58793771754897E-4, 0.0, 7.72426384997832E-6, -8.510695079033936E-4, -9.375951359091635, 0.0, 0.19961546531739793, -9.176335893776809, 0.9941015732606342, 0.0, 0.1063439167545243, 1.1004454899941705, 6.327999999999996
3.557114228456913E-4, 0.09013361145461612, 8.491984689021467E-5, 1.1029956803903074, -8.785031409287457E-4, 0.0, 8.154421521813463E-6, -8.703487194054127E-4, -9.349903977414364, 0.0, 0.20911452738973, -9.140789450027272, 0.9951822786228647, 0.0, 0.1130896071804933, 1.1082718857828266, 6.327999999999996
3.6452905811623236E-4, 0.09237615197990554, 8.702490224974676E-5, 1.1096599373670364, -8.981583426898186E-4, 0.0, 8.60482317584725E-6, -8.895535195124571E-4, -9.324483648122312, 0.0, 0.2188473191169074, -9.1056363290081, 0.996221339425458, 0.0, 0.11996960764125575, 1.1161909470466178, 6.327999999999996
3.7334669338677344E-4, 0.09461844629852235, 8.912995760927884E-5, 1.1165345686607528, -9.177606745895688E-4, 0.0, 9.075949169463506E-6, -9.086847254185966E-4, -9.299669174147647, 0.0, 0.2288027133247548, -9.070866460825648, 0.9972130325373203, 0.0, 0.12697444578254452, 1.124187478300183, 6.327999999999996
3.821643286573145E-4, 0.09686044709408312, 9.123501296881092E-5, 1.1236060413588473, -9.373113902606208E-4, 0.0, 9.568256123754598E-6, -9.277431341353636E-4, -9.275440022708977, 0.0, 0.2389692940090657, -9.036470728702726, 0.9981529736667083, 0.0, 0.13409446786062695, 1.1322474415080508, 6.327999999999995
3.9098196392785566E-4, 0.09910211156266537, 9.334006832834301E-5, 1.1308604979487829, -9.5681170079729E-4, 0.0, 1.0082176368547407E-5, -9.467295244272462E-4, -9.251776308415982, 0.0, 0.2493354063380771, -9.002440902080773, 0.9990379231689641, 0.0, 0.14131988257521394, 1.1403578057252794, 6.327999999999998
3.9979959919839674E-4, 0.10134340121682446, 9.544512368787509E-5, 1.1382838297545512, -9.762627761008804E-4, 0.0, 1.061811749030534E-5, -9.656446586090848E-4, -9.228658776700824, 0.0, 0.2598892044009488, -8.9687695723028, 0.9998656190918569, 0.0, 0.14864080238694197, 1.1485064214602592, 6.327999999999997
4.086172344689378E-4, 0.1035842816939563, 9.755017904740718E-5, 1.1458617462177048, -9.956657461904458E-4, 0.0, 1.117646197821794E-5, -9.844892842107433E-4, -9.206068787571894, 0.0, 0.27061869675542377, -8.935450090819447, 1.000634633306243, 0.0, 0.15604728246015698, 1.156681915748205, 6.327999999999996
4.174348697394788E-4, 0.10582472256897944, 9.965523440693923E-5, 1.1535798401605255, -0.0010150217024796832, 0.0, 1.175756696390051E-5, -0.0010032641355143053, -9.183988299685351, 0.0, 0.28151178982718705, -8.902476509861195, 1.0013442472722087, 0.0, 0.16352935735516227, 1.1648736046095167, 6.327999999999996
4.2625250501002E-4, 0.1080646971713118, 1.0176028976647134E-4, 1.161423649165826, -0.001034331699020636, 0.0, 1.2361764050236163E-5, -0.0010219699349689278, -9.162399854730094, 0.0, 0.2925563292127494, -8.869843525520423, 1.0019943445623143, 0.0, 0.17107707558046265, 1.1730714201252324, 6.327999999999995
4.3507014028056106E-4, 0.11030418240611395, 1.0386534512600343E-4, 1.169378713204871, -0.0010535967537148394, 0.0, 1.2989359225001064E-5, -0.001040607394488373, -9.141286562121774, 0.0, 0.3037401389370331, -8.83754642318787, 1.002585317730709, 0.0, 0.17868053210432944, 1.1812658498178008, 6.327999999999995
4.4388777555110214E-4, 0.11254315857977118, 1.0597040048553551E-4, 1.1774306286419245, -0.0010728178494925778, 0.0, 1.3640632855020719E-5, -0.0010591772166360987, -9.120632084001514, 0.0, 0.3150510587161664, -8.805581025288529, 1.003117987500884, 0.0, 0.18632989891567472, 1.1894478863996143, 6.327999999999995
4.527054108216431E-4, 0.11478160922958486, 1.0807545584506757E-4, 1.1855650987410602, -0.001091995935460878, 0.0, 1.4315839756710669E-5, -0.0010776800957027158, -9.100420620534997, 0.0, 0.3264769792753288, -8.773943641262894, 1.0035935325611247, 0.0, 0.19401545371643358, 1.1976089862609047, 6.327999999999995
4.6152304609218425E-4, 0.11701952095764317, 1.1018051120459965E-4, 1.1937679807979165, -0.0011111319280208663, 0.0, 1.5015209338959376E-5, -0.001096116718680462, -9.080636895507705, 0.0, 0.33800587577084634, -8.742631019740129, 1.0040134285187485, 0.0, 0.20172760682111454, 1.2057410353234779, 6.327999999999995
4.7034068136272533E-4, 0.1192568832688397, 1.1228556656413174E-4, 1.2020253300163415, -0.0011302267119551108, 0.0, 1.5738945814413606E-5, -0.0011144877661392592, -9.061266142212045, 0.0, 0.34962583936506786, -8.711640302850292, 1.0043793947820927, 0.0, 0.20945692633362914, 1.2138363210995993, 6.327999999999994
4.791583166332664E-4, 0.12149368841300831, 1.1439062192366382E-4, 1.2103234402470193, -0.0011492811414855625, 0.0, 1.6487228475328758E-5, -0.0011327939130088029, -9.042294089622219, 0.0, 0.3613251070019157, -8.680968982623657, 1.0046933483209977, 0.0, 0.21719416166680633, 1.2218875099719428, 6.327999999999995
4.879759519038075E-4, 0.12372993123114087, 1.164956772831959E-4, 1.2186488817024794, -0.0011682960413026903, 0.0, 1.7260212030245663E-5, -0.0011510358292710205, -9.023706948852627, 0.0, 0.3730920894303657, -8.650614859425659, 1.0049573634086204, 0.0, 0.22493026546597222, 1.2298876288589695, 6.327999999999995
4.967935871743486E-4, 0.1259656090056543, 1.1860073264272799E-4, 1.2269885357601522, -0.0011872722075664045, 0.0, 1.805802699785558E-5, -0.0011692141805671322, -9.005491399895776, 0.0, 0.38491539752244, -8.620576002376778, 1.005173636575244, 0.0, 0.23265641399445913, 1.2378300505543172, 6.327999999999993
5.056112224448897E-4, 0.12820072131467175, 1.2070578800226007E-4, 1.2353296269625322, -0.0012062104088793536, 0.0, 1.8880780154511084E-5, -0.0011873296287234333, -8.98763457863551, 0.0, 0.39678386693170087, -8.590850711707283, 1.0053444561127554, 0.0, 0.240364026035939, 1.245708482133544, 6.327999999999994
5.144288577154307E-4, 0.13043526989028345, 1.2281084336179216E-4, 1.2436597523208635, -0.0012251113872331731, 0.0, 1.9728555031937614E-5, -0.0012053828321998336, -8.970124064131621, 0.0, 0.4086865811375705, -8.561437482997569, 1.005472175559368, 0.0, 0.24804478036580418, 1.2535169559102397, 6.327999999999995
5.232464929859718E-4, 0.13266925848074915, 1.2491589872132424E-4, 1.2519669080261964, -0.0012439758589282452, 0.0, 2.0601412461794972E-5, -0.0012233744464650558, -8.952947866171831, 0.0, 0.420612892920173, -8.532334973255212, 1.0055591906715873, 0.0, 0.2556906318415027, 1.2612498224983741, 6.327999999999993
5.320641282565129E-4, 0.13490269271660696, 1.2702095408085633E-4, 1.2602395136691935, -0.0012628045154675326, 0.0, 2.1499391163831295E-5, -0.0012413051243023144, -8.936094413087092, 0.0, 0.43255244430978423, -8.503541968780898, 1.005607919456268, 0.0, 0.2632938261596981, 1.268901745601459, 6.327999999999996
5.408817635270539E-4, 0.13713557998064954, 1.2912600944038838E-4, 1.2684664340674978, -0.0012815980244250415, 0.0, 2.2422508374464355E-5, -0.0012591755160491977, -8.919552539826412, 0.0, 0.4444951850543429, -8.475057354775698, 1.0056207848916965, 0.0, 0.27084691332628485, 1.27646769820367, 6.327999999999993
5.49699398797595E-4, 0.13936792928172864, 1.3123106479992047E-4, 1.2766369987971073, -0.001300357030289447, 0.0, 2.3370760512716013E-5, -0.0012769862697753593, -8.903311476287215, 0.0, 0.45643138964785046, -8.446880086643027, 1.0056002000145616, 0.0, 0.27834275988364104, 1.2839429598840884, 6.327999999999993
5.58517034068136E-4, 0.14159975113235068, 1.3333612015945255E-4, 1.2847410195217654, -0.001319082155283419, 0.0, 2.4344123880514404E-5, -0.0012947380314015408, -8.887360835897416, 0.0, 0.4683516729618855, -8.41900916293923, 1.0055485550910825, 0.0, 0.2857745599380325, 1.2913231150151878, 6.327999999999993
5.673346693386772E-4, 0.14383105743002042, 1.3544117551898463E-4, 1.2927688052120196, -0.001337774000159176, 0.0, 2.534255539446804E-5, -0.001312431444763352, -8.871690604445455, 0.0, 0.4802470045218315, -8.391443599927351, 1.0054682066257141, 0.0, 0.2931358450287141, 1.2986040516406885, 6.327999999999993
5.761523046092183E-4, 0.14606186134229476, 1.3754623087851672E-4, 1.30071117534329, -0.0013564331449707821, 0.0, 2.636599334630134E-5, -0.0013300671516231326, -8.856291129154368, 0.0, 0.49210872146883566, -8.36418240768929, 1.0053614679917346, 0.0, 0.30042049287907335, 1.305781960857248, 6.327999999999993
5.849699398797594E-4, 0.1482921771955042, 1.396512862380488E-4, 1.308559471160012, -0.0013750601498236977, 0.0, 2.741435818922836E-5, -0.0013476457916331288, -8.84115310799633, 0.0, 0.5039285402478664, -8.33722456775226, 1.005230601494017, 0.0, 0.3076227350689725, 1.3128533365495954, 6.327999999999992
5.937875751503005E-4, 0.15052202036709944, 1.4175634159758089E-4, 1.3163055650906457, -0.0013936555556020886, 0.0, 2.8487553347624168E-5, -0.0013651680022531323, -8.82626757924383, 0.0, 0.5156985670616875, -8.310569012185965, 1.005077811697549, 0.0, 0.31473716366645255, 1.3198149753507797, 6.327999999999993
6.026052104208415E-4, 0.15275140718158148, 1.4386139695711297E-4, 1.323941868396194, -0.0014122198846743825, 0.0, 2.9585466047438423E-5, -0.0013826344186256196, -8.811625911253833, 0.0, 0.5274113071299369, -8.28421460412775, 1.0049052398748075, 0.0, 0.3217587368559373, 1.3266639767176847, 6.327999999999992
6.114228456913826E-4, 0.15498035480997238, 1.4596645231664505E-4, 1.3314613371326518, -0.0014307536415775653, 0.0, 3.0707968164875855E-5, -0.001400045673411373, -8.797219792481378, 0.0, 0.5390596727919047, -8.258160119693354, 1.0047149594425147, 0.0, 0.328682783599167, 1.333397743028783, 6.327999999999993
6.202404809619237E-4, 0.1572088811727819, 1.4807150767617714E-4, 1.3388574765057177, -0.0014492573136806893, 0.0, 3.1854917090949904E-5, -0.001417402396588432, -8.783041221718891, 0.0, 0.5506369904910446, -8.232404231231753, 1.0045089722733358, 0.0, 0.33550500736425326, 1.3400139796248527, 6.327999999999993
6.290581162324648E-4, 0.15943700484642648, 1.5017656303570922E-4, 1.346124343694015, -0.0014677313718280795, 0.0, 3.302615660959479E-5, -0.0014347052152171855, -8.769082498557712, 0.0, 0.5621370066786309, -8.206945491883017, 1.004289205781267, 0.0, 0.3422214889573884, 1.3465106947260672, 6.327999999999991
6.378757515030059E-4, 0.16166474497305683, 1.522816183952413E-4, 1.3532565492149582, -0.0014861762709626762, 0.0, 3.422151778710068E-5, -0.0014519547531742845, -8.755336214068342, 0.0, 0.5735538926734003, -8.18178232139891, 1.0040575106907454, 0.0, 0.34882868849097565, 1.3528861991692762, 6.327999999999991
6.466933867735469E-4, 0.1638921211737464, 1.543866737547734E-4, 1.3602492569054772, -0.0015045924507300008, 0.0, 3.5440819870710364E-5, -0.001469151630858007, -8.741795241695845, 0.0, 0.5848822485134879, -8.15691299318635, 1.0038156594100618, 0.0, 0.35532344652126235, 1.3591391059190188, 6.327999999999991
6.55511022044088E-4, 0.16611915346499828, 1.5649172911430547E-4, 1.3670981825877366, -0.0015229803360631688, 0.0, 3.668387119429645E-5, -0.0014862964648675982, -8.728452728366944, 0.0, 0.5961171058362746, -8.132335622534683, 1.0035653449380402, 0.0, 0.3617029843877115, 1.3652683293135972, 6.327999999999991
6.643286573146291E-4, 0.16834586217852168, 1.5859678447383756E-4, 1.3737995914881178, -0.001541340337749411, 0.0, 3.795047008910775E-5, -0.0015033898676590374, -8.71530208580549, 0.0, 0.6072539298213483, -8.10804815598818, 1.0033081802410666, 0.0, 0.3679649037858417, 1.371273084014888, 6.327999999999991
6.731462925851701E-4, 0.17057226788423357, 1.6070183983336961E-4, 1.3803502944757697, -0.0015596728529785212, 0.0, 3.924040579765008E-5, -0.0015204324471796136, -8.702336982052794, 0.0, 0.6182886202310721, -8.084048361825781, 1.00304569804429, 0.0, 0.3741071856044486, 1.3771528836368534, 6.327999999999992
6.819639278557112E-4, 0.17279839131643732, 1.628068951929017E-4, 1.3867476431852008, -0.0015779782658736734, 0.0, 4.0553459388837845E-5, -0.0015374248064835869, -8.689551333189522, 0.0, 0.6292175115827814, -8.060333821610827, 1.0027793509870069, 0.0, 0.38012818805758253, 1.3829075390328323, 6.327999999999991
6.907815631262522E-4, 0.1750242533031308, 1.6491195055243378E-4, 1.3929895240854806, -0.0015962569480050192, 0.0, 4.188940467262316E-5, -0.0015543675433311557, -8.67693929525584, 0.0, 0.6400373724860239, -8.036901922773927, 1.002510512097502, 0.0, 0.3860266441409946, 1.3885371562268656, 6.3279999999999905
6.995991983967934E-4, 0.17724987469839823, 1.6701700591196587E-4, 1.3990743515569246, -0.0016145092588864811, 0.0, 4.324800911238044E-5, -0.0015712612497728693, -8.664495256366488, 0.0, 0.6507454041777121, -8.013749852192905, 1.0022404755474446, 0.0, 0.39180165844216513, 1.394042133978107, 6.327999999999991
7.084168336673345E-4, 0.1794752763178356, 1.6912206127149795E-4, 1.40500106003421, -0.0016327355464561546, 0.0, 4.462903473339053E-5, -0.0015881065117215414, -8.652213829017565, 0.0, 0.6613392382875438, -7.990874590734168, 1.0019704576501747, 0.0, 0.3974527033324981, 1.3994231609712966, 6.327999999999992
7.172344689378756E-4, 0.18170047887696225, 1.7122711663103003E-4, 1.4107690952732996, -0.0016509361475407086, 0.0, 4.6032239025839895E-5, -0.0016049039085136543, -8.640089842581764, 0.0, 0.6718169338653859, -7.96827290872055, 1.001701598070943, 0.0, 0.4029796145695597, 1.4046812126292378, 6.327999999999992
7.260521042084167E-4, 0.18392550293257046, 1.7333217199056212E-4, 1.4163784047976784, -0.001669111388304188, 0.0, 4.7457375840812035E-5, -0.001621654012462171, -8.628118335988946, 0.0, 0.6821769737019499, -7.945941362291185, 1.0014349612204736, 0.0, 0.4083825863368848, 1.4098175475462185, 6.327999999999993
7.348697394789576E-4, 0.18615036882696315, 1.7543722735009418E-4, 1.4218294275778687, -0.0016872615846816009, 0.0, 4.8904196277817646E-5, -0.0016383573884025866, -8.616294550588787, 0.0, 0.6924182599733172, -7.92387629061968, 1.0011715378063624, 0.0, 0.4136621657480775, 1.4148337035434086, 6.327999999999992
7.436873747494988E-4, 0.18837509663503169, 1.775422827096263E-4, 1.4271230829964616, -0.0017053870427976645, 0.0, 5.037244956246973E-5, -0.0016550145932340075, -8.604613923192474, 0.0, 0.7025401092396073, -7.9020738139570925, 1.000912246519203, 0.0, 0.4188192468416917, 1.419731493349982, 6.327999999999991
7.525050100200399E-4, 0.19059970611412322, 1.7964733806915837E-4, 1.432260759149349, -0.0017234880593710972, 0.0, 5.186188391297901E-5, -0.0016716261754569387, -8.593072079290344, 0.0, 0.7125422468272414, -7.880529832467345, 1.0006579358330103, 0.0, 0.4238550640925111, 1.4245129999147128, 6.327999999999992
7.61322645290581E-4, 0.19282421665664903, 1.8175239342869045E-4, 1.437244300532161, -0.0017415649221048084, 0.0, 5.337224739419764E-5, -0.001688192674709441, -8.581664826442369, 0.0, 0.7224248006240216, -7.8592400258226105, 1.0004093859013696, 0.0, 0.42877118546468146, 1.4291805713553505, 6.327999999999992
7.701402805611221E-4, 0.19504864724538304, 1.8385744878822254E-4, 1.4420759951595408, -0.001759617910062361, 0.0, 5.490328875801136E-5, -0.0017047146213031892, -8.570388147838514, 0.0, 0.7321882943154717, -7.838199853527323, 1.000167310532872, 0.0, 0.43356950503132335, 1.433736815553603, 6.3279999999999905
7.789579158316632E-4, 0.1972730164114015, 1.8596250414775462E-4, 1.4467585611631781, -0.00177764729403105, 0.0, 5.645475826892776E-5, -0.00172119253576097, -8.559238196025966, 0.0, 0.7418336400905342, -7.817404555939718, 0.9999323592309071, 0.0, 0.43825223518499373, 1.4381845944054172, 6.327999999999993
7.877755511022042E-4, 0.1994973421946129, 1.880675595072867E-4, 1.4512951329131414, -0.0017956533368719471, 0.0, 5.802640851377685E-5, -0.0017376269283570275, -8.548211286800235, 0.0, 0.7513621308441182, -7.796849155960424, 0.9997051192845375, 0.0, 0.4428218984627404, 1.4425270177368945, 6.327999999999993
7.965931863727452E-4, 0.20172164210682833, 1.9017261486681876E-4, 1.4556892467055926, -0.001813636293857265, 0.0, 5.961799519449082E-5, -0.001754018298661641, -8.537303893257315, 0.0, 0.7607754319034552, -7.7765284613581835, 0.9994861178985309, 0.0, 0.4472813190090074, 1.4467674368972545, 6.327999999999992
8.054108216432863E-4, 0.2039459330973207, 1.9227767022635085E-4, 1.4599448260584913, -0.001831596412995359, 0.0, 6.122927790299033E-5, -0.0017703671350912443, -8.526512640003885, 0.0, 0.7700755723048034, -7.7564370677034145, 0.9992758243517983, 0.0, 0.451633613699258, 1.4509094380408751, 6.327999999999993
8.142284569138274E-4, 0.2061702315208246, 1.9438272558588293E-4, 1.4640661666554942, -0.001849533935343707, 0.0, 6.286002087725573E-5, -0.001786673914465336, -8.515834297522726, 0.0, 0.7792649356464366, -7.736569361880647, 0.9990746521747536, 0.0, 0.4558821829466209, 1.4549568351112812, 6.327999999999993
8.230460921843684E-4, 0.20839455310792313, 1.9648778094541502E-4, 1.468057920977006, -0.0018674490953101922, 0.0, 6.450999373772163E-5, -0.001802939101571365, -8.50526577669064, 0.0, 0.7883462505433686, -7.716919526151639, 0.9988829613368717, 0.0, 0.4600307012133942, 1.4589136625402708, 6.327999999999991
8.318637274549095E-4, 0.21061891293777366, 1.985928363049471E-4, 1.4719250826556831, -0.0018853421209430001, 0.0, 6.617897220317996E-5, -0.0018191631487387235, -8.494804123445864, 0.0, 0.7973225807088208, -7.697481542741423, 0.9987010604369176, 0.0, 0.46408310724886404, 1.4627841676758804, 6.327999999999991
8.406813627254507E-4, 0.2128433254131196, 2.0069789166447918E-4, 1.4756729705928966, -0.00190321323420945, 0.0, 6.786673878543213E-5, -0.00183534649542293, -8.484446513602421, 0.0, 0.8061973146869047, -7.678249198919904, 0.9985292088889005, 0.0, 0.46804359407438456, 1.466572802953478, 6.327999999999992
8.494989979959918E-4, 0.21506780423753902, 2.0280294702401127E-4, 1.479307212870704, -0.0019210626512640514, 0.0, 6.957308346198279E-5, -0.0018514895678009903, -8.47419024780853, 0.0, 0.8149741552603921, -7.659216092552538, 0.998367619097631, 0.0, 0.4719165987360998, 1.4702842178240128, 6.327999999999991
8.583166332665328E-4, 0.21729236239487798, 2.0490800238354332E-4, 1.482833730493317, -0.001938890582706116, 0.0, 7.129780432611459E-5, -0.0018675927783789324, -8.46403274664645, 0.0, 0.8236571085572355, -7.640375638093622, 0.9982164586185218, 0.0, 0.47570679184554093, 1.473923250454438, 6.327999999999991
8.671342685370739E-4, 0.2195170121308186, 2.070130577430754E-4, 1.4862587209901954, -0.001956697233827181, 0.0, 7.304070821373495E-5, -0.0018836565256123861, -8.453971545871063, 0.0, 0.8322504728786531, -7.621721072996828, 0.9980758522966618, 0.0, 0.47941906692750763, 1.4774949192146296, 6.327999999999993
8.75951903807615E-4, 0.22174176493653008, 2.0911811310260752E-4, 1.4895886419121112, -0.001974482804848565, 0.0, 7.480161130643088E-5, -0.0018996811935410838, -8.444004291784536, 0.0, 0.8407588272714276, -7.603245464517534, 0.9979458843809782, 0.0, 0.48305852959454415, 1.4810044139660732, 6.327999999999993
8.847695390781561E-4, 0.22396663153435303, 2.112231684621396E-4, 1.4928301942502409, -0.001992247491149325, 0.0, 7.658033971022076E-5, -0.0019156671514380628, -8.434128736744483, 0.0, 0.8491870198663578, -7.584941716882559, 0.9978266006096315, 0.0, 0.4866304865666158, 1.484457087166883, 6.327999999999992
8.935871743486972E-4, 0.22619162186546493, 2.133282238216717E-4, 1.4959903058069268, -0.0020099914834848976, 0.0, 7.837673000952732E-5, -0.001931614753474338, -8.424342734803037, 0.0, 0.8575401560045187, -7.566802578802967, 0.9977180102632944, 0.0, 0.4901404345544161, 1.487858444808423, 6.327999999999992
9.024048096192383E-4, 0.22841674507947704, 2.1543327918120377E-4, 1.499076114546176, -0.0020277149681966916, 0.0, 8.019062979595325E-5, -0.001947524338399716, -8.414644237474265, 0.0, 0.8658235861722993, -7.548820651306417, 0.9976200881833943, 0.0, 0.4935940490240305, 1.4912141371982284, 6.327999999999993
9.112224448897794E-4, 0.23064200952591155, 2.1753833454073586E-4, 1.5020949519501299, -0.0020454181274129077, 0.0, 8.202189817147564E-5, -0.0019633962292404192, -8.405031289627425, 0.0, 0.8740428937659744, -7.530988395865916, 0.9975327767527281, 0.0, 0.4969971728605571, 1.4945299496041649, 6.327999999999994
9.200400801603203E-4, 0.23286742274750818, 2.196433899002679E-4, 1.5050543264074256, -0.0020631011392408453, 0.0, 8.387040622572208E-5, -0.001979230733014119, -8.39550202550358, 0.0, 0.8822038827058151, -7.513298142802241, 0.9974559878362443, 0.0, 0.5003558049475699, 1.4978117927747663, 6.327999999999993
9.288577154308614E-4, 0.23509299147531104, 2.217484452598E-4, 1.5079619066575844, -0.002080764177950942, 0.0, 8.573603748703405E-5, -0.0019950281404629137, -8.386054664853088, 0.0, 0.8903125649195709, -7.4957420999379885, 0.997389604679998, 0.0, 0.5036760886791811, 1.5010656933502255, 6.327999999999992
9.376753507014025E-4, 0.23731872162548293, 2.2385350061933208E-4, 1.5108255053150976, -0.0020984074141528206, 0.0, 8.761868834705867E-5, -0.0020107887258047773, -8.376687509191544, 0.0, 0.8983751477144973, -7.478312361481532, 0.9973334837667455, 0.0, 0.5069643004208638, 1.5042977841787262, 6.327999999999991
9.464929859719436E-4, 0.23954461829779924, 2.2595855597886416E-4, 1.5136530624956177, -0.002116031014963569, 0.0, 8.951826845866215E-5, -0.0020265127465039306, -8.36739893817179, 0.0, 0.9063980210566611, -7.461000917119626, 0.9972874566266404, 0.0, 0.5102268379347635, 1.5075142945525866, 6.327999999999993
9.553106212424847E-4, 0.24177068577577032, 2.2806361133839625E-4, 1.5164526295656473, -0.0021336351441685005, 0.0, 9.143470110697843E-5, -0.0020422004430605562, -8.358187406069607, 0.0, 0.914387744775956, -7.443799661298146, 0.9972513316019398, 0.0, 0.5134702087850458, 1.5107215403782563, 6.327999999999992
9.641282565130257E-4, 0.24399692752834193, 2.3016866669792833E-4, 1.519232353036099, -0.002151219962374645, 0.0, 9.336792355346451E-5, -0.002057852038820225, -8.349051438380737, 0.0, 0.9223510357146742, -7.426700402670566, 0.9972248955647954, 0.0, 0.5167010187382111, 1.5139259142943535, 6.327999999999993
9.729458917835667E-4, 0.24622334621312517, 2.322737220574604E-4, 1.5220004586196199, -0.0021687856271571807, 0.0, 9.531788735285913E-5, -0.002073467739803374, -8.339989628526942, 0.0, 0.9302947548370174, -7.409694873694438, 0.9972079155872445, 0.0, 0.5199259601729392, 1.5171338757515913, 6.327999999999993
9.81763527054108E-4, 0.248449943681105, 2.3437877741699247E-4, 1.5247652354698817, -0.002186332293199049, 0.0, 9.728455864297858E-5, -0.002089047734555133, -8.331000634668806, 0.0, 0.9382258943166707, -7.392774740356649, 0.9972001405628996, 0.0, 0.5231518005138185, 1.5203519410682051, 6.327999999999994
9.905811623246489E-4, 0.25067672098277904, 2.3648383277652456E-4, 1.527535020620841, -0.002203860112423973, 0.0, 9.926791840732034E-5, -0.0021045921940157247, -8.322083176623007, 0.0, 0.9461515646189617, -7.3759316120085625, 0.9972013027798803, 0.0, 0.5263853707027469, 1.523586673474185, 6.327999999999994
9.9939879759519E-4, 0.25290367837567757, 2.3858888813605664E-4, 1.5303181836428321, -0.0022213692341230902, 0.0, 1.0126796271049031E-4, -0.0021201012714116814, -8.31323603288189, 0.0, 0.9540789815935998, -7.359157051292799, 0.9972111194445892, 0.0, 0.5296335537212771, 1.5268446731575094, 6.327999999999995
0.001008216432865731, 0.2551308153332134, 2.4069394349558873E-4, 1.5331231115311166, -0.002238859805075418, 0.0, 1.0328470290647494E-4, -0.0021355751021680342, -8.304458037733037, 0.0, 0.962015453594035, -7.342442584143526, 0.9972292941563518, 0.0, 0.5329032731773813, 1.530132567325433, 6.327999999999994
0.0010170340681362722, 0.2573581305548183, 2.427989988551208E-4, 1.5359581938426379, -0.0022563319696623655, 0.0, 1.0531816581984693E-4, -0.002151013803841619, -8.295748078476766, 0.0, 0.9699683686383507, -7.325779709842932, 0.9972555183326591, 0.0, 0.5362014819688933, 1.5334570002933308, 6.327999999999993
0.0010258517034068132, 0.2595856219773107, 2.449040542146529E-4, 1.5388318080947647, -0.002273785869976474, 0.0, 1.0736839389999765E-4, -0.0021664174760755864, -8.287105092739385, 0.0, 0.9779451816268853, -7.309159911117024, 0.9972894725851722, 0.0, 0.5395351510363272, 1.536824623613341, 6.327999999999993
0.0010346693386773544, 0.2618132867874518, 2.47009109574185E-4, 1.5417523054399727, -0.002291221645924624, 0.0, 1.0943544534853572E-4, -0.0021817862005752077, -8.278528065880016, 0.0, 0.9859534016307139, -7.292574664253826, 0.9973308280467065, 0.0, 0.5429112582166927, 1.5402420862553092, 6.327999999999995
0.0010434869739478954, 0.26404112143564057, 2.4911416493371706E-4, 1.5447279966290375, -0.0023086394353258525, 0.0, 1.115193942200121E-4, -0.002197120041104968, -8.270016028489028, 0.0, 0.9940005792653953, -7.276015449228163, 0.9973792476492152, 0.0, 0.5463367772102832, 1.5437160248514636, 6.327999999999993
0.0010523046092184365, 0.2662691216506992, 2.5121922029324915E-4, 1.5477671382747624, -0.0023260393740040194, 0.0, 1.1362033049617342E-4, -0.0022124190435069842, -8.26156805397591, 0.0, 1.0020942941631925, -7.259473759817248, 0.9974343873533186, 0.0, 0.5498186666712195, 1.5472530540165776, 6.327999999999993
0.0010611222444889777, 0.26849728245570276, 2.5332427565278123E-4, 1.55087791942784, -0.002343421595875486, 0.0, 1.1573836013395057E-4, -0.002227683235740684, -8.253183256244581, 0.0, 1.0102421425574233, -7.242941113691699, 0.9974958973296892, 0.0, 0.5533638594331195, 1.5508597567549076, 6.327999999999995
0.0010699398797595187, 0.2707255981848063, 2.554293310123133E-4, 1.554068448474748, -0.002360786233031982, 0.0, 1.1787360508744619E-4, -0.0022429126279436933, -8.24486078745418, 0.0, 1.0184517249914176, -7.226409062467292, 0.9975634230926396, 0.0, 0.5569792518800039, 1.5545426749648141, 6.327999999999994
0.00107875751503006, 0.2729540625010216, 2.575343863718454E-4, 1.5573467403684875, -0.0023781334158188474, 0.0, 1.2002620330419259E-4, -0.0022581072125138217, -8.236599835863272, 0.0, 1.0267306341646498, -7.209869201703152, 0.9976366065865464, 0.0, 0.5606716934727817, 1.5583083000515645, 6.327999999999993
0.0010875751503006009, 0.2751826684148994, 2.596394417313775E-4, 1.5607207042005393, -0.002395463272908835, 0.0, 1.2219630869597406E-4, -0.0022732669642120365, -8.228399623755609, 0.0, 1.0350864429280702, -7.193313180832073, 0.997715087225694, 0.0, 0.5644479764411559, 1.5621630636591417, 6.327999999999993
0.0010963927855711418, 0.2774114083040683, 2.617444970909095E-4, 1.564198131122996, -0.0024127759313716155, 0.0, 1.2438409108455297E-4, -0.0022883918402862484, -8.220259405445411, 0.0, 1.0435266924402917, -7.176732713009647, 0.9977985028880195, 0.0, 0.5683148256503984, 1.5661133285307796, 6.327999999999993
0.0011052104208416828, 0.27964027393358826, 2.638495524504416E-4, 1.5677866826289093, -0.0024300715167391747, 0.0, 1.265897361226377E-4, -0.002303481780615733, -8.212178465360411, 0.0, 1.0520588804957771, -7.160119584869146, 0.9978864908634975, 0.0, 0.5722788886520737, 1.570165379508014, 6.327999999999992
0.001114028056112224, 0.28186925647707056, 2.659546078099737E-4, 1.5714938791975368, -0.0024473501530672573, 0.0, 1.288134451904723E-4, -0.0023185367078759895, -8.204156116200608, 0.0, 1.0606904500361105, -7.143465666169023, 0.9979786887579308, 0.0, 0.576346725927708, 1.574325414678123, 6.327999999999995
0.001122845691382765, 0.2840983465385217, 2.6805966316950576E-4, 1.575327089312029, -0.002464611962992997, 0.0, 1.3105543526844562E-4, -0.0023335565277237667, -8.196191697171122, 0.0, 1.0694287778544653, -7.126762919321178, 0.998074735352581, 0.0, 0.5805248013334864, 1.578599536678618, 6.327999999999994
0.0011316633266533062, 0.28632753417486456, 2.7016471852903785E-4, 1.5792935188547037, -0.002481857067788929, 0.0, 1.3331593878613724E-4, -0.0023485411290020165, -8.18828457228702, 0.0, 1.07828116350377, -7.110003408787765, 0.9981742714208549, 0.0, 0.584819472754509, 1.5829937441679791, 6.327999999999993
0.0011404809619238471, 0.2885568089190966, 2.7226977388856993E-4, 1.583400200886224, -0.002499085587413482, 0.0, 1.355952034482283E-4, -0.0023634903839644876, -8.180434128748642, 0.0, 1.0872548184181765, -7.093179310334981, 0.9982769405023503, 0.0, 0.5892369829763237, 1.5875139234713462, 6.327999999999994
0.0011492985971943883, 0.29078615980403666, 2.74374829248102E-4, 1.5876539858132663, -0.002516297640558142, 0.0, 1.3789349203775485E-4, -0.0023784041485196317, -8.17263977538543, 0.0, 1.0963568552570426, -7.076282920132895, 0.9983823896353713, 0.0, 0.5937834507809879, 1.5921658404090995, 6.327999999999994
0.0011581162324649293, 0.2930155753866225, 2.764798846076341E-4, 1.5920615319489584, -0.002533493344691403, 0.0, 1.4021108219716783E-4, -0.002393282262493487, -8.164900941166584, 0.0, 1.105594277480591, -7.059306663690494, 0.9984902700486729, 0.0, 0.5984648622750396, 1.5969551323165059, 6.327999999999993
0.0011669338677354705, 0.29524504377271277, 2.785849399671662E-4, 1.596629296470076, -0.0025506728160996457, 0.0, 1.4254826618770102E-4, -0.002408124549911207, -8.157217073776875, 0.0, 1.1149739691659202, -7.042243104615455, 0.9986002378131404, 0.0, 0.6032870624562408, 1.6018873002622331, 6.327999999999995
0.0011757515030060115, 0.2974745526423514, 2.8068999532669827E-4, 1.6013635267751058, -0.0025678361699251005, 0.0, 1.4490535062756065E-4, -0.0024229308192968116, -8.149587638255841, 0.0, 1.1245026850715332, -7.025084953188799, 0.9987119544544972, 0.0, 0.6082557470255094, 1.6069677014729216, 6.327999999999994
0.0011845691382765524, 0.29970408927545694, 2.827950506862303E-4, 1.6062702522445484, -0.002584983520200997, 0.0, 1.4728265620946826E-4, -0.0024377008639908096, -8.142012115698773, 0.0, 1.1341870409583577, -7.0078250747449, 0.9988250875276535, 0.0, 0.6133764544503115, 1.6122015419709363, 6.327999999999995
0.0011933867735470938, 0.3019336405778894, 2.8490010604576244E-4, 1.6113552764072587, -0.002602114979884049, 0.0, 1.4968051739811032E-4, -0.0024524344624852292, -8.134490002017772, 0.0, 1.1440335041748646, -6.990456497847409, 0.9989393111537728, 0.0, 0.6186545582854316, 1.6175938694322138, 6.327999999999996
0.0012022044088176346, 0.30416319310785833, 2.8700516140529447E-4, 1.616624169514213, -0.002619230660884391, 0.0, 1.520992821080456E-4, -0.0024671313787756445, -8.127020806761324, 0.0, 1.1540483845134137, -6.972972422252365, 0.9990543065208458, 0.0, 0.6240952597566832, 1.6231495662706343, 6.327999999999995
0.001211022044088176, 0.3063927331026315, 2.891102167648266E-4, 1.6220822615212023, -0.002636330674093094, 0.0, 1.5453931136266238E-4, -0.002481791362729741, -8.119604051990766, 0.0, 1.1642378253450907, -6.955366226650146, 0.999169762348651, 0.0, 0.6297035806131911, 1.628873342954981, 6.327999999999993
0.0012198396793587168, 0.3086222465055017, 2.9121527212435863E-4, 1.6277346354815934, -0.0026534151294073677, 0.0, 1.5700097893477403E-4, -0.0024964141504719107, -8.112239271212097, 0.0, 1.1746077950387248, -6.937631476177864, 0.9992853753190453, 0.0, 0.6354843562524192, 1.6347697315646283, 6.327999999999995
0.0012286573146292582, 0.3108517189929767, 2.9332032748389077E-4, 1.633586121349745, -0.0026704841357535797, 0.0, 1.5948467096944574E-4, -0.002510999464783462, -8.104926008361499, 0.0, 1.1851640786715163, -6.919761929694467, 0.9994008504725282, 0.0, 0.6414422291239267, 1.6408430795896798, 6.327999999999994
0.0012374749498997991, 0.3130811360021485, 2.9542538284342286E-4, 1.639641290195193, -0.0026875378011081857, 0.0, 1.6199078558969354E-4, -0.00252554701551783, -8.09766381684323, 0.0, 1.1959122700360636, -6.901751546811633, 0.9995159015718115, 0.0, 0.6475816424151134, 1.6470975439802167, 6.327999999999995
0.00124629258517034, 0.3153104827582096, 2.975304382029549E-4, 1.6459044488283476, -0.002704576232516698, 0.0, 1.6451973248567586E-4, -0.002540056500030368, -8.09045225861815, 0.0, 1.2068577639499936, -6.883594494672592, 0.9996302514335481, 0.0, 0.6539068340237864, 1.6535370854506994, 6.327999999999995
0.0012551102204408813, 0.3175397443020739, 2.99635493562487E-4, 1.6523796348352884, -0.002721599536110771, 0.0, 1.6707193248800746E-4, -0.0025545276036221215, -8.083290903341648, 0.0, 1.2180057488731142, -6.86528515447299, 0.9997436322288153, 0.0, 0.660421830821144, 1.6601654630433604, 6.327999999999995
0.0012639278557114223, 0.31976890551806714, 3.0174054892201905E-4, 1.659070612023014, -0.00273860781712355, 0.0, 1.6964781712587265E-4, -0.002568959999997043, -8.076179327549367, 0.0, 1.229361199837179, -6.846818127716622, 0.9998557857535763, 0.0, 0.6671304432088548, 1.6669862289558959, 6.327999999999994
0.0012727454909819635, 0.3219979511616514, 3.038456042815512E-4, 1.6659808662720674, -0.0027556011799033196, 0.0, 1.722478281705858E-4, -0.002583353351732109, -8.069117113889238, 0.0, 1.2409288716927034, -6.828188242200979, 0.9999664636698045, 0.0, 0.6740362599734417, 1.674002723636746, 6.327999999999994
0.0012815631262525044, 0.32422686588714467, 3.059506596410832E-4, 1.6731136017960546, -0.002772579727925615, 0.0, 1.7487241716526578E-4, -0.002597707310759734, -8.062103850398717, 0.0, 1.2527132926772537, -6.80939055772589, 1.0000754277181616, 0.0, 0.6811426434411577, 1.681218071152881, 6.327999999999995
0.0012903807615230456, 0.32645563427540414, 3.0805571500061536E-4, 1.6804717378054548, -0.0027895435638038402, 0.0, 1.775220449413187E-4, -0.0026120215188619143, -8.055139129825461, 0.0, 1.2647187583091155, -6.7904203715207485, 1.0001824499032836, 0.0, 0.688452724936016, 1.6886351748329245, 6.327999999999995
0.0012991983967935866, 0.3286842408614346, 3.101607703601474E-4, 1.6880579055741483, -0.0028064927892985027, 0.0, 1.801971811224212E-4, -0.002626295608175485, -8.04822254899036, 0.0, 1.2769493256098723, -6.771273223384873, 1.0002873126523781, 0.0, 0.6959694005433246, 1.6962567131893949, 6.327999999999993
0.0013080160320641276, 0.33091267016189063, 3.122658257196795E-4, 1.6958744459053137, -0.0028234275053251635, 0.0, 1.8289830361666902E-4, -0.002640529201707907, -8.041353708191464, 0.0, 1.2894088076595327, -6.751944900536317, 1.0003898089481602, 0.0, 0.703695327181344, 1.7040851361232359, 6.327999999999994
0.0013168336673346688, 0.3331409067024375, 3.1437088107921156E-4, 1.7039234069948248, -0.0028403478119611476, 0.0, 1.8562589809764142E-4, -0.002654721913862928, -8.03453221064759, 0.0, 1.3021007684869577, -6.73243144216505, 1.0004897424367645, 0.0, 0.7116329189825708, 1.7121226614130785, 6.327999999999995
0.0013256513026052097, 0.33536893504493753, 3.1647593643874364E-4, 1.7122065426875002, -0.0028572538084511603, 0.0, 1.8838045747504112E-4, -0.0026688733509755494, -8.027757661980122, 0.0, 1.3150285182986503, -6.712729143685828, 1.0005869275119248, 0.0, 0.7197843439868269, 1.7203712714925954, 6.327999999999993
0.001334468937875751, 0.33759673981443195, 3.185809917982757E-4, 1.7207253111252063, -0.002874145593211813, 0.0, 1.9116248135567443E-4, -0.002682983111855578, -8.021029669731995, 0.0, 1.3281951090481223, -6.692834560688259, 1.0006811893757284, 0.0, 0.7281515211471915, 1.7288327105167753, 6.327999999999994
0.001343286573146292, 0.33982430572588174, 3.206860471578078E-4, 1.729480873780428, -0.0028910232638352067, 0.0, 1.939724754954407E-4, -0.0026970507883392145, -8.014347842922442, 0.0, 1.341603330348075, -6.672744512578714, 1.0007723640772397, 0.0, 0.7367361176502059, 1.73750848172138, 6.327999999999993
0.001352104208416833, 0.3420516176106424, 3.227911025173399E-4, 1.7384740948734467, -0.002907886917091597, 0.0, 1.9681095124309355E-4, -0.0027110759658479605, -8.007711791636293, 0.0, 1.3552557057276358, -6.652456085913005, 1.0008602985296342, 0.0, 0.7455395465515287, 1.746399845075133, 6.327999999999994
0.0013609218436873743, 0.34427866044263694, 3.24896157876872E-4, 1.747705541168056, -0.002924736648931232, 0.0, 1.996784249764892E-4, -0.0027250582239542118, -8.001121126646705, 0.0, 1.3691544892355367, -6.631966637415501, 1.0009448505066414, 0.0, 0.7545629647270735, 1.7555078152277475, 6.327999999999994
0.001369739478957915, 0.34650541936419954, 3.27001213236404E-4, 1.7571754821413383, -0.002941572554485436, 0.0, 2.0257541753203743E-4, -0.0027389971369528765, -7.994575459070092, 0.0, 1.3833016623913974, -6.611273796683036, 1.0010258886192187, 0.0, 0.7638072711409695, 1.7648331597542513, 6.327999999999995
0.0013785571142284564, 0.3487318797115611, 3.2910626859593615E-4, 1.7668838905242048, -0.0029583947280669982, 0.0, 2.055024536281143E-4, -0.0027528922744383686, -7.9880744000520405, 0.0, 1.3976989314857409, -6.590375468570651, 1.00110329227323, 0.0, 0.773273105430078, 1.7743763976973912, 6.327999999999995
0.0013873747494989974, 0.35095802703994605, 3.3121132395546823E-4, 1.7768304432050197, -0.0029752032631699204, 0.0, 2.084600612831554E-4, -0.0027667432018862606, -7.981617560483145, 0.0, 1.4123477252293677, -6.5692698352580825, 1.0011769516088984, 0.0, 0.7829608468049358, 1.7841377984080062, 6.327999999999994
0.0013961923847695386, 0.3531838471482548, 3.333163793150003E-4, 1.7870145224954583, -0.0029919982524686172, 0.0, 2.114487712291595E-4, -0.0027805494812389604, -7.975204550743705, 0.0, 1.4272491927533293, -6.547955357994673, 1.001246767422787, 0.0, 0.7928706132676508, 1.7941173806846475, 6.327999999999995
0.0014050100200400796, 0.3554093261033025, 3.354214346745324E-4, 1.7974352177490502, -0.003008779787816588, 0.0, 2.144691163213738E-4, -0.0027943106714947274, -7.968834980476021, 0.0, 1.4424042019587562, -6.526430778521564, 1.0013126510731694, 0.0, 0.8030022611451691, 1.8043149122125866, 6.327999999999994
0.0014138276553106208, 0.35763445026358937, 3.375264900340645E-4, 1.8080913273304833, -0.00302554796024466, 0.0, 2.1752163094485252E-4, -0.002808026329299331, -7.962508458383241, 0.0, 1.4578133382173581, -6.504695120170137, 1.0013745243696361, 0.0, 0.8133553849381969, 1.8147299093021685, 6.327999999999994
0.0014226452905811617, 0.3598592063025742, 3.3963154539359657E-4, 1.818981360927868, -0.0030423028599588097, 0.0, 2.2060685041865033E-4, -0.0028216960095396922, -7.956224592054009, 0.0, 1.4734769034225574, -6.482747688635732, 1.0014323194472667, 0.0, 0.8239293174850064, 1.8253616369266168, 6.327999999999993
0.0014314629258517027, 0.36208358123142853, 3.417366007531286E-4, 1.8301035422036693, -0.0030590445763376594, 0.0, 2.2372531039840463E-4, -0.002835319265938795, -7.949982987811313, 0.0, 1.4893949153894221, -6.46058807242617, 1.001485978626732, 0.0, 0.8347231304376421, 1.8362091090587491, 6.327999999999994
0.0014402805611222439, 0.3643075624212446, 3.4384165611266073E-4, 1.8414558117775484, -0.003075773197929671, 0.0, 2.2687754627799677E-4, -0.0028488956516512223, -7.943783250585112, 0.0, 1.5055671076040942, -6.438216142985268, 1.0015354542604828, 0.0, 0.8457356350507522, 1.8472710893056712, 6.327999999999994
0.0014490981963927849, 0.36653113762467404, 3.4594671147219276E-4, 1.8530358305351922, -0.0030924888124501033, 0.0, 2.300640925910841E-4, -0.0028624247198585765, -7.937624983807246, 0.0, 1.52199292932146, -6.415632054490051, 1.0015807085662098, 0.0, 0.8569653832811023, 1.8585460918417673, 6.327999999999994
0.001457915831663326, 0.36875429499697376, 3.480517668317249E-4, 1.864840983257891, -0.0031091915067777668, 0.0, 2.332854824131651E-4, -0.002875906024364172, -7.93150778932809, 0.0, 1.5386715460086946, -6.392836243323587, 1.0016217134478282, 0.0, 0.8684106691950644, 1.8700323826374674, 6.327999999999993
0.001466733466933867, 0.37097702311643777, 3.5015682219125693E-4, 1.8768683825648584, -0.0031258813669516245, 0.0, 2.3654224676496278E-4, -0.0028893391201862376, -7.925431267353606, 0.0, 1.5556018401350014, -6.3698294272227995, 1.0016584503051187, 0.0, 0.8800695306837735, 1.8817279809834853, 6.327999999999993
0.0014755511022044084, 0.37319931100419024, 3.5226187755078907E-4, 1.889114873163594, -0.0031425584781672763, 0.0, 2.3983491401784987E-4, -0.0029027235641490125, -7.919395016402187, 0.0, 1.5727824123043381, -6.346612604102051, 1.001690909832287, 0.0, 0.8919397514822897, 1.8936306613091984, 6.327999999999994
0.0014843687374749492, 0.37542114814332034, 3.543669329103211E-4, 1.901577036400883, -0.0031592229247733856, 0.0, 2.4316400930197486E-4, -0.002916058915471005, -7.913398633280087, 0.0, 1.59021158273006, -6.32318705055415, 1.0017190918065344, 0.0, 0.9040188634914627, 1.905737955292729, 6.327999999999994
0.0014931863727454904, 0.37764252449734026, 3.564719882698532E-4, 1.914251195107565, -0.003175874790268059, 0.0, 2.465300539178926E-4, -0.00292934473634977, -7.907441713074813, 0.0, 1.6078873930491495, -6.299554320029868, 1.0017430048668572, 0.0, 0.9163041493995345, 1.9180471542610764, 6.327999999999993
0.0015020040080160313, 0.3798634305279418, 3.5857704362938527E-4, 1.9271334187313807, -0.003192514157295239, 0.0, 2.4993356475233044E-4, -0.0029425805925425218, -7.9015238491653585, 0.0, 1.6258076084733366, -6.275716240696201, 1.001762666284101, 0.0, 0.928792645600659, 1.930555311879503, 6.327999999999994
0.0015108216432865725, 0.3820838572120365, 3.6068209898891735E-4, 1.9402195287489161, -0.0032091411076411295, 0.0, 2.533750536988933E-4, -0.0029557660539418565, -7.895644633248652, 0.0, 1.6439697202750307, -6.251674912977732, 1.001778101722557, 0.0, 0.9414811454076691, 1.9432592471250618, 6.327999999999994
0.0015196392785571137, 0.3843037960580596, 3.627871543484495E-4, 1.9535051043535447, -0.003225755722230707, 0.0, 2.5685502708425894E-4, -0.0029689006951460757, -7.889803655381079, 0.0, 1.662370948605171, -6.227432706780036, 1.0017893449941107, 0.0, 0.9543662025563212, 1.9561555475452768, 6.327999999999993
0.0015284569138276547, 0.3865232391215195, 3.648922097079815E-4, 1.966985488407268, -0.0032423580811243038, 0.0, 2.603739851007614E-4, -0.0029819840960231842, -7.884000504034643, 0.0, 1.681008245639172, -6.202992258399579, 1.001796437805032, 0.0, 0.9674441349963737, 1.969240572796315, 6.327999999999994
0.0015372745490981959, 0.38874217901977703, 3.6699726506751366E-4, 1.9806557936536278, -0.003258948263514365, 0.0, 2.6393242124584315E-4, -0.002995015842268171, -7.878234766166598, 0.0, 1.6998782990491161, -6.178356467121613, 1.0017994294965265, 0.0, 0.9807110289679902, 1.9825104584594289, 6.327999999999994
0.0015460921843687369, 0.39096060894603596, 3.691023204270457E-4, 1.9945109091825572, -0.0032755263477223275, 0.0, 2.675308217692324E-4, -0.0030079955259527526, -7.872506027302002, 0.0, 1.718977535797807, -6.153528491508253, 1.0017983767792118, 0.0, 0.9941627433584005, 1.9959611201326264, 6.327999999999992
0.0015549098196392778, 0.3931785226825333, 3.7120737578657777E-4, 2.0085455071409193, -0.003292092411195715, 0.0, 2.711696651283777E-4, -0.0030209227460669973, -7.866813871628305, 0.0, 1.7383021262512128, -6.128511745381184, 1.001793343462359, 0.0, 1.0077949143355633, 2.009588257792914, 6.327999999999993
0.001563727454909819, 0.39539591461290813, 3.7331243114610985E-4, 2.0227540496790515, -0.003308646530505426, 0.0, 2.7484942145292375E-4, -0.0030337971090521774, -7.86115788210131, 0.0, 1.7578479886058236, -6.10330989349954, 1.001784400178229, 0.0, 1.0216029602548897, 2.023387360428194, 6.327999999999993
0.00157254509018036, 0.3976127797337429, 3.7541748650564194E-4, 2.0371307961301945, -0.0033251887813432594, 0.0, 2.7857055201880053E-4, -0.0030466182293241366, -7.855537640561601, 0.0, 1.7776107936263568, -6.077926846939266, 1.0017716241023056, 0.0, 1.0355820868345806, 2.0373537109320043, 6.327999999999994
0.0015813627254509012, 0.3998291136652558, 3.77522541865174E-4, 2.0516698104102664, -0.0033417192385197083, 0.0, 2.823335087326393E-4, -0.003059385729786755, -7.849952727861131, 0.0, 1.7975859696903322, -6.0523667581747995, 1.0017550986695238, 0.0, 1.0497272925958394, 2.0514823912605316, 6.327999999999994
0.0015901803607214421, 0.40204491266113795, 3.796275972247061E-4, 2.066364968636442, -0.0033582379759620066, 0.0, 2.861387336270799E-4, -0.003072099242334624, -7.844402723998705, 0.0, 1.8177687081344096, -6.026634015868352, 1.001734913287515, 0.0, 1.0640333745629915, 2.065768287845653, 6.327999999999993
0.0015989979959919833, 0.4042601736175181, 3.817326525842382E-4, 2.0812099669509876, -0.0033747450667124907, 0.0, 2.8998665836770486E-4, -0.0030847584083444905, -7.83888720826399, 0.0, 1.8381539688983055, -6.000733239369722, 1.0017111630471318, 0.0, 1.0784949342190218, 2.0802060972613425, 6.327999999999993
0.0016078156312625243, 0.4064748940810485, 3.838377079437703E-4, 2.0961983295472013, -0.003391240582927269, 0.0, 2.938777037721158E-4, -0.003097362879154868, -7.833405759389705, 0.0, 1.8587364864618934, -5.974669272931818, 1.0016839484304136, 0.0, 1.0931063837124082, 2.0947903321380705, 6.327999999999995
0.0016166332665330653, 0.40868907225609724, 3.859427633033023E-4, 2.1113234168890753, -0.0034077245958752133, 0.0, 2.978122793418406E-4, -0.0031099123165331003, -7.827957955710486, 0.0, 1.8795107760695084, -5.948447179644906, 1.0016533750172554, 0.0, 1.1078619523090854, 2.109515327321707, 6.327999999999994
0.0016254509018036067, 0.4109027070110408, 3.8804781866283444E-4, 2.126578434113885, -0.003424197175937286, 0.0, 3.017907828076146E-4, -0.0031224063931293983, -7.8225433753288645, 0.0, 1.9004711402376915, -5.922072235095146, 1.0016195531902343, 0.0, 1.1227556930859748, 2.124375246271532, 6.327999999999993
0.0016342685370741474, 0.4131157978836428, 3.9015287402236647E-4, 2.141956439617402, -0.0034406583926062384, 0.0, 3.0581359968868694E-4, -0.0031348447929172903, -7.817161596286709, 0.0, 1.9216116755398276, -5.895549920750896, 1.001582597839088, 0.0, 1.1377814898594438, 2.139364087693849, 6.327999999999992
0.0016430861723446888, 0.4153283450855182, 3.922579293818986E-4, 2.157450353804089, -0.0034571083144866732, 0.0, 3.098811028666707E-4, -0.0031472272116197506, -7.811812196742461, 0.0, 1.9429262796636475, -5.868885917082742, 1.0015426280643178, 0.0, 1.1529330643449245, 2.154475692404671, 6.327999999999993
0.0016519038076152298, 0.4175403495056668, 3.943629847414307E-4, 2.1730529680049546, -0.00347354700929547, 0.0, 3.139936521745375E-4, -0.003159553357120695, -7.80649475515282, 0.0, 1.964408658734674, -5.8420860964220465, 1.0014997668811048, 0.0, 1.1682039835408, 2.1697037504174017, 6.327999999999993
0.001660721442885771, 0.4197518127130755, 3.964680401009628E-4, 2.1887569535477804, -0.0034899745438626163, 0.0, 3.181515940013216E-4, -0.003171822949861059, -7.801208850458952, 0.0, 1.9860523349006347, -5.815156515562171, 1.0014541409233406, 0.0, 1.1835876673317116, 2.1850418082506047, 6.327999999999994
0.001669539078156312, 0.4219627369583794, 3.9857309546049486E-4, 2.2045548709760823, -0.003506390984132418, 0.0, 3.2235526091301767E-4, -0.003184035723219171, -7.7959540622760235, 0.0, 2.0078506541713, -5.788103408108561, 1.0014058801487882, 0.0, 1.1990773963060604, 2.200483276450435, 6.327999999999995
0.001678356713426853, 0.4241731251745785, 4.006781508200269E-4, 2.2204391794080447, -0.003522796395165133, 0.0, 3.266049712903063E-4, -0.0031961914238746035, -7.7907299710862015, 0.0, 2.0297967945060766, -5.760933176583983, 1.0013551175451259, 0.0, 1.2146663197799719, 2.2160214373206837, 6.327999999999992
0.0016871743486973941, 0.4263829809768041, 4.0278320617955903E-4, 2.236402246027512, -0.0035391908411389924, 0.0, 3.309010289834711E-4, -0.003208289812155304, -7.785536158434176, 0.0, 2.0518837741458507, -5.733652384292091, 1.0013019888376251, 0.0, 1.2303474640248255, 2.231649452858145, 6.327999999999992
0.0016959919839679351, 0.42859230866113013, 4.0488826153909106E-4, 2.252436355701394, -0.003555574385352644, 0.0, 3.3524372298522577E-4, -0.003220330662367217, -7.780372207124706, 0.0, 2.074104460180292, -5.706267746948293, 1.0012466321988458, 0.0, 1.2461137406892584, 2.2473603728837284, 6.327999999999992
0.0017048096192384763, 0.43080111320242964, 4.069933168986232E-4, 2.2685337207122114, -0.003571947090228023, 0.0, 3.3963332712169664E-4, -0.003232313763106131, -7.775237701422038, 0.0, 2.0964515773448884, -5.678786124080996, 1.0011891879603958, 0.0, 1.2619579554108091, 2.2631471433668793, 6.327999999999992
0.0017136272545090173, 0.43300940025126733, 4.0909837225815523E-4, 2.2846864906027124, -0.003588309017313624, 0.0, 3.4407009976224564E-4, -0.0032442389175511848, -7.77013222725027, 0.0, 2.1189177170423386, -5.65121451021178, 1.0011297983274712, 0.0, 1.2778728166115803, 2.27900261493473, 6.327999999999992
0.0017224448897795585, 0.43521717612983374, 4.1120342761768737E-4, 2.30088676212081, -0.003604660227288214, 0.0, 3.485542835484738E-4, -0.0032561059437395587, -7.765055372394425, 0.0, 2.1414953465802005, -5.623560025817976, 1.0010686070963628, 0.0, 1.2938509444704522, 2.2949195515626233, 6.327999999999994
0.0017312625250500994, 0.4374244478269141, 4.133084829772194E-4, 2.3171265892612496, -0.0036210007799649655, 0.0, 3.530861051429095E-4, -0.0032679146748218865, -7.760006726702227, 0.0, 2.1641768186179267, -5.595829908088137, 1.0010057593747792, 0.0, 1.309884880065166, 2.3108906394356987, 6.327999999999993
0.0017400801603206404, 0.4396312229918953, 4.154135383367515E-4, 2.3333979933922953, -0.003637330734295998, 0.0, 3.576657749977634E-4, -0.0032796649592980753, -7.754985882285161, 0.0, 2.186954380817026, -5.568031501471893, 1.000941401306223, 0.0, 1.3259670946784972, 2.3269084959805793, 6.327999999999994
0.0017488977955911816, 0.44183750992780624, 4.1751859369628356E-4, 2.3496929734656344, -0.003653650148377363, 0.0, 3.6229348714425405E-4, -0.003291356661232959, -7.74999243371934, 0.0, 2.20982018568819, -5.5401722480349544, 1.000875679797887, 0.0, 1.3420899992625337, 2.3429656790562574, 6.327999999999994
0.0017577154308617228, 0.4440433175834013, 4.1962364905581565E-4, 2.3660035162956943, -0.00366995907945445, 0.0, 3.6696941900285317E-4, -0.0033029896604514475, -7.745025978245371, 0.0, 2.2327663006243452, -5.512259677624556, 1.0008087422526983, 0.0, 1.3582459540505485, 2.359054696299361, 6.327999999999993
0.0017665330661322638, 0.4462486555442773, 4.2172870441534773E-4, 2.382321606904866, -0.0036862575839277825, 0.0, 3.7169373121480884E-4, -0.003314563852712826, -7.740086115966819, 0.0, 2.255784718118146, -5.484301397852346, 1.0007407363057257, 0.0, 1.3744272783154738, 2.375168014617176, 6.327999999999992
0.001775350701402805, 0.448453534023035, 4.238337597748798E-4, 2.398639238927407, -0.003702545717359281, 0.0, 3.7646656749537816E-4, -0.0033260791498637724, -7.7351724500469015, 0.0, 2.2788673661513164, -5.456305083899285, 1.0006718095653946, 0.0, 1.3906262602626795, 2.391298069824066, 6.327999999999993
0.0017841683366733457, 0.4506579638484851, 4.2593881513441185E-4, 2.414948425063155, -0.0037188235344788787, 0.0, 3.8128805450911903E-4, -0.0033375354799696356, -7.730284586903467, 0.0, 2.302006118750458, -5.4282784681566945, 1.000602109359102, 0.0, 1.4068351670521553, 2.407437276407281, 6.327999999999992
0.0017929859719438871, 0.4528619564539028, 4.28043870493944E-4, 2.431241207574007, -0.003735091089191609, 0.0, 3.8615830176756016E-4, -0.0033489327874239344, -7.725422136401185, 0.0, 2.3251928067024417, -5.400229329702388, 1.000531782484456, 0.0, 1.4230462549437395, 2.423578037424284, 6.327999999999992
0.001801803607214428, 0.45506552386433197, 4.3014892585347607E-4, 2.4475096688183733, -0.0037513484345850184, 0.0, 3.9107740154961423E-4, -0.0033602710330352943, -7.720584712041174, 0.0, 2.3484192284208287, -5.372165483623993, 1.0004609749655164, 0.0, 1.4392517795572488, 2.439712754518861, 6.327999999999994
0.0018106212424849693, 0.4572686786829529, 4.3225398121300815E-4, 2.4637459418100267, -0.003767595622937073, 0.0, 3.9604542884490553E-4, -0.003371550194092065, -7.715771931147641, 0.0, 2.371677160954883, -5.344094770196443, 1.0003898318147197, 0.0, 1.4554440062398994, 2.4558338380506983, 6.327999999999992
0.0018194388777555102, 0.4594714340765099, 4.3435903657254024E-4, 2.4799422208051833, -0.0037838327057243487, 0.0, 4.010624413206487E-4, -0.0033827702644036095, -7.710983415051224, 0.0, 2.394958371133603, -5.316025043921359, 1.000318496800283, 0.0, 1.4716152205331914, 2.4719337173295277, 6.327999999999994
0.0018282565130260514, 0.46167380375980926, 4.364640919320723E-4, 2.496090771897067, -0.003800059733630681, 0.0, 4.061284793118527E-4, -0.0033939312543187308, -7.7062187892686005, 0.0, 2.418254626838102, -5.287964162434021, 1.0002471122197876, 0.0, 1.4877577387342826, 2.4880048509503236, 6.327999999999993
0.0018370741482965924, 0.46387580197929373, 4.385691472916044E-4, 2.5121839436238735, -0.0038162767565561653, 0.0, 4.112435658355619E-4, -0.0034050331907205227, -7.70147768367805, 0.0, 2.4415577083934066, -5.259919975288043, 1.0001758186799814, 0.0, 1.5038639185424616, 2.50403973721886, 6.327999999999993
0.0018458917835671334, 0.46607744349570723, 4.4067420265113643E-4, 2.5282141775729543, -0.0038324838236264993, 0.0, 4.164077066291275E-4, -0.0034160761169973, -7.696759732691375, 0.0, 2.4648594200701766, -5.231900312624701, 1.0001047548822666, 0.0, 1.5199261697823663, 2.5200309246609685, 6.327999999999992
0.0018547094188376746, 0.4682787435658485, 4.4277925801066857E-4, 2.544174018982668, -0.003848680983202727, 0.0, 4.2162089021278504E-4, -0.003427060092989872, -7.692064575420847, 0.0, 2.488151601689847, -5.203912973734511, 1.0000340574152788, 0.0, 1.5359369651979407, 2.5359710226095507, 6.327999999999991
0.0018635270541082155, 0.47047971792342613, 4.448843133702006E-4, 2.5600561273260722, -0.0038648682828912886, 0.0, 4.2688308797685825E-4, -0.00343798519491437, -7.687391855841811, 0.0, 2.511426140325345, -5.175965715519967, 0.9999638605536645, 0.0, 1.5518888513096343, 2.5518527118596612, 6.327999999999993
0.0018723446893787567, 0.4726803827590328, 4.4698936872973274E-4, 2.575853286881638, -0.0038810457695544302, 0.0, 4.321942542935397E-4, -0.0034488515152608294, -7.6827412229504635, 0.0, 2.5346749820863717, -5.148066240867465, 0.9998942960635516, 0.0, 1.5677744593250322, 2.5676687553850743, 6.327999999999993
0.0018811623246492977, 0.47488075469923724, 4.4909442408926477E-4, 2.5915584172685815, -0.0038972134893209393, 0.0, 4.3755432665369123E-4, -0.00345965916266721, -7.67811233091624, 0.0, 2.5578901439849826, -5.120222186934671, 0.9998254930152031, 0.0, 1.583586516098656, 2.5834120091103596, 6.327999999999991
0.0018899799599198391, 0.477080850784812, 4.511994794487969E-4, 2.6071645839545265, -0.0039133714875971785, 0.0, 4.4296322582862E-4, -0.0034704082617685325, -7.673504839229254, 0.0, 2.5810637258672697, -5.0924411133655, 0.999757577602226, 0.0, 1.5993178551278766, 2.5990754327265293, 6.327999999999994
0.0018987975951903799, 0.4792806884481085, 4.5330453480832894E-4, 2.6226650087227243, -0.003929519809078448, 0.0, 4.4842085605708665E-4, -0.003481098953021337, -7.668918412842183, 0.0, 2.6041879224092206, -5.064730490436342, 0.999690672968019, 0.0, 1.614961427583413, 2.6146521005479992, 6.327999999999993
0.001907615230460921, 0.48148028548958816, 4.55409590167861E-4, 2.6380530800904975, -0.0039456584977606195, 0.0, 4.5392710525758517E-4, -0.0034917313925030193, -7.664352722306372, 0.0, 2.62725503516262, -5.037097687147098, 0.9996248990394473, 0.0, 1.6305103133611518, 2.6301352123972213, 6.327999999999993
0.001916432865731462, 0.4836796600535276, 4.575146455273931E-4, 2.653322363675815, -0.003961787596952067, 0.0, 4.594818452660235E-4, -0.0035023057516860266, -7.659807443902045, 0.0, 2.6502574846456497, -5.009549959259734, 0.9995603723679154, 0.0, 1.6459577321505952, 2.645518104515134, 6.327999999999993
0.0019252505010020032, 0.4858788306029071, 4.596197008869252E-4, 2.668466612502279, -0.003977907149285864, 0.0, 4.650849320989368E-4, -0.0035128222171869343, -7.65528225976311, 0.0, 2.6731878224681256, -4.982094437298477, 0.9994972059772, 0.0, 1.6612970545104746, 2.660794260484198, 6.327999999999992
0.0019340681362725442, 0.48807781589349963, 4.617247562464573E-4, 2.6834797772419425, -0.003994017196732215, 0.0, 4.7073620624223003E-4, -0.0035232809904899793, -7.650776857994921, 0.0, 2.696038743482674, -4.954738114515613, 0.9994355092195994, 0.0, 1.6765218129437305, 2.6759573221599515, 6.327999999999991
0.0019428857715430854, 0.4902766349471738, 4.6382981160598936E-4, 2.698356016379552, -0.004010117780611148, 0.0, 4.764354929655155E-4, -0.0035336822876456415, -7.646290932786839, 0.0, 2.718803097954099, -4.927487834836151, 0.9993753876385325, 0.0, 1.691625712964808, 2.69100110059995, 6.327999999999993
0.0019517034068136266, 0.49247530702442627, 4.659348669655215E-4, 2.7130897063058868, -0.004026208941605446, 0.0, 4.821826026620306E-4, -0.00354402633894344, -7.64182418451733, 0.0, 2.741473903737233, -4.900350280783301, 0.9993169428398111, 0.0, 1.7066026441504047, 2.705919586987064, 6.327999999999994
0.0019605210420841675, 0.4946738515961602, 4.680399223250535E-4, 2.7276754513207795, -0.004042290719773785, 0.0, 4.8797733121433114E-4, -0.0035543133885594896, -7.637376319853548, 0.0, 2.764044358454098, -4.873331961402885, 0.9992602723694882, 0.0, 1.7214466911648723, 2.7207069635310015, 6.327999999999991
0.0019693386773547085, 0.4968722883147293, 4.701449776845856E-4, 2.7421080935442816, -0.004058363154564036, 0.0, 4.938194603854743E-4, -0.003564543694178602, -7.63294705184394, 0.0, 2.786507851662086, -4.846439200184991, 0.9992054695996492, 0.0, 1.7361521447533728, 2.73535761434997, 6.327999999999992
0.0019781563126252495, 0.49907063698425497, 4.722500330441177E-4, 2.756382722736249, -0.004074426284826828, 0.0, 4.997087582357738E-4, -0.0035747175265910974, -7.628536100003718, 0.0, 2.808857977006188, -4.8196781230006795, 0.9991526236224678, 0.0, 1.750713512696345, 2.749866136315754, 6.327999999999993
0.001986973947895791, 0.5012689175302478, 4.743550884036498E-4, 2.7704946860083197, -0.004090480148829234, 0.0, 5.056449795653778E-4, -0.0035848351692639173, -7.624143190394333, 0.0, 2.8310885443410214, -4.793054646056445, 0.9991018191510526, 0.0, 1.7651255307112357, 2.7642273498592833, 6.327999999999993
0.001995791583166332, 0.5034671499685419, 4.7646014376318186E-4, 2.7844395974275153, -0.004106524784268626, 0.0, 5.116278663818861E-4, -0.0035948969178867724, -7.619768055695819, 0.0, 2.853193591820912, -4.766574463878164, 0.9990531364283193, 0.0, 1.779383173302078, 2.7784363097272093, 6.327999999999993
0.002004609218436873, 0.5056653543735662, 4.7856519912271395E-4, 2.7982133475061275, -0.0041225602282866595, 0.0, 5.176571483938216E-4, -0.0036049030798928927, -7.615410435271964, 0.0, 2.875167397942678, -4.740243037332385, 0.9990066511437794, 0.0, 1.7934816645404807, 2.792488315681275, 6.3279999999999905
0.002013426853707414, 0.507863550845969, 4.8067025448224603E-4, 2.8118121125712197, -0.004138586517483431, 0.0, 5.237325435291278E-4, -0.003614853973954364, -7.611070075229153, 0.0, 2.897004493535332, -4.714065581697076, 0.9989624343575058, 0.0, 1.8074164887746333, 2.8063789231290115, 6.327999999999994
0.002022244488977955, 0.5100617594796159, 4.827753098417781E-4, 2.8252323640058323, -0.0041546036879317304, 0.0, 5.29853758478843E-4, -0.003624749929452943, -7.606746728467351, 0.0, 2.918699673689793, -4.688047054780804, 0.9989205524326075, 0.0, 1.821183401259676, 2.8201039536891526, 6.327999999999992
0.0020310621242484958, 0.5122600003279869, 4.8488036520131014E-4, 2.8384708773623304, -0.00417061177519137, 0.0, 5.360204892659277E-4, -0.0036345912859255098, -7.60244015472492, 0.0, 2.940248009614384, -4.662192145113791, 0.9988810669744501, 0.0, 1.8347784386958228, 2.8336595056671574, 6.327999999999994
0.002039879759519037, 0.5144582933699895, 4.869854205608423E-4, 2.85152474132808, -0.004186610814323633, 0.0, 5.422324218389709E-4, -0.0036443783924847524, -7.598150120615936, 0.0, 2.9616448604102095, -4.636505260209054, 0.9988440347780287, 0.0, 1.848197929669444, 2.8470419644443297, 6.327999999999992
0.0020486973947895786, 0.5166566584752033, 4.890904759203744E-4, 2.8643913665641225, -0.0042026008399057724, 0.0, 5.484892326904365E-4, -0.0036541116072154323, -7.593876399660457, 0.0, 2.9828858847598254, -4.610990514903916, 0.998809507782913, 0.0, 1.8614385049917261, 2.860248012771552, 6.327999999999991
0.0020575150300601195, 0.5188551153685979, 4.911955312799065E-4, 2.877068494379376, -0.004218581886045569, 0.0, 5.547905894996059E-4, -0.0036637912965460737, -7.589618772308034, 0.0, 3.003967052514574, -4.585651719796585, 0.9987775330354303, 0.0, 1.8744971079204327, 2.8732746409529617, 6.327999999999995
0.0020663326653306605, 0.5210536835947183, 4.933005866394385E-4, 2.8895542052598, -0.004234553986395976, 0.0, 5.611361517996304E-4, -0.0036734178345964397, -7.585377025953473, 0.0, 3.0248846561775835, -4.560492369779031, 0.9987481526591355, 0.0, 1.887371004263413, 2.886119156919599, 6.327999999999993
0.002075150300601202, 0.5232523824813907, 4.954056419989707E-4, 2.9018469272369174, -0.004250517174169673, 0.0, 5.675255716688199E-4, -0.0036829916025009845, -7.581150954946391, 0.0, 3.0456353222693577, -4.535515632679924, 0.9987214038316781, 0.0, 1.9000577923509583, 2.8987791961800116, 6.327999999999992
0.002083967935871743, 0.525451231102948, 4.975106973585027E-4, 2.9139454440869557, -0.004266471482153809, 0.0, 5.739584944454829E-4, -0.0036925129877084266, -7.576940360593152, 0.0, 3.066216022569206, -4.51072433802721, 0.9986973187699888, 0.0, 1.9125554128720192, 2.911252731638946, 6.327999999999993
0.0020927855711422834, 0.527650248243017, 4.996157527180347E-4, 2.9258489033702073, -0.004282416942724552, 0.0, 5.80434559466555E-4, -0.003701982383258123, -7.572745051151873, 0.0, 3.086624085222322, -4.486120965932572, 0.9986759247223495, 0.0, 1.9248621585639933, 2.923538083283576, 6.327999999999993
0.002101603206412825, 0.5298494523568783, 5.017208080775669E-4, 2.937556824283556, -0.0042983535878617606, 0.0, 5.869534008292366E-4, -0.003711400187032663, -7.5685648418206855, 0.0, 3.1068572057053587, -4.4617076361182795, 0.9986572439677674, 0.0, 1.9369766837508207, 2.9356339277159114, 6.327999999999993
0.002110420841683366, 0.532048861533432, 5.038258634370989E-4, 2.9490691053407563, -0.004314281449163576, 0.0, 5.935146481757692E-4, -0.0037207668009879547, -7.5643995547187695, 0.0, 3.1269134576407014, -4.437486097081221, 0.9986412938227417, 0.0, 1.948898013719634, 2.9475393075395173, 6.327999999999993
0.002119238476953907, 0.5342484934567956, 5.05930918796631E-4, 2.960386031866925, -0.0043302005578609425, 0.0, 6.001179275005658E-4, -0.0037300826303605004, -7.5602490188607385, 0.0, 3.14679130345042, -4.413457715413287, 0.9986280866548307, 0.0, 1.9606255539288038, 2.9592536405809104, 6.327999999999993
0.0021280561122244477, 0.536448365367552, 5.080359741561631E-4, 2.9715082832999435, -0.004346110944832086, 0.0, 6.067628619798498E-4, -0.0037393480828523673, -7.55611307012392, 0.0, 3.1664896048420212, -4.389623465284955, 0.9986176299035413, 0.0, 1.9721590990394156, 2.970776728940158, 6.327999999999993
0.002136873747494989, 0.5386484940236823, 5.101410295156952E-4, 2.98243694030114, -0.00436201264061696, 0.0, 6.134490728229528E-4, -0.003748563567794182, -7.551991551209143, 0.0, 3.186007633116525, -4.365983918095651, 0.9986099261079373, 0.0, 1.9834988417626254, 2.982108767867872, 6.327999999999994
0.00214569138276553, 0.5408488956612083, 5.122460848752272E-4, 2.993173491664386, -0.00437790567543153, 0.0, 6.201761801452284E-4, -0.0037577294952864737, -7.547884311594618, 0.0, 3.2053450792908786, -4.342539232306678, 0.9986049729411496, 0.0, 1.9946453815151688, 2.993250354453717, 6.327999999999991
0.0021545090180360715, 0.5430495859545664, 5.143511402347594E-4, 3.003719841017947, -0.004393790079181974, 0.0, 6.269438038621685E-4, -0.0037668462753199673, -7.543791207483504, 0.0, 3.2245020640255846, -4.319289143461149, 0.9986027632512874, 0.0, 2.005599732874886, 3.004202496123257, 6.327999999999994
0.002163326653306612, 0.545250579976743, 5.164561955942914E-4, 3.0140783133269906, -0.00440966588147883, 0.0, 6.337515646039752E-4, -0.0037759143168750154, -7.539712101744304, 0.0, 3.243479147351027, -4.2962329543961975, 0.9986032851097203, 0.0, 2.016363333831333, 3.014966618938444, 6.327999999999994
0.0021721442885771535, 0.5474518921592159, 5.185612509538235E-4, 3.0242516611677797, -0.004425533111650895, 0.0, 6.405990846505769E-4, -0.003784934027000503, -7.535646863845622, 0.0, 3.2622773381798127, -4.273369525668795, 0.9986065218647887, 0.0, 2.0269380538189368, 3.0255445756810975, 6.327999999999994
0.0021809619238476944, 0.5496535362516902, 5.206663063133556E-4, 3.034243070801212, -0.004441391798759084, 0.0, 6.474859888863467E-4, -0.0037939058098729397, -7.531595369783995, 0.0, 3.2808981036015177, -4.250697266185453, 0.9986124522026563, 0.0, 2.037326201530585, 3.0359386537306547, 6.327999999999994
0.002189779559118236, 0.5518555252817049, 5.227713616728877E-4, 3.0440561680129345, -0.004457241971610087, 0.0, 6.544119057741086E-4, -0.0038028300658361548, -7.5275575020057985, 0.0, 3.299343377948293, -4.228214124060114, 0.9986210502139472, 0.0, 2.0475305325009714, 3.046151582712647, 6.327999999999994
0.002198597194388777, 0.5540578715141056, 5.248764170324197E-4, 3.0536950237224136, -0.004473083658769847, 0.0, 6.613764683482196E-4, -0.003811707190421833, -7.523533149322571, 0.0, 3.3176155716248195, -4.205917577700778, 0.9986322854669287, 0.0, 2.0575542564536167, 3.0561865419179104, 6.327999999999994
0.0022074148296593174, 0.5562605864104228, 5.269814723919518E-4, 3.063164159374903, -0.004488916888576862, 0.0, 6.683793152256995E-4, -0.0038205375733513553, -7.519522206821162, 0.0, 3.33571757969078, -4.183804627133052, 0.9986461230857956, 0.0, 2.0674010444016977, 3.0660471674851904, 6.327999999999993
0.0022162324649298588, 0.5584636805881905, 5.290865277514839E-4, 3.0724685520877273, -0.004504741689155326, 0.0, 6.754200916351651E-4, -0.0038293215975204052, -7.515524575766884, 0.0, 3.353652790199303, -4.161871785570401, 0.9986625238359216, 0.0, 2.0770750355065677, 3.07573755934013, 6.327999999999993
0.0022250501002004, 0.5606671637802322, 5.31191583111016E-4, 3.0816136395636793, -0.004520558088427984, 0.0, 6.824984504633868E-4, -0.0038380596379648155, -7.5115401635017625, 0.0, 3.371425092261596, -4.140115071242995, 0.9986814442137572, 0.0, 2.086580843664479, 3.085262287875818, 6.327999999999995
0.002233867735470941, 0.5628710447939353, 5.332966384705481E-4, 3.0906053247474645, -0.0045363661141288375, 0.0, 6.896140533181033E-4, -0.0038467520608109454, -7.507568883337162, 0.0, 3.3890388838557786, -4.118529999484724, 0.9987028365423599, 0.0, 2.095923563842023, 3.094626400381438, 6.327999999999995
0.0022426853707414817, 0.5650753314705641, 5.354016938300801E-4, 3.099449980253045, -0.004552165793815574, 0.0, 6.967665716072886E-4, -0.0038553992222085088, -7.503610654440145, 0.0, 3.406499079349128, -4.097111575093489, 0.9987266490729255, 0.0, 2.105108778129012, 3.1038354271998823, 6.327999999999993
0.002251503006012023, 0.5672800306446144, 5.375067491896122E-4, 3.1081544525271987, -0.004567957154881825, 0.0, 7.039556876338063E-4, -0.0038640014672482576, -7.49966540171483, 0.0, 3.42381111674772, -4.0758542849699255, 0.9987528260913126, 0.0, 2.114142561524654, 3.1128953876135945, 6.327999999999994
0.0022603206412825645, 0.5694851481032795, 5.396118045491444E-4, 3.116726065759252, -0.004583740224569033, 0.0, 7.111810957051348E-4, -0.0038725591288641683, -7.495733055679496, 0.0, 3.4409809646380425, -4.054752091044456, 0.9987813080283765, 0.0, 2.1230314874220286, 3.1218127954479042, 6.327999999999994
0.002269138276553105, 0.5716906885460094, 5.417168599086763E-4, 3.125172625530883, -0.004599515029978192, 0.0, 7.184425032571509E-4, -0.003881072526721267, -7.491813552336617, 0.0, 3.458015128847681, -4.033798423492195, 0.9988120315774341, 0.0, 2.1317826328196507, 3.1305946643942435, 6.327999999999993
0.002277955911823646, 0.5738966555442495, 5.438219152682084E-4, 3.1335024222082417, -0.00461528159808121, 0.0, 7.257396319921279E-4, -0.0038895419660893295, -7.48790683304069, 0.0, 3.4749206587820285, -4.012986174261348, 0.9988449298134993, 0.0, 2.140403583216585, 3.139248513027854, 6.327999999999994
0.0022867735470941874, 0.5761030515013374, 5.459269706277406E-4, 3.1417242340589837, -0.00463103995573209, 0.0, 7.330722190290093E-4, -0.003897967736703347, -7.484012844358079, 0.0, 3.4917051534625467, -3.992307690898242, 0.9988799323205186, 0.0, 2.148902437219974, 3.1477823695382714, 6.327999999999994
0.002295591182364729, 0.578309877612634, 5.480320259872727E-4, 3.149847330101931, -0.004646790129677699, 0.0, 7.404400180665736E-4, -0.00390635011161141, -7.480131537925424, 0.0, 3.508376767228852, -3.9717547706990883, 0.9989169653195558, 0.0, 2.1572878108258386, 3.156204776143396, 6.327999999999993
0.0023044088176352694, 0.580517133825893, 5.501370813468046E-4, 3.15788147268459, -0.0046625321465682615, 0.0, 7.478428005583768E-4, -0.003914689346010193, -7.476262870301911, 0.0, 3.5249442151234933, -3.9513186551807133, 0.9989559518029304, 0.0, 2.1655688413937972, 3.1645247931949934, 6.327999999999993
0.0023132264529058103, 0.5827248188019121, 5.522421367063368E-4, 3.1658369197796716, -0.004678266032967719, 0.0, 7.552803568979926E-4, -0.003922985676070018, -7.472406802817178, 0.0, 3.541416777937382, -3.930990024882996, 0.9989968116727794, 0.0, 2.173755191296041, 3.17275200296615, 6.327999999999996
0.0023220440881763517, 0.5849329298755015, 5.543471920658689E-4, 3.1737244270016873, -0.004693991815363352, 0.0, 7.627524976154126E-4, -0.003931239317748226, -7.4685633014165145, 0.0, 3.557804306905959, -3.9107589945128205, 0.999039461881328, 0.0, 2.1818570512287256, 3.180896513108306, 6.327999999999992
0.0023308617234468927, 0.5871414630167815, 5.56452247425401E-4, 3.181555249337002, -0.004709709520175574, 0.0, 7.702590545820938E-4, -0.003939450465593749, -7.464732336500605, 0.0, 3.574117228073101, -3.8906151084299725, 0.9990838165772311, 0.0, 2.1898851432069937, 3.18896895978224, 6.327999999999994
0.0023396793587174337, 0.5893504127928851, 5.58557302784933E-4, 3.189341142585068, -0.004725419173767008, 0.0, 7.777998822256133E-4, -0.003947619291541669, -7.460913882762735, 0.0, 3.5903665462771897, -3.8705473364880083, 0.9991297872534901, 0.0, 2.197850723195923, 3.1969805104474394, 6.327999999999994
0.002348496993987975, 0.5915597723300438, 5.606623581444651E-4, 3.197094364513646, -0.004741120802451361, 0.0, 7.853748587516272E-4, -0.003955745943700016, -7.457107919022347, 0.0, 3.6065638487944147, -3.8505440702302636, 0.9991772828989881, 0.0, 2.205765583416199, 3.2049428663133583, 6.327999999999994
0.002357314629258516, 0.5937695332761389, 5.627674135039973E-4, 3.2048276757159186, -0.004756814432501966, 0.0, 7.92983887373643E-4, -0.003963830545128642, -7.453314428054882, 0.0, 3.622721308600104, -3.8305931194572493, 0.9992262101535158, 0.0, 2.2136420542839503, 3.2128682644355604, 6.327999999999993
0.002366132264529057, 0.5959796857637089, 5.648724688635293E-4, 3.212554340158274, -0.0047725000901599115, 0.0, 8.006268975488595E-4, -0.003971873192611389, -7.449533396418407, 0.0, 3.638851687262026, -3.8106817091584717, 0.9992764734655621, 0.0, 2.221493006001376, 3.220769479465444, 6.327999999999992
0.0023749498997995984, 0.5981902183734887, 5.669775242230614E-4, 3.220288125458559, -0.004788177801641801, 0.0, 8.083038462203315E-4, -0.003979873955421806, -7.445764814278162, 0.0, 3.6549683374505246, -3.790796476830722, 0.9993279752519315, 0.0, 2.229331849782053, 3.2286598250314937, 6.327999999999994
0.0023837675350701394, 0.6004011180984744, 5.690825795825934E-4, 3.228043302816282, -0.004803847593147188, 0.0, 8.160147190629397E-4, -0.003987832874084648, -7.44200867522779, 0.0, 3.671085205058719, -3.7709234701716845, 0.9993806160604416, 0.0, 2.2371725387081445, 3.236553154766675, 6.327999999999994
0.00239258517034068, 0.6026123703085775, 5.711876349421255E-4, 3.2358346466740215, -0.004819509490865595, 0.0, 8.237595317344693E-4, -0.003995749959131525, -7.438264976108071, 0.0, 3.6872168309360744, -3.7510481451741295, 0.9994342947347278, 0.0, 2.2450295682199704, 3.244463862953264, 6.327999999999994
0.0024014028056112214, 0.6048239587158741, 5.732926903016576E-4, 3.2436774340498857, -0.004835163520983127, 0.0, 8.315383311294916E-4, -0.004003625189853995, -7.434533716823676, 0.0, 3.7033783522205836, -3.7311553646059834, 0.9994889085807045, 0.0, 2.252917976226693, 3.2524068848051324, 6.327999999999993
0.0024102204408817628, 0.6070358653405135, 5.753977456611898E-4, 3.2515874435633805, -0.004850809709688779, 0.0, 8.39351196635617E-4, -0.004011458513053538, -7.430814900157378, 0.0, 3.7195855032599665, -3.711229396899715, 0.9995443535354066, 0.0, 2.260853342828719, 3.2603976963624755, 6.327999999999994
0.0024190380761523037, 0.6092480704772905, 5.775028010207218E-4, 3.2595809541327796, -0.004866448083180244, 0.0, 8.471982413909484E-4, -0.0040192498417896145, -7.4271085315828405, 0.0, 3.735854616138166, -3.6912539154466852, 0.9996005243367452, 0.0, 2.268851789669538, 3.2684523140048256, 6.327999999999995
0.0024278557114228443, 0.6114605526629316, 5.796078563802538E-4, 3.267674743377775, -0.004882078667669428, 0.0, 8.550796135430843E-4, -0.004026999054126758, -7.423414619075449, 0.0, 3.7522026207750234, -3.671211998302503, 0.9996573146951022, 0.0, 2.2769299788836648, 3.276587293577403, 6.327999999999993
0.0024366733466933857, 0.6136732886441272, 5.81712911739786E-4, 3.275886085683574, -0.0048977014893874776, 0.0, 8.629954975068292E-4, -0.0040347059918810465, -7.419733172922149, 0.0, 3.7686470446096756, -3.651086128315053, 0.9997146174654492, 0.0, 2.285105111655525, 3.28481972911908, 6.327999999999995
0.002445490981963927, 0.6158862533463274, 5.838179670993181E-4, 3.2842327499437403, -0.004913316574589455, 0.0, 8.709461152214002E-4, -0.0040423704593684755, -7.416064205529039, 0.0, 3.7852060118639583, -3.630858193667867, 0.9997723248215422, 0.0, 2.2933949263835482, 3.2931672512030237, 6.327999999999994
0.0024543086172344676, 0.6180994198433625, 5.8592302245885E-4, 3.292732996975772, -0.004928923949558614, 0.0, 8.789317274061521E-4, -0.0040499922221528825, -7.412407731228967, 0.0, 3.8018982423710503, -3.6105094888598215, 0.9998303284297596, 0.0, 2.3018176964357173, 3.3016480248642908, 6.327999999999994
0.002463126252505009, 0.6203127593278912, 5.880280778183822E-4, 3.301405576627282, -0.004944523640610235, 0.0, 8.869526348116675E-4, -0.0040575710057989866, -7.408763766087998, 0.0, 3.8187430499755703, -3.5900207161145716, 0.9998885196237657, 0.0, 2.3103922275075135, 3.310280747129848, 6.327999999999992
0.00247194388777555, 0.6225262410827331, 5.901331331779143E-4, 3.3102697245125228, -0.0049601156740950465, 0.0, 8.950091794690997E-4, -0.004065106494626348, -7.4051323277111445, 0.0, 3.8357603404911242, -3.5693719872218637, 0.9999467895796016, 0.0, 2.319137854562562, 3.319084644141001, 6.327999999999994
0.0024807615230460914, 0.6247398324530993, 5.922381885374464E-4, 3.3193451584605853, -0.004975700076402325, 0.0, 9.031017459331754E-4, -0.004072598330469517, -7.4015134350478275, 0.0, 3.852970609221305, -3.548542825828983, 1.0000050294909, 0.0, 2.328074438369139, 3.3280794678582004, 6.327999999999994
0.002489579158316632, 0.6269534988197678, 5.943432438969783E-4, 3.328652074588021, -0.004991276873962473, 0.0, 9.11230762520341E-4, -0.004080046111442555, -7.397907108196994, 0.0, 3.870394938030358, -3.527512170169322, 1.0000631307439989, 0.0, 2.337222361615422, 3.3372854923574478, 6.327999999999992
0.0024983967935871734, 0.6291672035732347, 5.964482992565105E-4, 3.3382111430684915, -0.005006846093249197, 0.0, 9.193967025400559E-4, -0.004087449390709562, -7.394313368212847, 0.0, 3.8880549919665377, -3.506258376248435, 1.0001209850921584, 0.0, 2.3466025246091666, 3.346723509699905, 6.327999999999993
0.0025072144288577143, 0.6313809080888532, 5.985533546160426E-4, 3.3480435035346687, -0.0050224077607814, 0.0, 9.276000855183283E-4, -0.004094807675263543, -7.39073223691055, 0.0, 3.9059730154370382, -3.48475922147587, 1.0001784848297903, 0.0, 2.3562363405613937, 3.3564148253896127, 6.327999999999996
0.0025160320641282553, 0.6335945717030258, 6.006584099755747E-4, 3.3581707601553106, -0.005037961903124569, 0.0, 9.358414784127744E-4, -0.004102120424712179, -7.387163736671064, 0.0, 3.924171827917189, -3.4629919087559795, 1.0002355229670952, 0.0, 2.3661457304372093, 3.3663812534028397, 6.327999999999993
0.0025248496993987967, 0.6358081516904613, 6.027634653351068E-4, 3.368614976366473, -0.00505350854689165, 0.0, 9.441214968189462E-4, -0.004109387050073155, -7.3836078902504365, 0.0, 3.9426748192067596, -3.4409330710465196, 1.000291993399856, 0.0, 2.3763531173861936, 3.3766451107839557, 6.327999999999993
0.0025336673346693377, 0.6380216032425153, 6.048685206946388E-4, 3.3793986692518985, -0.005069047718743748, 0.0, 9.524408061644899E-4, -0.004116606912579708, -7.380064720585661, 0.0, 3.9615059442228846, -3.4185587763652547, 1.0003477910828036, 0.0, 2.3868814207467834, 3.387229211827854, 6.327999999999994
0.0025424849699398787, 0.6402348794466789, 6.06973576054171E-4, 3.390544803577356, -0.005084579445390343, 0.0, 9.608001228933599E-4, -0.004123779322497469, -7.376534250604135, 0.0, 3.9806897173321616, -3.3958445332740714, 1.0004028121990014, 0.0, 2.3977540496226157, 3.3981568618203197, 6.327999999999994
0.0025513026052104196, 0.6424479312672242, 6.09078631413703E-4, 3.4020767854815688, -0.005100103753588907, 0.0, 9.692002156373586E-4, -0.004130903537952061, -7.373016503034969, 0.0, 4.000251206203923, -3.3727652968334976, 1.000456954326854, 0.0, 2.408994896016526, 3.40945185034177, 6.327999999999993
0.002560120240480961, 0.6446607075270321, 6.111836867732351E-4, 3.4140184558150395, -0.0051156206701444325, 0.0, 9.776419063736112E-4, -0.0041379787637712915, -7.3695115002195335, 0.0, 4.020216025207194, -3.3492954750149035, 1.0005101166081725, 0.0, 2.420628327546112, 3.42113844415249, 6.327999999999994
0.002568937875751502, 0.6468731548906507, 6.132887421327672E-4, 3.4263940831198596, -0.005131130221908337, 0.0, 9.861260715682656E-4, -0.004145004150340524, -7.366019263926599, 0.0, 4.040610328326214, -3.325408935602397, 1.0005621999110808, 0.0, 2.4326791797143508, 3.4332413796241563, 6.327999999999993
0.0025777555110220425, 0.649085217848604, 6.153937974922992E-4, 3.43922835626816, -0.005146632435777162, 0.0, 9.946536433040696E-4, -0.004151978792473546, -7.362539815167224, 0.0, 4.061460801613666, -3.3010790135553902, 1.0006131069932631, 0.0, 2.445172747757361, 3.4457858547495297, 6.327999999999993
0.002586573146292584, 0.6512968387029795, 6.174988528518313E-4, 3.4525463767338778, -0.00516212733869066, 0.0, 0.0010032256103928335, -0.004158901728298253, -7.359073174013759, 0.0, 4.082794655153376, -3.2762785188623527, 1.000662742660584, 0.0, 2.458134778038499, 3.458797520697805, 6.327999999999994
0.0025953907815631254, 0.6535079575543359, 6.196039082113635E-4, 3.4663736505204668, -0.005177614957629696, 0.0, 0.0010118430194690012, -0.0041657719381612175, -7.355619359420059, 0.0, 4.104639614555553, -3.250979744866601, 1.0007110139246365, 0.0, 2.471591459017072, 3.4723024729404584, 6.327999999999993
0.0026042084168336663, 0.655718512289922, 6.217089635708955E-4, 3.4807360797186817, -0.005193095319613744, 0.0, 0.0010205069760657465, -0.00417258834354838, -7.352178389043899, 0.0, 4.127023911982996, -3.225154477062114, 1.0007578301578988, 0.0, 2.485569411786821, 3.4863272419441236, 6.327999999999994
0.0026130260521042073, 0.6579284385733077, 6.238140189304275E-4, 3.4956599537152044, -0.0052085684516978625, 0.0, 0.0010292186456716552, -0.004179349806026722, -7.348750279075077, 0.0, 4.149976276680311, -3.1987740023970153, 1.000803103242804, 0.0, 2.5000956801584153, 3.5008987833997947, 6.327999999999994
0.0026218436873747483, 0.6601376698353655, 6.259190742899597E-4, 3.5111719400493797, -0.005224034380969589, 0.0, 0.0010379792547659875, -0.004186055126204005, -7.345335044062912, 0.0, 4.173525925041798, -3.171809119023888, 1.0008467477217755, 0.0, 2.5151977203238522, 3.5160444680434986, 6.327999999999993
0.0026306613226452897, 0.6623461372667088, 6.280241296494918E-4, 3.5272990748981243, -0.005239493134545163, 0.0, 0.0010467900918342248, -0.004192703042711464, -7.341932696749768, 0.0, 4.197702550187986, -3.1442301465635096, 1.0008886809405915, 0.0, 2.530903390069009, 3.53179207100871, 6.327999999999993
0.00263947895791583, 0.6645537698115587, 6.301291850090237E-4, 3.544068753185627, -0.005254944739565552, 0.0, 0.0010556525083597734, -0.0041992922312061864, -7.338543247907124, 0.0, 4.222536311068004, -3.116006936841456, 1.0009288231893747, 0.0, 2.547240937557165, 3.5481697607448495, 6.327999999999994
0.0026482965931863716, 0.6667604941630987, 6.322342403685559E-4, 3.5615087183832372, -0.005270389223192266, 0.0, 0.001064567919792092, -0.00420582130340068, -7.335166706174971, 0.0, 4.248057821086576, -3.0871088850902075, 1.0009670978403475, 0.0, 2.5642389896808124, 3.5652060875201483, 6.327999999999992
0.0026571142284569126, 0.6689662347603234, 6.34339295728088E-4, 3.5796470518831, -0.005285826612602573, 0.0, 0.0010735378064923168, -0.004212288806110791, -7.331803077906313, 0.0, 4.274298136241088, -3.0575049416684164, 1.0010034314800498, 0.0, 2.58192653996449, 3.5829299714421916, 6.327999999999992
0.002665931863727454, 0.6711709137864255, 6.364443510876201E-4, 3.598512162052387, -0.005301256934984628, 0.0, 0.0010825637146505158, -0.004218693220334746, -7.328452367014024, 0.0, 4.3012887427958075, -3.027163624220698, 1.0010377540394604, 0.0, 2.6003329360539893, 3.6013706900919646, 6.327999999999994
0.002674749498997995, 0.6733744511687131, 6.385494064471522E-4, 3.6181327729417916, -0.005316680217532045, 0.0, 0.0010916472571793016, -0.004225032960353344, -7.325114574824606, 0.0, 4.32906154446251, -2.996053030364351, 1.0010699989168543, 0.0, 2.6194878667526567, 3.6205578656681974, 6.327999999999993
0.002683567134268536, 0.6755767645801405, 6.406544618066842E-4, 3.638537912550561, -0.0053320964874384045, 0.0, 0.0011007901145779174, -0.004231306372861005, -7.321789699933087, 0.0, 4.357648849119537, -2.9641408508160336, 1.001100103099845, 0.0, 2.639421348645065, 3.6405214517432345, 6.327999999999993
0.002692384769539077, 0.6777777694423983, 6.427595171662163E-4, 3.6597569008275173, -0.00534750577189139, 0.0, 0.0011099940357685925, -0.004237511736123238, -7.318477738065827, 0.0, 4.387083355051523, -2.931394383015756, 1.0011280072794193, 0.0, 2.6601637122863577, 3.6612917195650097, 6.327999999999994
0.002701202404809618, 0.679977378930652, 6.448645725257484E-4, 3.681819337247987, -0.005362908098066515, 0.0, 0.0011192608389043127, -0.004243647259162764, -7.315178681946415, 0.0, 4.417398136707163, -2.897780545240532, 1.0011536559606775, 0.0, 2.681745587954964, 3.682899243915232, 6.327999999999992
0.0027100200400801593, 0.6821755039799166, 6.469696278852805E-4, 3.7047550880520816, -0.005378303493120662, 0.0, 0.001128592412144181, -0.004249711080976999, -7.311892521166749, 0.0, 4.448626630003335, -2.8632658911647164, 1.0011769975685765, 0.0, 2.704197891001848, 3.7053748885699234, 6.327999999999993
0.0027188376753507003, 0.6843720532930958, 6.490746832448125E-4, 3.7285942731072055, -0.00539369198418549, 0.0, 0.0011379907143989482, -0.004255701269787089, -7.30861924206408, 0.0, 4.480802617152232, -2.827816624914118, 1.0011979845479488, 0.0, 2.727551806767859, 3.7287497913143803, 6.327999999999993
0.0027276553106212417, 0.6865669333507219, 6.511797386043447E-4, 3.753367252426557, -0.005409073598360249, 0.0, 0.0011474577760440426, -0.004261615822316801, -7.3053588276029915, 0.0, 4.513960211014019, -2.791398616590542, 1.0012165734581095, 0.0, 2.7518387750747544, 3.75305534853221, 6.327999999999992
0.002736472945891782, 0.6887600484223733, 6.532847939638767E-4, 3.77910461230789, -0.005424448362704775, 0.0, 0.0011569956995979118, -0.004267452663107348, -7.302111257262966, 0.0, 4.548133839006008, -2.7539774182588546, 1.0012327250626345, 0.0, 2.777090474323181, 3.7783231993846598, 6.327999999999992
0.0027452905811623236, 0.690951300579866, 6.553898493234088E-4, 3.805837151139883, -0.0054398163042319436, 0.0, 0.0011666066603671782, -0.004273209643865319, -7.298876506931516, 0.0, 4.583358226541648, -2.715518280391927, 1.0012464044131324, 0.0, 2.8033388051674484, 3.8045852095793666, 6.327999999999994
0.0027541082164328646, 0.6931405897121279, 6.574949046829409E-4, 3.833595864823252, -0.005455177449899959, 0.0, 0.0011762929070564393, -0.004278884542844065, -7.29565454880412, 0.0, 4.619668380006833, -2.6759861687988367, 1.0012575809264816, 0.0, 2.830615873776881, 3.831873454702642, 6.327999999999993
0.0027629258517034056, 0.695327813541898, 6.595999600424729E-4, 3.862411931834714, -0.005470531826604462, 0.0, 0.0011860567623409937, -0.004284475064264083, -7.2924453512896505, 0.0, 4.657099569299088, -2.635345781992409, 1.0012662284566594, 0.0, 2.858953974710786, 3.8602202031665303, 6.327999999999991
0.0027717434869739465, 0.697512867644162, 6.61705015402005E-4, 3.892316697964816, -0.005485879461170742, 0.0, 0.001195900623402267, -0.004289978837768979, -7.289248878920455, 0.0, 4.69568730991129, -2.5935615690104346, 1.0012723253625593, 0.0, 2.88838557338792, 3.8896578987499724, 6.327999999999994
0.002780561122244488, 0.6996956454664066, 6.638100707615372E-4, 3.9233416606837466, -0.005501220380344998, 0.0, 0.0012058269624278424, -0.004295393417917709, -7.286065092273511, 0.0, 4.7354673445622035, -2.5505977477135153, 1.0012758545637064, 0.0, 2.9189432881487605, 3.920219142711092, 6.327999999999993
0.0027893787575150293, 0.7018760383506667, 6.659151261210693E-4, 3.955518453113683, -0.005516554610786522, 0.0, 0.0012158383270663813, -0.004300716283720616, -7.282893947891292, 0.0, 4.776475624417317, -2.506418323474533, 1.0012768035980841, 0.0, 2.950659871967612, 3.9519366755658507, 6.327999999999992
0.00279819639278557, 0.7040539355574233, 6.680201814806012E-4, 3.9888788277319804, -0.005531882179058452, 0.0, 0.001225937340850091, -0.004305944838209074, -7.279735398217007, 0.0, 4.818748289833094, -2.460987108386056, 1.0012751646638578, 0.0, 2.983568193727433, 3.9848433583902154, 6.327999999999994
0.002807014028056111, 0.706229224291301, 6.701252368401334E-4, 4.023454639656393, -0.005547203111619793, 0.0, 0.001236126703569148, -0.004311076408051177, -7.2765893915284705, 0.0, 4.862321650718653, -2.4142677408122264, 1.0012709346647761, 0.0, 3.0177012191737935, 4.018972153836954, 6.327999999999991
0.0028158316633266523, 0.7084017897286649, 6.722302921996655E-4, 4.059277829627376, -0.00556251743481604, 0.0, 0.001246409191609954, -0.004316108243206617, -7.273455871886336, 0.0, 4.907232166442376, -2.3662237054472737, 1.00126411523954, 0.0, 3.053091991456411, 4.054356106693428, 6.327999999999994
0.0028246492985971932, 0.7105715150470282, 6.743353475591975E-4, 4.096380406596978, -0.005577825174870495, 0.0, 0.0012567876582466296, -0.0043210375166243785, -7.270334779084843, 0.0, 4.95351642532867, -2.316818353757734, 1.0012547127900973, 0.0, 3.089773611318315, 4.091028324107612, 6.327999999999994
0.002833466933867734, 0.7127382814563802, 6.764404029187296E-4, 4.134794430032599, -0.005593126357875218, 0.0, 0.0012672650338918026, -0.0043258613239840794, -7.267226048611286, 0.0, 5.001211123761444, -2.266014924852428, 1.0012427385010634, 0.0, 3.127779216938964, 4.129021955438422, 6.327999999999993
0.002842284569138275, 0.7149019682323551, 6.785454582782617E-4, 4.174551991841355, -0.005608421009781863, 0.0, 0.001277844326300067, -0.0043305766834823775, -7.264129611612328, 0.0, 5.050353044864888, -2.213776566750312, 1.0012282083525217, 0.0, 3.1671419634106495, 4.168370171761156, 6.327999999999993
0.0028511022044088166, 0.7170624527513157, 6.806505136377938E-4, 4.215685197984243, -0.00562370915639259, 0.0, 0.0012885286207302837, -0.0043351805356629455, -7.261045394868013, 0.0, 5.100979036786969, -2.1600663580821524, 1.0012111431256239, 0.0, 3.207895001863328, 4.209106144988783, 6.327999999999995
0.0028599198396793576, 0.7192196105273247, 6.827555689973259E-4, 4.258226149731598, -0.005638990823350842, 0.0, 0.0012993210800565196, -0.004339669743294909, -7.257973320773138, 0.0, 5.153125990622861, -2.1048473301506143, 1.0011915684010262, 0.0, 3.250071458289038, 4.251263026690585, 6.327999999999993
0.0028687374749498985, 0.7213733152510308, 6.848606243568579E-4, 4.302206924589029, -0.005654266036131956, 0.0, 0.0013102249448367388, -0.004344041091295801, -7.254913307326529, 0.0, 5.206830817916747, -2.0480824894125655, 1.0011695145495123, 0.0, 3.293704411989773, 4.294873926537355, 6.327999999999994
0.00287755511022044, 0.7235234388304321, 6.8696567971639E-4, 4.347659556959286, -0.005669534820034144, 0.0, 0.0013212435333310978, -0.004348291286703561, -7.251865268127234, 0.0, 5.262130427820026, -1.9897348403077664, 1.0011450167166593, 0.0, 3.3388268737377236, 4.339971890454574, 6.327999999999992
0.0028863727454909805, 0.725669851433587, 6.890707350759221E-4, 4.394616018373483, -0.005684797200169061, 0.0, 0.00133238024147294, -0.004352416958696544, -7.248829112379399, 0.0, 5.319061703873333, -1.9297674085090044, 1.0011181147985313, 0.0, 3.385471763609598, 4.386589878405803, 6.327999999999993
0.002895190380761522, 0.7278124215332274, 6.911757904354542E-4, 4.443108197522065, -0.005700053201452618, 0.0, 0.0013436385427896581, -0.004356414658663599, -7.245804744903671, 0.0, 5.377661480435729, -1.8681432644662896, 1.0010888534115612, 0.0, 3.4336718885214355, 4.434760741935572, 6.327999999999994
0.002904008016032063, 0.729951015953268, 6.932808457949862E-4, 4.493167879881696, -0.005715302848595738, 0.0, 0.001355021988274363, -0.004360280860322051, -7.242792066159405, 0.0, 5.4379665187732895, -1.8048255473876744, 1.00105728185192, 0.0, 3.4834599194736113, 4.484517201324947, 6.327999999999992
0.0029128256513026043, 0.7320854999172579, 6.953859011545184E-4, 4.54482672707644, -0.005730546166095314, 0.0, 0.0013665342062063324, -0.004364011959889308, -7.239790972269064, 0.0, 5.500013482794404, -1.7397774894772275, 1.001023454053272, 0.0, 3.5348683684952262, 4.535891822546401, 6.327999999999993
0.002921643286573145, 0.7342157370987394, 6.974909565140504E-4, 4.598116255936873, -0.005745783178225001, 0.0, 0.0013781789019210386, -0.0043676042763045805, -7.236801355058376, 0.0, 5.5638389144731555, -1.672962440584216, 1.0009874285288942, 0.0, 3.5879295653269545, 4.588916993857739, 6.327999999999992
0.002930460921843686, 0.736341589673502, 6.995960118735825E-4, 4.653067817221142, -0.005761013909026218, 0.0, 0.0013899598575256786, -0.004371054051501212, -7.23382310209732, 0.0, 5.629479208958406, -1.6043438931400367, 1.0009492683135568, 0.0, 3.642675633844766, 4.6436249021581615, 6.327999999999992
0.0029392785571142276, 0.7384629183737684, 7.017010672331147E-4, 4.70971257414709, -0.005776238382299337, 0.0, 0.0014018809315653191, -0.004374357450734501, -7.230856096754385, 0.0, 5.696970589356078, -1.5338855073988502, 1.0009090408927415, 0.0, 3.6991384682035604, 4.700047509096447, 6.327999999999993
0.002948096192384768, 0.740579582544262, 7.038061225926466E-4, 4.7680814804895135, -0.005791456621594791, 0.0, 0.0014139460586334515, -0.00437751056296206, -7.227900218255601, 0.0, 5.766349081247911, -1.461551137009004, 1.0008668181272384, 0.0, 3.757349708771829, 4.758216526898778, 6.327999999999992
0.002956913827655309, 0.7426914402001885, 7.059111779521787E-4, 4.828205258502692, -0.005806668650204539, 0.0, 0.001426159248928055, -0.004380509401277113, -7.224955341752818, 0.0, 5.837650486897177, -1.387304854858811, 1.0008226761692978, 0.0, 3.8173407178051386, 4.818163393972158, 6.327999999999993
0.0029657314629258505, 0.7447983480871008, 7.080162333117109E-4, 4.890114376557108, -0.005821874491153495, 0.0, 0.0014385245877557087, -0.004383349903398247, -7.222021338402332, 0.0, 5.910910359199202, -1.3111109792047215, 1.0007766953686803, 0.0, 3.8791425549116063, 4.879919250279345, 6.327999999999993
0.002974549098196392, 0.7469001617426221, 7.10121288671243E-4, 4.9538390264806935, -0.005837074167191131, 0.0, 0.0014510462349780692, -0.0043860279322137236, -7.219098075446201, 0.0, 5.986163975374734, -1.2329341000710539, 1.0007289601765204, 0.0, 3.9427859523144453, 4.943514912492311, 6.327999999999993
0.0029833667334669325, 0.748996735560082, 7.122263440307749E-4, 5.019409100614382, -0.005852267700783536, 0.0, 0.0014637284244043217, -0.004388539276380013, -7.2161854163085435, 0.0, 6.063446310405144, -1.1527391059051517, 1.0006795590351112, 0.0, 4.008301289904367, 5.0089808489388465, 6.327999999999992
0.0029921843687374734, 0.7510879228539442, 7.143313993903071E-4, 5.086854168768809, -0.005867455114105271, 0.0, 0.0014765754631248448, -0.004390879650981207, -7.2132832206936985, 0.0, 6.1427920102414335, -1.0704912104532662, 1.0006285842657845, 0.0, 4.075718570119489, 5.076347154385365, 6.327999999999993
0.003001002004008015, 0.7531735759271414, 7.164364547498392E-4, 5.156203454651404, -0.005882636429031812, 0.0, 0.0014895917307935283, -0.004393044698238965, -7.210391344697866, 0.0, 6.224235364795366, -0.9861559799049001, 1.0005761319443898, 0.0, 4.145067392649596, 5.145643524592538, 6.327999999999992
0.003009819639278556, 0.7552535461402003, 7.185415101093713E-4, 5.227485812381417, -0.005897811667132004, 0.0, 0.0015027816788469109, -0.00439502998828583, -7.207509640923862, 0.0, 6.30781028071679, -0.8996993602060895, 1.0005223017738967, 0.0, 4.216376928984379, 5.216899230760283, 6.327999999999992
0.003018637274549097, 0.7573276839821774, 7.206465654689033E-4, 5.300729702551962, -0.00591298084966081, 0.0, 0.0015161498296686962, -0.004396831019992532, -7.204637958606622, 0.0, 6.393550253986305, -0.8110877046203127, 1.0004671969468624, 0.0, 4.2896758968218025, 5.290143093769248, 6.327999999999993
0.003027454909819638, 0.7593958391433715, 7.227516208284354E-4, 5.375963168137446, -0.005928143997552445, 0.0, 0.0015297007756992706, -0.00439844322185369, -7.201776143748872, 0.0, 6.4814883423305405, -0.7202878014209536, 1.000410923998498, 0.0, 4.364992534343434, 5.365403458340023, 6.327999999999992
0.003036272545090179, 0.7614578605898648, 7.248566761879676E-4, 5.453213810251782, -0.005943301131413588, 0.0, 0.0015434391784800092, -0.004399861952934403, -7.198924039258756, 0.0, 6.571657137460049, -0.6272669017997263, 1.0003535926580807, 0.0, 4.442354574369951, 5.442708167028148, 6.327999999999992
0.00304509018036072, 0.7635135966397277, 7.269617315474996E-4, 5.532508763584474, -0.0059584522715172665, 0.0, 0.0015573697676442497, -0.004401082503873596, -7.1960814851013755, 0.0, 6.6640887371921895, -0.5319927479117716, 1.0002953156875418, 0.0, 4.5217892184416755, 5.522084534127427, 6.327999999999993
0.003053907815631261, 0.7655628950410176, 7.290667869070316E-4, 5.613874671792587, -0.005973597437796399, 0.0, 0.001571497339850944, -0.004402100097946136, -7.1932483184536125, 0.0, 6.758814717403177, -0.4344336010506402, 1.000236208716507, 0.0, 4.603323110772993, 5.60355931949023, 6.327999999999992
0.0030627254509018025, 0.7676056030514404, 7.311718422665638E-4, 5.697337662607765, -0.005988736649838709, 0.0, 0.001585826757650545, -0.004402909892188542, -7.190424373868966, 0.0, 6.855866103913575, -0.33455826995578136, 1.000176390069356, 0.0, 4.686982312198305, 5.687158702267787, 6.327999999999993
0.003071543086172343, 0.7696415675196877, 7.332768976260958E-4, 5.78292332277465, -0.00600386992688068, 0.0, 0.0016003629483049842, -0.004403506978576388, -7.187609483450967, 0.0, 6.955273344212955, -0.23233613923741744, 1.0001159805825448, 0.0, 4.772792273984253, 5.772908254568337, 6.327999999999991
0.0030803607214428845, 0.7716706349684213, 7.353819529856279E-4, 5.870656672931318, -0.006018997287803225, 0.0, 0.0016151109025327182, -0.0044038863852712, -7.184803477030512, 0.0, 7.057066279177164, -0.12773719785142035, 1.0000551034204792, 0.0, 4.860777811700614, 5.860832915123963, 6.327999999999993
0.003089178356713426, 0.773692651678868, 7.374870083451601E-4, 5.960562142274057, -0.006034118751126664, 0.0, 0.0016300756732072208, -0.004404043077920125, -7.182006182353337, 0.0, 7.161274114671555, -0.020732067683835596, 0.9999938838804592, 0.0, 4.9509630790033725, 5.950956962882702, 6.327999999999992
0.003097995991983967, 0.77570746377701, 7.395920637046921E-4, 6.052663543016365, -0.006049234335006667, 0.0, 0.001645262373988779, -0.004403971961018591, -7.179217425274741, 0.0, 7.267925393100747, 0.08870796782828261, 0.9999324491917775, 0.0, 5.043371541417304, 6.043303990612309, 6.327999999999992
0.0031068136272545074, 0.7777149173212521, 7.416971190642241E-4, 6.146984044952887, -0.0060643440572306605, 0.0, 0.0016606761778966556, -0.004403667879334605, -7.176437029958814, 0.0, 7.377047965019232, 0.200610935063774, 0.9998709283110684, 0.0, 5.138025950221766, 6.137896878537, 6.327999999999992
0.003115631262525049, 0.7797148583917166, 7.438021744237563E-4, 6.243546149653639, -0.006079447935214092, 0.0, 0.0016763223158256235, -0.004403125619389464, -7.173664819089047, 0.0, 7.4886689605986385, 0.31500414150927175, 0.9998094517061475, 0.0, 5.234948316229301, 6.234757767936466, 6.327999999999993
0.00312444889779559, 0.781707133180868, 7.459072297832884E-4, 6.342371664750999, -0.006094545985998116, 0.0, 0.0016922060749954837, -0.004402339911003403, -7.170900614080919, 0.0, 7.602814761236668, 0.431914147158487, 0.9997481511399109, 0.0, 5.334159883756627, 6.3339080349003085, 6.327999999999992
0.0031332665330661307, 0.7836915880856758, 7.480122851428203E-4, 6.443481678110743, -0.006109638226246404, 0.0, 0.0017083327973497348, -0.0044013054288973424, -7.168144235304477, 0.0, 7.719510971111979, 0.5513667358070852, 0.9996871594430985, 0.0, 5.435681104569671, 6.435368264013253, 6.327999999999992
0.0031420841683366717, 0.7856680698011147, 7.501173405023525E-4, 6.5468965318586925, -0.0061247246722439365, 0.0, 0.0017247078778855202, -0.004400016794359571, -7.165395502309645, 0.0, 7.838782388846343, 0.67338688653745, 0.9996266102870563, 0.0, 5.539531611987237, 6.539158222276584, 6.327999999999993
0.003150901803607213, 0.7876364254149952, 7.522223958618846E-4, 6.652635796507411, -0.006139805339894902, 0.0, 0.0017413367629307147, -0.004398468576965006, -7.162654234065079, 0.0, 7.960652979199418, 0.7979987451334456, 0.999566637941808, 0.0, 5.645730195046577, 6.64529683298858, 6.327999999999994
0.0031597194388777545, 0.7895965025041096, 7.543274512214167E-4, 6.760718244901682, -0.006154880244722306, 0.0, 0.0017582249483564655, -0.004396655296366625, -7.159920249192229, 0.0, 8.085145844891262, 0.9252255957004244, 0.9995073770412382, 0.0, 5.754294772840889, 6.7538021498845575, 6.327999999999993
0.003168537074148295, 0.7915481492316438, 7.564325065809487E-4, 6.871161826232878, -0.0061699494018669695, 0.0, 0.0017753779777364281, -0.004394571424131133, -7.1571933662143605, 0.0, 8.212283198521167, 1.0550898323046418, 0.9994489623325021, 0.0, 5.8652423689816215, 6.86469133131274, 6.327999999999992
0.0031773547094188365, 0.7934912144457251, 7.585375619404808E-4, 6.9839836401506545, -0.006185012826087874, 0.0, 0.001792801440440625, -0.004392211385647854, -7.154473403808474, 0.0, 8.342086334631137, 1.1876129308214873, 0.9993915284243527, 0.0, 5.978589086249259, 6.977980614673234, 6.327999999999991
0.0031861723446893774, 0.7954255477791576, 7.606426173000129E-4, 7.099199910596894, -0.006200070531762702, 0.0, 0.0018105009696744723, -0.004389569562088844, -7.151760181059341, 0.0, 8.474575601936992, 1.3228154208759835, 0.9993352095336204, 0.0, 6.094350081440847, 7.093685290973609, 6.327999999999993
0.0031949899799599184, 0.7973509997502455, 7.62747672659545E-4, 7.216825960091683, -0.006215122532888935, 0.0, 0.0018284822404591033, -0.004386640292430619, -7.14905351772246, 0.0, 8.609770375749243, 1.460716858026507, 0.9992801392234543, 0.0, 6.212539540440941, 7.211819679665151, 6.327999999999993
0.00320380761523046, 0.799267421864609, 7.648527280190771E-4, 7.336876183701747, -0.006230168843085573, 0.0, 0.0018467509675526572, -0.004383417875533369, -7.146353234490695, 0.0, 8.747689030570045, 1.6013357960785175, 0.9992264501387076, 0.0, 6.333170653502042, 7.332397103640508, 6.327999999999992
0.003212625250501001, 0.8011746667179938, 7.669577833786091E-4, 7.459364023355988, -0.00624520947559554, 0.0, 0.0018653129033169707, -0.004379896572279343, -7.143659153262625, 0.0, 8.888348912988267, 1.7446897597217506, 0.9991742737404724, 0.0, 6.456255590850148, 7.455429864587738, 6.327999999999993
0.0032214428857715418, 0.8030725880999978, 7.690628387381413E-4, 7.584301942100865, -0.006260244443288042, 0.0, 0.0018841738355219184, -0.004376070607766971, -7.140971097421944, 0.0, 9.031766314741335, 1.8907952173167035, 0.999123740029429, 0.0, 6.581805478493645, 7.58092921852149, 6.327999999999992
0.0032302605210420827, 0.8049610410986054, 7.711678940976733E-4, 7.711701398605669, -0.0062752737586624615, 0.0, 0.001903339585099889, -0.004371934173563033, -7.138288892111918, 0.0, 9.177956446161625, 2.0396675540511358, 0.9990749772761117, 0.0, 6.709830374436419, 7.708905351714558, 6.327999999999992
0.003239078156312624, 0.8068398822055305, 7.732729494572054E-4, 7.841572821660748, -0.006290297433852362, 0.0, 0.0019228160038402137, -0.004367481430013129, -7.1356123645193135, 0.0, 9.326933409867285, 2.191321045348009, 0.9990281117417529, 0.0, 6.8403392451678435, 7.839367356910902, 6.327999999999993
0.003247895791583165, 0.8087089694222396, 7.753780048167375E-4, 7.973925584979497, -0.006305315480629726, 0.0, 0.0019426089720304685, -0.004362706508599989, -7.132941344160572, 0.0, 9.478710174773285, 2.3457688306108233, 0.9989832673971183, 0.0, 6.9733399424959215, 7.972323209892094, 6.327999999999995
0.0032567134268537056, 0.8105681623666139, 7.774830601762695E-4, 8.108767982148038, -0.006320327910410344, 0.0, 0.001962724396042989, -0.004357603514367925, -7.130275663170211, 0.0, 9.633298550541067, 2.503022887374919, 0.9989405656404986, 0.0, 7.10883918084367, 8.107779746488964, 6.327999999999993
0.003265531062124247, 0.8124173223802011, 7.795881155358016E-4, 8.246107201735185, -0.006335334734259843, 0.0, 0.0019831682058674693, -0.004352166528393445, -7.127615156589798, 0.0, 9.79070916234488, 2.6630940057587957, 0.9989001250158511, 0.0, 7.246842514885201, 8.245742639906139, 6.327999999999993
0.0032743486973947885, 0.8142563126358846, 7.816931708953338E-4, 8.385949302745075, -0.0063503359628997134, 0.0, 0.0020039463525917817, -0.004346389610308643, -7.124959662663747, 0.0, 9.950951426094315, 2.8259917634290206, 0.9988620609240139, 0.0, 7.387354317657886, 8.386216378581263, 6.327999999999992
0.0032831663326653294, 0.8160849982460237, 7.837982262548658E-4, 8.528299190225198, -0.006365331606714644, 0.0, 0.002025064805830132, -0.004340266800885145, -7.122309023131471, 0.0, 10.114033524064006, 2.9917245009351543, 0.9988264853391022, 0.0, 7.530377759102317, 8.529204244444845, 6.327999999999991
0.00329198396793587, 0.8179032463708578, 7.859032816143978E-4, 8.673160591229816, -0.006380321675760307, 0.0, 0.002046529551102766, -0.004333792124658523, -7.1196630835254044, 0.0, 10.279962381078114, 3.160299297552553, 0.9987935065194765, 0.0, 7.675914785171915, 8.674708291692484, 6.327999999999991
0.0033008016032064114, 0.819710926327208, 7.8800833697393E-4, 8.820536031120582, -0.006395306179771005, 0.0, 0.0020683465871614015, -0.004326959592610202, -7.117021693467052, 0.0, 10.448743641075541, 3.3317219476099544, 0.9987632287203676, 0.0, 7.823966097345277, 8.822729326067872, 6.327999999999993
0.003309619238476953, 0.8215079096972633, 7.901133923334621E-4, 8.970426810205481, -0.006410285128169602, 0.0, 0.002090521923271582, -0.004319763204898325, -7.114384706963413, 0.0, 10.620381644344459, 3.5059969373811355, 0.9987357519088785, 0.0, 7.974531132815235, 8.97326688472459, 6.327999999999993
0.0033184368737474933, 0.8232940704374592, 7.92218447692994E-4, 9.122832980629937, -0.006425258530075983, 0.0, 0.0021130615764438643, -0.004312196953632608, -7.111751982706651, 0.0, 10.794879405198044, 3.6831274224918253, 0.9987111714737004, 0.0, 8.127608045136594, 9.126319216611341, 6.327999999999993
0.0033272545090180347, 0.8250692849873262, 7.943235030525262E-4, 9.27775332395072, -0.0064402263943182155, 0.0, 0.0021359715686180697, -0.004304254825700765, -7.1091233843687, 0.0, 10.972238590340485, 3.8631152059733185, 0.9986895779431338, 0.0, 8.283193685576002, 9.281883263521449, 6.327999999999993
0.0033360721442885757, 0.8268334323782001, 7.964285584120583E-4, 9.435185328781927, -0.006455188729442691, 0.0, 0.0021592579238056964, -0.00429593080563806, -7.106498780898132, 0.0, 11.152459497808719, 4.045960716913726, 0.9986710566993882, 0.0, 8.44128358504275, 9.439954641746617, 6.327999999999994
0.003344889779559117, 0.828586394341678, 7.985336137715904E-4, 9.59512516929226, -0.006470145543725682, 0.0, 0.0021829266651884616, -0.004287218878538224, -7.103878046816791, 0.0, 11.335541036570394, 4.231662989756162, 0.9986556876946989, 0.0, 8.60187193668344, 9.600527624381956, 6.327999999999994
0.003353707414829658, 0.830328055417799, 8.006386691311225E-4, 9.757567683943307, -0.006485096845185546, 0.0, 0.0022069838121719365, -0.004278113033014869, -7.101261062505855, 0.0, 11.521480706854959, 4.420219644353151, 0.9986435451786203, 0.0, 8.764951579218614, 9.763595124402855, 6.327999999999992
0.003362525050100199, 0.8320583030627624, 8.027437244906545E-4, 9.922506354798543, -0.006500042641595131, 0.0, 0.0022314353773982554, -0.0042686072641974215, -7.098647714505195, 0.0, 11.710274581163338, 4.611626866655822, 0.998634697412064, 0.0, 8.930513980961681, 9.929148678372103, 6.327999999999995
0.00337134268537074, 0.833777027756073, 8.048487798501866E-4, 10.089933287542863, -0.006514982940495477, 0.0, 0.0022562873637257397, -0.004258695576770832, -7.096037895792556, 0.0, 11.901917286049327, 4.805879390255046, 0.9986292064029225, 0.0, 9.0985492246034, 10.097178431005956, 6.327999999999992
0.003380160320641281, 0.8354841231070993, 8.069538352097187E-4, 10.25983919192845, -0.0065299177492090426, 0.0, 0.00228154576116138, -0.004248371988048755, -7.093431506070605, 0.0, 12.096401984720051, 5.002970478650221, 0.9986271276330025, 0.0, 9.269045992826872, 10.267673120462002, 6.327999999999994
0.0033889779559118224, 0.8371794859608288, 8.090588905692508E-4, 10.43221336303327, -0.006544847074854564, 0.0, 0.0023072165437675596, -0.004237630531087833, -7.090828452047093, 0.0, 12.29372036042575, 5.2028919083728535, 0.9986285097936367, 0.0, 9.441991554696651, 10.440620064485508, 6.327999999999994
0.0033977955911823634, 0.8388630165027307, 8.111639459287828E-4, 10.607043663120521, -0.006559770924362102, 0.0, 0.0023333056665267304, -0.00422646525783571, -7.088228647706176, 0.0, 12.493862600735078, 5.405633953028754, 0.9986333945301346, 0.0, 9.617371752938466, 10.61600514746887, 6.327999999999993
0.003406613226452904, 0.8405346183626858, 8.132690012883149E-4, 10.784316504115168, -0.006574689304488529, 0.0, 0.0023598190621793858, -0.004214870242309543, -7.085632014581222, 0.0, 12.696817382707817, 5.611185368127875, 0.9986418161850292, 0.0, 9.795170992102554, 10.793812808289355, 6.327999999999993
0.0034154308617234453, 0.8421941987176771, 8.15374056647847E-4, 10.964016831029085, -0.006589602221833433, 0.0, 0.0023867626380274787, -0.004202839583806184, -7.083038482015001, 0.0, 12.9025718589693, 5.8195333769577795, 0.9986538015542121, 0.0, 9.97537222762476, 10.974026029182737, 6.327999999999995
0.0034242484969939867, 0.843841668393388, 8.174791120073791E-4, 11.14612810614426, -0.006604509682856677, 0.0, 0.002414142272713138, -0.004190367410144419, -7.080447987417959, 0.0, 13.111111644852487, 6.030663657436419, 0.9986693696467669, 0.0, 10.157956955939355, 11.156626325589087, 6.327999999999993
0.0034330661322645277, 0.8454769419642689, 8.195841673669112E-4, 11.330632293942472, -0.006619411693894479, 0.0, 0.002441963812968434, -0.004177447880926749, -7.07786047651834, 0.0, 13.322420806415813, 6.244560329890435, 0.998688531450847, 0.0, 10.342905205457143, 11.34159373690181, 6.327999999999995
0.0034418837675350682, 0.8470999378522279, 8.216892227264432E-4, 11.517509846983103, -0.006634308261178216, 0.0, 0.0024702330703454123, -0.004164075190833755, -7.075275903600845, 0.0, 13.536481849587483, 6.4612059459923215, 0.9987112897141018, 0.0, 10.530195528648596, 11.528906818369538, 6.327999999999994
0.0034507014028056096, 0.8487105784235869, 8.237942780859753E-4, 11.706739692806195, -0.006649199390852132, 0.0, 0.0024989558179159543, -0.004150243572936668, -7.0726942317420045, 0.0, 13.753275710453883, 6.680581478718574, 0.9987376387257669, 0.0, 10.719804995262594, 11.718542633995654, 6.327999999999992
0.003459519038076151, 0.8503087900842887, 8.258993334455075E-4, 11.898299221550133, -0.006664085088991816, 0.0, 0.002528137786966478, -0.004135947302026155, -7.070115433032455, 0.0, 13.972781746521838, 6.9026663134905135, 0.9987675641125093, 0.0, 10.911709186480495, 11.910476750595125, 6.327999999999994
0.0034683366733466916, 0.8518945033732477, 8.280043888050394E-4, 12.092164274990864, -0.006678965361624382, 0.0, 0.002557784663655943, -0.004121180697969101, -7.0675394887901986, 0.0, 14.194977729305919, 7.127438240514439, 0.9988010426450751, 0.0, 11.105882190395443, 12.104683233040037, 6.327999999999993
0.003477154308617233, 0.8534676530534657, 8.301094441645715E-4, 12.288309136255066, -0.006693840214747185, 0.0, 0.002587902085679189, -0.004105938129068787, -7.064966389762841, 0.0, 14.419839838000557, 7.354873448242793, 0.9988380420538763, 0.0, 11.302296598526064, 12.30113464058597, 6.327999999999993
0.003485971943887774, 0.8550281782011151, 8.322144995241037E-4, 12.486706520988719, -0.006708709654348234, 0.0, 0.002618495638907259, -0.004090214015441157, -7.062396136320515, 0.0, 14.64734265450223, 7.584946518180123, 0.9988785208556864, 0.0, 11.500923503664762, 12.499802024519076, 6.327999999999993
0.0034947895791583154, 0.856576022292189, 8.343195548836358E-4, 12.687327569438821, -0.006723573686426598, 0.0, 0.0026495708540185403, -0.004074002832408802, -7.059828738630239, 0.0, 14.877459159628811, 7.817630420997694, 0.9989224281985755, 0.0, 11.70173249889139, 12.70065492708998, 6.327999999999994
0.0035036072144288563, 0.8581111332865206, 8.364246102431678E-4, 12.89014183994368, -0.006738432317013165, 0.0, 0.0026811332031282664, -0.004057299113885859, -7.057264216826913, 0.0, 15.110160730765196, 8.052896513942896, 0.9989697037103449, 0.0, 11.90469167797298, 12.903661381689087, 6.327999999999995
0.0035124248496993973, 0.859633463709307, 8.385296656026999E-4, 13.095117303611914, -0.006753285552192035, 0.0, 0.0027131880964081923, -0.004040097455784181, -7.054702601159401, 0.0, 15.34541714081183, 8.290714539654438, 0.9990202773723397, 0.0, 12.109767637036592, 13.108787914411343, 6.327999999999993
0.0035212424849699383, 0.8611429707296656, 8.40634720962232E-4, 13.302220340392523, -0.0067681333981214845, 0.0, 0.0027457408787156246, -0.004022392519406975, -7.052143932128453, 0.0, 15.583196558583289, 8.53105262645616, 0.9990740694006115, 0.0, 12.31692547764017, 13.315999547043432, 6.327999999999995
0.0035300601202404793, 0.862639616236164, 8.42739776321764E-4, 13.511415736509662, -0.0067829758610561935, 0.0, 0.002778796826211516, -0.004004179034845706, -7.0495882606105615, 0.0, 15.823465550696465, 8.773877290082362, 0.9991309901423593, 0.0, 12.52612881130593, 13.525259801445968, 6.327999999999992
0.0035388777555110207, 0.8641233669093094, 8.448448316812962E-4, 13.72266668340717, -0.006797812947368595, 0.0, 0.002812361142995823, -0.003985451804373374, -7.047035647961618, 0.0, 16.06618908489117, 9.01915343692887, 0.9991909399912309, 0.0, 12.737339765426151, 13.73653070541741, 6.327999999999993
0.0035476953907815616, 0.8655941942904875, 8.469498870408282E-4, 13.935934778005503, -0.006812644663571876, 0.0, 0.0028464389577444738, -0.0039662057058278966, -7.044486166096254, 0.0, 16.31133053502845, 9.266844368937539, 0.9992538093286011, 0.0, 12.950518990806286, 13.949772800140815, 6.327999999999994
0.0035565130260521026, 0.8670520748474768, 8.490549424003604E-4, 14.151180024797213, -0.0068274710163412165, 0.0, 0.0028810353203626293, -0.003946435695979966, -7.041939897568652, 0.0, 16.55885168757179, 9.51691179000985, 0.9993194784610036, 0.0, 13.16562567063387, 14.16494514910321, 6.327999999999994
0.0035653306613226436, 0.8684969900363209, 8.511599977598924E-4, 14.368360839538582, -0.006842292012537617, 0.0, 0.0029161551986467416, -0.003926136813892367, -7.039396935610835, 0.0, 16.80871274980414, 9.76931581419582, 0.9993878176028492, 0.0, 13.382617531136011, 14.382005348743128, 6.327999999999992
0.003574148296593185, 0.8699289263591474, 8.532650531194245E-4, 14.587434054434198, -0.006857107659228565, 0.0, 0.0029518034749770883, -0.00390530418425189, -7.036857384171568, 0.0, 17.060872359641653, 10.024014975474893, 0.9994586868545255, 0.0, 13.601450853761762, 14.600909540621577, 6.327999999999995
0.003582965931863726, 0.8713478754179658, 8.553701084789565E-4, 14.808354925201911, -0.006871917963712526, 0.0, 0.0029879849430206606, -0.003883933020692898, -7.034321357912844, 0.0, 17.31528759735322, 10.280966239449274, 0.9995319362271221, 0.0, 13.82208048922317, 14.8216124254604, 6.327999999999995
0.003591783567134267, 0.8727538339642456, 8.574751638384886E-4, 15.031077140087746, -0.006886722933540047, 0.0, 0.003024704304470771, -0.0038620186290698744, -7.031788982207327, 0.0, 17.57191399887577, 10.540125016675917, 0.9996074056619417, 0.0, 14.044459873055175, 15.044067278725283, 6.327999999999992
0.003600601202404808, 0.8741468039439093, 8.595802191980207E-4, 15.255552830713441, -0.006901522576537469, 0.0, 0.0030619661658059516, -0.0038395564107330804, -7.02926039308903, 0.0, 17.830705571185906, 10.801445178090507, 0.9996849250995588, 0.0, 14.268541043176253, 15.26822596827126, 6.327999999999995
0.0036094188376753493, 0.875526792537701, 8.616852745575529E-4, 15.48173258469842, -0.006916316900827739, 0.0, 0.003099775035094454, -0.0038165418657341577, -7.026735737205192, 0.0, 18.091614809316273, 11.064879072108162, 0.9997643145440275, 0.0, 14.49427465900897, 15.494038973551097, 6.327999999999993
0.0036182364729458903, 0.8768938121967258, 8.637903299170849E-4, 15.709565460679187, -0.0069311059148545184, 0.0, 0.0031381353188287275, -0.003792970596026457, -7.024215171712778, 0.0, 18.35459271561021, 11.330377543889007, 0.9998453841860512, 0.0, 14.721610022773215, 15.721455406951613, 6.327999999999993
0.0036270541082164313, 0.8782478806727703, 8.658953852766169E-4, 15.938999005122696, -0.006945889627402687, 0.0, 0.0031770513188046356, -0.0037688383085989208, -7.02169886417957, 0.0, 18.61958882066975, 11.597889956492857, 0.999927934517097, 0.0, 14.950495102391413, 15.950423036912191, 6.327999999999994
0.0036358717434869722, 0.8795890210434392, 8.68000440636149E-4, 16.169979271646298, -0.0069606680476210405, 0.0, 0.0032165272290500813, -0.0037441408185719394, -7.019186992435387, 0.0, 18.886551206627544, 11.867364214184, 1.0000117564957018, 0.0, 15.180876556632297, 16.180888313120974, 6.327999999999994
0.0036446893787575136, 0.880917261731696, 8.701054959956812E-4, 16.402450842338567, -0.00697544118504295, 0.0, 0.0032565671327984824, -0.003718874052246468, -7.0166797444038, 0.0, 19.15542653227219, 12.138746787877976, 1.0000966317306783, 0.0, 15.412699762029327, 16.412796393771888, 6.327999999999995
0.0036535070140280546, 0.8822326365196602, 8.722105513552132E-4, 16.636356851470282, -0.006990209049608096, 0.0, 0.003297174999526531, -0.0036930340500821446, -7.014177317905221, 0.0, 19.426160060560345, 12.411982742659855, 1.0001823326939705, 0.0, 15.645908842086222, 16.64609117478559, 6.327999999999995
0.0036623246492985956, 0.8835351845565711, 8.743156067147453E-4, 16.8716390119439, -0.0070049716516830465, 0.0, 0.0033383546820376364, -0.0036666169696465967, -7.011679920423979, 0.0, 19.698695688139356, 12.68701576772121, 1.0002686229679634, 0.0, 15.880446698416346, 16.8807153213915, 6.327999999999994
0.0036711422845691366, 0.8848249503602599, 8.764206620742774E-4, 17.108237643848497, -0.007019729002080401, 0.0, 0.0033801099136289148, -0.0036396190884535606, -7.009187768847916, 0.0, 19.972975977261477, 12.963788208419066, 1.0003552575184254, 0.0, 16.116255044154986, 17.116610301681284, 6.327999999999994
0.003679959919839678, 0.8861019838125177, 8.785257174338095E-4, 17.346091705854633, -0.007034481112079804, 0.0, 0.0034224443053082476, -0.0036120368067717457, -7.006701089170137, 0.0, 20.248942189987652, 13.242241100818765, 1.0004419830072584, 0.0, 16.35327443958272, 17.353716422591443, 6.327999999999994
0.003688777555110219, 0.8873663401475582, 8.806307727933416E-4, 17.585138829214884, -0.007049227993445376, 0.0, 0.0034653613431063768, -0.0035838666503403283, -7.004220116167355, 0.0, 20.526534324710482, 13.522314208539793, 1.0005285381243618, 0.0, 16.59144432993966, 17.591972868062197, 6.327999999999992
0.00369759519038076, 0.8886180799337371, 8.827358281528736E-4, 17.825315354802115, -0.007063969658444226, 0.0, 0.0035088643854451207, -0.003555105272999348, -7.001745093022975, 0.0, 20.80569115517536, 13.803946062158845, 1.000614653975847, 0.0, 16.830703085655827, 17.831317739638408, 6.327999999999993
0.003706412825651301, 0.8898572690478819, 8.848408835124057E-4, 18.066556372405103, -0.007078706119864671, 0.0, 0.0035529566606143925, -0.00352574945925066, -6.999276270933977, 0.0, 21.086350272019832, 14.087074001090617, 1.0007000544879547, 0.0, 17.07098804495951, 18.07168809945266, 6.327999999999994
0.003715230460921842, 0.8910839786424383, 8.869459388719378E-4, 18.30879576377174, -0.007093437391030893, 0.0, 0.0035976412643184963, -0.0034957961267129134, -6.996813908665008, 0.0, 21.36844812674113, 14.371634218085854, 1.0007844568595932, 0.0, 17.31223555882052, 18.31302001569043, 6.327999999999993
0.0037240480961923833, 0.8922982851048982, 8.890509942314699E-4, 18.55196624812288, -0.0071081634858199474, 0.0, 0.0036429211573310027, -0.003465242328490603, -6.994358272070744, 0.0, 21.651920078379078, 14.65756180631378, 1.0008675720491629, 0.0, 17.55438103847273, 18.555248610529205, 6.327999999999992
0.0037328657314629242, 0.8935002700091097, 8.911560495910019E-4, 18.795999431069504, -0.0071228844186753786, 0.0, 0.003688799163245382, -0.0034340852554308188, -6.991909633576075, 0.0, 21.936700442832908, 14.944790809257519, 1.0009491052996156, 0.0, 17.79735900545125, 18.798308110752465, 6.327999999999992
0.0037416833667334656, 0.8946900200586132, 8.932611049505341E-4, 19.040825856787706, -0.0071376002046207865, 0.0, 0.003735277966335826, -0.0034023222382863483, -6.989468271606228, 0.0, 22.222722544902478, 15.23325427329771, 1.0010287567134397, 0.0, 18.041103144220443, 19.042131900936894, 6.327999999999993
0.003750501002004006, 0.895867627021401, 8.953661603100661E-4, 19.286375063666128, -0.007152310859271191, 0.0, 0.00378236010952554, -0.0033699507497457204, -6.987034469988442, 0.0, 22.50991877313626, 15.522884303161478, 1.0011062218535847, 0.0, 18.285546357480406, 19.286652579347727, 6.327999999999995
0.0037593186372745476, 0.8970331876559641, 8.974712156695982E-4, 19.532575643027485, -0.007167016398844619, 0.0, 0.0038300479924761044, -0.003336968406369656, -6.984608517294353, 0.0, 22.798220637487077, 15.813612120202963, 1.0011811924038547, 0.0, 18.530620824139827, 19.531802016555194, 6.327999999999992
0.0037681362725450885, 0.8981868036282687, 8.995762710291303E-4, 19.779355301690885, -0.007181716840170917, 0.0, 0.0038783438698009043, -0.0033033729703708103, -6.982190706145611, 0.0, 23.087558829963218, 16.10536812381636, 1.0012533568629787, 0.0, 18.77625806014187, 19.77751141700449, 6.327999999999994
0.0037769539078156295, 0.8993285814194678, 9.016813263886623E-4, 20.026640928575944, -0.007196412200699567, 0.0, 0.003927249849411896, -0.0032691623512869916, -6.979781332460318, 0.0, 23.377863288121535, 16.39808195566714, 1.0013224012967366, 0.0, 19.022388981981713, 20.023711383283615, 6.327999999999994
0.0037857715430861705, 0.9004586322239696, 9.037863817481944E-4, 20.274358664263673, -0.007211102498505317, 0.0, 0.003976767891003263, -0.003234334607501721, -6.977380694669594, 0.0, 23.669063261792147, 16.69168256713014, 1.001388010117568, 0.0, 19.268943973303863, 20.270331983428655, 6.327999999999993
0.003794589178356712, 0.9015770718376874, 9.058914371077266E-4, 20.522433975147578, -0.0072257877522935235, 0.0, 0.004026899804666917, -0.0031988879476270715, -6.974989092860582, 0.0, 23.96108738273751, 16.986098289887703, 1.001449866937476, 0.0, 19.51585295429016, 20.517302821238925, 6.327999999999993
0.0038034068136272533, 0.9026840205360251, 9.079964924672587E-4, 20.770791731612917, -0.007240467981402154, 0.0, 0.004077647249675298, -0.0031628207317271895, -6.972606827878523, 0.0, 24.253863737571677, 17.28125690969848, 1.0015076554582467, 0.0, 19.763045454127337, 20.76455310959128, 6.327999999999993
0.003812224448897794, 0.9037796029413094, 9.101015478267906E-4, 21.019356289739335, -0.007255143205802089, 0.0, 0.0041290117334166765, -0.003126131472386051, -6.970234200383797, 0.0, 24.54731994387391, 17.57708574349303, 1.0015610604049234, 0.0, 20.010450686507802, 21.012011746916343, 6.327999999999995
0.003821042084168335, 0.9048639478796012, 9.122066031863228E-4, 21.26805157797935, -0.0072698134460962086, 0.0, 0.004180994610481603, -0.0030888188356150703, -6.967871509832924, 0.0, 24.841383229667247, 17.873511719838103, 1.0016097685341347, 0.0, 20.257997628338057, 21.25960739687648, 6.327999999999992
0.0038298597194388762, 0.905937188226174, 9.143116585458549E-4, 21.516801187941383, -0.007284478723515762, 0.0, 0.004233597081935159, -0.0030508816415812934, -6.965519053419178, 0.0, 25.13598051623624, 18.17046146283159, 1.001653469679987, 0.0, 20.505615101593733, 21.507268571289, 6.327999999999993
0.003838677354709417, 0.906999460739689, 9.164167139053869E-4, 21.765528469378296, -0.007299139059914202, 0.0, 0.004286820194759344, -0.0030123188651559607, -6.963177124946284, 0.0, 25.431038504377213, 18.467861379433753, 1.0016918578642824, 0.0, 20.75323185843478, 21.754923716303093, 6.327999999999992
0.003847494989979958, 0.9080509058845063, 9.18521769264919E-4, 22.01415663048101, -0.007313794477758595, 0.0, 0.004340664841482655, -0.0029731296362758286, -6.9608460136448915, 0.0, 25.726483764132457, 18.765637750487237, 1.0017246324615463, 0.0, 21.00077666961641, 22.002501302077512, 6.327999999999993
0.0038563126252504996, 0.9090916676409471, 9.206268246244511E-4, 22.262608842446753, -0.007328445000119404, 0.0, 0.004395131760008275, -0.0029333132401123674, -6.958526002931002, 0.0, 26.022242828181763, 19.06371682526002, 1.0017514994205898, 0.0, 21.248178416359774, 22.24992991579097, 6.327999999999992
0.0038651302605210405, 0.9101218933031063, 9.227318799839832E-4, 22.510808349146828, -0.007343090650655613, 0.0, 0.0044502215336273965, -0.002892869117029351, -6.9562173690884155, 0.0, 26.318242288883607, 19.36202491981049, 1.0017721725572826, 0.0, 21.495366185692458, 22.497138358266266, 6.327999999999993
0.0038739478957915815, 0.9111417332639107, 9.248369353435153E-4, 22.758678581663844, -0.007357731453600077, 0.0, 0.004505934591254923, -0.0028517968623461565, -6.953920379899834, 0.0, 26.6144088989317, 19.660488519037404, 1.0017863748992364, 0.0, 21.742269369187174, 22.744055744093032, 6.327999999999994
0.0038827655310621225, 0.9121513407869646, 9.269419907030473E-4, 23.006143278406853, -0.007372367433738557, 0.0, 0.004562271207880775, -0.0028100962258580386, -6.951635293203349, 0.0, 26.910669675903176, 19.9590343827081, 1.001793840098638, 0.0, 21.988817765385583, 22.990611605492774, 6.327999999999993
0.003891583166332664, 0.9131508717650672, 9.290470460625794E-4, 23.253126610252366, -0.0073869986163879915, 0.0, 0.004619231505231025, -0.002767767111158448, -6.949362355380651, 0.0, 27.206952010690717, 20.25758965531739, 1.0017943139129422, 0.0, 22.234941685909085, 23.23673599983094, 6.327999999999992
0.0039004008016032044, 0.9141404844646992, 9.311521014221115E-4, 23.499553311146883, -0.007401625027370455, 0.0, 0.00467681545267884, -0.002724809574692566, -6.947101799773603, 0.0, 27.503183779812947, 20.556081980042737, 1.0017875557530056, 0.0, 22.480572065211085, 23.482359620968502, 6.327999999999993
0.003909218436873746, 0.915120339256509, 9.332571567816436E-4, 23.74534881452928, -0.007416246692983852, 0.0, 0.004735022868388339, -0.0026812238245975673, -6.944853845036611, 0.0, 27.79929346176595, 20.85443961673303, 1.0017733402923819, 0.0, 22.725640574155463, 23.727413914453738, 6.327999999999994
0.003918036072144287, 0.9160905983310883, 9.353622121411757E-4, 23.99043939546482, -0.00743086363996983, 0.0, 0.004793853420699379, -0.0026370102192718736, -6.942618693400061, 0.0, 28.095210257529228, 21.152591564142202, 1.0017514591631234, 0.0, 22.970079737529307, 23.971831196706987, 6.327999999999994
0.003926853707414828, 0.9170514253998014, 9.374672675007078E-4, 24.23475231858356, -0.007445475895476544, 0.0, 0.004853306629794107, -0.002592169265682731, -6.9403965288698934, 0.0, 28.390864215118526, 21.450467686254523, 1.00172172271047, 0.0, 23.213823055342306, 24.215544778058987, 6.327999999999991
0.003935671342685369, 0.9180029853805607, 9.395723228602398E-4, 24.47821599242343, -0.007460083487018907, 0.0, 0.004913381869600109, -0.0025467016174202106, -6.9381875153513874, 0.0, 28.686186358479763, 21.747998843137662, 1.0016839618213018, 0.0, 23.456805128259166, 24.458489090091252, 6.327999999999993
0.00394448897795591, 0.9189454440673934, 9.416773782197719E-4, 24.720760129754126, -0.007474686442433771, 0.0, 0.0049740783699925295, -0.0025006080724431223, -6.935991794672594, 0.0, 28.981108820740296, 22.045117026078774, 1.0016380298481595, 0.0, 23.69896178711828, 24.70059981697951, 6.327999999999992
0.003953306613226452, 0.919878967784399, 9.437824335793041E-4, 24.962315914364808, -0.007489284789832018, 0.0, 0.0050353952192669915, -0.0024538895705653596, -6.933809484547582, 0.0, 29.275564981765132, 22.341755497223684, 1.0015838045909242, 0.0, 23.940230226518413, 24.94181403111582, 6.327999999999992
0.003962124248496992, 0.9208037230229422, 9.45887488938836E-4, 25.20281617452929, -0.0075038785575434475, 0.0, 0.005097331366925029, -0.002406547190618391, -6.931640676458376, 0.0, 29.569489610182835, 22.637848933726662, 1.0015211903528993, 0.0, 24.180549142597652, 25.182070332952723, 6.327999999999994
0.0039709418837675335, 0.9217198760619745, 9.479925442983681E-4, 25.44219556331882, -0.007518467774063418, 0.0, 0.005159885626729976, -0.0023585821473337543, -6.9294854334186144, 0.0, 29.862819010207836, 22.93333357679095, 1.0014501201178467, 0.0, 24.419858875380054, 25.42130899549996, 6.327999999999993
0.003979759519038075, 0.9226275925709864, 9.500975996579003E-4, 25.680390745666955, -0.0075330524679862315, 0.0, 0.005223056680123905, -0.0023099957878631727, -6.927343787686723, 0.0, 30.155491172741975, 23.228147385059895, 1.0013705577643552, 0.0, 24.658101555081053, 25.659472112850942, 6.327999999999992
0.003988577154308616, 0.9235270371957078, 9.522026550174324E-4, 25.91734059252667, -0.007547632667940049, 0.0, 0.005286843079915893, -0.0022607895880242257, -6.925215738371773, 0.0, 30.447445931537178, 23.522230193167367, 1.0012825003900891, 0.0, 24.89522125325259, 25.89650375364472, 6.327999999999993
0.003997394789579156, 0.9244183731247233, 9.543077103769643E-4, 26.152986382683594, -0.007562208402513974, 0.0, 0.0053512432543525446, -0.002210965148163435, -6.9231012489474795, 0.0, 30.738625123947877, 23.815523875003613, 1.0011859807206116, 0.0, 25.131164138183937, 26.132350118909862, 6.327999999999993
0.004006212424849697, 0.9253017616384795, 9.564127657364965E-4, 26.387272011546884, -0.0075767797001806, 0.0, 0.005416255511491164, -0.0021605241886889504, -6.92100024467329, 0.0, 31.028972756701734, 24.10797251203178, 1.0010810696073849, 0.0, 25.365878635074953, 26.366959704685165, 6.327999999999992
0.004015030060120239, 0.9261773616387288, 9.585178210960286E-4, 26.620144207909107, -0.007591346589212795, 0.0, 0.005481878043959609, -0.0021094685452549555, -6.918912609921173, 0.0, 31.31843517662578, 24.399522566718954, 1.0009678786151583, 0.0, 25.599315590835197, 26.60028346946655, 6.327999999999994
0.00402384769539078, 0.9270453291586449, 9.606228764555606E-4, 26.851552758829712, -0.007605909097594336, 0.0, 0.00554810893404889, -0.0020578001635479515, -6.916838185398006, 0.0, 31.606961246372798, 24.690123060965504, 1.0008465627084402, 0.0, 25.83142844361474, 26.832275006316504, 6.327999999999992
0.004032665330661321, 0.9279058168530874, 9.627279318150927E-4, 27.081450741887238, -0.0076204672529250755, 0.0, 0.005614946159220424, -0.0020055210937069967, -6.914776765280809, 0.0, 31.894502525268845, 24.97972575999274, 1.000717323020669, 0.0, 26.062173397106744, 27.06289072013455, 6.327999999999992
0.004041482965931862, 0.9287589734684971, 9.648329871746248E-4, 27.30979476630273, -0.007635021082320788, 0.0, 0.005682387597956362, -0.001952633484363031, -6.912728094230913, 0.0, 32.18101345568294, 25.268285361469818, 1.000580409740175, 0.0, 26.29150960010227, 27.2920900098588, 6.327999999999993
0.004050300601202404, 0.9296049432919595, 9.66938042534157E-4, 27.536545222228597, -0.007649570612303709, 0.0, 0.005750431036052772, -0.0018991395762516516, -6.910691864316621, 0.0, 32.46645155432356, 25.555759690017116, 1.000436125079336, 0.0, 26.519399330602987, 27.519835455693244, 6.327999999999994
0.004059118236472944, 0.9304438655790364, 9.69043097893689E-4, 27.761666539101498, -0.007664115868690993, 0.0, 0.005819074173269545, -0.0018450416954222115, -6.908667711823497, 0.0, 32.750777609216435, 25.842109897399304, 1.000284826355358, 0.0, 26.74580818534057, 27.74609301170309, 6.327999999999992
0.0040679358717434855, 0.9312758739598266, 9.711481532532211E-4, 27.985127451860535, -0.007678656876471214, 0.0, 0.005888314630456359, -0.0017903422460164853, -6.906655213954704, 0.0, 33.033955881985285, 26.127300668048203, 1.0001269291701131, 0.0, 26.97070527420596, 27.97083220339538, 6.327999999999991
0.004076753507014026, 0.9321010958229046, 9.732532086127531E-4, 28.2069012779084, -0.007693193659679146, 0.0, 0.005958149957052683, -0.0017350437026255605, -6.904653885422231, 0.0, 33.31595431606627, 26.411300430671595, 0.9999629106988934, 0.0, 27.19406342032984, 28.194026331055362, 6.327999999999992
0.0040855711422845675, 0.932919651676162, 9.753582639722852E-4, 28.42696620185052, -0.00770772624125763, 0.0, 0.006028577639104582, -0.0016791486021534574, -6.902663174916267, 0.0, 33.59674475017396, 26.694081575260373, 0.9997933130892966, 0.0, 27.41585936499012, 28.415652678082512, 6.327999999999992
0.004094388777555109, 0.9337316544851788, 9.774633193318173E-4, 28.645305570213168, -0.007722254642918341, 0.0, 0.006099595107643574, -0.0016226595352741846, -6.900682461468745, 0.0, 33.87630313780769, 26.975620676349244, 0.9996187469665597, 0.0, 27.636073978300008, 28.63569272527627, 6.327999999999991
0.004103206412825649, 0.934537208987205, 9.795683746913495E-4, 28.86190819697731, -0.007736778884987146, 0.0, 0.006171199747622591, -0.0015655791373638817, -6.898711050684846, 0.0, 34.15460977265136, 27.25589872199771, 0.9994398950568579, 0.0, 27.854692475334513, 28.854132370421873, 6.327999999999993
0.004112024048096191, 0.9353364109812574, 9.816734300508816E-4, 29.07676867736336, -0.007751298986248413, 0.0, 0.006243388907285263, -0.0015079100789650024, -6.896748170873916, 0.0, 34.43164951977361, 27.534901348910346, 0.9992575159120163, 0.0, 28.071704637735127, 29.070962153659686, 6.327999999999992
0.004120841683366731, 0.9361293465933223, 9.837784854104135E-4, 29.289887712831842, -0.007765814963777519, 0.0, 0.006316159908022589, -0.001449655055755672, -6.894792969017685, 0.0, 34.70741205302048, 27.812619083997316, 0.9990724477867595, 0.0, 28.287105041134964, 29.286177488917, 6.327999999999992
0.004129659318637273, 0.9369160915169026, 9.858835407699456E-4, 29.501272447298106, -0.007780326832764278, 0.0, 0.006389510054773728, -0.0013908167779894676, -6.892844506665751, 0.0, 34.9818920983761, 28.08904759172184, 0.998885612581471, 0.0, 28.500893288127468, 29.49977890071933, 6.327999999999992
0.004138476953907814, 0.9376967102267315, 9.879885961294778E-4, 29.710936812114596, -0.007794834606329411, 0.0, 0.006463436646905851, -0.0013313979594260505, -6.890901755648029, 0.0, 35.255089683950224, 28.364187928320295, 0.9986980199630275, 0.0, 28.7130742475101, 29.711772267493746, 6.327999999999993
0.004147294589178355, 0.9384712551674639, 9.900936514890097E-4, 29.91890188360412, -0.007809338295332063, 0.0, 0.006537936989655435, -0.0012714013056782658, -6.888963593692291, 0.0, 35.52701039586315, 28.638046802188303, 0.9985107715735961, 0.0, 28.923658298995367, 29.92216907058806, 6.327999999999991
0.004156112224448896, 0.9392397659143938, 9.921987068485418E-4, 30.12519625144705, -0.007823837908164294, 0.0, 0.006613008406088028, -0.0012108295020760718, -6.887028799891137, 0.0, 35.79766564086811, 28.91063684096995, 0.9983250653791116, 0.0, 29.132661584278974, 30.130986649650865, 6.327999999999994
0.0041649298597194375, 0.9400022683075946, 9.94303762208074E-4, 30.32985639855542, -0.00783833345054185, 0.0, 0.006688648249652873, -0.0011496852008898717, -6.8850960500336935, 0.0, 36.06707291539866, 29.181976865373002, 0.9981422001516175, 0.0, 29.340106264081534, 30.338248464242085, 6.327999999999993
0.004173747494989979, 0.9407587735579064, 9.964088175676061E-4, 30.532927091953752, -0.007852824925278376, 0.0, 0.006764853917281544, -0.0010879710079976235, -6.883163911808274, 0.0, 36.335256081296365, 29.452092169498684, 0.9979635800663773, 0.0, 29.54602078147672, 30.543984361554486, 6.327999999999992
0.004182565130260519, 0.9415092773241795, 9.98513872927138E-4, 30.734461786645625, -0.007867312332055502, 0.0, 0.006841622863069219, -0.0010256894689884, -6.881230839835329, 0.0, 36.602245648365404, 29.721014808535553, 0.997790719467116, 0.0, 29.750440131619765, 30.74823085109448, 6.327999999999993
0.00419138276553106, 0.9422537587617086, 0.0010006189282866702, 30.934523041851207, -0.007881795667177734, 0.0, 0.0069189526126047785, -9.628430545738365E-4, -6.8792951705951495, 0.0, 36.86807906355037, 29.988783892962243, 0.9976252477238365, 0.0, 29.95340613761253, 30.95103138534427, 6.327999999999992
0.004200200400801601, 0.9429921795412142, 0.0010027239836462023, 31.13318294831697, -0.007896274923319582, 0.0, 0.006996840777847346, -8.994341454748866E-4, -6.877355117174257, 0.0, 37.13280100730094, 30.255445890129543, 0.9974689142669584, 0.0, 30.154967733178236, 31.152436647450696, 6.327999999999994
0.004209018036072143, 0.9437244828371192, 0.0010048290390057345, 31.33052357045017, -0.007910750089258047, 0.0, 0.007075285072705162, -8.354650165542932E-4, -6.875408763873924, 0.0, 37.396463696845515, 30.52105493298945, 0.9973235937474602, 0.0, 30.355181251718268, 31.35250484548499, 6.327999999999994
0.004217835671342684, 0.9444505922853779, 0.0010069340943652666, 31.52663740000571, -0.007925221149598469, 0.0, 0.007154283329204869, -7.709378203946127E-4, -6.873454060661737, 0.0, 37.65912719670126, 30.785673136035953, 0.9971912913503319, 0.0, 30.55411072219738, 31.551302013545143, 6.327999999999993
0.004226653306613225, 0.9451704109099879, 0.0010090391497247985, 31.72162782369196, -0.007939688084483393, 0.0, 0.007233833514347587, -7.058545701366103E-4, -6.871488817480994, 0.0, 37.92085973640163, 31.04937091893564, 0.9970741482362748, 0.0, 30.75182817174875, 31.74890232000082, 6.327999999999993
0.004235470941883766, 0.9458838200170732, 0.0010111442050843307, 31.91560960557763, -0.007954150869293825, 0.0, 0.007313933747642443, -6.402171216495223E-4, -6.869510698379274, 0.0, 38.18173803558422, 31.31222733722721, 0.99697444715982, 0.0, 30.948413935158356, 31.945388382338596, 6.327999999999993
0.0042442885771543076, 0.9465906780569426, 0.0010132492604438628, 32.10870938088192, -0.007968609474332394, 0.0, 0.007394582319324661, -5.740271550074283E-4, -6.867517215484496, 0.0, 38.44184763662554, 31.574330421146996, 0.9968946182252794, 0.0, 31.143956971415086, 32.14085158964602, 6.327999999999993
0.004253106212424847, 0.9472908194521921, 0.0010153543158033947, 32.30106616703051, -0.007983063864502454, 0.0, 0.007475777709284204, -5.072861552186669E-4, -6.86550572281811, 0.0, 38.70128324474473, 31.835777521923404, 0.9968372448048618, 0.0, 31.338555187230124, 32.33539243203218, 6.327999999999994
0.004261923847695389, 0.9479840533926378, 0.0010174593711629269, 32.49283188733898, -0.007997513998962827, 0.0, 0.007557518606717606, -4.399953922440414E-4, -6.863473409944478, 0.0, 38.960149075939945, 32.096675666016424, 0.996805069600015, 0.0, 31.53231576788404, 32.52912083750385, 6.327999999999994
0.00427074148296593, 0.9486701625954126, 0.001019564426522459, 32.68417191069966, -0.008011959830778945, 0.0, 0.007639803930532096, -3.721559002498598E-4, -6.8614172954365555, 0.0, 39.21855921263557, 32.35714191718984, 0.9968010008865326, 0.0, 31.725355515258617, 32.72215651613894, 6.327999999999994
0.0042795591182364714, 0.9493489020299322, 0.0010216694818819911, 32.87526560524566, -0.008026401306552758, 0.0, 0.0077226328504735875, -3.037684560802667E-4, -6.859334220174896, 0.0, 39.47663796720207, 32.61730374703718, 0.9968281189091002, 0.0, 31.917801193250558, 32.91462931217073, 6.327999999999994
0.004288376753507012, 0.950019997606951, 0.001023774537241523, 33.06630690974271, -0.008040838366044925, 0.0, 0.007806004809073341, -2.3483355697018204E-4, -6.857220840464148, 0.0, 39.73452025367442, 32.87729941320504, 0.9968896824546069, 0.0, 32.109789880807384, 33.10667956325538, 6.327999999999994
0.004297194388777553, 0.9506831448316717, 0.0010258795926010552, 33.257504918459745, -0.008055270941775966, 0.0, 0.007889919544359136, -1.6535139741979954E-4, -6.855073620989909, 0.0, 39.99235196744783, 33.137278346456846, 0.9969891355684078, 0.0, 32.3014693324256, 33.29845846799583, 6.327999999999994
0.004306012024048095, 0.9513380074190039, 0.0010279846479605873, 33.44908448433489, -0.008069698958616214, 0.0, 0.007974377113362019, -9.532184525462561E-5, -6.852888827552707, 0.0, 40.25029037325968, 33.3974015457484, 0.9971301144865935, 0.0, 32.49299834639688, 33.49012846092533, 6.327999999999994
0.004314829659318635, 0.9519842158716614, 0.0010300897033201192, 33.64128683700619, -0.008084122333360116, 0.0, 0.008059377916492805, -2.4744416868394126E-5, -6.850662519654833, 0.0, 40.50850450165362, 33.65784198201986, 0.9973164547042829, 0.0, 32.68454714093413, 33.68186359566054, 6.327999999999994
0.004323647294589177, 0.9526213660195566, 0.0010321947586796514, 33.834370219457924, -0.008098540974283266, 0.0, 0.008144922722699732, 4.6381748413093504E-5, -6.848390542878595, 0.0, 40.767175553716456, 33.918785010837745, 0.9975521982399945, 0.0, 32.87629773806233, 33.87384993630547, 6.327999999999995
0.004332464929859717, 0.9532490175197808, 0.0010342998140391835, 34.02861054092136, -0.00811295478068283, 0.0, 0.008231012695562478, 1.1805791488006534E-4, -6.846068521073019, 0.0, 41.02649731453726, 34.18042879347341, 0.9978416010798961, 0.0, 33.06844435558095, 34.06628595666962, 6.327999999999993
0.004341282565130259, 0.9538666923172627, 0.0010364048693987157, 34.22430204693228, -0.008127363642404933, 0.0, 0.008317649420191975, 1.9028577778379407E-4, -6.843691848334584, 0.0, 41.28667657558687, 34.44298472726955, 0.9981891408199092, 0.0, 33.26119380743124, 34.25938294827154, 6.327999999999992
0.0043501002004008, 0.9544738730643161, 0.0010385099247582478, 34.421758009528276, -0.008141767439350522, 0.0, 0.008404834931071026, 2.6306749172144706E-4, -6.841255680818071, 0.0, 41.54793356546725, 34.706677884656564, 0.9985995244615746, 0.0, 33.45476591179503, 34.45336543626307, 6.327999999999995
0.004358917835671341, 0.9550700014993083, 0.0010406149801177797, 34.621311433264054, -0.008156166040966237, 0.0, 0.008492571740807753, 3.364056998427234E-4, -6.8387549283031195, 0.0, 41.81050239007843, 34.97174746178841, 0.9990776964425847, 0.0, 33.649393908008975, 34.6484716044635, 6.327999999999992
0.004367735470941882, 0.9556544767830104, 0.0010427200354773119, 34.82331578211233, -0.008170559305716488, 0.0, 0.00858086286982096, 4.103035641025432E-4, -6.836184245597676, 0.0, 42.074631481540045, 35.23844723597118, 0.9996288468172607, 0.0, 33.845324881621295, 34.844953728469214, 6.327999999999993
0.0043765531062124234, 0.9562266537925126, 0.001044825090836844, 35.02814572364514, -0.008184947080537491, 0.0, 0.00866971187696497, 4.847647964294488E-4, -6.833538023697507, 0.0, 42.34058405642754, 35.507046032764435, 1.0002584196687456, 0.0, 34.042820198152434, 35.0430786178537, 6.327999999999996
0.004385370741482964, 0.9567858413713708, 0.001046930146196376, 35.23619789489021, -0.008199329200274053, 0.0, 0.008759122891150106, 5.597936908743328E-4, -6.830810380738443, 0.0, 42.608638583620255, 35.777828202903954, 1.0009721217171474, 0.0, 34.24215594581193, 35.243128067552874, 6.327999999999993
0.004394188376753505, 0.9573313005357633, 0.001049035201555908, 35.44789168625721, -0.008213705487091688, 0.0, 0.008849100643951502, 6.353951568609517E-4, -6.827995152764327, 0.0, 42.87908926083557, 36.05109410809339, 1.001775931093758, 0.0, 34.44362338626178, 35.4453993173766, 6.327999999999994
0.004403006012024047, 0.9578622426353434, 0.0010511402569154402, 35.66367004676795, -0.008228075749876343, 0.0, 0.00893965050323775, 7.115747533625871E-4, -6.82508588422102, 0.0, 43.15224650155203, 36.32716061734494, 1.0026761063829188, 0.0, 34.64752941510815, 35.65020552150388, 6.327999999999994
0.0044118236472945865, 0.958377827468837, 0.0010532453122749721, 35.88400030982302, -0.00824243978360989, 0.0, 0.009030778507796544, 7.883387241864881E-4, -6.822075818259571, 0.0, 43.428437431277615, 36.6063616130271, 1.003679195837302, 0.0, 34.85419703110875, 35.857876226955256, 6.327999999999996
0.004420641282565129, 0.9588771613525751, 0.0010553503676345045, 36.10937504010508, -0.008256797368724617, 0.0, 0.009122491403078747, 8.656940343514385E-4, -6.818957886818783, 0.0, 43.70800639356706, 36.88904850676423, 1.0047920467996245, 0.0, 35.063965814393164, 36.06875786121129, 6.327999999999994
0.004429458917835669, 0.9593592951421854, 0.0010574554229940364, 36.3403129030994, -0.008271148270437248, 0.0, 0.009214796677977422, 9.436484075413532E-4, -6.815724700462879, 0.0, 43.99131546595948, 37.17559076552708, 1.0060218153558718, 0.0, 35.277192413956946, 36.28321422934218, 6.327999999999994
0.00443827655310621, 0.959823222205749, 0.0010595604783535683, 36.57735955368116, -0.008285492238061978, 0.0, 0.009307702602686874, 0.0010222103646273517, -6.81236853797262, 0.0, 44.278744986354624, 37.46637644839415, 1.0073759762212766, 0.0, 35.49425104491398, 36.501627021145076, 6.327999999999995
0.004447094188376752, 0.9602678763482615, 0.0010616655337131007, 36.821088551303546, -0.008299829004301179, 0.0, 0.009401218267738987, 0.0011013892634386124, -6.80888133572165, 0.0, 44.570694089118994, 37.761812753412585, 1.0088623328263049, 0.0, 35.715533994716296, 36.72439632755709, 6.327999999999994
0.004455911823647293, 0.9606921296866417, 0.0010637705890726326, 37.0721022946891, -0.008314158284512138, 0.0, 0.00949535362412579, 0.0011811953396150265, -6.805254676805201, 0.0, 44.8675812517829, 38.062326575015675, 1.0104890276341207, 0.0, 35.941452139298605, 36.95194116696941, 6.327999999999994
0.004464729458917834, 0.9610947904736236, 0.0010658756444321647, 37.33103298162314, -0.008328479775954037, 0.0, 0.009590119524593543, 0.0012616397486411302, -6.801479779906784, 0.0, 45.16984485246179, 38.368365072549416, 1.0122645527080734, 0.0, 36.17243546920997, 37.18470002191093, 6.327999999999995
0.0044735470941883754, 0.96147460087073, 0.0010679806997916969, 37.598543592059286, -0.008342793157006465, 0.0, 0.0096855277661545, 0.001342734609148355, -6.79754748792711, 0.0, 45.477943737140826, 38.68039624922991, 1.0141977604970176, 0.0, 36.40893362483861, 37.423131385351525, 6.327999999999995
0.004482364729458915, 0.9618302346690797, 0.0010700857551512288, 37.87532889567956, -0.008357098086366782, 0.0, 0.009781591133761314, 0.0014244930473958917, -6.793448256372424, 0.0, 45.7923577985028, 38.99890954212228, 1.0162978748483613, 0.0, 36.651416442472, 37.667714317310995, 6.327999999999992
0.004491182364729457, 0.9621602949564902, 0.0010721908105107611, 38.16211648413446, -0.008371394202223062, 0.0, 0.009878323445234649, 0.0015069292430114345, -6.7891721414601935, 0.0, 46.11358856511076, 39.32441642367045, 1.0185745022880104, 0.0, 36.90037450992883, 37.91894901223687, 6.327999999999994
0.004499999999999998, 0.9624633117319092, 0.001074295865870293, 38.45966782764299, -0.008385681121400035, 0.0, 0.009975739597436029, 0.0015900584760388803, -6.7847087879767, 0.0, 46.442159801783525, 39.65745101382933, 1.0210376435305526, 0.0, 37.15631973261913, 38.177357376169496, 6.327999999999992
