phi0, phi, rho, Z_fit_curve, F_id, F_fr, F_ex, F_total, mu_id, mu_fr, mu_ex, mu_kT, PV_id, PV_fr, PV_ex, PV_NkT, alpha
0.05000000000000001, 0.0, 0.05000000000000001, 1.0822787769619229, -0.1982773524986409, 0.0, 0.003861661388863141, -0.19441569110977774, -2.965547049972817, 0.0, 0.15951200473918561, -2.806035045233631, 1.0, 0.0, 0.0822787769619228, 1.0822787769619229, 0.5
0.05380761523046093, 0.0, 0.05380761523046093, 1.0893714758750852, -0.209427581413097, 0.0, 0.004494453584321519, -0.20493312782877549, -2.892155051215471, 0.0, 0.17289968215353715, -2.7192553690619334, 1.0, 0.0, 0.08937147587508508, 1.089371475875085, 0.5
0.05761523046092186, 0.0, 0.05761523046092186, 1.0965812148486913, -0.22030814482294758, 0.0, 0.005178555136840823, -0.21512958968610676, -2.823783104926985, 0.0, 0.18646291965855463, -2.6373201852684303, 1.0, 0.0, 0.09658121484869131, 1.0965812148486913, 0.5
0.06142284569138278, 0.0, 0.06142284569138278, 1.1039079938827414, -0.23093689104209625, 0.0, 0.005914634511696128, -0.22502225653040012, -2.759788209788124, 0.0, 0.2002017172542379, -2.559586492533886, 1.0, 0.0, 0.10390799388274144, 1.1039079938827414, 0.5
0.0652304609218437, 0.0, 0.0652304609218437, 1.1113518129772355, -0.2413294509808381, 0.0, 0.006703360174162519, -0.2346260908066756, -2.6996435035157664, 0.0, 0.21411607494058713, -2.485527428575179, 1.0, 0.0, 0.11135181297723548, 1.1113518129772355, 0.5
0.06903807615230463, 0.0, 0.06903807615230463, 1.1189126721321736, -0.25149962742241055, 0.0, 0.007545400589515073, -0.24395422683289547, -2.642911874710677, 0.0, 0.22820599271760222, -2.4147058819930747, 1.0, 0.0, 0.11891267213217346, 1.1189126721321734, 0.5
0.07284569138276556, 0.0, 0.07284569138276556, 1.1265905713475555, -0.26145969817382003, 0.0, 0.008441424223028874, -0.2530182739507912, -2.589226668190816, 0.0, 0.24247147058528318, -2.3467551976055328, 1.0, 0.0, 0.12659057134755536, 1.1265905713475552, 0.5
0.07665330661322647, 0.0, 0.07665330661322647, 1.134385510623381, -0.2712206556715248, 0.0, 0.009392099539978997, -0.2618285561315458, -2.5382773118977995, 0.0, 0.25691250854362996, -2.2813648033541694, 1.0, 0.0, 0.13438551062338114, 1.134385510623381, 0.5
0.0804609218436874, 0.0, 0.0804609218436874, 1.142297489959651, -0.2807923988694782, 0.0, 0.010398095005640528, -0.27039430386383767, -2.4897984317775737, 0.0, 0.27152910659264273, -2.218269325184931, 1.0, 0.0, 0.14229748995965086, 1.1422974899596507, 0.5
0.08426853707414833, 0.0, 0.08426853707414833, 1.1503265093563646, -0.29018388872915013, 0.0, 0.011460079085288547, -0.27872380964386156, -2.4435614857513874, 0.0, 0.28632126473232133, -2.157240221019066, 1.0, 0.0, 0.15032650935636455, 1.1503265093563646, 0.5
0.08807615230460925, 0.0, 0.08807615230460925, 1.158472568813522, -0.2994032755537496, 0.0, 0.01257872024419813, -0.2868245553095515, -2.3993682480391585, 0.0, 0.30128898296266576, -2.0980792650764926, 1.0, 0.0, 0.15847256881352206, 1.158472568813522, 0.5
0.09188376753507016, 0.0, 0.09188376753507016, 1.1667356683311234, -0.3084580042655349, 0.0, 0.013754686947644357, -0.2947033173178905, -2.3570456734678706, 0.0, 0.3164322612836761, -2.040613412184195, 1.0, 0.0, 0.16673566833112352, 1.1667356683311234, 0.5
0.0956913827655311, 0.0, 0.0956913827655311, 1.175115807909169, -0.3173549022051747, 0.0, 0.014988647660902323, -0.3023662545442724, -2.316441805243605, 0.0, 0.3317510996953523, -1.9846907055482526, 1.0, 0.0, 0.17511580790916897, 1.175115807909169, 0.5
0.09949899799599202, 0.0, 0.09949899799599202, 1.1836129875476584, -0.3261002529366142, 0.0, 0.016281270849247086, -0.30981898208736713, -2.277422481679163, 0.0, 0.3472454981976944, -1.9301769834814684, 1.0, 0.0, 0.18361298754765826, 1.1836129875476582, 0.5
0.10330661322645293, 0.0, 0.10330661322645293, 1.1922272072465914, -0.33469985873950947, 0.0, 0.01763322497795374, -0.31706663376155575, -2.2398686617073755, 0.0, 0.36291545679070236, -1.8769532049166733, 1.0, 0.0, 0.19222720724659148, 1.1922272072465914, 0.5
0.10711422845691386, 0.0, 0.10711422845691386, 1.2009584670059685, -0.3431590938771084, 0.0, 0.019045178512297367, -0.32411391536481104, -2.20367423469929, 0.0, 0.37876097547437626, -1.824913259224914, 1.0, 0.0, 0.20095846700596864, 1.2009584670059685, 0.5
0.11092184368737479, 0.0, 0.11092184368737479, 1.2098067668257897, -0.3514829502814008, 0.0, 0.02051779991755305, -0.33096515036384777, -2.1687442130156986, 0.0, 0.394782054248716, -1.7739621587669827, 1.0, 0.0, 0.20980676682578972, 1.2098067668257897, 0.5
0.1147294589178357, 0.0, 0.1147294589178357, 1.2187721067060546, -0.3596760769586889, 0.0, 0.02205175765899585, -0.33762431929969305, -2.1349932297359953, 0.0, 0.41097869311372154, -1.7240145366222737, 1.0, 0.0, 0.21877210670605468, 1.2187721067060546, 0.5
0.11853707414829665, 0.0, 0.11853707414829665, 1.2278544866467636, -0.3677428141588636, 0.0, 0.023647720201900875, -0.34409509395696275, -2.1023442817459483, 0.0, 0.4273508920693931, -1.6749933896765552, 1.0, 0.0, 0.22785448664676364, 1.2278544866467636, 0.5
0.12234468937875756, 0.0, 0.12234468937875756, 1.2370539066479165, -0.3756872231503251, 0.0, 0.025306356011543185, -0.3503808671387819, -2.0707276716136307, 0.0, 0.44389865111573046, -1.6268290204979001, 1.0, 0.0, 0.23705390664791648, 1.2370539066479165, 0.5
0.12615230460921847, 0.0, 0.12615230460921847, 1.2463703667095132, -0.38351311228508084, 0.0, 0.02702833355319786, -0.356484778731883, -2.0400801116799885, 0.0, 0.46062197025273366, -1.5794581414272548, 1.0, 0.0, 0.24637036670951318, 1.2463703667095132, 0.5
0.12995991983967942, 0.0, 0.12995991983967942, 1.2558038668315539, -0.39122405991443254, 0.0, 0.028814321292140004, -0.36240973862229253, -2.0103439614078913, 0.0, 0.47752084948040285, -1.5328231119274884, 1.0, 0.0, 0.25580386683155387, 1.2558038668315539, 0.5
0.13376753507014033, 0.0, 0.13376753507014033, 1.2653544070140383, -0.39882343461704733, 0.0, 0.03066498769364466, -0.36815844692340266, -1.9814665748899856, 0.0, 0.49459528879873776, -1.4868712860912479, 1.0, 0.0, 0.26535440701403845, 1.2653544070140383, 0.5
0.13757515030060125, 0.0, 0.13757515030060125, 1.275021987256967, -0.4063144131222534, 0.0, 0.03258100122298694, -0.37373341189926645, -1.9533997399563643, 0.0, 0.5118452882077387, -1.4415544517486256, 1.0, 0.0, 0.2750219872569669, 1.275021987256967, 0.5
0.1413827655310622, 0.0, 0.1413827655310622, 1.2848066075603395, -0.4136999962477674, 0.0, 0.03456303034544193, -0.37913696590232543, -1.9260991938715213, 0.0, 0.5292708477074055, -1.3968283461641158, 1.0, 0.0, 0.2848066075603394, 1.2848066075603395, 0.5
0.1451903807615231, 0.0, 0.1451903807615231, 1.2947082679241555, -0.4209830231194283, 0.0, 0.036611743526284664, -0.38437127959314366, -1.899524203403653, 0.0, 0.546871967297738, -1.352652236105915, 1.0, 0.0, 0.2947082679241557, 1.2947082679241557, 0.5
0.14899799599198402, 0.0, 0.14899799599198402, 1.304726968348416, -0.4281661838983805, 0.0, 0.038727809230790264, -0.38943837466759024, -1.8736371992641803, 0.0, 0.5646486469787365, -1.3089885522854439, 1.0, 0.0, 0.30472696834841595, 1.304726968348416, 0.5
0.15280561122244493, 0.0, 0.15280561122244493, 1.3148627088331202, -0.43525203120654377, 0.0, 0.0409118959242338, -0.39434013528231, -1.8484034566828234, 0.0, 0.5826008867504009, -1.2658025699324225, 1.0, 0.0, 0.3148627088331201, 1.3148627088331202, 0.5
0.15661322645290587, 0.0, 0.15661322645290587, 1.3251154893782684, -0.44224299041266235, 0.0, 0.04316467207189036, -0.399078318340772, -1.8237908153028588, 0.0, 0.6007286866127313, -1.2230621286901275, 1.0, 0.0, 0.3251154893782683, 1.3251154893782684, 0.5
0.1604208416833668, 0.0, 0.1604208416833668, 1.3354853099838602, -0.4491413689175273, 0.0, 0.04548680613903501, -0.4036545627784923, -1.7997694327276208, 0.0, 0.6190320465657273, -1.1807373861618935, 1.0, 0.0, 0.3354853099838602, 1.3354853099838602, 0.5
0.1642284569138277, 0.0, 0.1642284569138277, 1.3459721706498962, -0.45594936455721946, 0.0, 0.04787896659094283, -0.40807039796627664, -1.7763115669805059, 0.0, 0.6375109666093892, -1.1388006003711166, 1.0, 0.0, 0.3459721706498961, 1.3459721706498962, 0.5
0.16803607214428865, 0.0, 0.16803607214428865, 1.3565760713763761, -0.4626690732266725, 0.0, 0.050341821892888924, -0.41232725133378356, -1.7533913839011266, 0.0, 0.6561654467437172, -1.0972259371574093, 1.0, 0.0, 0.35657607137637604, 1.356576071376376, 0.5
0.17184368737474956, 0.0, 0.17184368737474956, 1.3672970121633, -0.46930249581194067, 0.0, 0.052876040510148346, -0.41642645530179234, -1.730984786124295, 0.0, 0.674995486968711, -1.0559892991555841, 1.0, 0.0, 0.3672970121632998, 1.3672970121633, 0.5
0.17565130260521047, 0.0, 0.17565130260521047, 1.3781349930106674, -0.4758515445077993, 0.0, 0.05548229090799618, -0.42036925359980315, -1.7090692608031008, 0.0, 0.6940010872843706, -1.0150681735187304, 1.0, 0.0, 0.37813499301066744, 1.3781349930106674, 0.5
0.17945891783567142, 0.0, 0.17945891783567142, 1.3890900139184792, -0.4823180485873298, 0.0, 0.05816124155170753, -0.42415680703562225, -1.6876237436636234, 0.0, 0.7131822476906963, -0.9744414959729272, 1.0, 0.0, 0.3890900139184791, 1.3890900139184792, 0.5
0.18326653306613233, 0.0, 0.18326653306613233, 1.4001620748867347, -0.48870375968165514, 0.0, 0.060913560906557446, -0.4277901987750977, -1.6666284973334697, 0.0, 0.7325389681876876, -0.9340895291457821, 1.0, 0.0, 0.4001620748867346, 1.4001620748867345, 0.5
0.18707414829659327, 0.0, 0.18707414829659327, 1.4113511759154342, -0.4950103566207355, 0.0, 0.06373991743782105, -0.43127043918291447, -1.6460650021826126, 0.0, 0.752071248775345, -0.8939937534072676, 1.0, 0.0, 0.41135117591543413, 1.411351175915434, 0.5
0.1908817635270542, 0.0, 0.1908817635270542, 1.4226573170045773, -0.5012394498799132, 0.0, 0.06664097961077334, -0.4345984702691399, -1.625915858163534, 0.0, 0.7717790894536681, -0.8541367687098659, 1.0, 0.0, 0.4226573170045774, 1.4226573170045773, 0.5
0.1946893787575151, 0.0, 0.1946893787575151, 1.4340804981541646, -0.507392585671545, 0.0, 0.06961741589068948, -0.4377751697808555, -1.6061646963468952, 0.0, 0.7916624902226572, -0.814502206124238, 1.0, 0.0, 0.4340804981541647, 1.4340804981541648, 0.5
0.19849699398797604, 0.0, 0.19849699398797604, 1.445620719364196, -0.513471249716441, 0.0, 0.07266989474284453, -0.44080135497359646, -1.5867960990257843, 0.0, 0.8117214510823121, -0.7750746479434723, 1.0, 0.0, 0.4456207193641959, 1.445620719364196, 0.5
0.20230460921843696, 0.0, 0.20230460921843696, 1.457277980634671, -0.5194768707258334, 0.0, 0.07579908463251356, -0.4436777860933198, -1.5677955274114979, 0.0, 0.8319559720326328, -0.735839555378865, 1.0, 0.0, 0.457277980634671, 1.457277980634671, 0.5
0.20611222444889787, 0.0, 0.20611222444889787, 1.46905228196559, -0.5254108236211249, 0.0, 0.07900565402497164, -0.4464051695961533, -1.5491492560713782, 0.0, 0.8523660530736196, -0.6967832029977586, 1.0, 0.0, 0.46905228196559, 1.46905228196559, 0.5
0.20991983967935882, 0.0, 0.20991983967935882, 1.480943623356953, -0.5312744325156479, 0.0, 0.08229027138549387, -0.448984161130154, -1.5308443133680971, 0.0, 0.8729516942052722, -0.6578926191628249, 1.0, 0.0, 0.48094362335695306, 1.480943623356953, 0.5
0.21372745490981973, 0.0, 0.21372745490981973, 1.49295200480876, -0.5370689734800219, 0.0, 0.08565360517935533, -0.4514153683006666, -1.5128684272529846, 0.0, 0.8937128954275906, -0.6191555318253941, 1.0, 0.0, 0.4929520048087599, 1.49295200480876, 0.5
0.21753507014028065, 0.0, 0.21753507014028065, 1.5050774263210107, -0.5427956771103971, 0.0, 0.08909632387183108, -0.453699353238566, -1.4952099758460435, 0.0, 0.9146496567405749, -0.5805603191054687, 1.0, 0.0, 0.5050774263210107, 1.5050774263210107, 0.5
0.2213426853707416, 0.0, 0.2213426853707416, 1.5173198878937053, -0.5484557309168359, 0.0, 0.09261909592819624, -0.45583663498863963, -1.4778579423042182, 0.0, 0.9357619781442251, -0.5420959641599931, 1.0, 0.0, 0.5173198878937054, 1.5173198878937053, 0.5
0.2251503006012025, 0.0, 0.2251503006012025, 1.5296793895268441, -0.5540502815473095, 0.0, 0.09622258981372583, -0.4578276917335837, -1.460801873539006, 0.0, 0.9570498596385412, -0.5037520139004649, 1.0, 0.0, 0.529679389526844, 1.529679389526844, 0.5
0.22895791583166342, 0.0, 0.22895791583166342, 1.5421559312204267, -0.5595804368612156, 0.0, 0.09990747399369497, -0.45967296286752063, -1.4440318423960303, 0.0, 0.9785133012235231, -0.46551854117250724, 1.0, 0.0, 0.5421559312204266, 1.5421559312204267, 0.5
0.23276553106212436, 0.0, 0.23276553106212436, 1.5547495129744529, -0.5650472678649271, 0.0, 0.10367441693337877, -0.46137285093154834, -1.4275384129539261, 0.0, 1.000152302899171, -0.42738611005475513, 1.0, 0.0, 0.5547495129744531, 1.554749512974453, 0.5
0.23657314629258527, 0.0, 0.23657314629258527, 1.5674601347889234, -0.5704518105206675, 0.0, 0.10752408709805225, -0.46292772342261523, -1.4113126086388224, 0.0, 1.0219668646654847, -0.38934574397333765, 1.0, 0.0, 0.5674601347889234, 1.5674601347889234, 0.5
0.2403807615230462, 0.0, 0.2403807615230462, 1.5802877966638378, -0.5757950674389033, 0.0, 0.1114571529529905, -0.4643379144859128, -1.3953458828846408, 0.0, 1.043956986522464, -0.35138889636217674, 1.0, 0.0, 0.5802877966638377, 1.5802877966638378, 0.5
0.2441883767535071, 0.0, 0.2441883767535071, 1.593232498599196, -0.581078009463485, 0.0, 0.11547428296346864, -0.46560372650001636, -1.3796300920991291, 0.0, 1.0661226684701095, -0.3135074236290196, 1.0, 0.0, 0.5932324985991959, 1.593232498599196, 0.5
0.24799599198396804, 0.0, 0.24799599198396804, 1.606294240594998, -0.5863015771578983, 0.0, 0.11957614559476173, -0.4667254315631366, -1.3641574707215447, 0.0, 1.088463910508421, -0.27569356021312363, 1.0, 0.0, 0.606294240594998, 1.606294240594998, 0.5
0.25180360721442896, 0.0, 0.25180360721442896, 1.6194730226512442, -0.5914666822002215, 0.0, 0.12376340931214484, -0.4677032728880766, -1.3489206081807432, 0.0, 1.110980712637398, -0.23793989554334516, 1.0, 0.0, 0.6194730226512442, 1.6194730226512442, 0.5
0.2556112224448899, 0.0, 0.2556112224448899, 1.6327688447679343, -0.5965742086936895, 0.0, 0.12803674258089306, -0.46853746611279645, -1.333912427582524, 0.0, 1.1336730748570412, -0.20023935272548288, 1.0, 0.0, 0.632768844767934, 1.632768844767934, 0.5
0.2594188376753508, 0.0, 0.2594188376753508, 1.6461817069450677, -0.6016250143991557, 0.0, 0.13239681386628147, -0.4692282005328743, -1.3191261659727977, 0.0, 1.1565409971673501, -0.1625851688054476, 1.0, 0.0, 0.6461817069450679, 1.646181706945068, 0.5
0.2632264529058117, 0.0, 0.2632264529058117, 1.6597116091826458, -0.6066199318951822, 0.0, 0.13684429163358514, -0.469775640261597, -1.3045553560387955, 0.0, 1.1795844795683248, -0.12497087647047067, 1.0, 0.0, 0.6597116091826457, 1.6597116091826458, 0.5
0.2670340681362726, 0.0, 0.2670340681362726, 1.6733585514806675, -0.6115597696709922, 0.0, 0.14137984434807915, -0.4701799253229131, -1.2901938091243905, 0.0, 1.2028035220599655, -0.08739028706442498, 1.0, 0.0, 0.6733585514806675, 1.6733585514806675, 0.5
0.2708416833667336, 0.0, 0.2708416833667336, 1.6871225338391334, -0.6164453131570785, 0.0, 0.14600414047503865, -0.4704411726820399, -1.2760355994478876, 0.0, 1.2261981246422724, -0.04983747480561518, 1.0, 0.0, 0.6871225338391332, 1.6871225338391334, 0.5
0.2746492985971945, 0.0, 0.2746492985971945, 1.7010035562580428, -0.6212773256978426, 0.0, 0.15071784847973863, -0.4705594772181039, -1.2620750494215496, 0.0, 1.249768287315245, -0.012306762106304658, 1.0, 0.0, 0.7010035562580428, 1.7010035562580428, 0.5
0.2784569138276554, 0.0, 0.2784569138276554, 1.7150016187373962, -0.6260565494702919, 0.0, 0.15552163682745418, -0.4705349126428377, -1.2483067159818317, 0.0, 1.2735140100788833, 0.02520729409705158, 1.0, 0.0, 0.7150016187373962, 1.7150016187373962, 0.5
0.28226452905811633, 0.0, 0.28226452905811633, 1.7291167212771936, -0.6307837063524763, 0.0, 0.16041617398346042, -0.47036753236901585, -1.2347253778479628, 0.0, 1.2974352929331874, 0.06270991508522461, 1.0, 0.0, 0.7291167212771936, 1.7291167212771936, 0.5
0.28607214428857725, 0.0, 0.28607214428857725, 1.7433488638774348, -0.6354594987450616, 0.0, 0.1654021284130324, -0.4700573703320292, -1.2213260236342247, 0.0, 1.3215321358781575, 0.10020611224393283, 1.0, 0.0, 0.7433488638774349, 1.743348863877435, 0.5
0.28987975951903816, 0.0, 0.28987975951903816, 1.75769804653812, -0.6400846103491528, 0.0, 0.1704801685814452, -0.46960444176770755, -1.2081038407482003, 0.0, 1.3458045389137934, 0.13770069816559305, 1.0, 0.0, 0.7576980465381201, 1.75769804653812, 0.5
0.29368737474949913, 0.0, 0.29368737474949913, 1.7721642692592494, -0.6446597069032469, 0.0, 0.175650962953974, -0.46900874394927294, -1.195054205013443, 0.0, 1.3702525020400955, 0.17519829702665257, 1.0, 0.0, 0.7721642692592494, 1.7721642692592494, 0.5
0.29749498997996005, 0.0, 0.29749498997996005, 1.7867475320408226, -0.6491854368819591, 0.0, 0.1809151799958937, -0.4682702568860654, -1.1821726709605755, 0.0, 1.3948760252570631, 0.21270335429648757, 1.0, 0.0, 0.7867475320408224, 1.7867475320408224, 0.5
0.3013026052104209, 0.0, 0.3013026052104209, 1.801447834882839, -0.653662432158975, 0.0, 0.18627348817247943, -0.46738894398649555, -1.1694549627358064, 0.0, 1.4196751085646964, 0.25022014582888996, 1.0, 0.0, 0.8014478348828392, 1.8014478348828393, 0.5
0.3051102204408819, 0.0, 0.3051102204408819, 1.8162651777853003, -0.6580913086364861, 0.0, 0.19172655594900645, -0.4663647526874797, -1.156896965580338, 0.0, 1.4446497519629962, 0.2877527863826581, 1.0, 0.0, 0.8162651777853003, 1.8162651777853003, 0.5
0.3089178356713428, 0.0, 0.3089178356713428, 1.831199560748205, -0.6624726668431989, 0.0, 0.19727505179074964, -0.4651976150524493, -1.144494717838185, 0.0, 1.4697999554519616, 0.3253052376137766, 1.0, 0.0, 0.8311995607482051, 1.831199560748205, 0.5
0.3127254509018037, 0.0, 0.3127254509018037, 1.8462509837715537, -0.6668070925028607, 0.0, 0.20291964416298414, -0.4638874483398766, -1.132244403453556, 0.0, 1.4951257190315927, 0.3628813155780368, 1.0, 0.0, 0.8462509837715538, 1.846250983771554, 0.5
0.3165330661322646, 0.0, 0.3165330661322646, 1.8614194468553464, -0.6710951570750893, 0.0, 0.20866100153098505, -0.4624341555441042, -1.1201423449222503, 0.0, 1.5206270427018898, 0.40048469777963946, 1.0, 0.0, 0.8614194468553464, 1.8614194468553464, 0.5
0.3203406813627256, 0.0, 0.3203406813627256, 1.8767049499995831, -0.6753374182701795, 0.0, 0.2144997923600275, -0.460837625910152, -1.1081849966644939, 0.0, 1.546303926462853, 0.4381189297983592, 1.0, 0.0, 0.8767049499995831, 1.8767049499995831, 0.5
0.3241482965931865, 0.0, 0.3241482965931865, 1.8921074932042639, -0.6795344205394289, 0.0, 0.22043668511538644, -0.4590977354240425, -1.0963689387893345, 0.0, 1.5721563703144819, 0.47578743152514735, 1.0, 0.0, 0.8921074932042637, 1.8921074932042639, 0.5
0.32795591182364736, 0.0, 0.32795591182364736, 1.907627076469388, -0.6836866955424237, 0.0, 0.22647234826233692, -0.45721434728008675, -1.084690871223155, 0.0, 1.5981843742567763, 0.5134935030336212, 1.0, 0.0, 0.9076270764693879, 1.907627076469388, 0.5
0.33176352705410833, 0.0, 0.33176352705410833, 1.9232636997949564, -0.6877947625926197, 0.0, 0.23260745026615431, -0.4551873123264654, -1.0731476081770892, 0.0, 1.624387938289737, 0.5512403301126478, 1.0, 0.0, 0.9232636997949564, 1.9232636997949564, 0.5
0.33557114228456925, 0.0, 0.33557114228456925, 1.9390173631809686, -0.6918591290824659, 0.0, 0.23884265959211337, -0.45301646949035257, -1.0617360729301308, 0.0, 1.6507670624133637, 0.5890309894832328, 1.0, 0.0, 0.9390173631809686, 1.9390173631809686, 0.5
0.33937875751503016, 0.0, 0.33937875751503016, 1.9548880666274249, -0.6958802908892318, 0.0, 0.24517864470548933, -0.4507016461837424, -1.0504532929065638, 0.0, 1.677321746627656, 0.6268684537210922, 1.0, 0.0, 0.9548880666274249, 1.9548880666274249, 0.5
0.34318637274549113, 0.0, 0.34318637274549113, 1.9708758101343251, -0.6998587327626188, 0.0, 0.2516160740715574, -0.4482426586910614, -1.0392963950280096, 0.0, 1.7040519909326146, 0.664755595904605, 1.0, 0.0, 0.9708758101343251, 1.9708758101343251, 0.5
0.34699398797595205, 0.0, 0.34699398797595205, 1.986980593701669, -0.7037949286951692, 0.0, 0.25815561615559235, -0.4456393125395769, -1.0282626013219134, 0.0, 1.7309577953282387, 0.7026951940063253, 1.0, 0.0, 0.9869805937016691, 1.9869805937016691, 0.5
0.3508016032064129, 0.0, 0.3508016032064129, 2.0032024173294567, -0.7076893422764144, 0.0, 0.2647979394228693, -0.44289140285354517, -1.0173492247696698, 0.0, 1.7580391598145282, 0.7406899350448584, 1.0, 0.0, 1.0032024173294567, 2.0032024173294567, 0.5
0.3546092184368739, 0.0, 0.3546092184368739, 2.019541281017689, -0.7115424270316463, 0.0, 0.2715437123386637, -0.4399987146929826, -1.006553665378872, 0.0, 1.7852960843914845, 0.7787424190126124, 1.0, 0.0, 1.019541281017689, 2.019541281017689, 0.5
0.3584168336673348, 0.0, 0.3584168336673348, 2.035997184766365, -0.7153546267461365, 0.0, 0.2783936033682503, -0.43696102337788617, -0.9958734064653176, 0.0, 1.8127285690591064, 0.8168551625937888, 1.0, 0.0, 1.0359971847663645, 2.0359971847663645, 0.5
0.3622244488977957, 0.0, 0.3622244488977957, 2.0525701285754843, -0.7191263757755779, 0.0, 0.28534828097690423, -0.4337780947986737, -0.9853060111314704, 0.0, 1.8403366138173938, 0.8550306026859233, 1.0, 0.0, 1.0525701285754843, 2.0525701285754843, 0.5
0.3660320641282567, 0.0, 0.3660320641282567, 2.069260112445048, -0.7228580993434702, 0.0, 0.2924084136299007, -0.4304496857135695, -0.9748491189290529, 0.0, 1.8681202186663477, 0.8932710997372948, 1.0, 0.0, 1.069260112445048, 2.069260112445048, 0.5
0.3698396793587176, 0.0, 0.3698396793587176, 2.0860671363750556, -0.7265502138261323, 0.0, 0.29957466979251457, -0.4269755440336177, -0.9645004426943368, 0.0, 1.8960793836059673, 0.9315789409116305, 1.0, 0.0, 1.0860671363750556, 2.0860671363750556, 0.5
0.37364729458917845, 0.0, 0.37364729458917845, 2.1029912003655067, -0.7302031270259746, 0.0, 0.30684771793002097, -0.4233554090959536, -0.9542577655455147, 0.0, 1.924214108636252, 0.9699563430907374, 1.0, 0.0, 1.1029912003655067, 2.1029912003655067, 0.5
0.3774549098196394, 0.0, 0.3774549098196394, 2.1200323044164024, -0.7338172384336328, 0.0, 0.3142282265076953, -0.4195890119259375, -0.9441189380322943, 0.0, 1.9525243937572032, 1.008405455724909, 1.0, 0.0, 1.1200323044164022, 2.1200323044164024, 0.5
0.38126252505010033, 0.0, 0.38126252505010033, 2.1371904485277415, -0.7373929394795222, 0.0, 0.32171686399081223, -0.41567607548871, -0.9340818754285491, 0.0, 1.9810102389688207, 1.0469283635402715, 1.0, 0.0, 1.1371904485277415, 2.1371904485277415, 0.5
0.38507014028056125, 0.0, 0.38507014028056125, 2.154465632699525, -0.7409306137753435, 0.0, 0.329314298844647, -0.4116163149306965, -0.9241445551594915, 0.0, 2.009671644271103, 1.0855270891116118, 1.0, 0.0, 1.1544656326995246, 2.154465632699525, 0.5
0.3888777555110222, 0.0, 0.3888777555110222, 2.1718578569317524, -0.7444306373460343, 0.0, 0.33702119953447485, -0.40740943781155947, -0.914305014355429, 0.0, 2.0385086096640523, 1.1242035953086233, 1.0, 0.0, 1.171857856931752, 2.171857856931752, 0.5
0.39268537074148313, 0.0, 0.39268537074148313, 2.1893671212244232, -0.7478933788526371, 0.0, 0.3448382345255706, -0.40305514432706646, -0.9045613475247039, 0.0, 2.067521135147667, 1.1629597876229631, 1.0, 0.0, 1.189367121224423, 2.1893671212244232, 0.5
0.396492985971944, 0.0, 0.396492985971944, 2.2069934255775374, -0.7513191998065204, 0.0, 0.35276607228320933, -0.39855312752331107, -0.8949117043389112, 0.0, 2.096709220721947, 1.201797516383036, 1.0, 0.0, 1.2069934255775379, 2.206993425577538, 0.5
0.40030060120240496, 0.0, 0.40030060120240496, 2.2247367699910967, -0.7547084547753732, 0.0, 0.36080538127266637, -0.3939030735027068, -0.8853542875239603, 0.0, 2.126072866386894, 1.2407185788629338, 1.0, 0.0, 1.2247367699910967, 2.2247367699910967, 0.5
0.4041082164328659, 0.0, 0.4041082164328659, 2.2425971544650993, -0.758061491581358, 0.0, 0.36895682995921664, -0.3891046616221414, -0.8758873508509673, 0.0, 2.1556120721425063, 1.279724721291539, 1.0, 0.0, 1.2425971544650993, 2.2425971544650993, 0.5
0.4079158316633268, 0.0, 0.4079158316633268, 2.260574578999546, -0.7613786514917981, 0.0, 0.37722108680813526, -0.3841575646836628, -0.8665091972213566, 0.0, 2.185326837988784, 1.3188176407674275, 1.0, 0.0, 1.2605745789995462, 2.260574578999546, 0.5
0.41172344689378776, 0.0, 0.41172344689378776, 2.2786690435944372, -0.7646602694027421, 0.0, 0.3855988202846973, -0.37906144911804485, -0.8572181768409255, 0.0, 2.215217163925729, 1.3579989870848035, 1.0, 0.0, 1.278669043594437, 2.2786690435944372, 0.5
0.4155310621242487, 0.0, 0.4155310621242487, 2.2968805482497716, -0.7679066740157394, 0.0, 0.3940906988541778, -0.3738159751615616, -0.848012685477954, 0.0, 2.245283049953339, 1.3972703644753848, 1.0, 0.0, 1.2968805482497716, 2.2968805482497716, 0.5
0.41933867735470953, 0.0, 0.41933867735470953, 2.3152090929655498, -0.7711181880081344, 0.0, 0.40269739098185164, -0.3684207970262827, -0.8388911628007598, 0.0, 2.275524496071614, 1.436633333270854, 1.0, 0.0, 1.3152090929655498, 2.3152090929655498, 0.5
0.4231462925851705, 0.0, 0.4231462925851705, 2.333654677741772, -0.7742951281971772, 0.0, 0.4114195651329945, -0.36287556306418267, -0.8298520907903918, 0.0, 2.305941502280556, 1.4760894114901641, 1.0, 0.0, 1.3336546777417722, 2.333654677741772, 0.5
0.4269539078156314, 0.0, 0.4269539078156314, 2.3522173025784383, -0.7774378056982235, 0.0, 0.42025788977288087, -0.35717991592534265, -0.8208939922244234, 0.0, 2.336534068580163, 1.5156400763557398, 1.0, 0.0, 1.3522173025784385, 2.3522173025784383, 0.5
0.43076152304609233, 0.0, 0.43076152304609233, 2.3708969674755487, -0.7805465260772951, 0.0, 0.4292130333667861, -0.351333492710509, -0.8120154292280538, 0.0, 2.3673021949704367, 1.555286765742383, 1.0, 0.0, 1.3708969674755487, 2.3708969674755487, 0.5
0.4345691382765533, 0.0, 0.4345691382765533, 2.3896936724331033, -0.7836215894982428, 0.0, 0.4382856643799854, -0.3453359251182574, -0.803215001888969, 0.0, 2.398245881451377, 1.595030879562408, 1.0, 0.0, 1.3896936724331033, 2.3896936724331033, 0.5
0.43837675350701416, 0.0, 0.43837675350701416, 2.408607417451101, -0.7866632908647513, 0.0, 0.4474764512777533, -0.33918683958699797, -0.7944913469326206, 0.0, 2.4293651280229813, 1.6348737810903606, 1.0, 0.0, 1.4086074174511007, 2.4086074174511007, 0.5
0.4421843687374751, 0.0, 0.4421843687374751, 2.427638202529543, -0.789671919957413, 0.0, 0.45678606252536547, -0.33288585743204757, -0.7858431364547882, 0.0, 2.4606599346852525, 1.6748167982304643, 1.0, 0.0, 1.4276382025295429, 2.427638202529543, 0.5
0.44599198396793605, 0.0, 0.44599198396793605, 2.4467860276684292, -0.7926477615660773, 0.0, 0.46621516658809686, -0.32643259497798044, -0.777269076708481, 0.0, 2.49213030143819, 1.714861224729709, 1.0, 0.0, 1.446786027668429, 2.446786027668429, 0.5
0.44979959919839696, 0.0, 0.44979959919839696, 2.466050892867759, -0.7955910956176806, 0.0, 0.47576443193122236, -0.31982666368645823, -0.7687679069424033, 0.0, 2.5237762282817924, 1.755008321339389, 1.0, 0.0, 1.466050892867759, 2.466050892867759, 0.5
0.4536072144288579, 0.0, 0.4536072144288579, 2.4854327981275324, -0.7985021972997479, 0.0, 0.4854345270200171, -0.3130676702797308, -0.7603383982883768, 0.0, 2.555597715216061, 1.7952593169276843, 1.0, 0.0, 1.4854327981275324, 2.4854327981275324, 0.5
0.45741482965931884, 0.0, 0.45741482965931884, 2.5049317434477505, -0.8013813371797489, 0.0, 0.49522612031975644, -0.3061552168599925, -0.7519793526952664, 0.0, 2.5875947622409967, 1.8356154095457304, 1.0, 0.0, 1.5049317434477505, 2.5049317434477505, 0.5
0.4612224448897797, 0.0, 0.4612224448897797, 2.5245477288284115, -0.8042287813204766, 0.0, 0.5051398802957149, -0.2990889010247617, -0.743689601907094, 0.0, 2.6197673693565964, 1.8760777674495024, 1.0, 0.0, 1.5245477288284115, 2.5245477288284115, 0.5
0.4650300601202406, 0.0, 0.4650300601202406, 2.544280754269517, -0.8070447913916179, 0.0, 0.5151764754131681, -0.29186831597844975, -0.7354680064831596, 0.0, 2.652115536562863, 1.9166475300797032, 1.0, 0.0, 1.5442807542695172, 2.544280754269517, 0.5
0.4688376753507016, 0.0, 0.4688376753507016, 2.5641308197710666, -0.8098296247776695, 0.0, 0.525336574137391, -0.2844930506402785, -0.727313454858119, 0.0, 2.684639263859795, 1.957325809001676, 1.0, 0.0, 1.5641308197710666, 2.5641308197710666, 0.5
0.4726452905811625, 0.0, 0.4726452905811625, 2.58409792533306, -0.8125835346823478, 0.0, 0.5356208449336584, -0.27696268974868943, -0.7192248624400737, 0.0, 2.7173385512473933, 1.9981136888073197, 1.0, 0.0, 1.5840979253330598, 2.58409792533306, 0.5
0.4764529058116234, 0.0, 0.4764529058116234, 2.6041820709554973, -0.8153067702296332, 0.0, 0.5460299562672456, -0.26927681396238756, -0.7112011707448447, 0.0, 2.750213398725657, 2.0390122279808125, 1.0, 0.0, 1.6041820709554973, 2.6041820709554973, 0.5
0.4802605210420844, 0.0, 0.4802605210420844, 2.6243832566383785, -0.8179995765615863, 0.0, 0.556564576603428, -0.26143499995815833, -0.703241346564704, 0.0, 2.7832638062945874, 2.080022459729883, 1.0, 0.0, 1.6243832566383785, 2.6243832566383785, 0.5
0.48406813627254525, 0.0, 0.48406813627254525, 2.644701482381703, -0.820662194933059, 0.0, 0.5672253744074798, -0.25343682052557925, -0.6953443811699287, 0.0, 2.8164897739541823, 2.1211453927842534, 1.0, 0.0, 1.6447014823817034, 2.6447014823817034, 0.5
0.48787575150300616, 0.0, 0.48787575150300616, 2.665136748185472, -0.823294862803429, 0.0, 0.5780130181446769, -0.24528184465875214, -0.6875092895416345, 0.0, 2.849891301704444, 2.1623820121628095, 1.0, 0.0, 1.6651367481854722, 2.665136748185472, 0.5
0.49168336673346713, 0.0, 0.49168336673346713, 2.6856890540496856, -0.825897813925467, 0.0, 0.5889281762802941, -0.23696963764517287, -0.679735109634432, 0.0, 2.8834683895453717, 2.2037332799109395, 1.0, 0.0, 1.6856890540496856, 2.6856890540496856, 0.5
0.49549098196392805, 0.0, 0.49549098196392805, 2.7063583999743424, -0.8284712784314532, 0.0, 0.5999715172796065, -0.22849976115184667, -0.6720209016675228, 0.0, 2.917221037476965, 2.2452001358094424, 1.0, 0.0, 1.7063583999743424, 2.7063583999743424, 0.5
0.49929859719438896, 0.0, 0.49929859719438896, 2.7271447859594433, -0.8310154829166461, 0.0, 0.6111437096078891, -0.21987177330875696, -0.6643657474429308, 0.0, 2.9511492454992245, 2.2867834980562938, 1.0, 0.0, 1.7271447859594429, 2.727144785959443, 0.5
0.50310621242485, 0.0, 0.50310621242485, 2.7480482120049885, -0.8335306505202038, 0.0, 0.6224454217304174, -0.21108522878978642, -0.6567687496896296, 0.0, 2.9852530136121507, 2.328484263922521, 1.0, 0.0, 1.7480482120049883, 2.7480482120049885, 0.5
0.5069138276553108, 0.0, 0.5069138276553108, 2.769068678110976, -0.8360170010036585, 0.0, 0.6338773221124654, -0.2021396788911931, -0.6492290314323993, 0.0, 3.019532341815741, 2.3703033103833415, 1.0, 0.0, 1.7690686781109761, 2.769068678110976, 0.5
0.5107214428857717, 0.0, 0.5107214428857717, 2.7902061842774084, -0.8384747508270288, 0.0, 0.6454400792193092, -0.1930346716077196, -0.6417457353842937, 0.0, 3.053987230109997, 2.4122414947257034, 1.0, 0.0, 1.7902061842774084, 2.7902061842774084, 0.5
0.5145290581162327, 0.0, 0.5145290581162327, 2.811460730504286, -0.8409041132226667, 0.0, 0.657134361516224, -0.18376975170644272, -0.6343180233616766, 0.0, 3.088617678494921, 2.4542996551332443, 1.0, 0.0, 1.8114607305042856, 2.811460730504286, 0.5
0.5183366733466936, 0.0, 0.5183366733466936, 2.832832316791606, -0.8433052982669145, 0.0, 0.6689608374684841, -0.17434446079843036, -0.6269450757208201, 0.0, 3.1234236869705096, 2.4964786112496897, 1.0, 0.0, 1.832832316791606, 2.832832316791606, 0.5
0.5221442885771546, 0.0, 0.5221442885771546, 2.85432094313937, -0.845678512949659, 0.0, 0.680920175541365, -0.16475833740829404, -0.6196260908151207, 0.0, 3.1584052555367643, 2.5387791647216438, 1.0, 0.0, 1.8543209431393701, 2.85432094313937, 0.5
0.5259519038076155, 0.0, 0.5259519038076155, 2.8759266095475784, -0.8480239612418555, 0.0, 0.6930130442001416, -0.15501091704171388, -0.6123602844720355, 0.0, 3.1935623841936844, 2.581202099721649, 1.0, 0.0, 1.8759266095475782, 2.8759266095475784, 0.5
0.5297595190380764, 0.0, 0.5297595190380764, 2.8976493160162304, -0.8503418441610961, 0.0, 0.7052401119100892, -0.14510173225100698, -0.6051468894888851, 0.0, 3.2288950729412704, 2.6237481834523853, 1.0, 0.0, 1.8976493160162304, 2.8976493160162304, 0.5
0.5335671342685373, 0.0, 0.5335671342685373, 2.9194890625453267, -0.8526323598352937, 0.0, 0.7176020471364828, -0.13503031269881094, -0.5979851551467095, 0.0, 3.2644033217795227, 2.6664181666328135, 1.0, 0.0, 1.9194890625453263, 2.9194890625453263, 0.5
0.5373747494989982, 0.0, 0.5373747494989982, 2.9414458491348663, -0.8548957035645477, 0.0, 0.7300995183445974, -0.12479618521995028, -0.5908743467414102, 0.0, 3.300087130708441, 2.709212783967031, 1.0, 0.0, 1.9414458491348663, 2.9414458491348663, 0.5
0.5411823647294591, 0.0, 0.5411823647294591, 2.96351967578485, -0.8571320678812558, 0.0, 0.7427331939997082, -0.11439887388154768, -0.5838137451314442, 0.0, 3.335946499728024, 2.75213275459658, 1.0, 0.0, 1.96351967578485, 2.96351967578485, 0.5
0.54498997995992, 0.0, 0.54498997995992, 2.9857105424952777, -0.859341642608535, 0.0, 0.7555037425670902, -0.10383790004144478, -0.5768026463013746, 0.0, 3.371981428838274, 2.7951787825368997, 1.0, 0.0, 1.9857105424952777, 2.9857105424952777, 0.5
0.548797595190381, 0.0, 0.548797595190381, 3.0080184492661495, -0.8615246149170086, 0.0, 0.7684118325120184, -0.09311278240499021, -0.5698403609406141, 0.0, 3.4081919180391895, 2.8383515570985756, 1.0, 0.0, 2.0080184492661495, 3.0080184492661495, 0.5
0.5526052104208419, 0.0, 0.5526052104208419, 3.030443396097465, -0.8636811693800183, 0.0, 0.7814581322997682, -0.08222303708025003, -0.5629262140367325, 0.0, 3.4445779673307713, 2.881651753294039, 1.0, 0.0, 2.030443396097465, 3.030443396097465, 0.5
0.5564128256513029, 0.0, 0.5564128256513029, 3.052985382989225, -0.865811488027314, 0.0, 0.7946433103956146, -0.07116817763169936, -0.556059544482728, 0.0, 3.4811395767130193, 2.9250800322302912, 1.0, 0.0, 2.052985382989225, 3.052985382989225, 0.5
0.5602204408817638, 0.0, 0.5602204408817638, 3.075644409941429, -0.8679157503972735, 0.0, 0.8079680352648324, -0.059947715132441126, -0.5492397046976899, 0.0, 3.517876746185933, 2.968637041488243, 1.0, 0.0, 2.075644409941429, 3.075644409941429, 0.5
0.5640280561122247, 0.0, 0.5640280561122247, 3.098420476954076, -0.8699941335877036, 0.0, 0.8214329753726968, -0.04856115821500684, -0.5424660602603086, 0.0, 3.554789475749512, 3.0123234154892033, 1.0, 0.0, 2.0984204769540757, 3.0984204769540757, 0.5
0.5678356713426856, 0.0, 0.5678356713426856, 3.121313584027167, -0.8720468123052685, 0.0, 0.8350387991844828, -0.03700801312078572, -0.535737989554716, 0.0, 3.591877765403757, 3.056139775849041, 1.0, 0.0, 2.121313584027167, 3.121313584027167, 0.5
0.5716432865731466, 0.0, 0.5716432865731466, 3.144323731160702, -0.8740739589135924, 0.0, 0.8487861751654657, -0.02528778374812668, -0.5290548834281592, 0.0, 3.6291416151486677, 3.1000867317205083, 1.0, 0.0, 2.144323731160702, 3.144323731160702, 0.5
0.5754509018036075, 0.0, 0.5754509018036075, 3.1674509183546813, -0.8760757434800809, 0.0, 0.8626757717809204, -0.013399971699160518, -0.5224161448600387, 0.0, 3.6665810249842448, 3.144164880124206, 1.0, 0.0, 2.1674509183546813, 3.1674509183546813, 0.5
0.5792585170340685, 0.0, 0.5792585170340685, 3.190695145609105, -0.8780523338215023, 0.0, 0.8767082574961225, -0.001344076325379806, -0.515821188641859, 0.0, 3.704195994910488, 3.1883748062686292, 1.0, 0.0, 2.190695145609105, 3.190695145609105, 0.5
0.5830661322645293, 0.0, 0.5830661322645293, 3.2140564129239713, -0.8800038955483714, 0.0, 0.8908843007763456, 0.010880405227974177, -0.5092694410676654, 0.0, 3.7419865249273956, 3.2327170838597303, 1.0, 0.0, 2.2140564129239713, 3.2140564129239713, 0.5
0.5868737474949902, 0.0, 0.5868737474949902, 3.2375347202992826, -0.8819305921081744, 0.0, 0.9052045700868665, 0.02327397797869213, -0.502760339634553, 0.0, 3.7799526150349703, 3.2771922754004175, 1.0, 0.0, 2.237534720299282, 3.237534720299282, 0.5
0.5906813627254512, 0.0, 0.5906813627254512, 3.2611300677350377, -0.8838325848274686, 0.0, 0.9196697338929599, 0.03583714906549129, -0.4962933327528638, 0.0, 3.8180942652332113, 3.3218009324803477, 1.0, 0.0, 2.2611300677350377, 3.2611300677350377, 0.5
0.594488977955912, 0.0, 0.594488977955912, 3.284842455231235, -0.8857100329529013, 0.0, 0.9342804606598997, 0.048570427706998376, -0.4898678794656921, 0.0, 3.8564114755221164, 3.3665435960564243, 1.0, 0.0, 2.284842455231235, 3.284842455231235, 0.5
0.5982965931863731, 0.0, 0.5982965931863731, 3.3086718827878787, -0.8875630936911743, 0.0, 0.9490374188529628, 0.06147432516178852, -0.48348344917734276, 0.0, 3.8949042459016896, 3.4114207967243466, 1.0, 0.0, 2.3086718827878787, 3.3086718827878787, 0.5
0.602104208416834, 0.0, 0.602104208416834, 3.3326183504049656, -0.8893919222479921, 0.0, 0.9639412769374227, 0.07454935468943058, -0.4771395213904073, 0.0, 3.933572576371928, 3.4564330549815203, 1.0, 0.0, 2.3326183504049656, 3.3326183504049656, 0.5
0.6059118236472948, 0.0, 0.6059118236472948, 3.356681858082495, -0.891196671866026, 0.0, 0.9789927033785549, 0.0877960315125289, -0.4708355854511225, 0.0, 3.97241646693283, 3.5015808814817078, 1.0, 0.0, 2.356681858082495, 3.356681858082495, 0.5
0.6097194388777558, 0.0, 0.6097194388777558, 3.38086240582047, -0.8929774938619219, 0.0, 0.9941923666416357, 0.10121487277971375, -0.4645711403027077, 0.0, 4.011435917584401, 3.5468647772816935, 1.0, 0.0, 2.38086240582047, 3.38086240582047, 0.5
0.6135270541082167, 0.0, 0.6135270541082167, 3.4051599936188883, -0.8947345376623842, 0.0, 1.0095409351919384, 0.11480639752955424, -0.4583456942463808, 0.0, 4.050630928326637, 3.592285234080256, 1.0, 0.0, 2.4051599936188883, 3.4051599936188883, 0.5
0.6173346693386776, 0.0, 0.6173346693386776, 3.4295746214777507, -0.8964679508393651, 0.0, 1.0250390774947389, 0.12857112665537374, -0.45215876470976457, 0.0, 4.090001499159538, 3.637842734449773, 1.0, 0.0, 2.4295746214777503, 3.4295746214777503, 0.5
0.6211422845691386, 0.0, 0.6211422845691386, 3.454106289397057, -0.8981778791443847, 0.0, 1.0406874620153124, 0.14250958287092763, -0.4460098780224159, 0.0, 4.129547630083105, 3.6835377520606896, 1.0, 0.0, 2.4541062893970564, 3.4541062893970564, 0.5
0.6249498997995996, 0.0, 0.6249498997995996, 3.4787549973768073, -0.8998644665420097, 0.0, 1.0564867572189343, 0.15662229067692457, -0.4398985691982125, 0.0, 4.16926932109734, 3.7293707518991273, 1.0, 0.0, 2.4787549973768073, 3.4787549973768073, 0.5
0.6287575150300604, 0.0, 0.6287575150300604, 3.503520745417, -0.9015278552425156, 0.0, 1.0724376315708781, 0.17090977632836257, -0.43382438172435067, 0.0, 4.209166572202237, 3.7753421904778866, 1.0, 0.0, 2.5035207454170005, 3.5035207454170005, 0.5
0.6325651302605213, 0.0, 0.6325651302605213, 3.528403533517638, -0.9031681857337588, 0.0, 1.0885407535364204, 0.18537256780266165, -0.4277868673567097, 0.0, 4.249239383397802, 3.821452516041092, 1.0, 0.0, 2.5284035335176385, 3.5284035335176385, 0.5
0.6363727454909823, 0.0, 0.6363727454909823, 3.553403361678721, -0.9047855968122811, 0.0, 1.1047967915808365, 0.20001119476855544, -0.42178558592136034, 0.0, 4.289487754684034, 3.8677021687626736, 1.0, 0.0, 2.553403361678721, 3.553403361678721, 0.5
0.6401803607214431, 0.0, 0.6401803607214431, 3.5785202299002457, -0.9063802256136685, 0.0, 1.1212064141693998, 0.21482618855573132, -0.4158201051219921, 0.0, 4.329911686060929, 3.914091580938937, 1.0, 0.0, 2.5785202299002457, 3.5785202299002457, 0.5
0.6439879759519042, 0.0, 0.6439879759519042, 3.6037541381822162, -0.9079522076421895, 0.0, 1.1377702897673876, 0.22981808212519805, -0.409890000353049, 0.0, 4.370511177528494, 3.9606211771754447, 1.0, 0.0, 2.6037541381822162, 3.6037541381822162, 0.5
0.6477955911823651, 0.0, 0.6477955911823651, 3.6291050865246297, -0.9095016767997308, 0.0, 1.1544890868400732, 0.2449874100403424, -0.40399485451837736, 0.0, 4.411286229086722, 4.007291374568345, 1.0, 0.0, 2.6291050865246297, 3.6291050865246297, 0.5
0.6516032064128259, 0.0, 0.6516032064128259, 3.6545730749274865, -0.9110287654140543, 0.0, 1.1713634738527317, 0.26033470843867734, -0.3981342578551836, 0.0, 4.452236840735615, 4.054102582880432, 1.0, 0.0, 2.6545730749274865, 3.6545730749274865, 0.5
0.6554108216432869, 0.0, 0.6554108216432869, 3.680158103390789, -0.9125336042663917, 0.0, 1.1883941192706398, 0.275860515004248, -0.3923078077631225, 0.0, 4.493363012475176, 4.101055204712053, 1.0, 0.0, 2.680158103390789, 3.680158103390789, 0.5
0.6592184368737478, 0.0, 0.6592184368737478, 3.7058601719145337, -0.9140163226183994, 0.0, 1.205581691559071, 0.29156536894067153, -0.3865151086383374, 0.0, 4.5346647443054025, 4.148149635667065, 1.0, 0.0, 2.7058601719145337, 3.7058601719145337, 0.5
0.6630260521042087, 0.0, 0.6630260521042087, 3.731679280498723, -0.9154770482384904, 0.0, 1.2229268591833007, 0.3074498109448103, -0.38075577171227576, 0.0, 4.576142036226294, 4.195386264514018, 1.0, 0.0, 2.731679280498723, 3.731679280498723, 0.5
0.6668336673346696, 0.0, 0.6668336673346696, 3.757615429143356, -0.91691590742756, 0.0, 1.2404302906086044, 0.3235143831810444, -0.37502941489512326, 0.0, 4.617794888237851, 4.242765473342728, 1.0, 0.0, 2.757615429143356, 3.757615429143356, 0.5
0.6706412825651306, 0.0, 0.6706412825651306, 3.7836686178484333, -0.9183330250441265, 0.0, 1.258092654300257, 0.33975962925613057, -0.3693356626236931, 0.0, 4.659623300340076, 4.290287637716383, 1.0, 0.0, 2.7836686178484333, 3.7836686178484333, 0.5
0.6744488977955915, 0.0, 0.6744488977955915, 3.809838846613954, -0.9197285245288973, 0.0, 1.2759146187235337, 0.3561860941946364, -0.3636741457136222, 0.0, 4.701627272532965, 4.337953126819343, 1.0, 0.0, 2.809838846613954, 3.809838846613954, 0.5
0.6782565130260524, 0.0, 0.6782565130260524, 3.836126115439919, -0.921102527928784, 0.0, 1.2938968523437095, 0.37279432441492555, -0.3580445012157277, 0.0, 4.74380680481652, 4.385762303600792, 1.0, 0.0, 2.836126115439919, 3.836126115439919, 0.5
0.6820641282565134, 0.0, 0.6820641282565134, 3.8625304243263288, -0.9224551559203756, 0.0, 1.3120400236260596, 0.389584867705684, -0.35244637227638376, 0.0, 4.786161897190743, 4.433715524914359, 1.0, 0.0, 2.8625304243263288, 3.8625304243263288, 0.5
0.6858717434869742, 0.0, 0.6858717434869742, 3.8890517732731804, -0.9237865278328887, 0.0, 1.330344801035858, 0.40655827320296933, -0.34687940800178607, 0.0, 4.828692549655629, 4.481813141653843, 1.0, 0.0, 2.8890517732731804, 3.8890517732731804, 0.5
0.6896793587174352, 0.0, 0.6896793587174352, 3.9156901622804776, -0.9250967616706075, 0.0, 1.3488118530383817, 0.4237150913677742, -0.341343263325971, 0.0, 4.871398762211183, 4.530055498885212, 1.0, 0.0, 2.9156901622804776, 3.9156901622804776, 0.5
0.6934869739478962, 0.0, 0.6934869739478962, 3.9424455913482186, -0.9263859741348289, 0.0, 1.3674418480989043, 0.4410558739640754, -0.33583759888247183, 0.0, 4.914280534857403, 4.57844293597493, 1.0, 0.0, 2.9424455913482186, 3.9424455913482186, 0.5
0.697294589178357, 0.0, 0.697294589178357, 3.969318060476402, -0.9276542806453248, 0.0, 1.386235454682701, 0.4585811740373761, -0.3303620808794853, 0.0, 4.957337867594285, 4.6269757867148, 1.0, 0.0, 2.969318060476402, 3.969318060476402, 0.5
0.701102204408818, 0.0, 0.701102204408818, 3.9963075696650314, -0.9289017953613365, 0.0, 1.4051933412550481, 0.4762915458937116, -0.3249163809784385, 0.0, 5.000570760421837, 4.675654379443399, 1.0, 0.0, 2.9963075696650314, 3.9963075696650314, 0.5
0.7049098196392789, 0.0, 0.7049098196392789, 4.023414118914104, -0.9301286312021122, 0.0, 1.4243161762812193, 0.4941875450791071, -0.3195001761758458, 0.0, 5.043979213340054, 4.724479037164208, 1.0, 0.0, 3.0234141189141037, 4.023414118914104, 0.5
0.7087174348697398, 0.0, 0.7087174348697398, 4.05063770822362, -0.9313348998670011, 0.0, 1.44360462822649, 0.5122697283594889, -0.31411314868834533, 0.0, 5.087563226348937, 4.773450077660592, 1.0, 0.0, 3.0506377082236202, 4.05063770822362, 0.5
0.7125250501002007, 0.0, 0.7125250501002007, 4.07797833759358, -0.932520711855116, 0.0, 1.463059365556136, 0.5305386537010199, -0.30875498584081734, 0.0, 5.131322799448485, 4.822567813607668, 1.0, 0.0, 3.0779783375935796, 4.07797833759358, 0.5
0.7163326653306616, 0.0, 0.7163326653306616, 4.105436007023984, -0.9336861764845745, 0.0, 1.4826810567354314, 0.5489948802508569, -0.3034253799574835, 0.0, 5.175257932638699, 4.871832552681216, 1.0, 0.0, 3.105436007023984, 4.105436007023984, 0.5
0.7201402805611226, 0.0, 0.7201402805611226, 4.133010716514832, -0.9348314019113332, 0.0, 1.5024703702296516, 0.5676389683183184, -0.2981240282558927, 0.0, 5.219368625919579, 4.921244597663686, 1.0, 0.0, 3.133010716514832, 4.133010716514832, 0.5
0.7239478957915835, 0.0, 0.7239478957915835, 4.160702466066124, -0.9359564951476206, 0.0, 1.522427974504072, 0.5864714793564515, -0.2928506327437024, 0.0, 5.263654879291126, 4.970804246547424, 1.0, 0.0, 3.160702466066124, 4.160702466066124, 0.5
0.7277555110220445, 0.0, 0.7277555110220445, 4.18851125567786, -0.9370615620799853, 0.0, 1.5425545380239682, 0.605492975943983, -0.287604900118167, 0.0, 5.308116692753338, 5.020511792635172, 1.0, 0.0, 3.1885112556778603, 4.18851125567786, 0.5
0.7315631262525053, 0.0, 0.7315631262525053, 4.216437085350039, -0.9381467074869633, 0.0, 1.5628507292546132, 0.6247040217676499, -0.28238654166824956, 0.0, 5.352754066306215, 5.070367524637965, 1.0, 0.0, 3.216437085350039, 4.216437085350039, 0.5
0.7353707414829663, 0.0, 0.7353707414829663, 4.244479955082664, -0.9392120350563813, 0.0, 1.583317216661285, 0.6441051816049037, -0.2771952731792724, 0.0, 5.39756699994976, 5.120371726770488, 1.0, 0.0, 3.244479955082664, 4.244479955082664, 0.5
0.7391783567134272, 0.0, 0.7391783567134272, 4.272639864875732, -0.9402576474022974, 0.0, 1.603954668709256, 0.6636970213069586, -0.27203081484003294, 0.0, 5.442555493683969, 5.170524678843936, 1.0, 0.0, 3.2726398648757318, 4.272639864875732, 0.5
0.742985971943888, 0.0, 0.742985971943888, 4.300916814729241, -0.9412836460815962, 0.0, 1.6247637538638022, 0.683480107782206, -0.2668928911523029, 0.0, 5.487719547508843, 5.22082665635654, 1.0, 0.0, 3.300916814729242, 4.300916814729241, 0.5
0.7467935871743491, 0.0, 0.7467935871743491, 4.329310804643198, -0.9422901316102417, 0.0, 1.6457451405902002, 0.7034550089799585, -0.26178123084264143, 0.0, 5.5330591614243865, 5.271277930581745, 1.0, 0.0, 3.3293108046431987, 4.329310804643199, 0.5
0.75060120240481, 0.0, 0.75060120240481, 4.357821834617598, -0.9432772034791993, 0.0, 1.666899497353723, 0.7236222938745237, -0.25669556677645233, 0.0, 5.578574335430593, 5.321878768654141, 1.0, 0.0, 3.3578218346175976, 4.357821834617598, 0.5
0.7544088176352709, 0.0, 0.7544088176352709, 4.386449904652441, -0.9442449601700355, 0.0, 1.6882274926196463, 0.7439825324496109, -0.25163563587421295, 0.0, 5.624265069527466, 5.372629433653253, 1.0, 0.0, 3.386449904652441, 4.386449904652441, 0.5
0.7582164328657318, 0.0, 0.7582164328657318, 4.415195014747728, -0.9451934991702009, 0.0, 1.7097297948532453, 0.7645362956830444, -0.2466011790298137, 0.0, 5.670131363715004, 5.423530184685191, 1.0, 0.0, 3.415195014747728, 4.415195014747728, 0.5
0.7620240480961927, 0.0, 0.7620240480961927, 4.444057164903459, -0.946122916988008, 0.0, 1.7314070725197954, 0.7852841555317874, -0.24159194103094206, 0.0, 5.7161732179932105, 5.474581276962269, 1.0, 0.0, 3.4440571649034593, 4.444057164903459, 0.5
0.7658316633266536, 0.0, 0.7658316633266536, 4.473036355119634, -0.9470333091673082, 0.0, 1.753259994084571, 0.8062266849172628, -0.2366076704814512, 0.0, 5.76239063236208, 5.525782961880629, 1.0, 0.0, 3.4730363551196346, 4.473036355119635, 0.5
0.7696392785571146, 0.0, 0.7696392785571146, 4.502132585396254, -0.9479247703018784, 0.0, 1.775289228012848, 0.8273644577109697, -0.23164811972565336, 0.0, 5.808783606821617, 5.577135487095964, 1.0, 0.0, 3.502132585396253, 4.502132585396253, 0.5
0.7734468937875756, 0.0, 0.7734468937875756, 4.531345855733317, -0.9487973940495217, 0.0, 1.7974954427699015, 0.8486980487203798, -0.2267130447744813, 0.0, 5.85535214137182, 5.628639096597339, 1.0, 0.0, 3.531345855733317, 4.531345855733317, 0.5
0.7772545090180364, 0.0, 0.7772545090180364, 4.560676166130822, -0.9496512731458902, 0.0, 1.8198793068210048, 0.8702280336751147, -0.22180220523346372, 0.0, 5.902096236012687, 5.680294030779224, 1.0, 0.0, 3.5606761661308224, 4.560676166130822, 0.5
0.7810621242484974, 0.0, 0.7810621242484974, 4.590123516588774, -0.9504864994180379, 0.0, 1.8424414886314358, 0.8919549892133979, -0.21691536423245833, 0.0, 5.9490158907442225, 5.732100526511764, 1.0, 0.0, 3.5901235165887746, 4.590123516588775, 0.5
0.7848697394789583, 0.0, 0.7848697394789583, 4.619687907107169, -0.9513031637977098, 0.0, 1.8651826566664673, 0.9138794928687575, -0.21205228835709666, 0.0, 5.996111105566422, 5.784058817209326, 1.0, 0.0, 3.619687907107169, 4.619687907107169, 0.5
0.7886773547094191, 0.0, 0.7886773547094191, 4.649369337686006, -0.952101356334371, 0.0, 1.8881034793913745, 0.9360021230570035, -0.20721274758188524, 0.0, 6.043381880479287, 5.8361691328974015, 1.0, 0.0, 3.6493693376860064, 4.649369337686006, 0.5
0.7924849699398802, 0.0, 0.7924849699398802, 4.679167808325289, -0.9528811662079862, 0.0, 1.9112046252714345, 0.9583234590634483, -0.20239651520491803, 0.0, 6.09082821548282, 5.888431700277902, 1.0, 0.0, 3.6791678083252894, 4.679167808325289, 0.5
0.7962925851703411, 0.0, 0.7962925851703411, 4.709083319025016, -0.9536426817415521, 0.0, 1.9344867627719204, 0.9808440810303684, -0.19760336778415588, 0.0, 6.138450110577018, 5.940846742792862, 1.0, 0.0, 3.709083319025016, 4.709083319025016, 0.5
0.800100200400802, 0.0, 0.800100200400802, 4.739115869785186, -0.9543859904133923, 0.0, 1.957950560358108, 1.0035645699447158, -0.19283308507522245, 0.0, 6.186247565761882, 5.993414480686659, 1.0, 0.0, 3.739115869785186, 4.739115869785186, 0.5
0.8039078156312629, 0.0, 0.8039078156312629, 4.7692654606058005, -0.9551111788692148, 0.0, 1.9815966864952723, 1.0264855076260575, -0.18808544997067927, 0.0, 6.234220581037411, 6.046135131066731, 1.0, 0.0, 3.7692654606058005, 4.7692654606058005, 0.5
0.8077154308617238, 0.0, 0.8077154308617238, 4.799532091486858, -0.9558183329339444, 0.0, 2.0054258096486883, 1.049607476714744, -0.1833602484407344, 0.0, 6.282369156403606, 6.0990089079628715, 1.0, 0.0, 3.7995320914868587, 4.799532091486858, 0.5
0.8115230460921847, 0.0, 0.8115230460921847, 4.82991576242836, -0.9565075376233293, 0.0, 2.0294385982836314, 1.0729310606603022, -0.17865726947534544, 0.0, 6.330693291860467, 6.152036022385121, 1.0, 0.0, 3.82991576242836, 4.82991576242836, 0.5
0.8153306613226456, 0.0, 0.8153306613226456, 4.860416473430306, -0.9571788771553326, 0.0, 2.053635720865376, 1.0964568437100435, -0.17397630502767802, 0.0, 6.379192987407994, 6.205216682380316, 1.0, 0.0, 3.8604164734303064, 4.860416473430306, 0.5
0.8191382765531067, 0.0, 0.8191382765531067, 4.891034224492698, -0.9578324349613084, 0.0, 2.0780178458591987, 1.1201854108978901, -0.16931714995888103, 0.0, 6.427868243046189, 6.258551093087307, 1.0, 0.0, 3.891034224492697, 4.891034224492698, 0.5
0.8229458917835675, 0.0, 0.8229458917835675, 4.9217690156155305, -0.9584682936969711, 0.0, 2.1025856417303714, 1.1441173480334004, -0.16467960198414305, 0.0, 6.476719058775046, 6.312039456790903, 1.0, 0.0, 3.9217690156155305, 4.9217690156155305, 0.5
0.8267535070140284, 0.0, 0.8267535070140284, 4.9526208467988075, -0.9590865352531622, 0.0, 2.1273397769441726, 1.1682532416910103, -0.16006346161999213, 0.0, 6.525745434594571, 6.365681972974579, 1.0, 0.0, 3.9526208467988075, 4.9526208467988075, 0.5
0.8305611222444894, 0.0, 0.8305611222444894, 4.983589718042531, -0.9596872407664185, 0.0, 2.152280919965877, 1.1925936791994585, -0.15546853213280898, 0.0, 6.574947370504763, 6.419478838371954, 1.0, 0.0, 3.9835897180425306, 4.983589718042531, 0.5
0.8343687374749502, 0.0, 0.8343687374749502, 5.014675629346694, -0.9602704906293464, 0.0, 2.177409739260757, 1.2171392486314105, -0.15089461948851607, 0.0, 6.624324866505617, 6.4734302470171015, 1.0, 0.0, 4.014675629346694, 5.014675629346694, 0.5
0.8381763527054112, 0.0, 0.8381763527054112, 5.045878580711305, -0.9608363645008053, 0.0, 2.202726903294091, 1.2418905387932855, -0.1463415323034109, 0.0, 6.673877922597141, 6.52753639029373, 1.0, 0.0, 4.045878580711305, 5.045878580711305, 0.5
0.8419839679358722, 0.0, 0.8419839679358722, 5.077198572136359, -0.9613849413159095, 0.0, 2.2282330805311514, 1.266848139215242, -0.14180908179611706, 0.0, 6.72360653877933, 6.581797456983213, 1.0, 0.0, 4.077198572136359, 5.077198572136359, 0.5
0.8457915831663331, 0.0, 0.8457915831663331, 5.108635603621856, -0.9619162992958455, 0.0, 2.2539289394372144, 1.292012640141369, -0.13729708174061528, 0.0, 6.773510715052184, 6.636213633311568, 1.0, 0.0, 4.108635603621856, 5.108635603621856, 0.5
0.849599198396794, 0.0, 0.849599198396794, 5.140189675167798, -0.9624305159575152, 0.0, 2.2798151484775557, 1.3173846325200405, -0.13280534842033226, 0.0, 6.823590451415704, 6.690785102995372, 1.0, 0.0, 4.140189675167798, 5.140189675167798, 0.5
0.8534068136272549, 0.0, 0.8534068136272549, 5.171860786774182, -0.9629276681230042, 0.0, 2.3058923761174492, 1.3429647079944451, -0.12833370058325438, 0.0, 6.873845747869888, 6.745512047286634, 1.0, 0.0, 4.171860786774182, 5.171860786774182, 0.5
0.8572144288577158, 0.0, 0.8572144288577158, 5.203648938441011, -0.9634078319288826, 0.0, 2.3321612908221705, 1.368753458893288, -0.12388195939804143, 0.0, 6.924276604414741, 6.800394645016699, 1.0, 0.0, 4.203648938441011, 5.203648938441011, 0.5
0.8610220440881767, 0.0, 0.8610220440881767, 5.235554130168284, -0.9638710828353398, 0.0, 2.358622561056995, 1.3947514782216552, -0.1194499484111123, 0.0, 6.974883021050259, 6.855433072639146, 1.0, 0.0, 4.235554130168285, 5.235554130168285, 0.5
0.8648296593186378, 0.0, 0.8648296593186378, 5.267576361956002, -0.9643174956351581, 0.0, 2.385276855287198, 1.42095935965204, -0.11503749350467758, 0.0, 7.025664997776444, 6.910627504271766, 1.0, 0.0, 4.267576361956002, 5.267576361956002, 0.5
0.8686372745490986, 0.0, 0.8686372745490986, 5.299715633804162, -0.9647471444625273, 0.0, 2.412124841978053, 1.4473776975155257, -0.11064442285569494, 0.0, 7.076622534593291, 6.965978111737596, 1.0, 0.0, 4.299715633804162, 5.299715633804162, 0.5
0.8724448897795595, 0.0, 0.8724448897795595, 5.331971945712766, -0.965160102801707, 0.0, 2.4391671895948366, 1.4740070867931294, -0.10627056689571975, 0.0, 7.127755631500806, 7.021485064605086, 1.0, 0.0, 4.331971945712766, 5.331971945712766, 0.5
0.8762525050100205, 0.0, 0.8762525050100205, 5.364345297681815, -0.9655564434955345, 0.0, 2.466404566602824, 1.5008481231072897, -0.10191575827163278, 0.0, 7.179064288498989, 7.077148530227356, 1.0, 0.0, 4.364345297681815, 5.364345297681815, 0.5
0.8800601202404813, 0.0, 0.8800601202404813, 5.396835689711307, -0.9659362387537873, 0.0, 2.4938376414672883, 1.527901402713501, -0.09757983180721795, 0.0, 7.230548505587834, 7.132968673780615, 1.0, 0.0, 4.396835689711307, 5.396835689711307, 0.5
0.8838677354709423, 0.0, 0.8838677354709423, 5.4294431218012456, -0.9662995601614011, 0.0, 2.5214670826535075, 1.5551675224921064, -0.09326262446556831, 0.0, 7.282208282767348, 7.18894565830178, 1.0, 0.0, 4.429443121801245, 5.429443121801245, 0.5
0.8876753507014032, 0.0, 0.8876753507014032, 5.462167593951625, -0.9666464786865426, 0.0, 2.549293558626755, 1.5826470799402124, -0.08896397531230289, 0.0, 7.3340436200375265, 7.245079644725224, 1.0, 0.0, 4.462167593951626, 5.462167593951626, 0.5
0.8914829659318642, 0.0, 0.8914829659318642, 5.49500910616245, -0.9669770646885492, 0.0, 2.5773177378523053, 1.6103406731637562, -0.08468372547956791, 0.0, 7.386054517398371, 7.301370791918803, 1.0, 0.0, 4.49500910616245, 5.49500910616245, 0.5
0.8952905811623251, 0.0, 0.8952905811623251, 5.527967658433718, -0.9672913879257279, 0.0, 2.605540288795434, 1.6382489008697063, -0.08042171813080685, 0.0, 7.438240974849882, 7.357819256719075, 1.0, 0.0, 4.527967658433718, 5.527967658433718, 0.5
0.899098196392786, 0.0, 0.899098196392786, 5.5610432507654295, -0.9675895175630252, 0.0, 2.6339618799214173, 1.6663723623583921, -0.07617779842627757, 0.0, 7.490602992392058, 7.414425193965781, 1.0, 0.0, 4.5610432507654295, 5.5610432507654295, 0.5
0.9029058116232469, 0.0, 0.9029058116232469, 5.594235883157586, -0.9678715221795661, 0.0, 2.6625831796955293, 1.6947116575159633, -0.07195181348929797, 0.0, 7.5431405700249, 7.471188756535603, 1.0, 0.0, 4.594235883157586, 5.594235883157586, 0.5
0.9067134268537078, 0.0, 0.9067134268537078, 5.627545555610186, -0.9681374697760631, 0.0, 2.691404856583045, 1.7232673868069819, -0.06774361237320206, 0.0, 7.595853707748409, 7.528110095375207, 1.0, 0.0, 4.627545555610186, 5.627545555610186, 0.5
0.9105210420841688, 0.0, 0.9105210420841688, 5.660972268123231, -0.9683874277821063, 0.0, 2.72042757904924, 1.7520401512671337, -0.0635530460289882, 0.0, 7.648742405562584, 7.5851893595335955, 1.0, 0.0, 4.660972268123231, 5.660972268123231, 0.5
0.9143286573146296, 0.0, 0.9143286573146296, 5.694516020696717, -0.9686214630633263, 0.0, 2.7496520155593878, 1.7810305524960615, -0.05937996727364307, 0.0, 7.701806663467423, 7.6424266961937795, 1.0, 0.0, 4.694516020696717, 5.694516020696717, 0.5
0.9181362725450906, 0.0, 0.9181362725450906, 5.728176813330649, -0.9688396419284407, 0.0, 2.7790788345787654, 1.8102391926503247, -0.0552242307591221, 0.0, 7.755046481462928, 7.699822250703806, 1.0, 0.0, 4.728176813330649, 5.728176813330649, 0.5
0.9219438877755516, 0.0, 0.9219438877755516, 5.761954646025027, -0.9690420301361833, 0.0, 2.8087087045726484, 1.8396666744364651, -0.051085692941974, 0.0, 7.8084618595491015, 7.757376166607128, 1.0, 0.0, 4.761954646025027, 5.761954646025027, 0.5
0.9257515030060124, 0.0, 0.9257515030060124, 5.7958495187798444, -0.9692286929021167, 0.0, 2.838542294006308, 1.8693136011041913, -0.04696421205359021, 0.0, 7.862052797725937, 7.815088585672347, 1.0, 0.0, 4.7958495187798444, 5.7958495187798444, 0.5
0.9295591182364734, 0.0, 0.9295591182364734, 5.829861431595109, -0.969399694905337, 0.0, 2.8685802713450244, 1.8991805764396874, -0.04285964807106374, 0.0, 7.915819295993442, 7.872959647922379, 1.0, 0.0, 4.829861431595109, 5.829861431595109, 0.5
0.9333667334669343, 0.0, 0.9333667334669343, 5.863990384470817, -0.9695551002950648, 0.0, 2.8988233050540693, 1.9292682047590044, -0.03877186268864642, 0.0, 7.969761354351611, 7.930989491662965, 1.0, 0.0, 4.863990384470817, 5.863990384470817, 0.5
0.9371743486973951, 0.0, 0.9371743486973951, 5.898236377406967, -0.9696949726971299, 0.0, 2.9292720635987184, 1.9595770909015884, -0.034700719289784396, 0.0, 8.023878972800444, 7.98917825351066, 1.0, 0.0, 4.898236377406967, 5.898236377406967, 0.5
0.9409819639278562, 0.0, 0.9409819639278562, 5.932599410403563, -0.9698193752203519, 0.0, 2.9599272154442478, 1.9901078402238959, -0.030646082919721693, 0.0, 8.078172151339947, 8.047526068420225, 1.0, 0.0, 4.932599410403563, 5.932599410403563, 0.5
0.9447895791583171, 0.0, 0.9447895791583171, 5.967079483460603, -0.9699283704628147, 0.0, 2.9907894290559316, 2.020861058593117, -0.026607820258657995, 0.0, 8.132640889970114, 8.106033069711456, 1.0, 0.0, 4.967079483460602, 5.967079483460602, 0.5
0.948597194388778, 0.0, 0.948597194388778, 6.0016765965780845, -0.9700220205180435, 0.0, 3.021859372899045, 2.0518373523810016, -0.022585799595444073, 0.0, 8.187285188690947, 8.164699389095503, 1.0, 0.0, 5.001676596578085, 6.001676596578085, 0.5
0.9524048096192389, 0.0, 0.9524048096192389, 6.036390749756013, -0.970100386981079, 0.0, 3.0531377154388633, 2.083037328457784, -0.018579890801805762, 0.0, 8.242105047502445, 8.223525156700639, 1.0, 0.0, 5.036390749756013, 6.036390749756013, 0.5
0.9562124248496999, 0.0, 0.9562124248496999, 6.071221942994384, -0.9701635309544572, 0.0, 3.0846251251406627, 2.1144615941862055, -0.014589965307081391, 0.0, 8.297100466404611, 8.28251050109753, 1.0, 0.0, 5.071221942994384, 6.071221942994384, 0.5
0.9600200400801607, 0.0, 0.9600200400801607, 6.1061701762931975, -0.9702115130540925, 0.0, 3.1163222704697153, 2.146110757415623, -0.01061589607346198, 0.0, 8.352271445397442, 8.34165554932398, 1.0, 0.0, 5.1061701762931975, 6.1061701762931975, 0.5
0.9638276553106216, 0.0, 0.9638276553106216, 6.1412354496524575, -0.9702443934150679, 0.0, 3.148229819891298, 2.1779854264762304, -0.006657557571719756, 0.0, 8.407617984480936, 8.400960426909217, 1.0, 0.0, 5.141235449652457, 6.141235449652457, 0.5
0.9676352705410827, 0.0, 0.9676352705410827, 6.176417763072161, -0.9702622316973332, 0.0, 3.180348441870688, 2.2100862101733547, -0.002714825757417369, 0.0, 8.463140083655102, 8.460425257897684, 1.0, 0.0, 5.176417763072161, 6.176417763072161, 0.5
0.9714428857715435, 0.0, 0.9714428857715435, 6.211717116552307, -0.970265087091315, 0.0, 3.2126788048731556, 2.2424137177818406, 0.0012124219524168312, 0.0, 8.518837742919928, 8.520050164872345, 1.0, 0.0, 5.211717116552307, 6.211717116552307, 0.5
0.9752505010020045, 0.0, 0.9752505010020045, 6.2471335100928975, -0.9702530183234365, 0.0, 3.2452215773639805, 2.274968559040544, 0.005124306702158365, 0.0, 8.574710962275422, 8.57983526897758, 1.0, 0.0, 5.2471335100928975, 6.2471335100928975, 0.5
0.9790581162324654, 0.0, 0.9790581162324654, 6.282666943693933, -0.9702260836615538, 0.0, 3.277977427808435, 2.307751344146881, 0.00902094822000793, 0.0, 8.630759741721581, 8.63978068994159, 1.0, 0.0, 5.282666943693932, 6.282666943693932, 0.5
0.9828657314629262, 0.0, 0.9828657314629262, 6.318317417355409, -0.9701843409203044, 0.0, 3.310947024671794, 2.34076268375149, 0.012902464839980268, 0.0, 8.686984081258405, 8.699886546098385, 1.0, 0.0, 5.318317417355409, 6.318317417355409, 0.5
0.9866733466933872, 0.0, 0.9866733466933872, 6.354084931077333, -0.9701278474663755, 0.0, 3.344131036419335, 2.3740031889529596, 0.0167689735234668, 0.0, 8.743383980885898, 8.760152954409365, 1.0, 0.0, 5.354084931077333, 6.354084931077333, 0.5
0.9904809619238482, 0.0, 0.9904809619238482, 6.389969484859699, -0.9700566602236903, 0.0, 3.3775301315163313, 2.407473471292641, 0.020620589880382005, 0.0, 8.799959440604056, 8.820580030484438, 1.0, 0.0, 5.389969484859699, 6.389969484859699, 0.5
0.9942885771543091, 0.0, 0.9942885771543091, 6.425971078702508, -0.9699708356785136, 0.0, 3.411144978428058, 2.4411741427495444, 0.02445742818990622, 0.0, 8.856710460412879, 8.881167888602786, 1.0, 0.0, 5.425971078702509, 6.425971078702509, 0.5
0.99809619238477, 0.0, 0.99809619238477, 6.4620897126057635, -0.9698704298844802, 0.0, 3.4449762456197908, 2.4751058157353105, 0.028279601420830375, 0.0, 8.913637040312368, 8.941916641733199, 1.0, 0.0, 5.4620897126057635, 6.4620897126057635, 0.5
1.001903807615231, 0.0, 1.001903807615231, 6.49832538656946, -0.9697554984675466, 0.0, 3.4790246015568047, 2.509269103089258, 0.03208722125151407, 0.0, 8.970739180302523, 9.002826401554037, 1.0, 0.0, 5.49832538656946, 6.49832538656946, 0.5
1.0057114228456918, 0.0, 1.0057114228456918, 6.534678100593602, -0.9696260966308662, 0.0, 3.513290714704374, 2.5436646180735076, 0.03588039808946499, 0.0, 9.028016880383344, 9.063897278472808, 1.0, 0.0, 5.534678100593602, 6.534678100593602, 0.5
1.0095190380761527, 0.0, 1.0095190380761527, 6.5711478546781885, -0.9694822791595921, 0.0, 3.547775253527775, 2.578292974368183, 0.03965924109054841, 0.0, 9.085470140554833, 9.125129381645381, 1.0, 0.0, 5.5711478546781885, 6.5711478546781885, 0.5
1.0133266533066136, 0.0, 1.0133266533066136, 6.607734648823218, -0.9693241004256069, 0.0, 3.5824788864922814, 2.6131547860666746, 0.04342385817783508, 0.0, 9.143098960816983, 9.186522818994819, 1.0, 0.0, 5.607734648823218, 6.607734648823218, 0.5
1.0171342685370746, 0.0, 1.0171342685370746, 6.644438483028692, -0.9691516143921816, 0.0, 3.6174022820631695, 2.648250667670988, 0.047174356060095735, 0.0, 9.200903341169802, 9.248077697229897, 1.0, 0.0, 5.644438483028692, 6.644438483028692, 0.5
1.0209418837675355, 0.0, 1.0209418837675355, 6.681259357294609, -0.9689648746185635, 0.0, 3.652546108705713, 2.6835812340871494, 0.050910840249949976, 0.0, 9.258883281613288, 9.309794121863238, 1.0, 0.0, 5.681259357294609, 6.681259357294609, 0.5
1.0247494989979964, 0.0, 1.0247494989979964, 6.718197271620971, -0.9687639342644978, 0.0, 3.6879110348851887, 2.719147100620691, 0.054633415081677426, 0.0, 9.317038782147437, 9.371672197229115, 1.0, 0.0, 5.718197271620971, 6.718197271620971, 0.5
1.0285571142284573, 0.0, 1.0285571142284573, 6.7552522260077765, -0.9685488460946806, 0.0, 3.723497729066871, 2.75494888297219, 0.05834218372869858, 0.0, 9.375369842772255, 9.433712026500952, 1.0, 0.0, 5.7552522260077765, 6.7552522260077765, 0.5
1.0323647294589182, 0.0, 1.0323647294589182, 6.792424220455025, -0.9683196624831458, 0.0, 3.7593068597160344, 2.7909871972328886, 0.06203724822073266, 0.0, 9.433876463487735, 9.495913711708468, 1.0, 0.0, 5.792424220455025, 6.792424220455025, 0.5
1.0361723446893791, 0.0, 1.0361723446893791, 6.829713254962718, -0.968076435417588, 0.0, 3.7953390952979547, 2.8272626598803665, 0.06571870946063968, 0.0, 9.492558644293883, 9.558277353754523, 1.0, 0.0, 5.829713254962718, 6.829713254962718, 0.5
1.03997995991984, 0.0, 1.03997995991984, 6.867119329530856, -0.9678192165036218, 0.0, 3.8315951042779064, 2.8637758877742847, 0.0693866672409536, 0.0, 9.551416385190697, 9.62080305243165, 1.0, 0.0, 5.867119329530856, 6.867119329530856, 0.5
1.043787575150301, 0.0, 1.043787575150301, 6.904642444159436, -0.9675480569689782, 0.0, 3.868075555121165, 2.900527498152187, 0.0730412202601134, 0.0, 9.610449686178177, 9.68349090643829, 1.0, 0.0, 5.904642444159436, 6.904642444159436, 0.5
1.0475951903807619, 0.0, 1.0475951903807619, 6.942282598848462, -0.9672630076676398, 0.0, 3.9047811162930053, 2.9375181086253654, 0.07668246613839855, 0.0, 9.669658547256324, 9.746341013394723, 1.0, 0.0, 5.942282598848462, 6.942282598848462, 0.5
1.051402805611223, 0.0, 1.051402805611223, 6.980039793597933, -0.9669641190839173, 0.0, 3.941712456258705, 2.9747483371747876, 0.08031050143357579, 0.0, 9.729042968425137, 9.809353469858713, 1.0, 0.0, 5.980039793597933, 6.980039793597933, 0.5
1.0552104208416837, 0.0, 1.0552104208416837, 7.017914028407843, -0.9666514413364641, 0.0, 3.978870243483532, 3.012218802147068, 0.08392542165626175, 0.0, 9.788602949684611, 9.872528371340874, 1.0, 0.0, 6.017914028407843, 7.017914028407843, 0.5
1.0590180360721448, 0.0, 1.0590180360721448, 7.055905303278203, -0.9663250241822356, 0.0, 4.016255146432771, 3.0499301222505353, 0.0875273212850121, 0.0, 9.848338491034758, 9.93586581231977, 1.0, 0.0, 6.055905303278203, 7.055905303278203, 0.5
1.0628256513026058, 0.0, 1.0628256513026058, 7.094013618209003, -0.9659849170203915, 0.0, 4.053867833571689, 3.087882916551298, 0.09111629378113499, 0.0, 9.908249592475567, 9.999365886256703, 1.0, 0.0, 6.094013618209003, 7.094013618209003, 0.5
1.0666332665330667, 0.0, 1.0666332665330667, 7.132238973200248, -0.965631168896139, 0.0, 4.091708973365565, 3.1260778044694257, 0.0946924316032446, 0.0, 9.968336254007042, 10.063028685610286, 1.0, 0.0, 6.132238973200248, 7.132238973200248, 0.5
1.0704408817635276, 0.0, 1.0704408817635276, 7.170581368251936, -0.9652638285045254, 0.0, 4.129779234279673, 3.1645154057751474, 0.09825582622155217, 0.0, 10.028598475629183, 10.126854301850734, 1.0, 0.0, 6.170581368251936, 7.170581368251936, 0.5
1.0742484969939885, 0.0, 1.0742484969939885, 7.2090408033640685, -0.964882944194174, 0.0, 4.168079284779289, 3.203196340585115, 0.10180656813190449, 0.0, 10.089036257341988, 10.190842825473892, 1.0, 0.0, 6.2090408033640685, 7.2090408033640685, 0.5
1.0780561122244494, 0.0, 1.0780561122244494, 7.247617278536644, -0.9644885639709677, 0.0, 4.2066097933296875, 3.2421212293587196, 0.1053447468695739, 0.0, 10.149649599145462, 10.254994346015037, 1.0, 0.0, 6.247617278536644, 7.247617278536644, 0.5
1.0818637274549103, 0.0, 1.0818637274549103, 7.286310793769664, -0.9640807355016812, 0.0, 4.245371428396143, 3.281290692894462, 0.10887045102280511, 0.0, 10.210438501039599, 10.319308952062404, 1.0, 0.0, 6.286310793769664, 7.286310793769664, 0.5
1.0856713426853712, 0.0, 1.0856713426853712, 7.325121349063129, -0.96365950611756, 0.0, 4.284364858443932, 3.320705352326372, 0.11238376824612414, 0.0, 10.271402963024405, 10.38378673127053, 1.0, 0.0, 6.325121349063129, 7.325121349063129, 0.5
1.0894789579158322, 0.0, 1.0894789579158322, 7.364048944417036, -0.9632249228178529, 0.0, 4.323590751938328, 3.360365829120475, 0.11588478527341417, 0.0, 10.332542985099874, 10.448427770373288, 1.0, 0.0, 6.364048944417036, 7.364048944417036, 0.5
1.093286573146293, 0.0, 1.093286573146293, 7.403093579831388, -0.9627770322732909, 0.0, 4.363049777344607, 3.400272745071316, 0.11937358793076343, 0.0, 10.393858567266012, 10.513232155196775, 1.0, 0.0, 6.403093579831388, 7.403093579831388, 0.5
1.097094188376754, 0.0, 1.097094188376754, 7.4422552553061845, -0.9623158808295212, 0.0, 4.402742603128043, 3.4404267222985223, 0.12285026114908959, 0.0, 10.455349709522814, 10.578199970671903, 1.0, 0.0, 6.4422552553061845, 7.4422552553061845, 0.5
1.100901803607215, 0.0, 1.100901803607215, 7.481533970841424, -0.9618415145104907, 0.0, 4.442669897753913, 3.4808283832434226, 0.12631488897654564, 0.0, 10.51701641187028, 10.643331300846826, 1.0, 0.0, 6.481533970841424, 7.481533970841424, 0.5
1.1047094188376758, 0.0, 1.1047094188376758, 7.520929726437108, -0.9613539790217847, 0.0, 4.482832329687492, 3.5214783506657072, 0.12976755459071143, 0.0, 10.578858674308414, 10.708626228899126, 1.0, 0.0, 6.520929726437108, 7.520929726437108, 0.5
1.108517034068137, 0.0, 1.108517034068137, 7.560442522093238, -0.9608533197539185, 0.0, 4.523230567394055, 3.5623772476401365, 0.13320834031057574, 0.0, 10.640876496837217, 10.774084837147793, 1.0, 0.0, 6.560442522093238, 7.560442522093238, 0.5
1.1123246492985976, 0.0, 1.1123246492985976, 7.6000723578098075, -0.9603395817855847, 0.0, 4.563865279338872, 3.6035256975532874, 0.13663732760831182, 0.0, 10.70306987945668, 10.839707207064992, 1.0, 0.0, 6.6000723578098075, 7.6000723578098075, 0.5
1.1161322645290586, 0.0, 1.1161322645290586, 7.639819233586823, -0.9598128098868544, 0.0, 4.604737133987224, 3.6449243241003697, 0.14005459712085444, 0.0, 10.76543882216681, 10.905493419287666, 1.0, 0.0, 6.639819233586823, 7.639819233586823, 0.5
1.1199398797595195, 0.0, 1.1199398797595195, 7.679683149424282, -0.9592730485223367, 0.0, 4.645846799804385, 3.6865737512820482, 0.14346022866127617, 0.0, 10.827983324967608, 10.971443553628884, 1.0, 0.0, 6.679683149424282, 7.679683149424282, 0.5
1.1237474949899804, 0.0, 1.1237474949899804, 7.7196641053221855, -0.9587203418542938, 0.0, 4.68719494525563, 3.7284746034013363, 0.14685430122997334, 0.0, 10.890703387859071, 11.037557689089045, 1.0, 0.0, 6.7196641053221855, 7.7196641053221855, 0.5
1.1275551102204415, 0.0, 1.1275551102204415, 7.7597621012805345, -0.9581547337457146, 0.0, 4.728782238806234, 3.77062750506052, 0.15023689302566184, 0.0, 10.953599010841202, 11.103835903866864, 1.0, 0.0, 6.7597621012805345, 7.7597621012805345, 0.5
1.1313627254509024, 0.0, 1.1313627254509024, 7.799977137299326, -0.9575762677633465, 0.0, 4.770609348921472, 3.813033081158125, 0.15360808145618698, 0.0, 11.016670193913997, 11.170278275370185, 1.0, 0.0, 6.799977137299326, 7.799977137299326, 0.5
1.1351703406813631, 0.0, 1.1351703406813631, 7.840309213378559, -0.9569849871806861, 0.0, 4.812676944066614, 3.855691956885928, 0.1569679431491532, 0.0, 11.079916937077455, 11.236884880226608, 1.0, 0.0, 6.840309213378559, 7.840309213378559, 0.5
1.138977955911824, 0.0, 1.138977955911824, 7.880758329518239, -0.9563809349809305, 0.0, 4.8549856927069435, 3.8986047577260132, 0.1603165539623751, 0.0, 11.143339240331581, 11.303655794293956, 1.0, 0.0, 6.880758329518239, 7.880758329518239, 0.5
1.142785571142285, 0.0, 1.142785571142285, 7.921324485718361, -0.9557641538598886, 0.0, 4.897536263307731, 3.941772109447842, 0.163653988994153, 0.0, 11.206937103676374, 11.370591092670526, 1.0, 0.0, 6.921324485718361, 7.921324485718361, 0.5
1.146593186372746, 0.0, 1.146593186372746, 7.96200768197893, -0.955134686228854, 0.0, 4.940329324334255, 3.985194638105401, 0.16698032259337953, 0.0, 11.270710527111836, 11.437690849705216, 1.0, 0.0, 6.96200768197893, 7.96200768197893, 0.5
1.150400801603207, 0.0, 1.150400801603207, 8.00280791829994, -0.9544925742174392, 0.0, 4.983365544251786, 4.028872970034347, 0.1702956283694767, 0.0, 11.33465951063796, 11.504955139007437, 1.0, 0.0, 7.00280791829994, 8.00280791829994, 0.5
1.154208416833668, 0.0, 1.154208416833668, 8.043725194681397, -0.9538378596763724, 0.0, 5.026645591525601, 4.072807731849229, 0.17359997920217118, 0.0, 11.398784054254751, 11.572384033456922, 1.0, 0.0, 7.043725194681396, 8.043725194681397, 0.5
1.1580160320641286, 0.0, 1.1580160320641286, 8.084759511123291, -0.9531705841802577, 0.0, 5.070170134620973, 4.116999550440715, 0.1768934472511059, 0.0, 11.463084157962204, 11.639977605213309, 1.0, 0.0, 7.084759511123291, 8.084759511123291, 0.5
1.1618236472945895, 0.0, 1.1618236472945895, 8.125910867625635, -0.9524907890302995, 0.0, 5.113939842003182, 4.161449052972882, 0.1801761039652966, 0.0, 11.527559821760324, 11.70773592572562, 1.0, 0.0, 7.125910867625634, 8.125910867625635, 0.5
1.1656312625250507, 0.0, 1.1656312625250507, 8.167179264188423, -0.9517985152569893, 0.0, 5.1579553821375015, 4.206156866880512, 0.18344802009243116, 0.0, 11.592211045649117, 11.775659065741548, 1.0, 0.0, 7.167179264188423, 8.167179264188423, 0.5
1.1694388777555116, 0.0, 1.1694388777555116, 8.208564700811653, -0.9510938036227596, 0.0, 5.202217423489204, 4.251123619866444, 0.18670926568801843, 0.0, 11.65703782962857, 11.843747095316587, 1.0, 0.0, 7.208564700811652, 8.208564700811653, 0.5
1.1732464929859725, 0.0, 1.1732464929859725, 8.250067177495328, -0.9503766946246021, 0.0, 5.246726634523565, 4.296349939898963, 0.1899599101243894, 0.0, 11.722040173698689, 11.912000083823079, 1.0, 0.0, 7.250067177495327, 8.250067177495328, 0.5
1.1770541082164334, 0.0, 1.1770541082164334, 8.291686694239445, -0.9496472284966516, 0.0, 5.291483683705862, 4.341836455209211, 0.19320002209955067, 0.0, 11.787218077859475, 11.980418099959024, 1.0, 0.0, 7.291686694239446, 8.291686694239445, 0.5
1.180861723446894, 0.0, 1.180861723446894, 8.333423251044005, -0.9489054452127372, 0.0, 5.336489239501365, 4.387583794288627, 0.19642966964589603, 0.0, 11.85257154211092, 12.049001211756817, 1.0, 0.0, 7.333423251044005, 8.333423251044005, 0.5
1.1846693386773552, 0.0, 1.1846693386773552, 8.375276847909014, -0.9481513844889009, 0.0, 5.381743970375359, 4.433592585886458, 0.1996489201387781, 0.0, 11.918100566453043, 12.117749486591821, 1.0, 0.0, 7.375276847909014, 8.375276847909014, 0.5
1.1884769539078162, 0.0, 1.1884769539078162, 8.417247484834464, -0.9473850857858823, 0.0, 5.427248544793109, 4.479863459007227, 0.20285784030494047, 0.0, 11.983805150885825, 12.186662991190765, 1.0, 0.0, 7.417247484834464, 8.417247484834464, 0.5
1.192284569138277, 0.0, 1.192284569138277, 8.459335161820357, -0.946606588311573, 0.0, 5.473003631219894, 4.526397042908322, 0.20605649623081818, 0.0, 12.049685295409276, 12.255741791640094, 1.0, 0.0, 7.459335161820357, 8.459335161820357, 0.5
1.196092184368738, 0.0, 1.196092184368738, 8.501539878866694, -0.9458159310234391, 0.0, 5.51900989812099, 4.57319396709755, 0.20924495337070304, 0.0, 12.11574100002339, 12.324985953394092, 1.0, 0.0, 7.501539878866694, 8.501539878866694, 0.5
1.1998997995991991, 0.0, 1.1998997995991991, 8.543861635973478, -0.9450131526309123, 0.0, 5.565268013961673, 4.620254861330761, 0.21242327655478083, 0.0, 12.181972264728174, 12.394395541282954, 1.0, 0.0, 7.543861635973479, 8.543861635973478, 0.5
1.2037074148296598, 0.0, 1.2037074148296598, 8.586300433140703, -0.944198291597752, 0.0, 5.6117786472072115, 4.667580355609459, 0.2155915299970398, 0.0, 12.248379089523617, 12.463970619520657, 1.0, 0.0, 7.5863004331407025, 8.586300433140703, 0.5
1.2075150300601207, 0.0, 1.2075150300601207, 8.628856270368372, -0.9433713861443757, 0.0, 5.658542466322887, 4.715171080178511, 0.21874977730305656, 0.0, 12.314961474409728, 12.533711251712784, 1.0, 0.0, 7.628856270368372, 8.628856270368372, 0.5
1.2113226452905816, 0.0, 1.2113226452905816, 8.671529147656486, -0.9425324742501617, 0.0, 5.705560139773973, 4.763027665523811, 0.22189808147765655, 0.0, 12.381719419386508, 12.603617500864164, 1.0, 0.0, 7.671529147656485, 8.671529147656486, 0.5
1.2151302605210426, 0.0, 1.2151302605210426, 8.714319065005043, -0.9416815936557218, 0.0, 5.752832336025745, 4.811150742370023, 0.22503650493245647, 0.0, 12.44865292445395, 12.673689429386407, 1.0, 0.0, 7.714319065005042, 8.714319065005043, 0.5
1.2189378757515037, 0.0, 1.2189378757515037, 8.757226022414045, -0.9408187818651462, 0.0, 5.80035972354348, 4.8595409416783335, 0.22816510949328783, 0.0, 12.515761989612065, 12.743927099105353, 1.0, 0.0, 7.757226022414046, 8.757226022414045, 0.5
1.2227454909819646, 0.0, 1.2227454909819646, 8.800250019883492, -0.9399440761482194, 0.0, 5.848142970792447, 4.908198894644228, 0.23128395640750432, 0.0, 12.58304661486084, 12.814330571268345, 1.0, 0.0, 7.800250019883492, 8.800250019883492, 0.5
1.2265531062124253, 0.0, 1.2265531062124253, 8.843391057413378, -0.9390575135426097, 0.0, 5.896182746237923, 4.957125232695313, 0.2343931063511771, 0.0, 12.65050680020028, 12.884899906551457, 1.0, 0.0, 7.843391057413378, 8.843391057413378, 0.5
1.2303607214428862, 0.0, 1.2303607214428862, 8.886649135003712, -0.9381591308560303, 0.0, 5.944479718345187, 5.0063205874891565, 0.23749261943617733, 0.0, 12.718142545630386, 12.955635165066562, 1.0, 0.0, 7.886649135003711, 8.886649135003712, 0.5
1.2341683366733471, 0.0, 1.2341683366733471, 8.930024252654489, -0.9372489646683748, 0.0, 5.993034555579512, 5.055785590911137, 0.24058255521714889, 0.0, 12.78595385115116, 13.026536406368308, 1.0, 0.0, 7.930024252654489, 8.930024252654489, 0.5
1.2379759519038083, 0.0, 1.2379759519038083, 8.973516410365711, -0.9363270513338255, 0.0, 6.0418479264061755, 5.10552087507235, 0.24366297269837522, 0.0, 12.853940716762603, 13.097603689460978, 1.0, 0.0, 7.973516410365711, 8.973516410365711, 0.5
1.2417835671342692, 0.0, 1.2417835671342692, 9.017125608137377, -0.9353934269829364, 0.0, 6.090920499290447, 5.15552707230751, 0.24673393034053898, 0.0, 12.92210314246471, 13.16883707280525, 1.0, 0.0, 8.017125608137375, 9.017125608137375, 0.5
1.24559118236473, 0.0, 1.24559118236473, 9.060851845969484, -0.9344481275246895, 0.0, 6.140252942697605, 5.2058048151729155, 0.24979548606738022, 0.0, 12.99044112825748, 13.24023661432486, 1.0, 0.0, 8.060851845969484, 9.060851845969484, 0.5
1.2493987975951908, 0.0, 1.2493987975951908, 9.104695123862035, -0.933491188648528, 0.0, 6.1898459250929205, 5.2563547364443926, 0.25284769727225076, 0.0, 13.058954674140912, 13.311802371413163, 1.0, 0.0, 8.104695123862035, 9.104695123862035, 0.5
1.2532064128256517, 0.0, 1.2532064128256517, 9.14865544181503, -0.9325226458263619, 0.0, 6.239700114941675, 5.307177469115313, 0.25589062082457115, 0.0, 13.127643780115015, 13.383534400939586, 1.0, 0.0, 8.14865544181503, 9.14865544181503, 0.5
1.2570140280561128, 0.0, 1.2570140280561128, 9.192732799828473, -0.9315425343145524, 0.0, 6.289816180709145, 5.358273646394593, 0.2589243130761874, 0.0, 13.196508446179788, 13.455432759255975, 1.0, 0.0, 8.192732799828475, 9.192732799828475, 0.5
1.2608216432865738, 0.0, 1.2608216432865738, 9.236927197902359, -0.93055088915587, 0.0, 6.340194790860597, 5.409643901704727, 0.2619488298676326, 0.0, 13.265548672335225, 13.527497502202857, 1.0, 0.0, 8.236927197902359, 9.236927197902359, 0.5
1.2646292585170347, 0.0, 1.2646292585170347, 9.281238636036687, -0.9295477451814292, 0.0, 6.390836613861312, 5.461288868679883, 0.2649642265342953, 0.0, 13.334764458581324, 13.599728685115618, 1.0, 0.0, 8.281238636036688, 9.281238636036688, 0.5
1.2684368737474956, 0.0, 1.2684368737474956, 9.325667114231459, -0.9285331370126008, 0.0, 6.441742318176562, 5.513209181163961, 0.26797055791249297, 0.0, 13.40415580491809, 13.672126362830584, 1.0, 0.0, 8.325667114231459, 9.325667114231459, 0.5
1.2722444889779563, 0.0, 1.2722444889779563, 9.370212632486673, -0.9275070990629005, 0.0, 6.492912572271621, 5.56540547320872, 0.27096787834545594, 0.0, 13.47372271134552, 13.744690589690975, 1.0, 0.0, 8.370212632486671, 9.370212632486671, 0.5
1.2760521042084174, 0.0, 1.2760521042084174, 9.414875190802336, -0.9264696655398559, 0.0, 6.544348044611773, 5.617878379071917, 0.2739562416892221, 0.0, 13.54346517786362, 13.817421419552842, 1.0, 0.0, 8.414875190802336, 9.414875190802336, 0.5
1.2798597194388783, 0.0, 1.2798597194388783, 9.45965478917844, -0.9254208704468487, 0.0, 6.596049403662283, 5.670628533215434, 0.27693570131844153, 0.0, 13.613383204472386, 13.890318905790828, 1.0, 0.0, 8.459654789178439, 9.459654789178439, 0.5
1.2836673346693392, 0.0, 1.2836673346693392, 9.504551427614988, -0.924360747584939, 0.0, 6.648017317888431, 5.7236565703034925, 0.2799063101320984, 0.0, 13.683476791171815, 13.963383101303913, 1.0, 0.0, 8.504551427614988, 9.504551427614988, 0.5
1.2874749498998002, 0.0, 1.2874749498998002, 9.549565106111979, -0.9232893305546637, 0.0, 6.70025245575549, 5.776963125200826, 0.2828681205591454, 0.0, 13.753745937961911, 14.036614058521057, 1.0, 0.0, 8.549565106111979, 9.549565106111979, 0.5
1.291282565130261, 0.0, 1.291282565130261, 9.594695824669415, -0.9222066527578171, 0.0, 6.752755485728737, 5.83054883297092, 0.28582118456405586, 0.0, 13.824190644842673, 14.110011829406728, 1.0, 0.0, 8.594695824669415, 9.594695824669415, 0.5
1.295090180360722, 0.0, 1.295090180360722, 9.639943583287295, -0.921112747399208, 0.0, 6.805527076273445, 5.884414328874237, 0.28876555365229456, 0.0, 13.894810911814101, 14.183576465466396, 1.0, 0.0, 8.639943583287295, 9.639943583287295, 0.5
1.298897795591183, 0.0, 1.298897795591183, 9.68530838196562, -0.9200076474883976, 0.0, 6.8585678958548915, 5.938560248366494, 0.2917012788757075, 0.0, 13.965606738876193, 14.257308017751901, 1.0, 0.0, 8.68530838196562, 9.68530838196562, 0.5
1.3027054108216438, 0.0, 1.3027054108216438, 9.730790220704385, -0.918891385841416, 0.0, 6.911878612938349, 5.992987227096933, 0.29462841083783337, 0.0, 14.036578126028953, 14.331206536866786, 1.0, 0.0, 8.730790220704385, 9.730790220704385, 0.5
1.3065130260521047, 0.0, 1.3065130260521047, 9.776389099503596, -0.9177639950824606, 0.0, 6.965459895989094, 6.047695900906633, 0.29754699969913695, 0.0, 14.107725073272379, 14.405272072971515, 1.0, 0.0, 8.776389099503596, 9.776389099503596, 0.5
1.3103206412825659, 0.0, 1.3103206412825659, 9.822105018363255, -0.9166255076455717, 0.0, 7.019312413472404, 6.1026869058268325, 0.3004570951821671, 0.0, 14.179047580606472, 14.47950467578864, 1.0, 0.0, 8.822105018363255, 9.822105018363255, 0.5
1.3141282565130268, 0.0, 1.3141282565130268, 9.867937977283354, -0.9154759557762913, 0.0, 7.073436833853551, 6.15796087807726, 0.30335874657663886, 0.0, 14.25054564803123, 14.553904394607867, 1.0, 0.0, 8.867937977283354, 9.867937977283354, 0.5
1.3179358717434875, 0.0, 1.3179358717434875, 9.913887976263894, -0.9143153715333008, 0.0, 7.127833825597804, 6.213518454064504, 0.30625200274444325, 0.0, 14.322219275546649, 14.628471278291093, 1.0, 0.0, 8.913887976263894, 9.913887976263894, 0.5
1.3217434869739484, 0.0, 1.3217434869739484, 9.959955015304882, -0.9131437867900412, 0.0, 7.1825040571704495, 6.2693602703804086, 0.30913691212458444, 0.0, 14.394068463152738, 14.703205375277323, 1.0, 0.0, 8.959955015304882, 9.959955015304882, 0.5
1.3255511022044093, 0.0, 1.3255511022044093, 10.006139094406313, -0.9119612332363136, 0.0, 7.237448197036757, 6.325486963800444, 0.3120135227380447, 0.0, 14.466093210849493, 14.778106733587538, 1.0, 0.0, 9.006139094406313, 10.006139094406313, 0.5
1.3293587174348704, 0.0, 1.3293587174348704, 10.05244021356819, -0.9107677423798622, 0.0, 7.292666913662007, 6.381899171282145, 0.31488188219258156, 0.0, 14.538293518636918, 14.8531754008295, 1.0, 0.0, 9.05244021356819, 10.05244021356819, 0.5
1.3331663326653314, 0.0, 1.3331663326653314, 10.09885837279051, -0.9095633455479384, 0.0, 7.348160875511466, 6.438597529963528, 0.31774203768745435, 0.0, 14.610669386515003, 14.928411424202457, 1.0, 0.0, 9.09885837279051, 10.09885837279051, 0.5
1.3369739478957923, 0.0, 1.3369739478957923, 10.145393572073273, -0.9083480738888468, 0.0, 7.403930751050412, 6.495582677161565, 0.32059403601808545, 0.0, 14.683220814483757, 15.003814850501843, 1.0, 0.0, 9.145393572073273, 10.145393572073273, 0.5
1.340781563126253, 0.0, 1.340781563126253, 10.192045811416476, -0.9071219583734749, 0.0, 7.459977208744119, 6.552855250370644, 0.32343792358065343, 0.0, 14.755947802543169, 15.079385726123823, 1.0, 0.0, 9.192045811416476, 10.192045811416476, 0.5
1.3445891783567139, 0.0, 1.3445891783567139, 10.238815090820125, -0.9058850297968044, 0.0, 7.516300917057866, 6.610415887261062, 0.3262737463766224, 0.0, 14.828850350693253, 15.155124097069876, 1.0, 0.0, 9.238815090820125, 10.238815090820125, 0.5
1.348396793587175, 0.0, 1.348396793587175, 10.285701410284224, -0.9046373187794051, 0.0, 7.57290254445693, 6.668265225677525, 0.32910155001720615, 0.0, 14.901928458934009, 15.231030008951215, 1.0, 0.0, 9.285701410284224, 10.285701410284224, 0.5
1.352204408817636, 0.0, 1.352204408817636, 10.332704769808762, -0.9033788557689129, 0.0, 7.629782759406581, 6.726403903637668, 0.3319213797277698, 0.0, 14.975182127265423, 15.307103506993194, 1.0, 0.0, 9.332704769808762, 10.332704769808762, 0.5
1.3560120240480968, 0.0, 1.3560120240480968, 10.379825169393744, -0.9021096710414913, 0.0, 7.686942230372092, 6.784832559330601, 0.33473328035217037, 0.0, 15.048611355687505, 15.383344636039675, 1.0, 0.0, 9.379825169393744, 10.379825169393744, 0.5
1.3598196392785578, 0.0, 1.3598196392785578, 10.42706260903917, -0.9008297947032742, 0.0, 7.744381625818744, 6.8435518311154695, 0.33753729635703544, 0.0, 15.122216144200252, 15.459753440557288, 1.0, 0.0, 9.42706260903917, 10.42706260903917, 0.5
1.3636272545090184, 0.0, 1.3636272545090184, 10.474417088745039, -0.8995392566917958, 0.0, 7.802101614211805, 6.90256235752001, 0.34033347183598217, 0.0, 15.19599649280366, 15.536329964639643, 1.0, 0.0, 9.474417088745039, 10.474417088745039, 0.5
1.3674348697394796, 0.0, 1.3674348697394796, 10.521888608511354, -0.8982380867774016, 0.0, 7.860102864016562, 6.96186477723916, 0.3431218505137785, 0.0, 15.269952401497745, 15.613074252011524, 1.0, 0.0, 9.521888608511354, 10.521888608511354, 0.5
1.3712424849699405, 0.0, 1.3712424849699405, 10.569477168338112, -0.8969263145646468, 0.0, 7.918386043698279, 7.021459729133632, 0.3459024757504442, 0.0, 15.344083870282489, 15.689986346032933, 1.0, 0.0, 9.569477168338112, 10.569477168338112, 0.5
1.3750501002004014, 0.0, 1.3750501002004014, 10.617182768225316, -0.8956039694936754, 0.0, 7.976951821722235, 7.08134785222856, 0.3486753905452979, 0.0, 15.418390899157902, 15.7670662897032, 1.0, 0.0, 9.617182768225314, 10.617182768225314, 0.5
1.3788577154308623, 0.0, 1.3788577154308623, 10.66500540817296, -0.8942710808415871, 0.0, 8.035800866553705, 7.141529785712118, 0.3514406375409464, 0.0, 15.492873488123978, 15.844314125664924, 1.0, 0.0, 9.66500540817296, 10.66500540817296, 0.5
1.3826653306613232, 0.0, 1.3826653306613232, 10.71294508818105, -0.8929276777237883, 0.0, 8.094933846657964, 7.202006168934176, 0.35419825902721913, 0.0, 15.567531637180721, 15.92172989620794, 1.0, 0.0, 9.71294508818105, 10.71294508818105, 0.5
1.3864729458917842, 0.0, 1.3864729458917842, 10.761001808249585, -0.8915737890953267, 0.0, 8.154351430500286, 7.262777641404959, 0.35694829694504904, 0.0, 15.642365346328129, 15.999313643273178, 1.0, 0.0, 9.761001808249585, 10.761001808249585, 0.5
1.390280561122245, 0.0, 1.390280561122245, 10.809175568378562, -0.8902094437522137, 0.0, 8.214054286545949, 7.323844842793735, 0.3596907928902999, 0.0, 15.717374615566204, 16.077065408456505, 1.0, 0.0, 9.809175568378562, 10.809175568378562, 0.5
1.394088176352706, 0.0, 1.394088176352706, 10.857466368567984, -0.8888346703327304, 0.0, 8.274043083260224, 7.3852084129274935, 0.36242578811754145, 0.0, 15.792559444894945, 16.154985233012486, 1.0, 0.0, 9.857466368567984, 10.857466368567984, 0.5
1.397895791583167, 0.0, 1.397895791583167, 10.905874208817849, -0.8874494973187205, 0.0, 8.334318489108389, 7.446868991789668, 0.3651533235437727, 0.0, 15.86791983431435, 16.233073157858122, 1.0, 0.0, 9.905874208817849, 10.905874208817849, 0.5
1.4017034068136278, 0.0, 1.4017034068136278, 10.954399089128158, -0.886053953036868, 0.0, 8.394881172555719, 7.508827219518851, 0.36787343975209524, 0.0, 15.943455783824422, 16.311329223576518, 1.0, 0.0, 9.954399089128158, 10.954399089128158, 0.5
1.405511022044089, 0.0, 1.405511022044089, 11.003041009498913, -0.8846480656599622, 0.0, 8.455731802067492, 7.571083736407529, 0.3705861769953362, 0.0, 16.019167293425166, 16.3897534704205, 1.0, 0.0, 10.003041009498913, 11.003041009498913, 0.5
1.4093186372745496, 0.0, 1.4093186372745496, 11.051799969930109, -0.8832318632081485, 0.0, 8.516871046108971, 7.633639182900822, 0.37329157519962186, 0.0, 16.095054363116564, 16.468345938316187, 1.0, 0.0, 10.051799969930109, 11.051799969930109, 0.5
1.4131262525050106, 0.0, 1.4131262525050106, 11.100675970421749, -0.8818053735501645, 0.0, 8.578299573145443, 7.6964941995952785, 0.37598967396790484, 0.0, 16.171116992898632, 16.547106666866537, 1.0, 0.0, 10.100675970421749, 11.100675970421749, 0.5
1.4169338677354715, 0.0, 1.4169338677354715, 11.149669010973833, -0.8803686244045654, 0.0, 8.640018051642182, 7.759649427237616, 0.37868051258344115, 0.0, 16.24735518277137, 16.62603569535481, 1.0, 0.0, 10.149669010973833, 11.149669010973833, 0.5
1.4207414829659326, 0.0, 1.4207414829659326, 11.198779091586363, -0.8789216433409339, 0.0, 8.702027150064463, 7.823105506723529, 0.3813641300132227, 0.0, 16.323768932734772, 16.705133062747993, 1.0, 0.0, 10.198779091586363, 11.198779091586363, 0.5
1.4245490981963935, 0.0, 1.4245490981963935, 11.24800621225934, -0.8774644577810782, 0.0, 8.764327536877556, 7.886863079096477, 0.3840405649113628, 0.0, 16.400358242788844, 16.784398807700207, 1.0, 0.0, 10.24800621225934, 11.24800621225934, 0.5
1.4283567134268544, 0.0, 1.4283567134268544, 11.297350372992756, -0.8759970950002168, 0.0, 8.826919880546736, 7.95092278554652, 0.38670985562243715, 0.0, 16.477123112933576, 16.863832968556014, 1.0, 0.0, 10.297350372992756, 11.297350372992756, 0.5
1.4321643286573151, 0.0, 1.4321643286573151, 11.346811573786614, -0.874519582128151, 0.0, 8.889804849537281, 8.01528526740913, 0.38937204018477983, 0.0, 16.554063543168972, 16.943435583353754, 1.0, 0.0, 10.346811573786614, 11.346811573786614, 0.5
1.435971943887776, 0.0, 1.435971943887776, 11.396389814640917, -0.8730319461504239, 0.0, 8.952983112314467, 8.079951166164044, 0.39202715633373614, 0.0, 16.631179533495036, 17.023206689828772, 1.0, 0.0, 10.396389814640917, 11.396389814640917, 0.5
1.4397795591182372, 0.0, 1.4397795591182372, 11.44608509555567, -0.8715342139094697, 0.0, 9.016455337343574, 8.144921123434104, 0.3946752415048714, 0.0, 16.708471083911775, 17.103146325416645, 1.0, 0.0, 10.44608509555567, 11.44608509555567, 0.5
1.443587174348698, 0.0, 1.443587174348698, 11.49589741653086, -0.8700264121057476, 0.0, 9.080222193089867, 8.210195780984119, 0.39731633283713774, 0.0, 16.785938194419167, 17.183254527256306, 1.0, 0.0, 10.49589741653086, 11.49589741653086, 0.5
1.447394789579159, 0.0, 1.447394789579159, 11.545826777566498, -0.8685085672988657, 0.0, 9.144284348018624, 8.275775780719759, 0.39995046717600036, 0.0, 16.863580865017234, 17.263531332193235, 1.0, 0.0, 10.545826777566498, 11.545826777566498, 0.5
1.45120240480962, 0.0, 1.45120240480962, 11.595873178662577, -0.8669807059086921, 0.0, 9.208642470595121, 8.34166176468643, 0.4025776810765211, 0.0, 16.941399095705957, 17.34397677678248, 1.0, 0.0, 10.595873178662577, 11.595873178662577, 0.5
1.4550100200400806, 0.0, 1.4550100200400806, 11.6460366198191, -0.8654428542164567, 0.0, 9.273297229284632, 8.407854375068174, 0.40519801080640205, 0.0, 17.01939288648535, 17.42459089729175, 1.0, 0.0, 10.6460366198191, 11.6460366198191, 0.5
1.4588176352705418, 0.0, 1.4588176352705418, 11.696317101036072, -0.8638950383658367, 0.0, 9.33824929255244, 8.474354254186604, 0.4078114923489906, 0.0, 17.097562237355415, 17.505373729704406, 1.0, 0.0, 10.696317101036072, 11.696317101036072, 0.5
1.4626252505010027, 0.0, 1.4626252505010027, 11.746714622313483, -0.8623372843640359, 0.0, 9.40349932886381, 8.541162044499773, 0.41041816140624277, 0.0, 17.17590714831614, 17.58632530972238, 1.0, 0.0, 10.746714622313483, 11.746714622313483, 0.5
1.4664328657314636, 0.0, 1.4664328657314636, 11.79722918365134, -0.8607696180828499, 0.0, 9.46904800668402, 8.60827838860117, 0.41301805340165093, 0.0, 17.254427619367533, 17.667445672769183, 1.0, 0.0, 10.79722918365134, 11.79722918365134, 0.5
1.4702404809619245, 0.0, 1.4702404809619245, 11.847860785049638, -0.8591920652597208, 0.0, 9.534895994478347, 8.675703929218626, 0.4156112034831316, 0.0, 17.33312365050959, 17.748734853992723, 1.0, 0.0, 10.847860785049638, 11.847860785049638, 0.5
1.4740480961923854, 0.0, 1.4740480961923854, 11.898609426508383, -0.857604651498781, 0.0, 9.601043960712063, 8.743439309213283, 0.4181976465258765, 0.0, 17.411995241742314, 17.83019288826819, 1.0, 0.0, 10.898609426508383, 11.898609426508383, 0.5
1.4778557114228463, 0.0, 1.4778557114228463, 11.94947510802757, -0.8560074022718863, 0.0, 9.667492573850447, 8.81148517157856, 0.42077741713516703, 0.0, 17.491042393065705, 17.91181981020087, 1.0, 0.0, 10.94947510802757, 11.94947510802757, 0.5
1.4816633266533072, 0.0, 1.4816633266533072, 12.000457829607202, -0.8544003429196385, 0.0, 9.734242502358772, 8.879842159439132, 0.42335054964915214, 0.0, 17.57026510447976, 17.993615654128913, 1.0, 0.0, 11.000457829607202, 12.000457829607202, 0.5
1.4854709418837682, 0.0, 1.4854709418837682, 12.051557591247278, -0.8527834986523967, 0.0, 9.801294414702312, 8.948510916049916, 0.4259170781415909, 0.0, 17.64966337598448, 18.075580454126072, 1.0, 0.0, 11.051557591247278, 12.051557591247278, 0.5
1.489278557114229, 0.0, 1.489278557114229, 12.102774392947797, -0.85115689455128, 0.0, 9.868648979346343, 9.017492084795062, 0.42847703642455964, 0.0, 17.729237207579867, 18.157714244004428, 1.0, 0.0, 11.102774392947797, 12.102774392947797, 0.5
1.49308617234469, 0.0, 1.49308617234469, 12.154108234708762, -0.8495205555691576, 0.0, 9.93630686475614, 9.086786309186984, 0.4310304580511249, 0.0, 17.80898659926592, 18.240017057317047, 1.0, 0.0, 11.154108234708762, 12.154108234708762, 0.5
1.4968937875751511, 0.0, 1.4968937875751511, 12.205559116530171, -0.8478745065316303, 0.0, 10.004268739396984, 9.156394232865354, 0.4335773763179821, 0.0, 17.888911551042646, 18.322488927360627, 1.0, 0.0, 11.205559116530171, 12.205559116530171, 0.5
1.5007014028056118, 0.0, 1.5007014028056118, 12.257127038412019, -0.8462187721380026, 0.0, 10.072535271734136, 9.226316499596134, 0.43611782426806023, 0.0, 17.969012062910025, 18.405129887178084, 1.0, 0.0, 11.257127038412019, 12.257127038412019, 0.5
1.5045090180360727, 0.0, 1.5045090180360727, 12.308812000354314, -0.8445533769622422, 0.0, 10.141107130232882, 9.29655375327064, 0.4386518346930953, 0.0, 18.049288134868075, 18.48793996956117, 1.0, 0.0, 11.308812000354314, 12.308812000354314, 0.5
1.5083166332665336, 0.0, 1.5083166332665336, 12.360614002357053, -0.8428783454539336, 0.0, 10.209984983358495, 9.367106637904563, 0.4411794401361686, 0.0, 18.129739766916792, 18.57091920705296, 1.0, 0.0, 11.360614002357053, 12.360614002357053, 0.5
1.5121242484969948, 0.0, 1.5121242484969948, 12.41253304442024, -0.8411937019392187, 0.0, 10.279169499576255, 9.437975797637037, 0.4437006728942153, 0.0, 18.21036695905618, 18.654067631950397, 1.0, 0.0, 11.41253304442024, 12.41253304442024, 0.5
1.5159318637274557, 0.0, 1.5159318637274557, 12.464569126543866, -0.8394994706217298, 0.0, 10.348661347351428, 9.509161876729697, 0.44621556502049975, 0.0, 18.29116971128623, 18.73738527630673, 1.0, 0.0, 11.464569126543866, 12.464569126543866, 0.5
1.5197394789579166, 0.0, 1.5197394789579166, 12.516722248727936, -0.8377956755835131, 0.0, 10.418461195149291, 9.580665519565779, 0.4487241483270617, 0.0, 18.372148023606943, 18.820872171934006, 1.0, 0.0, 11.516722248727936, 12.516722248727936, 0.5
1.5235470941883773, 0.0, 1.5235470941883773, 12.568992410972449, -0.8360823407859417, 0.0, 10.488569711435119, 9.652487370649178, 0.45122645438712966, 0.0, 18.453301896018317, 18.904528350405446, 1.0, 0.0, 11.568992410972449, 12.568992410972449, 0.5
1.5273547094188382, 0.0, 1.5273547094188382, 12.621379613277409, -0.8343594900706208, 0.0, 10.558987564674192, 9.72462807460357, 0.4537225145375062, 0.0, 18.534631328520362, 18.98835384305787, 1.0, 0.0, 11.621379613277409, 12.621379613277409, 0.5
1.5311623246492994, 0.0, 1.5311623246492994, 12.673883855642812, -0.832627147160284, 0.0, 10.629715423331785, 9.7970882761715, 0.45621235988092196, 0.0, 18.616136321113082, 19.072348680994004, 1.0, 0.0, 11.673883855642812, 12.673883855642812, 0.5
1.5349699398797603, 0.0, 1.5349699398797603, 12.72650513806866, -0.8308853356596798, 0.0, 10.700753955873168, 9.869868620213488, 0.4586960212883609, 0.0, 18.697816873796462, 19.156512895084823, 1.0, 0.0, 11.72650513806866, 12.72650513806866, 0.5
1.5387775551102212, 0.0, 1.5387775551102212, 12.77924346055495, -0.8291340790564483, 0.0, 10.772103830763616, 9.942969751707167, 0.4611735294013577, 0.0, 18.779672986570503, 19.24084651597186, 1.0, 0.0, 11.77924346055495, 12.77924346055495, 0.5
1.542585170340682, 0.0, 1.542585170340682, 12.832098823101685, -0.8273734007219927, 0.0, 10.843765716468408, 10.016392315746415, 0.4636449146342655, 0.0, 18.861704659435212, 19.325349574069477, 1.0, 0.0, 11.832098823101685, 12.832098823101685, 0.5
1.5463927855711428, 0.0, 1.5463927855711428, 12.88507122570886, -0.8256033239123386, 0.0, 10.915740281452813, 10.090136957540475, 0.4661102071764961, 0.0, 18.943911892390584, 19.41002209956708, 1.0, 0.0, 11.88507122570886, 12.88507122570886, 0.5
1.550200400801604, 0.0, 1.550200400801604, 12.938160668376485, -0.8238238717689864, 0.0, 10.988028194182117, 10.16420432241313, 0.46856943699473336, 0.0, 19.02629468543663, 19.494864122431363, 1.0, 0.0, 11.938160668376485, 12.938160668376485, 0.5
1.5540080160320648, 0.0, 1.5540080160320648, 12.99136715110455, -0.8220350673197561, 0.0, 11.060630123121587, 10.23859505580183, 0.47102263383511755, 0.0, 19.108853038573336, 19.579875672408456, 1.0, 0.0, 11.99136715110455, 12.99136715110455, 0.5
1.5578156312625258, 0.0, 1.5578156312625258, 13.04469067389306, -0.8202369334796218, 0.0, 11.133546736736498, 10.313309803256876, 0.4734698272254055, 0.0, 19.191586951800712, 19.665056779026116, 1.0, 0.0, 12.04469067389306, 13.04469067389306, 0.5
1.5616232464929867, 0.0, 1.5616232464929867, 13.098131236742013, -0.8184294930515398, 0.0, 11.206778703492128, 10.38834921044059, 0.4759110464771022, 0.0, 19.27449642511875, 19.75040747159585, 1.0, 0.0, 12.098131236742013, 13.098131236742013, 0.5
1.5654308617234476, 0.0, 1.5654308617234476, 13.151688839651413, -0.8166127687272677, 0.0, 11.280326691853752, 10.463713923126484, 0.4783463206875678, 0.0, 19.357581458527456, 19.835927779215023, 1.0, 0.0, 12.151688839651413, 13.151688839651413, 0.5
1.5692384769539085, 0.0, 1.5692384769539085, 13.205363482621253, -0.8147867830881761, 0.0, 11.35419137028664, 10.539404587198465, 0.4807756787420986, 0.0, 19.440842052026824, 19.921617730768922, 1.0, 0.0, 12.205363482621253, 13.205363482621253, 0.5
1.5730460921843694, 0.0, 1.5730460921843694, 13.25915516565154, -0.8129515586060521, 0.0, 11.428373407256073, 10.615421848650021, 0.4831991493159822, 0.0, 19.52427820561686, 20.007477354932842, 1.0, 0.0, 12.25915516565154, 13.25915516565154, 0.5
1.5768537074148303, 0.0, 1.5768537074148303, 13.313063888742269, -0.8111071176438942, 0.0, 11.502873471227325, 10.69176635358343, 0.4856167608765291, 0.0, 19.607889919297563, 20.09350668017409, 1.0, 0.0, 12.313063888742269, 13.313063888742269, 0.5
1.5806613226452912, 0.0, 1.5806613226452912, 13.36708965189344, -0.8092534824567024, 0.0, 11.577692230665669, 10.768438748208967, 0.4880285416850786, 0.0, 19.69167719306893, 20.17970573475401, 1.0, 0.0, 12.36708965189344, 13.36708965189344, 0.5
1.5844689378757522, 0.0, 1.5844689378757522, 13.421232455105061, -0.8073906751922558, 0.0, 11.65283035403638, 10.845439678844125, 0.4904345197989812, 0.0, 19.775640026930965, 20.266074546729946, 1.0, 0.0, 12.421232455105061, 13.421232455105061, 0.5
1.5882765531062133, 0.0, 1.5882765531062133, 13.475492298377123, -0.8055187178918883, 0.0, 11.728288509804742, 10.922769791912852, 0.49283472307355747, 0.0, 19.85977842088367, 20.352613143957228, 1.0, 0.0, 12.475492298377123, 13.475492298377123, 0.5
1.592084168336674, 0.0, 1.592084168336674, 13.529869181709627, -0.803637632491253, 0.0, 11.804067366436012, 11.00042973394476, 0.49522917916403164, 0.0, 19.944092374927035, 20.439321554091066, 1.0, 0.0, 12.529869181709627, 13.529869181709627, 0.5
1.595891783567135, 0.0, 1.595891783567135, 13.584363105102575, -0.8017474408210795, 0.0, 11.880167592395479, 11.078420151574399, 0.49761791552744583, 0.0, 20.028581889061062, 20.526199804588508, 1.0, 0.0, 12.584363105102575, 13.584363105102575, 0.5
1.5996993987975958, 0.0, 1.5996993987975958, 13.638974068555967, -0.7998481646079268, 0.0, 11.956589856148414, 11.156741691540487, 0.500000959424547, 0.0, 20.11324696328576, 20.613247922710308, 1.0, 0.0, 12.638974068555967, 13.638974068555967, 0.5
1.6035070140280567, 0.0, 1.6035070140280567, 13.693702072069806, -0.7979398254749259, 0.0, 12.033334826160093, 11.235395000685168, 0.5023783379216549, 0.0, 20.198087597601127, 20.700465935522782, 1.0, 0.0, 12.693702072069806, 13.693702072069806, 0.5
1.6073146292585179, 0.0, 1.6073146292585179, 13.74854711564409, -0.7960224449425165, 0.0, 12.110403170895797, 11.31438072595328, 0.504750077892506, 0.0, 20.28310379200716, 20.787853869899667, 1.0, 0.0, 12.74854711564409, 13.74854711564409, 0.5
1.6111222444889788, 0.0, 1.6111222444889788, 13.803509199278814, -0.794096044429178, 0.0, 12.187795558820788, 11.39369951439161, 0.5071162060200763, 0.0, 20.368295546503855, 20.87541175252393, 1.0, 0.0, 12.803509199278814, 13.803509199278814, 0.5
1.6149298597194395, 0.0, 1.6149298597194395, 13.85858832297398, -0.7921606452521512, 0.0, 12.265512658400343, 11.473352013148192, 0.5094767487983827, 0.0, 20.45366286109121, 20.963139609889595, 1.0, 0.0, 12.85858832297398, 13.85858832297398, 0.5
1.6187374749499004, 0.0, 1.6187374749499004, 13.913784486729593, -0.7902162686281543, 0.0, 12.34355513809975, 11.553338869471597, 0.5118317325342633, 0.0, 20.539205735769237, 21.051037468303498, 1.0, 0.0, 12.913784486729593, 13.913784486729593, 0.5
1.6225450901803615, 0.0, 1.6225450901803615, 13.969097690545652, -0.7882629356740934, 0.0, 12.421923666384277, 11.633660730710183, 0.5141811833491355, 0.0, 20.624924170537938, 21.13910535388707, 1.0, 0.0, 12.969097690545652, 13.969097690545652, 0.5
1.6263527054108224, 0.0, 1.6263527054108224, 14.024527934422153, -0.7863006674077645, 0.0, 12.500618911719195, 11.71431824431143, 0.5165251271807353, 0.0, 20.710818165397296, 21.22734329257803, 1.0, 0.0, 13.024527934422153, 14.024527934422153, 0.5
1.6301603206412834, 0.0, 1.6301603206412834, 14.080075218359095, -0.7843294847485494, 0.0, 12.579641542569783, 11.795312057821235, 0.518863589784835, 0.0, 20.79688772034732, 21.315751310132157, 1.0, 0.0, 13.080075218359095, 14.080075218359095, 0.5
1.6339679358717443, 0.0, 1.6339679358717443, 14.135739542356488, -0.7823494085181053, 0.0, 12.658992227401313, 11.876642818883209, 0.521196596736942, 0.0, 20.883132835388015, 21.404329432124957, 1.0, 0.0, 13.135739542356488, 14.135739542356488, 0.5
1.637775551102205, 0.0, 1.637775551102205, 14.191520906414315, -0.7803604594410493, 0.0, 12.738671634679061, 11.958311175238013, 0.5235241734339756, 0.0, 20.969553510519365, 21.49307768395334, 1.0, 0.0, 13.191520906414315, 14.191520906414315, 0.5
1.641583166332666, 0.0, 1.641583166332666, 14.247419310532596, -0.7783626581456327, 0.0, 12.81868043286831, 12.040317774722677, 0.5258463450959281, 0.0, 21.05614974574139, 21.58199609083732, 1.0, 0.0, 13.247419310532596, 14.247419310532596, 0.5
1.645390781563127, 0.0, 1.645390781563127, 14.303434754711315, -0.7763560251644139, 0.0, 12.899019290434326, 12.122663265269912, 0.528163136767502, 0.0, 21.14292154105408, 21.671084677821582, 1.0, 0.0, 13.303434754711315, 14.303434754711315, 0.5
1.649198396793588, 0.0, 1.649198396793588, 14.35956723895048, -0.774340580934922, 0.0, 12.979688875842385, 12.205348294907463, 0.5304745733197328, 0.0, 21.229868896457432, 21.760343469777165, 1.0, 0.0, 13.35956723895048, 14.35956723895048, 0.5
1.6530060120240488, 0.0, 1.6530060120240488, 14.415816763250088, -0.7723163458003144, 0.0, 13.060689857557762, 12.288373511757447, 0.5327806794515891, 0.0, 21.316991811951453, 21.849772491403044, 1.0, 0.0, 13.415816763250088, 14.415816763250088, 0.5
1.6568136272545098, 0.0, 1.6568136272545098, 14.472183327610137, -0.7702833400100295, 0.0, 13.142022904045737, 12.371739564035707, 0.5350814796915578, 0.0, 21.40429028753614, 21.939371767227698, 1.0, 0.0, 13.472183327610137, 14.472183327610137, 0.5
1.6606212424849707, 0.0, 1.6606212424849707, 14.528666932030633, -0.7682415837204326, 0.0, 13.22368868377158, 12.455447100051149, 0.5373769983992087, 0.0, 21.491764323211488, 22.029141321610695, 1.0, 0.0, 13.528666932030633, 14.528666932030633, 0.5
1.6644288577154316, 0.0, 1.6644288577154316, 14.585267576511573, -0.7661910969954568, 0.0, 13.305687865200566, 12.53949676820511, 0.5396672597667416, 0.0, 21.579413918977508, 22.11908117874425, 1.0, 0.0, 13.585267576511573, 14.585267576511573, 0.5
1.6682364729458925, 0.0, 1.6682364729458925, 14.641985261052959, -0.7641318998072363, 0.0, 13.388021116797976, 12.62388921699074, 0.5419522878205169, 0.0, 21.667239074834193, 22.20919136265471, 1.0, 0.0, 13.641985261052959, 14.641985261052959, 0.5
1.6720440881763534, 0.0, 1.6720440881763534, 14.698819985654787, -0.7620640120367355, 0.0, 13.470689107029077, 12.708625094992342, 0.5442321064225675, 0.0, 21.75523979078154, 22.299471897204107, 1.0, 0.0, 13.698819985654787, 14.698819985654787, 0.5
1.6758517034068143, 0.0, 1.6758517034068143, 14.755771750317058, -0.759987453474372, 0.0, 13.553692504359153, 12.793705050884782, 0.5465067392720939, 0.0, 21.843416066819557, 22.38992280609165, 1.0, 0.0, 13.755771750317058, 14.755771750317058, 0.5
1.6796593186372755, 0.0, 1.6796593186372755, 14.812840555039775, -0.7579022438206336, 0.0, 13.637031977253475, 12.87912973343284, 0.5487762099069426, 0.0, 21.93176790294824, 22.480544112855185, 1.0, 0.0, 13.812840555039775, 14.812840555039775, 0.5
1.6834669338677362, 0.0, 1.6834669338677362, 14.870026399822931, -0.7558084026866905, 0.0, 13.720708194177309, 12.964899791490618, 0.5510405417050671, 0.0, 22.020295299167586, 22.571335840872653, 1.0, 0.0, 13.870026399822931, 14.870026399822931, 0.5
1.687274549098197, 0.0, 1.687274549098197, 14.927329284666534, -0.7537059495949994, 0.0, 13.804721823595944, 13.051015874000944, 0.5532997578859736, 0.0, 22.1089982554776, 22.662298013363575, 1.0, 0.0, 13.927329284666534, 14.927329284666534, 0.5
1.691082164328658, 0.0, 1.691082164328658, 14.984749209570582, -0.7515949039799062, 0.0, 13.88907353397465, 13.137478629994742, 0.555553881512149, 0.0, 22.197876771878278, 22.753430653390428, 1.0, 0.0, 13.984749209570582, 14.984749209570582, 0.5
1.694889779559119, 0.0, 1.694889779559119, 15.042286174535073, -0.7494752851882408, 0.0, 13.973763993778697, 13.224288708590455, 0.5578029354904736, 0.0, 22.28693084836962, 22.844733783860097, 1.0, 0.0, 14.042286174535073, 15.042286174535073, 0.5
1.69869739478958, 0.0, 1.69869739478958, 15.09994017956001, -0.747347112479906, 0.0, 14.058793871473373, 13.311446758993467, 0.5600469425736178, 0.0, 22.376160484951633, 22.93620742752525, 1.0, 0.0, 14.09994017956001, 15.09994017956001, 0.5
1.702505010020041, 0.0, 1.702505010020041, 15.15771122464539, -0.7452104050284628, 0.0, 14.14416383552394, 13.398953430495478, 0.5622859253614234, 0.0, 22.465565681624312, 23.027851606985735, 1.0, 0.0, 14.15771122464539, 15.15771122464539, 0.5
1.7063126252505016, 0.0, 1.7063126252505016, 15.215599309791209, -0.7430651819217092, 0.0, 14.229874554395675, 13.486809372473965, 0.5645199063022693, 0.0, 22.555146438387652, 23.11966634468992, 1.0, 0.0, 14.215599309791209, 15.215599309791209, 0.5
1.7101202404809626, 0.0, 1.7101202404809626, 15.273604434997477, -0.7409114621622552, 0.0, 14.315926696553857, 13.575015234391602, 0.5667489076944218, 0.0, 22.64490275524166, 23.21165166293608, 1.0, 0.0, 14.273604434997477, 15.273604434997477, 0.5
1.7139278557114235, 0.0, 1.7139278557114235, 15.331726600264185, -0.7387492646680905, 0.0, 14.402320930463762, 13.663571665795672, 0.5689729516873697, 0.0, 22.73483463218633, 23.303807583873702, 1.0, 0.0, 14.331726600264185, 15.331726600264185, 0.5
1.7177354709418846, 0.0, 1.7177354709418846, 15.389965805591345, -0.7365786082731498, 0.0, 14.489057924590668, 13.752479316317519, 0.5711920602831458, 0.0, 22.824942069221677, 23.396134129504823, 1.0, 0.0, 14.389965805591345, 15.389965805591345, 0.5
1.7215430861723455, 0.0, 1.7215430861723455, 15.448322050978945, -0.734399511727871, 0.0, 14.576138347399839, 13.841738835671968, 0.5734062553376318, 0.0, 22.915225066347684, 23.488631321685315, 1.0, 0.0, 14.448322050978945, 15.448322050978945, 0.5
1.7253507014028064, 0.0, 1.7253507014028064, 15.506795336426986, -0.7322119936997493, 0.0, 14.663562867356555, 13.931350873656806, 0.5756155585618506, 0.0, 23.005683623564355, 23.581299182126205, 1.0, 0.0, 14.506795336426986, 15.506795336426986, 0.5
1.7291583166332671, 0.0, 1.7291583166332671, 15.565385661935467, -0.7300160727738867, 0.0, 14.751332152926087, 14.0213160801522, 0.5778199915232435, 0.0, 23.096317740871687, 23.67413773239493, 1.0, 0.0, 14.565385661935467, 15.565385661935467, 0.5
1.7329659318637283, 0.0, 1.7329659318637283, 15.6240930275044, -0.7278117674535353, 0.0, 14.83944687257373, 14.111635105120195, 0.5800195756469338, 0.0, 23.187127418269693, 23.767146993916626, 1.0, 0.0, 14.6240930275044, 15.6240930275044, 0.5
1.7367735470941892, 0.0, 1.7367735470941892, 15.682917433133774, -0.7255990961606388, 0.0, 14.927907694764734, 14.202308598604095, 0.582214332216975, 0.0, 23.278112655758363, 23.860326987975338, 1.0, 0.0, 14.682917433133774, 15.682917433133774, 0.5
1.74058116232465, 0.0, 1.74058116232465, 15.741858878823594, -0.7233780772363648, 0.0, 15.016715287964388, 14.293337210728023, 0.5844042823775881, 0.0, 23.3692734533377, 23.95367773571529, 1.0, 0.0, 14.741858878823594, 15.741858878823594, 0.5
1.744388777555111, 0.0, 1.744388777555111, 15.800917364573856, -0.721148728941637, 0.0, 15.105870320637962, 14.384721591696325, 0.5865894471343827, 0.0, 23.4606098110077, 24.047199258142083, 1.0, 0.0, 14.800917364573856, 15.800917364573856, 0.5
1.748196392785572, 0.0, 1.748196392785572, 15.860092890384562, -0.7189110694576588, 0.0, 15.195373461250735, 14.476462391793076, 0.5887698473555665, 0.0, 23.55212172876837, 24.140891576123938, 1.0, 0.0, 14.860092890384562, 15.860092890384562, 0.5
1.7520040080160328, 0.0, 1.7520040080160328, 15.91938545625571, -0.7166651168864363, 0.0, 15.285225378267976, 14.56856026138154, 0.5909455037731409, 0.0, 23.6438092066197, 24.234754710392842, 1.0, 0.0, 14.91938545625571, 15.91938545625571, 0.5
1.7558116232464938, 0.0, 1.7558116232464938, 15.978795062187306, -0.7144108892512929, 0.0, 15.375426740154968, 14.661015850903675, 0.5931164369840838, 0.0, 23.735672244561698, 24.32878868154578, 1.0, 0.0, 14.978795062187306, 15.978795062187306, 0.5
1.7596192384769547, 0.0, 1.7596192384769547, 16.038321708179343, -0.7121484044973819, 0.0, 15.465978215376978, 14.753829810879596, 0.5952826674515194, 0.0, 23.827710842594364, 24.422993510045885, 1.0, 0.0, 15.038321708179343, 16.038321708179343, 0.5
1.7634268537074156, 0.0, 1.7634268537074156, 16.097965394231824, -0.709877680492194, 0.0, 15.556880472399287, 14.847002791907093, 0.5974442155058757, 0.0, 23.919925000717697, 24.51736921622357, 1.0, 0.0, 15.097965394231824, 16.097965394231824, 0.5
1.7672344689378765, 0.0, 1.7672344689378765, 16.15772612034475, -0.7075987350260605, 0.0, 15.648134179687169, 14.940535444661108, 0.5996011013460293, 0.0, 24.01231471893169, 24.61191582027772, 1.0, 0.0, 15.15772612034475, 16.157726120344748, 0.5
1.7710420841683376, 0.0, 1.7710420841683376, 16.217603886518123, -0.705311585812651, 0.0, 15.739740005705901, 15.03442841989325, 0.6017533450404383, 0.0, 24.10487999723636, 24.7066333422768, 1.0, 0.0, 15.217603886518123, 16.217603886518123, 0.5
1.7748496993987983, 0.0, 1.7748496993987983, 16.277598692751933, -0.7030162504894696, 0.0, 15.831698618920745, 15.128682368431276, 0.6039009665282615, 0.0, 24.19762083563168, 24.801521802159943, 1.0, 0.0, 15.277598692751933, 16.277598692751933, 0.5
1.7786573146292592, 0.0, 1.7786573146292592, 16.33771053904619, -0.7007127466183434, 0.0, 15.924010687796994, 15.22329794117865, 0.6060439856204685, 0.0, 24.29053723411768, 24.896581219738145, 1.0, 0.0, 15.33771053904619, 16.337710539046192, 0.5
1.7824649298597202, 0.0, 1.7824649298597202, 16.397939425400892, -0.6984010916859099, 0.0, 16.016676880799913, 15.318275789114004, 0.6081824220009344, 0.0, 24.383629192694336, 24.99181161469527, 1.0, 0.0, 15.397939425400892, 16.397939425400892, 0.5
1.786272545090181, 0.0, 1.786272545090181, 16.458285351816038, -0.6960813031040975, 0.0, 16.109697866394782, 15.413616563290685, 0.6103162952275262, 0.0, 24.47689671136166, 25.087213006589188, 1.0, 0.0, 15.458285351816036, 16.458285351816038, 0.5
1.7900801603206422, 0.0, 1.7900801603206422, 16.518748318291628, -0.6937533982106046, 0.0, 16.203074313046876, 15.509320914836271, 0.612445624733175, 0.0, 24.57033979011966, 25.182785414852837, 1.0, 0.0, 15.518748318291628, 16.518748318291628, 0.5
1.7938877755511031, 0.0, 1.7938877755511031, 16.57932832482766, -0.6914173942693724, 0.0, 16.29680688922146, 15.605389494952089, 0.6145704298269378, 0.0, 24.663958428968318, 25.278528858795255, 1.0, 0.0, 15.579328324827662, 16.579328324827664, 0.5
1.7976953907815638, 0.0, 1.7976953907815638, 16.640025371424137, -0.689073308471055, 0.0, 16.39089626338382, 15.701822954912764, 0.616690729695049, 0.0, 24.757752627907635, 25.374443357602683, 1.0, 0.0, 15.640025371424137, 16.640025371424137, 0.5
1.8015030060120247, 0.0, 1.8015030060120247, 16.700839458081056, -0.6867211579334841, 0.0, 16.485343103999224, 15.79862194606574, 0.6188065434019596, 0.0, 24.851722386937624, 25.470528930339583, 1.0, 0.0, 15.700839458081056, 16.700839458081056, 0.5
1.8053106212424856, 0.0, 1.8053106212424856, 16.76177058479842, -0.6843609597021326, 0.0, 16.580148079532954, 15.895787119830821, 0.6209178898913648, 0.0, 24.945867706058277, 25.566785595949643, 1.0, 0.0, 15.76177058479842, 16.76177058479842, 0.5
1.8091182364729468, 0.0, 1.8091182364729468, 16.822818751576232, -0.6819927307505708, 0.0, 16.67531185845029, 15.993319127699719, 0.6230247879872228, 0.0, 25.040188585269604, 25.663213373256827, 1.0, 0.0, 15.822818751576232, 16.822818751576232, 0.5
1.8129258517034077, 0.0, 1.8129258517034077, 16.883983958414486, -0.6796164879809208, 0.0, 16.770835109216492, 16.09121862123557, 0.6251272563947612, 0.0, 25.134685024571592, 25.759812280966354, 1.0, 0.0, 15.883983958414486, 16.883983958414486, 0.5
1.8167334669338686, 0.0, 1.8167334669338686, 16.94526620531318, -0.6772322482243074, 0.0, 16.86671850029684, 16.189486252072534, 0.6272253137014735, 0.0, 25.229357023964244, 25.856582337665717, 1.0, 0.0, 15.945266205313182, 16.94526620531318, 0.5
1.8205410821643293, 0.0, 1.8205410821643293, 17.00666549227232, -0.6748400282413036, 0.0, 16.96296270015661, 16.288122671915307, 0.6293189783781051, 0.0, 25.32420458344756, 25.953523561825666, 1.0, 0.0, 16.00666549227232, 17.00666549227232, 0.5
1.8243486973947902, 0.0, 1.8243486973947902, 17.0681818192919, -0.6724398447223737, 0.0, 17.05956837726108, 16.387128532538707, 0.6314082687796294, 0.0, 25.41922770302154, 26.05063597180117, 1.0, 0.0, 16.0681818192919, 17.0681818192919, 0.5
1.8281563126252514, 0.0, 1.8281563126252514, 17.129815186371935, -0.6700317142883118, 0.0, 17.156536200075532, 16.486504485787222, 0.6334932031462127, 0.0, 25.5144263826862, 26.147919585832412, 1.0, 0.0, 16.129815186371935, 17.129815186371935, 0.5
1.8319639278557123, 0.0, 1.8319639278557123, 17.191565593512408, -0.6676156534906784, 0.0, 17.253866837065225, 16.586251183574547, 0.6355737996041696, 0.0, 25.609800622441515, 26.245374422045685, 1.0, 0.0, 16.191565593512408, 17.191565593512408, 0.5
1.8357715430861732, 0.0, 1.8357715430861732, 17.253433040713322, -0.6651916788122305, 0.0, 17.35156095669544, 16.68636927788321, 0.6376500761669092, 0.0, 25.705350422287495, 26.343000498454405, 1.0, 0.0, 16.253433040713322, 17.253433040713322, 0.5
1.839579158316634, 0.0, 1.839579158316634, 17.315417527974684, -0.6627598066673508, 0.0, 17.449619227431455, 16.786859420764106, 0.6397220507358703, 0.0, 25.801075782224142, 26.440797832960012, 1.0, 0.0, 16.315417527974684, 17.315417527974684, 0.5
1.843386773547095, 0.0, 1.843386773547095, 17.377519055296485, -0.6603200534024714, 0.0, 17.548042317738545, 16.887722264336073, 0.641789741101448, 0.0, 25.896976702251457, 26.538766443352905, 1.0, 0.0, 16.377519055296485, 17.377519055296485, 0.5
1.847194388777556, 0.0, 1.847194388777556, 17.439737622678734, -0.6578724352964959, 0.0, 17.646830896081983, 16.988958460785486, 0.6438531649439097, 0.0, 25.99305318236944, 26.63690634731335, 1.0, 0.0, 16.439737622678734, 17.439737622678734, 0.5
1.8510020040080168, 0.0, 1.8510020040080168, 17.502073230121425, -0.6554169685612166, 0.0, 17.745985630927045, 17.09056866236583, 0.6459123398343021, 0.0, 26.089305222578087, 26.735217562412387, 1.0, 0.0, 16.502073230121425, 17.502073230121425, 0.5
1.8548096192384778, 0.0, 1.8548096192384778, 17.56452587762456, -0.6529536693417277, 0.0, 17.845507190739003, 17.192553521397276, 0.6479672832353498, 0.0, 26.185732822877394, 26.833700106112744, 1.0, 0.0, 16.56452587762456, 17.56452587762456, 0.5
1.8586172344689387, 0.0, 1.8586172344689387, 17.627095565188142, -0.6504825537168377, 0.0, 17.94539624398314, 17.294913690266302, 0.6500180125023431, 0.0, 26.282335983267373, 26.932353995769716, 1.0, 0.0, 16.627095565188142, 17.627095565188142, 0.5
1.8624248496993998, 0.0, 1.8624248496993998, 17.68978229281217, -0.6480036376994754, 0.0, 18.04565345912473, 17.397649821425254, 0.6520645448840178, 0.0, 26.379114703748023, 27.03117924863204, 1.0, 0.0, 16.68978229281217, 17.68978229281217, 0.5
1.8662324649298605, 0.0, 1.8662324649298605, 17.752586060496633, -0.6455169372370955, 0.0, 18.14627950462903, 17.500762567391938, 0.654106897523425, 0.0, 26.476068984319326, 27.130175881842753, 1.0, 0.0, 16.752586060496633, 17.752586060496633, 0.5
1.8700400801603214, 0.0, 1.8700400801603214, 17.815506868241542, -0.6430224682120769, 0.0, 18.247275048961335, 17.604252580749257, 0.6561450874587942, 0.0, 26.5731988249813, 27.229343912440093, 1.0, 0.0, 16.815506868241542, 17.815506868241542, 0.5
1.8738476953907823, 0.0, 1.8738476953907823, 17.8785447160469, -0.6405202464421228, 0.0, 18.348640760586918, 17.708120514144795, 0.6581791316243847, 0.0, 26.67050422573394, 27.328683357358322, 1.0, 0.0, 16.8785447160469, 17.8785447160469, 0.5
1.8776553106212432, 0.0, 1.8776553106212432, 17.9416996039127, -0.6380102876806533, 0.0, 18.45037730797105, 17.812367020290395, 0.6602090468513305, 0.0, 26.76798518657725, 27.42819423342858, 1.0, 0.0, 16.9416996039127, 17.9416996039127, 0.5
1.8814629258517044, 0.0, 1.8814629258517044, 18.004971531838944, -0.6354926076171975, 0.0, 18.55248535957901, 17.91699275196181, 0.6622348498684759, 0.0, 26.865641707511227, 27.527876557379702, 1.0, 0.0, 17.004971531838944, 18.004971531838944, 0.5
1.8852705410821653, 0.0, 1.8852705410821653, 18.06836049982563, -0.6329672218777805, 0.0, 18.654965583876063, 18.021998361998282, 0.6642565573032024, 0.0, 26.963473788535868, 27.62773034583907, 1.0, 0.0, 17.06836049982563, 18.06836049982563, 0.5
1.889078156312626, 0.0, 1.889078156312626, 18.131866507872758, -0.6304341460253093, 0.0, 18.75781864932749, 18.12738450330218, 0.6662741856822477, 0.0, 27.061481429651163, 27.72775561533341, 1.0, 0.0, 17.131866507872758, 18.131866507872758, 0.5
1.892885771543087, 0.0, 1.892885771543087, 18.195489555980334, -0.6278933955599522, 0.0, 18.861045224398566, 18.233151828838615, 0.6682877514325171, 0.0, 27.159664630857133, 27.82795238228965, 1.0, 0.0, 17.195489555980334, 18.195489555980334, 0.5
1.8966933867735478, 0.0, 1.8966933867735478, 18.259229644148352, -0.6253449859195207, 0.0, 18.96464597755457, 18.33930099163505, 0.6702972708818842, 0.0, 27.258023392153774, 27.92832066303566, 1.0, 0.0, 17.259229644148352, 18.259229644148352, 0.5
1.900501002004009, 0.0, 1.900501002004009, 18.32308677237682, -0.6227889324798423, 0.0, 19.068621577260778, 18.445832644780936, 0.6723027602599871, 0.0, 27.35655771354108, 28.028860473801068, 1.0, 0.0, 17.32308677237682, 18.32308677237682, 0.5
1.9043086172344699, 0.0, 1.9043086172344699, 18.387060940665727, -0.6202252505551348, 0.0, 19.17297269198246, 18.552747441427325, 0.6743042356990139, 0.0, 27.45526759501905, 28.129571830718064, 1.0, 0.0, 17.387060940665727, 18.387060940665727, 0.5
1.9081162324649308, 0.0, 1.9081162324649308, 18.451152149015076, -0.6176539553983742, 0.0, 19.277699990184885, 18.66004603478651, 0.6763017132344814, 0.0, 27.55415303658768, 28.23045474982216, 1.0, 0.0, 17.451152149015076, 18.451152149015076, 0.5
1.9119238476953915, 0.0, 1.9119238476953915, 18.515360397424868, -0.6150750622016629, 0.0, 19.382804140333334, 18.767729078131673, 0.6782952088060064, 0.0, 27.653214038246972, 28.331509247052978, 1.0, 0.0, 17.515360397424868, 18.515360397424868, 0.5
1.9157314629258524, 0.0, 1.9157314629258524, 18.579685685895104, -0.6124885860965923, 0.0, 19.48828581089309, 18.875797224796496, 0.6802847382580685, 0.0, 27.75245059999694, 28.43273533825501, 1.0, 0.0, 17.579685685895104, 18.579685685895104, 0.5
1.9195390781563135, 0.0, 1.9195390781563135, 18.64412801442579, -0.6098945421546045, 0.0, 19.594145670329425, 18.98425112817482, 0.6822703173407658, 0.0, 27.851862721837577, 28.534133039178343, 1.0, 0.0, 17.64412801442579, 18.64412801442579, 0.5
1.9233466933867744, 0.0, 1.9233466933867744, 18.708687383016915, -0.6072929453873498, 0.0, 19.700384387107604, 19.093091441720254, 0.6842519617105628, 0.0, 27.951450403768874, 28.635702365479435, 1.0, 0.0, 17.708687383016915, 18.708687383016915, 0.5
1.9271543086172354, 0.0, 1.9271543086172354, 18.773363791668487, -0.604683810747041, 0.0, 19.80700262969291, 19.20231881894587, 0.6862296869310317, 0.0, 28.051213645790835, 28.737443332721867, 1.0, 0.0, 17.773363791668487, 18.773363791668487, 0.5
1.9309619238476963, 0.0, 1.9309619238476963, 18.8381572403805, -0.6020671531268076, 0.0, 19.914001066550615, 19.311933913423807, 0.6882035084735854, 0.0, 28.151152447903463, 28.839355956377048, 1.0, 0.0, 17.8381572403805, 18.8381572403805, 0.5
1.934769539078157, 0.0, 1.934769539078157, 18.903067729152955, -0.5994429873610436, 0.0, 20.02138036614599, 19.421937378784946, 0.6901734417182033, 0.0, 28.251266810106756, 28.94144025182496, 1.0, 0.0, 17.903067729152955, 18.903067729152955, 0.5
1.938577154308618, 0.0, 1.938577154308618, 18.968095257985862, -0.5968113282257544, 0.0, 20.12914119694433, 19.532329868718577, 0.6921395019541517, 0.0, 28.351556732400724, 29.043696234354876, 1.0, 0.0, 17.968095257985862, 18.968095257985862, 0.5
1.942384769539079, 0.0, 1.942384769539079, 19.033239826879207, -0.5941721904389023, 0.0, 20.23728422741089, 19.643112036971985, 0.6941017043806942, 0.0, 28.452022214785348, 29.146123919166044, 1.0, 0.0, 18.033239826879207, 19.033239826879207, 0.5
1.94619238476954, 0.0, 1.94619238476954, 19.098501435832993, -0.5915255886607466, 0.0, 20.345810126010946, 19.7542845373502, 0.6960600641077975, 0.0, 28.55266325726064, 29.248723321368438, 1.0, 0.0, 18.098501435832993, 19.098501435832993, 0.5
1.9500000000000008, 0.0, 1.9500000000000008, 19.16388008484723, -0.5888715374941822, 0.0, 20.454719561209778, 19.865848023715596, 0.6980145961568298, 0.0, 28.653479859826604, 29.351494455983435, 1.0, 0.0, 18.16388008484723, 19.16388008484723, 0.5
